unique_code,species_acronym,mother_tree,plot_id,block,subblock,n_leaves,n_leaves_damaged,total_damage,leaf_count_flag,died,days_at_risk,toughness,chl_ug_cm2,fresh_weight_g,dry_weight_g,treatment,age_2026,implied_age,age_flag_mismatch,age_flag_unverified_og_age,age_flag,forest_1km,distance_forest,distance_edge,elevation,n_leaves_undamaged,severity_prop,severity_prop_sv
CH-MT4-P29,CH,4,XP201-PR,1,A,6,5,0.5,FALSE,0,201,NA,NA,NA,NA,Early regeneration,0,2,TRUE,FALSE,TRUE,0.39,78,0,379,1,0.005,0.005105521210829247
PA-MT3-P12,PA,3,XP201-PR,1,A,102,65,1,FALSE,0,344,NA,NA,NA,NA,Early regeneration,0,2,TRUE,FALSE,TRUE,0.39,78,0,379,37,0.01,0.01010445534001279
OP-MT9-P38,OP,9,XP201-PR,1,A,22,16,0.5,FALSE,0,344,NA,NA,NA,NA,Early regeneration,0,2,TRUE,FALSE,TRUE,0.39,78,0,379,6,0.005,0.005105521210829247
BG-MT5-P4,BG,5,XP201-PR,1,A,3,2,10,FALSE,0,35,NA,NA,NA,NA,Early regeneration,0,2,TRUE,FALSE,TRUE,0.39,78,0,379,1,0.1,0.10008526966531657
EA-MT5-P33,EA,5,XP201-PR,1,A,22,8,0.5,FALSE,0,104,NA,NA,NA,NA,Early regeneration,0,2,TRUE,FALSE,TRUE,0.39,78,0,379,14,0.005,0.005105521210829247
IS-MT2-P61,IS,2,XP201-PR,1,A,11,11,15,FALSE,0,344,NA,NA,NA,NA,Early regeneration,0,2,TRUE,FALSE,TRUE,0.39,78,0,379,0,0.15,0.150074610957152
AE-MT4-P24,AE,4,XP201-PR,1,A,6,4,2.5,FALSE,0,35,NA,NA,NA,NA,Early regeneration,0,2,TRUE,FALSE,TRUE,0.39,78,0,379,2,0.025,0.025101257727563418
BS-MT5-P38,BS,5,XP201-PR,1,A,4,3,12.5,FALSE,0,104,NA,NA,NA,NA,Early regeneration,0,2,TRUE,FALSE,TRUE,0.39,78,0,379,1,0.125,0.1250799403112343
BU-MT1-P7,BU,1,XP201-PR,1,A,11,3,0.5,FALSE,0,294,NA,NA,NA,NA,Early regeneration,0,2,TRUE,FALSE,TRUE,0.39,78,0,379,8,0.005,0.005105521210829247
VB-MT4-P16,VB,4,XP201-PR,1,A,14,3,0.5,FALSE,0,35,NA,NA,NA,NA,Early regeneration,0,2,TRUE,FALSE,TRUE,0.39,78,0,379,11,0.005,0.005105521210829247
BG-MT1-P12,BG,1,XP201-PR,1,A,NA,NA,NA,FALSE,1,201,NA,NA,NA,NA,Early regeneration,0,2,TRUE,FALSE,TRUE,0.39,78,0,379,NA,NA,NA
PG-MT5-P41,PG,5,XP201-PR,1,A,6,3,0.5,FALSE,0,35,NA,NA,NA,NA,Early regeneration,0,2,TRUE,FALSE,TRUE,0.39,78,0,379,3,0.005,0.005105521210829247
CP-MT3-P3,CP,3,XP201-PR,1,B,6,6,1,FALSE,0,294,NA,NA,NA,NA,Early regeneration,0,2,TRUE,FALSE,TRUE,0.39,78,0,379,0,0.01,0.01010445534001279
PA-MT6-P102,PA,6,XP201-PR,1,B,8,6,5,FALSE,0,35,NA,NA,NA,NA,Early regeneration,0,2,TRUE,FALSE,TRUE,0.39,78,0,379,2,0.05,0.05009592837348113
IS-MT5-P2,IS,5,XP201-PR,1,B,8,7,2.5,FALSE,0,344,NA,NA,NA,NA,Early regeneration,0,2,TRUE,FALSE,TRUE,0.39,78,0,379,1,0.025,0.025101257727563418
BU-MT1-P22,BU,1,XP201-PR,1,B,9,0,0,FALSE,0,294,NA,NA,NA,NA,Early regeneration,0,2,TRUE,FALSE,TRUE,0.39,78,0,379,9,0,1.0658708164570453e-4
CH-MT2-P11,CH,2,XP201-PR,1,B,10,9,2.5,FALSE,0,201,NA,NA,NA,NA,Early regeneration,0,2,TRUE,FALSE,TRUE,0.39,78,0,379,1,0.025,0.025101257727563418
OP-MT7-P13,OP,7,XP201-PR,1,B,61,24,1,FALSE,0,294,NA,NA,NA,NA,Early regeneration,0,2,TRUE,FALSE,TRUE,0.39,78,0,379,37,0.01,0.01010445534001279
BP-MT1-P18,BP,1,XP201-PR,1,B,2,2,0.5,FALSE,0,35,NA,NA,NA,NA,Early regeneration,0,2,TRUE,FALSE,TRUE,0.39,78,0,379,0,0.005,0.005105521210829247
AE-MT2-P17,AE,2,XP201-PR,1,B,20,8,1,FALSE,0,35,NA,NA,NA,NA,Early regeneration,0,2,TRUE,FALSE,TRUE,0.39,78,0,379,12,0.01,0.01010445534001279
BS-MT6-P8,BS,6,XP201-PR,1,B,5,2,7.5,FALSE,0,201,NA,NA,NA,NA,Early regeneration,0,2,TRUE,FALSE,TRUE,0.39,78,0,379,3,0.075,0.07509059901939885
EA-MT1-P34,EA,1,XP201-PR,1,B,16,1,0.5,FALSE,0,104,NA,NA,NA,NA,Early regeneration,0,2,TRUE,FALSE,TRUE,0.39,78,0,379,15,0.005,0.005105521210829247
BG-MT3-P21,BG,3,XP201-PR,1,B,78,54,2.5,FALSE,0,201,1.99,33.31450329051778,1.307,0.336,Early regeneration,0,2,TRUE,FALSE,TRUE,0.39,78,0,379,24,0.025,0.025101257727563418
VB-MT3-P20,VB,3,XP201-PR,1,B,27,4,0.5,FALSE,0,35,NA,NA,NA,NA,Early regeneration,0,2,TRUE,FALSE,TRUE,0.39,78,0,379,23,0.005,0.005105521210829247
DC-MT5-P76,DC,5,XP201-PR,1,B,3,2,0.5,FALSE,0,35,NA,NA,NA,NA,Early regeneration,0,2,TRUE,FALSE,TRUE,0.39,78,0,379,1,0.005,0.005105521210829247
PG-MT4-P89,PG,4,XP201-PR,1,B,4,1,0.5,FALSE,0,35,NA,NA,NA,NA,Early regeneration,0,2,TRUE,FALSE,TRUE,0.39,78,0,379,3,0.005,0.005105521210829247
AE-MT4-P27,AE,4,XP201-PR,1,C,13,7,0.5,FALSE,0,35,NA,NA,NA,NA,Early regeneration,0,2,TRUE,FALSE,TRUE,0.39,78,0,379,6,0.005,0.005105521210829247
BG-MT4-P15,BG,4,XP201-PR,1,C,119,62,2.5,FALSE,0,201,NA,NA,NA,NA,Early regeneration,0,2,TRUE,FALSE,TRUE,0.39,78,0,379,57,0.025,0.025101257727563418
DC-MT3-P29,DC,3,XP201-PR,1,C,6,2,0.5,FALSE,0,201,NA,NA,NA,NA,Early regeneration,0,2,TRUE,FALSE,TRUE,0.39,78,0,379,4,0.005,0.005105521210829247
BS-MT7-P13,BS,7,XP201-PR,1,C,5,3,10,FALSE,0,201,NA,NA,NA,NA,Early regeneration,0,2,TRUE,FALSE,TRUE,0.39,78,0,379,2,0.1,0.10008526966531657
CH-MT4-P61,CH,4,XP201-PR,1,C,3,3,80,FALSE,0,201,1.07,25.052342348786755,3.317,0.72,Early regeneration,0,2,TRUE,FALSE,TRUE,0.39,78,0,379,0,0.8,0.7999360477510126
IS-MT4-P56,IS,4,XP201-PR,1,C,20,20,25,FALSE,0,294,4.7625,47.37971242925549,3.193,1.254,Early regeneration,0,2,TRUE,FALSE,TRUE,0.39,78,0,379,0,0.25,0.25005329354082284
PA-MT6-P30,PA,6,XP201-PR,1,C,304,94,0.5,FALSE,0,294,1.5549999999999997,36.163286748700145,1.657,0.404,Early regeneration,0,2,TRUE,FALSE,TRUE,0.39,78,0,379,210,0.005,0.005105521210829247
CP-MT1-P46,CP,1,XP201-PR,1,C,8,5,1,FALSE,0,201,NA,NA,NA,NA,Early regeneration,0,2,TRUE,FALSE,TRUE,0.39,78,0,379,3,0.01,0.01010445534001279
VB-MT5-P12,VB,5,XP201-PR,1,C,34,1,0.5,FALSE,0,35,2.02,25.86473994266734,1.523,0.33,Early regeneration,0,2,TRUE,FALSE,TRUE,0.39,78,0,379,33,0.005,0.005105521210829247
MC-MT1-P6,MC,1,XP201-PR,1,C,15,12,2.5,FALSE,0,201,1.3725,25.428348428417614,2.799,0.597,Early regeneration,0,2,TRUE,FALSE,TRUE,0.39,78,0,379,3,0.025,0.025101257727563418
BU-MT1-P20,BU,1,XP201-PR,1,C,NA,NA,NA,FALSE,0,104,NA,NA,NA,NA,Early regeneration,0,2,TRUE,FALSE,TRUE,0.39,78,0,379,NA,NA,NA
BP-MT2-P53,BP,2,XP201-PR,1,C,NA,NA,NA,FALSE,1,35,NA,NA,NA,NA,Early regeneration,0,2,TRUE,FALSE,TRUE,0.39,78,0,379,NA,NA,NA
PG-MT3-P62,PG,3,XP201-PR,1,C,3,1,1,FALSE,0,35,NA,NA,NA,NA,Early regeneration,0,2,TRUE,FALSE,TRUE,0.39,78,0,379,2,0.01,0.01010445534001279
EA-MT5-P82,EA,5,XP201-PR,1,C,13,8,1,FALSE,0,35,4.305,19.306903598833117,1.616,0.754,Early regeneration,0,2,TRUE,FALSE,TRUE,0.39,78,0,379,5,0.01,0.01010445534001279
BG-MT3-P75,BG,3,XP201-PR,2,A,49,31,2.5,FALSE,0,201,NA,NA,NA,NA,Early regeneration,0,2,TRUE,FALSE,TRUE,0.39,78,0,379,18,0.025,0.025101257727563418
BS-MT5-P21,BS,5,XP201-PR,2,A,6,3,5,FALSE,0,201,NA,NA,NA,NA,Early regeneration,0,2,TRUE,FALSE,TRUE,0.39,78,0,379,3,0.05,0.05009592837348113
AE-MT5-P50,AE,5,XP201-PR,2,A,10,3,5,FALSE,0,35,NA,NA,NA,NA,Early regeneration,0,2,TRUE,FALSE,TRUE,0.39,78,0,379,7,0.05,0.05009592837348113
DC-MT4-P10,DC,4,XP201-PR,2,A,5,4,1,FALSE,0,201,NA,NA,NA,NA,Early regeneration,0,2,TRUE,FALSE,TRUE,0.39,78,0,379,1,0.01,0.01010445534001279
EA-MT4-P14,EA,4,XP201-PR,2,A,0,0,0,FALSE,0,294,NA,NA,NA,NA,Early regeneration,0,2,TRUE,FALSE,TRUE,0.39,78,0,379,0,0,1.0658708164570453e-4
OP-MT2-P7,OP,2,XP201-PR,2,A,40,21,1,FALSE,0,344,NA,NA,NA,NA,Early regeneration,0,2,TRUE,FALSE,TRUE,0.39,78,0,379,19,0.01,0.01010445534001279
IS-MT3-P3,IS,3,XP201-PR,2,A,3,3,10,FALSE,0,344,NA,NA,NA,NA,Early regeneration,0,2,TRUE,FALSE,TRUE,0.39,78,0,379,0,0.1,0.10008526966531657
PG-MT2-P69,PG,2,XP201-PR,2,A,NA,NA,NA,FALSE,1,35,NA,NA,NA,NA,Early regeneration,0,2,TRUE,FALSE,TRUE,0.39,78,0,379,NA,NA,NA
CH-MT3-P55,CH,3,XP201-PR,2,A,7,7,7.5,FALSE,0,201,NA,NA,NA,NA,Early regeneration,0,2,TRUE,FALSE,TRUE,0.39,78,0,379,0,0.075,0.07509059901939885
CP-MT4-P13,CP,4,XP201-PR,2,A,8,8,1,FALSE,0,294,NA,NA,NA,NA,Early regeneration,0,2,TRUE,FALSE,TRUE,0.39,78,0,379,0,0.01,0.01010445534001279
VB-MT1-P28,VB,1,XP201-PR,2,A,56,54,50,FALSE,0,201,NA,NA,NA,NA,Early regeneration,0,2,TRUE,FALSE,TRUE,0.39,78,0,379,2,0.5,0.5
BP-MT4-P31,BP,4,XP201-PR,2,A,6,4,2.5,FALSE,0,35,NA,NA,NA,NA,Early regeneration,0,2,TRUE,FALSE,TRUE,0.39,78,0,379,2,0.025,0.025101257727563418
BU-MT1-P38,BU,1,XP201-PR,2,A,12,5,0.5,FALSE,0,104,NA,NA,NA,NA,Early regeneration,0,2,TRUE,FALSE,TRUE,0.39,78,0,379,7,0.005,0.005105521210829247
DC-MT4-P20,DC,4,XP201-PR,2,B,2,1,0.5,FALSE,0,201,NA,NA,NA,NA,Early regeneration,0,2,TRUE,FALSE,TRUE,0.39,78,0,379,1,0.005,0.005105521210829247
EA-MT5-P10,EA,5,XP201-PR,2,B,21,8,5,FALSE,0,104,NA,NA,NA,NA,Early regeneration,0,2,TRUE,FALSE,TRUE,0.39,78,0,379,13,0.05,0.05009592837348113
PG-MT3-P59,PG,3,XP201-PR,2,B,7,3,5,FALSE,0,35,NA,NA,NA,NA,Early regeneration,0,2,TRUE,FALSE,TRUE,0.39,78,0,379,4,0.05,0.05009592837348113
CP-MT2-P49,CP,2,XP201-PR,2,B,12,7,1,FALSE,0,294,NA,NA,NA,NA,Early regeneration,0,2,TRUE,FALSE,TRUE,0.39,78,0,379,5,0.01,0.01010445534001279
BG-MT5-P14,BG,5,XP201-PR,2,B,91,57,5,FALSE,0,201,NA,NA,NA,NA,Early regeneration,0,2,TRUE,FALSE,TRUE,0.39,78,0,379,34,0.05,0.05009592837348113
OP-MT6-P3,OP,6,XP201-PR,2,B,NA,NA,NA,FALSE,1,93,NA,NA,NA,NA,Early regeneration,0,2,TRUE,FALSE,TRUE,0.39,78,0,379,NA,NA,NA
OP-MT7-P4,OP,7,XP201-PR,2,B,13,9,5,FALSE,0,104,NA,NA,NA,NA,Early regeneration,0,2,TRUE,FALSE,TRUE,0.39,78,0,379,4,0.05,0.05009592837348113
BP-MT3-P42,BP,3,XP201-PR,2,B,3,1,0.5,FALSE,0,35,NA,NA,NA,NA,Early regeneration,0,2,TRUE,FALSE,TRUE,0.39,78,0,379,2,0.005,0.005105521210829247
PA-MT6-P61,PA,6,XP201-PR,2,B,279,223,2.5,FALSE,0,294,NA,NA,NA,NA,Early regeneration,0,2,TRUE,FALSE,TRUE,0.39,78,0,379,56,0.025,0.025101257727563418
MC-MT1-P19,MC,1,XP201-PR,2,B,18,17,0.5,FALSE,0,201,NA,NA,NA,NA,Early regeneration,0,2,TRUE,FALSE,TRUE,0.39,78,0,379,1,0.005,0.005105521210829247
IS-MT1-P5,IS,1,XP201-PR,2,B,7,7,10,FALSE,0,294,NA,NA,NA,NA,Early regeneration,0,2,TRUE,FALSE,TRUE,0.39,78,0,379,0,0.1,0.10008526966531657
CH-MT5-P31,CH,5,XP201-PR,2,B,6,4,10,FALSE,0,201,NA,NA,NA,NA,Early regeneration,0,2,TRUE,FALSE,TRUE,0.39,78,0,379,2,0.1,0.10008526966531657
BS-MT6-P56,BS,6,XP201-PR,2,B,4,1,10,FALSE,0,104,NA,NA,NA,NA,Early regeneration,0,2,TRUE,FALSE,TRUE,0.39,78,0,379,3,0.1,0.10008526966531657
VB-MT2-P19,VB,2,XP201-PR,2,B,27,12,0.5,FALSE,0,35,NA,NA,NA,NA,Early regeneration,0,2,TRUE,FALSE,TRUE,0.39,78,0,379,15,0.005,0.005105521210829247
BU-MT2-P1,BU,2,XP201-PR,2,B,9,1,0.5,FALSE,0,201,NA,NA,NA,NA,Early regeneration,0,2,TRUE,FALSE,TRUE,0.39,78,0,379,8,0.005,0.005105521210829247
AE-MT2-P30,AE,2,XP201-PR,2,B,11,5,0.5,FALSE,0,35,NA,NA,NA,NA,Early regeneration,0,2,TRUE,FALSE,TRUE,0.39,78,0,379,6,0.005,0.005105521210829247
BP-MT1-P7,BP,1,XP201-PR,2,C,NA,NA,NA,FALSE,0,35,NA,NA,NA,NA,Early regeneration,0,2,TRUE,FALSE,TRUE,0.39,78,0,379,NA,NA,NA
BG-MT1-P75,BG,1,XP201-PR,2,C,NA,NA,NA,FALSE,0,201,NA,NA,NA,NA,Early regeneration,0,2,TRUE,FALSE,TRUE,0.39,78,0,379,NA,NA,NA
PG-MT2-P16,PG,2,XP201-PR,2,C,5,1,0.5,FALSE,0,35,NA,NA,NA,NA,Early regeneration,0,2,TRUE,FALSE,TRUE,0.39,78,0,379,4,0.005,0.005105521210829247
IS-MT1-P57,IS,1,XP201-PR,2,C,9,4,0.5,FALSE,0,294,2.4000000000000004,7.738733912639831,2.699,0.69,Early regeneration,0,2,TRUE,FALSE,TRUE,0.39,78,0,379,5,0.005,0.005105521210829247
BU-MT3-P75,BU,3,XP201-PR,2,C,3,0,0,FALSE,0,201,NA,NA,NA,NA,Early regeneration,0,2,TRUE,FALSE,TRUE,0.39,78,0,379,3,0,1.0658708164570453e-4
DC-MT3-P51,DC,3,XP201-PR,2,C,3,2,1,FALSE,0,201,NA,NA,NA,NA,Early regeneration,0,2,TRUE,FALSE,TRUE,0.39,78,0,379,1,0.01,0.01010445534001279
EA-MT5-P71,EA,5,XP201-PR,2,C,21,3,0.5,FALSE,0,104,5,12.912137776594777,4.846,2.149,Early regeneration,0,2,TRUE,FALSE,TRUE,0.39,78,0,379,18,0.005,0.005105521210829247
VB-MT2-P62,VB,2,XP201-PR,2,C,14,6,0.5,FALSE,0,35,2.2075,14.294799419268232,1.674,0.406,Early regeneration,0,2,TRUE,FALSE,TRUE,0.39,78,0,379,8,0.005,0.005105521210829247
OP-MT7-P2,OP,7,XP201-PR,2,C,37,23,5,FALSE,0,294,NA,NA,NA,NA,Early regeneration,0,2,TRUE,FALSE,TRUE,0.39,78,0,379,14,0.05,0.05009592837348113
CH-MT1-P16,CH,1,XP201-PR,2,C,NA,NA,NA,FALSE,1,93,NA,NA,NA,NA,Early regeneration,0,2,TRUE,FALSE,TRUE,0.39,78,0,379,NA,NA,NA
CH-MT2-P60,CH,2,XP201-PR,2,C,NA,NA,NA,FALSE,0,35,NA,NA,NA,NA,Early regeneration,0,2,TRUE,FALSE,TRUE,0.39,78,0,379,NA,NA,NA
CP-MT5-P13,CP,5,XP201-PR,2,C,7,7,5,FALSE,0,201,NA,NA,NA,NA,Early regeneration,0,2,TRUE,FALSE,TRUE,0.39,78,0,379,0,0.05,0.05009592837348113
AE-MT3-P48,AE,3,XP201-PR,2,C,11,2,1,FALSE,0,35,NA,NA,NA,NA,Early regeneration,0,2,TRUE,FALSE,TRUE,0.39,78,0,379,9,0.01,0.01010445534001279
BS-MT5-P56,BS,5,XP201-PR,2,C,2,1,0.5,FALSE,0,104,NA,NA,NA,NA,Early regeneration,0,2,TRUE,FALSE,TRUE,0.39,78,0,379,1,0.005,0.005105521210829247
PG-MT1-P10,PG,1,XP201-PR,3,A,3,1,0.5,FALSE,0,35,NA,NA,NA,NA,Early regeneration,0,2,TRUE,FALSE,TRUE,0.39,78,0,379,2,0.005,0.005105521210829247
VB-MT5-P68,VB,5,XP201-PR,3,A,41,2,0.5,FALSE,0,35,NA,NA,NA,NA,Early regeneration,0,2,TRUE,FALSE,TRUE,0.39,78,0,379,39,0.005,0.005105521210829247
DC-MT2-P21,DC,2,XP201-PR,3,A,10,4,2.5,FALSE,1,201,NA,NA,NA,NA,Early regeneration,0,2,TRUE,FALSE,TRUE,0.39,78,0,379,6,0.025,0.025101257727563418
AE-MT3-P1,AE,3,XP201-PR,3,A,33,9,0.5,FALSE,0,35,NA,NA,NA,NA,Early regeneration,0,2,TRUE,FALSE,TRUE,0.39,78,0,379,24,0.005,0.005105521210829247
MC-MT3-P46,MC,3,XP201-PR,3,A,9,7,0.5,FALSE,0,201,NA,NA,NA,NA,Early regeneration,0,2,TRUE,FALSE,TRUE,0.39,78,0,379,2,0.005,0.005105521210829247
IS-MT2-P60,IS,2,XP201-PR,3,A,NA,NA,NA,FALSE,0,344,NA,NA,NA,NA,Early regeneration,0,2,TRUE,FALSE,TRUE,0.39,78,0,379,NA,NA,NA
OP-MT2-P45,OP,2,XP201-PR,3,A,46,20,1,FALSE,0,344,NA,NA,NA,NA,Early regeneration,0,2,TRUE,FALSE,TRUE,0.39,78,0,379,26,0.01,0.01010445534001279
CH-MT1-P45,CH,1,XP201-PR,3,A,7,0,0,FALSE,1,294,NA,NA,NA,NA,Early regeneration,0,2,TRUE,FALSE,TRUE,0.39,78,0,379,7,0,1.0658708164570453e-4
EA-MT2-P16,EA,2,XP201-PR,3,A,50,8,0.5,FALSE,0,294,NA,NA,NA,NA,Early regeneration,0,2,TRUE,FALSE,TRUE,0.39,78,0,379,42,0.005,0.005105521210829247
CP-MT4-P23,CP,4,XP201-PR,3,A,6,4,0.5,FALSE,0,294,NA,NA,NA,NA,Early regeneration,0,2,TRUE,FALSE,TRUE,0.39,78,0,379,2,0.005,0.005105521210829247
BG-MT5-P15,BG,5,XP201-PR,3,A,30,4,0.5,FALSE,0,201,NA,NA,NA,NA,Early regeneration,0,2,TRUE,FALSE,TRUE,0.39,78,0,379,26,0.005,0.005105521210829247
BS-MT1-P46,BS,1,XP201-PR,3,A,3,2,0.5,FALSE,0,104,NA,NA,NA,NA,Early regeneration,0,2,TRUE,FALSE,TRUE,0.39,78,0,379,1,0.005,0.005105521210829247
BU-MT3-P13,BU,3,XP201-PR,3,A,NA,NA,NA,FALSE,0,35,NA,NA,NA,NA,Early regeneration,0,2,TRUE,FALSE,TRUE,0.39,78,0,379,NA,NA,NA
BP-MT2-P31,BP,2,XP201-PR,3,A,10,4,0.5,FALSE,0,35,NA,NA,NA,NA,Early regeneration,0,2,TRUE,FALSE,TRUE,0.39,78,0,379,6,0.005,0.005105521210829247
BU-MT4-P31,BU,4,XP201-PR,3,B,6,1,0.5,FALSE,0,201,NA,NA,NA,NA,Early regeneration,0,2,TRUE,FALSE,TRUE,0.39,78,0,379,5,0.005,0.005105521210829247
BG-MT2-P39,BG,2,XP201-PR,3,B,65,21,1,FALSE,0,201,NA,NA,NA,NA,Early regeneration,0,2,TRUE,FALSE,TRUE,0.39,78,0,379,44,0.01,0.01010445534001279
OP-MT8-P23,OP,8,XP201-PR,3,B,31,18,0.5,FALSE,0,294,NA,NA,NA,NA,Early regeneration,0,2,TRUE,FALSE,TRUE,0.39,78,0,379,13,0.005,0.005105521210829247
BS-MT5-P81,BS,5,XP201-PR,3,B,NA,NA,NA,FALSE,1,35,NA,NA,NA,NA,Early regeneration,0,2,TRUE,FALSE,TRUE,0.39,78,0,379,NA,NA,NA
IS-MT5-P14,IS,5,XP201-PR,3,B,8,5,2.5,FALSE,0,344,NA,NA,NA,NA,Early regeneration,0,2,TRUE,FALSE,TRUE,0.39,78,0,379,3,0.025,0.025101257727563418
VB-MT3-P39,VB,3,XP201-PR,3,B,26,1,0.5,FALSE,0,35,NA,NA,NA,NA,Early regeneration,0,2,TRUE,FALSE,TRUE,0.39,78,0,379,25,0.005,0.005105521210829247
PG-MT2-P39,PG,2,XP201-PR,3,B,3,0,0,FALSE,0,35,NA,NA,NA,NA,Early regeneration,0,2,TRUE,FALSE,TRUE,0.39,78,0,379,3,0,1.0658708164570453e-4
EA-MT2-P60,EA,2,XP201-PR,3,B,39,1,0.5,FALSE,0,294,NA,NA,NA,NA,Early regeneration,0,2,TRUE,FALSE,TRUE,0.39,78,0,379,38,0.005,0.005105521210829247
EA-MT2-P60,EA,2,XP201-PR,3,B,39,1,0.5,FALSE,0,20,NA,NA,NA,NA,Early regeneration,0,2,TRUE,FALSE,TRUE,0.39,78,0,379,38,0.005,0.005105521210829247
MC-MT2-P4,MC,2,XP201-PR,3,B,32,12,2.5,FALSE,0,201,NA,NA,NA,NA,Early regeneration,0,2,TRUE,FALSE,TRUE,0.39,78,0,379,20,0.025,0.025101257727563418
CP-MT1-P36,CP,1,XP201-PR,3,B,9,9,5,FALSE,0,201,NA,NA,NA,NA,Early regeneration,0,2,TRUE,FALSE,TRUE,0.39,78,0,379,0,0.05,0.05009592837348113
AE-MT5-P51,AE,5,XP201-PR,3,B,21,7,0.5,FALSE,0,35,NA,NA,NA,NA,Early regeneration,0,2,TRUE,FALSE,TRUE,0.39,78,0,379,14,0.005,0.005105521210829247
BP-MT1-P19,BP,1,XP201-PR,3,B,NA,NA,NA,FALSE,1,35,NA,NA,NA,NA,Early regeneration,0,2,TRUE,FALSE,TRUE,0.39,78,0,379,NA,NA,NA
PA-MT7-P48,PA,7,XP201-PR,3,B,47,24,2.5,FALSE,0,201,NA,NA,NA,NA,Early regeneration,0,2,TRUE,FALSE,TRUE,0.39,78,0,379,23,0.025,0.025101257727563418
CH-MT2-P76,CH,2,XP201-PR,3,B,9,8,10,FALSE,0,201,NA,NA,NA,NA,Early regeneration,0,2,TRUE,FALSE,TRUE,0.39,78,0,379,1,0.1,0.10008526966531657
DC-MT1-P3,DC,1,XP201-PR,3,B,NA,NA,NA,FALSE,1,201,NA,NA,NA,NA,Early regeneration,0,2,TRUE,FALSE,TRUE,0.39,78,0,379,NA,NA,NA
EA-MT2-P33,EA,2,XP201-PR,3,C,16,8,5,FALSE,0,35,4.825,22.19373135335554,4.08,1.71,Early regeneration,0,2,TRUE,FALSE,TRUE,0.39,78,0,379,8,0.05,0.05009592837348113
DC-MT5-P71,DC,5,XP201-PR,3,C,4,2,0.5,FALSE,0,201,NA,NA,NA,NA,Early regeneration,0,2,TRUE,FALSE,TRUE,0.39,78,0,379,2,0.005,0.005105521210829247
BG-MT3-P15,BG,3,XP201-PR,3,C,73,46,2.5,FALSE,0,201,3.5,30.253747387453494,1.887,0.497,Early regeneration,0,2,TRUE,FALSE,TRUE,0.39,78,0,379,27,0.025,0.025101257727563418
PA-MT3-P38,PA,3,XP201-PR,3,C,41,6,0.5,FALSE,0,104,1.1325,26.05253292560786,1.838,0.471,Early regeneration,0,2,TRUE,FALSE,TRUE,0.39,78,0,379,35,0.005,0.005105521210829247
BP-MT2-P59,BP,2,XP201-PR,3,C,4,0,0,FALSE,0,35,NA,NA,NA,NA,Early regeneration,0,2,TRUE,FALSE,TRUE,0.39,78,0,379,4,0,1.0658708164570453e-4
BU-MT3-P31,BU,3,XP201-PR,3,C,7,4,2.5,FALSE,0,201,2.9175,25.482788658202978,1.939,0.668,Early regeneration,0,2,TRUE,FALSE,TRUE,0.39,78,0,379,3,0.025,0.025101257727563418
CP-MT5-P6,CP,5,XP201-PR,3,C,NA,NA,NA,FALSE,1,97,NA,NA,NA,NA,Early regeneration,0,2,TRUE,FALSE,TRUE,0.39,78,0,379,NA,NA,NA
CP-MT5-P6,CP,5,XP201-PR,3,C,NA,NA,NA,FALSE,0,35,NA,NA,NA,NA,Early regeneration,0,2,TRUE,FALSE,TRUE,0.39,78,0,379,NA,NA,NA
PG-MT5-P62,PG,5,XP201-PR,3,C,4,0,0,FALSE,0,35,NA,NA,NA,NA,Early regeneration,0,2,TRUE,FALSE,TRUE,0.39,78,0,379,4,0,1.0658708164570453e-4
IS-MT4-P8,IS,4,XP201-PR,3,C,14,8,2.5,FALSE,0,294,5.0775,47.27792758354927,1.05,0.374,Early regeneration,0,2,TRUE,FALSE,TRUE,0.39,78,0,379,6,0.025,0.025101257727563418
CH-MT3-P59,CH,3,XP201-PR,3,C,4,4,1,FALSE,0,201,1.15,52.36136602230317,6.137,1.648,Early regeneration,0,2,TRUE,FALSE,TRUE,0.39,78,0,379,0,0.01,0.01010445534001279
BS-MT7-P48,BS,7,XP201-PR,3,C,3,1,0.5,FALSE,0,104,NA,NA,NA,NA,Early regeneration,0,2,TRUE,FALSE,TRUE,0.39,78,0,379,2,0.005,0.005105521210829247
AE-MT1-P65,AE,1,XP201-PR,3,C,11,7,1,FALSE,0,35,NA,NA,NA,NA,Early regeneration,0,2,TRUE,FALSE,TRUE,0.39,78,0,379,4,0.01,0.01010445534001279
VB-MT2-P100,VB,2,XP201-PR,3,C,23,4,0.5,FALSE,0,35,2.1625,21.09287912764259,1.718,0.425,Early regeneration,0,2,TRUE,FALSE,TRUE,0.39,78,0,379,19,0.005,0.005105521210829247
PA-MT3-P52,PA,3,XP201-PR,4,A,291,89,2.5,FALSE,0,344,NA,NA,NA,NA,Early regeneration,0,2,TRUE,FALSE,TRUE,0.39,78,0,379,202,0.025,0.025101257727563418
BP-MT3-P61,BP,3,XP201-PR,4,A,3,1,0.5,FALSE,0,35,NA,NA,NA,NA,Early regeneration,0,2,TRUE,FALSE,TRUE,0.39,78,0,379,2,0.005,0.005105521210829247
BS-MT1-P4,BS,1,XP201-PR,4,A,5,3,0.5,FALSE,0,201,NA,NA,NA,NA,Early regeneration,0,2,TRUE,FALSE,TRUE,0.39,78,0,379,2,0.005,0.005105521210829247
AE-MT4-P9,AE,4,XP201-PR,4,A,10,6,2.5,FALSE,0,35,NA,NA,NA,NA,Early regeneration,0,2,TRUE,FALSE,TRUE,0.39,78,0,379,4,0.025,0.025101257727563418
IS-MT3-P55,IS,3,XP201-PR,4,A,12,9,2.5,FALSE,0,344,NA,NA,NA,NA,Early regeneration,0,2,TRUE,FALSE,TRUE,0.39,78,0,379,3,0.025,0.025101257727563418
CP-MT3-P35,CP,3,XP201-PR,4,A,6,5,0.5,FALSE,0,294,NA,NA,NA,NA,Early regeneration,0,2,TRUE,FALSE,TRUE,0.39,78,0,379,1,0.005,0.005105521210829247
BU-MT5-P27,BU,5,XP201-PR,4,A,8,1,0.5,FALSE,0,201,NA,NA,NA,NA,Early regeneration,0,2,TRUE,FALSE,TRUE,0.39,78,0,379,7,0.005,0.005105521210829247
PG-MT4-P60,PG,4,XP201-PR,4,A,4,1,2.5,FALSE,0,35,NA,NA,NA,NA,Early regeneration,0,2,TRUE,FALSE,TRUE,0.39,78,0,379,3,0.025,0.025101257727563418
EA-MT5-P20,EA,5,XP201-PR,4,A,17,7,0.5,FALSE,0,104,NA,NA,NA,NA,Early regeneration,0,2,TRUE,FALSE,TRUE,0.39,78,0,379,10,0.005,0.005105521210829247
BG-MT2-P50,BG,2,XP201-PR,4,A,92,34,1,FALSE,0,201,NA,NA,NA,NA,Early regeneration,0,2,TRUE,FALSE,TRUE,0.39,78,0,379,58,0.01,0.01010445534001279
OP-MT9-P9,OP,9,XP201-PR,4,A,115,115,10,FALSE,0,344,NA,NA,NA,NA,Early regeneration,0,2,TRUE,FALSE,TRUE,0.39,78,0,379,0,0.1,0.10008526966531657
CH-MT4-P10,CH,4,XP201-PR,4,A,7,6,5,FALSE,0,201,NA,NA,NA,NA,Early regeneration,0,2,TRUE,FALSE,TRUE,0.39,78,0,379,1,0.05,0.05009592837348113
VB-MT5-P9,VB,5,XP201-PR,4,A,36,8,2.5,FALSE,0,35,NA,NA,NA,NA,Early regeneration,0,2,TRUE,FALSE,TRUE,0.39,78,0,379,28,0.025,0.025101257727563418
DC-MT1-P66,DC,1,XP201-PR,4,A,6,5,1,FALSE,0,201,NA,NA,NA,NA,Early regeneration,0,2,TRUE,FALSE,TRUE,0.39,78,0,379,1,0.01,0.01010445534001279
BU-MT5-P10,BU,5,XP201-PR,4,B,10,1,0.5,FALSE,0,201,NA,NA,NA,NA,Early regeneration,0,2,TRUE,FALSE,TRUE,0.39,78,0,379,9,0.005,0.005105521210829247
VB-MT1-P15,VB,1,XP201-PR,4,B,66,29,10,FALSE,0,201,NA,NA,NA,NA,Early regeneration,0,2,TRUE,FALSE,TRUE,0.39,78,0,379,37,0.1,0.10008526966531657
CP-MT2-P66,CP,2,XP201-PR,4,B,4,3,1,FALSE,0,294,NA,NA,NA,NA,Early regeneration,0,2,TRUE,FALSE,TRUE,0.39,78,0,379,1,0.01,0.01010445534001279
BG-MT4-P59,BG,4,XP201-PR,4,B,105,44,1,FALSE,0,201,NA,NA,NA,NA,Early regeneration,0,2,TRUE,FALSE,TRUE,0.39,78,0,379,61,0.01,0.01010445534001279
BS-MT5-P68,BS,5,XP201-PR,4,B,5,1,0.5,FALSE,0,104,NA,NA,NA,NA,Early regeneration,0,2,TRUE,FALSE,TRUE,0.39,78,0,379,4,0.005,0.005105521210829247
DC-MT5-P75,DC,5,XP201-PR,4,B,NA,NA,NA,FALSE,0,35,NA,NA,NA,NA,Early regeneration,0,2,TRUE,FALSE,TRUE,0.39,78,0,379,NA,NA,NA
CH-MT5-P60,CH,5,XP201-PR,4,B,9,8,5,FALSE,0,201,NA,NA,NA,NA,Early regeneration,0,2,TRUE,FALSE,TRUE,0.39,78,0,379,1,0.05,0.05009592837348113
OP-MT6-P50,OP,6,XP201-PR,4,B,62,62,5,FALSE,0,294,NA,NA,NA,NA,Early regeneration,0,2,TRUE,FALSE,TRUE,0.39,78,0,379,0,0.05,0.05009592837348113
EA-MT2-P61,EA,2,XP201-PR,4,B,12,5,1,FALSE,0,35,NA,NA,NA,NA,Early regeneration,0,2,TRUE,FALSE,TRUE,0.39,78,0,379,7,0.01,0.01010445534001279
PG-MT1-P11,PG,1,XP201-PR,4,B,3,0,0,FALSE,0,35,NA,NA,NA,NA,Early regeneration,0,2,TRUE,FALSE,TRUE,0.39,78,0,379,3,0,1.0658708164570453e-4
BP-MT4-P54,BP,4,XP201-PR,4,B,3,1,10,FALSE,0,35,NA,NA,NA,NA,Early regeneration,0,2,TRUE,FALSE,TRUE,0.39,78,0,379,2,0.1,0.10008526966531657
MC-MT3-P65,MC,3,XP201-PR,4,B,16,8,0.5,FALSE,0,201,NA,NA,NA,NA,Early regeneration,0,2,TRUE,FALSE,TRUE,0.39,78,0,379,8,0.005,0.005105521210829247
AE-MT2-P14,AE,2,XP201-PR,4,B,9,4,1,FALSE,0,35,NA,NA,NA,NA,Early regeneration,0,2,TRUE,FALSE,TRUE,0.39,78,0,379,5,0.01,0.01010445534001279
IS-MT2-P12,IS,2,XP201-PR,4,B,4,1,1,FALSE,0,104,NA,NA,NA,NA,Early regeneration,0,2,TRUE,FALSE,TRUE,0.39,78,0,379,3,0.01,0.01010445534001279
OP-MT8-P55,OP,8,XP201-PR,4,C,32,20,1,FALSE,0,294,NA,NA,NA,NA,Early regeneration,0,2,TRUE,FALSE,TRUE,0.39,78,0,379,12,0.01,0.01010445534001279
PG-MT1-P35,PG,1,XP201-PR,4,C,4,1,0.5,FALSE,0,35,NA,NA,NA,NA,Early regeneration,0,2,TRUE,FALSE,TRUE,0.39,78,0,379,3,0.005,0.005105521210829247
PA-MT7-P36,PA,7,XP201-PR,4,C,NA,NA,NA,FALSE,0,201,NA,NA,NA,NA,Early regeneration,0,2,TRUE,FALSE,TRUE,0.39,78,0,379,NA,NA,NA
BS-MT5-P69,BS,5,XP201-PR,4,C,NA,NA,NA,FALSE,1,104,NA,NA,NA,NA,Early regeneration,0,2,TRUE,FALSE,TRUE,0.39,78,0,379,NA,NA,NA
BU-MT4-P12,BU,4,XP201-PR,4,C,NA,NA,NA,FALSE,1,97,NA,NA,NA,NA,Early regeneration,0,2,TRUE,FALSE,TRUE,0.39,78,0,379,NA,NA,NA
BU-MT3-P84,BU,3,XP201-PR,4,C,5,2,20,FALSE,0,35,NA,NA,NA,NA,Early regeneration,0,2,TRUE,FALSE,TRUE,0.39,78,0,379,3,0.2,0.20006395224898743
BP-MT4-P83,BP,4,XP201-PR,4,C,3,1,1,FALSE,0,35,NA,NA,NA,NA,Early regeneration,0,2,TRUE,FALSE,TRUE,0.39,78,0,379,2,0.01,0.01010445534001279
MC-MT2-P50,MC,2,XP201-PR,4,C,20,9,1,FALSE,0,201,2.5675,29.960751155931174,6.789,1.949,Early regeneration,0,2,TRUE,FALSE,TRUE,0.39,78,0,379,11,0.01,0.01010445534001279
CH-MT5-P85,CH,5,XP201-PR,4,C,5,3,0.5,FALSE,0,35,2.225,27.401255072745386,12.35,3.111,Early regeneration,0,2,TRUE,FALSE,TRUE,0.39,78,0,379,2,0.005,0.005105521210829247
BG-MT1-P66,BG,1,XP201-PR,4,C,238,48,0.5,FALSE,0,201,2.7975,48.69299564055483,1.707,0.516,Early regeneration,0,2,TRUE,FALSE,TRUE,0.39,78,0,379,190,0.005,0.005105521210829247
IS-MT3-P49,IS,3,XP201-PR,4,C,9,6,0.5,FALSE,0,104,3.8100000000000005,7.364515843038266,0.597,0.182,Early regeneration,0,2,TRUE,FALSE,TRUE,0.39,78,0,379,3,0.005,0.005105521210829247
EA-MT5-P21,EA,5,XP201-PR,4,C,7,11,75,TRUE,0,104,4.859999999999999,7.732529503946665,0.303,0.11,Early regeneration,0,2,TRUE,FALSE,TRUE,0.39,78,0,379,0,0.75,0.7499467064591772
CP-MT3-P60,CP,3,XP201-PR,4,C,15,4,1,FALSE,0,35,NA,NA,NA,NA,Early regeneration,0,2,TRUE,FALSE,TRUE,0.39,78,0,379,11,0.01,0.01010445534001279
DC-MT5-P45,DC,5,XP201-PR,4,C,NA,NA,NA,FALSE,1,97,NA,NA,NA,NA,Early regeneration,0,2,TRUE,FALSE,TRUE,0.39,78,0,379,NA,NA,NA
AE-MT1-P100,AE,1,XP201-PR,4,C,10,3,5,FALSE,0,35,NA,NA,NA,NA,Early regeneration,0,2,TRUE,FALSE,TRUE,0.39,78,0,379,7,0.05,0.05009592837348113
VB-MT2-P63,VB,2,XP201-PR,4,C,61,15,1,FALSE,0,35,2.0675,21.91396663563698,1.698,0.505,Early regeneration,0,2,TRUE,FALSE,TRUE,0.39,78,0,379,46,0.01,0.01010445534001279
CH-MT3-P63,CH,3,XP202-PR,1,A,12,9,0.5,FALSE,0,174,NA,NA,NA,NA,Early regeneration,0,2,TRUE,FALSE,TRUE,0.76,78,0,219,3,0.005,0.005105521210829247
BG-MT5-P27,BG,5,XP202-PR,1,A,32,3,0.5,FALSE,1,89,NA,NA,NA,NA,Early regeneration,0,2,TRUE,FALSE,TRUE,0.76,78,0,219,29,0.005,0.005105521210829247
PA-MT3-P58,PA,3,XP202-PR,1,A,124,41,0.5,FALSE,0,343,NA,NA,NA,NA,Early regeneration,0,2,TRUE,FALSE,TRUE,0.76,78,0,219,83,0.005,0.005105521210829247
EA-MT1-P50,EA,1,XP202-PR,1,A,9,3,0.5,FALSE,0,85,NA,NA,NA,NA,Early regeneration,0,2,TRUE,FALSE,TRUE,0.76,78,0,219,6,0.005,0.005105521210829247
IS-MT5-P54,IS,5,XP202-PR,1,A,10,8,1,FALSE,0,343,NA,NA,NA,NA,Early regeneration,0,2,TRUE,FALSE,TRUE,0.76,78,0,219,2,0.01,0.01010445534001279
OP-MT6-P48,OP,6,XP202-PR,1,A,85,45,1,FALSE,0,293,NA,NA,NA,NA,Early regeneration,0,2,TRUE,FALSE,TRUE,0.76,78,0,219,40,0.01,0.01010445534001279
CP-MT1-P55,CP,1,XP202-PR,1,A,3,2,1,FALSE,0,174,NA,NA,NA,NA,Early regeneration,0,2,TRUE,FALSE,TRUE,0.76,78,0,219,1,0.01,0.01010445534001279
VB-MT1-P36,VB,1,XP202-PR,1,A,29,4,0.5,FALSE,1,89,NA,NA,NA,NA,Early regeneration,0,2,TRUE,FALSE,TRUE,0.76,78,0,219,25,0.005,0.005105521210829247
BS-MT1-P72,BS,1,XP202-PR,1,A,5,4,10,FALSE,0,85,NA,NA,NA,NA,Early regeneration,0,2,TRUE,FALSE,TRUE,0.76,78,0,219,1,0.1,0.10008526966531657
BU-MT4-P56,BU,4,XP202-PR,1,A,4,3,0.5,FALSE,0,174,NA,NA,NA,NA,Early regeneration,0,2,TRUE,FALSE,TRUE,0.76,78,0,219,1,0.005,0.005105521210829247
CH-MT4-P76,CH,4,XP202-PR,1,B,5,3,0.5,FALSE,0,174,NA,NA,NA,NA,Early regeneration,0,2,TRUE,FALSE,TRUE,0.76,78,0,219,2,0.005,0.005105521210829247
EA-MT4-P2,EA,4,XP202-PR,1,B,5,4,5,FALSE,0,293,NA,NA,NA,NA,Early regeneration,0,2,TRUE,FALSE,TRUE,0.76,78,0,219,1,0.05,0.05009592837348113
BS-MT6-P65,BS,6,XP202-PR,1,B,2,1,0.5,FALSE,0,85,NA,NA,NA,NA,Early regeneration,0,2,TRUE,FALSE,TRUE,0.76,78,0,219,1,0.005,0.005105521210829247
DC-MT5-P31,DC,5,XP202-PR,1,B,3,1,1,FALSE,0,174,NA,NA,NA,NA,Early regeneration,0,2,TRUE,FALSE,TRUE,0.76,78,0,219,2,0.01,0.01010445534001279
BG-MT2-P27,BG,2,XP202-PR,1,B,28,3,0.5,FALSE,0,174,NA,NA,NA,NA,Early regeneration,0,2,TRUE,FALSE,TRUE,0.76,78,0,219,25,0.005,0.005105521210829247
IS-MT4-P17,IS,4,XP202-PR,1,B,2,2,2.5,FALSE,0,293,NA,NA,NA,NA,Early regeneration,0,2,TRUE,FALSE,TRUE,0.76,78,0,219,0,0.025,0.025101257727563418
BU-MT3-P19,BU,3,XP202-PR,1,B,1,0,0,FALSE,1,89,NA,NA,NA,NA,Early regeneration,0,2,TRUE,FALSE,TRUE,0.76,78,0,219,1,0,1.0658708164570453e-4
IS-MT4-P51,IS,4,XP202-PR,1,C,4,3,1,FALSE,0,293,2.9725,7.518065170631999,0.169,0.089,Early regeneration,0,2,TRUE,FALSE,TRUE,0.76,78,0,219,1,0.01,0.01010445534001279
CP-MT3-P52,CP,3,XP202-PR,1,C,1,1,0.5,FALSE,0,293,NA,NA,NA,NA,Early regeneration,0,2,TRUE,FALSE,TRUE,0.76,78,0,219,0,0.005,0.005105521210829247
DC-MT4-P29,DC,4,XP202-PR,1,C,NA,NA,NA,FALSE,0,174,NA,NA,NA,NA,Early regeneration,0,2,TRUE,FALSE,TRUE,0.76,78,0,219,NA,NA,NA
MC-MT3-P28,MC,3,XP202-PR,1,C,28,12,1,FALSE,0,174,NA,NA,NA,NA,Early regeneration,0,2,TRUE,FALSE,TRUE,0.76,78,0,219,16,0.01,0.01010445534001279
BU-MT1-P10,BU,1,XP202-PR,1,C,3,1,2.5,FALSE,0,293,2.165,0.5980883738789959,0.117,0.052,Early regeneration,0,2,TRUE,FALSE,TRUE,0.76,78,0,219,2,0.025,0.025101257727563418
EA-MT1-P1,EA,1,XP202-PR,1,C,9,6,1,FALSE,0,85,4.175,16.064759251396197,1.652,0.665,Early regeneration,0,2,TRUE,FALSE,TRUE,0.76,78,0,219,3,0.01,0.01010445534001279
OP-MT7-P54,OP,7,XP202-PR,1,C,32,27,5,FALSE,0,293,NA,NA,NA,NA,Early regeneration,0,2,TRUE,FALSE,TRUE,0.76,78,0,219,5,0.05,0.05009592837348113
BS-MT1-P16,BS,1,XP202-PR,1,C,1,1,100,FALSE,0,174,NA,NA,NA,NA,Early regeneration,0,2,TRUE,FALSE,TRUE,0.76,78,0,219,0,1,0.9998934129183543
CH-MT2-P64,CH,2,XP202-PR,1,C,13,10,0.5,FALSE,0,174,2.23,25.92596508409671,15.656,4.257,Early regeneration,0,2,TRUE,FALSE,TRUE,0.76,78,0,219,3,0.005,0.005105521210829247
BG-MT1-P95,BG,1,XP202-PR,1,C,25,5,0.5,FALSE,1,89,NA,NA,NA,NA,Early regeneration,0,2,TRUE,FALSE,TRUE,0.76,78,0,219,20,0.005,0.005105521210829247
PA-MT6-P28,PA,6,XP202-PR,1,C,11,5,1,FALSE,0,85,NA,NA,NA,NA,Early regeneration,0,2,TRUE,FALSE,TRUE,0.76,78,0,219,6,0.01,0.01010445534001279
IS-MT2-P80,IS,2,XP202-PR,2,A,25,19,5,FALSE,0,343,NA,NA,NA,NA,Early regeneration,0,2,TRUE,FALSE,TRUE,0.76,78,0,219,6,0.05,0.05009592837348113
DC-MT3-P2,DC,3,XP202-PR,2,A,NA,NA,NA,FALSE,0,174,NA,NA,NA,NA,Early regeneration,0,2,TRUE,FALSE,TRUE,0.76,78,0,219,NA,NA,NA
CP-MT1-P42,CP,1,XP202-PR,2,A,8,7,1,FALSE,0,174,NA,NA,NA,NA,Early regeneration,0,2,TRUE,FALSE,TRUE,0.76,78,0,219,1,0.01,0.01010445534001279
MC-MT1-P71,MC,1,XP202-PR,2,A,24,11,5,FALSE,0,174,NA,NA,NA,NA,Early regeneration,0,2,TRUE,FALSE,TRUE,0.76,78,0,219,13,0.05,0.05009592837348113
BU-MT3-P39,BU,3,XP202-PR,2,A,9,1,0.5,FALSE,0,174,NA,NA,NA,NA,Early regeneration,0,2,TRUE,FALSE,TRUE,0.76,78,0,219,8,0.005,0.005105521210829247
BG-MT3-P36,BG,3,XP202-PR,2,A,86,29,0.5,FALSE,0,174,NA,NA,NA,NA,Early regeneration,0,2,TRUE,FALSE,TRUE,0.76,78,0,219,57,0.005,0.005105521210829247
EA-MT3-P3,EA,3,XP202-PR,2,A,25,7,0.5,FALSE,0,293,NA,NA,NA,NA,Early regeneration,0,2,TRUE,FALSE,TRUE,0.76,78,0,219,18,0.005,0.005105521210829247
CH-MT5-P17,CH,5,XP202-PR,2,A,1,1,5,FALSE,0,174,NA,NA,NA,NA,Early regeneration,0,2,TRUE,FALSE,TRUE,0.76,78,0,219,0,0.05,0.05009592837348113
BS-MT6-P31,BS,6,XP202-PR,2,A,NA,NA,NA,FALSE,1,174,NA,NA,NA,NA,Early regeneration,0,2,TRUE,FALSE,TRUE,0.76,78,0,219,NA,NA,NA
DC-MT1-P29,DC,1,XP202-PR,2,B,4,3,2.5,FALSE,0,174,NA,NA,NA,NA,Early regeneration,0,2,TRUE,FALSE,TRUE,0.76,78,0,219,1,0.025,0.025101257727563418
CP-MT3-P24,CP,3,XP202-PR,2,B,9,9,5,FALSE,0,293,NA,NA,NA,NA,Early regeneration,0,2,TRUE,FALSE,TRUE,0.76,78,0,219,0,0.05,0.05009592837348113
BS-MT7-P45,BS,7,XP202-PR,2,B,2,1,25,FALSE,0,85,NA,NA,NA,NA,Early regeneration,0,2,TRUE,FALSE,TRUE,0.76,78,0,219,1,0.25,0.25005329354082284
CH-MT4-P81,CH,4,XP202-PR,2,B,9,8,2.5,FALSE,0,174,NA,NA,NA,NA,Early regeneration,0,2,TRUE,FALSE,TRUE,0.76,78,0,219,1,0.025,0.025101257727563418
OP-MT6-P23,OP,6,XP202-PR,2,B,89,60,7.5,FALSE,0,293,NA,NA,NA,NA,Early regeneration,0,2,TRUE,FALSE,TRUE,0.76,78,0,219,29,0.075,0.07509059901939885
BG-MT4-P28,BG,4,XP202-PR,2,B,68,36,1,FALSE,0,174,NA,NA,NA,NA,Early regeneration,0,2,TRUE,FALSE,TRUE,0.76,78,0,219,32,0.01,0.01010445534001279
IS-MT5-P19,IS,5,XP202-PR,2,B,13,4,0.5,FALSE,0,343,NA,NA,NA,NA,Early regeneration,0,2,TRUE,FALSE,TRUE,0.76,78,0,219,9,0.005,0.005105521210829247
EA-MT5-P52,EA,5,XP202-PR,2,B,19,11,1,FALSE,0,85,NA,NA,NA,NA,Early regeneration,0,2,TRUE,FALSE,TRUE,0.76,78,0,219,8,0.01,0.01010445534001279
BU-MT5-P2,BU,5,XP202-PR,2,B,6,1,0.5,FALSE,0,174,NA,NA,NA,NA,Early regeneration,0,2,TRUE,FALSE,TRUE,0.76,78,0,219,5,0.005,0.005105521210829247
PA-MT7-P23,PA,7,XP202-PR,2,B,55,16,1,FALSE,0,174,NA,NA,NA,NA,Early regeneration,0,2,TRUE,FALSE,TRUE,0.76,78,0,219,39,0.01,0.01010445534001279
IS-MT1-P64,IS,1,XP202-PR,2,C,6,6,2.5,FALSE,0,293,3.7524999999999995,12.535461488935379,1.365,0.433,Early regeneration,0,2,TRUE,FALSE,TRUE,0.76,78,0,219,0,0.025,0.025101257727563418
BS-MT7-P28,BS,7,XP202-PR,2,C,5,3,5,FALSE,0,85,NA,NA,NA,NA,Early regeneration,0,2,TRUE,FALSE,TRUE,0.76,78,0,219,2,0.05,0.05009592837348113
BU-MT5-P20,BU,5,XP202-PR,2,C,11,0,0,FALSE,0,174,3.67,21.976836840980827,2.216,0.715,Early regeneration,0,2,TRUE,FALSE,TRUE,0.76,78,0,219,11,0,1.0658708164570453e-4
CH-MT4-P87,CH,4,XP202-PR,2,C,11,11,2.5,FALSE,0,174,2.3225000000000002,56.42572359111843,8.08,2.131,Early regeneration,0,2,TRUE,FALSE,TRUE,0.76,78,0,219,0,0.025,0.025101257727563418
OP-MT8-P26,OP,8,XP202-PR,2,C,94,64,5,FALSE,0,293,NA,NA,NA,NA,Early regeneration,0,2,TRUE,FALSE,TRUE,0.76,78,0,219,30,0.05,0.05009592837348113
CP-MT4-P10,CP,4,XP202-PR,2,C,11,5,0.5,FALSE,0,293,NA,NA,NA,NA,Early regeneration,0,2,TRUE,FALSE,TRUE,0.76,78,0,219,6,0.005,0.005105521210829247
BG-MT1-P3,BG,1,XP202-PR,2,C,186,5,0.5,FALSE,0,174,2.2025,36.93969260417911,3.204,1,Early regeneration,0,2,TRUE,FALSE,TRUE,0.76,78,0,219,181,0.005,0.005105521210829247
PA-MT3-P17,PA,3,XP202-PR,3,A,NA,NA,NA,FALSE,0,343,NA,NA,NA,NA,Early regeneration,0,2,TRUE,FALSE,TRUE,0.76,78,0,219,NA,NA,NA
OP-MT9-P64,OP,9,XP202-PR,3,A,NA,NA,NA,FALSE,0,343,NA,NA,NA,NA,Early regeneration,0,2,TRUE,FALSE,TRUE,0.76,78,0,219,NA,NA,NA
OP-MT9-P64,OP,9,XP202-PR,3,A,NA,NA,NA,FALSE,0,6,NA,NA,NA,NA,Early regeneration,0,2,TRUE,FALSE,TRUE,0.76,78,0,219,NA,NA,NA
DC-MT2-P9,DC,2,XP202-PR,3,A,6,6,0.5,FALSE,0,174,NA,NA,NA,NA,Early regeneration,0,2,TRUE,FALSE,TRUE,0.76,78,0,219,0,0.005,0.005105521210829247
IS-MT3-P10,IS,3,XP202-PR,3,A,26,15,1,FALSE,0,343,NA,NA,NA,NA,Early regeneration,0,2,TRUE,FALSE,TRUE,0.76,78,0,219,11,0.01,0.01010445534001279
CH-MT1-P38,CH,1,XP202-PR,3,A,NA,NA,NA,FALSE,1,293,NA,NA,NA,NA,Early regeneration,0,2,TRUE,FALSE,TRUE,0.76,78,0,219,NA,NA,NA
BU-MT2-P45,BU,2,XP202-PR,3,A,NA,NA,NA,FALSE,1,174,NA,NA,NA,NA,Early regeneration,0,2,TRUE,FALSE,TRUE,0.76,78,0,219,NA,NA,NA
MC-MT2-P65,MC,2,XP202-PR,3,A,22,20,10,FALSE,0,174,NA,NA,NA,NA,Early regeneration,0,2,TRUE,FALSE,TRUE,0.76,78,0,219,2,0.1,0.10008526966531657
CP-MT2-P28,CP,2,XP202-PR,3,A,3,2,0.5,FALSE,0,293,NA,NA,NA,NA,Early regeneration,0,2,TRUE,FALSE,TRUE,0.76,78,0,219,1,0.005,0.005105521210829247
BS-MT6-P52,BS,6,XP202-PR,3,A,2,1,0.5,FALSE,0,85,NA,NA,NA,NA,Early regeneration,0,2,TRUE,FALSE,TRUE,0.76,78,0,219,1,0.005,0.005105521210829247
BG-MT3-P43,BG,3,XP202-PR,3,A,106,8,0.5,FALSE,0,174,NA,NA,NA,NA,Early regeneration,0,2,TRUE,FALSE,TRUE,0.76,78,0,219,98,0.005,0.005105521210829247
EA-MT5-P7,EA,5,XP202-PR,3,A,26,14,1,FALSE,0,85,NA,NA,NA,NA,Early regeneration,0,2,TRUE,FALSE,TRUE,0.76,78,0,219,12,0.01,0.01010445534001279
CH-MT5-P3,CH,5,XP202-PR,3,B,13,10,5,FALSE,0,174,NA,NA,NA,NA,Early regeneration,0,2,TRUE,FALSE,TRUE,0.76,78,0,219,3,0.05,0.05009592837348113
BG-MT3-P59,BG,3,XP202-PR,3,B,34,4,0.5,FALSE,0,174,NA,NA,NA,NA,Early regeneration,0,2,TRUE,FALSE,TRUE,0.76,78,0,219,30,0.005,0.005105521210829247
PA-MT6-P60,PA,6,XP202-PR,3,B,167,62,0.5,FALSE,0,293,NA,NA,NA,NA,Early regeneration,0,2,TRUE,FALSE,TRUE,0.76,78,0,219,105,0.005,0.005105521210829247
IS-MT1-P19,IS,1,XP202-PR,3,B,5,5,5,FALSE,0,293,NA,NA,NA,NA,Early regeneration,0,2,TRUE,FALSE,TRUE,0.76,78,0,219,0,0.05,0.05009592837348113
BS-MT5-P10,BS,5,XP202-PR,3,B,4,2,10,FALSE,0,174,NA,NA,NA,NA,Early regeneration,0,2,TRUE,FALSE,TRUE,0.76,78,0,219,2,0.1,0.10008526966531657
MC-MT1-P28,MC,1,XP202-PR,3,B,36,9,0.5,FALSE,0,174,NA,NA,NA,NA,Early regeneration,0,2,TRUE,FALSE,TRUE,0.76,78,0,219,27,0.005,0.005105521210829247
OP-MT2-P6,OP,2,XP202-PR,3,B,78,52,5,FALSE,0,343,NA,NA,NA,NA,Early regeneration,0,2,TRUE,FALSE,TRUE,0.76,78,0,219,26,0.05,0.05009592837348113
DC-MT4-P18,DC,4,XP202-PR,3,B,1,1,0.5,FALSE,0,174,NA,NA,NA,NA,Early regeneration,0,2,TRUE,FALSE,TRUE,0.76,78,0,219,0,0.005,0.005105521210829247
CP-MT5-P14,CP,5,XP202-PR,3,B,5,4,0.5,FALSE,0,174,NA,NA,NA,NA,Early regeneration,0,2,TRUE,FALSE,TRUE,0.76,78,0,219,1,0.005,0.005105521210829247
BU-MT4-P19,BU,4,XP202-PR,3,B,2,1,1,FALSE,0,174,NA,NA,NA,NA,Early regeneration,0,2,TRUE,FALSE,TRUE,0.76,78,0,219,1,0.01,0.01010445534001279
EA-MT5-P55,EA,5,XP202-PR,3,B,22,19,2.5,FALSE,0,85,NA,NA,NA,NA,Early regeneration,0,2,TRUE,FALSE,TRUE,0.76,78,0,219,3,0.025,0.025101257727563418
DC-MT3-P50,DC,3,XP202-PR,3,C,3,2,1,FALSE,0,174,NA,NA,NA,NA,Early regeneration,0,2,TRUE,FALSE,TRUE,0.76,78,0,219,1,0.01,0.01010445534001279
CH-MT2-P10,CH,2,XP202-PR,3,C,5,4,7.5,FALSE,1,89,NA,NA,NA,NA,Early regeneration,0,2,TRUE,FALSE,TRUE,0.76,78,0,219,1,0.075,0.07509059901939885
CP-MT4-P5,CP,4,XP202-PR,3,C,7,7,0.5,FALSE,0,293,NA,NA,NA,NA,Early regeneration,0,2,TRUE,FALSE,TRUE,0.76,78,0,219,0,0.005,0.005105521210829247
BG-MT4-P18,BG,4,XP202-PR,3,C,NA,NA,NA,FALSE,1,174,NA,NA,NA,NA,Early regeneration,0,2,TRUE,FALSE,TRUE,0.76,78,0,219,NA,NA,NA
OP-MT8-P29,OP,8,XP202-PR,3,C,48,37,5,FALSE,0,293,NA,NA,NA,NA,Early regeneration,0,2,TRUE,FALSE,TRUE,0.76,78,0,219,11,0.05,0.05009592837348113
BU-MT1-P1,BU,1,XP202-PR,3,C,3,1,0.5,FALSE,0,293,2.5124999999999997,6.488217019026028,0.26,0.098,Early regeneration,0,2,TRUE,FALSE,TRUE,0.76,78,0,219,2,0.005,0.005105521210829247
IS-MT5-P38,IS,5,XP202-PR,3,C,NA,NA,NA,FALSE,1,85,NA,NA,NA,NA,Early regeneration,0,2,TRUE,FALSE,TRUE,0.76,78,0,219,NA,NA,NA
BS-MT6-P41,BS,6,XP202-PR,3,C,3,2,17.5,FALSE,0,85,NA,NA,NA,NA,Early regeneration,0,2,TRUE,FALSE,TRUE,0.76,78,0,219,1,0.175,0.1750692816030697
IS-MT3-P71,IS,3,XP202-PR,4,A,12,10,0.5,FALSE,0,343,NA,NA,NA,NA,Early regeneration,0,2,TRUE,FALSE,TRUE,0.76,78,0,219,2,0.005,0.005105521210829247
DC-MT5-P18,DC,5,XP202-PR,4,A,NA,NA,NA,FALSE,1,89,NA,NA,NA,NA,Early regeneration,0,2,TRUE,FALSE,TRUE,0.76,78,0,219,NA,NA,NA
OP-MT9-P74,OP,9,XP202-PR,4,A,94,90,10,FALSE,0,343,NA,NA,NA,NA,Early regeneration,0,2,TRUE,FALSE,TRUE,0.76,78,0,219,4,0.1,0.10008526966531657
CP-MT5-P25,CP,5,XP202-PR,4,A,5,2,0.5,FALSE,0,174,NA,NA,NA,NA,Early regeneration,0,2,TRUE,FALSE,TRUE,0.76,78,0,219,3,0.005,0.005105521210829247
BS-MT5-P71,BS,5,XP202-PR,4,A,2,2,5,FALSE,0,85,NA,NA,NA,NA,Early regeneration,0,2,TRUE,FALSE,TRUE,0.76,78,0,219,0,0.05,0.05009592837348113
MC-MT1-P60,MC,1,XP202-PR,4,A,58,21,2.5,FALSE,0,174,NA,NA,NA,NA,Early regeneration,0,2,TRUE,FALSE,TRUE,0.76,78,0,219,37,0.025,0.025101257727563418
CH-MT3-P62,CH,3,XP202-PR,4,A,16,14,1,FALSE,0,174,NA,NA,NA,NA,Early regeneration,0,2,TRUE,FALSE,TRUE,0.76,78,0,219,2,0.01,0.01010445534001279
BU-MT4-P9,BU,4,XP202-PR,4,A,8,2,0.5,FALSE,0,174,NA,NA,NA,NA,Early regeneration,0,2,TRUE,FALSE,TRUE,0.76,78,0,219,6,0.005,0.005105521210829247
BG-MT2-P77,BG,2,XP202-PR,4,A,98,12,0.5,FALSE,0,174,NA,NA,NA,NA,Early regeneration,0,2,TRUE,FALSE,TRUE,0.76,78,0,219,86,0.005,0.005105521210829247
VB-MT1-P26,VB,1,XP202-PR,4,A,417,16,0.5,FALSE,0,174,NA,NA,NA,NA,Early regeneration,0,2,TRUE,FALSE,TRUE,0.76,78,0,219,401,0.005,0.005105521210829247
OP-MT2-P56,OP,2,XP202-PR,4,B,71,71,5,FALSE,0,343,NA,NA,NA,NA,Early regeneration,0,2,TRUE,FALSE,TRUE,0.76,78,0,219,0,0.05,0.05009592837348113
BS-MT7-P14,BS,7,XP202-PR,4,B,2,1,2.5,FALSE,0,174,NA,NA,NA,NA,Early regeneration,0,2,TRUE,FALSE,TRUE,0.76,78,0,219,1,0.025,0.025101257727563418
MC-MT3-P57,MC,3,XP202-PR,4,B,18,8,2.5,FALSE,0,174,NA,NA,NA,NA,Early regeneration,0,2,TRUE,FALSE,TRUE,0.76,78,0,219,10,0.025,0.025101257727563418
IS-MT2-P89,IS,2,XP202-PR,4,B,11,9,1,FALSE,0,343,NA,NA,NA,NA,Early regeneration,0,2,TRUE,FALSE,TRUE,0.76,78,0,219,2,0.01,0.01010445534001279
PA-MT7-P34,PA,7,XP202-PR,4,B,119,24,0.5,FALSE,0,174,1.5,8.4279192766259,1.613,0.377,Early regeneration,0,2,TRUE,FALSE,TRUE,0.76,78,0,219,95,0.005,0.005105521210829247
PA-MT7-P34,PA,7,XP202-PR,4,B,119,24,0.5,FALSE,0,238,1.5,8.4279192766259,1.613,0.377,Early regeneration,0,2,TRUE,FALSE,TRUE,0.76,78,0,219,95,0.005,0.005105521210829247
EA-MT2-P19,EA,2,XP202-PR,4,B,50,22,0.5,FALSE,0,293,NA,NA,NA,NA,Early regeneration,0,2,TRUE,FALSE,TRUE,0.76,78,0,219,28,0.005,0.005105521210829247
CH-MT3-P70,CH,3,XP202-PR,4,B,12,10,1,FALSE,0,174,NA,NA,NA,NA,Early regeneration,0,2,TRUE,FALSE,TRUE,0.76,78,0,219,2,0.01,0.01010445534001279
BG-MT5-P7,BG,5,XP202-PR,4,B,83,34,0.5,FALSE,0,174,NA,NA,NA,NA,Early regeneration,0,2,TRUE,FALSE,TRUE,0.76,78,0,219,49,0.005,0.005105521210829247
BU-MT3-P32,BU,3,XP202-PR,4,B,NA,NA,NA,FALSE,1,174,NA,NA,NA,NA,Early regeneration,0,2,TRUE,FALSE,TRUE,0.76,78,0,219,NA,NA,NA
CH-MT1-P44,CH,1,XP202-PR,4,C,NA,NA,NA,FALSE,1,293,NA,NA,NA,NA,Early regeneration,0,2,TRUE,FALSE,TRUE,0.76,78,0,219,NA,NA,NA
BS-MT5-P13,BS,5,XP202-PR,4,C,5,4,15,FALSE,0,174,NA,NA,NA,NA,Early regeneration,0,2,TRUE,FALSE,TRUE,0.76,78,0,219,1,0.15,0.150074610957152
CP-MT2-P11,CP,2,XP202-PR,4,C,7,7,1,FALSE,0,293,NA,NA,NA,NA,Early regeneration,0,2,TRUE,FALSE,TRUE,0.76,78,0,219,0,0.01,0.01010445534001279
EA-MT1-P70,EA,1,XP202-PR,4,C,12,7,1,FALSE,0,85,5.76,27.107858512091255,2.502,0.97,Early regeneration,0,2,TRUE,FALSE,TRUE,0.76,78,0,219,5,0.01,0.01010445534001279
BG-MT1-P67,BG,1,XP202-PR,4,C,76,17,0.5,FALSE,0,174,1.9474999999999998,34.34540206646288,2.417,0.567,Early regeneration,0,2,TRUE,FALSE,TRUE,0.76,78,0,219,59,0.005,0.005105521210829247
BU-MT2-P51,BU,2,XP202-PR,4,C,6,0,0,FALSE,0,174,3.2875,18.527437701353982,1.252,0.385,Early regeneration,0,2,TRUE,FALSE,TRUE,0.76,78,0,219,6,0,1.0658708164570453e-4
PA-MT6-P3,PA,6,XP202-PR,4,C,290,88,0.5,FALSE,0,293,1.3325,24.802701826861036,2.802,0.738,Early regeneration,0,2,TRUE,FALSE,TRUE,0.76,78,0,219,202,0.005,0.005105521210829247
OP-MT7-P41,OP,7,XP202-PR,4,C,42,24,1,FALSE,0,293,NA,NA,NA,NA,Early regeneration,0,2,TRUE,FALSE,TRUE,0.76,78,0,219,18,0.01,0.01010445534001279
DC-MT1-P27,DC,1,XP202-PR,4,C,NA,NA,NA,FALSE,1,89,NA,NA,NA,NA,Early regeneration,0,2,TRUE,FALSE,TRUE,0.76,78,0,219,NA,NA,NA
IS-MT5-P57,IS,5,XP202-PR,4,C,7,5,1,FALSE,0,85,4.285,26.931395918851095,1.525,0.482,Early regeneration,0,2,TRUE,FALSE,TRUE,0.76,78,0,219,2,0.01,0.01010445534001279
MC-MT2-P8,MC,2,XP202-PR,4,C,40,7,1,FALSE,0,174,NA,NA,NA,NA,Early regeneration,0,2,TRUE,FALSE,TRUE,0.76,78,0,219,33,0.01,0.01010445534001279
OP-MT9-P76,OP,9,XP202-PR,5,A,10,3,0.5,FALSE,0,343,NA,NA,NA,NA,Early regeneration,0,2,TRUE,FALSE,TRUE,0.76,78,0,219,7,0.005,0.005105521210829247
CP-MT4-P60,CP,4,XP202-PR,5,A,NA,NA,NA,FALSE,1,293,NA,NA,NA,NA,Early regeneration,0,2,TRUE,FALSE,TRUE,0.76,78,0,219,NA,NA,NA
PA-MT6-P17,PA,6,XP202-PR,5,A,NA,NA,NA,FALSE,1,293,NA,NA,NA,NA,Early regeneration,0,2,TRUE,FALSE,TRUE,0.76,78,0,219,NA,NA,NA
BG-MT4-P76,BG,4,XP202-PR,5,A,NA,NA,NA,FALSE,0,174,NA,NA,NA,NA,Early regeneration,0,2,TRUE,FALSE,TRUE,0.76,78,0,219,NA,NA,NA
DC-MT4-P40,DC,4,XP202-PR,5,A,NA,NA,NA,FALSE,0,174,NA,NA,NA,NA,Early regeneration,0,2,TRUE,FALSE,TRUE,0.76,78,0,219,NA,NA,NA
CH-MT2-P22,CH,2,XP202-PR,5,A,NA,NA,NA,FALSE,0,174,NA,NA,NA,NA,Early regeneration,0,2,TRUE,FALSE,TRUE,0.76,78,0,219,NA,NA,NA
IS-MT5-P11,IS,5,XP202-PR,5,B,NA,NA,NA,FALSE,1,343,NA,NA,NA,NA,Early regeneration,0,2,TRUE,FALSE,TRUE,0.76,78,0,219,NA,NA,NA
CP-MT2-P4,CP,2,XP202-PR,5,B,NA,NA,NA,FALSE,1,293,NA,NA,NA,NA,Early regeneration,0,2,TRUE,FALSE,TRUE,0.76,78,0,219,NA,NA,NA
OP-MT7-P28,OP,7,XP202-PR,5,B,NA,NA,NA,FALSE,1,293,NA,NA,NA,NA,Early regeneration,0,2,TRUE,FALSE,TRUE,0.76,78,0,219,NA,NA,NA
DC-MT1-P84,DC,1,XP202-PR,5,B,NA,NA,NA,FALSE,0,174,NA,NA,NA,NA,Early regeneration,0,2,TRUE,FALSE,TRUE,0.76,78,0,219,NA,NA,NA
BG-MT5-P53,BG,5,XP202-PR,5,B,NA,NA,NA,FALSE,0,174,NA,NA,NA,NA,Early regeneration,0,2,TRUE,FALSE,TRUE,0.76,78,0,219,NA,NA,NA
CP-MT3-P8,CP,3,XP202-PR,5,C,NA,NA,NA,FALSE,0,293,NA,NA,NA,NA,Early regeneration,0,2,TRUE,FALSE,TRUE,0.76,78,0,219,NA,NA,NA
OP-MT8-P41,OP,8,XP202-PR,5,C,NA,NA,NA,FALSE,1,293,NA,NA,NA,NA,Early regeneration,0,2,TRUE,FALSE,TRUE,0.76,78,0,219,NA,NA,NA
BU-MT1-P36,BU,1,XP202-PR,5,C,NA,NA,NA,FALSE,1,293,NA,NA,NA,NA,Early regeneration,0,2,TRUE,FALSE,TRUE,0.76,78,0,219,NA,NA,NA
CH-MT5-P19,CH,5,XP202-PR,5,C,NA,NA,NA,FALSE,0,174,NA,NA,NA,NA,Early regeneration,0,2,TRUE,FALSE,TRUE,0.76,78,0,219,NA,NA,NA
IS-MT2-P63,IS,2,XP202-PR,5,C,NA,NA,NA,FALSE,0,85,NA,NA,NA,NA,Early regeneration,0,2,TRUE,FALSE,TRUE,0.76,78,0,219,NA,NA,NA
DC-MT3-P35,DC,3,XP202-PR,5,C,NA,NA,NA,FALSE,1,174,NA,NA,NA,NA,Early regeneration,0,2,TRUE,FALSE,TRUE,0.76,78,0,219,NA,NA,NA
BG-MT2-P87,BG,2,XP202-PR,5,C,NA,NA,NA,FALSE,1,174,NA,NA,NA,NA,Early regeneration,0,2,TRUE,FALSE,TRUE,0.76,78,0,219,NA,NA,NA
MC-MT3-P70,MC,3,XP203-PR,1,A,12,9,10,FALSE,0,217,NA,NA,NA,NA,Early regeneration,9,9,FALSE,FALSE,FALSE,0.79,162,0,533,3,0.1,0.10008526966531657
BG-MT1-P42,BG,1,XP203-PR,1,A,50,3,0.5,FALSE,0,217,NA,NA,NA,NA,Early regeneration,9,9,FALSE,FALSE,FALSE,0.79,162,0,533,47,0.005,0.005105521210829247
BU-MT3-P12,BU,3,XP203-PR,1,A,4,1,0.5,FALSE,0,217,NA,NA,NA,NA,Early regeneration,9,9,FALSE,FALSE,FALSE,0.79,162,0,533,3,0.005,0.005105521210829247
DC-MT1-P78,DC,1,XP203-PR,1,A,3,1,0.5,FALSE,0,217,NA,NA,NA,NA,Early regeneration,9,9,FALSE,FALSE,FALSE,0.79,162,0,533,2,0.005,0.005105521210829247
BS-MT5-P44,BS,5,XP203-PR,1,A,3,2,10,FALSE,0,125,NA,NA,NA,NA,Early regeneration,9,9,FALSE,FALSE,FALSE,0.79,162,0,533,1,0.1,0.10008526966531657
IS-MT3-P20,IS,3,XP203-PR,1,A,3,1,0.5,FALSE,0,370,NA,NA,NA,NA,Early regeneration,9,9,FALSE,FALSE,FALSE,0.79,162,0,533,2,0.005,0.005105521210829247
OP-MT8-P40,OP,8,XP203-PR,1,A,6,5,0.5,FALSE,0,320,NA,NA,NA,NA,Early regeneration,9,9,FALSE,FALSE,FALSE,0.79,162,0,533,1,0.005,0.005105521210829247
PA-MT3-P49,PA,3,XP203-PR,1,A,96,21,0.5,FALSE,0,370,NA,NA,NA,NA,Early regeneration,9,9,FALSE,FALSE,FALSE,0.79,162,0,533,75,0.005,0.005105521210829247
CH-MT2-P37,CH,2,XP203-PR,1,A,2,0,0,FALSE,0,217,NA,NA,NA,NA,Early regeneration,9,9,FALSE,FALSE,FALSE,0.79,162,0,533,2,0,1.0658708164570453e-4
EA-MT1-P52,EA,1,XP203-PR,1,B,15,7,0.5,FALSE,0,125,NA,NA,NA,NA,Early regeneration,9,9,FALSE,FALSE,FALSE,0.79,162,0,533,8,0.005,0.005105521210829247
IS-MT4-P42,IS,4,XP203-PR,1,B,5,3,0.5,FALSE,0,320,NA,NA,NA,NA,Early regeneration,9,9,FALSE,FALSE,FALSE,0.79,162,0,533,2,0.005,0.005105521210829247
BS-MT5-P60,BS,5,XP203-PR,1,B,1,0,0,FALSE,0,125,NA,NA,NA,NA,Early regeneration,9,9,FALSE,FALSE,FALSE,0.79,162,0,533,1,0,1.0658708164570453e-4
CH-MT1-P15,CH,1,XP203-PR,1,B,NA,NA,NA,FALSE,1,320,NA,NA,NA,NA,Early regeneration,9,9,FALSE,FALSE,FALSE,0.79,162,0,533,NA,NA,NA
BU-MT3-P8,BU,3,XP203-PR,1,B,4,1,0.5,FALSE,0,217,NA,NA,NA,NA,Early regeneration,9,9,FALSE,FALSE,FALSE,0.79,162,0,533,3,0.005,0.005105521210829247
CP-MT4-P67,CP,4,XP203-PR,1,B,3,0,0,FALSE,0,320,NA,NA,NA,NA,Early regeneration,9,9,FALSE,FALSE,FALSE,0.79,162,0,533,3,0,1.0658708164570453e-4
DC-MT1-P11,DC,1,XP203-PR,1,B,3,2,0.5,FALSE,0,217,NA,NA,NA,NA,Early regeneration,9,9,FALSE,FALSE,FALSE,0.79,162,0,533,1,0.005,0.005105521210829247
BG-MT4-P19,BG,4,XP203-PR,1,B,27,4,1,FALSE,0,217,NA,NA,NA,NA,Early regeneration,9,9,FALSE,FALSE,FALSE,0.79,162,0,533,23,0.01,0.01010445534001279
MC-MT1-P52,MC,1,XP203-PR,1,C,26,11,0.5,FALSE,0,217,1.92,7.629360995524692,4.685,1.469,Early regeneration,9,9,FALSE,FALSE,FALSE,0.79,162,0,533,15,0.005,0.005105521210829247
IS-MT1-P17,IS,1,XP203-PR,1,C,4,4,55,FALSE,0,320,3.9225000000000003,4.004723532871203,0.885,0.347,Early regeneration,9,9,FALSE,FALSE,FALSE,0.79,162,0,533,0,0.55,0.5499893412918354
CH-MT1-P47,CH,1,XP203-PR,1,C,2,1,22.5,FALSE,1,103,NA,NA,NA,NA,Early regeneration,9,9,FALSE,FALSE,FALSE,0.79,162,0,533,1,0.225,0.22505862289490514
BU-MT1-P14,BU,1,XP203-PR,1,C,0,0,0,FALSE,1,320,NA,NA,NA,NA,Early regeneration,9,9,FALSE,FALSE,FALSE,0.79,162,0,533,0,0,1.0658708164570453e-4
PA-MT6-P6,PA,6,XP203-PR,1,C,95,90,0.5,FALSE,0,320,1.315,2.7807876604345836,2.282,0.518,Early regeneration,9,9,FALSE,FALSE,FALSE,0.79,162,0,533,5,0.005,0.005105521210829247
OP-MT8-P35,OP,8,XP203-PR,1,C,NA,NA,NA,FALSE,1,103,NA,NA,NA,NA,Early regeneration,9,9,FALSE,FALSE,FALSE,0.79,162,0,533,NA,NA,NA
OP-MT8-P47,OP,8,XP203-PR,1,C,11,3,0.5,FALSE,0,125,NA,NA,NA,NA,Early regeneration,9,9,FALSE,FALSE,FALSE,0.79,162,0,533,8,0.005,0.005105521210829247
BG-MT2-P62,BG,2,XP203-PR,1,C,105,5,0.5,FALSE,0,217,2.1999999999999997,34.83136387110326,1.02,0.39,Early regeneration,9,9,FALSE,FALSE,FALSE,0.79,162,0,533,100,0.005,0.005105521210829247
EA-MT1-P26,EA,1,XP203-PR,1,C,19,9,0.5,FALSE,0,125,4.4975000000000005,7.846069049045987,1.79,0.821,Early regeneration,9,9,FALSE,FALSE,FALSE,0.79,162,0,533,10,0.005,0.005105521210829247
BS-MT7-P61,BS,7,XP203-PR,1,C,3,2,1,FALSE,0,125,NA,NA,NA,NA,Early regeneration,9,9,FALSE,FALSE,FALSE,0.79,162,0,533,1,0.01,0.01010445534001279
CP-MT5-P16,CP,5,XP203-PR,1,C,7,7,2.5,FALSE,0,217,NA,NA,NA,NA,Early regeneration,9,9,FALSE,FALSE,FALSE,0.79,162,0,533,0,0.025,0.025101257727563418
BS-MT6-P82,BS,6,XP203-PR,2,A,3,2,0.5,FALSE,0,125,NA,NA,NA,NA,Early regeneration,9,9,FALSE,FALSE,FALSE,0.79,162,0,533,1,0.005,0.005105521210829247
PA-MT7-P22,PA,7,XP203-PR,2,A,61,25,0.5,FALSE,0,217,NA,NA,NA,NA,Early regeneration,9,9,FALSE,FALSE,FALSE,0.79,162,0,533,36,0.005,0.005105521210829247
BG-MT4-P39,BG,4,XP203-PR,2,A,81,38,1,FALSE,0,217,NA,NA,NA,NA,Early regeneration,9,9,FALSE,FALSE,FALSE,0.79,162,0,533,43,0.01,0.01010445534001279
DC-MT5-P11,DC,5,XP203-PR,2,A,6,5,1,FALSE,0,217,NA,NA,NA,NA,Early regeneration,9,9,FALSE,FALSE,FALSE,0.79,162,0,533,1,0.01,0.01010445534001279
IS-MT2-P49,IS,2,XP203-PR,2,A,5,5,1,FALSE,0,370,NA,NA,NA,NA,Early regeneration,9,9,FALSE,FALSE,FALSE,0.79,162,0,533,0,0.01,0.01010445534001279
CH-MT5-P15,CH,5,XP203-PR,2,A,7,7,25,FALSE,0,217,NA,NA,NA,NA,Early regeneration,9,9,FALSE,FALSE,FALSE,0.79,162,0,533,0,0.25,0.25005329354082284
CH-MT5-P15,CH,5,XP203-PR,2,A,7,7,25,FALSE,0,162,NA,NA,NA,NA,Early regeneration,9,9,FALSE,FALSE,FALSE,0.79,162,0,533,0,0.25,0.25005329354082284
OP-MT2-P24,OP,2,XP203-PR,2,A,42,39,2.5,FALSE,0,370,NA,NA,NA,NA,Early regeneration,9,9,FALSE,FALSE,FALSE,0.79,162,0,533,3,0.025,0.025101257727563418
EA-MT4-P4,EA,4,XP203-PR,2,A,42,41,2.5,FALSE,0,320,NA,NA,NA,NA,Early regeneration,9,9,FALSE,FALSE,FALSE,0.79,162,0,533,1,0.025,0.025101257727563418
CP-MT5-P52,CP,5,XP203-PR,2,A,5,4,1,FALSE,0,217,NA,NA,NA,NA,Early regeneration,9,9,FALSE,FALSE,FALSE,0.79,162,0,533,1,0.01,0.01010445534001279
BU-MT2-P52,BU,2,XP203-PR,2,A,10,0,0,FALSE,0,217,NA,NA,NA,NA,Early regeneration,9,9,FALSE,FALSE,FALSE,0.79,162,0,533,10,0,1.0658708164570453e-4
MC-MT2-P5,MC,2,XP203-PR,2,A,18,13,7.5,FALSE,0,217,NA,NA,NA,NA,Early regeneration,9,9,FALSE,FALSE,FALSE,0.79,162,0,533,5,0.075,0.07509059901939885
IS-MT5-P24,IS,5,XP203-PR,2,B,4,2,1,FALSE,0,370,NA,NA,NA,NA,Early regeneration,9,9,FALSE,FALSE,FALSE,0.79,162,0,533,2,0.01,0.01010445534001279
CH-MT5-P54,CH,5,XP203-PR,2,B,10,9,20,FALSE,0,217,NA,NA,NA,NA,Early regeneration,9,9,FALSE,FALSE,FALSE,0.79,162,0,533,1,0.2,0.20006395224898743
OP-MT2-P60,OP,2,XP203-PR,2,B,9,5,1,FALSE,0,125,NA,NA,NA,NA,Early regeneration,9,9,FALSE,FALSE,FALSE,0.79,162,0,533,4,0.01,0.01010445534001279
BU-MT1-P37,BU,1,XP203-PR,2,B,7,3,0.5,FALSE,0,320,NA,NA,NA,NA,Early regeneration,9,9,FALSE,FALSE,FALSE,0.79,162,0,533,4,0.005,0.005105521210829247
CP-MT1-P11,CP,1,XP203-PR,2,B,7,7,1,FALSE,0,217,NA,NA,NA,NA,Early regeneration,9,9,FALSE,FALSE,FALSE,0.79,162,0,533,0,0.01,0.01010445534001279
BS-MT7-P16,BS,7,XP203-PR,2,B,5,4,5,FALSE,0,217,NA,NA,NA,NA,Early regeneration,9,9,FALSE,FALSE,FALSE,0.79,162,0,533,1,0.05,0.05009592837348113
DC-MT3-P53,DC,3,XP203-PR,2,B,2,1,5,FALSE,0,217,NA,NA,NA,NA,Early regeneration,9,9,FALSE,FALSE,FALSE,0.79,162,0,533,1,0.05,0.05009592837348113
BG-MT3-P29,BG,3,XP203-PR,2,B,158,29,1,FALSE,0,217,NA,NA,NA,NA,Early regeneration,9,9,FALSE,FALSE,FALSE,0.79,162,0,533,129,0.01,0.01010445534001279
EA-MT1-P65,EA,1,XP203-PR,2,B,20,8,0.5,FALSE,0,90,NA,NA,NA,NA,Early regeneration,9,9,FALSE,FALSE,FALSE,0.79,162,0,533,12,0.005,0.005105521210829247
OP-MT7-P31,OP,7,XP203-PR,2,C,17,11,1,FALSE,0,320,NA,NA,NA,NA,Early regeneration,9,9,FALSE,FALSE,FALSE,0.79,162,0,533,6,0.01,0.01010445534001279
CP-MT2-P6,CP,2,XP203-PR,2,C,8,6,2.5,FALSE,0,320,NA,NA,NA,NA,Early regeneration,9,9,FALSE,FALSE,FALSE,0.79,162,0,533,2,0.025,0.025101257727563418
IS-MT1-P35,IS,1,XP203-PR,2,C,6,6,10,FALSE,0,320,3.6375,25.562657347457552,0.683,0.35,Early regeneration,9,9,FALSE,FALSE,FALSE,0.79,162,0,533,0,0.1,0.10008526966531657
BS-MT6-P11,BS,6,XP203-PR,2,C,5,4,1,FALSE,0,217,NA,NA,NA,NA,Early regeneration,9,9,FALSE,FALSE,FALSE,0.79,162,0,533,1,0.01,0.01010445534001279
BG-MT5-P88,BG,5,XP203-PR,2,C,14,0,0,FALSE,0,217,1.805,15.507741892253906,0.136,0.058,Early regeneration,9,9,FALSE,FALSE,FALSE,0.79,162,0,533,14,0,1.0658708164570453e-4
BU-MT4-P8,BU,4,XP203-PR,2,C,4,1,0.5,FALSE,0,217,3.075,26.10421022114656,0.925,0.372,Early regeneration,9,9,FALSE,FALSE,FALSE,0.79,162,0,533,3,0.005,0.005105521210829247
CH-MT4-P96,CH,4,XP203-PR,2,C,7,6,15,FALSE,0,217,1.9125,52.73063472940238,1.55,0.459,Early regeneration,9,9,FALSE,FALSE,FALSE,0.79,162,0,533,1,0.15,0.150074610957152
MC-MT1-P29,MC,1,XP203-PR,2,C,19,10,1,FALSE,0,217,2.09,27.327325416078494,3.764,1.033,Early regeneration,9,9,FALSE,FALSE,FALSE,0.79,162,0,533,9,0.01,0.01010445534001279
IS-MT3-P56,IS,3,XP203-PR,3,A,NA,NA,NA,FALSE,1,370,NA,NA,NA,NA,Early regeneration,9,9,FALSE,FALSE,FALSE,0.79,162,0,533,NA,NA,NA
EA-MT5-P61,EA,5,XP203-PR,3,A,12,8,1,FALSE,0,125,NA,NA,NA,NA,Early regeneration,9,9,FALSE,FALSE,FALSE,0.79,162,0,533,4,0.01,0.01010445534001279
DC-MT4-P81,DC,4,XP203-PR,3,A,5,1,0.5,FALSE,0,217,NA,NA,NA,NA,Early regeneration,9,9,FALSE,FALSE,FALSE,0.79,162,0,533,4,0.005,0.005105521210829247
CH-MT4-P6,CH,4,XP203-PR,3,A,4,4,60,FALSE,0,217,NA,NA,NA,NA,Early regeneration,9,9,FALSE,FALSE,FALSE,0.79,162,0,533,0,0.6,0.5999786825836708
CP-MT3-P31,CP,3,XP203-PR,3,A,3,0,0,FALSE,0,320,NA,NA,NA,NA,Early regeneration,9,9,FALSE,FALSE,FALSE,0.79,162,0,533,3,0,1.0658708164570453e-4
OP-MT9-P18,OP,9,XP203-PR,3,A,9,3,0.5,FALSE,0,370,NA,NA,NA,NA,Early regeneration,9,9,FALSE,FALSE,FALSE,0.79,162,0,533,6,0.005,0.005105521210829247
BS-MT1-P52,BS,1,XP203-PR,3,A,3,2,15,FALSE,0,125,NA,NA,NA,NA,Early regeneration,9,9,FALSE,FALSE,FALSE,0.79,162,0,533,1,0.15,0.150074610957152
VB-MT1-P25,VB,1,XP203-PR,3,A,217,120,2.5,FALSE,0,217,NA,NA,NA,NA,Early regeneration,9,9,FALSE,FALSE,FALSE,0.79,162,0,533,97,0.025,0.025101257727563418
PA-MT3-P53,PA,3,XP203-PR,3,A,10,4,2.5,FALSE,0,125,NA,NA,NA,NA,Early regeneration,9,9,FALSE,FALSE,FALSE,0.79,162,0,533,6,0.025,0.025101257727563418
BG-MT2-P37,BG,2,XP203-PR,3,A,40,7,1,FALSE,0,217,NA,NA,NA,NA,Early regeneration,9,9,FALSE,FALSE,FALSE,0.79,162,0,533,33,0.01,0.01010445534001279
BU-MT5-P31,BU,5,XP203-PR,3,A,5,1,5,FALSE,0,217,NA,NA,NA,NA,Early regeneration,9,9,FALSE,FALSE,FALSE,0.79,162,0,533,4,0.05,0.05009592837348113
OP-MT2-P20,OP,2,XP203-PR,3,B,6,2,0.5,FALSE,0,370,NA,NA,NA,NA,Early regeneration,9,9,FALSE,FALSE,FALSE,0.79,162,0,533,4,0.005,0.005105521210829247
BG-MT3-P72,BG,3,XP203-PR,3,B,49,2,0.5,FALSE,0,217,NA,NA,NA,NA,Early regeneration,9,9,FALSE,FALSE,FALSE,0.79,162,0,533,47,0.005,0.005105521210829247
IS-MT5-P46,IS,5,XP203-PR,3,B,3,3,1,FALSE,0,370,NA,NA,NA,NA,Early regeneration,9,9,FALSE,FALSE,FALSE,0.79,162,0,533,0,0.01,0.01010445534001279
CP-MT1-P52,CP,1,XP203-PR,3,B,2,1,0.5,FALSE,1,92,NA,NA,NA,NA,Early regeneration,9,9,FALSE,FALSE,FALSE,0.79,162,0,533,1,0.005,0.005105521210829247
CP-MT1-P52,CP,1,XP203-PR,3,B,2,1,0.5,FALSE,0,NA,NA,NA,NA,NA,Early regeneration,9,9,FALSE,FALSE,FALSE,0.79,162,0,533,1,0.005,0.005105521210829247
MC-MT1-P49,MC,1,XP203-PR,3,B,30,12,0.5,FALSE,0,217,NA,NA,NA,NA,Early regeneration,9,9,FALSE,FALSE,FALSE,0.79,162,0,533,18,0.005,0.005105521210829247
BS-MT1-P7,BS,1,XP203-PR,3,B,7,6,0.5,FALSE,0,217,NA,NA,NA,NA,Early regeneration,9,9,FALSE,FALSE,FALSE,0.79,162,0,533,1,0.005,0.005105521210829247
EA-MT1-P64,EA,1,XP203-PR,3,B,21,7,0.5,FALSE,0,125,NA,NA,NA,NA,Early regeneration,9,9,FALSE,FALSE,FALSE,0.79,162,0,533,14,0.005,0.005105521210829247
BU-MT4-P72,BU,4,XP203-PR,3,B,7,1,0.5,FALSE,0,217,NA,NA,NA,NA,Early regeneration,9,9,FALSE,FALSE,FALSE,0.79,162,0,533,6,0.005,0.005105521210829247
CH-MT3-P58,CH,3,XP203-PR,3,B,3,3,65,FALSE,0,217,NA,NA,NA,NA,Early regeneration,9,9,FALSE,FALSE,FALSE,0.79,162,0,533,0,0.65,0.6499680238755063
CP-MT2-P9,CP,2,XP203-PR,3,C,6,5,1,FALSE,0,320,NA,NA,NA,NA,Early regeneration,9,9,FALSE,FALSE,FALSE,0.79,162,0,533,1,0.01,0.01010445534001279
BG-MT3-P70,BG,3,XP203-PR,3,C,18,8,10,FALSE,0,217,1.7774999999999999,17.12021355912331,0.764,0.246,Early regeneration,9,9,FALSE,FALSE,FALSE,0.79,162,0,533,10,0.1,0.10008526966531657
EA-MT3-P17,EA,3,XP203-PR,3,C,NA,NA,NA,FALSE,1,103,NA,NA,NA,NA,Early regeneration,9,9,FALSE,FALSE,FALSE,0.79,162,0,533,NA,NA,NA
EA-MT1-P98,EA,1,XP203-PR,3,C,17,12,0.5,FALSE,0,125,5.745000000000001,11.7493740930028,0.485,0.18,Early regeneration,9,9,FALSE,FALSE,FALSE,0.79,162,0,533,5,0.005,0.005105521210829247
CH-MT5-P16,CH,5,XP203-PR,3,C,5,4,10,FALSE,0,217,1.3525,32.274795547764136,13.158,0.203,Early regeneration,9,9,FALSE,FALSE,FALSE,0.79,162,0,533,1,0.1,0.10008526966531657
MC-MT2-P22,MC,2,XP203-PR,3,C,0,0,0,FALSE,1,217,NA,NA,NA,NA,Early regeneration,9,9,FALSE,FALSE,FALSE,0.79,162,0,533,0,0,1.0658708164570453e-4
OP-MT6-P33,OP,6,XP203-PR,3,C,12,10,0.5,FALSE,0,320,NA,NA,NA,NA,Early regeneration,9,9,FALSE,FALSE,FALSE,0.79,162,0,533,2,0.005,0.005105521210829247
BS-MT5-P18,BS,5,XP203-PR,3,C,6,4,7.5,FALSE,0,217,NA,NA,NA,NA,Early regeneration,9,9,FALSE,FALSE,FALSE,0.79,162,0,533,2,0.075,0.07509059901939885
BU-MT5-P25,BU,5,XP203-PR,3,C,1,0,0,FALSE,1,92,NA,NA,NA,NA,Early regeneration,9,9,FALSE,FALSE,FALSE,0.79,162,0,533,1,0,1.0658708164570453e-4
DC-MT4-P68,DC,4,XP203-PR,3,C,3,2,0.5,FALSE,0,217,NA,NA,NA,NA,Early regeneration,9,9,FALSE,FALSE,FALSE,0.79,162,0,533,1,0.005,0.005105521210829247
IS-MT3-P25,IS,3,XP203-PR,3,C,6,6,2.5,FALSE,0,125,3.36,14.402534230767746,2.196,0.68,Early regeneration,9,9,FALSE,FALSE,FALSE,0.79,162,0,533,0,0.025,0.025101257727563418
DC-MT3-P21,DC,3,XP203-PR,4,A,4,4,15,FALSE,1,217,NA,NA,NA,NA,Early regeneration,9,9,FALSE,FALSE,FALSE,0.79,162,0,533,0,0.15,0.150074610957152
IS-MT2-P62,IS,2,XP203-PR,4,A,9,5,15,FALSE,0,370,NA,NA,NA,NA,Early regeneration,9,9,FALSE,FALSE,FALSE,0.79,162,0,533,4,0.15,0.150074610957152
CP-MT3-P5,CP,3,XP203-PR,4,A,6,5,1,FALSE,0,320,NA,NA,NA,NA,Early regeneration,9,9,FALSE,FALSE,FALSE,0.79,162,0,533,1,0.01,0.01010445534001279
CH-MT2-P6,CH,2,XP203-PR,4,A,9,8,5,FALSE,0,217,NA,NA,NA,NA,Early regeneration,9,9,FALSE,FALSE,FALSE,0.79,162,0,533,1,0.05,0.05009592837348113
BG-MT1-P98,BG,1,XP203-PR,4,A,78,4,0.5,FALSE,0,217,NA,NA,NA,NA,Early regeneration,9,9,FALSE,FALSE,FALSE,0.79,162,0,533,74,0.005,0.005105521210829247
OP-MT9-P21,OP,9,XP203-PR,4,A,NA,NA,NA,FALSE,1,50,NA,NA,NA,NA,Early regeneration,9,9,FALSE,FALSE,FALSE,0.79,162,0,533,NA,NA,NA
OP-MT9-P19,OP,9,XP203-PR,4,A,8,5,7.5,FALSE,0,125,NA,NA,NA,NA,Early regeneration,9,9,FALSE,FALSE,FALSE,0.79,162,0,533,3,0.075,0.07509059901939885
PA-MT3-P11,PA,3,XP203-PR,4,A,180,62,1,FALSE,0,370,NA,NA,NA,NA,Early regeneration,9,9,FALSE,FALSE,FALSE,0.79,162,0,533,118,0.01,0.01010445534001279
BU-MT3-P50,BU,3,XP203-PR,4,A,5,1,1,FALSE,0,217,NA,NA,NA,NA,Early regeneration,9,9,FALSE,FALSE,FALSE,0.79,162,0,533,4,0.01,0.01010445534001279
MC-MT3-P51,MC,3,XP203-PR,4,A,26,18,5,FALSE,NA,NA,NA,NA,NA,NA,Early regeneration,9,9,FALSE,FALSE,FALSE,0.79,162,0,533,8,0.05,0.05009592837348113
BS-MT5-P9,BS,5,XP203-PR,4,A,5,4,10,FALSE,0,217,NA,NA,NA,NA,Early regeneration,9,9,FALSE,FALSE,FALSE,0.79,162,0,533,1,0.1,0.10008526966531657
DC-MT2-P17,DC,2,XP203-PR,4,B,4,3,5,FALSE,0,217,NA,NA,NA,NA,Early regeneration,9,9,FALSE,FALSE,FALSE,0.79,162,0,533,1,0.05,0.05009592837348113
IS-MT4-P11,IS,4,XP203-PR,4,B,7,7,0.5,FALSE,0,320,NA,NA,NA,NA,Early regeneration,9,9,FALSE,FALSE,FALSE,0.79,162,0,533,0,0.005,0.005105521210829247
PA-MT7-P46,PA,7,XP203-PR,4,B,86,32,0.5,FALSE,0,217,NA,NA,NA,NA,Early regeneration,9,9,FALSE,FALSE,FALSE,0.79,162,0,533,54,0.005,0.005105521210829247
BS-MT1-P63,BS,1,XP203-PR,4,B,NA,NA,NA,FALSE,1,125,NA,NA,NA,NA,Early regeneration,9,9,FALSE,FALSE,FALSE,0.79,162,0,533,NA,NA,NA
MC-MT2-P63,MC,2,XP203-PR,4,B,60,10,5,FALSE,1,92,NA,NA,NA,NA,Early regeneration,9,9,FALSE,FALSE,FALSE,0.79,162,0,533,50,0.05,0.05009592837348113
CH-MT3-P48,CH,3,XP203-PR,4,B,5,5,70,FALSE,0,217,NA,NA,NA,NA,Early regeneration,9,9,FALSE,FALSE,FALSE,0.79,162,0,533,0,0.7,0.6999573651673417
OP-MT7-P23,OP,7,XP203-PR,4,B,15,15,0.5,FALSE,0,320,NA,NA,NA,NA,Early regeneration,9,9,FALSE,FALSE,FALSE,0.79,162,0,533,0,0.005,0.005105521210829247
EA-MT2-P9,EA,2,XP203-PR,4,B,20,5,0.5,FALSE,0,320,NA,NA,NA,NA,Early regeneration,9,9,FALSE,FALSE,FALSE,0.79,162,0,533,15,0.005,0.005105521210829247
BG-MT5-P33,BG,5,XP203-PR,4,B,31,7,2.5,FALSE,0,217,NA,NA,NA,NA,Early regeneration,9,9,FALSE,FALSE,FALSE,0.79,162,0,533,24,0.025,0.025101257727563418
BU-MT2-P6,BU,2,XP203-PR,4,B,5,3,0.5,FALSE,0,217,NA,NA,NA,NA,Early regeneration,9,9,FALSE,FALSE,FALSE,0.79,162,0,533,2,0.005,0.005105521210829247
VB-MT1-P46,VB,1,XP203-PR,4,C,76,42,7.5,FALSE,0,217,2.9475,19.975675094243083,0.551,0.193,Early regeneration,9,9,FALSE,FALSE,FALSE,0.79,162,0,533,34,0.075,0.07509059901939885
CP-MT4-P47,CP,4,XP203-PR,4,C,8,6,0.5,FALSE,0,320,NA,NA,NA,NA,Early regeneration,9,9,FALSE,FALSE,FALSE,0.79,162,0,533,2,0.005,0.005105521210829247
EA-MT5-P13,EA,5,XP203-PR,4,C,16,5,0.5,FALSE,0,125,4.9725,21.638423421802653,1.487,0.631,Early regeneration,9,9,FALSE,FALSE,FALSE,0.79,162,0,533,11,0.005,0.005105521210829247
OP-MT6-P6,OP,6,XP203-PR,4,C,3,1,1,FALSE,1,195,NA,NA,NA,NA,Early regeneration,9,9,FALSE,FALSE,FALSE,0.79,162,0,533,2,0.01,0.01010445534001279
DC-MT5-P79,DC,5,XP203-PR,4,C,2,0,0,FALSE,0,217,NA,NA,NA,NA,Early regeneration,9,9,FALSE,FALSE,FALSE,0.79,162,0,533,2,0,1.0658708164570453e-4
CH-MT4-P83,CH,4,XP203-PR,4,C,5,4,40,FALSE,0,217,1.1675,37.07265551822613,1.302,0.377,Early regeneration,9,9,FALSE,FALSE,FALSE,0.79,162,0,533,1,0.4,0.4000213174163291
PA-MT6-P69,PA,6,XP203-PR,4,C,34,12,0.5,FALSE,0,320,0.9175,16.841560887305782,1.433,0.336,Early regeneration,9,9,FALSE,FALSE,FALSE,0.79,162,0,533,22,0.005,0.005105521210829247
BS-MT6-P80,BS,6,XP203-PR,4,C,4,3,35,FALSE,0,125,NA,NA,NA,NA,Early regeneration,9,9,FALSE,FALSE,FALSE,0.79,162,0,533,1,0.35,0.3500319761244937
BU-MT2-P35,BU,2,XP203-PR,4,C,NA,NA,NA,FALSE,1,92,NA,NA,NA,NA,Early regeneration,9,9,FALSE,FALSE,FALSE,0.79,162,0,533,NA,NA,NA
IS-MT2-P23,IS,2,XP203-PR,4,C,3,3,7.5,FALSE,0,125,3.1925,18.42562661601692,1.207,0.528,Early regeneration,9,9,FALSE,FALSE,FALSE,0.79,162,0,533,0,0.075,0.07509059901939885
BG-MT1-P97,BG,1,XP203-PR,4,C,14,1,0.5,FALSE,0,217,2.4050000000000002,33.807230653898074,0.173,0.053,Early regeneration,9,9,FALSE,FALSE,FALSE,0.79,162,0,533,13,0.005,0.005105521210829247
OP-MT2-P9,OP,2,XP203-PR,5,A,NA,NA,NA,FALSE,0,370,NA,NA,NA,NA,Early regeneration,9,9,FALSE,FALSE,FALSE,0.79,162,0,533,NA,NA,NA
CP-MT3-P42,CP,3,XP203-PR,5,A,NA,NA,NA,FALSE,1,320,NA,NA,NA,NA,Early regeneration,9,9,FALSE,FALSE,FALSE,0.79,162,0,533,NA,NA,NA
DC-MT4-P12,DC,4,XP203-PR,5,A,NA,NA,NA,FALSE,0,217,NA,NA,NA,NA,Early regeneration,9,9,FALSE,FALSE,FALSE,0.79,162,0,533,NA,NA,NA
BG-MT5-P46,BG,5,XP203-PR,5,A,NA,NA,NA,FALSE,0,217,NA,NA,NA,NA,Early regeneration,9,9,FALSE,FALSE,FALSE,0.79,162,0,533,NA,NA,NA
CH-MT3-P35,CH,3,XP203-PR,5,A,NA,NA,NA,FALSE,0,217,NA,NA,NA,NA,Early regeneration,9,9,FALSE,FALSE,FALSE,0.79,162,0,533,NA,NA,NA
CP-MT2-P48,CP,2,XP203-PR,5,B,NA,NA,NA,FALSE,1,103,NA,NA,NA,NA,Early regeneration,9,9,FALSE,FALSE,FALSE,0.79,162,0,533,NA,NA,NA
OP-MT7-P12,OP,7,XP203-PR,5,B,NA,NA,NA,FALSE,0,320,NA,NA,NA,NA,Early regeneration,9,9,FALSE,FALSE,FALSE,0.79,162,0,533,NA,NA,NA
PA-MT6-P77,PA,6,XP203-PR,5,B,NA,NA,NA,FALSE,0,320,NA,NA,NA,NA,Early regeneration,9,9,FALSE,FALSE,FALSE,0.79,162,0,533,NA,NA,NA
BU-MT1-P18,BU,1,XP203-PR,5,B,NA,NA,NA,FALSE,1,320,NA,NA,NA,NA,Early regeneration,9,9,FALSE,FALSE,FALSE,0.79,162,0,533,NA,NA,NA
CH-MT4-P20,CH,4,XP203-PR,5,B,NA,NA,NA,FALSE,0,217,NA,NA,NA,NA,Early regeneration,9,9,FALSE,FALSE,FALSE,0.79,162,0,533,NA,NA,NA
BG-MT2-P84,BG,2,XP203-PR,5,B,NA,NA,NA,FALSE,0,217,NA,NA,NA,NA,Early regeneration,9,9,FALSE,FALSE,FALSE,0.79,162,0,533,NA,NA,NA
DC-MT1-P44,DC,1,XP203-PR,5,B,NA,NA,NA,FALSE,0,217,NA,NA,NA,NA,Early regeneration,9,9,FALSE,FALSE,FALSE,0.79,162,0,533,NA,NA,NA
IS-MT3-P54,IS,3,XP203-PR,5,C,NA,NA,NA,FALSE,0,370,NA,NA,NA,NA,Early regeneration,9,9,FALSE,FALSE,FALSE,0.79,162,0,533,NA,NA,NA
CP-MT4-P1,CP,4,XP203-PR,5,C,NA,NA,NA,FALSE,0,320,NA,NA,NA,NA,Early regeneration,9,9,FALSE,FALSE,FALSE,0.79,162,0,533,NA,NA,NA
DC-MT5-P25,DC,5,XP203-PR,5,C,NA,NA,NA,FALSE,0,217,NA,NA,NA,NA,Early regeneration,9,9,FALSE,FALSE,FALSE,0.79,162,0,533,NA,NA,NA
BG-MT4-P60,BG,4,XP203-PR,5,C,NA,NA,NA,FALSE,0,217,NA,NA,NA,NA,Early regeneration,9,9,FALSE,FALSE,FALSE,0.79,162,0,533,NA,NA,NA
BG-MT4-P7,BG,4,XP204-PR,1,A,113,18,1,FALSE,0,217,NA,NA,NA,NA,Early regeneration,7,7,FALSE,FALSE,FALSE,0.8,166,0,555,95,0.01,0.01010445534001279
DC-MT5-P43,DC,5,XP204-PR,1,A,3,3,2.5,FALSE,0,217,NA,NA,NA,NA,Early regeneration,7,7,FALSE,FALSE,FALSE,0.8,166,0,555,0,0.025,0.025101257727563418
PA-MT3-P40,PA,3,XP204-PR,1,A,192,30,0.5,FALSE,0,371,NA,NA,NA,NA,Early regeneration,7,7,FALSE,FALSE,FALSE,0.8,166,0,555,162,0.005,0.005105521210829247
BS-MT7-P9,BS,7,XP204-PR,1,A,5,3,10,FALSE,0,217,NA,NA,NA,NA,Early regeneration,7,7,FALSE,FALSE,FALSE,0.8,166,0,555,2,0.1,0.10008526966531657
IS-MT5-P85,IS,5,XP204-PR,1,A,3,1,0.5,FALSE,0,371,NA,NA,NA,NA,Early regeneration,7,7,FALSE,FALSE,FALSE,0.8,166,0,555,2,0.005,0.005105521210829247
CP-MT5-P37,CP,5,XP204-PR,1,A,7,7,0.5,FALSE,0,217,NA,NA,NA,NA,Early regeneration,7,7,FALSE,FALSE,FALSE,0.8,166,0,555,0,0.005,0.005105521210829247
OP-MT9-P32,OP,9,XP204-PR,1,A,NA,NA,NA,FALSE,1,50,NA,NA,NA,NA,Early regeneration,7,7,FALSE,FALSE,FALSE,0.8,166,0,555,NA,NA,NA
OP-MT7-P59,OP,7,XP204-PR,1,A,12,2,0.5,FALSE,0,126,NA,NA,NA,NA,Early regeneration,7,7,FALSE,FALSE,FALSE,0.8,166,0,555,10,0.005,0.005105521210829247
OP-MT7-P59,OP,7,XP204-PR,1,A,12,2,0.5,FALSE,0,123,NA,NA,NA,NA,Early regeneration,7,7,FALSE,FALSE,FALSE,0.8,166,0,555,10,0.005,0.005105521210829247
BU-MT3-P46,BU,3,XP204-PR,1,A,13,0,0,FALSE,0,217,NA,NA,NA,NA,Early regeneration,7,7,FALSE,FALSE,FALSE,0.8,166,0,555,13,0,1.0658708164570453e-4
CH-MT2-P72,CH,2,XP204-PR,1,A,13,13,5,FALSE,0,217,NA,NA,NA,NA,Early regeneration,7,7,FALSE,FALSE,FALSE,0.8,166,0,555,0,0.05,0.05009592837348113
OP-MT8-P64,OP,8,XP204-PR,1,B,8,3,10,FALSE,0,321,NA,NA,NA,NA,Early regeneration,7,7,FALSE,FALSE,FALSE,0.8,166,0,555,5,0.1,0.10008526966531657
CH-MT5-P40,CH,5,XP204-PR,1,B,10,10,20,FALSE,0,217,NA,NA,NA,NA,Early regeneration,7,7,FALSE,FALSE,FALSE,0.8,166,0,555,0,0.2,0.20006395224898743
EA-MT5-P11,EA,5,XP204-PR,1,B,23,16,1,FALSE,0,126,NA,NA,NA,NA,Early regeneration,7,7,FALSE,FALSE,FALSE,0.8,166,0,555,7,0.01,0.01010445534001279
CP-MT5-P50,CP,5,XP204-PR,1,B,7,7,5,FALSE,0,217,NA,NA,NA,NA,Early regeneration,7,7,FALSE,FALSE,FALSE,0.8,166,0,555,0,0.05,0.05009592837348113
BU-MT5-P66,BU,5,XP204-PR,1,B,4,1,0.5,FALSE,0,217,NA,NA,NA,NA,Early regeneration,7,7,FALSE,FALSE,FALSE,0.8,166,0,555,3,0.005,0.005105521210829247
IS-MT4-P48,IS,4,XP204-PR,1,B,3,2,0.5,FALSE,0,321,NA,NA,NA,NA,Early regeneration,7,7,FALSE,FALSE,FALSE,0.8,166,0,555,1,0.005,0.005105521210829247
BS-MT1-P81,BS,1,XP204-PR,1,B,2,1,0.5,FALSE,0,126,NA,NA,NA,NA,Early regeneration,7,7,FALSE,FALSE,FALSE,0.8,166,0,555,1,0.005,0.005105521210829247
MC-MT2-P44,MC,2,XP204-PR,1,B,41,20,0.5,FALSE,0,217,NA,NA,NA,NA,Early regeneration,7,7,FALSE,FALSE,FALSE,0.8,166,0,555,21,0.005,0.005105521210829247
BG-MT5-P75,BG,5,XP204-PR,1,B,93,20,1,FALSE,0,217,NA,NA,NA,NA,Early regeneration,7,7,FALSE,FALSE,FALSE,0.8,166,0,555,73,0.01,0.01010445534001279
DC-MT3-P52,DC,3,XP204-PR,1,B,NA,NA,NA,FALSE,1,91,NA,NA,NA,NA,Early regeneration,7,7,FALSE,FALSE,FALSE,0.8,166,0,555,NA,NA,NA
BG-MT2-P59,BG,2,XP204-PR,1,C,31,6,0.5,FALSE,0,217,1.9999999999999998,44.39626073079327,1.657,0.548,Early regeneration,7,7,FALSE,FALSE,FALSE,0.8,166,0,555,25,0.005,0.005105521210829247
DC-MT3-P6,DC,3,XP204-PR,1,C,2,2,0.5,FALSE,0,217,NA,NA,NA,NA,Early regeneration,7,7,FALSE,FALSE,FALSE,0.8,166,0,555,0,0.005,0.005105521210829247
BU-MT4-P20,BU,4,XP204-PR,1,C,4,2,5,FALSE,0,217,3.0525,19.632465227498574,0.769,0.304,Early regeneration,7,7,FALSE,FALSE,FALSE,0.8,166,0,555,2,0.05,0.05009592837348113
IS-MT3-P41,IS,3,XP204-PR,1,C,6,5,2.5,FALSE,0,126,4.0975,32.45049824544057,0.968,0.416,Early regeneration,7,7,FALSE,FALSE,FALSE,0.8,166,0,555,1,0.025,0.025101257727563418
OP-MT6-P9,OP,6,XP204-PR,1,C,17,11,0.5,FALSE,0,321,NA,NA,NA,NA,Early regeneration,7,7,FALSE,FALSE,FALSE,0.8,166,0,555,6,0.005,0.005105521210829247
CP-MT2-P33,CP,2,XP204-PR,1,C,8,7,0.5,FALSE,0,321,NA,NA,NA,NA,Early regeneration,7,7,FALSE,FALSE,FALSE,0.8,166,0,555,1,0.005,0.005105521210829247
EA-MT3-P1,EA,3,XP204-PR,1,C,21,17,2.5,FALSE,0,321,6.87,24.698524963442953,1.475,0.537,Early regeneration,7,7,FALSE,FALSE,FALSE,0.8,166,0,555,4,0.025,0.025101257727563418
BS-MT6-P49,BS,6,XP204-PR,1,C,3,2,5,FALSE,0,126,NA,NA,NA,NA,Early regeneration,7,7,FALSE,FALSE,FALSE,0.8,166,0,555,1,0.05,0.05009592837348113
CH-MT2-P66,CH,2,XP204-PR,1,C,7,7,12.5,FALSE,0,217,1.65,43.68154581640508,3.199,0.701,Early regeneration,7,7,FALSE,FALSE,FALSE,0.8,166,0,555,0,0.125,0.1250799403112343
OP-MT2-P68,OP,2,XP204-PR,2,A,NA,NA,NA,FALSE,1,50,NA,NA,NA,NA,Early regeneration,7,7,FALSE,FALSE,FALSE,0.8,166,0,555,NA,NA,NA
OP-MT8-P54,OP,8,XP204-PR,2,A,10,6,1,FALSE,0,126,NA,NA,NA,NA,Early regeneration,7,7,FALSE,FALSE,FALSE,0.8,166,0,555,4,0.01,0.01010445534001279
CH-MT1-P43,CH,1,XP204-PR,2,A,4,0,0,FALSE,1,104,NA,NA,NA,NA,Early regeneration,7,7,FALSE,FALSE,FALSE,0.8,166,0,555,4,0,1.0658708164570453e-4
IS-MT3-P77,IS,3,XP204-PR,2,A,9,3,0.5,FALSE,0,371,NA,NA,NA,NA,Early regeneration,7,7,FALSE,FALSE,FALSE,0.8,166,0,555,6,0.005,0.005105521210829247
DC-MT1-P74,DC,1,XP204-PR,2,A,0,0,0,FALSE,1,217,NA,NA,NA,NA,Early regeneration,7,7,FALSE,FALSE,FALSE,0.8,166,0,555,0,0,1.0658708164570453e-4
BS-MT6-P28,BS,6,XP204-PR,2,A,3,3,10,FALSE,0,217,NA,NA,NA,NA,Early regeneration,7,7,FALSE,FALSE,FALSE,0.8,166,0,555,0,0.1,0.10008526966531657
BU-MT1-P47,BU,1,XP204-PR,2,A,9,3,0.5,FALSE,0,321,NA,NA,NA,NA,Early regeneration,7,7,FALSE,FALSE,FALSE,0.8,166,0,555,6,0.005,0.005105521210829247
EA-MT5-P50,EA,5,XP204-PR,2,A,0,0,0,FALSE,1,126,NA,NA,NA,NA,Early regeneration,7,7,FALSE,FALSE,FALSE,0.8,166,0,555,0,0,1.0658708164570453e-4
CP-MT4-P15,CP,4,XP204-PR,2,A,9,7,1,FALSE,0,321,NA,NA,NA,NA,Early regeneration,7,7,FALSE,FALSE,FALSE,0.8,166,0,555,2,0.01,0.01010445534001279
PA-MT3-P41,PA,3,XP204-PR,2,A,60,17,0.5,FALSE,0,371,NA,NA,NA,NA,Early regeneration,7,7,FALSE,FALSE,FALSE,0.8,166,0,555,43,0.005,0.005105521210829247
BG-MT3-P71,BG,3,XP204-PR,2,A,88,9,0.5,FALSE,0,217,NA,NA,NA,NA,Early regeneration,7,7,FALSE,FALSE,FALSE,0.8,166,0,555,79,0.005,0.005105521210829247
BG-MT1-P57,BG,1,XP204-PR,2,B,22,5,0.5,FALSE,0,217,NA,NA,NA,NA,Early regeneration,7,7,FALSE,FALSE,FALSE,0.8,166,0,555,17,0.005,0.005105521210829247
IS-MT2-P94,IS,2,XP204-PR,2,B,2,1,0.5,FALSE,0,371,NA,NA,NA,NA,Early regeneration,7,7,FALSE,FALSE,FALSE,0.8,166,0,555,1,0.005,0.005105521210829247
MC-MT1-P42,MC,1,XP204-PR,2,B,28,19,1,FALSE,0,217,NA,NA,NA,NA,Early regeneration,7,7,FALSE,FALSE,FALSE,0.8,166,0,555,9,0.01,0.01010445534001279
EA-MT1-P60,EA,1,XP204-PR,2,B,27,16,0.5,FALSE,0,126,NA,NA,NA,NA,Early regeneration,7,7,FALSE,FALSE,FALSE,0.8,166,0,555,11,0.005,0.005105521210829247
DC-MT5-P69,DC,5,XP204-PR,2,B,0,0,0,FALSE,1,217,NA,NA,NA,NA,Early regeneration,7,7,FALSE,FALSE,FALSE,0.8,166,0,555,0,0,1.0658708164570453e-4
BS-MT5-P75,BS,5,XP204-PR,2,B,2,1,1,FALSE,0,126,NA,NA,NA,NA,Early regeneration,7,7,FALSE,FALSE,FALSE,0.8,166,0,555,1,0.01,0.01010445534001279
CH-MT3-P9,CH,3,XP204-PR,2,B,NA,NA,NA,FALSE,1,217,NA,NA,NA,NA,Early regeneration,7,7,FALSE,FALSE,FALSE,0.8,166,0,555,NA,NA,NA
CP-MT4-P58,CP,4,XP204-PR,2,B,4,4,2.5,FALSE,0,321,NA,NA,NA,NA,Early regeneration,7,7,FALSE,FALSE,FALSE,0.8,166,0,555,0,0.025,0.025101257727563418
BU-MT2-P42,BU,2,XP204-PR,2,B,NA,NA,NA,FALSE,1,217,NA,NA,NA,NA,Early regeneration,7,7,FALSE,FALSE,FALSE,0.8,166,0,555,NA,NA,NA
BS-MT1-P36,BS,1,XP204-PR,2,C,0,0,0,FALSE,1,126,NA,NA,NA,NA,Early regeneration,7,7,FALSE,FALSE,FALSE,0.8,166,0,555,0,0,1.0658708164570453e-4
CH-MT2-P8,CH,2,XP204-PR,2,C,6,6,0.5,FALSE,0,217,2.57,46.8902276115203,9.25,2.463,Early regeneration,7,7,FALSE,FALSE,FALSE,0.8,166,0,555,0,0.005,0.005105521210829247
BU-MT1-P50,BU,1,XP204-PR,2,C,NA,NA,NA,FALSE,1,104,NA,NA,NA,NA,Early regeneration,7,7,FALSE,FALSE,FALSE,0.8,166,0,555,NA,NA,NA
BU-MT1-P30,BU,1,XP204-PR,2,C,2,2,1,FALSE,0,126,3.6450000000000005,21.147938492092777,0.467,0.156,Early regeneration,7,7,FALSE,FALSE,FALSE,0.8,166,0,555,0,0.01,0.01010445534001279
DC-MT4-P43,DC,4,XP204-PR,2,C,NA,NA,NA,FALSE,1,91,NA,NA,NA,NA,Early regeneration,7,7,FALSE,FALSE,FALSE,0.8,166,0,555,NA,NA,NA
MC-MT3-P39,MC,3,XP204-PR,2,C,13,8,1,FALSE,0,217,1.64,37.534472134884574,5.314,1.376,Early regeneration,7,7,FALSE,FALSE,FALSE,0.8,166,0,555,5,0.01,0.01010445534001279
EA-MT5-P27,EA,5,XP204-PR,2,C,NA,NA,NA,FALSE,1,126,NA,36.60207231527901,NA,NA,Early regeneration,7,7,FALSE,FALSE,FALSE,0.8,166,0,555,NA,NA,NA
PA-MT6-P73,PA,6,XP204-PR,2,C,8,5,2.5,FALSE,0,126,0.8400000000000001,16.553758851700252,0.569,0.105,Early regeneration,7,7,FALSE,FALSE,FALSE,0.8,166,0,555,3,0.025,0.025101257727563418
CP-MT1-P37,CP,1,XP204-PR,2,C,8,6,2.5,FALSE,0,217,NA,NA,NA,NA,Early regeneration,7,7,FALSE,FALSE,FALSE,0.8,166,0,555,2,0.025,0.025101257727563418
BG-MT4-P84,BG,4,XP204-PR,2,C,33,3,0.5,FALSE,0,217,NA,NA,NA,NA,Early regeneration,7,7,FALSE,FALSE,FALSE,0.8,166,0,555,30,0.005,0.005105521210829247
IS-MT5-P83,IS,5,XP204-PR,2,C,3,2,0.5,FALSE,0,126,4.2475,17.627708606237565,1.319,0.62,Early regeneration,7,7,FALSE,FALSE,FALSE,0.8,166,0,555,1,0.005,0.005105521210829247
EA-MT4-P19,EA,4,XP204-PR,3,A,50,32,10,FALSE,0,321,NA,NA,NA,NA,Early regeneration,7,7,FALSE,FALSE,FALSE,0.8,166,0,555,18,0.1,0.10008526966531657
PA-MT6-P25,PA,6,XP204-PR,3,A,50,14,1,FALSE,0,321,NA,NA,NA,NA,Early regeneration,7,7,FALSE,FALSE,FALSE,0.8,166,0,555,36,0.01,0.01010445534001279
MC-MT1-P81,MC,1,XP204-PR,3,A,23,14,5,FALSE,0,217,NA,NA,NA,NA,Early regeneration,7,7,FALSE,FALSE,FALSE,0.8,166,0,555,9,0.05,0.05009592837348113
CP-MT3-P9,CP,3,XP204-PR,3,A,5,5,2.5,FALSE,0,321,NA,NA,NA,NA,Early regeneration,7,7,FALSE,FALSE,FALSE,0.8,166,0,555,0,0.025,0.025101257727563418
BG-MT2-P58,BG,2,XP204-PR,3,A,83,22,2.5,FALSE,0,217,NA,NA,NA,NA,Early regeneration,7,7,FALSE,FALSE,FALSE,0.8,166,0,555,61,0.025,0.025101257727563418
IS-MT3-P26,IS,3,XP204-PR,3,A,0,0,0,FALSE,1,371,NA,NA,NA,NA,Early regeneration,7,7,FALSE,FALSE,FALSE,0.8,166,0,555,0,0,1.0658708164570453e-4
BU-MT5-P11,BU,5,XP204-PR,3,A,5,1,0.5,FALSE,0,217,NA,NA,NA,NA,Early regeneration,7,7,FALSE,FALSE,FALSE,0.8,166,0,555,4,0.005,0.005105521210829247
OP-MT9-P58,OP,9,XP204-PR,3,A,4,2,0.5,FALSE,0,371,NA,NA,NA,NA,Early regeneration,7,7,FALSE,FALSE,FALSE,0.8,166,0,555,2,0.005,0.005105521210829247
CH-MT4-P30,CH,4,XP204-PR,3,A,10,10,20,FALSE,0,217,NA,NA,NA,NA,Early regeneration,7,7,FALSE,FALSE,FALSE,0.8,166,0,555,0,0.2,0.20006395224898743
BS-MT1-P1,BS,1,XP204-PR,3,A,5,5,1,FALSE,0,217,NA,NA,NA,NA,Early regeneration,7,7,FALSE,FALSE,FALSE,0.8,166,0,555,0,0.01,0.01010445534001279
BS-MT7-P30,BS,7,XP204-PR,3,B,0,0,0,FALSE,1,126,NA,NA,NA,NA,Early regeneration,7,7,FALSE,FALSE,FALSE,0.8,166,0,555,0,0,1.0658708164570453e-4
BG-MT5-P94,BG,5,XP204-PR,3,B,191,70,0.5,FALSE,0,217,NA,NA,NA,NA,Early regeneration,7,7,FALSE,FALSE,FALSE,0.8,166,0,555,121,0.005,0.005105521210829247
IS-MT2-P93,IS,2,XP204-PR,3,B,8,7,1,FALSE,0,371,NA,NA,NA,NA,Early regeneration,7,7,FALSE,FALSE,FALSE,0.8,166,0,555,1,0.01,0.01010445534001279
CP-MT2-P29,CP,2,XP204-PR,3,B,3,3,0.5,FALSE,1,104,NA,NA,NA,NA,Early regeneration,7,7,FALSE,FALSE,FALSE,0.8,166,0,555,0,0.005,0.005105521210829247
OP-MT8-P22,OP,8,XP204-PR,3,B,NA,NA,NA,FALSE,1,104,NA,NA,NA,NA,Early regeneration,7,7,FALSE,FALSE,FALSE,0.8,166,0,555,NA,NA,NA
OP-MT2-P64,OP,2,XP204-PR,3,B,9,2,0.5,FALSE,0,126,NA,NA,NA,NA,Early regeneration,7,7,FALSE,FALSE,FALSE,0.8,166,0,555,7,0.005,0.005105521210829247
CH-MT5-P87,CH,5,XP204-PR,3,B,8,8,30,FALSE,0,217,NA,NA,NA,NA,Early regeneration,7,7,FALSE,FALSE,FALSE,0.8,166,0,555,0,0.3,0.3000426348326583
VB-MT1-P32,VB,1,XP204-PR,3,B,145,28,0.5,FALSE,0,217,NA,NA,NA,NA,Early regeneration,7,7,FALSE,FALSE,FALSE,0.8,166,0,555,117,0.005,0.005105521210829247
DC-MT4-P8,DC,4,XP204-PR,3,B,3,2,0.5,FALSE,0,217,NA,NA,NA,NA,Early regeneration,7,7,FALSE,FALSE,FALSE,0.8,166,0,555,1,0.005,0.005105521210829247
BU-MT2-P9,BU,2,XP204-PR,3,B,6,0,0,FALSE,0,217,NA,NA,NA,NA,Early regeneration,7,7,FALSE,FALSE,FALSE,0.8,166,0,555,6,0,1.0658708164570453e-4
PA-MT7-P7,PA,7,XP204-PR,3,B,54,20,2.5,FALSE,0,217,NA,NA,NA,NA,Early regeneration,7,7,FALSE,FALSE,FALSE,0.8,166,0,555,34,0.025,0.025101257727563418
IS-MT5-P91,IS,5,XP204-PR,3,C,NA,NA,NA,FALSE,1,154,NA,NA,NA,NA,Early regeneration,7,7,FALSE,FALSE,FALSE,0.8,166,0,555,NA,NA,NA
IS-MT5-P1,IS,5,XP204-PR,3,C,5,4,0.5,FALSE,0,126,4.782500000000001,32.76496142774224,1.07,0.512,Early regeneration,7,7,FALSE,FALSE,FALSE,0.8,166,0,555,1,0.005,0.005105521210829247
BU-MT2-P46,BU,2,XP204-PR,3,C,8,3,0.5,FALSE,0,217,4.484999999999999,22.941776886959115,2.198,0.672,Early regeneration,7,7,FALSE,FALSE,FALSE,0.8,166,0,555,5,0.005,0.005105521210829247
CH-MT1-P35,CH,1,XP204-PR,3,C,2,0,0,FALSE,1,104,NA,NA,NA,NA,Early regeneration,7,7,FALSE,FALSE,FALSE,0.8,166,0,555,2,0,1.0658708164570453e-4
OP-MT7-P40,OP,7,XP204-PR,3,C,17,13,0.5,FALSE,0,321,NA,NA,NA,NA,Early regeneration,7,7,FALSE,FALSE,FALSE,0.8,166,0,555,4,0.005,0.005105521210829247
BS-MT5-P25,BS,5,XP204-PR,3,C,NA,NA,NA,FALSE,1,217,NA,NA,NA,NA,Early regeneration,7,7,FALSE,FALSE,FALSE,0.8,166,0,555,NA,NA,NA
BG-MT1-P83,BG,1,XP204-PR,3,C,161,16,0.5,FALSE,0,217,1.83,48.32402548788852,2.212,0.77,Early regeneration,7,7,FALSE,FALSE,FALSE,0.8,166,0,555,145,0.005,0.005105521210829247
VB-MT1-P50,VB,1,XP204-PR,3,C,61,7,0.5,FALSE,0,217,1.5074999999999998,29.38577022140033,0.884,0.196,Early regeneration,7,7,FALSE,FALSE,FALSE,0.8,166,0,555,54,0.005,0.005105521210829247
OP-MT2-P31,OP,2,XP204-PR,4,A,44,24,1,FALSE,0,371,NA,NA,NA,NA,Early regeneration,7,7,FALSE,FALSE,FALSE,0.8,166,0,555,20,0.01,0.01010445534001279
MC-MT2-P58,MC,2,XP204-PR,4,A,13,6,0.5,FALSE,0,217,NA,NA,NA,NA,Early regeneration,7,7,FALSE,FALSE,FALSE,0.8,166,0,555,7,0.005,0.005105521210829247
IS-MT4-P29,IS,4,XP204-PR,4,A,15,7,0.5,FALSE,0,321,NA,NA,NA,NA,Early regeneration,7,7,FALSE,FALSE,FALSE,0.8,166,0,555,8,0.005,0.005105521210829247
BU-MT3-P23,BU,3,XP204-PR,4,A,10,0,0,FALSE,0,217,NA,NA,NA,NA,Early regeneration,7,7,FALSE,FALSE,FALSE,0.8,166,0,555,10,0,1.0658708164570453e-4
DC-MT2-P3,DC,2,XP204-PR,4,A,6,5,0.5,FALSE,0,217,NA,NA,NA,NA,Early regeneration,7,7,FALSE,FALSE,FALSE,0.8,166,0,555,1,0.005,0.005105521210829247
BG-MT1-P19,BG,1,XP204-PR,4,A,62,6,0.5,FALSE,0,217,NA,NA,NA,NA,Early regeneration,7,7,FALSE,FALSE,FALSE,0.8,166,0,555,56,0.005,0.005105521210829247
EA-MT5-P24,EA,5,XP204-PR,4,A,13,4,0.5,FALSE,0,126,NA,NA,NA,NA,Early regeneration,7,7,FALSE,FALSE,FALSE,0.8,166,0,555,9,0.005,0.005105521210829247
PA-MT7-P40,PA,7,XP204-PR,4,A,39,17,1,FALSE,0,217,NA,NA,NA,NA,Early regeneration,7,7,FALSE,FALSE,FALSE,0.8,166,0,555,22,0.01,0.01010445534001279
CH-MT4-P73,CH,4,XP204-PR,4,A,3,3,20,FALSE,0,217,NA,NA,NA,NA,Early regeneration,7,7,FALSE,FALSE,FALSE,0.8,166,0,555,0,0.2,0.20006395224898743
BS-MT5-P77,BS,5,XP204-PR,4,A,3,1,5,FALSE,0,126,NA,NA,NA,NA,Early regeneration,7,7,FALSE,FALSE,FALSE,0.8,166,0,555,2,0.05,0.05009592837348113
CP-MT1-P59,CP,1,XP204-PR,4,A,5,5,1,FALSE,0,217,NA,NA,NA,NA,Early regeneration,7,7,FALSE,FALSE,FALSE,0.8,166,0,555,0,0.01,0.01010445534001279
PA-MT6-P45,PA,6,XP204-PR,4,B,270,44,0.5,FALSE,0,321,NA,NA,NA,NA,Early regeneration,7,7,FALSE,FALSE,FALSE,0.8,166,0,555,226,0.005,0.005105521210829247
MC-MT3-P60,MC,3,XP204-PR,4,B,11,10,5,FALSE,0,217,NA,NA,NA,NA,Early regeneration,7,7,FALSE,FALSE,FALSE,0.8,166,0,555,1,0.05,0.05009592837348113
CH-MT3-P89,CH,3,XP204-PR,4,B,12,12,20,FALSE,0,217,NA,NA,NA,NA,Early regeneration,7,7,FALSE,FALSE,FALSE,0.8,166,0,555,0,0.2,0.20006395224898743
IS-MT1-P61,IS,1,XP204-PR,4,B,7,5,0.5,FALSE,0,321,NA,NA,NA,NA,Early regeneration,7,7,FALSE,FALSE,FALSE,0.8,166,0,555,2,0.005,0.005105521210829247
CP-MT3-P18,CP,3,XP204-PR,4,B,0,0,0,FALSE,0,321,NA,NA,NA,NA,Early regeneration,7,7,FALSE,FALSE,FALSE,0.8,166,0,555,0,0,1.0658708164570453e-4
BS-MT5-P33,BS,5,XP204-PR,4,B,5,2,0.5,FALSE,0,217,NA,NA,NA,NA,Early regeneration,7,7,FALSE,FALSE,FALSE,0.8,166,0,555,3,0.005,0.005105521210829247
BU-MT3-P38,BU,3,XP204-PR,4,B,9,4,0.5,FALSE,0,217,NA,NA,NA,NA,Early regeneration,7,7,FALSE,FALSE,FALSE,0.8,166,0,555,5,0.005,0.005105521210829247
EA-MT2-P17,EA,2,XP204-PR,4,B,10,6,0.5,FALSE,0,321,NA,NA,NA,NA,Early regeneration,7,7,FALSE,FALSE,FALSE,0.8,166,0,555,4,0.005,0.005105521210829247
OP-MT6-P26,OP,6,XP204-PR,4,B,21,18,5,FALSE,0,321,NA,NA,NA,NA,Early regeneration,7,7,FALSE,FALSE,FALSE,0.8,166,0,555,3,0.05,0.05009592837348113
BG-MT3-P93,BG,3,XP204-PR,4,B,54,8,0.5,FALSE,0,217,NA,NA,NA,NA,Early regeneration,7,7,FALSE,FALSE,FALSE,0.8,166,0,555,46,0.005,0.005105521210829247
IS-MT1-P33,IS,1,XP204-PR,4,C,10,7,0.5,FALSE,0,321,5.455,38.878160605602474,2.301,1.02,Early regeneration,7,7,FALSE,FALSE,FALSE,0.8,166,0,555,3,0.005,0.005105521210829247
BU-MT4-P14,BU,4,XP204-PR,4,C,7,1,0.5,FALSE,0,217,3.1925,24.329677914727128,2.043,0.65,Early regeneration,7,7,FALSE,FALSE,FALSE,0.8,166,0,555,6,0.005,0.005105521210829247
CH-MT4-P94,CH,4,XP204-PR,4,C,4,3,40,FALSE,0,217,1.7575000000000003,91.06324769425783,2.465,0.7,Early regeneration,7,7,FALSE,FALSE,FALSE,0.8,166,0,555,1,0.4,0.4000213174163291
DC-MT1-P82,DC,1,XP204-PR,4,C,3,1,0.5,FALSE,0,217,NA,NA,NA,NA,Early regeneration,7,7,FALSE,FALSE,FALSE,0.8,166,0,555,2,0.005,0.005105521210829247
OP-MT7-P34,OP,7,XP204-PR,4,C,23,16,0.5,FALSE,0,321,NA,NA,NA,NA,Early regeneration,7,7,FALSE,FALSE,FALSE,0.8,166,0,555,7,0.005,0.005105521210829247
MC-MT1-P68,MC,1,XP204-PR,4,C,18,7,1,FALSE,0,217,3.1225,35.26131094923882,3.354,0.802,Early regeneration,7,7,FALSE,FALSE,FALSE,0.8,166,0,555,11,0.01,0.01010445534001279
BS-MT7-P47,BS,7,XP204-PR,4,C,1,1,1,FALSE,0,126,NA,NA,NA,NA,Early regeneration,7,7,FALSE,FALSE,FALSE,0.8,166,0,555,0,0.01,0.01010445534001279
BG-MT3-P16,BG,3,XP204-PR,4,C,116,13,0.5,FALSE,0,217,1.9999999999999998,47.134387478921326,0.49,0.173,Early regeneration,7,7,FALSE,FALSE,FALSE,0.8,166,0,555,103,0.005,0.005105521210829247
EA-MT1-P55,EA,1,XP204-PR,4,C,NA,NA,NA,FALSE,1,126,NA,NA,NA,NA,Early regeneration,7,7,FALSE,FALSE,FALSE,0.8,166,0,555,NA,NA,NA
IS-MT3-P5,IS,3,XP204-PR,5,A,NA,NA,NA,FALSE,1,371,NA,NA,NA,NA,Early regeneration,7,7,FALSE,FALSE,FALSE,0.8,166,0,555,NA,NA,NA
OP-MT9-P53,OP,9,XP204-PR,5,A,NA,NA,NA,FALSE,1,371,NA,NA,NA,NA,Early regeneration,7,7,FALSE,FALSE,FALSE,0.8,166,0,555,NA,NA,NA
CP-MT3-P43,CP,3,XP204-PR,5,A,NA,NA,NA,FALSE,0,321,NA,NA,NA,NA,Early regeneration,7,7,FALSE,FALSE,FALSE,0.8,166,0,555,NA,NA,NA
BU-MT1-P35,BU,1,XP204-PR,5,A,NA,NA,NA,FALSE,0,321,NA,NA,NA,NA,Early regeneration,7,7,FALSE,FALSE,FALSE,0.8,166,0,555,NA,NA,NA
PA-MT6-P40,PA,6,XP204-PR,5,A,NA,NA,NA,FALSE,0,321,NA,NA,NA,NA,Early regeneration,7,7,FALSE,FALSE,FALSE,0.8,166,0,555,NA,NA,NA
BG-MT4-P71,BG,4,XP204-PR,5,A,NA,NA,NA,FALSE,0,217,NA,NA,NA,NA,Early regeneration,7,7,FALSE,FALSE,FALSE,0.8,166,0,555,NA,NA,NA
DC-MT3-P46,DC,3,XP204-PR,5,A,NA,NA,NA,FALSE,1,217,NA,NA,NA,NA,Early regeneration,7,7,FALSE,FALSE,FALSE,0.8,166,0,555,NA,NA,NA
PA-MT3-P57,PA,3,XP204-PR,5,B,NA,NA,NA,FALSE,1,371,NA,NA,NA,NA,Early regeneration,7,7,FALSE,FALSE,FALSE,0.8,166,0,555,NA,NA,NA
CP-MT4-P61,CP,4,XP204-PR,5,B,NA,NA,NA,FALSE,0,321,NA,NA,NA,NA,Early regeneration,7,7,FALSE,FALSE,FALSE,0.8,166,0,555,NA,NA,NA
OP-MT7-P22,OP,7,XP204-PR,5,B,NA,NA,NA,FALSE,1,195,NA,NA,NA,NA,Early regeneration,7,7,FALSE,FALSE,FALSE,0.8,166,0,555,NA,NA,NA
CH-MT5-P63,CH,5,XP204-PR,5,B,NA,NA,NA,FALSE,0,217,NA,NA,NA,NA,Early regeneration,7,7,FALSE,FALSE,FALSE,0.8,166,0,555,NA,NA,NA
BG-MT5-P85,BG,5,XP204-PR,5,B,NA,NA,NA,FALSE,0,217,NA,NA,NA,NA,Early regeneration,7,7,FALSE,FALSE,FALSE,0.8,166,0,555,NA,NA,NA
DC-MT4-P73,DC,4,XP204-PR,5,B,NA,NA,NA,FALSE,0,217,NA,NA,NA,NA,Early regeneration,7,7,FALSE,FALSE,FALSE,0.8,166,0,555,NA,NA,NA
CP-MT2-P7,CP,2,XP204-PR,5,C,NA,NA,NA,FALSE,0,321,NA,NA,NA,NA,Early regeneration,7,7,FALSE,FALSE,FALSE,0.8,166,0,555,NA,NA,NA
BG-MT2-P47,BG,2,XP204-PR,5,C,NA,NA,NA,FALSE,0,217,NA,NA,NA,NA,Early regeneration,7,7,FALSE,FALSE,FALSE,0.8,166,0,555,NA,NA,NA
DC-MT1-P40,DC,1,XP204-PR,5,C,NA,NA,NA,FALSE,1,91,NA,NA,NA,NA,Early regeneration,7,7,FALSE,FALSE,FALSE,0.8,166,0,555,NA,NA,NA
CH-MT3-P36,CH,3,XP204-PR,5,C,NA,NA,NA,FALSE,0,217,NA,NA,NA,NA,Early regeneration,7,7,FALSE,FALSE,FALSE,0.8,166,0,555,NA,NA,NA
CP-MT4-P40,CP,4,XP205-PR,1,A,NA,NA,NA,FALSE,1,306,NA,NA,NA,NA,Early regeneration,9,9,FALSE,FALSE,FALSE,0.49,47,0,195,NA,NA,NA
BS-MT6-P62,BS,6,XP205-PR,1,A,1,1,2.5,FALSE,0,111,NA,NA,NA,NA,Early regeneration,9,9,FALSE,FALSE,FALSE,0.49,47,0,195,0,0.025,0.025101257727563418
BP-MT2-P3,BP,2,XP205-PR,1,A,2,1,5,FALSE,0,5,NA,NA,NA,NA,Early regeneration,9,9,FALSE,FALSE,FALSE,0.49,47,0,195,1,0.05,0.05009592837348113
VB-MT4-P69,VB,4,XP205-PR,1,A,18,4,0.5,FALSE,0,5,NA,NA,NA,NA,Early regeneration,9,9,FALSE,FALSE,FALSE,0.49,47,0,195,14,0.005,0.005105521210829247
EA-MT1-P58,EA,1,XP205-PR,1,A,15,5,1,FALSE,0,111,NA,NA,NA,NA,Early regeneration,9,9,FALSE,FALSE,FALSE,0.49,47,0,195,10,0.01,0.01010445534001279
AE-MT4-P5,AE,4,XP205-PR,1,A,9,1,2.5,FALSE,0,5,NA,NA,NA,NA,Early regeneration,9,9,FALSE,FALSE,FALSE,0.49,47,0,195,8,0.025,0.025101257727563418
BG-MT3-P67,BG,3,XP205-PR,1,A,106,39,0.5,FALSE,0,208,NA,NA,NA,NA,Early regeneration,9,9,FALSE,FALSE,FALSE,0.49,47,0,195,67,0.005,0.005105521210829247
CH-MT1-P29,CH,1,XP205-PR,1,A,NA,NA,NA,FALSE,1,306,NA,NA,NA,NA,Early regeneration,9,9,FALSE,FALSE,FALSE,0.49,47,0,195,NA,NA,NA
DC-MT4-P31,DC,4,XP205-PR,1,A,4,0,0,FALSE,0,208,NA,NA,NA,NA,Early regeneration,9,9,FALSE,FALSE,FALSE,0.49,47,0,195,4,0,1.0658708164570453e-4
IS-MT2-P96,IS,2,XP205-PR,1,A,NA,NA,NA,FALSE,1,-14,NA,NA,NA,NA,Early regeneration,9,9,FALSE,FALSE,FALSE,0.49,47,0,195,NA,NA,NA
IS-MT5-P72,IS,5,XP205-PR,1,A,3,3,2.5,FALSE,0,5,NA,NA,NA,NA,Early regeneration,9,9,FALSE,FALSE,FALSE,0.49,47,0,195,0,0.025,0.025101257727563418
OP-MT8-P44,OP,8,XP205-PR,1,A,110,99,15,FALSE,0,306,NA,NA,NA,NA,Early regeneration,9,9,FALSE,FALSE,FALSE,0.49,47,0,195,11,0.15,0.150074610957152
MC-MT3-P30,MC,3,XP205-PR,1,A,23,12,5,FALSE,0,208,NA,NA,NA,NA,Early regeneration,9,9,FALSE,FALSE,FALSE,0.49,47,0,195,11,0.05,0.05009592837348113
BU-MT5-P7,BU,5,XP205-PR,1,A,4,0,0,FALSE,0,208,NA,NA,NA,NA,Early regeneration,9,9,FALSE,FALSE,FALSE,0.49,47,0,195,4,0,1.0658708164570453e-4
PA-MT7-P44,PA,7,XP205-PR,1,A,9,5,5,FALSE,0,5,NA,NA,NA,NA,Early regeneration,9,9,FALSE,FALSE,FALSE,0.49,47,0,195,4,0.05,0.05009592837348113
PG-MT5-P13,PG,5,XP205-PR,1,A,0,0,0,FALSE,0,5,NA,NA,NA,NA,Early regeneration,9,9,FALSE,FALSE,FALSE,0.49,47,0,195,0,0,1.0658708164570453e-4
OP-MT6-P20,OP,6,XP205-PR,1,B,31,29,5,FALSE,0,306,NA,NA,NA,NA,Early regeneration,9,9,FALSE,FALSE,FALSE,0.49,47,0,195,2,0.05,0.05009592837348113
MC-MT2-P54,MC,2,XP205-PR,1,B,69,47,2.5,FALSE,0,208,NA,NA,NA,NA,Early regeneration,9,9,FALSE,FALSE,FALSE,0.49,47,0,195,22,0.025,0.025101257727563418
AE-MT5-P65,AE,5,XP205-PR,1,B,11,5,1,FALSE,0,5,NA,NA,NA,NA,Early regeneration,9,9,FALSE,FALSE,FALSE,0.49,47,0,195,6,0.01,0.01010445534001279
CP-MT1-P24,CP,1,XP205-PR,1,B,NA,NA,NA,FALSE,1,203,NA,NA,NA,NA,Early regeneration,9,9,FALSE,FALSE,FALSE,0.49,47,0,195,NA,NA,NA
BG-MT5-P57,BG,5,XP205-PR,1,B,170,117,2.5,FALSE,0,208,NA,NA,NA,NA,Early regeneration,9,9,FALSE,FALSE,FALSE,0.49,47,0,195,53,0.025,0.025101257727563418
DC-MT3-P54,DC,3,XP205-PR,1,B,3,2,0.5,FALSE,0,5,NA,NA,NA,NA,Early regeneration,9,9,FALSE,FALSE,FALSE,0.49,47,0,195,1,0.005,0.005105521210829247
VB-MT3-P54,VB,3,XP205-PR,1,B,16,1,0.5,FALSE,0,5,NA,NA,NA,NA,Early regeneration,9,9,FALSE,FALSE,FALSE,0.49,47,0,195,15,0.005,0.005105521210829247
CH-MT4-P42,CH,4,XP205-PR,1,B,3,2,0.5,FALSE,0,208,NA,NA,NA,NA,Early regeneration,9,9,FALSE,FALSE,FALSE,0.49,47,0,195,1,0.005,0.005105521210829247
PA-MT6-P32,PA,6,XP205-PR,1,B,28,11,1,FALSE,0,111,NA,NA,NA,NA,Early regeneration,9,9,FALSE,FALSE,FALSE,0.49,47,0,195,17,0.01,0.01010445534001279
BS-MT1-P15,BS,1,XP205-PR,1,B,4,3,1,FALSE,0,208,NA,NA,NA,NA,Early regeneration,9,9,FALSE,FALSE,FALSE,0.49,47,0,195,1,0.01,0.01010445534001279
IS-MT5-P12,IS,5,XP205-PR,1,B,NA,NA,NA,FALSE,1,-9,NA,NA,NA,NA,Early regeneration,9,9,FALSE,FALSE,FALSE,0.49,47,0,195,NA,NA,NA
IS-MT5-P12,IS,5,XP205-PR,1,B,NA,NA,NA,FALSE,0,-9,NA,NA,NA,NA,Early regeneration,9,9,FALSE,FALSE,FALSE,0.49,47,0,195,NA,NA,NA
EA-MT1-P57,EA,1,XP205-PR,1,B,22,15,1,FALSE,0,111,NA,NA,NA,NA,Early regeneration,9,9,FALSE,FALSE,FALSE,0.49,47,0,195,7,0.01,0.01010445534001279
BP-MT4-P73,BP,4,XP205-PR,1,B,NA,NA,NA,FALSE,0,5,NA,NA,NA,NA,Early regeneration,9,9,FALSE,FALSE,FALSE,0.49,47,0,195,NA,NA,NA
PG-MT3-P33,PG,3,XP205-PR,1,B,3,2,15,FALSE,0,5,NA,NA,NA,NA,Early regeneration,9,9,FALSE,FALSE,FALSE,0.49,47,0,195,1,0.15,0.150074610957152
BU-MT3-P16,BU,3,XP205-PR,1,B,6,2,1,FALSE,0,208,NA,NA,NA,NA,Early regeneration,9,9,FALSE,FALSE,FALSE,0.49,47,0,195,4,0.01,0.01010445534001279
CP-MT5-P58,CP,5,XP205-PR,1,C,8,5,0.5,FALSE,0,208,NA,NA,NA,NA,Early regeneration,9,9,FALSE,FALSE,FALSE,0.49,47,0,195,3,0.005,0.005105521210829247
CP-MT5-P58,CP,5,XP205-PR,1,C,8,5,0.5,FALSE,0,215,NA,NA,NA,NA,Early regeneration,9,9,FALSE,FALSE,FALSE,0.49,47,0,195,3,0.005,0.005105521210829247
CH-MT5-P43,CH,5,XP205-PR,1,C,29,27,40,FALSE,0,208,NA,NA,NA,NA,Early regeneration,9,9,FALSE,FALSE,FALSE,0.49,47,0,195,2,0.4,0.4000213174163291
BU-MT5-P65,BU,5,XP205-PR,1,C,4,0,0,FALSE,0,208,NA,NA,NA,NA,Early regeneration,9,9,FALSE,FALSE,FALSE,0.49,47,0,195,4,0,1.0658708164570453e-4
PG-MT5-P33,PG,5,XP205-PR,1,C,2,2,0.5,FALSE,0,6,NA,NA,NA,NA,Early regeneration,9,9,FALSE,FALSE,FALSE,0.49,47,0,195,0,0.005,0.005105521210829247
DC-MT4-P45,DC,4,XP205-PR,1,C,1,1,5,FALSE,0,5,NA,NA,NA,NA,Early regeneration,9,9,FALSE,FALSE,FALSE,0.49,47,0,195,0,0.05,0.05009592837348113
BG-MT2-P88,BG,2,XP205-PR,1,C,209,81,1,FALSE,0,208,1.8325,23.99787151968311,1.939,0.572,Early regeneration,9,9,FALSE,FALSE,FALSE,0.49,47,0,195,128,0.01,0.01010445534001279
AE-MT1-P11,AE,1,XP205-PR,1,C,10,3,1,FALSE,0,5,NA,NA,NA,NA,Early regeneration,9,9,FALSE,FALSE,FALSE,0.49,47,0,195,7,0.01,0.01010445534001279
VB-MT1-P45,VB,1,XP205-PR,1,C,3587,203,0.5,FALSE,0,208,2.1799999999999997,24.046615686381774,1.117,0.38,Early regeneration,9,9,FALSE,FALSE,FALSE,0.49,47,0,195,3384,0.005,0.005105521210829247
IS-MT1-P54,IS,1,XP205-PR,1,C,13,6,0.5,FALSE,0,306,4.37,11.728443923238974,2.393,0.931,Early regeneration,9,9,FALSE,FALSE,FALSE,0.49,47,0,195,7,0.005,0.005105521210829247
BP-MT1-P66,BP,1,XP205-PR,1,C,3,2,7.5,FALSE,0,5,NA,NA,NA,NA,Early regeneration,9,9,FALSE,FALSE,FALSE,0.49,47,0,195,1,0.075,0.07509059901939885
EA-MT2-P35,EA,2,XP205-PR,1,C,11,10,5,FALSE,0,5,4.8725000000000005,18.035949343006855,2.207,0.909,Early regeneration,9,9,FALSE,FALSE,FALSE,0.49,47,0,195,1,0.05,0.05009592837348113
BS-MT7-P34,BS,7,XP205-PR,1,C,5,4,5,FALSE,0,111,NA,NA,NA,NA,Early regeneration,9,9,FALSE,FALSE,FALSE,0.49,47,0,195,1,0.05,0.05009592837348113
BG-MT5-P59,BG,5,XP205-PR,2,A,57,15,0.5,FALSE,0,208,NA,NA,NA,NA,Early regeneration,9,9,FALSE,FALSE,FALSE,0.49,47,0,195,42,0.005,0.005105521210829247
PG-MT3-P38,PG,3,XP205-PR,2,A,4,1,0.5,FALSE,0,5,NA,NA,NA,NA,Early regeneration,9,9,FALSE,FALSE,FALSE,0.49,47,0,195,3,0.005,0.005105521210829247
PA-MT3-P33,PA,3,XP205-PR,2,A,206,92,0.5,FALSE,0,-9,NA,NA,NA,NA,Early regeneration,9,9,FALSE,FALSE,FALSE,0.49,47,0,195,114,0.005,0.005105521210829247
CP-MT2-P37,CP,2,XP205-PR,2,A,5,5,10,FALSE,0,306,NA,NA,NA,NA,Early regeneration,9,9,FALSE,FALSE,FALSE,0.49,47,0,195,0,0.1,0.10008526966531657
IS-MT3-P30,IS,3,XP205-PR,2,A,10,7,2.5,FALSE,0,-9,NA,NA,NA,NA,Early regeneration,9,9,FALSE,FALSE,FALSE,0.49,47,0,195,3,0.025,0.025101257727563418
EA-MT1-P3,EA,1,XP205-PR,2,A,34,21,2.5,FALSE,0,111,NA,NA,NA,NA,Early regeneration,9,9,FALSE,FALSE,FALSE,0.49,47,0,195,13,0.025,0.025101257727563418
BU-MT2-P38,BU,2,XP205-PR,2,A,NA,NA,NA,FALSE,1,97,NA,NA,NA,NA,Early regeneration,9,9,FALSE,FALSE,FALSE,0.49,47,0,195,NA,NA,NA
BU-MT3-P41,BU,3,XP205-PR,2,A,1,0,0,FALSE,0,5,NA,NA,NA,NA,Early regeneration,9,9,FALSE,FALSE,FALSE,0.49,47,0,195,1,0,1.0658708164570453e-4
OP-MT9-P15,OP,9,XP205-PR,2,A,41,41,10,FALSE,0,-9,NA,NA,NA,NA,Early regeneration,9,9,FALSE,FALSE,FALSE,0.49,47,0,195,0,0.1,0.10008526966531657
AE-MT5-P49,AE,5,XP205-PR,2,A,9,4,1,FALSE,0,5,NA,NA,NA,NA,Early regeneration,9,9,FALSE,FALSE,FALSE,0.49,47,0,195,5,0.01,0.01010445534001279
BP-MT2-P55,BP,2,XP205-PR,2,A,2,2,50,FALSE,0,5,NA,NA,NA,NA,Early regeneration,9,9,FALSE,FALSE,FALSE,0.49,47,0,195,0,0.5,0.5
BS-MT6-P4,BS,6,XP205-PR,2,A,4,3,2.5,FALSE,0,208,NA,NA,NA,NA,Early regeneration,9,9,FALSE,FALSE,FALSE,0.49,47,0,195,1,0.025,0.025101257727563418
CH-MT4-P9,CH,4,XP205-PR,2,A,0,0,0,FALSE,0,208,1.4525000000000001,31.14381158253388,1.873,0.467,Early regeneration,9,9,FALSE,FALSE,FALSE,0.49,47,0,195,0,0,1.0658708164570453e-4
CH-MT4-P9,CH,4,XP205-PR,2,A,0,0,0,FALSE,0,152,1.4525000000000001,31.14381158253388,1.873,0.467,Early regeneration,9,9,FALSE,FALSE,FALSE,0.49,47,0,195,0,0,1.0658708164570453e-4
VB-MT4-P33,VB,4,XP205-PR,2,A,33,2,0.5,FALSE,0,5,NA,NA,NA,NA,Early regeneration,9,9,FALSE,FALSE,FALSE,0.49,47,0,195,31,0.005,0.005105521210829247
BP-MT3-P33,BP,3,XP205-PR,2,B,NA,NA,NA,FALSE,0,5,NA,NA,NA,NA,Early regeneration,9,9,FALSE,FALSE,FALSE,0.49,47,0,195,NA,NA,NA
DC-MT2-P26,DC,2,XP205-PR,2,B,NA,NA,NA,FALSE,1,97,NA,NA,NA,NA,Early regeneration,9,9,FALSE,FALSE,FALSE,0.49,47,0,195,NA,NA,NA
BS-MT7-P4,BS,7,XP205-PR,2,B,5,4,15,FALSE,0,208,NA,NA,NA,NA,Early regeneration,9,9,FALSE,FALSE,FALSE,0.49,47,0,195,1,0.15,0.150074610957152
CH-MT3-P5,CH,3,XP205-PR,2,B,13,12,7.5,FALSE,0,208,NA,NA,NA,NA,Early regeneration,9,9,FALSE,FALSE,FALSE,0.49,47,0,195,1,0.075,0.07509059901939885
EA-MT2-P31,EA,2,XP205-PR,2,B,17,11,5,FALSE,0,5,NA,NA,NA,NA,Early regeneration,9,9,FALSE,FALSE,FALSE,0.49,47,0,195,6,0.05,0.05009592837348113
IS-MT3-P44,IS,3,XP205-PR,2,B,5,1,0.5,FALSE,0,111,NA,NA,NA,NA,Early regeneration,9,9,FALSE,FALSE,FALSE,0.49,47,0,195,4,0.005,0.005105521210829247
BU-MT2-P41,BU,2,XP205-PR,2,B,5,0,0,FALSE,0,208,NA,NA,NA,NA,Early regeneration,9,9,FALSE,FALSE,FALSE,0.49,47,0,195,5,0,1.0658708164570453e-4
CP-MT2-P24,CP,2,XP205-PR,2,B,6,4,2.5,FALSE,0,306,NA,NA,NA,NA,Early regeneration,9,9,FALSE,FALSE,FALSE,0.49,47,0,195,2,0.025,0.025101257727563418
BG-MT4-P66,BG,4,XP205-PR,2,B,200,117,0.5,FALSE,0,208,NA,NA,NA,NA,Early regeneration,9,9,FALSE,FALSE,FALSE,0.49,47,0,195,83,0.005,0.005105521210829247
MC-MT2-P31,MC,2,XP205-PR,2,B,40,22,1,FALSE,0,208,NA,NA,NA,NA,Early regeneration,9,9,FALSE,FALSE,FALSE,0.49,47,0,195,18,0.01,0.01010445534001279
OP-MT2-P71,OP,2,XP205-PR,2,B,72,60,7.5,FALSE,0,-9,NA,NA,NA,NA,Early regeneration,9,9,FALSE,FALSE,FALSE,0.49,47,0,195,12,0.075,0.07509059901939885
PG-MT1-P23,PG,1,XP205-PR,2,B,4,2,5,FALSE,0,5,NA,NA,NA,NA,Early regeneration,9,9,FALSE,FALSE,FALSE,0.49,47,0,195,2,0.05,0.05009592837348113
VB-MT2-P64,VB,2,XP205-PR,2,B,15,2,5,FALSE,0,5,NA,NA,NA,NA,Early regeneration,9,9,FALSE,FALSE,FALSE,0.49,47,0,195,13,0.05,0.05009592837348113
AE-MT2-P49,AE,2,XP205-PR,2,B,7,1,0.5,FALSE,0,5,NA,NA,NA,NA,Early regeneration,9,9,FALSE,FALSE,FALSE,0.49,47,0,195,6,0.005,0.005105521210829247
MC-MT1-P66,MC,1,XP205-PR,2,C,68,46,5,FALSE,0,208,2.2350000000000003,23.91592243893096,1.279,0.32,Early regeneration,9,9,FALSE,FALSE,FALSE,0.49,47,0,195,22,0.05,0.05009592837348113
DC-MT5-P47,DC,5,XP205-PR,2,C,NA,NA,NA,FALSE,1,208,NA,NA,NA,NA,Early regeneration,9,9,FALSE,FALSE,FALSE,0.49,47,0,195,NA,NA,NA
CP-MT3-P16,CP,3,XP205-PR,2,C,17,13,1,FALSE,0,306,NA,NA,NA,NA,Early regeneration,9,9,FALSE,FALSE,FALSE,0.49,47,0,195,4,0.01,0.01010445534001279
PG-MT5-P15,PG,5,XP205-PR,2,C,NA,NA,NA,FALSE,0,5,NA,NA,NA,NA,Early regeneration,9,9,FALSE,FALSE,FALSE,0.49,47,0,195,NA,NA,NA
BS-MT6-P35,BS,6,XP205-PR,2,C,6,4,5,FALSE,0,208,NA,NA,NA,NA,Early regeneration,9,9,FALSE,FALSE,FALSE,0.49,47,0,195,2,0.05,0.05009592837348113
VB-MT2-P71,VB,2,XP205-PR,2,C,7,5,1,FALSE,0,5,1.4049999999999998,22.36819525309459,0.893,0.162,Early regeneration,9,9,FALSE,FALSE,FALSE,0.49,47,0,195,2,0.01,0.01010445534001279
IS-MT4-P21,IS,4,XP205-PR,2,C,20,11,1,FALSE,0,306,3.4175000000000004,32.7201771692093,1.29,0.52,Early regeneration,9,9,FALSE,FALSE,FALSE,0.49,47,0,195,9,0.01,0.01010445534001279
BP-MT5-P11,BP,5,XP205-PR,2,C,5,2,0.5,FALSE,0,5,NA,NA,NA,NA,Early regeneration,9,9,FALSE,FALSE,FALSE,0.49,47,0,195,3,0.005,0.005105521210829247
CH-MT2-P27,CH,2,XP205-PR,2,C,4,4,10,FALSE,0,208,NA,NA,NA,NA,Early regeneration,9,9,FALSE,FALSE,FALSE,0.49,47,0,195,0,0.1,0.10008526966531657
OP-MT7-P24,OP,7,XP205-PR,2,C,112,102,5,FALSE,0,306,NA,NA,NA,NA,Early regeneration,9,9,FALSE,FALSE,FALSE,0.49,47,0,195,10,0.05,0.05009592837348113
BU-MT4-P37,BU,4,XP205-PR,2,C,8,4,1,FALSE,0,208,4.1625000000000005,39.30768079637478,1.552,0.462,Early regeneration,9,9,FALSE,FALSE,FALSE,0.49,47,0,195,4,0.01,0.01010445534001279
EA-MT1-P12,EA,1,XP205-PR,2,C,33,13,2.5,FALSE,0,111,NA,NA,NA,NA,Early regeneration,9,9,FALSE,FALSE,FALSE,0.49,47,0,195,20,0.025,0.025101257727563418
PA-MT7-P25,PA,7,XP205-PR,2,C,150,54,0.5,FALSE,0,208,1.275,16.116898659887823,2.18,0.537,Early regeneration,9,9,FALSE,FALSE,FALSE,0.49,47,0,195,96,0.005,0.005105521210829247
AE-MT1-P62,AE,1,XP205-PR,2,C,1,1,5,FALSE,0,5,NA,NA,NA,NA,Early regeneration,9,9,FALSE,FALSE,FALSE,0.49,47,0,195,0,0.05,0.05009592837348113
BG-MT1-P81,BG,1,XP205-PR,2,C,85,35,35,FALSE,0,208,2.5275,29.272877759539305,1.698,0.465,Early regeneration,9,9,FALSE,FALSE,FALSE,0.49,47,0,195,50,0.35,0.3500319761244937
DC-MT1-P63,DC,1,XP205-PR,3,A,NA,NA,NA,FALSE,0,208,NA,NA,NA,NA,Early regeneration,9,9,FALSE,FALSE,FALSE,0.49,47,0,195,NA,NA,NA
VB-MT4-P57,VB,4,XP205-PR,3,A,9,3,0.5,FALSE,0,5,NA,NA,NA,NA,Early regeneration,9,9,FALSE,FALSE,FALSE,0.49,47,0,195,6,0.005,0.005105521210829247
CP-MT5-P36,CP,5,XP205-PR,3,A,12,9,7.5,FALSE,0,208,NA,NA,NA,NA,Early regeneration,9,9,FALSE,FALSE,FALSE,0.49,47,0,195,3,0.075,0.07509059901939885
BG-MT2-P29,BG,2,XP205-PR,3,A,NA,NA,NA,FALSE,1,97,NA,NA,NA,NA,Early regeneration,9,9,FALSE,FALSE,FALSE,0.49,47,0,195,NA,NA,NA
BG-MT1-P93,BG,1,XP205-PR,3,A,13,3,0.5,FALSE,0,5,NA,NA,NA,NA,Early regeneration,9,9,FALSE,FALSE,FALSE,0.49,47,0,195,10,0.005,0.005105521210829247
BU-MT1-P63,BU,1,XP205-PR,3,A,3,1,0.5,FALSE,0,306,NA,NA,NA,NA,Early regeneration,9,9,FALSE,FALSE,FALSE,0.49,47,0,195,2,0.005,0.005105521210829247
BP-MT1-P44,BP,1,XP205-PR,3,A,4,1,0.5,FALSE,0,5,NA,NA,NA,NA,Early regeneration,9,9,FALSE,FALSE,FALSE,0.49,47,0,195,3,0.005,0.005105521210829247
IS-MT3-P13,IS,3,XP205-PR,3,A,8,5,1,FALSE,NA,NA,NA,NA,NA,NA,Early regeneration,9,9,FALSE,FALSE,FALSE,0.49,47,0,195,3,0.01,0.01010445534001279
BS-MT6-P43,BS,6,XP205-PR,3,A,3,3,5,FALSE,0,111,NA,NA,NA,NA,Early regeneration,9,9,FALSE,FALSE,FALSE,0.49,47,0,195,0,0.05,0.05009592837348113
OP-MT6-P30,OP,6,XP205-PR,3,A,NA,NA,NA,FALSE,1,98,NA,NA,NA,NA,Early regeneration,9,9,FALSE,FALSE,FALSE,0.49,47,0,195,NA,NA,NA
OP-MT9-P28,OP,9,XP205-PR,3,A,43,13,0.5,FALSE,0,111,NA,NA,NA,NA,Early regeneration,9,9,FALSE,FALSE,FALSE,0.49,47,0,195,30,0.005,0.005105521210829247
AE-MT3-P49,AE,3,XP205-PR,3,A,3,2,1,FALSE,0,5,NA,NA,NA,NA,Early regeneration,9,9,FALSE,FALSE,FALSE,0.49,47,0,195,1,0.01,0.01010445534001279
EA-MT1-P38,EA,1,XP205-PR,3,A,NA,NA,NA,FALSE,1,111,NA,NA,NA,NA,Early regeneration,9,9,FALSE,FALSE,FALSE,0.49,47,0,195,NA,NA,NA
PG-MT2-P60,PG,2,XP205-PR,3,A,3,2,0.5,FALSE,0,5,NA,NA,NA,NA,Early regeneration,9,9,FALSE,FALSE,FALSE,0.49,47,0,195,1,0.005,0.005105521210829247
CH-MT3-P64,CH,3,XP205-PR,3,A,2,2,35,FALSE,0,208,NA,NA,NA,NA,Early regeneration,9,9,FALSE,FALSE,FALSE,0.49,47,0,195,0,0.35,0.3500319761244937
BP-MT4-P44,BP,4,XP205-PR,3,B,NA,NA,NA,FALSE,0,5,NA,NA,NA,NA,Early regeneration,9,9,FALSE,FALSE,FALSE,0.49,47,0,195,NA,NA,NA
CH-MT1-P6,CH,1,XP205-PR,3,B,NA,NA,NA,FALSE,1,98,NA,NA,NA,NA,Early regeneration,9,9,FALSE,FALSE,FALSE,0.49,47,0,195,NA,NA,NA
CH-MT3-P78,CH,3,XP205-PR,3,B,5,3,0.5,FALSE,0,5,NA,NA,NA,NA,Early regeneration,9,9,FALSE,FALSE,FALSE,0.49,47,0,195,2,0.005,0.005105521210829247
VB-MT1-P59,VB,1,XP205-PR,3,B,890,118,1,FALSE,0,208,NA,NA,NA,NA,Early regeneration,9,9,FALSE,FALSE,FALSE,0.49,47,0,195,772,0.01,0.01010445534001279
IS-MT2-P4,IS,2,XP205-PR,3,B,2,0,0,FALSE,0,111,NA,NA,NA,NA,Early regeneration,9,9,FALSE,FALSE,FALSE,0.49,47,0,195,2,0,1.0658708164570453e-4
MC-MT3-P36,MC,3,XP205-PR,3,B,8,6,0.5,FALSE,0,208,NA,NA,NA,NA,Early regeneration,9,9,FALSE,FALSE,FALSE,0.49,47,0,195,2,0.005,0.005105521210829247
EA-MT4-P15,EA,4,XP205-PR,3,B,46,31,5,FALSE,0,306,NA,NA,NA,NA,Early regeneration,9,9,FALSE,FALSE,FALSE,0.49,47,0,195,15,0.05,0.05009592837348113
PA-MT7-P24,PA,7,XP205-PR,3,B,30,3,0.5,FALSE,0,208,NA,NA,NA,NA,Early regeneration,9,9,FALSE,FALSE,FALSE,0.49,47,0,195,27,0.005,0.005105521210829247
CP-MT3-P7,CP,3,XP205-PR,3,B,3,3,NA,FALSE,0,306,NA,NA,NA,NA,Early regeneration,9,9,FALSE,FALSE,FALSE,0.49,47,0,195,0,NA,NA
BG-MT1-P99,BG,1,XP205-PR,3,B,39,33,2.5,FALSE,0,208,NA,NA,NA,NA,Early regeneration,9,9,FALSE,FALSE,FALSE,0.49,47,0,195,6,0.025,0.025101257727563418
AE-MT4-P14,AE,4,XP205-PR,3,B,2,1,0.5,FALSE,0,5,NA,NA,NA,NA,Early regeneration,9,9,FALSE,FALSE,FALSE,0.49,47,0,195,1,0.005,0.005105521210829247
BS-MT1-P45,BS,1,XP205-PR,3,B,4,4,0.5,FALSE,0,111,NA,NA,NA,NA,Early regeneration,9,9,FALSE,FALSE,FALSE,0.49,47,0,195,0,0.005,0.005105521210829247
BU-MT4-P83,BU,4,XP205-PR,3,B,4,2,10,FALSE,0,208,NA,NA,NA,NA,Early regeneration,9,9,FALSE,FALSE,FALSE,0.49,47,0,195,2,0.1,0.10008526966531657
DC-MT1-P83,DC,1,XP205-PR,3,B,NA,NA,NA,FALSE,1,97,NA,NA,NA,NA,Early regeneration,9,9,FALSE,FALSE,FALSE,0.49,47,0,195,NA,NA,NA
PG-MT3-P66,PG,3,XP205-PR,3,B,NA,NA,NA,FALSE,0,5,NA,NA,NA,NA,Early regeneration,9,9,FALSE,FALSE,FALSE,0.49,47,0,195,NA,NA,NA
MC-MT1-P82,MC,1,XP205-PR,3,C,77,25,1,FALSE,0,208,3.6525,44.51859439133089,5.415,1.38,Early regeneration,9,9,FALSE,FALSE,FALSE,0.49,47,0,195,52,0.01,0.01010445534001279
IS-MT4-P19,IS,4,XP205-PR,3,C,14,10,10,FALSE,0,306,3.7474999999999996,26.4276150146968,1.57,0.55,Early regeneration,9,9,FALSE,FALSE,FALSE,0.49,47,0,195,4,0.1,0.10008526966531657
PG-MT1-P37,PG,1,XP205-PR,3,C,3,1,2.5,FALSE,0,5,NA,NA,NA,NA,Early regeneration,9,9,FALSE,FALSE,FALSE,0.49,47,0,195,2,0.025,0.025101257727563418
CP-MT1-P14,CP,1,XP205-PR,3,C,6,6,20,FALSE,0,208,NA,NA,NA,NA,Early regeneration,9,9,FALSE,FALSE,FALSE,0.49,47,0,195,0,0.2,0.20006395224898743
DC-MT4-P69,DC,4,XP205-PR,3,C,8,6,1,FALSE,0,208,NA,NA,NA,NA,Early regeneration,9,9,FALSE,FALSE,FALSE,0.49,47,0,195,2,0.01,0.01010445534001279
OP-MT7-P7,OP,7,XP205-PR,3,C,68,58,7.5,FALSE,0,306,NA,NA,NA,NA,Early regeneration,9,9,FALSE,FALSE,FALSE,0.49,47,0,195,10,0.075,0.07509059901939885
VB-MT5-P37,VB,5,XP205-PR,3,C,7,2,1,FALSE,0,5,2.1725,6.055866451241841,0.84,0.216,Early regeneration,9,9,FALSE,FALSE,FALSE,0.49,47,0,195,5,0.01,0.01010445534001279
BG-MT3-P40,BG,3,XP205-PR,3,C,49,18,0.5,FALSE,0,208,2.0075000000000003,15.583866368635059,1.02,0.29,Early regeneration,9,9,FALSE,FALSE,FALSE,0.49,47,0,195,31,0.005,0.005105521210829247
BS-MT6-P74,BS,6,XP205-PR,3,C,3,1,2.5,FALSE,0,111,NA,NA,NA,NA,Early regeneration,9,9,FALSE,FALSE,FALSE,0.49,47,0,195,2,0.025,0.025101257727563418
BU-MT1-P11,BU,1,XP205-PR,3,C,6,1,0.5,FALSE,0,306,NA,NA,NA,NA,Early regeneration,9,9,FALSE,FALSE,FALSE,0.49,47,0,195,5,0.005,0.005105521210829247
CH-MT4-P97,CH,4,XP205-PR,3,C,6,5,17.5,FALSE,0,208,NA,NA,NA,NA,Early regeneration,9,9,FALSE,FALSE,FALSE,0.49,47,0,195,1,0.175,0.1750692816030697
EA-MT1-P82,EA,1,XP205-PR,3,C,18,5,5,FALSE,0,5,4.699999999999999,13.961848073621173,2.715,1.05,Early regeneration,9,9,FALSE,FALSE,FALSE,0.49,47,0,195,13,0.05,0.05009592837348113
AE-MT4-P8,AE,4,XP205-PR,3,C,7,2,0.5,FALSE,0,5,NA,NA,NA,NA,Early regeneration,9,9,FALSE,FALSE,FALSE,0.49,47,0,195,5,0.005,0.005105521210829247
BP-MT3-P3,BP,3,XP205-PR,3,C,4,2,0.5,FALSE,0,5,NA,NA,NA,NA,Early regeneration,9,9,FALSE,FALSE,FALSE,0.49,47,0,195,2,0.005,0.005105521210829247
BG-MT4-P43,BG,4,XP205-PR,4,A,83,10,0.5,FALSE,0,208,NA,NA,NA,NA,Early regeneration,9,9,FALSE,FALSE,FALSE,0.49,47,0,195,73,0.005,0.005105521210829247
AE-MT1-P27,AE,1,XP205-PR,4,A,4,3,0.5,FALSE,0,5,NA,NA,NA,NA,Early regeneration,9,9,FALSE,FALSE,FALSE,0.49,47,0,195,1,0.005,0.005105521210829247
OP-MT9-P23,OP,9,XP205-PR,4,A,43,29,5,FALSE,0,-9,NA,NA,NA,NA,Early regeneration,9,9,FALSE,FALSE,FALSE,0.49,47,0,195,14,0.05,0.05009592837348113
IS-MT2-P37,IS,2,XP205-PR,4,A,25,15,2.5,FALSE,0,-9,NA,NA,NA,NA,Early regeneration,9,9,FALSE,FALSE,FALSE,0.49,47,0,195,10,0.025,0.025101257727563418
EA-MT3-P11,EA,3,XP205-PR,4,A,NA,NA,NA,FALSE,1,195,NA,NA,NA,NA,Early regeneration,9,9,FALSE,FALSE,FALSE,0.49,47,0,195,NA,NA,NA
EA-MT5-P81,EA,5,XP205-PR,4,A,22,4,1,FALSE,0,5,NA,NA,NA,NA,Early regeneration,9,9,FALSE,FALSE,FALSE,0.49,47,0,195,18,0.01,0.01010445534001279
BP-MT4-P75,BP,4,XP205-PR,4,A,NA,NA,NA,FALSE,0,5,NA,NA,NA,NA,Early regeneration,9,9,FALSE,FALSE,FALSE,0.49,47,0,195,NA,NA,NA
CH-MT5-P35,CH,5,XP205-PR,4,A,13,12,10,FALSE,0,208,NA,NA,NA,NA,Early regeneration,9,9,FALSE,FALSE,FALSE,0.49,47,0,195,1,0.1,0.10008526966531657
VB-MT2-P74,VB,2,XP205-PR,4,A,6,2,0.5,FALSE,0,5,NA,NA,NA,NA,Early regeneration,9,9,FALSE,FALSE,FALSE,0.49,47,0,195,4,0.005,0.005105521210829247
DC-MT3-P23,DC,3,XP205-PR,4,A,NA,NA,NA,FALSE,1,97,NA,NA,NA,NA,Early regeneration,9,9,FALSE,FALSE,FALSE,0.49,47,0,195,NA,NA,NA
PG-MT3-P78,PG,3,XP205-PR,4,A,7,3,0.5,FALSE,0,5,NA,NA,NA,NA,Early regeneration,9,9,FALSE,FALSE,FALSE,0.49,47,0,195,4,0.005,0.005105521210829247
PA-MT3-P64,PA,3,XP205-PR,4,A,498,93,1,FALSE,0,-9,NA,NA,NA,NA,Early regeneration,9,9,FALSE,FALSE,FALSE,0.49,47,0,195,405,0.01,0.01010445534001279
MC-MT2-P74,MC,2,XP205-PR,4,A,NA,NA,NA,FALSE,1,208,NA,NA,NA,NA,Early regeneration,9,9,FALSE,FALSE,FALSE,0.49,47,0,195,NA,NA,NA
BS-MT7-P35,BS,7,XP205-PR,4,A,4,3,10,FALSE,0,111,NA,NA,NA,NA,Early regeneration,9,9,FALSE,FALSE,FALSE,0.49,47,0,195,1,0.1,0.10008526966531657
BU-MT3-P2,BU,3,XP205-PR,4,A,5,2,0.5,FALSE,0,208,NA,NA,NA,NA,Early regeneration,9,9,FALSE,FALSE,FALSE,0.49,47,0,195,3,0.005,0.005105521210829247
BP-MT2-P38,BP,2,XP205-PR,4,B,NA,NA,NA,FALSE,0,5,NA,NA,NA,NA,Early regeneration,9,9,FALSE,FALSE,FALSE,0.49,47,0,195,NA,NA,NA
VB-MT5-P40,VB,5,XP205-PR,4,B,32,4,0.5,FALSE,0,5,NA,NA,NA,NA,Early regeneration,9,9,FALSE,FALSE,FALSE,0.49,47,0,195,28,0.005,0.005105521210829247
IS-MT5-P28,IS,5,XP205-PR,4,B,NA,NA,NA,FALSE,1,-14,NA,NA,NA,NA,Early regeneration,9,9,FALSE,FALSE,FALSE,0.49,47,0,195,NA,NA,NA
BG-MT1-87,BG,1,XP205-PR,4,B,15,5,0.5,FALSE,0,5,NA,NA,NA,NA,Early regeneration,9,9,FALSE,FALSE,FALSE,0.49,47,0,195,10,0.005,0.005105521210829247
BS-MT5-P17,BS,5,XP205-PR,4,B,2,2,7.5,FALSE,0,208,NA,NA,NA,NA,Early regeneration,9,9,FALSE,FALSE,FALSE,0.49,47,0,195,0,0.075,0.07509059901939885
CH-MT5-P49,CH,5,XP205-PR,4,B,2,2,12.5,FALSE,0,208,NA,NA,NA,NA,Early regeneration,9,9,FALSE,FALSE,FALSE,0.49,47,0,195,0,0.125,0.1250799403112343
CP-MT4-P28,CP,4,XP205-PR,4,B,NA,NA,NA,FALSE,1,301,NA,NA,NA,NA,Early regeneration,9,9,FALSE,FALSE,FALSE,0.49,47,0,195,NA,NA,NA
DC-MT3-P78,DC,3,XP205-PR,4,B,NA,NA,NA,FALSE,1,203,NA,NA,NA,NA,Early regeneration,9,9,FALSE,FALSE,FALSE,0.49,47,0,195,NA,NA,NA
MC-MT1-P46,MC,1,XP205-PR,4,B,55,18,1,FALSE,0,208,NA,NA,NA,NA,Early regeneration,9,9,FALSE,FALSE,FALSE,0.49,47,0,195,37,0.01,0.01010445534001279
OP-MT2-P49,OP,2,XP205-PR,4,B,NA,NA,NA,FALSE,1,-217,NA,NA,NA,NA,Early regeneration,9,9,FALSE,FALSE,FALSE,0.49,47,0,195,NA,NA,NA
OP-MT7-P60,OP,7,XP205-PR,4,B,35,15,2.5,FALSE,0,111,NA,NA,NA,NA,Early regeneration,9,9,FALSE,FALSE,FALSE,0.49,47,0,195,20,0.025,0.025101257727563418
PA-MT6-P62,PA,6,XP205-PR,4,B,698,84,1,FALSE,0,306,NA,NA,NA,NA,Early regeneration,9,9,FALSE,FALSE,FALSE,0.49,47,0,195,614,0.01,0.01010445534001279
NA,NA,NA,XP205-PR,4,B,69,24,1,FALSE,NA,NA,NA,NA,NA,NA,Early regeneration,9,9,FALSE,FALSE,FALSE,0.49,47,0,195,45,0.01,0.01010445534001279
PG-MT5-P74,PG,5,XP205-PR,4,B,2,0,0,FALSE,0,5,NA,NA,NA,NA,Early regeneration,9,9,FALSE,FALSE,FALSE,0.49,47,0,195,2,0,1.0658708164570453e-4
BU-MT3-P59,BU,3,XP205-PR,4,B,18,9,1,FALSE,0,208,NA,NA,NA,NA,Early regeneration,9,9,FALSE,FALSE,FALSE,0.49,47,0,195,9,0.01,0.01010445534001279
EA-MT1-P45,EA,1,XP205-PR,4,B,10,3,1,FALSE,0,111,NA,NA,NA,NA,Early regeneration,9,9,FALSE,FALSE,FALSE,0.49,47,0,195,7,0.01,0.01010445534001279
AE-MT3-P23,AE,3,XP205-PR,4,B,2,0,0,FALSE,0,5,NA,NA,NA,NA,Early regeneration,9,9,FALSE,FALSE,FALSE,0.49,47,0,195,2,0,1.0658708164570453e-4
PA-MT6-P23,PA,6,XP205-PR,4,C,48,11,0.5,FALSE,0,306,1.3675000000000002,7.694878299480314,2.999,0.568,Early regeneration,9,9,FALSE,FALSE,FALSE,0.49,47,0,195,37,0.005,0.005105521210829247
EA-MT2-P7,EA,2,XP205-PR,4,C,1,0,0,FALSE,0,306,1.935,4.27553508554029,1.247,0.253,Early regeneration,9,9,FALSE,FALSE,FALSE,0.49,47,0,195,1,0,1.0658708164570453e-4
BU-MT4-P80,BU,4,XP205-PR,4,C,NA,NA,NA,FALSE,1,203,NA,NA,NA,NA,Early regeneration,9,9,FALSE,FALSE,FALSE,0.49,47,0,195,NA,NA,NA
BP-MT1-P47,BP,1,XP205-PR,4,C,3,3,5,FALSE,0,5,NA,NA,NA,NA,Early regeneration,9,9,FALSE,FALSE,FALSE,0.49,47,0,195,0,0.05,0.05009592837348113
AE-MT1-P38,AE,1,XP205-PR,4,C,14,3,0.5,FALSE,0,5,4.465,20.51096825768238,0.729,0.22,Early regeneration,9,9,FALSE,FALSE,FALSE,0.49,47,0,195,11,0.005,0.005105521210829247
BG-MT3-P4,BG,3,XP205-PR,4,C,NA,NA,NA,FALSE,1,203,NA,NA,NA,NA,Early regeneration,9,9,FALSE,FALSE,FALSE,0.49,47,0,195,NA,NA,NA
VB-MT4-P7,VB,4,XP205-PR,4,C,7,4,0.5,FALSE,0,5,2.4074999999999998,27.338775000840243,1.08,0.342,Early regeneration,9,9,FALSE,FALSE,FALSE,0.49,47,0,195,3,0.005,0.005105521210829247
BS-MT6-P86,BS,6,XP205-PR,4,C,1,1,55,FALSE,0,111,NA,NA,NA,NA,Early regeneration,9,9,FALSE,FALSE,FALSE,0.49,47,0,195,0,0.55,0.5499893412918354
CH-MT2-P33,CH,2,XP205-PR,4,C,9,8,1,FALSE,0,208,NA,NA,NA,NA,Early regeneration,9,9,FALSE,FALSE,FALSE,0.49,47,0,195,1,0.01,0.01010445534001279
OP-MT8-P34,OP,8,XP205-PR,4,C,NA,NA,NA,FALSE,1,98,NA,NA,NA,NA,Early regeneration,9,9,FALSE,FALSE,FALSE,0.49,47,0,195,NA,NA,NA
OP-MT8-P57,OP,8,XP205-PR,4,C,17,8,1,FALSE,0,111,NA,NA,NA,NA,Early regeneration,9,9,FALSE,FALSE,FALSE,0.49,47,0,195,9,0.01,0.01010445534001279
IS-MT1-P32,IS,1,XP205-PR,4,C,43,17,0.5,FALSE,0,306,1.995,19.06812857469867,0.97,0.275,Early regeneration,9,9,FALSE,FALSE,FALSE,0.49,47,0,195,26,0.005,0.005105521210829247
CP-MT3-P63,CP,3,XP205-PR,4,C,2,0,0,FALSE,0,5,NA,NA,NA,NA,Early regeneration,9,9,FALSE,FALSE,FALSE,0.49,47,0,195,2,0,1.0658708164570453e-4
PG-MT4-P35,PG,4,XP205-PR,4,C,NA,NA,NA,FALSE,0,5,NA,NA,NA,NA,Early regeneration,9,9,FALSE,FALSE,FALSE,0.49,47,0,195,NA,NA,NA
DC-MT5-P70,DC,5,XP205-PR,4,C,NA,NA,NA,FALSE,1,97,NA,NA,NA,NA,Early regeneration,9,9,FALSE,FALSE,FALSE,0.49,47,0,195,NA,NA,NA
MC-MT3-P64,MC,3,XP205-PR,4,C,NA,NA,NA,FALSE,1,203,NA,NA,NA,NA,Early regeneration,9,9,FALSE,FALSE,FALSE,0.49,47,0,195,NA,NA,NA
CP-MT2-P18,CP,2,XP205-PR,5,A,NA,NA,NA,FALSE,0,306,NA,NA,NA,NA,Early regeneration,9,9,FALSE,FALSE,FALSE,0.49,47,0,195,NA,NA,NA
IS-MT1-P59,IS,1,XP205-PR,5,A,NA,NA,NA,FALSE,0,306,NA,NA,NA,NA,Early regeneration,9,9,FALSE,FALSE,FALSE,0.49,47,0,195,NA,NA,NA
OP-MT8-P50,OP,8,XP205-PR,5,A,NA,NA,NA,FALSE,0,306,NA,NA,NA,NA,Early regeneration,9,9,FALSE,FALSE,FALSE,0.49,47,0,195,NA,NA,NA
BS-MT7-P73,BS,7,XP205-PR,5,A,NA,NA,NA,FALSE,0,5,NA,NA,NA,NA,Early regeneration,9,9,FALSE,FALSE,FALSE,0.49,47,0,195,NA,NA,NA
CH-MT3-P49,CH,3,XP205-PR,5,A,NA,NA,NA,FALSE,0,208,NA,NA,NA,NA,Early regeneration,9,9,FALSE,FALSE,FALSE,0.49,47,0,195,NA,NA,NA
BP-MT5-P32,BP,5,XP205-PR,5,A,NA,NA,NA,FALSE,0,5,NA,NA,NA,NA,Early regeneration,9,9,FALSE,FALSE,FALSE,0.49,47,0,195,NA,NA,NA
AE-MT4-P7,AE,4,XP205-PR,5,A,NA,NA,NA,FALSE,0,5,NA,NA,NA,NA,Early regeneration,9,9,FALSE,FALSE,FALSE,0.49,47,0,195,NA,NA,NA
BG-MT4-P40,BG,4,XP205-PR,5,A,NA,NA,NA,FALSE,0,208,NA,NA,NA,NA,Early regeneration,9,9,FALSE,FALSE,FALSE,0.49,47,0,195,NA,NA,NA
DC-MT4-P50,DC,4,XP205-PR,5,A,NA,NA,NA,FALSE,1,208,NA,NA,NA,NA,Early regeneration,9,9,FALSE,FALSE,FALSE,0.49,47,0,195,NA,NA,NA
PG-MT2-P3,PG,2,XP205-PR,5,A,NA,NA,NA,FALSE,0,5,NA,NA,NA,NA,Early regeneration,9,9,FALSE,FALSE,FALSE,0.49,47,0,195,NA,NA,NA
VB-MT2-P38,VB,2,XP205-PR,5,A,NA,NA,NA,FALSE,0,5,NA,NA,NA,NA,Early regeneration,9,9,FALSE,FALSE,FALSE,0.49,47,0,195,NA,NA,NA
IS-MT5-P3,IS,5,XP205-PR,5,B,NA,NA,NA,FALSE,0,-9,NA,NA,NA,NA,Early regeneration,9,9,FALSE,FALSE,FALSE,0.49,47,0,195,NA,NA,NA
CP-MT4-P51,CP,4,XP205-PR,5,B,NA,NA,NA,FALSE,0,306,NA,NA,NA,NA,Early regeneration,9,9,FALSE,FALSE,FALSE,0.49,47,0,195,NA,NA,NA
EA-MT3-P10,EA,3,XP205-PR,5,B,NA,NA,NA,FALSE,0,5,NA,NA,NA,NA,Early regeneration,9,9,FALSE,FALSE,FALSE,0.49,47,0,195,NA,NA,NA
PG-MT2-P56,PG,2,XP205-PR,5,B,NA,NA,NA,FALSE,0,5,NA,NA,NA,NA,Early regeneration,9,9,FALSE,FALSE,FALSE,0.49,47,0,195,NA,NA,NA
DC-MT1-P42,DC,1,XP205-PR,5,B,NA,NA,NA,FALSE,1,97,NA,NA,NA,NA,Early regeneration,9,9,FALSE,FALSE,FALSE,0.49,47,0,195,NA,NA,NA
AE-MT5-P21,AE,5,XP205-PR,5,B,NA,NA,NA,FALSE,0,5,NA,NA,NA,NA,Early regeneration,9,9,FALSE,FALSE,FALSE,0.49,47,0,195,NA,NA,NA
BP-MT5-P2,BP,5,XP205-PR,5,B,NA,NA,NA,FALSE,0,5,NA,NA,NA,NA,Early regeneration,9,9,FALSE,FALSE,FALSE,0.49,47,0,195,NA,NA,NA
VB-MT3-P32,VB,3,XP205-PR,5,B,NA,NA,NA,FALSE,0,5,NA,NA,NA,NA,Early regeneration,9,9,FALSE,FALSE,FALSE,0.49,47,0,195,NA,NA,NA
BG-MT5-P90,BG,5,XP205-PR,5,B,NA,NA,NA,FALSE,0,208,NA,NA,NA,NA,Early regeneration,9,9,FALSE,FALSE,FALSE,0.49,47,0,195,NA,NA,NA
OP-MT9-P41,OP,9,XP205-PR,5,C,NA,NA,NA,FALSE,0,-9,NA,NA,NA,NA,Early regeneration,9,9,FALSE,FALSE,FALSE,0.49,47,0,195,NA,NA,NA
CP-MT2-P63,CP,2,XP205-PR,5,C,NA,NA,NA,FALSE,1,306,NA,NA,NA,NA,Early regeneration,9,9,FALSE,FALSE,FALSE,0.49,47,0,195,NA,NA,NA
PA-MT6-P57,PA,6,XP205-PR,5,C,NA,NA,NA,FALSE,1,306,NA,NA,NA,NA,Early regeneration,9,9,FALSE,FALSE,FALSE,0.49,47,0,195,NA,NA,NA
BU-MT1-P21,BU,1,XP205-PR,5,C,NA,NA,NA,FALSE,0,306,NA,NA,NA,NA,Early regeneration,9,9,FALSE,FALSE,FALSE,0.49,47,0,195,NA,NA,NA
DC-MT5-P73,DC,5,XP205-PR,5,C,NA,NA,NA,FALSE,1,203,NA,NA,NA,NA,Early regeneration,9,9,FALSE,FALSE,FALSE,0.49,47,0,195,NA,NA,NA
VB-MT2-P22,VB,2,XP205-PR,5,C,NA,NA,NA,FALSE,0,5,NA,NA,NA,NA,Early regeneration,9,9,FALSE,FALSE,FALSE,0.49,47,0,195,NA,NA,NA
BG-MT2-P98,BG,2,XP205-PR,5,C,NA,NA,NA,FALSE,0,208,NA,NA,NA,NA,Early regeneration,9,9,FALSE,FALSE,FALSE,0.49,47,0,195,NA,NA,NA
BP-MT4-P5,BP,4,XP205-PR,5,C,NA,NA,NA,FALSE,0,5,NA,NA,NA,NA,Early regeneration,9,9,FALSE,FALSE,FALSE,0.49,47,0,195,NA,NA,NA
IS-MT3-P95,IS,3,XP205-PR,5,C,NA,NA,NA,FALSE,0,5,NA,NA,NA,NA,Early regeneration,9,9,FALSE,FALSE,FALSE,0.49,47,0,195,NA,NA,NA
PG-MT3-P23,PG,3,XP205-PR,5,C,NA,NA,NA,FALSE,0,5,NA,NA,NA,NA,Early regeneration,9,9,FALSE,FALSE,FALSE,0.49,47,0,195,NA,NA,NA
CH-MT2-P42,CH,2,XP205-PR,5,C,NA,NA,NA,FALSE,1,208,NA,NA,NA,NA,Early regeneration,9,9,FALSE,FALSE,FALSE,0.49,47,0,195,NA,NA,NA
EA-MT4-P63,EA,4,XP205-PR,5,C,NA,NA,NA,FALSE,0,5,NA,NA,NA,NA,Early regeneration,9,9,FALSE,FALSE,FALSE,0.49,47,0,195,NA,NA,NA
AE-MT5-P43,AE,5,XP205-PR,5,C,NA,NA,NA,FALSE,0,5,NA,NA,NA,NA,Early regeneration,9,9,FALSE,FALSE,FALSE,0.49,47,0,195,NA,NA,NA
IS-MT3-P23,IS,3,XP206-PR,1,A,NA,NA,NA,FALSE,1,-119,NA,NA,NA,NA,Early regeneration,9,9,FALSE,FALSE,FALSE,0.53,105,0,180,NA,NA,NA
IS-MT2-P14,IS,2,XP206-PR,1,A,1,0,0,FALSE,0,18,NA,NA,NA,NA,Early regeneration,9,9,FALSE,FALSE,FALSE,0.53,105,0,180,1,0,1.0658708164570453e-4
VB-MT1-P38,VB,1,XP206-PR,1,A,194,58,2.5,FALSE,0,222,NA,NA,NA,NA,Early regeneration,9,9,FALSE,FALSE,FALSE,0.53,105,0,180,136,0.025,0.025101257727563418
DC-MT5-P86,DC,5,XP206-PR,1,A,3,2,1,FALSE,0,18,NA,NA,NA,NA,Early regeneration,9,9,FALSE,FALSE,FALSE,0.53,105,0,180,1,0.01,0.01010445534001279
PG-MT1-P20,PG,1,XP206-PR,1,A,0,0,0,FALSE,0,18,NA,NA,NA,NA,Early regeneration,9,9,FALSE,FALSE,FALSE,0.53,105,0,180,0,0,1.0658708164570453e-4
BU-MT1-P56,BU,1,XP206-PR,1,A,NA,NA,NA,FALSE,1,303,NA,NA,NA,NA,Early regeneration,9,9,FALSE,FALSE,FALSE,0.53,105,0,180,NA,NA,NA
OP-MT9-P56,OP,9,XP206-PR,1,A,NA,NA,NA,FALSE,1,-13,NA,NA,NA,NA,Early regeneration,9,9,FALSE,FALSE,FALSE,0.53,105,0,180,NA,NA,NA
AE-MT2-P75,AE,2,XP206-PR,1,A,NA,NA,NA,FALSE,1,18,NA,NA,NA,NA,Early regeneration,9,9,FALSE,FALSE,FALSE,0.53,105,0,180,NA,NA,NA
MC-MT2-P66,MC,2,XP206-PR,1,A,44,20,5,FALSE,0,222,NA,NA,NA,NA,Early regeneration,9,9,FALSE,FALSE,FALSE,0.53,105,0,180,24,0.05,0.05009592837348113
CH-MT3-P47,CH,3,XP206-PR,1,A,3,3,10,FALSE,0,222,NA,NA,NA,NA,Early regeneration,9,9,FALSE,FALSE,FALSE,0.53,105,0,180,0,0.1,0.10008526966531657
CP-MT3-P14,CP,3,XP206-PR,1,A,9,7,0.5,FALSE,0,321,NA,NA,NA,NA,Early regeneration,9,9,FALSE,FALSE,FALSE,0.53,105,0,180,2,0.005,0.005105521210829247
BP-MT-P,BP,NA,XP206-PR,1,A,NA,NA,NA,FALSE,NA,NA,NA,NA,NA,NA,Early regeneration,9,9,FALSE,FALSE,FALSE,0.53,105,0,180,NA,NA,NA
BP-MT4-P24,BP,4,XP206-PR,1,A,NA,NA,NA,FALSE,1,18,NA,NA,NA,NA,Early regeneration,9,9,FALSE,FALSE,FALSE,0.53,105,0,180,NA,NA,NA
BS-MT1-P78,BS,1,XP206-PR,1,A,3,2,7.5,FALSE,0,124,NA,NA,NA,NA,Early regeneration,9,9,FALSE,FALSE,FALSE,0.53,105,0,180,1,0.075,0.07509059901939885
EA-MT5-P44,EA,5,XP206-PR,1,A,26,11,1,FALSE,0,124,NA,NA,NA,NA,Early regeneration,9,9,FALSE,FALSE,FALSE,0.53,105,0,180,15,0.01,0.01010445534001279
BG-MT5-P56,BG,5,XP206-PR,1,A,119,8,0.5,FALSE,0,222,NA,NA,NA,NA,Early regeneration,9,9,FALSE,FALSE,FALSE,0.53,105,0,180,111,0.005,0.005105521210829247
BP-MT3-P65,BP,3,XP206-PR,1,B,NA,NA,NA,FALSE,1,18,NA,NA,NA,NA,Early regeneration,9,9,FALSE,FALSE,FALSE,0.53,105,0,180,NA,NA,NA
PG-MT4-P73,PG,4,XP206-PR,1,B,NA,NA,NA,FALSE,1,18,NA,NA,NA,NA,Early regeneration,9,9,FALSE,FALSE,FALSE,0.53,105,0,180,NA,NA,NA
BU-MT4-P41,BU,4,XP206-PR,1,B,NA,NA,NA,FALSE,1,98,NA,NA,NA,NA,Early regeneration,9,9,FALSE,FALSE,FALSE,0.53,105,0,180,NA,NA,NA
BU-MT3-P79,BU,3,XP206-PR,1,B,NA,NA,NA,FALSE,1,18,NA,NA,NA,NA,Early regeneration,9,9,FALSE,FALSE,FALSE,0.53,105,0,180,NA,NA,NA
BG-MT4-P62,BG,4,XP206-PR,1,B,147,19,0.5,FALSE,0,222,NA,NA,NA,NA,Early regeneration,9,9,FALSE,FALSE,FALSE,0.53,105,0,180,128,0.005,0.005105521210829247
AE-MT2-P28,AE,2,XP206-PR,1,B,1,1,1,FALSE,0,18,NA,NA,NA,NA,Early regeneration,9,9,FALSE,FALSE,FALSE,0.53,105,0,180,0,0.01,0.01010445534001279
CP-MT4-P27,CP,4,XP206-PR,1,B,NA,NA,NA,FALSE,1,321,NA,NA,NA,NA,Early regeneration,9,9,FALSE,FALSE,FALSE,0.53,105,0,180,NA,NA,NA
IS-MT5-P35,IS,5,XP206-PR,1,B,16,10,0.5,FALSE,0,5,NA,NA,NA,NA,Early regeneration,9,9,FALSE,FALSE,FALSE,0.53,105,0,180,6,0.005,0.005105521210829247
BS-MT1-P59,BS,1,XP206-PR,1,B,3,2,45,FALSE,0,124,NA,NA,NA,NA,Early regeneration,9,9,FALSE,FALSE,FALSE,0.53,105,0,180,1,0.45,0.4500106587081646
CH-MT1-P32,CH,1,XP206-PR,1,B,3,2,5,FALSE,NA,NA,NA,NA,NA,NA,Early regeneration,9,9,FALSE,FALSE,FALSE,0.53,105,0,180,1,0.05,0.05009592837348113
OP-MT8-P10,OP,8,XP206-PR,1,B,126,118,7.5,FALSE,0,321,NA,NA,NA,NA,Early regeneration,9,9,FALSE,FALSE,FALSE,0.53,105,0,180,8,0.075,0.07509059901939885
MC-MT1-P57,MC,1,XP206-PR,1,B,49,23,5,FALSE,0,222,NA,NA,NA,NA,Early regeneration,9,9,FALSE,FALSE,FALSE,0.53,105,0,180,26,0.05,0.05009592837348113
DC-MT4-P61,DC,4,XP206-PR,1,B,NA,NA,NA,FALSE,1,98,NA,NA,NA,NA,Early regeneration,9,9,FALSE,FALSE,FALSE,0.53,105,0,180,NA,NA,NA
VB-MT4-P61,VB,4,XP206-PR,1,B,11,3,1,FALSE,0,18,NA,NA,NA,NA,Early regeneration,9,9,FALSE,FALSE,FALSE,0.53,105,0,180,8,0.01,0.01010445534001279
EA-MT2-P64,EA,2,XP206-PR,1,B,9,6,0.5,FALSE,0,18,NA,NA,NA,NA,Early regeneration,9,9,FALSE,FALSE,FALSE,0.53,105,0,180,3,0.005,0.005105521210829247
AE-MT3-P30,AE,3,XP206-PR,1,C,0,0,0,FALSE,0,18,NA,NA,NA,NA,Early regeneration,9,9,FALSE,FALSE,FALSE,0.53,105,0,180,0,0,1.0658708164570453e-4
PA-MT6-P14,PA,6,XP206-PR,1,C,320,93,1,FALSE,0,321,1.5499999999999998,23.88751681885498,1.899,0.495,Early regeneration,9,9,FALSE,FALSE,FALSE,0.53,105,0,180,227,0.01,0.01010445534001279
DC-MT5-P26,DC,5,XP206-PR,1,C,NA,NA,NA,FALSE,1,98,NA,NA,NA,NA,Early regeneration,9,9,FALSE,FALSE,FALSE,0.53,105,0,180,NA,NA,NA
EA-MT5-P32,EA,5,XP206-PR,1,C,46,11,1,FALSE,0,124,5.0875,15.356242107177888,0.684,0.275,Early regeneration,9,9,FALSE,FALSE,FALSE,0.53,105,0,180,35,0.01,0.01010445534001279
CH-MT4-P62,CH,4,XP206-PR,1,C,17,14,17.5,FALSE,0,222,NA,NA,NA,NA,Early regeneration,9,9,FALSE,FALSE,FALSE,0.53,105,0,180,3,0.175,0.1750692816030697
CP-MT2-P15,CP,2,XP206-PR,1,C,3,3,1,FALSE,0,321,NA,NA,NA,NA,Early regeneration,9,9,FALSE,FALSE,FALSE,0.53,105,0,180,0,0.01,0.01010445534001279
IS-MT1-P12,IS,1,XP206-PR,1,C,7,5,5,FALSE,0,321,NA,NA,NA,NA,Early regeneration,9,9,FALSE,FALSE,FALSE,0.53,105,0,180,2,0.05,0.05009592837348113
VB-MT5-P34,VB,5,XP206-PR,1,C,22,2,2.5,FALSE,0,18,1.6725,14.180836405965575,1.229,0.292,Early regeneration,9,9,FALSE,FALSE,FALSE,0.53,105,0,180,20,0.025,0.025101257727563418
PG-MT4-P71,PG,4,XP206-PR,1,C,NA,NA,NA,FALSE,1,18,NA,NA,NA,NA,Early regeneration,9,9,FALSE,FALSE,FALSE,0.53,105,0,180,NA,NA,NA
BU-MT3-P55,BU,3,XP206-PR,1,C,0,0,0,FALSE,0,222,NA,NA,NA,NA,Early regeneration,9,9,FALSE,FALSE,FALSE,0.53,105,0,180,0,0,1.0658708164570453e-4
BS-MT5-P53,BS,5,XP206-PR,1,C,2,1,2.5,FALSE,0,124,NA,NA,NA,NA,Early regeneration,9,9,FALSE,FALSE,FALSE,0.53,105,0,180,1,0.025,0.025101257727563418
MC-MT2-P36,MC,2,XP206-PR,1,C,30,18,7.5,FALSE,0,222,1.3775000000000002,NA,4.586,1.166,Early regeneration,9,9,FALSE,FALSE,FALSE,0.53,105,0,180,12,0.075,0.07509059901939885
BG-MT1-P46,BG,1,XP206-PR,1,C,134,18,0.5,FALSE,0,222,1.72,22.446242018437044,1.756,0.528,Early regeneration,9,9,FALSE,FALSE,FALSE,0.53,105,0,180,116,0.005,0.005105521210829247
BP-MT1-P40,BP,1,XP206-PR,1,C,NA,NA,NA,FALSE,1,18,NA,NA,NA,NA,Early regeneration,9,9,FALSE,FALSE,FALSE,0.53,105,0,180,NA,NA,NA
VB-MT2-P39,VB,2,XP206-PR,2,A,8,2,0.5,FALSE,0,18,NA,NA,NA,NA,Early regeneration,9,9,FALSE,FALSE,FALSE,0.53,105,0,180,6,0.005,0.005105521210829247
CH-MT3-P44,CH,3,XP206-PR,2,A,24,22,25,FALSE,0,222,NA,NA,NA,NA,Early regeneration,9,9,FALSE,FALSE,FALSE,0.53,105,0,180,2,0.25,0.25005329354082284
BP-MT2-P71,BP,2,XP206-PR,2,A,0,0,0,FALSE,1,18,NA,NA,NA,NA,Early regeneration,9,9,FALSE,FALSE,FALSE,0.53,105,0,180,0,0,1.0658708164570453e-4
BG-MT5-P18,BG,5,XP206-PR,2,A,88,3,0.5,FALSE,0,222,NA,NA,NA,NA,Early regeneration,9,9,FALSE,FALSE,FALSE,0.53,105,0,180,85,0.005,0.005105521210829247
EA-MT4-P22,EA,4,XP206-PR,2,A,6,5,0.5,FALSE,0,321,NA,NA,NA,NA,Early regeneration,9,9,FALSE,FALSE,FALSE,0.53,105,0,180,1,0.005,0.005105521210829247
AE-MT2-P64,AE,2,XP206-PR,2,A,NA,NA,NA,FALSE,1,18,NA,NA,NA,NA,Early regeneration,9,9,FALSE,FALSE,FALSE,0.53,105,0,180,NA,NA,NA
PA-MT3-P68,PA,3,XP206-PR,2,A,200,40,0.5,FALSE,0,5,NA,NA,NA,NA,Early regeneration,9,9,FALSE,FALSE,FALSE,0.53,105,0,180,160,0.005,0.005105521210829247
PG-MT4-P2,PG,4,XP206-PR,2,A,NA,NA,NA,FALSE,1,18,NA,NA,NA,NA,Early regeneration,9,9,FALSE,FALSE,FALSE,0.53,105,0,180,NA,NA,NA
IS-MT3-P48,IS,3,XP206-PR,2,A,8,3,0.5,FALSE,0,5,NA,NA,NA,NA,Early regeneration,9,9,FALSE,FALSE,FALSE,0.53,105,0,180,5,0.005,0.005105521210829247
BS-MT5-P32,BS,5,XP206-PR,2,A,NA,NA,NA,FALSE,1,204,NA,NA,NA,NA,Early regeneration,9,9,FALSE,FALSE,FALSE,0.53,105,0,180,NA,NA,NA
CP-MT5-P45,CP,5,XP206-PR,2,A,NA,NA,NA,FALSE,1,204,NA,NA,NA,NA,Early regeneration,9,9,FALSE,FALSE,FALSE,0.53,105,0,180,NA,NA,NA
BU-MT3-P48,BU,3,XP206-PR,2,A,NA,NA,NA,FALSE,1,204,NA,NA,NA,NA,Early regeneration,9,9,FALSE,FALSE,FALSE,0.53,105,0,180,NA,NA,NA
IS-MT2-P91,IS,2,XP206-PR,2,B,2,0,0,FALSE,0,5,NA,NA,NA,NA,Early regeneration,9,9,FALSE,FALSE,FALSE,0.53,105,0,180,2,0,1.0658708164570453e-4
DC-MT4-P44,DC,4,XP206-PR,2,B,NA,NA,NA,FALSE,1,204,NA,NA,NA,NA,Early regeneration,9,9,FALSE,FALSE,FALSE,0.53,105,0,180,NA,NA,NA
CP-MT1-P6,CP,1,XP206-PR,2,B,4,2,1,FALSE,0,222,NA,NA,NA,NA,Early regeneration,9,9,FALSE,FALSE,FALSE,0.53,105,0,180,2,0.01,0.01010445534001279
PA-MT7-P21,PA,7,XP206-PR,2,B,151,29,1,FALSE,0,222,NA,NA,NA,NA,Early regeneration,9,9,FALSE,FALSE,FALSE,0.53,105,0,180,122,0.01,0.01010445534001279
BS-MT7-P5,BS,7,XP206-PR,2,B,NA,NA,NA,FALSE,1,204,NA,NA,NA,NA,Early regeneration,9,9,FALSE,FALSE,FALSE,0.53,105,0,180,NA,NA,NA
PG-MT5-P6,PG,5,XP206-PR,2,B,3,1,0.5,FALSE,0,18,NA,NA,NA,NA,Early regeneration,9,9,FALSE,FALSE,FALSE,0.53,105,0,180,2,0.005,0.005105521210829247
CH-MT5-P18,CH,5,XP206-PR,2,B,14,13,15,FALSE,0,222,NA,NA,NA,NA,Early regeneration,9,9,FALSE,FALSE,FALSE,0.53,105,0,180,1,0.15,0.150074610957152
EA-MT2-P24,EA,2,XP206-PR,2,B,72,12,0.5,FALSE,0,321,NA,NA,NA,NA,Early regeneration,9,9,FALSE,FALSE,FALSE,0.53,105,0,180,60,0.005,0.005105521210829247
BU-MT3-P60,BU,3,XP206-PR,2,B,3,0,0,FALSE,0,222,NA,NA,NA,NA,Early regeneration,9,9,FALSE,FALSE,FALSE,0.53,105,0,180,3,0,1.0658708164570453e-4
OP-MT7-P33,OP,7,XP206-PR,2,B,255,247,5,FALSE,0,321,NA,NA,NA,NA,Early regeneration,9,9,FALSE,FALSE,FALSE,0.53,105,0,180,8,0.05,0.05009592837348113
BG-MT3-P81,BG,3,XP206-PR,2,B,299,20,0.5,FALSE,0,222,NA,NA,NA,NA,Early regeneration,9,9,FALSE,FALSE,FALSE,0.53,105,0,180,279,0.005,0.005105521210829247
VB-MT3-P5,VB,3,XP206-PR,2,B,5,1,0.5,FALSE,0,18,NA,NA,NA,NA,Early regeneration,9,9,FALSE,FALSE,FALSE,0.53,105,0,180,4,0.005,0.005105521210829247
AE-MT5-P4,AE,5,XP206-PR,2,B,5,1,0.5,FALSE,0,18,NA,NA,NA,NA,Early regeneration,9,9,FALSE,FALSE,FALSE,0.53,105,0,180,4,0.005,0.005105521210829247
BP-MT5-P21,BP,5,XP206-PR,2,B,NA,NA,NA,FALSE,1,18,NA,NA,NA,NA,Early regeneration,9,9,FALSE,FALSE,FALSE,0.53,105,0,180,NA,NA,NA
IS-MT4-P49,IS,4,XP206-PR,2,C,NA,NA,NA,FALSE,1,303,NA,NA,NA,NA,Early regeneration,9,9,FALSE,FALSE,FALSE,0.53,105,0,180,NA,NA,NA
OP-MT6-P36,OP,6,XP206-PR,2,C,181,121,10,FALSE,0,321,NA,NA,NA,NA,Early regeneration,9,9,FALSE,FALSE,FALSE,0.53,105,0,180,60,0.1,0.10008526966531657
CH-MT4-P15,CH,4,XP206-PR,2,C,6,6,50,FALSE,0,222,1.315,21.584398702185695,3.257,1.02,Early regeneration,9,9,FALSE,FALSE,FALSE,0.53,105,0,180,0,0.5,0.5
EA-MT5-P74,EA,5,XP206-PR,2,C,7,6,1,FALSE,0,124,NA,NA,NA,NA,Early regeneration,9,9,FALSE,FALSE,FALSE,0.53,105,0,180,1,0.01,0.01010445534001279
BP-MT1-P25,BP,1,XP206-PR,2,C,1,0,0,FALSE,0,18,NA,NA,NA,NA,Early regeneration,9,9,FALSE,FALSE,FALSE,0.53,105,0,180,1,0,1.0658708164570453e-4
VB-MT2-P54,VB,2,XP206-PR,2,C,4,2,1,FALSE,0,18,1.155,12.826979008056364,1.389,0.288,Early regeneration,9,9,FALSE,FALSE,FALSE,0.53,105,0,180,2,0.01,0.01010445534001279
PA-MT6-P59,PA,6,XP206-PR,2,C,NA,NA,NA,FALSE,1,106,NA,NA,NA,NA,Early regeneration,9,9,FALSE,FALSE,FALSE,0.53,105,0,180,NA,NA,NA
PA-MT6-P59,PA,6,XP206-PR,2,C,NA,NA,NA,FALSE,0,330,NA,NA,NA,NA,Early regeneration,9,9,FALSE,FALSE,FALSE,0.53,105,0,180,NA,NA,NA
BG-MT3-P27,BG,3,XP206-PR,2,C,NA,NA,NA,FALSE,1,204,NA,NA,NA,NA,Early regeneration,9,9,FALSE,FALSE,FALSE,0.53,105,0,180,NA,NA,NA
MC-MT1-P74,MC,1,XP206-PR,2,C,48,19,5,FALSE,0,222,2.2199999999999998,28.837449180861206,2.662,0.834,Early regeneration,9,9,FALSE,FALSE,FALSE,0.53,105,0,180,29,0.05,0.05009592837348113
BU-MT4-P77,BU,4,XP206-PR,2,C,4,1,0.5,FALSE,0,222,2.715,4.799584162189471,0.168,0.175,Early regeneration,9,9,FALSE,FALSE,FALSE,0.53,105,0,180,3,0.005,0.005105521210829247
AE-MT4-P64,AE,4,XP206-PR,2,C,9,4,5,FALSE,0,18,NA,NA,NA,NA,Early regeneration,9,9,FALSE,FALSE,FALSE,0.53,105,0,180,5,0.05,0.05009592837348113
DC-MT2-P15,DC,2,XP206-PR,2,C,2,1,5,FALSE,0,18,NA,NA,NA,NA,Early regeneration,9,9,FALSE,FALSE,FALSE,0.53,105,0,180,1,0.05,0.05009592837348113
BS-MT6-P25,BS,6,XP206-PR,2,C,3,3,10,FALSE,0,222,NA,NA,NA,NA,Early regeneration,9,9,FALSE,FALSE,FALSE,0.53,105,0,180,0,0.1,0.10008526966531657
PG-MT1-P19,PG,1,XP206-PR,2,C,NA,NA,NA,FALSE,1,18,NA,NA,NA,NA,Early regeneration,9,9,FALSE,FALSE,FALSE,0.53,105,0,180,NA,NA,NA
IS-MT1-P11,IS,1,XP206-PR,3,A,9,9,2.5,FALSE,0,321,NA,NA,NA,NA,Early regeneration,9,9,FALSE,FALSE,FALSE,0.53,105,0,180,0,0.025,0.025101257727563418
DC-MT3-P43,DC,3,XP206-PR,3,A,NA,NA,NA,FALSE,1,222,NA,NA,NA,NA,Early regeneration,9,9,FALSE,FALSE,FALSE,0.53,105,0,180,NA,NA,NA
PG-MT2-P36,PG,2,XP206-PR,3,A,NA,NA,NA,FALSE,1,18,NA,NA,NA,NA,Early regeneration,9,9,FALSE,FALSE,FALSE,0.53,105,0,180,NA,NA,NA
VB-MT5-P65,VB,5,XP206-PR,3,A,7,4,7.5,FALSE,0,18,NA,NA,NA,NA,Early regeneration,9,9,FALSE,FALSE,FALSE,0.53,105,0,180,3,0.075,0.07509059901939885
CH-MT5-P77,CH,5,XP206-PR,3,A,20,19,15,FALSE,0,222,NA,NA,NA,NA,Early regeneration,9,9,FALSE,FALSE,FALSE,0.53,105,0,180,1,0.15,0.150074610957152
BP-MT3-P40,BP,3,XP206-PR,3,A,2,2,7.5,FALSE,0,18,NA,NA,NA,NA,Early regeneration,9,9,FALSE,FALSE,FALSE,0.53,105,0,180,0,0.075,0.07509059901939885
OP-MT2-P25,OP,2,XP206-PR,3,A,34,18,5,FALSE,0,5,NA,NA,NA,NA,Early regeneration,9,9,FALSE,FALSE,FALSE,0.53,105,0,180,16,0.05,0.05009592837348113
AE-MT2-P33,AE,2,XP206-PR,3,A,6,4,7.5,FALSE,0,18,NA,NA,NA,NA,Early regeneration,9,9,FALSE,FALSE,FALSE,0.53,105,0,180,2,0.075,0.07509059901939885
BS-MT1-P34,BS,1,XP206-PR,3,A,2,1,1,FALSE,0,124,NA,NA,NA,NA,Early regeneration,9,9,FALSE,FALSE,FALSE,0.53,105,0,180,1,0.01,0.01010445534001279
BG-MT4-P20,BG,4,XP206-PR,3,A,137,11,0.5,FALSE,0,222,NA,NA,NA,NA,Early regeneration,9,9,FALSE,FALSE,FALSE,0.53,105,0,180,126,0.005,0.005105521210829247
MC-MT3-P55,MC,3,XP206-PR,3,A,45,14,2.5,FALSE,0,222,NA,NA,NA,NA,Early regeneration,9,9,FALSE,FALSE,FALSE,0.53,105,0,180,31,0.025,0.025101257727563418
BU-MT2-P25,BU,2,XP206-PR,3,A,NA,NA,NA,FALSE,1,98,NA,NA,NA,NA,Early regeneration,9,9,FALSE,FALSE,FALSE,0.53,105,0,180,NA,NA,NA
BU-MT2-P57,BU,2,XP206-PR,3,A,0,0,0,FALSE,0,18,NA,NA,NA,NA,Early regeneration,9,9,FALSE,FALSE,FALSE,0.53,105,0,180,0,0,1.0658708164570453e-4
EA-MT4-P70,EA,4,XP206-PR,3,A,10,10,5,FALSE,0,18,NA,NA,NA,NA,Early regeneration,9,9,FALSE,FALSE,FALSE,0.53,105,0,180,0,0.05,0.05009592837348113
VB-MT5-P4,VB,5,XP206-PR,3,B,7,7,5,FALSE,0,18,NA,NA,NA,NA,Early regeneration,9,9,FALSE,FALSE,FALSE,0.53,105,0,180,0,0.05,0.05009592837348113
MC-MT1-P41,MC,1,XP206-PR,3,B,14,10,1,FALSE,0,222,NA,NA,NA,NA,Early regeneration,9,9,FALSE,FALSE,FALSE,0.53,105,0,180,4,0.01,0.01010445534001279
EA-MT1-P36,EA,1,XP206-PR,3,B,16,8,1,FALSE,0,124,NA,NA,NA,NA,Early regeneration,9,9,FALSE,FALSE,FALSE,0.53,105,0,180,8,0.01,0.01010445534001279
PG-MT1-P5,PG,1,XP206-PR,3,B,3,1,0.5,FALSE,0,18,NA,NA,NA,NA,Early regeneration,9,9,FALSE,FALSE,FALSE,0.53,105,0,180,2,0.005,0.005105521210829247
CP-MT3-P17,CP,3,XP206-PR,3,B,8,5,1,FALSE,0,321,NA,NA,NA,NA,Early regeneration,9,9,FALSE,FALSE,FALSE,0.53,105,0,180,3,0.01,0.01010445534001279
DC-MT1-P10,DC,1,XP206-PR,3,B,6,3,1,FALSE,0,222,NA,NA,NA,NA,Early regeneration,9,9,FALSE,FALSE,FALSE,0.53,105,0,180,3,0.01,0.01010445534001279
CH-MT1-P5,CH,1,XP206-PR,3,B,NA,NA,NA,FALSE,0,321,NA,NA,NA,NA,Early regeneration,9,9,FALSE,FALSE,FALSE,0.53,105,0,180,NA,NA,NA
PA-MT7-P29,PA,7,XP206-PR,3,B,207,13,0.5,FALSE,0,222,NA,NA,NA,NA,Early regeneration,9,9,FALSE,FALSE,FALSE,0.53,105,0,180,194,0.005,0.005105521210829247
OP-MT7-P43,OP,7,XP206-PR,3,B,46,35,5,FALSE,0,321,NA,NA,NA,NA,Early regeneration,9,9,FALSE,FALSE,FALSE,0.53,105,0,180,11,0.05,0.05009592837348113
IS-MT4-P6,IS,4,XP206-PR,3,B,17,12,2.5,FALSE,0,321,NA,NA,NA,NA,Early regeneration,9,9,FALSE,FALSE,FALSE,0.53,105,0,180,5,0.025,0.025101257727563418
BU-MT5-P42,BU,5,XP206-PR,3,B,NA,NA,NA,FALSE,1,98,NA,NA,NA,NA,Early regeneration,9,9,FALSE,FALSE,FALSE,0.53,105,0,180,NA,NA,NA
BU-MT4-P30,BU,4,XP206-PR,3,B,1,1,2.5,FALSE,0,18,NA,NA,NA,NA,Early regeneration,9,9,FALSE,FALSE,FALSE,0.53,105,0,180,0,0.025,0.025101257727563418
BG-MT3-P54,BG,3,XP206-PR,3,B,32,8,0.5,FALSE,0,222,NA,NA,NA,NA,Early regeneration,9,9,FALSE,FALSE,FALSE,0.53,105,0,180,24,0.005,0.005105521210829247
BS-MT7-P46,BS,7,XP206-PR,3,B,5,4,15,FALSE,0,124,NA,NA,NA,NA,Early regeneration,9,9,FALSE,FALSE,FALSE,0.53,105,0,180,1,0.15,0.150074610957152
AE-MT5-P8,AE,5,XP206-PR,3,B,6,0,0,FALSE,0,18,NA,NA,NA,NA,Early regeneration,9,9,FALSE,FALSE,FALSE,0.53,105,0,180,6,0,1.0658708164570453e-4
BP-MT4-P36,BP,4,XP206-PR,3,B,NA,NA,NA,FALSE,1,18,NA,NA,NA,NA,Early regeneration,9,9,FALSE,FALSE,FALSE,0.53,105,0,180,NA,NA,NA
PG-MT5-P39,PG,5,XP206-PR,3,C,NA,NA,NA,FALSE,1,18,NA,NA,NA,NA,Early regeneration,9,9,FALSE,FALSE,FALSE,0.53,105,0,180,NA,NA,NA
EA-MT1-P66,EA,1,XP206-PR,3,C,14,7,1,FALSE,0,124,5.1875,16.282423517310797,2.461,0.935,Early regeneration,9,9,FALSE,FALSE,FALSE,0.53,105,0,180,7,0.01,0.01010445534001279
BP-MT4-P2,BP,4,XP206-PR,3,C,NA,NA,NA,FALSE,1,18,NA,NA,NA,NA,Early regeneration,9,9,FALSE,FALSE,FALSE,0.53,105,0,180,NA,NA,NA
IS-MT5-P56,IS,5,XP206-PR,3,C,7,5,1,FALSE,0,124,NA,NA,NA,NA,Early regeneration,9,9,FALSE,FALSE,FALSE,0.53,105,0,180,2,0.01,0.01010445534001279
MC-MT3-P69,MC,3,XP206-PR,3,C,34,15,5,FALSE,0,222,1.32,20.293511440324778,4.403,1.03,Early regeneration,9,9,FALSE,FALSE,FALSE,0.53,105,0,180,19,0.05,0.05009592837348113
OP-MT6-P51,OP,6,XP206-PR,3,C,49,28,5,FALSE,0,321,NA,NA,NA,NA,Early regeneration,9,9,FALSE,FALSE,FALSE,0.53,105,0,180,21,0.05,0.05009592837348113
VB-MT5-P15,VB,5,XP206-PR,3,C,7,3,5,FALSE,0,18,NA,NA,NA,NA,Early regeneration,9,9,FALSE,FALSE,FALSE,0.53,105,0,180,4,0.05,0.05009592837348113
BU-MT5-P28,BU,5,XP206-PR,3,C,NA,NA,NA,FALSE,1,204,NA,NA,NA,NA,Early regeneration,9,9,FALSE,FALSE,FALSE,0.53,105,0,180,NA,NA,NA
DC-MT2-P24,DC,2,XP206-PR,3,C,NA,NA,NA,FALSE,1,98,NA,NA,NA,NA,Early regeneration,9,9,FALSE,FALSE,FALSE,0.53,105,0,180,NA,NA,NA
CP-MT2-P60,CP,2,XP206-PR,3,C,6,4,1,FALSE,0,321,NA,NA,NA,NA,Early regeneration,9,9,FALSE,FALSE,FALSE,0.53,105,0,180,2,0.01,0.01010445534001279
BG-MT1-P26,BG,1,XP206-PR,3,C,NA,NA,NA,FALSE,1,98,NA,NA,NA,NA,Early regeneration,9,9,FALSE,FALSE,FALSE,0.53,105,0,180,NA,NA,NA
BG-MT1-P8,BG,1,XP206-PR,3,C,39,10,5,FALSE,0,18,1.88,24.825747043329066,0.568,0.165,Early regeneration,9,9,FALSE,FALSE,FALSE,0.53,105,0,180,29,0.05,0.05009592837348113
AE-MT3-P57,AE,3,XP206-PR,3,C,3,2,0.5,FALSE,1,18,NA,NA,NA,NA,Early regeneration,9,9,FALSE,FALSE,FALSE,0.53,105,0,180,1,0.005,0.005105521210829247
CH-MT5-P39,CH,5,XP206-PR,3,C,12,10,20,FALSE,0,222,2.895,35.446915642078004,4.308,1.198,Early regeneration,9,9,FALSE,FALSE,FALSE,0.53,105,0,180,2,0.2,0.20006395224898743
BS-MT7-P40,BS,7,XP206-PR,3,C,NA,NA,NA,FALSE,1,106,NA,NA,NA,NA,Early regeneration,9,9,FALSE,FALSE,FALSE,0.53,105,0,180,NA,NA,NA
DC-MT3-P39,DC,3,XP206-PR,4,A,NA,NA,NA,FALSE,1,98,NA,NA,NA,NA,Early regeneration,9,9,FALSE,FALSE,FALSE,0.53,105,0,180,NA,NA,NA
EA-MT1-P46,EA,1,XP206-PR,4,A,8,8,2.5,FALSE,0,124,NA,NA,NA,NA,Early regeneration,9,9,FALSE,FALSE,FALSE,0.53,105,0,180,0,0.025,0.025101257727563418
PA-MT3-P3,PA,3,XP206-PR,4,A,165,157,1,FALSE,0,5,NA,NA,NA,NA,Early regeneration,9,9,FALSE,FALSE,FALSE,0.53,105,0,180,8,0.01,0.01010445534001279
CH-MT4-P37,CH,4,XP206-PR,4,A,NA,NA,NA,FALSE,0,18,NA,NA,NA,NA,Early regeneration,9,9,FALSE,FALSE,FALSE,0.53,105,0,180,NA,NA,NA
BG-MT2-P25,BG,2,XP206-PR,4,A,110,7,0.5,FALSE,0,222,NA,NA,NA,NA,Early regeneration,9,9,FALSE,FALSE,FALSE,0.53,105,0,180,103,0.005,0.005105521210829247
AE-MT4-P68,AE,4,XP206-PR,4,A,6,3,10,FALSE,0,18,NA,NA,NA,NA,Early regeneration,9,9,FALSE,FALSE,FALSE,0.53,105,0,180,3,0.1,0.10008526966531657
OP-MT9-P52,OP,9,XP206-PR,4,A,343,160,5,FALSE,0,5,NA,NA,NA,NA,Early regeneration,9,9,FALSE,FALSE,FALSE,0.53,105,0,180,183,0.05,0.05009592837348113
BU-MT1-P4,BU,1,XP206-PR,4,A,16,3,2.5,FALSE,0,321,NA,NA,NA,NA,Early regeneration,9,9,FALSE,FALSE,FALSE,0.53,105,0,180,13,0.025,0.025101257727563418
CP-MT1-P33,CP,1,XP206-PR,4,A,10,9,2.5,FALSE,0,222,NA,NA,NA,NA,Early regeneration,9,9,FALSE,FALSE,FALSE,0.53,105,0,180,1,0.025,0.025101257727563418
IS-MT2-P86,IS,2,XP206-PR,4,A,28,21,1,FALSE,0,5,NA,NA,NA,NA,Early regeneration,9,9,FALSE,FALSE,FALSE,0.53,105,0,180,7,0.01,0.01010445534001279
PG-MT2-P5,PG,2,XP206-PR,4,A,4,0,0,FALSE,0,18,NA,NA,NA,NA,Early regeneration,9,9,FALSE,FALSE,FALSE,0.53,105,0,180,4,0,1.0658708164570453e-4
VB-MT1-P21,VB,1,XP206-PR,4,A,452,34,0.5,FALSE,0,222,NA,NA,NA,NA,Early regeneration,9,9,FALSE,FALSE,FALSE,0.53,105,0,180,418,0.005,0.005105521210829247
BS-MT1-P5,BS,1,XP206-PR,4,A,NA,NA,NA,FALSE,1,98,NA,NA,NA,NA,Early regeneration,9,9,FALSE,FALSE,FALSE,0.53,105,0,180,NA,NA,NA
BS-MT1-P89,BS,1,XP206-PR,4,A,3,1,10,FALSE,0,18,NA,NA,NA,NA,Early regeneration,9,9,FALSE,FALSE,FALSE,0.53,105,0,180,2,0.1,0.10008526966531657
BP-MT1-P77,BP,1,XP206-PR,4,A,1,0,0,FALSE,0,18,NA,NA,NA,NA,Early regeneration,9,9,FALSE,FALSE,FALSE,0.53,105,0,180,1,0,1.0658708164570453e-4
VB-MT3-P15,VB,3,XP206-PR,4,B,11,1,1,FALSE,0,18,NA,NA,NA,NA,Early regeneration,9,9,FALSE,FALSE,FALSE,0.53,105,0,180,10,0.01,0.01010445534001279
DC-MT1-P59,DC,1,XP206-PR,4,B,NA,NA,NA,FALSE,1,98,NA,NA,NA,NA,Early regeneration,9,9,FALSE,FALSE,FALSE,0.53,105,0,180,NA,NA,NA
IS-MT5-P45,IS,5,XP206-PR,4,B,6,4,7.5,FALSE,0,5,NA,NA,NA,NA,Early regeneration,9,9,FALSE,FALSE,FALSE,0.53,105,0,180,2,0.075,0.07509059901939885
EA-MT3-P25,EA,3,XP206-PR,4,B,28,14,1,FALSE,0,321,NA,NA,NA,NA,Early regeneration,9,9,FALSE,FALSE,FALSE,0.53,105,0,180,14,0.01,0.01010445534001279
OP-MT2-P37,OP,2,XP206-PR,4,B,200,104,5,FALSE,0,5,NA,NA,NA,NA,Early regeneration,9,9,FALSE,FALSE,FALSE,0.53,105,0,180,96,0.05,0.05009592837348113
CH-MT2-P74,CH,2,XP206-PR,4,B,21,16,20,FALSE,0,222,NA,NA,NA,NA,Early regeneration,9,9,FALSE,FALSE,FALSE,0.53,105,0,180,5,0.2,0.20006395224898743
BG-MT2-P43,BG,2,XP206-PR,4,B,NA,NA,NA,FALSE,1,98,NA,NA,NA,NA,Early regeneration,9,9,FALSE,FALSE,FALSE,0.53,105,0,180,NA,NA,NA
BG-MT1-P9,BG,1,XP206-PR,4,B,16,6,2.5,FALSE,0,18,NA,NA,NA,NA,Early regeneration,9,9,FALSE,FALSE,FALSE,0.53,105,0,180,10,0.025,0.025101257727563418
AE-MT1-P28,AE,1,XP206-PR,4,B,6,1,0.5,FALSE,0,18,NA,NA,NA,NA,Early regeneration,9,9,FALSE,FALSE,FALSE,0.53,105,0,180,5,0.005,0.005105521210829247
PG-MT1-P32,PG,1,XP206-PR,4,B,1,0,0,FALSE,0,18,NA,NA,NA,NA,Early regeneration,9,9,FALSE,FALSE,FALSE,0.53,105,0,180,1,0,1.0658708164570453e-4
BS-MT7-P58,BS,7,XP206-PR,4,B,3,1,0.5,FALSE,0,124,NA,NA,NA,NA,Early regeneration,9,9,FALSE,FALSE,FALSE,0.53,105,0,180,2,0.005,0.005105521210829247
CP-MT5-P23,CP,5,XP206-PR,4,B,9,5,1,FALSE,0,222,NA,NA,NA,NA,Early regeneration,9,9,FALSE,FALSE,FALSE,0.53,105,0,180,4,0.01,0.01010445534001279
BP-MT2-P49,BP,2,XP206-PR,4,B,3,2,1,FALSE,0,18,NA,NA,NA,NA,Early regeneration,9,9,FALSE,FALSE,FALSE,0.53,105,0,180,1,0.01,0.01010445534001279
BU-MT4-P2,BU,4,XP206-PR,4,B,NA,NA,NA,FALSE,1,98,NA,NA,NA,NA,Early regeneration,9,9,FALSE,FALSE,FALSE,0.53,105,0,180,NA,NA,NA
BU-MT3-P80,BU,3,XP206-PR,4,B,1,0,0,FALSE,0,18,NA,NA,NA,NA,Early regeneration,9,9,FALSE,FALSE,FALSE,0.53,105,0,180,1,0,1.0658708164570453e-4
PA-MT7-P59,PA,7,XP206-PR,4,B,5,3,10,FALSE,0,18,NA,NA,NA,NA,Early regeneration,9,9,FALSE,FALSE,FALSE,0.53,105,0,180,2,0.1,0.10008526966531657
BS-MT6-P17,BS,6,XP206-PR,4,C,2,1,40,FALSE,0,222,NA,NA,NA,NA,Early regeneration,9,9,FALSE,FALSE,FALSE,0.53,105,0,180,1,0.4,0.4000213174163291
OP-MT8-P13,OP,8,XP206-PR,4,C,161,88,2.5,FALSE,0,321,NA,NA,NA,NA,Early regeneration,9,9,FALSE,FALSE,FALSE,0.53,105,0,180,73,0.025,0.025101257727563418
DC-MT5-P41,DC,5,XP206-PR,4,C,3,3,1,FALSE,0,222,NA,NA,NA,NA,Early regeneration,9,9,FALSE,FALSE,FALSE,0.53,105,0,180,0,0.01,0.01010445534001279
AE-MT3-P66,AE,3,XP206-PR,4,C,1,1,40,FALSE,0,18,NA,NA,NA,NA,Early regeneration,9,9,FALSE,FALSE,FALSE,0.53,105,0,180,0,0.4,0.4000213174163291
CP-MT4-P39,CP,4,XP206-PR,4,C,0,0,0,FALSE,0,321,NA,NA,NA,NA,Early regeneration,9,9,FALSE,FALSE,FALSE,0.53,105,0,180,0,0,1.0658708164570453e-4
BU-MT2-P39,BU,2,XP206-PR,4,C,3,0,0,FALSE,0,222,NA,NA,NA,NA,Early regeneration,9,9,FALSE,FALSE,FALSE,0.53,105,0,180,3,0,1.0658708164570453e-4
CH-MT2-P4,CH,2,XP206-PR,4,C,11,8,20,FALSE,0,222,NA,NA,NA,NA,Early regeneration,9,9,FALSE,FALSE,FALSE,0.53,105,0,180,3,0.2,0.20006395224898743
PA-MT6-P33,PA,6,XP206-PR,4,C,1225,118,0.5,FALSE,0,321,1.2775,16.374821941615124,1.315,0.358,Early regeneration,9,9,FALSE,FALSE,FALSE,0.53,105,0,180,1107,0.005,0.005105521210829247
VB-MT4-P4,VB,4,XP206-PR,4,C,16,2,20,FALSE,0,18,1.4425,9.17941875769268,1.303,0.236,Early regeneration,9,9,FALSE,FALSE,FALSE,0.53,105,0,180,14,0.2,0.20006395224898743
IS-MT5-P50,IS,5,XP206-PR,4,C,3,1,7.5,FALSE,0,124,4.032500000000001,10.896826498719715,2.574,0.926,Early regeneration,9,9,FALSE,FALSE,FALSE,0.53,105,0,180,2,0.075,0.07509059901939885
EA-MT3-P55,EA,3,XP206-PR,4,C,6,6,20,FALSE,0,18,4.57,20.53915125765487,2.281,0.979,Early regeneration,9,9,FALSE,FALSE,FALSE,0.53,105,0,180,0,0.2,0.20006395224898743
BG-MT1-P15,BG,1,XP206-PR,4,C,109,13,0.5,FALSE,0,222,2.3775,24.636464175976823,3.78,1.128,Early regeneration,9,9,FALSE,FALSE,FALSE,0.53,105,0,180,96,0.005,0.005105521210829247
PG-MT2-P40,PG,2,XP206-PR,4,C,1,0,0,FALSE,0,18,NA,NA,NA,NA,Early regeneration,9,9,FALSE,FALSE,FALSE,0.53,105,0,180,1,0,1.0658708164570453e-4
BP-MT2-P2,BP,2,XP206-PR,4,C,0,0,0,FALSE,1,18,NA,NA,NA,NA,Early regeneration,9,9,FALSE,FALSE,FALSE,0.53,105,0,180,0,0,1.0658708164570453e-4
CP-MT2-P21,CP,2,XP206-PR,5,A,NA,NA,NA,FALSE,1,321,NA,NA,NA,NA,Early regeneration,9,9,FALSE,FALSE,FALSE,0.53,105,0,180,NA,NA,NA
BU-MT1-P66,BU,1,XP206-PR,5,A,NA,NA,NA,FALSE,1,321,NA,NA,NA,NA,Early regeneration,9,9,FALSE,FALSE,FALSE,0.53,105,0,180,NA,NA,NA
PG-MT3-P19,PG,3,XP206-PR,5,A,NA,NA,NA,FALSE,0,18,NA,NA,NA,NA,Early regeneration,9,9,FALSE,FALSE,FALSE,0.53,105,0,180,NA,NA,NA
DC-MT4-P64,DC,4,XP206-PR,5,A,NA,NA,NA,FALSE,1,222,NA,NA,NA,NA,Early regeneration,9,9,FALSE,FALSE,FALSE,0.53,105,0,180,NA,NA,NA
IS-MT3-P96,IS,3,XP206-PR,5,A,NA,NA,NA,FALSE,0,18,NA,NA,NA,NA,Early regeneration,9,9,FALSE,FALSE,FALSE,0.53,105,0,180,NA,NA,NA
AE-MT1-P12,AE,1,XP206-PR,5,A,NA,NA,NA,FALSE,0,18,NA,NA,NA,NA,Early regeneration,9,9,FALSE,FALSE,FALSE,0.53,105,0,180,NA,NA,NA
BG-MT2-P33,BG,2,XP206-PR,5,A,NA,NA,NA,FALSE,1,222,NA,NA,NA,NA,Early regeneration,9,9,FALSE,FALSE,FALSE,0.53,105,0,180,NA,NA,NA
CP-MT2-P30,CP,2,XP206-PR,5,B,NA,NA,NA,FALSE,0,321,NA,NA,NA,NA,Early regeneration,9,9,FALSE,FALSE,FALSE,0.53,105,0,180,NA,NA,NA
DC-MT1-P5,DC,1,XP206-PR,5,B,NA,NA,NA,FALSE,1,222,NA,NA,NA,NA,Early regeneration,9,9,FALSE,FALSE,FALSE,0.53,105,0,180,NA,NA,NA
CH-MT5-P66,CH,5,XP206-PR,5,B,NA,NA,NA,FALSE,0,222,NA,NA,NA,NA,Early regeneration,9,9,FALSE,FALSE,FALSE,0.53,105,0,180,NA,NA,NA
BG-MT5-P93,BG,5,XP206-PR,5,B,NA,NA,NA,FALSE,1,222,NA,NA,NA,NA,Early regeneration,9,9,FALSE,FALSE,FALSE,0.53,105,0,180,NA,NA,NA
IS-MT3-P107,IS,3,XP206-PR,5,B,NA,NA,NA,FALSE,0,18,NA,NA,NA,NA,Early regeneration,9,9,FALSE,FALSE,FALSE,0.53,105,0,180,NA,NA,NA
PG-MT4-P7,PG,4,XP206-PR,5,B,NA,NA,NA,FALSE,0,18,NA,NA,NA,NA,Early regeneration,9,9,FALSE,FALSE,FALSE,0.53,105,0,180,NA,NA,NA
AE-MT1-P50,AE,1,XP206-PR,5,B,NA,NA,NA,FALSE,0,18,NA,NA,NA,NA,Early regeneration,9,9,FALSE,FALSE,FALSE,0.53,105,0,180,NA,NA,NA
IS-MT2-P52,IS,2,XP206-PR,5,C,NA,NA,NA,FALSE,1,5,NA,NA,NA,NA,Early regeneration,9,9,FALSE,FALSE,FALSE,0.53,105,0,180,NA,NA,NA
OP-MT2-P38,OP,2,XP206-PR,5,C,NA,NA,NA,FALSE,0,5,NA,NA,NA,NA,Early regeneration,9,9,FALSE,FALSE,FALSE,0.53,105,0,180,NA,NA,NA
CP-MT4-P8,CP,4,XP206-PR,5,C,NA,NA,NA,FALSE,0,321,NA,NA,NA,NA,Early regeneration,9,9,FALSE,FALSE,FALSE,0.53,105,0,180,NA,NA,NA
PA-MT6-P34,PA,6,XP206-PR,5,C,NA,NA,NA,FALSE,1,321,NA,NA,NA,NA,Early regeneration,9,9,FALSE,FALSE,FALSE,0.53,105,0,180,NA,NA,NA
BG-MT4-P25,BG,4,XP206-PR,5,C,NA,NA,NA,FALSE,0,222,NA,NA,NA,NA,Early regeneration,9,9,FALSE,FALSE,FALSE,0.53,105,0,180,NA,NA,NA
AE-MT2-P29,AE,2,XP206-PR,5,C,NA,NA,NA,FALSE,0,18,NA,NA,NA,NA,Early regeneration,9,9,FALSE,FALSE,FALSE,0.53,105,0,180,NA,NA,NA
DC-MT5-P42,DC,5,XP206-PR,5,C,NA,NA,NA,FALSE,1,222,NA,NA,NA,NA,Early regeneration,9,9,FALSE,FALSE,FALSE,0.53,105,0,180,NA,NA,NA
PG-MT4-P12,PG,4,XP206-PR,5,C,NA,NA,NA,FALSE,1,18,NA,NA,NA,NA,Early regeneration,9,9,FALSE,FALSE,FALSE,0.53,105,0,180,NA,NA,NA
CH-MT3-P19,CH,3,XP206-PR,5,C,NA,NA,NA,FALSE,0,222,NA,NA,NA,NA,Early regeneration,9,9,FALSE,FALSE,FALSE,0.53,105,0,180,NA,NA,NA
PG-MT3-P15,PG,3,XP207-PR,1,A,4,0,0,FALSE,0,14,NA,NA,NA,NA,Early regeneration,6,6,FALSE,FALSE,FALSE,0.8,19,0,312,4,0,1.0658708164570453e-4
OP-MT9-P77,OP,9,XP207-PR,1,A,10,2,0.5,FALSE,0,381,NA,NA,NA,NA,Early regeneration,6,6,FALSE,FALSE,FALSE,0.8,19,0,312,8,0.005,0.005105521210829247
IS-MT5-P27,IS,5,XP207-PR,1,A,2,2,1,FALSE,0,381,NA,NA,NA,NA,Early regeneration,6,6,FALSE,FALSE,FALSE,0.8,19,0,312,0,0.01,0.01010445534001279
BG-MT2-P69,BG,2,XP207-PR,1,A,22,4,1,FALSE,0,238,NA,NA,NA,NA,Early regeneration,6,6,FALSE,FALSE,FALSE,0.8,19,0,312,18,0.01,0.01010445534001279
EA-MT3-P19,EA,3,XP207-PR,1,A,13,4,5,FALSE,0,330,NA,NA,NA,NA,Early regeneration,6,6,FALSE,FALSE,FALSE,0.8,19,0,312,9,0.05,0.05009592837348113
AE-MT4-P33,AE,4,XP207-PR,1,A,4,3,2.5,FALSE,0,14,NA,NA,NA,NA,Early regeneration,6,6,FALSE,FALSE,FALSE,0.8,19,0,312,1,0.025,0.025101257727563418
VB-MT1-P49,VB,1,XP207-PR,1,A,64,6,1,FALSE,0,238,NA,NA,NA,NA,Early regeneration,6,6,FALSE,FALSE,FALSE,0.8,19,0,312,58,0.01,0.01010445534001279
-MT-P,NA,NA,XP207-PR,1,A,NA,NA,NA,FALSE,NA,NA,NA,NA,NA,NA,Early regeneration,6,6,FALSE,FALSE,FALSE,0.8,19,0,312,NA,NA,NA
BP-MT5-P42,BP,5,XP207-PR,1,A,NA,NA,NA,FALSE,1,14,NA,NA,NA,NA,Early regeneration,6,6,FALSE,FALSE,FALSE,0.8,19,0,312,NA,NA,NA
CH-MT2-P3,CH,2,XP207-PR,1,A,NA,NA,NA,FALSE,1,96,NA,NA,NA,NA,Early regeneration,6,6,FALSE,FALSE,FALSE,0.8,19,0,312,NA,NA,NA
CH-MT4-P38,CH,4,XP207-PR,1,A,1,0,0,FALSE,0,14,NA,NA,NA,NA,Early regeneration,6,6,FALSE,FALSE,FALSE,0.8,19,0,312,1,0,1.0658708164570453e-4
DC-MT3-P11,DC,3,XP207-PR,1,A,1,0,0,FALSE,0,238,NA,NA,NA,NA,Early regeneration,6,6,FALSE,FALSE,FALSE,0.8,19,0,312,1,0,1.0658708164570453e-4
BS-MT1-P48,BS,1,XP207-PR,1,A,2,2,25,FALSE,0,142,NA,NA,NA,NA,Early regeneration,6,6,FALSE,FALSE,FALSE,0.8,19,0,312,0,0.25,0.25005329354082284
CP-MT5-P46,CP,5,XP207-PR,1,A,4,4,2.5,FALSE,0,238,NA,NA,NA,NA,Early regeneration,6,6,FALSE,FALSE,FALSE,0.8,19,0,312,0,0.025,0.025101257727563418
BU-MT5-P9,BU,5,XP207-PR,1,A,NA,NA,NA,FALSE,1,238,NA,NA,NA,NA,Early regeneration,6,6,FALSE,FALSE,FALSE,0.8,19,0,312,NA,NA,NA
VB-MT5-P44,VB,5,XP207-PR,1,B,5,2,1,FALSE,0,14,NA,NA,NA,NA,Early regeneration,6,6,FALSE,FALSE,FALSE,0.8,19,0,312,3,0.01,0.01010445534001279
OP-MT7-P52,OP,7,XP207-PR,1,B,9,0,0,FALSE,0,330,NA,NA,NA,NA,Early regeneration,6,6,FALSE,FALSE,FALSE,0.8,19,0,312,9,0,1.0658708164570453e-4
BU-MT4-P51,BU,4,XP207-PR,1,B,4,1,0.5,FALSE,0,238,NA,NA,NA,NA,Early regeneration,6,6,FALSE,FALSE,FALSE,0.8,19,0,312,3,0.005,0.005105521210829247
BS-MT5-P36,BS,5,XP207-PR,1,B,1,1,35,FALSE,0,238,NA,NA,NA,NA,Early regeneration,6,6,FALSE,FALSE,FALSE,0.8,19,0,312,0,0.35,0.3500319761244937
CP-MT4-P25,CP,4,XP207-PR,1,B,NA,NA,NA,FALSE,1,330,NA,NA,NA,NA,Early regeneration,6,6,FALSE,FALSE,FALSE,0.8,19,0,312,NA,NA,NA
PG-MT5-P30,PG,5,XP207-PR,1,B,2,1,10,FALSE,0,14,NA,NA,NA,NA,Early regeneration,6,6,FALSE,FALSE,FALSE,0.8,19,0,312,1,0.1,0.10008526966531657
CH-MT4-P49,CH,4,XP207-PR,1,B,7,4,2.5,FALSE,0,238,NA,NA,NA,NA,Early regeneration,6,6,FALSE,FALSE,FALSE,0.8,19,0,312,3,0.025,0.025101257727563418
IS-MT4-P60,IS,4,XP207-PR,1,B,7,6,20,FALSE,0,330,NA,NA,NA,NA,Early regeneration,6,6,FALSE,FALSE,FALSE,0.8,19,0,312,1,0.2,0.20006395224898743
EA-MT3-P26,EA,3,XP207-PR,1,B,22,14,7.5,FALSE,0,14,NA,NA,NA,NA,Early regeneration,6,6,FALSE,FALSE,FALSE,0.8,19,0,312,8,0.075,0.07509059901939885
BG-MT1-P22,BG,1,XP207-PR,1,B,13,1,0.5,FALSE,0,238,NA,NA,NA,NA,Early regeneration,6,6,FALSE,FALSE,FALSE,0.8,19,0,312,12,0.005,0.005105521210829247
DC-MT5-P78,DC,5,XP207-PR,1,B,3,2,5,FALSE,0,14,NA,NA,NA,NA,Early regeneration,6,6,FALSE,FALSE,FALSE,0.8,19,0,312,1,0.05,0.05009592837348113
AE-MT5-P5,AE,5,XP207-PR,1,B,6,4,7.5,FALSE,0,14,NA,NA,NA,NA,Early regeneration,6,6,FALSE,FALSE,FALSE,0.8,19,0,312,2,0.075,0.07509059901939885
BP-MT2-P66,BP,2,XP207-PR,1,B,2,1,0.5,FALSE,0,14,NA,NA,NA,NA,Early regeneration,6,6,FALSE,FALSE,FALSE,0.8,19,0,312,1,0.005,0.005105521210829247
MC-MT2-P34,MC,2,XP207-PR,1,B,NA,NA,NA,FALSE,1,96,NA,NA,NA,NA,Early regeneration,6,6,FALSE,FALSE,FALSE,0.8,19,0,312,NA,NA,NA
MC-MT1-P80,MC,1,XP207-PR,1,B,2,0,0,FALSE,0,14,NA,NA,NA,NA,Early regeneration,6,6,FALSE,FALSE,FALSE,0.8,19,0,312,2,0,1.0658708164570453e-4
AE-MT3-P31,AE,3,XP207-PR,1,C,3,2,2.5,FALSE,0,14,NA,NA,NA,NA,Early regeneration,6,6,FALSE,FALSE,FALSE,0.8,19,0,312,1,0.025,0.025101257727563418
OP-MT7-P17,OP,7,XP207-PR,1,C,0,0,0,FALSE,0,330,NA,NA,NA,NA,Early regeneration,6,6,FALSE,FALSE,FALSE,0.8,19,0,312,0,0,1.0658708164570453e-4
BU-MT5-P57,BU,5,XP207-PR,1,C,2,0,0,FALSE,0,238,NA,NA,NA,NA,Early regeneration,6,6,FALSE,FALSE,FALSE,0.8,19,0,312,2,0,1.0658708164570453e-4
CP-MT2-P3,CP,2,XP207-PR,1,C,3,3,1,FALSE,0,330,NA,NA,NA,NA,Early regeneration,6,6,FALSE,FALSE,FALSE,0.8,19,0,312,0,0.01,0.01010445534001279
IS-MT1-P3,IS,1,XP207-PR,1,C,NA,NA,NA,FALSE,1,330,NA,NA,NA,NA,Early regeneration,6,6,FALSE,FALSE,FALSE,0.8,19,0,312,NA,NA,NA
PA-MT3-P72,PA,3,XP207-PR,1,C,2,1,0.5,FALSE,0,14,NA,NA,NA,NA,Early regeneration,6,6,FALSE,FALSE,FALSE,0.8,19,0,312,1,0.005,0.005105521210829247
BP-MT4-P7,BP,4,XP207-PR,1,C,0,0,0,FALSE,0,14,NA,NA,NA,NA,Early regeneration,6,6,FALSE,FALSE,FALSE,0.8,19,0,312,0,0,1.0658708164570453e-4
PG-MT3-P43,PG,3,XP207-PR,1,C,3,1,15,FALSE,0,14,NA,NA,NA,NA,Early regeneration,6,6,FALSE,FALSE,FALSE,0.8,19,0,312,2,0.15,0.150074610957152
BS-MT7-P29,BS,7,XP207-PR,1,C,2,1,45,FALSE,0,142,NA,NA,NA,NA,Early regeneration,6,6,FALSE,FALSE,FALSE,0.8,19,0,312,1,0.45,0.4500106587081646
DC-MT3-P17,DC,3,XP207-PR,1,C,4,2,0.5,FALSE,0,238,NA,NA,NA,NA,Early regeneration,6,6,FALSE,FALSE,FALSE,0.8,19,0,312,2,0.005,0.005105521210829247
CH-MT3-P56,CH,3,XP207-PR,1,C,NA,NA,NA,FALSE,1,96,NA,NA,NA,NA,Early regeneration,6,6,FALSE,FALSE,FALSE,0.8,19,0,312,NA,NA,NA
CH-MT5-P1,CH,5,XP207-PR,1,C,2,1,1,FALSE,0,14,1.74,11.35751861913186,2.548,0.729,Early regeneration,6,6,FALSE,FALSE,FALSE,0.8,19,0,312,1,0.01,0.01010445534001279
EA-MT1-P29,EA,1,XP207-PR,1,C,22,10,1,FALSE,0,142,4.632499999999999,2.845791540489469,2.271,1.1,Early regeneration,6,6,FALSE,FALSE,FALSE,0.8,19,0,312,12,0.01,0.01010445534001279
BG-MT1-P72,BG,1,XP207-PR,1,C,19,3,0.5,FALSE,0,238,2.0575,8.44724936598778,0.207,0.069,Early regeneration,6,6,FALSE,FALSE,FALSE,0.8,19,0,312,16,0.005,0.005105521210829247
VB-MT1-P40,VB,1,XP207-PR,1,C,3,3,50,FALSE,0,238,1.7325,16.88866318551311,0.233,0.084,Early regeneration,6,6,FALSE,FALSE,FALSE,0.8,19,0,312,0,0.5,0.5
CH-MT2-P32,CH,2,XP207-PR,2,A,4,4,1,FALSE,0,238,NA,NA,NA,NA,Early regeneration,6,6,FALSE,FALSE,FALSE,0.8,19,0,312,0,0.01,0.01010445534001279
OP-MT2-P4,OP,2,XP207-PR,2,A,NA,NA,NA,FALSE,1,381,NA,NA,NA,NA,Early regeneration,6,6,FALSE,FALSE,FALSE,0.8,19,0,312,NA,NA,NA
AE-MT4-P56,AE,4,XP207-PR,2,A,6,1,2.5,FALSE,0,14,NA,NA,NA,NA,Early regeneration,6,6,FALSE,FALSE,FALSE,0.8,19,0,312,5,0.025,0.025101257727563418
IS-MT3-P85,IS,3,XP207-PR,2,A,2,2,10,FALSE,0,381,NA,NA,NA,NA,Early regeneration,6,6,FALSE,FALSE,FALSE,0.8,19,0,312,0,0.1,0.10008526966531657
CP-MT2-P44,CP,2,XP207-PR,2,A,NA,NA,NA,FALSE,1,188,NA,NA,NA,NA,Early regeneration,6,6,FALSE,FALSE,FALSE,0.8,19,0,312,NA,NA,NA
CP-MT1-P64,CP,1,XP207-PR,2,A,3,3,20,FALSE,0,14,NA,NA,NA,NA,Early regeneration,6,6,FALSE,FALSE,FALSE,0.8,19,0,312,0,0.2,0.20006395224898743
EA-MT5-P25,EA,5,XP207-PR,2,A,16,9,1,FALSE,0,142,NA,NA,NA,NA,Early regeneration,6,6,FALSE,FALSE,FALSE,0.8,19,0,312,7,0.01,0.01010445534001279
BU-MT4-P34,BU,4,XP207-PR,2,A,6,1,5,FALSE,0,238,NA,NA,NA,NA,Early regeneration,6,6,FALSE,FALSE,FALSE,0.8,19,0,312,5,0.05,0.05009592837348113
PG-MT4-P27,PG,4,XP207-PR,2,A,4,4,1,FALSE,0,14,NA,NA,NA,NA,Early regeneration,6,6,FALSE,FALSE,FALSE,0.8,19,0,312,0,0.01,0.01010445534001279
MC-MT1-P33,MC,1,XP207-PR,2,A,12,10,5,FALSE,0,238,NA,NA,NA,NA,Early regeneration,6,6,FALSE,FALSE,FALSE,0.8,19,0,312,2,0.05,0.05009592837348113
VB-MT4-P28,VB,4,XP207-PR,2,A,4,2,0.5,FALSE,0,14,NA,NA,NA,NA,Early regeneration,6,6,FALSE,FALSE,FALSE,0.8,19,0,312,2,0.005,0.005105521210829247
BP-MT2-P34,BP,2,XP207-PR,2,A,0,0,0,FALSE,0,14,NA,NA,NA,NA,Early regeneration,6,6,FALSE,FALSE,FALSE,0.8,19,0,312,0,0,1.0658708164570453e-4
BG-MT5-P76,BG,5,XP207-PR,2,A,39,10,5,FALSE,0,238,NA,NA,NA,NA,Early regeneration,6,6,FALSE,FALSE,FALSE,0.8,19,0,312,29,0.05,0.05009592837348113
BS-MT1-P39,BS,1,XP207-PR,2,A,2,2,1,FALSE,0,142,NA,NA,NA,NA,Early regeneration,6,6,FALSE,FALSE,FALSE,0.8,19,0,312,0,0.01,0.01010445534001279
DC-MT1-P67,DC,1,XP207-PR,2,A,NA,NA,NA,FALSE,1,96,NA,NA,NA,NA,Early regeneration,6,6,FALSE,FALSE,FALSE,0.8,19,0,312,NA,NA,NA
PA-MT6-P12,PA,6,XP207-PR,2,B,63,17,2.5,FALSE,0,330,NA,NA,NA,NA,Early regeneration,6,6,FALSE,FALSE,FALSE,0.8,19,0,312,46,0.025,0.025101257727563418
PG-MT5-P63,PG,5,XP207-PR,2,B,4,2,2.5,FALSE,0,14,NA,NA,NA,NA,Early regeneration,6,6,FALSE,FALSE,FALSE,0.8,19,0,312,2,0.025,0.025101257727563418
BG-MT4-P21,BG,4,XP207-PR,2,B,34,4,1,FALSE,0,238,NA,NA,NA,NA,Early regeneration,6,6,FALSE,FALSE,FALSE,0.8,19,0,312,30,0.01,0.01010445534001279
AE-MT2-P35,AE,2,XP207-PR,2,B,4,2,0.5,FALSE,0,14,NA,NA,NA,NA,Early regeneration,6,6,FALSE,FALSE,FALSE,0.8,19,0,312,2,0.005,0.005105521210829247
IS-MT2-P73,IS,2,XP207-PR,2,B,NA,NA,NA,FALSE,1,381,NA,NA,NA,NA,Early regeneration,6,6,FALSE,FALSE,FALSE,0.8,19,0,312,NA,NA,NA
IS-MT2-P18,IS,2,XP207-PR,2,B,NA,NA,NA,FALSE,1,142,NA,NA,NA,NA,Early regeneration,6,6,FALSE,FALSE,FALSE,0.8,19,0,312,NA,NA,NA
OP-MT6-P15,OP,6,XP207-PR,2,B,15,6,0.5,FALSE,0,330,NA,NA,NA,NA,Early regeneration,6,6,FALSE,FALSE,FALSE,0.8,19,0,312,9,0.005,0.005105521210829247
DC-MT1-P13,DC,1,XP207-PR,2,B,NA,NA,NA,FALSE,1,96,NA,NA,NA,NA,Early regeneration,6,6,FALSE,FALSE,FALSE,0.8,19,0,312,NA,NA,NA
EA-MT1-P4,EA,1,XP207-PR,2,B,10,5,1,FALSE,0,142,NA,NA,NA,NA,Early regeneration,6,6,FALSE,FALSE,FALSE,0.8,19,0,312,5,0.01,0.01010445534001279
CH-MT4-P98,CH,4,XP207-PR,2,B,6,5,20,FALSE,0,238,NA,NA,NA,NA,Early regeneration,6,6,FALSE,FALSE,FALSE,0.8,19,0,312,1,0.2,0.20006395224898743
BU-MT3-P67,BU,3,XP207-PR,2,B,3,3,0.5,FALSE,0,238,NA,NA,NA,NA,Early regeneration,6,6,FALSE,FALSE,FALSE,0.8,19,0,312,0,0.005,0.005105521210829247
BP-MT4-P88,BP,4,XP207-PR,2,B,1,0,0,FALSE,0,14,NA,NA,NA,NA,Early regeneration,6,6,FALSE,FALSE,FALSE,0.8,19,0,312,1,0,1.0658708164570453e-4
BS-MT6-P27,BS,6,XP207-PR,2,B,2,0,0,FALSE,0,238,NA,NA,NA,NA,Early regeneration,6,6,FALSE,FALSE,FALSE,0.8,19,0,312,2,0,1.0658708164570453e-4
VB-MT2-P73,VB,2,XP207-PR,2,B,4,2,50,FALSE,0,14,NA,NA,NA,NA,Early regeneration,6,6,FALSE,FALSE,FALSE,0.8,19,0,312,2,0.5,0.5
EA-MT1-P94,EA,1,XP207-PR,2,C,26,17,2.5,FALSE,0,14,5.04,17.731734511360862,3.74,1.61,Early regeneration,6,6,FALSE,FALSE,FALSE,0.8,19,0,312,9,0.025,0.025101257727563418
AE-MT3-P16,AE,3,XP207-PR,2,C,6,3,0.5,FALSE,0,14,NA,NA,NA,NA,Early regeneration,6,6,FALSE,FALSE,FALSE,0.8,19,0,312,3,0.005,0.005105521210829247
CP-MT3-P29,CP,3,XP207-PR,2,C,3,3,5,FALSE,0,330,NA,NA,NA,NA,Early regeneration,6,6,FALSE,FALSE,FALSE,0.8,19,0,312,0,0.05,0.05009592837348113
BS-MT5-P49,BS,5,XP207-PR,2,C,3,1,10,FALSE,0,142,NA,NA,NA,NA,Early regeneration,6,6,FALSE,FALSE,FALSE,0.8,19,0,312,2,0.1,0.10008526966531657
PA-MT7-P52,PA,7,XP207-PR,2,C,45,26,10,FALSE,NA,NA,NA,NA,NA,NA,Early regeneration,6,6,FALSE,FALSE,FALSE,0.8,19,0,312,19,0.1,0.10008526966531657
BP-MT3-P21,BP,3,XP207-PR,2,C,0,0,0,FALSE,NA,NA,NA,NA,NA,NA,Early regeneration,6,6,FALSE,FALSE,FALSE,0.8,19,0,312,0,0,1.0658708164570453e-4
IS-MT4-P44,IS,4,XP207-PR,2,C,5,5,5,FALSE,0,330,4.262499999999999,25.140449862495185,1.254,0.487,Early regeneration,6,6,FALSE,FALSE,FALSE,0.8,19,0,312,0,0.05,0.05009592837348113
BU-MT1-P23,BU,1,XP207-PR,2,C,7,2,0.5,FALSE,0,330,4.295,13.265761545588466,2.136,0.775,Early regeneration,6,6,FALSE,FALSE,FALSE,0.8,19,0,312,5,0.005,0.005105521210829247
MC-MT3-P34,MC,3,XP207-PR,2,C,10,9,2.5,FALSE,0,238,1.3475000000000001,21.374267928942906,1.632,0.436,Early regeneration,6,6,FALSE,FALSE,FALSE,0.8,19,0,312,1,0.025,0.025101257727563418
CH-MT5-P58,CH,5,XP207-PR,2,C,6,5,2.5,FALSE,0,238,1.7799999999999998,30.72657132175484,6.43,1.495,Early regeneration,6,6,FALSE,FALSE,FALSE,0.8,19,0,312,1,0.025,0.025101257727563418
DC-MT4-P27,DC,4,XP207-PR,2,C,NA,NA,NA,FALSE,1,238,NA,NA,NA,NA,Early regeneration,6,6,FALSE,FALSE,FALSE,0.8,19,0,312,NA,NA,NA
BG-MT1-P31,BG,1,XP207-PR,2,C,NA,NA,NA,FALSE,1,96,NA,NA,NA,NA,Early regeneration,6,6,FALSE,FALSE,FALSE,0.8,19,0,312,NA,NA,NA
BG-MT1-P87,BG,1,XP207-PR,2,C,15,9,15,FALSE,NA,NA,NA,NA,NA,NA,Early regeneration,6,6,FALSE,FALSE,FALSE,0.8,19,0,312,6,0.15,0.150074610957152
VB-MT5-P10,VB,5,XP207-PR,2,C,5,3,50,FALSE,0,14,1.315,15.98590119863656,1.03,0.212,Early regeneration,6,6,FALSE,FALSE,FALSE,0.8,19,0,312,2,0.5,0.5
PG-MT1-P16,PG,1,XP207-PR,2,C,3,2,1,FALSE,0,14,NA,NA,NA,NA,Early regeneration,6,6,FALSE,FALSE,FALSE,0.8,19,0,312,1,0.01,0.01010445534001279
EA-MT4-P59,EA,4,XP207-PR,3,A,9,7,5,FALSE,0,14,NA,NA,NA,NA,Early regeneration,6,6,FALSE,FALSE,FALSE,0.8,19,0,312,2,0.05,0.05009592837348113
AE-MT3-P59,AE,3,XP207-PR,3,A,4,1,0.5,FALSE,0,14,NA,NA,NA,NA,Early regeneration,6,6,FALSE,FALSE,FALSE,0.8,19,0,312,3,0.005,0.005105521210829247
BU-MT3-P42,BU,3,XP207-PR,3,A,3,1,2.5,FALSE,0,238,NA,NA,NA,NA,Early regeneration,6,6,FALSE,FALSE,FALSE,0.8,19,0,312,2,0.025,0.025101257727563418
CH-MT1-P46,CH,1,XP207-PR,3,A,NA,NA,NA,FALSE,1,92,NA,NA,NA,NA,Early regeneration,6,6,FALSE,FALSE,FALSE,0.8,19,0,312,NA,NA,NA
CH-MT3-P30,CH,3,XP207-PR,3,A,2,2,2.5,FALSE,0,14,NA,NA,NA,NA,Early regeneration,6,6,FALSE,FALSE,FALSE,0.8,19,0,312,0,0.025,0.025101257727563418
CP-MT1-P34,CP,1,XP207-PR,3,A,1,1,10,FALSE,0,238,NA,NA,NA,NA,Early regeneration,6,6,FALSE,FALSE,FALSE,0.8,19,0,312,0,0.1,0.10008526966531657
BS-MT7-P15,BS,7,XP207-PR,3,A,NA,NA,NA,FALSE,1,96,NA,NA,NA,NA,Early regeneration,6,6,FALSE,FALSE,FALSE,0.8,19,0,312,NA,NA,NA
BS-MT1-P90,BS,1,XP207-PR,3,A,2,2,20,FALSE,0,14,NA,NA,NA,NA,Early regeneration,6,6,FALSE,FALSE,FALSE,0.8,19,0,312,0,0.2,0.20006395224898743
IS-MT2-P92,IS,2,XP207-PR,3,A,NA,NA,NA,FALSE,1,368,NA,NA,NA,NA,Early regeneration,6,6,FALSE,FALSE,FALSE,0.8,19,0,312,NA,NA,NA
VB-MT5-P8,VB,5,XP207-PR,3,A,4,3,50,FALSE,0,14,NA,NA,NA,NA,Early regeneration,6,6,FALSE,FALSE,FALSE,0.8,19,0,312,1,0.5,0.5
PA-MT3-P63,PA,3,XP207-PR,3,A,41,17,2.5,FALSE,0,381,NA,NA,NA,NA,Early regeneration,6,6,FALSE,FALSE,FALSE,0.8,19,0,312,24,0.025,0.025101257727563418
DC-MT4-P21,DC,4,XP207-PR,3,A,4,3,5,FALSE,0,238,NA,NA,NA,NA,Early regeneration,6,6,FALSE,FALSE,FALSE,0.8,19,0,312,1,0.05,0.05009592837348113
PG-MT2-P14,PG,2,XP207-PR,3,A,5,4,0.5,FALSE,0,14,NA,NA,NA,NA,Early regeneration,6,6,FALSE,FALSE,FALSE,0.8,19,0,312,1,0.005,0.005105521210829247
BP-MT2-P74,BP,2,XP207-PR,3,A,1,1,10,FALSE,0,14,NA,NA,NA,NA,Early regeneration,6,6,FALSE,FALSE,FALSE,0.8,19,0,312,0,0.1,0.10008526966531657
BG-MT5-P41,BG,5,XP207-PR,3,A,43,9,0.5,FALSE,0,238,NA,NA,NA,NA,Early regeneration,6,6,FALSE,FALSE,FALSE,0.8,19,0,312,34,0.005,0.005105521210829247
MC-MT1-P73,MC,1,XP207-PR,3,A,NA,NA,NA,FALSE,1,96,NA,NA,NA,NA,Early regeneration,6,6,FALSE,FALSE,FALSE,0.8,19,0,312,NA,NA,NA
MC-MT1-P83,MC,1,XP207-PR,3,A,2,1,0.5,FALSE,0,14,NA,NA,NA,NA,Early regeneration,6,6,FALSE,FALSE,FALSE,0.8,19,0,312,1,0.005,0.005105521210829247
AE-MT2-P74,AE,2,XP207-PR,3,B,5,2,0.5,FALSE,0,14,NA,NA,NA,NA,Early regeneration,6,6,FALSE,FALSE,FALSE,0.8,19,0,312,3,0.005,0.005105521210829247
IS-MT5-P82,IS,5,XP207-PR,3,B,9,7,2.5,FALSE,0,381,4.11,15.970765789816287,2.246,0.788,Early regeneration,6,6,FALSE,FALSE,FALSE,0.8,19,0,312,2,0.025,0.025101257727563418
IS-MT5-P82,IS,5,XP207-PR,3,B,9,7,2.5,FALSE,0,344,4.11,15.970765789816287,2.246,0.788,Early regeneration,6,6,FALSE,FALSE,FALSE,0.8,19,0,312,2,0.025,0.025101257727563418
VB-MT2-P6,VB,2,XP207-PR,3,B,3,1,0.5,FALSE,0,14,NA,NA,NA,NA,Early regeneration,6,6,FALSE,FALSE,FALSE,0.8,19,0,312,2,0.005,0.005105521210829247
CP-MT1-P10,CP,1,XP207-PR,3,B,6,4,10,FALSE,0,238,NA,NA,NA,NA,Early regeneration,6,6,FALSE,FALSE,FALSE,0.8,19,0,312,2,0.1,0.10008526966531657
BU-MT2-P11,BU,2,XP207-PR,3,B,5,1,0.5,FALSE,0,238,NA,NA,NA,NA,Early regeneration,6,6,FALSE,FALSE,FALSE,0.8,19,0,312,4,0.005,0.005105521210829247
OP-MT6-P22,OP,6,XP207-PR,3,B,33,26,1,FALSE,0,330,NA,NA,NA,NA,Early regeneration,6,6,FALSE,FALSE,FALSE,0.8,19,0,312,7,0.01,0.01010445534001279
BG-MT3-P5,BG,3,XP207-PR,3,B,NA,NA,NA,FALSE,1,225,NA,NA,NA,NA,Early regeneration,6,6,FALSE,FALSE,FALSE,0.8,19,0,312,NA,NA,NA
EA-MT1-P24,EA,1,XP207-PR,3,B,22,9,0.5,FALSE,0,142,NA,NA,NA,NA,Early regeneration,6,6,FALSE,FALSE,FALSE,0.8,19,0,312,13,0.005,0.005105521210829247
BS-MT7-P63,BS,7,XP207-PR,3,B,4,1,20,FALSE,0,14,NA,NA,NA,NA,Early regeneration,6,6,FALSE,FALSE,FALSE,0.8,19,0,312,3,0.2,0.20006395224898743
BP-MT4-P89,BP,4,XP207-PR,3,B,1,0,0,FALSE,0,14,NA,NA,NA,NA,Early regeneration,6,6,FALSE,FALSE,FALSE,0.8,19,0,312,1,0,1.0658708164570453e-4
PG-MT5-P25,PG,5,XP207-PR,3,B,4,3,1,FALSE,0,14,NA,NA,NA,NA,Early regeneration,6,6,FALSE,FALSE,FALSE,0.8,19,0,312,1,0.01,0.01010445534001279
CH-MT4-P50,CH,4,XP207-PR,3,B,10,2,0.5,FALSE,0,238,NA,NA,NA,NA,Early regeneration,6,6,FALSE,FALSE,FALSE,0.8,19,0,312,8,0.005,0.005105521210829247
BP-MT1-P23,BP,1,XP207-PR,3,C,1,0,0,FALSE,0,14,NA,NA,NA,NA,Early regeneration,6,6,FALSE,FALSE,FALSE,0.8,19,0,312,1,0,1.0658708164570453e-4
VB-MT2-P3,VB,2,XP207-PR,3,C,3,2,30,FALSE,0,14,1.4075,7.764810932441539,1.64,0.333,Early regeneration,6,6,FALSE,FALSE,FALSE,0.8,19,0,312,1,0.3,0.3000426348326583
EA-MT2-P15,EA,2,XP207-PR,3,C,27,10,1,FALSE,0,330,5.4,9.893468806156337,1.843,0.735,Early regeneration,6,6,FALSE,FALSE,FALSE,0.8,19,0,312,17,0.01,0.01010445534001279
BU-MT1-P33,BU,1,XP207-PR,3,C,2,0,0,FALSE,0,142,NA,NA,NA,NA,Early regeneration,6,6,FALSE,FALSE,FALSE,0.8,19,0,312,2,0,1.0658708164570453e-4
PG-MT4-P58,PG,4,XP207-PR,3,C,2,1,0.5,FALSE,0,14,NA,NA,NA,NA,Early regeneration,6,6,FALSE,FALSE,FALSE,0.8,19,0,312,1,0.005,0.005105521210829247
MC-MT2-P13,MC,2,XP207-PR,3,C,20,11,10,FALSE,0,238,1.63,22.676726435785355,6.314,1.863,Early regeneration,6,6,FALSE,FALSE,FALSE,0.8,19,0,312,9,0.1,0.10008526966531657
IS-MT1-P45,IS,1,XP207-PR,3,C,1,1,2.5,FALSE,0,330,NA,NA,NA,NA,Early regeneration,6,6,FALSE,FALSE,FALSE,0.8,19,0,312,0,0.025,0.025101257727563418
CP-MT2-P26,CP,2,XP207-PR,3,C,3,2,2.5,FALSE,0,14,NA,NA,NA,NA,Early regeneration,6,6,FALSE,FALSE,FALSE,0.8,19,0,312,1,0.025,0.025101257727563418
BG-MT3-P22,BG,3,XP207-PR,3,C,107,16,2.5,FALSE,0,238,2.6550000000000002,37.182167331294536,1.949,0.619,Early regeneration,6,6,FALSE,FALSE,FALSE,0.8,19,0,312,91,0.025,0.025101257727563418
OP-MT8-P15,OP,8,XP207-PR,3,C,NA,NA,NA,FALSE,1,92,NA,NA,NA,NA,Early regeneration,6,6,FALSE,FALSE,FALSE,0.8,19,0,312,NA,NA,NA
OP-MT2-P66,OP,2,XP207-PR,3,C,10,6,1,FALSE,0,142,NA,NA,NA,NA,Early regeneration,6,6,FALSE,FALSE,FALSE,0.8,19,0,312,4,0.01,0.01010445534001279
BS-MT1-P14,BS,1,XP207-PR,3,C,NA,NA,NA,FALSE,1,96,NA,NA,NA,NA,Early regeneration,6,6,FALSE,FALSE,FALSE,0.8,19,0,312,NA,NA,NA
BS-MT1-P70,BS,1,XP207-PR,3,C,2,2,2.5,FALSE,0,14,NA,NA,NA,NA,Early regeneration,6,6,FALSE,FALSE,FALSE,0.8,19,0,312,0,0.025,0.025101257727563418
CH-MT1-P9,CH,1,XP207-PR,3,C,NA,NA,NA,FALSE,1,317,NA,NA,NA,NA,Early regeneration,6,6,FALSE,FALSE,FALSE,0.8,19,0,312,NA,NA,NA
PA-MT7-P20,PA,7,XP207-PR,3,C,199,33,0.5,FALSE,0,238,1.4049999999999998,16.234781903854024,1.41,0.345,Early regeneration,6,6,FALSE,FALSE,FALSE,0.8,19,0,312,166,0.005,0.005105521210829247
DC-MT1-P36,DC,1,XP207-PR,3,C,1,1,0.5,FALSE,0,14,NA,NA,NA,NA,Early regeneration,6,6,FALSE,FALSE,FALSE,0.8,19,0,312,0,0.005,0.005105521210829247
AE-MT4-P70,AE,4,XP207-PR,3,C,7,4,1,FALSE,0,14,NA,NA,NA,NA,Early regeneration,6,6,FALSE,FALSE,FALSE,0.8,19,0,312,3,0.01,0.01010445534001279
IS-MT3-P83,IS,3,XP207-PR,4,A,6,5,2.5,FALSE,0,381,NA,NA,NA,NA,Early regeneration,6,6,FALSE,FALSE,FALSE,0.8,19,0,312,1,0.025,0.025101257727563418
OP-MT9-P29,OP,9,XP207-PR,4,A,5,3,1,FALSE,0,381,NA,NA,NA,NA,Early regeneration,6,6,FALSE,FALSE,FALSE,0.8,19,0,312,2,0.01,0.01010445534001279
PG-MT3-P25,PG,3,XP207-PR,4,A,1,0,0,FALSE,0,14,NA,NA,NA,NA,Early regeneration,6,6,FALSE,FALSE,FALSE,0.8,19,0,312,1,0,1.0658708164570453e-4
BS-MT5-P70,BS,5,XP207-PR,4,A,3,2,30,FALSE,0,142,NA,NA,NA,NA,Early regeneration,6,6,FALSE,FALSE,FALSE,0.8,19,0,312,1,0.3,0.3000426348326583
CP-MT3-P44,CP,3,XP207-PR,4,A,3,3,10,FALSE,0,330,NA,NA,NA,NA,Early regeneration,6,6,FALSE,FALSE,FALSE,0.8,19,0,312,0,0.1,0.10008526966531657
DC-MT5-P53,DC,5,XP207-PR,4,A,NA,NA,NA,FALSE,1,96,NA,NA,NA,NA,Early regeneration,6,6,FALSE,FALSE,FALSE,0.8,19,0,312,NA,NA,NA
PA-MT3-P67,PA,3,XP207-PR,4,A,48,20,5,FALSE,0,381,NA,NA,NA,NA,Early regeneration,6,6,FALSE,FALSE,FALSE,0.8,19,0,312,28,0.05,0.05009592837348113
CH-MT5-P73,CH,5,XP207-PR,4,A,1,1,1,FALSE,0,14,NA,NA,NA,NA,Early regeneration,6,6,FALSE,FALSE,FALSE,0.8,19,0,312,0,0.01,0.01010445534001279
BU-MT2-P61,BU,2,XP207-PR,4,A,1,0,0,FALSE,0,238,NA,NA,NA,NA,Early regeneration,6,6,FALSE,FALSE,FALSE,0.8,19,0,312,1,0,1.0658708164570453e-4
EA-MT4-P11,EA,4,XP207-PR,4,A,56,13,10,FALSE,0,330,NA,NA,NA,NA,Early regeneration,6,6,FALSE,FALSE,FALSE,0.8,19,0,312,43,0.1,0.10008526966531657
BP-MT1-P38,BP,1,XP207-PR,4,A,0,0,0,FALSE,0,14,NA,NA,NA,NA,Early regeneration,6,6,FALSE,FALSE,FALSE,0.8,19,0,312,0,0,1.0658708164570453e-4
BG-MT2-P66,BG,2,XP207-PR,4,A,NA,NA,NA,FALSE,1,96,NA,NA,NA,NA,Early regeneration,6,6,FALSE,FALSE,FALSE,0.8,19,0,312,NA,NA,NA
BG-MT1-P17,BG,1,XP207-PR,4,A,8,5,5,FALSE,0,14,NA,NA,NA,NA,Early regeneration,6,6,FALSE,FALSE,FALSE,0.8,19,0,312,3,0.05,0.05009592837348113
AE-MT1-P68,AE,1,XP207-PR,4,A,6,4,1,FALSE,0,14,NA,NA,NA,NA,Early regeneration,6,6,FALSE,FALSE,FALSE,0.8,19,0,312,2,0.01,0.01010445534001279
VB-MT5-P38,VB,5,XP207-PR,4,A,3,1,15,FALSE,0,14,NA,NA,NA,NA,Early regeneration,6,6,FALSE,FALSE,FALSE,0.8,19,0,312,2,0.15,0.150074610957152
BU-MT1-P51,BU,1,XP207-PR,4,B,1,0,0,FALSE,0,142,NA,NA,NA,NA,Early regeneration,6,6,FALSE,FALSE,FALSE,0.8,19,0,312,1,0,1.0658708164570453e-4
BP-MT1-P54,BP,1,XP207-PR,4,B,0,0,0,FALSE,0,14,NA,NA,NA,NA,Early regeneration,6,6,FALSE,FALSE,FALSE,0.8,19,0,312,0,0,1.0658708164570453e-4
VB-MT2-P10,VB,2,XP207-PR,4,B,3,1,50,FALSE,0,14,NA,NA,NA,NA,Early regeneration,6,6,FALSE,FALSE,FALSE,0.8,19,0,312,2,0.5,0.5
EA-MT5-P51,EA,5,XP207-PR,4,B,28,20,10,FALSE,0,142,NA,NA,NA,NA,Early regeneration,6,6,FALSE,FALSE,FALSE,0.8,19,0,312,8,0.1,0.10008526966531657
PG-MT3-P1,PG,3,XP207-PR,4,B,0,0,0,FALSE,0,14,NA,NA,NA,NA,Early regeneration,6,6,FALSE,FALSE,FALSE,0.8,19,0,312,0,0,1.0658708164570453e-4
DC-MT5-P3,DC,5,XP207-PR,4,B,NA,NA,NA,FALSE,1,96,NA,NA,NA,NA,Early regeneration,6,6,FALSE,FALSE,FALSE,0.8,19,0,312,NA,NA,NA
IS-MT5-P53,IS,5,XP207-PR,4,B,2,2,10,FALSE,0,142,NA,NA,NA,NA,Early regeneration,6,6,FALSE,FALSE,FALSE,0.8,19,0,312,0,0.1,0.10008526966531657
CP-MT5-P24,CP,5,XP207-PR,4,B,6,5,2.5,FALSE,0,238,NA,NA,NA,NA,Early regeneration,6,6,FALSE,FALSE,FALSE,0.8,19,0,312,1,0.025,0.025101257727563418
CH-MT5-P44,CH,5,XP207-PR,4,B,12,6,0.5,FALSE,0,238,NA,NA,NA,NA,Early regeneration,6,6,FALSE,FALSE,FALSE,0.8,19,0,312,6,0.005,0.005105521210829247
OP-MT2-P69,OP,2,XP207-PR,4,B,43,11,1,FALSE,0,381,NA,NA,NA,NA,Early regeneration,6,6,FALSE,FALSE,FALSE,0.8,19,0,312,32,0.01,0.01010445534001279
BG-MT3-P49,BG,3,XP207-PR,4,B,NA,NA,NA,FALSE,1,96,NA,NA,NA,NA,Early regeneration,6,6,FALSE,FALSE,FALSE,0.8,19,0,312,NA,NA,NA
BG-MT1-P54,BG,1,XP207-PR,4,B,30,3,0.5,FALSE,0,14,NA,NA,NA,NA,Early regeneration,6,6,FALSE,FALSE,FALSE,0.8,19,0,312,27,0.005,0.005105521210829247
AE-MT5-P26,AE,5,XP207-PR,4,B,3,2,5,FALSE,0,14,NA,NA,NA,NA,Early regeneration,6,6,FALSE,FALSE,FALSE,0.8,19,0,312,1,0.05,0.05009592837348113
MC-MT3-P31,MC,3,XP207-PR,4,B,11,10,5,FALSE,0,238,NA,NA,NA,NA,Early regeneration,6,6,FALSE,FALSE,FALSE,0.8,19,0,312,1,0.05,0.05009592837348113
BS-MT5-P67,BS,5,XP207-PR,4,B,1,1,5,FALSE,0,142,NA,NA,NA,NA,Early regeneration,6,6,FALSE,FALSE,FALSE,0.8,19,0,312,0,0.05,0.05009592837348113
AE-MT1-P29,AE,1,XP207-PR,4,C,3,0,0,FALSE,0,14,NA,NA,NA,NA,Early regeneration,6,6,FALSE,FALSE,FALSE,0.8,19,0,312,3,0,1.0658708164570453e-4
BG-MT4-P24,BG,4,XP207-PR,4,C,58,5,0.5,FALSE,0,238,2.1574999999999998,23.16009186453085,0.811,0.232,Early regeneration,6,6,FALSE,FALSE,FALSE,0.8,19,0,312,53,0.005,0.005105521210829247
BP-MT3-P18,BP,3,XP207-PR,4,C,2,0,0,FALSE,0,14,NA,NA,NA,NA,Early regeneration,6,6,FALSE,FALSE,FALSE,0.8,19,0,312,2,0,1.0658708164570453e-4
CP-MT4-P36,CP,4,XP207-PR,4,C,13,4,20,FALSE,0,330,NA,NA,NA,NA,Early regeneration,6,6,FALSE,FALSE,FALSE,0.8,19,0,312,9,0.2,0.20006395224898743
BU-MT1-P34,BU,1,XP207-PR,4,C,NA,NA,NA,FALSE,1,317,NA,NA,NA,NA,Early regeneration,6,6,FALSE,FALSE,FALSE,0.8,19,0,312,NA,NA,NA
PG-MT4-P32,PG,4,XP207-PR,4,C,4,2,1,FALSE,0,14,NA,NA,NA,NA,Early regeneration,6,6,FALSE,FALSE,FALSE,0.8,19,0,312,2,0.01,0.01010445534001279
OP-MT8-P21,OP,8,XP207-PR,4,C,NA,NA,NA,FALSE,1,92,NA,NA,NA,NA,Early regeneration,6,6,FALSE,FALSE,FALSE,0.8,19,0,312,NA,NA,NA
OP-MT7-P61,OP,7,XP207-PR,4,C,8,6,1,FALSE,0,142,NA,NA,NA,NA,Early regeneration,6,6,FALSE,FALSE,FALSE,0.8,19,0,312,2,0.01,0.01010445534001279
VB-MT2-P35,VB,2,XP207-PR,4,C,2,2,0.5,FALSE,0,14,1.03,11.17751203348857,1.663,0.315,Early regeneration,6,6,FALSE,FALSE,FALSE,0.8,19,0,312,0,0.005,0.005105521210829247
PA-MT6-P65,PA,6,XP207-PR,4,C,25,9,2.5,FALSE,0,142,1.0175,18.259722858288775,1.535,0.308,Early regeneration,6,6,FALSE,FALSE,FALSE,0.8,19,0,312,16,0.025,0.025101257727563418
BS-MT7-P43,BS,7,XP207-PR,4,C,5,3,30,FALSE,0,142,NA,NA,NA,NA,Early regeneration,6,6,FALSE,FALSE,FALSE,0.8,19,0,312,2,0.3,0.3000426348326583
CH-MT3-P10,CH,3,XP207-PR,4,C,5,4,1,FALSE,0,238,NA,NA,NA,NA,Early regeneration,6,6,FALSE,FALSE,FALSE,0.8,19,0,312,1,0.01,0.01010445534001279
EA-MT5-P62,EA,5,XP207-PR,4,C,10,8,1,FALSE,0,142,3.84,13.638470287182146,1.169,0.417,Early regeneration,6,6,FALSE,FALSE,FALSE,0.8,19,0,312,2,0.01,0.01010445534001279
IS-MT3-P52,IS,3,XP207-PR,4,C,5,3,2.5,FALSE,0,142,3.8425000000000002,21.56277167734749,1.698,0.702,Early regeneration,6,6,FALSE,FALSE,FALSE,0.8,19,0,312,2,0.025,0.025101257727563418
DC-MT2-P5,DC,2,XP207-PR,4,C,3,3,2.5,FALSE,0,238,NA,NA,NA,NA,Early regeneration,6,6,FALSE,FALSE,FALSE,0.8,19,0,312,0,0.025,0.025101257727563418
IS-MT2-P75,IS,2,XP207-PR,5,A,NA,NA,NA,FALSE,0,381,NA,NA,NA,NA,Early regeneration,6,6,FALSE,FALSE,FALSE,0.8,19,0,312,NA,NA,NA
CP-MT3-P58,CP,3,XP207-PR,5,A,NA,NA,NA,FALSE,0,330,NA,NA,NA,NA,Early regeneration,6,6,FALSE,FALSE,FALSE,0.8,19,0,312,NA,NA,NA
OP-MT8-P52,OP,8,XP207-PR,5,A,NA,NA,NA,FALSE,0,330,NA,NA,NA,NA,Early regeneration,6,6,FALSE,FALSE,FALSE,0.8,19,0,312,NA,NA,NA
PA-MT6-P43,PA,6,XP207-PR,5,A,NA,NA,NA,FALSE,1,188,NA,NA,NA,NA,Early regeneration,6,6,FALSE,FALSE,FALSE,0.8,19,0,312,NA,NA,NA
PA-MT7-P51,PA,7,XP207-PR,5,A,NA,NA,NA,FALSE,0,14,NA,NA,NA,NA,Early regeneration,6,6,FALSE,FALSE,FALSE,0.8,19,0,312,NA,NA,NA
PG-MT3-P57,PG,3,XP207-PR,5,A,NA,NA,NA,FALSE,0,14,NA,NA,NA,NA,Early regeneration,6,6,FALSE,FALSE,FALSE,0.8,19,0,312,NA,NA,NA
BP-MT4-P25,BP,4,XP207-PR,5,A,NA,NA,NA,FALSE,0,14,NA,NA,NA,NA,Early regeneration,6,6,FALSE,FALSE,FALSE,0.8,19,0,312,NA,NA,NA
BG-MT5-P81,BG,5,XP207-PR,5,A,NA,NA,NA,FALSE,0,238,NA,NA,NA,NA,Early regeneration,6,6,FALSE,FALSE,FALSE,0.8,19,0,312,NA,NA,NA
AE-MT2-P45,AE,2,XP207-PR,5,A,NA,NA,NA,FALSE,0,14,NA,NA,NA,NA,Early regeneration,6,6,FALSE,FALSE,FALSE,0.8,19,0,312,NA,NA,NA
CH-MT4-P22,CH,4,XP207-PR,5,A,NA,NA,NA,FALSE,0,238,NA,NA,NA,NA,Early regeneration,6,6,FALSE,FALSE,FALSE,0.8,19,0,312,NA,NA,NA
MC-MT2-P9,MC,2,XP207-PR,5,A,NA,NA,NA,FALSE,0,238,NA,NA,NA,NA,Early regeneration,6,6,FALSE,FALSE,FALSE,0.8,19,0,312,NA,NA,NA
DC-MT5-P48,DC,5,XP207-PR,5,A,NA,NA,NA,FALSE,1,225,NA,NA,NA,NA,Early regeneration,6,6,FALSE,FALSE,FALSE,0.8,19,0,312,NA,NA,NA
VB-MT5-P70,VB,5,XP207-PR,5,A,NA,NA,NA,FALSE,0,14,NA,NA,NA,NA,Early regeneration,6,6,FALSE,FALSE,FALSE,0.8,19,0,312,NA,NA,NA
BU-MT4-P75,BU,4,XP207-PR,5,A,NA,NA,NA,FALSE,0,238,NA,NA,NA,NA,Early regeneration,6,6,FALSE,FALSE,FALSE,0.8,19,0,312,NA,NA,NA
BS-MT6-P91,BS,6,XP207-PR,5,A,NA,NA,NA,FALSE,0,14,NA,NA,NA,NA,Early regeneration,6,6,FALSE,FALSE,FALSE,0.8,19,0,312,NA,NA,NA
OP-MT9-P73,OP,9,XP207-PR,5,B,NA,NA,NA,FALSE,0,381,NA,NA,NA,NA,Early regeneration,6,6,FALSE,FALSE,FALSE,0.8,19,0,312,NA,NA,NA
CP-MT4-P32,CP,4,XP207-PR,5,B,NA,NA,NA,FALSE,1,317,NA,NA,NA,NA,Early regeneration,6,6,FALSE,FALSE,FALSE,0.8,19,0,312,NA,NA,NA
PG-MT1-P51,PG,1,XP207-PR,5,B,NA,NA,NA,FALSE,0,14,NA,NA,NA,NA,Early regeneration,6,6,FALSE,FALSE,FALSE,0.8,19,0,312,NA,NA,NA
VB-MT4-P40,VB,4,XP207-PR,5,B,NA,NA,NA,FALSE,0,14,NA,NA,NA,NA,Early regeneration,6,6,FALSE,FALSE,FALSE,0.8,19,0,312,NA,NA,NA
MC-MT1-P23,MC,1,XP207-PR,5,B,NA,NA,NA,FALSE,1,96,NA,NA,NA,NA,Early regeneration,6,6,FALSE,FALSE,FALSE,0.8,19,0,312,NA,NA,NA
MC-MT2-P25,MC,2,XP207-PR,5,B,NA,NA,NA,FALSE,0,14,NA,NA,NA,NA,Early regeneration,6,6,FALSE,FALSE,FALSE,0.8,19,0,312,NA,NA,NA
CH-MT2-P34,CH,2,XP207-PR,5,B,NA,NA,NA,FALSE,1,96,NA,NA,NA,NA,Early regeneration,6,6,FALSE,FALSE,FALSE,0.8,19,0,312,NA,NA,NA
CH-MT5-P57,CH,5,XP207-PR,5,B,NA,NA,NA,FALSE,0,14,NA,NA,NA,NA,Early regeneration,6,6,FALSE,FALSE,FALSE,0.8,19,0,312,NA,NA,NA
DC-MT1-P38,DC,1,XP207-PR,5,B,NA,NA,NA,FALSE,0,238,NA,NA,NA,NA,Early regeneration,6,6,FALSE,FALSE,FALSE,0.8,19,0,312,NA,NA,NA
BG-MT2-P63,BG,2,XP207-PR,5,B,NA,NA,NA,FALSE,0,238,NA,NA,NA,NA,Early regeneration,6,6,FALSE,FALSE,FALSE,0.8,19,0,312,NA,NA,NA
EA-MT3-P49,EA,3,XP207-PR,5,B,NA,NA,NA,FALSE,NA,NA,NA,NA,NA,NA,Early regeneration,6,6,FALSE,FALSE,FALSE,0.8,19,0,312,NA,NA,NA
IS-MT5-P60,IS,5,XP207-PR,5,B,NA,NA,NA,FALSE,0,142,NA,NA,NA,NA,Early regeneration,6,6,FALSE,FALSE,FALSE,0.8,19,0,312,NA,NA,NA
AE-MT4-P26,AE,4,XP207-PR,5,B,NA,NA,NA,FALSE,0,14,NA,NA,NA,NA,Early regeneration,6,6,FALSE,FALSE,FALSE,0.8,19,0,312,NA,NA,NA
BS-MT6-P16,BS,6,XP207-PR,5,B,NA,NA,NA,FALSE,1,225,NA,NA,NA,NA,Early regeneration,6,6,FALSE,FALSE,FALSE,0.8,19,0,312,NA,NA,NA
BP-MT4-P49,BP,4,XP207-PR,5,B,NA,NA,NA,FALSE,0,14,NA,NA,NA,NA,Early regeneration,6,6,FALSE,FALSE,FALSE,0.8,19,0,312,NA,NA,NA
BU-MT3-P63,BU,3,XP207-PR,5,B,NA,NA,NA,FALSE,1,96,NA,NA,NA,NA,Early regeneration,6,6,FALSE,FALSE,FALSE,0.8,19,0,312,NA,NA,NA
BU-MT4-P29,BU,4,XP207-PR,5,B,NA,NA,NA,FALSE,0,14,NA,NA,NA,NA,Early regeneration,6,6,FALSE,FALSE,FALSE,0.8,19,0,312,NA,NA,NA
CP-MT2-P5,CP,2,XP207-PR,5,C,NA,NA,NA,FALSE,1,188,NA,NA,NA,NA,Early regeneration,6,6,FALSE,FALSE,FALSE,0.8,19,0,312,NA,NA,NA
CP-MT2-P86,CP,2,XP207-PR,5,C,NA,NA,NA,FALSE,0,14,NA,NA,NA,NA,Early regeneration,6,6,FALSE,FALSE,FALSE,0.8,19,0,312,NA,NA,NA
IS-MT3-P91,IS,3,XP207-PR,5,C,NA,NA,NA,FALSE,0,14,NA,NA,NA,NA,Early regeneration,6,6,FALSE,FALSE,FALSE,0.8,19,0,312,NA,NA,NA
OP-MT6-P34,OP,6,XP207-PR,5,C,NA,NA,NA,FALSE,1,317,NA,NA,NA,NA,Early regeneration,6,6,FALSE,FALSE,FALSE,0.8,19,0,312,NA,NA,NA
BU-MT1-P29,BU,1,XP207-PR,5,C,NA,NA,NA,FALSE,1,317,NA,NA,NA,NA,Early regeneration,6,6,FALSE,FALSE,FALSE,0.8,19,0,312,NA,NA,NA
EA-MT4-P39,EA,4,XP207-PR,5,C,NA,NA,NA,FALSE,0,14,NA,NA,NA,NA,Early regeneration,6,6,FALSE,FALSE,FALSE,0.8,19,0,312,NA,NA,NA
AE-MT5-P71,AE,5,XP207-PR,5,C,NA,NA,NA,FALSE,0,14,NA,NA,NA,NA,Early regeneration,6,6,FALSE,FALSE,FALSE,0.8,19,0,312,NA,NA,NA
PG-MT2-P67,PG,2,XP207-PR,5,C,NA,NA,NA,FALSE,0,14,NA,NA,NA,NA,Early regeneration,6,6,FALSE,FALSE,FALSE,0.8,19,0,312,NA,NA,NA
BP-MT4-P9,BP,4,XP207-PR,5,C,NA,NA,NA,FALSE,0,14,NA,NA,NA,NA,Early regeneration,6,6,FALSE,FALSE,FALSE,0.8,19,0,312,NA,NA,NA
VB-MT2-P30,VB,2,XP207-PR,5,C,NA,NA,NA,FALSE,0,14,NA,NA,NA,NA,Early regeneration,6,6,FALSE,FALSE,FALSE,0.8,19,0,312,NA,NA,NA
DC-MT4-P80,DC,4,XP207-PR,5,C,NA,NA,NA,FALSE,0,238,NA,NA,NA,NA,Early regeneration,6,6,FALSE,FALSE,FALSE,0.8,19,0,312,NA,NA,NA
CH-MT3-P13,CH,3,XP207-PR,5,C,NA,NA,NA,FALSE,0,238,NA,NA,NA,NA,Early regeneration,6,6,FALSE,FALSE,FALSE,0.8,19,0,312,NA,NA,NA
BG-MT4-P48,BG,4,XP207-PR,5,C,NA,NA,NA,FALSE,0,238,NA,NA,NA,NA,Early regeneration,6,6,FALSE,FALSE,FALSE,0.8,19,0,312,NA,NA,NA
MC-MT2-P14,MC,2,XP208-PR,1,A,11,9,2.5,FALSE,0,183,NA,NA,NA,NA,Early regeneration,6,6,FALSE,FALSE,FALSE,0.78,26,0,462,2,0.025,0.025101257727563418
VB-MT5-P67,VB,5,XP208-PR,1,A,14,5,1,FALSE,0,7,NA,NA,NA,NA,Early regeneration,6,6,FALSE,FALSE,FALSE,0.78,26,0,462,9,0.01,0.01010445534001279
PA-MT3-P9,PA,3,XP208-PR,1,A,122,49,1,FALSE,0,367,NA,NA,NA,NA,Early regeneration,6,6,FALSE,FALSE,FALSE,0.78,26,0,462,73,0.01,0.01010445534001279
CP-MT4-P26,CP,4,XP208-PR,1,A,NA,NA,NA,FALSE,1,318,NA,NA,NA,NA,Early regeneration,6,6,FALSE,FALSE,FALSE,0.78,26,0,462,NA,NA,NA
BU-MT1-P43,BU,1,XP208-PR,1,A,5,1,0.5,FALSE,0,318,NA,NA,NA,NA,Early regeneration,6,6,FALSE,FALSE,FALSE,0.78,26,0,462,4,0.005,0.005105521210829247
IS-MT5-P64,IS,5,XP208-PR,1,A,4,4,50,FALSE,0,367,NA,NA,NA,NA,Early regeneration,6,6,FALSE,FALSE,FALSE,0.78,26,0,462,0,0.5,0.5
AE-MT3-P55,AE,3,XP208-PR,1,A,5,3,0.5,FALSE,0,7,NA,NA,NA,NA,Early regeneration,6,6,FALSE,FALSE,FALSE,0.78,26,0,462,2,0.005,0.005105521210829247
BS-MT6-P36,BS,6,XP208-PR,1,A,1,1,95,FALSE,1,183,NA,NA,NA,NA,Early regeneration,6,6,FALSE,FALSE,FALSE,0.78,26,0,462,0,0.95,0.9499040716265189
EA-MT5-P17,EA,5,XP208-PR,1,A,9,5,1,FALSE,0,111,NA,NA,NA,NA,Early regeneration,6,6,FALSE,FALSE,FALSE,0.78,26,0,462,4,0.01,0.01010445534001279
OP-MT2-P28,OP,2,XP208-PR,1,A,NA,NA,NA,FALSE,1,367,NA,NA,NA,NA,Early regeneration,6,6,FALSE,FALSE,FALSE,0.78,26,0,462,NA,NA,NA
DC-MT1-P32,DC,1,XP208-PR,1,A,4,3,0.5,FALSE,0,183,NA,NA,NA,NA,Early regeneration,6,6,FALSE,FALSE,FALSE,0.78,26,0,462,1,0.005,0.005105521210829247
CH-MT3-P12,CH,3,XP208-PR,1,A,3,2,10,FALSE,0,183,NA,NA,NA,NA,Early regeneration,6,6,FALSE,FALSE,FALSE,0.78,26,0,462,1,0.1,0.10008526966531657
BG-MT2-P74,BG,2,XP208-PR,1,A,22,13,1,FALSE,0,183,NA,NA,NA,NA,Early regeneration,6,6,FALSE,FALSE,FALSE,0.78,26,0,462,9,0.01,0.01010445534001279
PG-MT5-P1,PG,5,XP208-PR,1,A,0,0,0,FALSE,0,7,NA,NA,NA,NA,Early regeneration,6,6,FALSE,FALSE,FALSE,0.78,26,0,462,0,0,1.0658708164570453e-4
BP-MT2-P36,BP,2,XP208-PR,1,A,0,0,0,FALSE,1,7,NA,NA,NA,NA,Early regeneration,6,6,FALSE,FALSE,FALSE,0.78,26,0,462,0,0,1.0658708164570453e-4
MC-MT2-P41,MC,2,XP208-PR,1,B,19,16,5,FALSE,0,183,NA,NA,NA,NA,Early regeneration,6,6,FALSE,FALSE,FALSE,0.78,26,0,462,3,0.05,0.05009592837348113
IS-MT4-P46,IS,4,XP208-PR,1,B,5,4,12.5,FALSE,0,318,NA,NA,NA,NA,Early regeneration,6,6,FALSE,FALSE,FALSE,0.78,26,0,462,1,0.125,0.1250799403112343
CP-MT2-P54,CP,2,XP208-PR,1,B,3,2,2.5,FALSE,0,318,NA,NA,NA,NA,Early regeneration,6,6,FALSE,FALSE,FALSE,0.78,26,0,462,1,0.025,0.025101257727563418
OP-MT6-P40,OP,6,XP208-PR,1,B,12,6,NA,FALSE,0,318,NA,NA,NA,NA,Early regeneration,6,6,FALSE,FALSE,FALSE,0.78,26,0,462,6,NA,NA
BG-MT1-P89,BG,1,XP208-PR,1,B,32,8,0.5,FALSE,0,183,NA,NA,NA,NA,Early regeneration,6,6,FALSE,FALSE,FALSE,0.78,26,0,462,24,0.005,0.005105521210829247
DC-MT5-P66,DC,5,XP208-PR,1,B,NA,NA,NA,FALSE,1,183,NA,NA,NA,NA,Early regeneration,6,6,FALSE,FALSE,FALSE,0.78,26,0,462,NA,NA,NA
AE-MT1-P36,AE,1,XP208-PR,1,B,3,2,2.5,FALSE,0,7,NA,NA,NA,NA,Early regeneration,6,6,FALSE,FALSE,FALSE,0.78,26,0,462,1,0.025,0.025101257727563418
PA-MT6-P46,PA,6,XP208-PR,1,B,101,46,1,FALSE,0,318,NA,NA,NA,NA,Early regeneration,6,6,FALSE,FALSE,FALSE,0.78,26,0,462,55,0.01,0.01010445534001279
EA-MT5-P105,EA,5,XP208-PR,1,B,18,9,0.5,FALSE,0,7,NA,NA,NA,NA,Early regeneration,6,6,FALSE,FALSE,FALSE,0.78,26,0,462,9,0.005,0.005105521210829247
CH-MT1-P4,CH,1,XP208-PR,1,B,NA,NA,NA,FALSE,0,318,NA,NA,NA,NA,Early regeneration,6,6,FALSE,FALSE,FALSE,0.78,26,0,462,NA,NA,NA
BP-MT1-P69,BP,1,XP208-PR,1,B,0,0,0,FALSE,0,7,NA,NA,NA,NA,Early regeneration,6,6,FALSE,FALSE,FALSE,0.78,26,0,462,0,0,1.0658708164570453e-4
VB-MT1-P41,VB,1,XP208-PR,1,B,78,42,10,FALSE,0,183,NA,NA,NA,NA,Early regeneration,6,6,FALSE,FALSE,FALSE,0.78,26,0,462,36,0.1,0.10008526966531657
BU-MT4-P16,BU,4,XP208-PR,1,B,6,1,0.5,FALSE,0,183,NA,NA,NA,NA,Early regeneration,6,6,FALSE,FALSE,FALSE,0.78,26,0,462,5,0.005,0.005105521210829247
BS-MT1-P65,BS,1,XP208-PR,1,B,4,2,15,FALSE,0,111,NA,NA,NA,NA,Early regeneration,6,6,FALSE,FALSE,FALSE,0.78,26,0,462,2,0.15,0.150074610957152
PG-MT1-P53,PG,1,XP208-PR,1,B,2,2,5,FALSE,0,7,NA,NA,NA,NA,Early regeneration,6,6,FALSE,FALSE,FALSE,0.78,26,0,462,0,0.05,0.05009592837348113
PG-MT2-P57,PG,2,XP208-PR,1,C,5,2,0.5,FALSE,0,7,NA,NA,NA,NA,Early regeneration,6,6,FALSE,FALSE,FALSE,0.78,26,0,462,3,0.005,0.005105521210829247
VB-MT3-P25,VB,3,XP208-PR,1,C,4,2,1,FALSE,0,7,1.9000000000000001,12.197924038903114,1.336,0.308,Early regeneration,6,6,FALSE,FALSE,FALSE,0.78,26,0,462,2,0.01,0.01010445534001279
EA-MT1-P32,EA,1,XP208-PR,1,C,17,14,5,FALSE,0,111,5.0675,20.636140121561397,2.277,0.956,Early regeneration,6,6,FALSE,FALSE,FALSE,0.78,26,0,462,3,0.05,0.05009592837348113
CP-MT5-P21,CP,5,XP208-PR,1,C,5,5,5,FALSE,0,183,NA,NA,NA,NA,Early regeneration,6,6,FALSE,FALSE,FALSE,0.78,26,0,462,0,0.05,0.05009592837348113
BP-MT4-P67,BP,4,XP208-PR,1,C,1,0,0,FALSE,0,7,NA,NA,NA,NA,Early regeneration,6,6,FALSE,FALSE,FALSE,0.78,26,0,462,1,0,1.0658708164570453e-4
IS-MT1-P44,IS,1,XP208-PR,1,C,3,3,1,FALSE,0,318,4.695,19.074076857170994,2.188,0.846,Early regeneration,6,6,FALSE,FALSE,FALSE,0.78,26,0,462,0,0.01,0.01010445534001279
AE-MT5-P62,AE,5,XP208-PR,1,C,2,0,0,FALSE,0,7,NA,NA,NA,NA,Early regeneration,6,6,FALSE,FALSE,FALSE,0.78,26,0,462,2,0,1.0658708164570453e-4
BG-MT3-P31,BG,3,XP208-PR,1,C,59,25,5,FALSE,0,183,1.7725,41.36451419566446,2.376,0.677,Early regeneration,6,6,FALSE,FALSE,FALSE,0.78,26,0,462,34,0.05,0.05009592837348113
BU-MT1-P57,BU,1,XP208-PR,1,C,8,3,2.5,FALSE,0,318,NA,NA,NA,NA,Early regeneration,6,6,FALSE,FALSE,FALSE,0.78,26,0,462,5,0.025,0.025101257727563418
CH-MT4-P77,CH,4,XP208-PR,1,C,5,4,2.5,FALSE,0,183,1.9224999999999999,41.89227097796133,6.52,1.956,Early regeneration,6,6,FALSE,FALSE,FALSE,0.78,26,0,462,1,0.025,0.025101257727563418
PA-MT7-P50,PA,7,XP208-PR,1,C,31,11,1,FALSE,0,183,0.9425,20.189636853383355,1.606,0.313,Early regeneration,6,6,FALSE,FALSE,FALSE,0.78,26,0,462,20,0.01,0.01010445534001279
BS-MT1-P74,BS,1,XP208-PR,1,C,4,4,10,FALSE,0,183,NA,NA,NA,NA,Early regeneration,6,6,FALSE,FALSE,FALSE,0.78,26,0,462,0,0.1,0.10008526966531657
MC-MT3-P22,MC,3,XP208-PR,1,C,15,8,20,FALSE,0,183,1.515,19.527460967848832,3.314,0.738,Early regeneration,6,6,FALSE,FALSE,FALSE,0.78,26,0,462,7,0.2,0.20006395224898743
OP-MT2-P63,OP,2,XP208-PR,2,A,8,3,7.5,FALSE,0,367,NA,NA,NA,NA,Early regeneration,6,6,FALSE,FALSE,FALSE,0.78,26,0,462,5,0.075,0.07509059901939885
IS-MT3-P21,IS,3,XP208-PR,2,A,14,12,15,FALSE,0,367,NA,NA,NA,NA,Early regeneration,6,6,FALSE,FALSE,FALSE,0.78,26,0,462,2,0.15,0.150074610957152
BG-MT4-P55,BG,4,XP208-PR,2,A,82,39,45,FALSE,0,183,NA,NA,NA,NA,Early regeneration,6,6,FALSE,FALSE,FALSE,0.78,26,0,462,43,0.45,0.4500106587081646
BU-MT3-P65,BU,3,XP208-PR,2,A,0,0,0,FALSE,0,183,NA,NA,NA,NA,Early regeneration,6,6,FALSE,FALSE,FALSE,0.78,26,0,462,0,0,1.0658708164570453e-4
BP-MT3-P56,BP,3,XP208-PR,2,A,0,0,0,FALSE,0,7,NA,NA,NA,NA,Early regeneration,6,6,FALSE,FALSE,FALSE,0.78,26,0,462,0,0,1.0658708164570453e-4
PA-MT3-P34,PA,3,XP208-PR,2,A,109,54,2.5,FALSE,0,367,NA,NA,NA,NA,Early regeneration,6,6,FALSE,FALSE,FALSE,0.78,26,0,462,55,0.025,0.025101257727563418
DC-MT3-P67,DC,3,XP208-PR,2,A,3,3,5,FALSE,0,7,NA,NA,NA,NA,Early regeneration,6,6,FALSE,FALSE,FALSE,0.78,26,0,462,0,0.05,0.05009592837348113
CH-MT5-P48,CH,5,XP208-PR,2,A,4,3,50,FALSE,0,183,NA,NA,NA,NA,Early regeneration,6,6,FALSE,FALSE,FALSE,0.78,26,0,462,1,0.5,0.5
PG-MT5-P44,PG,5,XP208-PR,2,A,4,3,0.5,FALSE,0,7,NA,NA,NA,NA,Early regeneration,6,6,FALSE,FALSE,FALSE,0.78,26,0,462,1,0.005,0.005105521210829247
AE-MT2-P21,AE,2,XP208-PR,2,A,3,2,0.5,FALSE,0,7,NA,NA,NA,NA,Early regeneration,6,6,FALSE,FALSE,FALSE,0.78,26,0,462,1,0.005,0.005105521210829247
EA-MT5-P77,EA,5,XP208-PR,2,A,18,12,7.5,FALSE,0,111,5.4375,11.461278224189174,2.04,0.897,Early regeneration,6,6,FALSE,FALSE,FALSE,0.78,26,0,462,6,0.075,0.07509059901939885
VB-MT4-P22,VB,4,XP208-PR,2,A,3,2,1,FALSE,0,7,NA,NA,NA,NA,Early regeneration,6,6,FALSE,FALSE,FALSE,0.78,26,0,462,1,0.01,0.01010445534001279
BS-MT5-P22,BS,5,XP208-PR,2,A,3,2,0.5,FALSE,0,183,NA,NA,NA,NA,Early regeneration,6,6,FALSE,FALSE,FALSE,0.78,26,0,462,1,0.005,0.005105521210829247
CP-MT1-P57,CP,1,XP208-PR,2,A,3,3,7.5,FALSE,0,183,NA,NA,NA,NA,Early regeneration,6,6,FALSE,FALSE,FALSE,0.78,26,0,462,0,0.075,0.07509059901939885
MC-MT1-P65,MC,1,XP208-PR,2,A,14,4,10,FALSE,0,183,NA,NA,NA,NA,Early regeneration,6,6,FALSE,FALSE,FALSE,0.78,26,0,462,10,0.1,0.10008526966531657
AE-MT5-P13,AE,5,XP208-PR,2,B,3,2,10,FALSE,0,7,NA,NA,NA,NA,Early regeneration,6,6,FALSE,FALSE,FALSE,0.78,26,0,462,1,0.1,0.10008526966531657
CP-MT3-P40,CP,3,XP208-PR,2,B,0,0,0,FALSE,1,7,NA,NA,NA,NA,Early regeneration,6,6,FALSE,FALSE,FALSE,0.78,26,0,462,0,0,1.0658708164570453e-4
CH-MT4-P91,CH,4,XP208-PR,2,B,NA,NA,NA,FALSE,1,183,NA,NA,NA,NA,Early regeneration,6,6,FALSE,FALSE,FALSE,0.78,26,0,462,NA,NA,NA
CH-MT4-P91,CH,4,XP208-PR,2,B,NA,NA,NA,FALSE,1,-174,NA,NA,NA,NA,Early regeneration,6,6,FALSE,FALSE,FALSE,0.78,26,0,462,NA,NA,NA
CH-MT5-P74,CH,5,XP208-PR,2,B,NA,NA,NA,FALSE,1,7,NA,NA,NA,NA,Early regeneration,6,6,FALSE,FALSE,FALSE,0.78,26,0,462,NA,NA,NA
VB-MT3-P34,VB,3,XP208-PR,2,B,4,3,0.5,FALSE,NA,NA,NA,NA,NA,NA,Early regeneration,6,6,FALSE,FALSE,FALSE,0.78,26,0,462,1,0.005,0.005105521210829247
IS-MT2-P74,IS,2,XP208-PR,2,B,NA,NA,NA,FALSE,1,367,NA,NA,NA,NA,Early regeneration,6,6,FALSE,FALSE,FALSE,0.78,26,0,462,NA,NA,NA
BP-MT5-P12,BP,5,XP208-PR,2,B,NA,NA,NA,FALSE,1,7,NA,NA,NA,NA,Early regeneration,6,6,FALSE,FALSE,FALSE,0.78,26,0,462,NA,NA,NA
DC-MT3-P5,DC,3,XP208-PR,2,B,NA,NA,NA,FALSE,1,72,NA,NA,NA,NA,Early regeneration,6,6,FALSE,FALSE,FALSE,0.78,26,0,462,NA,NA,NA
OP-MT6-P7,OP,6,XP208-PR,2,B,27,13,45,FALSE,0,318,NA,NA,NA,NA,Early regeneration,6,6,FALSE,FALSE,FALSE,0.78,26,0,462,14,0.45,0.4500106587081646
MC-MT2-P10,MC,2,XP208-PR,2,B,NA,NA,NA,FALSE,0,7,NA,NA,NA,NA,Early regeneration,6,6,FALSE,FALSE,FALSE,0.78,26,0,462,NA,NA,NA
MC-MT1-P77,MC,1,XP208-PR,2,B,11,6,40,FALSE,NA,NA,NA,NA,NA,NA,Early regeneration,6,6,FALSE,FALSE,FALSE,0.78,26,0,462,5,0.4,0.4000213174163291
EA-MT5-P16,EA,5,XP208-PR,2,B,NA,NA,NA,FALSE,0,7,NA,NA,NA,NA,Early regeneration,6,6,FALSE,FALSE,FALSE,0.78,26,0,462,NA,NA,NA
PG-MT2-P24,PG,2,XP208-PR,2,B,5,0,0,FALSE,0,7,NA,NA,NA,NA,Early regeneration,6,6,FALSE,FALSE,FALSE,0.78,26,0,462,5,0,1.0658708164570453e-4
BU-MT2-P30,BU,2,XP208-PR,2,B,5,1,0.5,FALSE,0,183,NA,NA,NA,NA,Early regeneration,6,6,FALSE,FALSE,FALSE,0.78,26,0,462,4,0.005,0.005105521210829247
BG-MT4-P42,BG,4,XP208-PR,2,B,39,29,10,FALSE,0,183,NA,NA,NA,NA,Early regeneration,6,6,FALSE,FALSE,FALSE,0.78,26,0,462,10,0.1,0.10008526966531657
BS-MT6-P57,BS,6,XP208-PR,2,B,5,4,10,FALSE,0,111,NA,NA,NA,NA,Early regeneration,6,6,FALSE,FALSE,FALSE,0.78,26,0,462,1,0.1,0.10008526966531657
AE-MT4-P29,AE,4,XP208-PR,2,C,3,1,2.5,FALSE,0,7,NA,NA,NA,NA,Early regeneration,6,6,FALSE,FALSE,FALSE,0.78,26,0,462,2,0.025,0.025101257727563418
BU-MT4-P15,BU,4,XP208-PR,2,C,NA,NA,NA,FALSE,1,72,NA,NA,NA,NA,Early regeneration,6,6,FALSE,FALSE,FALSE,0.78,26,0,462,NA,NA,NA
BU-MT3-P81,BU,3,XP208-PR,2,C,0,0,0,FALSE,0,7,NA,NA,NA,NA,Early regeneration,6,6,FALSE,FALSE,FALSE,0.78,26,0,462,0,0,1.0658708164570453e-4
OP-MT7-P15,OP,7,XP208-PR,2,C,NA,NA,NA,FALSE,1,135,NA,NA,NA,NA,Early regeneration,6,6,FALSE,FALSE,FALSE,0.78,26,0,462,NA,NA,NA
OP-MT8-P58,OP,8,XP208-PR,2,C,10,3,0.5,FALSE,0,111,NA,NA,NA,NA,Early regeneration,6,6,FALSE,FALSE,FALSE,0.78,26,0,462,7,0.005,0.005105521210829247
EA-MT1-P42,EA,1,XP208-PR,2,C,20,11,2.5,FALSE,NA,NA,NA,NA,NA,NA,Early regeneration,6,6,FALSE,FALSE,FALSE,0.78,26,0,462,9,0.025,0.025101257727563418
IS-MT5-P88,IS,5,XP208-PR,2,C,NA,NA,NA,FALSE,1,50,NA,NA,NA,NA,Early regeneration,6,6,FALSE,FALSE,FALSE,0.78,26,0,462,NA,NA,NA
IS-MT3-P19,IS,3,XP208-PR,2,C,5,4,60,FALSE,0,111,4.04,13.34897404794638,1.508,0.54,Early regeneration,6,6,FALSE,FALSE,FALSE,0.78,26,0,462,1,0.6,0.5999786825836708
CP-MT2-P58,CP,2,XP208-PR,2,C,NA,NA,NA,FALSE,1,135,NA,NA,NA,NA,Early regeneration,6,6,FALSE,FALSE,FALSE,0.78,26,0,462,NA,NA,NA
CP-MT5-P73,CP,5,XP208-PR,2,C,3,3,5,FALSE,0,7,NA,NA,NA,NA,Early regeneration,6,6,FALSE,FALSE,FALSE,0.78,26,0,462,0,0.05,0.05009592837348113
BP-MT4-P51,BP,4,XP208-PR,2,C,1,0,0,FALSE,0,7,NA,NA,NA,NA,Early regeneration,6,6,FALSE,FALSE,FALSE,0.78,26,0,462,1,0,1.0658708164570453e-4
BG-MT5-P48,BG,5,XP208-PR,2,C,120,23,2.5,FALSE,0,183,3,28.238680484239374,2.535,0.763,Early regeneration,6,6,FALSE,FALSE,FALSE,0.78,26,0,462,97,0.025,0.025101257727563418
DC-MT4-P48,DC,4,XP208-PR,2,C,NA,NA,NA,FALSE,1,72,NA,NA,NA,NA,Early regeneration,6,6,FALSE,FALSE,FALSE,0.78,26,0,462,NA,NA,NA
BS-MT5-P30,BS,5,XP208-PR,2,C,1,1,2.5,FALSE,0,183,NA,NA,NA,NA,Early regeneration,6,6,FALSE,FALSE,FALSE,0.78,26,0,462,0,0.025,0.025101257727563418
VB-MT5-P6,VB,5,XP208-PR,2,C,5,4,10,FALSE,0,7,2.0524999999999998,23.678232093785716,1.888,0.443,Early regeneration,6,6,FALSE,FALSE,FALSE,0.78,26,0,462,1,0.1,0.10008526966531657
PG-MT3-P9,PG,3,XP208-PR,2,C,4,1,0.5,FALSE,0,7,NA,NA,NA,NA,Early regeneration,6,6,FALSE,FALSE,FALSE,0.78,26,0,462,3,0.005,0.005105521210829247
CH-MT2-P47,CH,2,XP208-PR,2,C,9,8,5,FALSE,0,183,1.31,44.35682763134461,1.976,0.528,Early regeneration,6,6,FALSE,FALSE,FALSE,0.78,26,0,462,1,0.05,0.05009592837348113
MC-MT1-P40,MC,1,XP208-PR,3,A,12,10,60,FALSE,0,183,NA,NA,NA,NA,Early regeneration,6,6,FALSE,FALSE,FALSE,0.78,26,0,462,2,0.6,0.5999786825836708
BS-MT6-P76,BS,6,XP208-PR,3,A,3,3,2.5,FALSE,0,111,NA,NA,NA,NA,Early regeneration,6,6,FALSE,FALSE,FALSE,0.78,26,0,462,0,0.025,0.025101257727563418
PA-MT6-P10,PA,6,XP208-PR,3,A,143,36,0.5,FALSE,0,318,NA,NA,NA,NA,Early regeneration,6,6,FALSE,FALSE,FALSE,0.78,26,0,462,107,0.005,0.005105521210829247
IS-MT5-P5,IS,5,XP208-PR,3,A,4,4,2.5,FALSE,NA,NA,NA,NA,NA,NA,Early regeneration,6,6,FALSE,FALSE,FALSE,0.78,26,0,462,0,0.025,0.025101257727563418
BU-MT5-P13,BU,5,XP208-PR,3,A,6,2,0.5,FALSE,0,183,NA,NA,NA,NA,Early regeneration,6,6,FALSE,FALSE,FALSE,0.78,26,0,462,4,0.005,0.005105521210829247
BP-MT1-P33,BP,1,XP208-PR,3,A,NA,NA,NA,FALSE,1,7,NA,NA,NA,NA,Early regeneration,6,6,FALSE,FALSE,FALSE,0.78,26,0,462,NA,NA,NA
DC-MT1-P17,DC,1,XP208-PR,3,A,NA,NA,NA,FALSE,1,183,NA,NA,NA,NA,Early regeneration,6,6,FALSE,FALSE,FALSE,0.78,26,0,462,NA,NA,NA
AE-MT3-P27,AE,3,XP208-PR,3,A,4,4,1,FALSE,0,7,NA,NA,NA,NA,Early regeneration,6,6,FALSE,FALSE,FALSE,0.78,26,0,462,0,0.01,0.01010445534001279
OP-MT9-P26,OP,9,XP208-PR,3,A,3,1,1,FALSE,0,367,NA,NA,NA,NA,Early regeneration,6,6,FALSE,FALSE,FALSE,0.78,26,0,462,2,0.01,0.01010445534001279
PG-MT4-P53,PG,4,XP208-PR,3,A,2,1,0.5,FALSE,0,7,NA,NA,NA,NA,Early regeneration,6,6,FALSE,FALSE,FALSE,0.78,26,0,462,1,0.005,0.005105521210829247
EA-MT2-P4,EA,2,XP208-PR,3,A,71,38,5,FALSE,0,318,NA,NA,NA,NA,Early regeneration,6,6,FALSE,FALSE,FALSE,0.78,26,0,462,33,0.05,0.05009592837348113
BG-MT3-P48,BG,3,XP208-PR,3,A,24,21,75,FALSE,0,183,NA,NA,NA,NA,Early regeneration,6,6,FALSE,FALSE,FALSE,0.78,26,0,462,3,0.75,0.7499467064591772
CH-MT3-P4,CH,3,XP208-PR,3,A,5,5,5,FALSE,0,183,NA,NA,NA,NA,Early regeneration,6,6,FALSE,FALSE,FALSE,0.78,26,0,462,0,0.05,0.05009592837348113
VB-MT1-P1,VB,1,XP208-PR,3,A,19,10,2.5,FALSE,0,183,NA,NA,NA,NA,Early regeneration,6,6,FALSE,FALSE,FALSE,0.78,26,0,462,9,0.025,0.025101257727563418
AE-MT5-P52,AE,5,XP208-PR,3,B,2,1,0.5,FALSE,0,7,NA,NA,NA,NA,Early regeneration,6,6,FALSE,FALSE,FALSE,0.78,26,0,462,1,0.005,0.005105521210829247
IS-MT1-P6,IS,1,XP208-PR,3,B,7,7,50,FALSE,0,318,NA,NA,NA,NA,Early regeneration,6,6,FALSE,FALSE,FALSE,0.78,26,0,462,0,0.5,0.5
DC-MT3-P57,DC,3,XP208-PR,3,B,0,0,0,FALSE,1,7,NA,NA,NA,NA,Early regeneration,6,6,FALSE,FALSE,FALSE,0.78,26,0,462,0,0,1.0658708164570453e-4
BS-MT1-P80,BS,1,XP208-PR,3,B,2,1,1,FALSE,0,111,NA,NA,NA,NA,Early regeneration,6,6,FALSE,FALSE,FALSE,0.78,26,0,462,1,0.01,0.01010445534001279
BU-MT3-P58,BU,3,XP208-PR,3,B,4,1,0.5,FALSE,0,183,NA,NA,NA,NA,Early regeneration,6,6,FALSE,FALSE,FALSE,0.78,26,0,462,3,0.005,0.005105521210829247
CP-MT5-P43,CP,5,XP208-PR,3,B,3,3,5,FALSE,0,183,NA,NA,NA,NA,Early regeneration,6,6,FALSE,FALSE,FALSE,0.78,26,0,462,0,0.05,0.05009592837348113
EA-MT3-P18,EA,3,XP208-PR,3,B,NA,NA,NA,FALSE,1,135,NA,NA,NA,NA,Early regeneration,6,6,FALSE,FALSE,FALSE,0.78,26,0,462,NA,NA,NA
EA-MT1-P100,EA,1,XP208-PR,3,B,11,8,5,FALSE,0,111,NA,NA,NA,NA,Early regeneration,6,6,FALSE,FALSE,FALSE,0.78,26,0,462,3,0.05,0.05009592837348113
CH-MT1-P40,CH,1,XP208-PR,3,B,NA,NA,NA,FALSE,1,318,NA,NA,NA,NA,Early regeneration,6,6,FALSE,FALSE,FALSE,0.78,26,0,462,NA,NA,NA
BG-MT1-P44,BG,1,XP208-PR,3,B,36,18,50,FALSE,0,183,NA,NA,NA,NA,Early regeneration,6,6,FALSE,FALSE,FALSE,0.78,26,0,462,18,0.5,0.5
OP-MT8-P43,OP,8,XP208-PR,3,B,41,15,40,FALSE,0,318,NA,NA,NA,NA,Early regeneration,6,6,FALSE,FALSE,FALSE,0.78,26,0,462,26,0.4,0.4000213174163291
PG-MT3-P14,PG,3,XP208-PR,3,B,1,1,0.5,FALSE,0,7,NA,NA,NA,NA,Early regeneration,6,6,FALSE,FALSE,FALSE,0.78,26,0,462,0,0.005,0.005105521210829247
MC-MT1-P39,MC,1,XP208-PR,3,B,12,11,15,FALSE,0,183,NA,NA,NA,NA,Early regeneration,6,6,FALSE,FALSE,FALSE,0.78,26,0,462,1,0.15,0.150074610957152
BP-MT2-P24,BP,2,XP208-PR,3,B,0,0,0,FALSE,0,7,NA,NA,NA,NA,Early regeneration,6,6,FALSE,FALSE,FALSE,0.78,26,0,462,0,0,1.0658708164570453e-4
VB-MT5-P72,VB,5,XP208-PR,3,B,5,4,25,FALSE,0,7,NA,NA,NA,NA,Early regeneration,6,6,FALSE,FALSE,FALSE,0.78,26,0,462,1,0.25,0.25005329354082284
VB-MT2-P33,VB,2,XP208-PR,3,C,3,2,0.5,FALSE,0,7,1.4925,19.194156523529095,1.74,0.353,Early regeneration,6,6,FALSE,FALSE,FALSE,0.78,26,0,462,1,0.005,0.005105521210829247
BP-MT2-P17,BP,2,XP208-PR,3,C,0,0,0,FALSE,1,7,NA,NA,NA,NA,Early regeneration,6,6,FALSE,FALSE,FALSE,0.78,26,0,462,0,0,1.0658708164570453e-4
PG-MT1-P64,PG,1,XP208-PR,3,C,3,0,0,FALSE,0,7,NA,NA,NA,NA,Early regeneration,6,6,FALSE,FALSE,FALSE,0.78,26,0,462,3,0,1.0658708164570453e-4
BS-MT6-P44,BS,6,XP208-PR,3,C,2,1,0.5,FALSE,0,111,NA,NA,NA,NA,Early regeneration,6,6,FALSE,FALSE,FALSE,0.78,26,0,462,1,0.005,0.005105521210829247
DC-MT5-P16,DC,5,XP208-PR,3,C,2,1,0.5,FALSE,0,183,NA,NA,NA,NA,Early regeneration,6,6,FALSE,FALSE,FALSE,0.78,26,0,462,1,0.005,0.005105521210829247
BG-MT1-P45,BG,1,XP208-PR,3,C,35,3,0.5,FALSE,0,183,NA,NA,NA,NA,Early regeneration,6,6,FALSE,FALSE,FALSE,0.78,26,0,462,32,0.005,0.005105521210829247
AE-MT3-P65,AE,3,XP208-PR,3,C,2,0,0,FALSE,0,7,2.8875,34.72533629236238,2.189,0.725,Early regeneration,6,6,FALSE,FALSE,FALSE,0.78,26,0,462,2,0,1.0658708164570453e-4
IS-MT4-P2,IS,4,XP208-PR,3,C,4,4,50,FALSE,0,318,3.9000000000000004,39.565602427579655,1.513,0.702,Early regeneration,6,6,FALSE,FALSE,FALSE,0.78,26,0,462,0,0.5,0.5
CP-MT3-P28,CP,3,XP208-PR,3,C,2,2,90,FALSE,0,318,NA,NA,NA,NA,Early regeneration,6,6,FALSE,FALSE,FALSE,0.78,26,0,462,0,0.9,0.8999147303346834
CH-MT5-P79,CH,5,XP208-PR,3,C,5,5,30,FALSE,0,183,NA,NA,NA,NA,Early regeneration,6,6,FALSE,FALSE,FALSE,0.78,26,0,462,0,0.3,0.3000426348326583
EA-MT1-P22,EA,1,XP208-PR,3,C,13,13,70,FALSE,0,111,5.305000000000001,31.033111899690006,2.794,1.03,Early regeneration,6,6,FALSE,FALSE,FALSE,0.78,26,0,462,0,0.7,0.6999573651673417
BU-MT5-P14,BU,5,XP208-PR,3,C,7,3,1,FALSE,0,183,3.5549999999999997,9.576311009045142,2.939,0.955,Early regeneration,6,6,FALSE,FALSE,FALSE,0.78,26,0,462,4,0.01,0.01010445534001279
PA-MT6-P88,PA,6,XP208-PR,4,A,1,1,50,FALSE,0,7,NA,NA,NA,NA,Early regeneration,6,6,FALSE,FALSE,FALSE,0.78,26,0,462,0,0.5,0.5
OP-MT9-P36,OP,9,XP208-PR,4,A,NA,NA,NA,FALSE,1,50,NA,NA,NA,NA,Early regeneration,6,6,FALSE,FALSE,FALSE,0.78,26,0,462,NA,NA,NA
OP-MT2-P67,OP,2,XP208-PR,4,A,NA,NA,NA,FALSE,1,111,NA,NA,NA,NA,Early regeneration,6,6,FALSE,FALSE,FALSE,0.78,26,0,462,NA,NA,NA
BU-MT3-P6,BU,3,XP208-PR,4,A,7,0,0,FALSE,0,183,NA,NA,NA,NA,Early regeneration,6,6,FALSE,FALSE,FALSE,0.78,26,0,462,7,0,1.0658708164570453e-4
IS-MT3-P28,IS,3,XP208-PR,4,A,6,6,20,FALSE,0,367,NA,NA,NA,NA,Early regeneration,6,6,FALSE,FALSE,FALSE,0.78,26,0,462,0,0.2,0.20006395224898743
BG-MT2-P12,BG,2,XP208-PR,4,A,53,9,0.5,FALSE,0,183,NA,NA,NA,NA,Early regeneration,6,6,FALSE,FALSE,FALSE,0.78,26,0,462,44,0.005,0.005105521210829247
EA-MT5-P6,EA,5,XP208-PR,4,A,25,14,1,FALSE,0,111,NA,NA,NA,NA,Early regeneration,6,6,FALSE,FALSE,FALSE,0.78,26,0,462,11,0.01,0.01010445534001279
AE-MT5-P32,AE,5,XP208-PR,4,A,3,1,15,FALSE,0,7,NA,NA,NA,NA,Early regeneration,6,6,FALSE,FALSE,FALSE,0.78,26,0,462,2,0.15,0.150074610957152
CP-MT4-P20,CP,4,XP208-PR,4,A,1,0,0,FALSE,0,318,NA,NA,NA,NA,Early regeneration,6,6,FALSE,FALSE,FALSE,0.78,26,0,462,1,0,1.0658708164570453e-4
CH-MT2-P57,CH,2,XP208-PR,4,A,NA,NA,NA,FALSE,1,NA,NA,NA,NA,NA,Early regeneration,6,6,FALSE,FALSE,FALSE,0.78,26,0,462,NA,NA,NA
CH-MT4-P64,CH,4,XP208-PR,4,A,2,1,20,FALSE,0,7,NA,NA,NA,NA,Early regeneration,6,6,FALSE,FALSE,FALSE,0.78,26,0,462,1,0.2,0.20006395224898743
VB-MT4-P74,VB,4,XP208-PR,4,A,10,6,5,FALSE,0,7,NA,NA,NA,NA,Early regeneration,6,6,FALSE,FALSE,FALSE,0.78,26,0,462,4,0.05,0.05009592837348113
PG-MT3-P65,PG,3,XP208-PR,4,A,2,0,0,FALSE,0,7,NA,NA,NA,NA,Early regeneration,6,6,FALSE,FALSE,FALSE,0.78,26,0,462,2,0,1.0658708164570453e-4
BP-MT3-P34,BP,3,XP208-PR,4,A,2,1,0.5,FALSE,0,7,NA,NA,NA,NA,Early regeneration,6,6,FALSE,FALSE,FALSE,0.78,26,0,462,1,0.005,0.005105521210829247
BS-MT5-P57,BS,5,XP208-PR,4,A,3,3,30,FALSE,0,111,NA,NA,NA,NA,Early regeneration,6,6,FALSE,FALSE,FALSE,0.78,26,0,462,0,0.3,0.3000426348326583
DC-MT4-P6,DC,4,XP208-PR,4,A,4,3,1,FALSE,0,183,NA,NA,NA,NA,Early regeneration,6,6,FALSE,FALSE,FALSE,0.78,26,0,462,1,0.01,0.01010445534001279
DC-MT3-P10,DC,3,XP208-PR,4,B,NA,NA,NA,FALSE,1,183,NA,NA,NA,NA,Early regeneration,6,6,FALSE,FALSE,FALSE,0.78,26,0,462,NA,NA,NA
EA-MT4-P21,EA,4,XP208-PR,4,B,9,5,20,FALSE,0,318,NA,NA,NA,NA,Early regeneration,6,6,FALSE,FALSE,FALSE,0.78,26,0,462,4,0.2,0.20006395224898743
CP-MT3-P22,CP,3,XP208-PR,4,B,NA,NA,NA,FALSE,1,135,NA,NA,NA,NA,Early regeneration,6,6,FALSE,FALSE,FALSE,0.78,26,0,462,NA,NA,NA
CP-MT5-P80,CP,5,XP208-PR,4,B,3,3,10,FALSE,0,7,NA,NA,NA,NA,Early regeneration,6,6,FALSE,FALSE,FALSE,0.78,26,0,462,0,0.1,0.10008526966531657
IS-MT2-P45,IS,2,XP208-PR,4,B,2,2,30,FALSE,0,367,NA,NA,NA,NA,Early regeneration,6,6,FALSE,FALSE,FALSE,0.78,26,0,462,0,0.3,0.3000426348326583
AE-MT2-P60,AE,2,XP208-PR,4,B,4,1,0.5,FALSE,NA,NA,NA,NA,NA,NA,Early regeneration,6,6,FALSE,FALSE,FALSE,0.78,26,0,462,3,0.005,0.005105521210829247
CH-MT4-P34,CH,4,XP208-PR,4,B,3,2,0.5,FALSE,0,183,NA,NA,NA,NA,Early regeneration,6,6,FALSE,FALSE,FALSE,0.78,26,0,462,1,0.005,0.005105521210829247
PG-MT2-P7,PG,2,XP208-PR,4,B,2,1,0.5,FALSE,0,7,NA,NA,NA,NA,Early regeneration,6,6,FALSE,FALSE,FALSE,0.78,26,0,462,1,0.005,0.005105521210829247
BP-MT4-P40,BP,4,XP208-PR,4,B,1,1,0.5,FALSE,0,7,NA,NA,NA,NA,Early regeneration,6,6,FALSE,FALSE,FALSE,0.78,26,0,462,0,0.005,0.005105521210829247
OP-MT8-P51,OP,8,XP208-PR,4,B,7,3,7.5,FALSE,0,318,NA,NA,NA,NA,Early regeneration,6,6,FALSE,FALSE,FALSE,0.78,26,0,462,4,0.075,0.07509059901939885
BG-MT5-P72,BG,5,XP208-PR,4,B,0,0,0,FALSE,1,183,NA,NA,NA,NA,Early regeneration,6,6,FALSE,FALSE,FALSE,0.78,26,0,462,0,0,1.0658708164570453e-4
PA-MT7-P15,PA,7,XP208-PR,4,B,15,5,1,FALSE,0,183,NA,NA,NA,NA,Early regeneration,6,6,FALSE,FALSE,FALSE,0.78,26,0,462,10,0.01,0.01010445534001279
BS-MT7-P6,BS,7,XP208-PR,4,B,3,3,2.5,FALSE,0,183,NA,NA,NA,NA,Early regeneration,6,6,FALSE,FALSE,FALSE,0.78,26,0,462,0,0.025,0.025101257727563418
VB-MT3-P65,VB,3,XP208-PR,4,B,3,1,0.5,FALSE,0,7,NA,NA,NA,NA,Early regeneration,6,6,FALSE,FALSE,FALSE,0.78,26,0,462,2,0.005,0.005105521210829247
BU-MT4-P52,BU,4,XP208-PR,4,B,3,0,0,FALSE,0,183,NA,NA,NA,NA,Early regeneration,6,6,FALSE,FALSE,FALSE,0.78,26,0,462,3,0,1.0658708164570453e-4
MC-MT3-P20,MC,3,XP208-PR,4,B,9,5,0.5,FALSE,0,183,NA,NA,NA,NA,Early regeneration,6,6,FALSE,FALSE,FALSE,0.78,26,0,462,4,0.005,0.005105521210829247
VB-MT2-P8,VB,2,XP208-PR,4,C,4,2,0.5,FALSE,0,7,1.6149999999999998,18.60451064114324,1.46,0.316,Early regeneration,6,6,FALSE,FALSE,FALSE,0.78,26,0,462,2,0.005,0.005105521210829247
AE-MT4-P62,AE,4,XP208-PR,4,C,4,3,10,FALSE,0,7,2.8025,32.15234307986405,1.698,0.557,Early regeneration,6,6,FALSE,FALSE,FALSE,0.78,26,0,462,1,0.1,0.10008526966531657
BS-MT6-P59,BS,6,XP208-PR,4,C,4,4,10,FALSE,0,111,NA,NA,NA,NA,Early regeneration,6,6,FALSE,FALSE,FALSE,0.78,26,0,462,0,0.1,0.10008526966531657
IS-MT5-P48,IS,5,XP208-PR,4,C,3,3,25,FALSE,0,111,NA,NA,NA,NA,Early regeneration,6,6,FALSE,FALSE,FALSE,0.78,26,0,462,0,0.25,0.25005329354082284
PG-MT5-P26,PG,5,XP208-PR,4,C,3,2,0.5,FALSE,0,7,NA,NA,NA,NA,Early regeneration,6,6,FALSE,FALSE,FALSE,0.78,26,0,462,1,0.005,0.005105521210829247
CP-MT1-P17,CP,1,XP208-PR,4,C,4,4,2.5,FALSE,0,183,NA,NA,NA,NA,Early regeneration,6,6,FALSE,FALSE,FALSE,0.78,26,0,462,0,0.025,0.025101257727563418
BP-MT1-P22,BP,1,XP208-PR,4,C,NA,NA,NA,FALSE,1,7,NA,NA,NA,NA,Early regeneration,6,6,FALSE,FALSE,FALSE,0.78,26,0,462,NA,NA,NA
MC-MT3-P26,MC,3,XP208-PR,4,C,14,9,7.5,FALSE,0,183,1.1575,17.093640712708545,1.75,0.415,Early regeneration,6,6,FALSE,FALSE,FALSE,0.78,26,0,462,5,0.075,0.07509059901939885
PA-MT6-P68,PA,6,XP208-PR,4,C,9,2,7.5,FALSE,0,111,1.0750000000000002,23.50169862681777,1.77,0.373,Early regeneration,6,6,FALSE,FALSE,FALSE,0.78,26,0,462,7,0.075,0.07509059901939885
EA-MT2-P55,EA,2,XP208-PR,4,C,23,17,5,FALSE,0,7,4.1725,35.32662011849477,0.997,0.408,Early regeneration,6,6,FALSE,FALSE,FALSE,0.78,26,0,462,6,0.05,0.05009592837348113
BG-MT3-P37,BG,3,XP208-PR,4,C,28,10,5,FALSE,0,183,2.015,19.678065321051946,3.36,0.89,Early regeneration,6,6,FALSE,FALSE,FALSE,0.78,26,0,462,18,0.05,0.05009592837348113
OP-MT7-P35,OP,7,XP208-PR,4,C,5,3,50,FALSE,0,318,NA,NA,NA,NA,Early regeneration,6,6,FALSE,FALSE,FALSE,0.78,26,0,462,2,0.5,0.5
DC-MT2-P30,DC,2,XP208-PR,4,C,3,1,2.5,FALSE,0,183,NA,NA,NA,NA,Early regeneration,6,6,FALSE,FALSE,FALSE,0.78,26,0,462,2,0.025,0.025101257727563418
CH-MT5-P41,CH,5,XP208-PR,4,C,0,0,0,FALSE,0,183,NA,NA,NA,NA,Early regeneration,6,6,FALSE,FALSE,FALSE,0.78,26,0,462,0,0,1.0658708164570453e-4
BU-MT2-P22,BU,2,XP208-PR,4,C,5,2,0.5,FALSE,0,183,2.685,12.892942752410692,0.278,0.087,Early regeneration,6,6,FALSE,FALSE,FALSE,0.78,26,0,462,3,0.005,0.005105521210829247
CP-MT4-P9,CP,4,XP208-PR,5,A,NA,NA,NA,FALSE,0,318,NA,NA,NA,NA,Early regeneration,6,6,FALSE,FALSE,FALSE,0.78,26,0,462,NA,NA,NA
BU-MT1-P60,BU,1,XP208-PR,5,A,NA,NA,NA,FALSE,0,318,NA,NA,NA,NA,Early regeneration,6,6,FALSE,FALSE,FALSE,0.78,26,0,462,NA,NA,NA
BG-MT2-P73,BG,2,XP208-PR,5,A,NA,NA,NA,FALSE,0,183,NA,NA,NA,NA,Early regeneration,6,6,FALSE,FALSE,FALSE,0.78,26,0,462,NA,NA,NA
PG-MT1-P49,PG,1,XP208-PR,5,A,NA,NA,NA,FALSE,0,7,NA,NA,NA,NA,Early regeneration,6,6,FALSE,FALSE,FALSE,0.78,26,0,462,NA,NA,NA
AE-MT2-P9,AE,2,XP208-PR,5,A,NA,NA,NA,FALSE,0,7,NA,NA,NA,NA,Early regeneration,6,6,FALSE,FALSE,FALSE,0.78,26,0,462,NA,NA,NA
DC-MT1-P31,DC,1,XP208-PR,5,A,NA,NA,NA,FALSE,1,183,NA,NA,NA,NA,Early regeneration,6,6,FALSE,FALSE,FALSE,0.78,26,0,462,NA,NA,NA
IS-MT3-P108,IS,3,XP208-PR,5,A,NA,NA,NA,FALSE,0,7,NA,NA,NA,NA,Early regeneration,6,6,FALSE,FALSE,FALSE,0.78,26,0,462,NA,NA,NA
CH-MT3-P14,CH,3,XP208-PR,5,A,NA,NA,NA,FALSE,1,183,NA,NA,NA,NA,Early regeneration,6,6,FALSE,FALSE,FALSE,0.78,26,0,462,NA,NA,NA
OP-MT9-P14,OP,9,XP208-PR,5,B,NA,NA,NA,FALSE,1,367,NA,NA,NA,NA,Early regeneration,6,6,FALSE,FALSE,FALSE,0.78,26,0,462,NA,NA,NA
CP-MT3-P57,CP,3,XP208-PR,5,B,NA,NA,NA,FALSE,0,318,NA,NA,NA,NA,Early regeneration,6,6,FALSE,FALSE,FALSE,0.78,26,0,462,NA,NA,NA
PG-MT4-P67,PG,4,XP208-PR,5,B,NA,NA,NA,FALSE,0,7,NA,NA,NA,NA,Early regeneration,6,6,FALSE,FALSE,FALSE,0.78,26,0,462,NA,NA,NA
BG-MT4-P12,BG,4,XP208-PR,5,B,NA,NA,NA,FALSE,0,183,NA,NA,NA,NA,Early regeneration,6,6,FALSE,FALSE,FALSE,0.78,26,0,462,NA,NA,NA
AE-MT3-P22,AE,3,XP208-PR,5,B,NA,NA,NA,FALSE,NA,NA,NA,NA,NA,NA,Early regeneration,6,6,FALSE,FALSE,FALSE,0.78,26,0,462,NA,NA,NA
DC-MT5-P29,DC,5,XP208-PR,5,B,NA,NA,NA,FALSE,1,NA,NA,NA,NA,NA,Early regeneration,6,6,FALSE,FALSE,FALSE,0.78,26,0,462,NA,NA,NA
IS-MT3-P87,IS,3,XP208-PR,5,B,NA,NA,NA,FALSE,0,7,NA,NA,NA,NA,Early regeneration,6,6,FALSE,FALSE,FALSE,0.78,26,0,462,NA,NA,NA
IS-MT5-P76,IS,5,XP208-PR,5,C,NA,NA,NA,FALSE,0,367,NA,NA,NA,NA,Early regeneration,6,6,FALSE,FALSE,FALSE,0.78,26,0,462,NA,NA,NA
CP-MT2-P43,CP,2,XP208-PR,5,C,NA,NA,NA,FALSE,1,318,NA,NA,NA,NA,Early regeneration,6,6,FALSE,FALSE,FALSE,0.78,26,0,462,NA,NA,NA
OP-MT6-P24,OP,6,XP208-PR,5,C,NA,NA,NA,FALSE,0,318,NA,NA,NA,NA,Early regeneration,6,6,FALSE,FALSE,FALSE,0.78,26,0,462,NA,NA,NA
PA-MT6-P19,PA,6,XP208-PR,5,C,NA,NA,NA,FALSE,0,318,NA,NA,NA,NA,Early regeneration,6,6,FALSE,FALSE,FALSE,0.78,26,0,462,NA,NA,NA
PG-MT5-P52,PG,5,XP208-PR,5,C,NA,NA,NA,FALSE,0,7,NA,NA,NA,NA,Early regeneration,6,6,FALSE,FALSE,FALSE,0.78,26,0,462,NA,NA,NA
BG-MT5-P51,BG,5,XP208-PR,5,C,NA,NA,NA,FALSE,0,183,NA,NA,NA,NA,Early regeneration,6,6,FALSE,FALSE,FALSE,0.78,26,0,462,NA,NA,NA
DC-MT4-P32,DC,4,XP208-PR,5,C,NA,NA,NA,FALSE,0,183,NA,NA,NA,NA,Early regeneration,6,6,FALSE,FALSE,FALSE,0.78,26,0,462,NA,NA,NA
AE-MT1-P43,AE,1,XP208-PR,5,C,NA,NA,NA,FALSE,0,7,NA,NA,NA,NA,Early regeneration,6,6,FALSE,FALSE,FALSE,0.78,26,0,462,NA,NA,NA
CH-MT4-P71,CH,4,XP208-PR,5,C,NA,NA,NA,FALSE,0,183,NA,NA,NA,NA,Early regeneration,6,6,FALSE,FALSE,FALSE,0.78,26,0,462,NA,NA,NA
CP-MT2-P95,CP,2,XP209-PR,1,A,3,3,0.5,FALSE,0,-346,NA,NA,NA,NA,Early regeneration,3,3,FALSE,FALSE,FALSE,0.92,39,0,426,0,0.005,0.005105521210829247
BU-MT5-P46,BU,5,XP209-PR,1,A,4,1,0.5,FALSE,0,-165,NA,NA,NA,NA,Early regeneration,3,3,FALSE,FALSE,FALSE,0.92,39,0,426,3,0.005,0.005105521210829247
CH-MT2-P68,CH,2,XP209-PR,1,A,15,12,10,FALSE,0,-165,NA,NA,NA,NA,Early regeneration,3,3,FALSE,FALSE,FALSE,0.92,39,0,426,3,0.1,0.10008526966531657
VB-MT4-P26,VB,4,XP209-PR,1,A,30,2,1,FALSE,0,-346,NA,NA,NA,NA,Early regeneration,3,3,FALSE,FALSE,FALSE,0.92,39,0,426,28,0.01,0.01010445534001279
AE-MT4-P30,AE,4,XP209-PR,1,A,13,1,0.5,FALSE,0,-346,NA,NA,NA,NA,Early regeneration,3,3,FALSE,FALSE,FALSE,0.92,39,0,426,12,0.005,0.005105521210829247
PA-MT6-P49,PA,6,XP209-PR,1,A,305,87,0.5,FALSE,0,-72,NA,NA,NA,NA,Early regeneration,3,3,FALSE,FALSE,FALSE,0.92,39,0,426,218,0.005,0.005105521210829247
BG-MT3-P60,BG,3,XP209-PR,1,A,109,32,0.5,FALSE,0,-165,NA,NA,NA,NA,Early regeneration,3,3,FALSE,FALSE,FALSE,0.92,39,0,426,77,0.005,0.005105521210829247
PG-MT4-P1,PG,4,XP209-PR,1,A,3,1,0.5,FALSE,0,-346,NA,NA,NA,NA,Early regeneration,3,3,FALSE,FALSE,FALSE,0.92,39,0,426,2,0.005,0.005105521210829247
DC-MT4-P63,DC,4,XP209-PR,1,A,6,4,0.5,FALSE,0,-165,NA,NA,NA,NA,Early regeneration,3,3,FALSE,FALSE,FALSE,0.92,39,0,426,2,0.005,0.005105521210829247
IS-MT3-P79,IS,3,XP209-PR,1,A,10,8,1,FALSE,0,-21,NA,NA,NA,NA,Early regeneration,3,3,FALSE,FALSE,FALSE,0.92,39,0,426,2,0.01,0.01010445534001279
OP-MT9-P24,OP,9,XP209-PR,1,A,95,59,7.5,FALSE,0,-21,NA,NA,NA,NA,Early regeneration,3,3,FALSE,FALSE,FALSE,0.92,39,0,426,36,0.075,0.07509059901939885
EA-MT3-P39,EA,3,XP209-PR,1,A,24,17,2.5,FALSE,0,-346,NA,NA,NA,NA,Early regeneration,3,3,FALSE,FALSE,FALSE,0.92,39,0,426,7,0.025,0.025101257727563418
BS-MT1-P42,BS,1,XP209-PR,1,A,3,3,20,FALSE,0,-259,NA,NA,NA,NA,Early regeneration,3,3,FALSE,FALSE,FALSE,0.92,39,0,426,0,0.2,0.20006395224898743
BP-MT5-P62,BP,5,XP209-PR,1,A,2,1,7.5,FALSE,0,-346,NA,NA,NA,NA,Early regeneration,3,3,FALSE,FALSE,FALSE,0.92,39,0,426,1,0.075,0.07509059901939885
BP-MT4-P18,BP,4,XP209-PR,1,B,5,3,0.5,FALSE,0,-346,NA,NA,NA,NA,Early regeneration,3,3,FALSE,FALSE,FALSE,0.92,39,0,426,2,0.005,0.005105521210829247
EA-MT4-P17,EA,4,XP209-PR,1,B,NA,NA,NA,FALSE,1,-72,NA,NA,NA,NA,Early regeneration,3,3,FALSE,FALSE,FALSE,0.92,39,0,426,NA,NA,NA
EA-MT5-P78,EA,5,XP209-PR,1,B,6,6,1,FALSE,0,-346,NA,NA,NA,NA,Early regeneration,3,3,FALSE,FALSE,FALSE,0.92,39,0,426,0,0.01,0.01010445534001279
AE-MT1-P51,AE,1,XP209-PR,1,B,13,2,0.5,FALSE,0,-346,NA,NA,NA,NA,Early regeneration,3,3,FALSE,FALSE,FALSE,0.92,39,0,426,11,0.005,0.005105521210829247
IS-MT2-P68,IS,2,XP209-PR,1,B,17,12,2.5,FALSE,0,-21,NA,NA,NA,NA,Early regeneration,3,3,FALSE,FALSE,FALSE,0.92,39,0,426,5,0.025,0.025101257727563418
BG-MT3-P69,BG,3,XP209-PR,1,B,76,32,1,FALSE,0,-165,NA,NA,NA,NA,Early regeneration,3,3,FALSE,FALSE,FALSE,0.92,39,0,426,44,0.01,0.01010445534001279
OP-MT2-P12,OP,2,XP209-PR,1,B,62,49,5,FALSE,0,-21,NA,NA,NA,NA,Early regeneration,3,3,FALSE,FALSE,FALSE,0.92,39,0,426,13,0.05,0.05009592837348113
PG-MT2-P4,PG,2,XP209-PR,1,B,2,1,0.5,FALSE,0,-346,NA,NA,NA,NA,Early regeneration,3,3,FALSE,FALSE,FALSE,0.92,39,0,426,1,0.005,0.005105521210829247
BS-MT6-P53,BS,6,XP209-PR,1,B,6,5,5,FALSE,0,-259,NA,NA,NA,NA,Early regeneration,3,3,FALSE,FALSE,FALSE,0.92,39,0,426,1,0.05,0.05009592837348113
CH-MT3-P67,CH,3,XP209-PR,1,B,14,5,0.5,FALSE,0,-165,NA,NA,NA,NA,Early regeneration,3,3,FALSE,FALSE,FALSE,0.92,39,0,426,9,0.005,0.005105521210829247
VB-MT2-P20,VB,2,XP209-PR,1,B,9,1,0.5,FALSE,0,-346,NA,NA,NA,NA,Early regeneration,3,3,FALSE,FALSE,FALSE,0.92,39,0,426,8,0.005,0.005105521210829247
PA-MT7-P45,PA,7,XP209-PR,1,B,96,27,1,FALSE,0,-165,NA,NA,NA,NA,Early regeneration,3,3,FALSE,FALSE,FALSE,0.92,39,0,426,69,0.01,0.01010445534001279
DC-MT1-P85,DC,1,XP209-PR,1,B,6,5,5,FALSE,0,-165,NA,NA,NA,NA,Early regeneration,3,3,FALSE,FALSE,FALSE,0.92,39,0,426,1,0.05,0.05009592837348113
BU-MT3-P21,BU,3,XP209-PR,1,C,4,3,7.5,FALSE,0,-165,2.6725,7.15183550278091,0.505,0.128,Early regeneration,3,3,FALSE,FALSE,FALSE,0.92,39,0,426,1,0.075,0.07509059901939885
PG-MT1-P26,PG,1,XP209-PR,1,C,NA,NA,NA,FALSE,0,-346,NA,NA,NA,NA,Early regeneration,3,3,FALSE,FALSE,FALSE,0.92,39,0,426,NA,NA,NA
MC-MT2-P46,MC,2,XP209-PR,1,C,50,21,1,FALSE,0,-165,2.5324999999999998,16.920375522524793,4.736,1.323,Early regeneration,3,3,FALSE,FALSE,FALSE,0.92,39,0,426,29,0.01,0.01010445534001279
IS-MT2-P8,IS,2,XP209-PR,1,C,7,4,2.5,FALSE,0,-259,3.9899999999999998,15.764747225842754,0.704,0.278,Early regeneration,3,3,FALSE,FALSE,FALSE,0.92,39,0,426,3,0.025,0.025101257727563418
BP-MT2-P28,BP,2,XP209-PR,1,C,NA,NA,NA,FALSE,1,-346,NA,NA,NA,NA,Early regeneration,3,3,FALSE,FALSE,FALSE,0.92,39,0,426,NA,NA,NA
CH-MT4-P1,CH,4,XP209-PR,1,C,15,11,1,FALSE,0,-165,NA,NA,NA,NA,Early regeneration,3,3,FALSE,FALSE,FALSE,0.92,39,0,426,4,0.01,0.01010445534001279
DC-MT2-P52,DC,2,XP209-PR,1,C,4,3,7.5,FALSE,0,-346,NA,NA,NA,NA,Early regeneration,3,3,FALSE,FALSE,FALSE,0.92,39,0,426,1,0.075,0.07509059901939885
BS-MT1-P60,BS,1,XP209-PR,1,C,3,3,20,FALSE,0,-259,NA,NA,NA,NA,Early regeneration,3,3,FALSE,FALSE,FALSE,0.92,39,0,426,0,0.2,0.20006395224898743
OP-MT8-P4,OP,8,XP209-PR,1,C,115,77,10,FALSE,0,-72,NA,NA,NA,NA,Early regeneration,3,3,FALSE,FALSE,FALSE,0.92,39,0,426,38,0.1,0.10008526966531657
AE-MT1-P33,AE,1,XP209-PR,1,C,7,5,2.5,FALSE,0,-346,NA,NA,NA,NA,Early regeneration,3,3,FALSE,FALSE,FALSE,0.92,39,0,426,2,0.025,0.025101257727563418
CP-MT4-P19,CP,4,XP209-PR,1,C,10,8,1,FALSE,0,-72,NA,NA,NA,NA,Early regeneration,3,3,FALSE,FALSE,FALSE,0.92,39,0,426,2,0.01,0.01010445534001279
EA-MT1-P72,EA,1,XP209-PR,1,C,22,9,0.5,FALSE,0,-259,5.697500000000001,12.766322719629136,1.713,0.71,Early regeneration,3,3,FALSE,FALSE,FALSE,0.92,39,0,426,13,0.005,0.005105521210829247
VB-MT3-P45,VB,3,XP209-PR,1,C,25,5,0.5,FALSE,0,-346,2.035,18.90533355789739,2.07,0.5,Early regeneration,3,3,FALSE,FALSE,FALSE,0.92,39,0,426,20,0.005,0.005105521210829247
BG-MT2-P92,BG,2,XP209-PR,1,C,90,19,1,FALSE,0,-165,1.62,27.535713295007046,3.43,0.988,Early regeneration,3,3,FALSE,FALSE,FALSE,0.92,39,0,426,71,0.01,0.01010445534001279
BG-MT1-P86,BG,1,XP209-PR,2,A,37,5,0.5,FALSE,0,-165,NA,NA,NA,NA,Early regeneration,3,3,FALSE,FALSE,FALSE,0.92,39,0,426,32,0.005,0.005105521210829247
AE-MT4-P28,AE,4,XP209-PR,2,A,4,2,0.5,FALSE,0,-346,NA,NA,NA,NA,Early regeneration,3,3,FALSE,FALSE,FALSE,0.92,39,0,426,2,0.005,0.005105521210829247
EA-MT3-P14,EA,3,XP209-PR,2,A,NA,NA,NA,FALSE,1,-72,NA,NA,NA,NA,Early regeneration,3,3,FALSE,FALSE,FALSE,0.92,39,0,426,NA,NA,NA
EA-MT2-P99,EA,2,XP209-PR,2,A,21,8,0.5,FALSE,0,-259,NA,NA,NA,NA,Early regeneration,3,3,FALSE,FALSE,FALSE,0.92,39,0,426,13,0.005,0.005105521210829247
BU-MT2-P33,BU,2,XP209-PR,2,A,NA,NA,NA,FALSE,0,-165,NA,NA,NA,NA,Early regeneration,3,3,FALSE,FALSE,FALSE,0.92,39,0,426,NA,NA,NA
PG-MT1-P81,PG,1,XP209-PR,2,A,3,0,0,FALSE,0,-346,NA,NA,NA,NA,Early regeneration,3,3,FALSE,FALSE,FALSE,0.92,39,0,426,3,0,1.0658708164570453e-4
IS-MT3-P38,IS,3,XP209-PR,2,A,14,9,0.5,FALSE,0,-21,NA,NA,NA,NA,Early regeneration,3,3,FALSE,FALSE,FALSE,0.92,39,0,426,5,0.005,0.005105521210829247
VB-MT2-P37,VB,2,XP209-PR,2,A,14,0,0,FALSE,0,-346,NA,NA,NA,NA,Early regeneration,3,3,FALSE,FALSE,FALSE,0.92,39,0,426,14,0,1.0658708164570453e-4
BP-MT1-P3,BP,1,XP209-PR,2,A,4,0,0,FALSE,0,-346,NA,NA,NA,NA,Early regeneration,3,3,FALSE,FALSE,FALSE,0.92,39,0,426,4,0,1.0658708164570453e-4
CP-MT3-P13,CP,3,XP209-PR,2,A,9,7,1,FALSE,0,-72,NA,NA,NA,NA,Early regeneration,3,3,FALSE,FALSE,FALSE,0.92,39,0,426,2,0.01,0.01010445534001279
OP-MT7-P49,OP,7,XP209-PR,2,A,157,77,10,FALSE,0,-72,NA,NA,NA,NA,Early regeneration,3,3,FALSE,FALSE,FALSE,0.92,39,0,426,80,0.1,0.10008526966531657
PA-MT3-P27,PA,3,XP209-PR,2,A,209,123,0.5,FALSE,0,-21,NA,NA,NA,NA,Early regeneration,3,3,FALSE,FALSE,FALSE,0.92,39,0,426,86,0.005,0.005105521210829247
CH-MT5-P36,CH,5,XP209-PR,2,A,13,12,15,FALSE,0,-165,NA,NA,NA,NA,Early regeneration,3,3,FALSE,FALSE,FALSE,0.92,39,0,426,1,0.15,0.150074610957152
DC-MT4-P9,DC,4,XP209-PR,2,A,NA,NA,NA,FALSE,1,-165,NA,NA,NA,NA,Early regeneration,3,3,FALSE,FALSE,FALSE,0.92,39,0,426,NA,NA,NA
BS-MT1-P27,BS,1,XP209-PR,2,A,5,4,10,FALSE,0,-259,NA,NA,NA,NA,Early regeneration,3,3,FALSE,FALSE,FALSE,0.92,39,0,426,1,0.1,0.10008526966531657
DC-MT1-P12,DC,1,XP209-PR,2,B,6,6,5,FALSE,0,-165,NA,NA,NA,NA,Early regeneration,3,3,FALSE,FALSE,FALSE,0.92,39,0,426,0,0.05,0.05009592837348113
BP-MT2-P10,BP,2,XP209-PR,2,B,3,3,0.5,FALSE,0,-346,NA,NA,NA,NA,Early regeneration,3,3,FALSE,FALSE,FALSE,0.92,39,0,426,0,0.005,0.005105521210829247
BU-MT1-P15,BU,1,XP209-PR,2,B,6,1,0.5,FALSE,0,-72,NA,NA,NA,NA,Early regeneration,3,3,FALSE,FALSE,FALSE,0.92,39,0,426,5,0.005,0.005105521210829247
OP-MT6-P47,OP,6,XP209-PR,2,B,95,59,5,FALSE,0,-72,NA,NA,NA,NA,Early regeneration,3,3,FALSE,FALSE,FALSE,0.92,39,0,426,36,0.05,0.05009592837348113
IS-MT2-P77,IS,2,XP209-PR,2,B,4,2,15,FALSE,0,-21,NA,NA,NA,NA,Early regeneration,3,3,FALSE,FALSE,FALSE,0.92,39,0,426,2,0.15,0.150074610957152
BS-MT7-P12,BS,7,XP209-PR,2,B,5,4,5,FALSE,0,-165,NA,NA,NA,NA,Early regeneration,3,3,FALSE,FALSE,FALSE,0.92,39,0,426,1,0.05,0.05009592837348113
VB-MT4-P17,VB,4,XP209-PR,2,B,72,3,0.5,FALSE,0,-346,NA,NA,NA,NA,Early regeneration,3,3,FALSE,FALSE,FALSE,0.92,39,0,426,69,0.005,0.005105521210829247
EA-MT1-P71,EA,1,XP209-PR,2,B,30,13,1,FALSE,0,-259,NA,NA,NA,NA,Early regeneration,3,3,FALSE,FALSE,FALSE,0.92,39,0,426,17,0.01,0.01010445534001279
AE-MT2-P57,AE,2,XP209-PR,2,B,6,4,0.5,FALSE,0,-346,NA,NA,NA,NA,Early regeneration,3,3,FALSE,FALSE,FALSE,0.92,39,0,426,2,0.005,0.005105521210829247
BG-MT3-P35,BG,3,XP209-PR,2,B,102,15,0.5,FALSE,0,-165,NA,NA,NA,NA,Early regeneration,3,3,FALSE,FALSE,FALSE,0.92,39,0,426,87,0.005,0.005105521210829247
PG-MT2-P6,PG,2,XP209-PR,2,B,2,0,0,FALSE,0,-346,NA,NA,NA,NA,Early regeneration,3,3,FALSE,FALSE,FALSE,0.92,39,0,426,2,0,1.0658708164570453e-4
CP-MT1-P16,CP,1,XP209-PR,2,B,9,6,5,FALSE,0,-165,NA,NA,NA,NA,Early regeneration,3,3,FALSE,FALSE,FALSE,0.92,39,0,426,3,0.05,0.05009592837348113
BP-MT4-P20,BP,4,XP209-PR,2,C,0,0,0,FALSE,0,-346,NA,NA,NA,NA,Early regeneration,3,3,FALSE,FALSE,FALSE,0.92,39,0,426,0,0,1.0658708164570453e-4
BS-MT7-P49,BS,7,XP209-PR,2,C,2,1,0.5,FALSE,0,-259,NA,NA,NA,NA,Early regeneration,3,3,FALSE,FALSE,FALSE,0.92,39,0,426,1,0.005,0.005105521210829247
VB-MT4-P49,VB,4,XP209-PR,2,C,42,3,0.5,FALSE,0,-346,2.2575,18.958678902776562,1.136,0.326,Early regeneration,3,3,FALSE,FALSE,FALSE,0.92,39,0,426,39,0.005,0.005105521210829247
PA-MT7-P57,PA,7,XP209-PR,2,C,13,5,15,FALSE,0,-346,NA,18.90353877042662,NA,NA,Early regeneration,3,3,FALSE,FALSE,FALSE,0.92,39,0,426,8,0.15,0.150074610957152
IS-MT5-P51,IS,5,XP209-PR,2,C,21,21,1,FALSE,0,-21,4.735,20.32640082221665,2.879,1.376,Early regeneration,3,3,FALSE,FALSE,FALSE,0.92,39,0,426,0,0.01,0.01010445534001279
AE-MT4-P71,AE,4,XP209-PR,2,C,5,1,0.5,FALSE,0,-346,NA,NA,NA,NA,Early regeneration,3,3,FALSE,FALSE,FALSE,0.92,39,0,426,4,0.005,0.005105521210829247
BU-MT4-P17,BU,4,XP209-PR,2,C,6,0,0,FALSE,0,-165,NA,NA,NA,NA,Early regeneration,3,3,FALSE,FALSE,FALSE,0.92,39,0,426,6,0,1.0658708164570453e-4
EA-MT2-P13,EA,2,XP209-PR,2,C,51,32,1,FALSE,0,-72,5.359999999999999,15.915478383762288,2.556,0.99,Early regeneration,3,3,FALSE,FALSE,FALSE,0.92,39,0,426,19,0.01,0.01010445534001279
PG-MT1-P46,PG,1,XP209-PR,2,C,4,1,1,FALSE,0,-346,NA,NA,NA,NA,Early regeneration,3,3,FALSE,FALSE,FALSE,0.92,39,0,426,3,0.01,0.01010445534001279
CH-MT4-P93,CH,4,XP209-PR,2,C,17,17,10,FALSE,0,-165,NA,NA,NA,NA,Early regeneration,3,3,FALSE,FALSE,FALSE,0.92,39,0,426,0,0.1,0.10008526966531657
DC-MT2-P48,DC,2,XP209-PR,2,C,1,1,7.5,FALSE,0,-346,NA,NA,NA,NA,Early regeneration,3,3,FALSE,FALSE,FALSE,0.92,39,0,426,0,0.075,0.07509059901939885
BG-MT5-P43,BG,5,XP209-PR,2,C,150,15,0.5,FALSE,0,-165,2.9575000000000005,56.53062461999779,1.828,0.578,Early regeneration,3,3,FALSE,FALSE,FALSE,0.92,39,0,426,135,0.005,0.005105521210829247
CP-MT1-P54,CP,1,XP209-PR,2,C,12,8,10,FALSE,0,-165,NA,NA,NA,NA,Early regeneration,3,3,FALSE,FALSE,FALSE,0.92,39,0,426,4,0.1,0.10008526966531657
MC-MT3-P63,MC,3,XP209-PR,2,C,30,22,5,FALSE,0,-165,2.115,28.896508026095297,2.426,0.61,Early regeneration,3,3,FALSE,FALSE,FALSE,0.92,39,0,426,8,0.05,0.05009592837348113
BU-MT4-P76,BU,4,XP209-PR,3,A,NA,NA,NA,FALSE,0,-165,NA,NA,NA,NA,Early regeneration,3,3,FALSE,FALSE,FALSE,0.92,39,0,426,NA,NA,NA
IS-MT1-P34,IS,1,XP209-PR,3,A,NA,NA,NA,FALSE,0,-72,NA,NA,NA,NA,Early regeneration,3,3,FALSE,FALSE,FALSE,0.92,39,0,426,NA,NA,NA
IS-MT1-P34,IS,1,XP209-PR,3,A,NA,NA,NA,FALSE,0,-267,NA,NA,NA,NA,Early regeneration,3,3,FALSE,FALSE,FALSE,0.92,39,0,426,NA,NA,NA
DC-MT5-P40,DC,5,XP209-PR,3,A,3,2,1,FALSE,0,-165,NA,NA,NA,NA,Early regeneration,3,3,FALSE,FALSE,FALSE,0.92,39,0,426,1,0.01,0.01010445534001279
BP-MT2-P63,BP,2,XP209-PR,3,A,1,1,17.5,FALSE,0,-346,NA,NA,NA,NA,Early regeneration,3,3,FALSE,FALSE,FALSE,0.92,39,0,426,0,0.175,0.1750692816030697
OP-MT6-P55,OP,6,XP209-PR,3,A,75,59,15,FALSE,0,-72,NA,NA,NA,NA,Early regeneration,3,3,FALSE,FALSE,FALSE,0.92,39,0,426,16,0.15,0.150074610957152
BS-MT6-P87,BS,6,XP209-PR,3,A,3,2,25,FALSE,0,-346,NA,NA,NA,NA,Early regeneration,3,3,FALSE,FALSE,FALSE,0.92,39,0,426,1,0.25,0.25005329354082284
BG-MT2-P23,BG,2,XP209-PR,3,A,72,21,0.5,FALSE,0,-165,NA,NA,NA,NA,Early regeneration,3,3,FALSE,FALSE,FALSE,0.92,39,0,426,51,0.005,0.005105521210829247
PG-MT2-P68,PG,2,XP209-PR,3,A,3,0,0,FALSE,0,-346,NA,NA,NA,NA,Early regeneration,3,3,FALSE,FALSE,FALSE,0.92,39,0,426,3,0,1.0658708164570453e-4
VB-MT2-P60,VB,2,XP209-PR,3,A,7,2,1,FALSE,0,-346,NA,NA,NA,NA,Early regeneration,3,3,FALSE,FALSE,FALSE,0.92,39,0,426,5,0.01,0.01010445534001279
CP-MT2-P53,CP,2,XP209-PR,3,A,NA,NA,NA,FALSE,1,-72,NA,NA,NA,NA,Early regeneration,3,3,FALSE,FALSE,FALSE,0.92,39,0,426,NA,NA,NA
CP-MT5-P72,CP,5,XP209-PR,3,A,3,3,10,FALSE,0,-346,NA,NA,NA,NA,Early regeneration,3,3,FALSE,FALSE,FALSE,0.92,39,0,426,0,0.1,0.10008526966531657
MC-MT1-P53,MC,1,XP209-PR,3,A,11,8,2.5,FALSE,0,-165,NA,NA,NA,NA,Early regeneration,3,3,FALSE,FALSE,FALSE,0.92,39,0,426,3,0.025,0.025101257727563418
CH-MT5-P20,CH,5,XP209-PR,3,A,10,8,2.5,FALSE,0,-165,NA,NA,NA,NA,Early regeneration,3,3,FALSE,FALSE,FALSE,0.92,39,0,426,2,0.025,0.025101257727563418
AE-MT3-P20,AE,3,XP209-PR,3,A,6,5,1,FALSE,0,-346,NA,NA,NA,NA,Early regeneration,3,3,FALSE,FALSE,FALSE,0.92,39,0,426,1,0.01,0.01010445534001279
EA-MT4-P73,EA,4,XP209-PR,3,A,12,10,20,FALSE,0,-346,NA,NA,NA,NA,Early regeneration,3,3,FALSE,FALSE,FALSE,0.92,39,0,426,2,0.2,0.20006395224898743
DC-MT5-P44,DC,5,XP209-PR,3,B,8,6,1,FALSE,0,-165,NA,NA,NA,NA,Early regeneration,3,3,FALSE,FALSE,FALSE,0.92,39,0,426,2,0.01,0.01010445534001279
BS-MT1-P21,BS,1,XP209-PR,3,B,NA,NA,NA,FALSE,0,-165,NA,NA,NA,NA,Early regeneration,3,3,FALSE,FALSE,FALSE,0.92,39,0,426,NA,NA,NA
AE-MT4-P23,AE,4,XP209-PR,3,B,8,3,1,FALSE,0,-346,NA,NA,NA,NA,Early regeneration,3,3,FALSE,FALSE,FALSE,0.92,39,0,426,5,0.01,0.01010445534001279
PG-MT5-P71,PG,5,XP209-PR,3,B,2,0,0,FALSE,0,-346,NA,NA,NA,NA,Early regeneration,3,3,FALSE,FALSE,FALSE,0.92,39,0,426,2,0,1.0658708164570453e-4
BU-MT1-P26,BU,1,XP209-PR,3,B,3,0,0,FALSE,0,-72,NA,NA,NA,NA,Early regeneration,3,3,FALSE,FALSE,FALSE,0.92,39,0,426,3,0,1.0658708164570453e-4
CP-MT2-P42,CP,2,XP209-PR,3,B,4,3,1,FALSE,0,-72,NA,NA,NA,NA,Early regeneration,3,3,FALSE,FALSE,FALSE,0.92,39,0,426,1,0.01,0.01010445534001279
PA-MT6-P81,PA,6,XP209-PR,3,B,52,27,0.5,FALSE,0,-259,NA,NA,NA,NA,Early regeneration,3,3,FALSE,FALSE,FALSE,0.92,39,0,426,25,0.005,0.005105521210829247
VB-MT1-P42,VB,1,XP209-PR,3,B,125,95,5,FALSE,0,-165,NA,NA,NA,NA,Early regeneration,3,3,FALSE,FALSE,FALSE,0.92,39,0,426,30,0.05,0.05009592837348113
IS-MT4-P10,IS,4,XP209-PR,3,B,2,1,2.5,FALSE,0,-72,NA,NA,NA,NA,Early regeneration,3,3,FALSE,FALSE,FALSE,0.92,39,0,426,1,0.025,0.025101257727563418
CH-MT1-P25,CH,1,XP209-PR,3,B,NA,NA,NA,FALSE,1,-72,NA,NA,NA,NA,Early regeneration,3,3,FALSE,FALSE,FALSE,0.92,39,0,426,NA,NA,NA
BP-MT1-P63,BP,1,XP209-PR,3,B,NA,NA,NA,FALSE,0,-346,NA,NA,NA,NA,Early regeneration,3,3,FALSE,FALSE,FALSE,0.92,39,0,426,NA,NA,NA
EA-MT5-P68,EA,5,XP209-PR,3,B,13,8,0.5,FALSE,0,-259,NA,NA,NA,NA,Early regeneration,3,3,FALSE,FALSE,FALSE,0.92,39,0,426,5,0.005,0.005105521210829247
BG-MT4-P63,BG,4,XP209-PR,3,B,77,16,0.5,FALSE,0,-165,NA,NA,NA,NA,Early regeneration,3,3,FALSE,FALSE,FALSE,0.92,39,0,426,61,0.005,0.005105521210829247
CP-MT3-P55,CP,3,XP209-PR,3,C,3,3,5,FALSE,0,-72,NA,NA,NA,NA,Early regeneration,3,3,FALSE,FALSE,FALSE,0.92,39,0,426,0,0.05,0.05009592837348113
BU-MT3-P14,BU,3,XP209-PR,3,C,3,0,0,FALSE,0,-165,4.2075,22.03450541238603,0.375,0.121,Early regeneration,3,3,FALSE,FALSE,FALSE,0.92,39,0,426,3,0,1.0658708164570453e-4
PG-MT4-P63,PG,4,XP209-PR,3,C,4,1,0.5,FALSE,0,-346,NA,NA,NA,NA,Early regeneration,3,3,FALSE,FALSE,FALSE,0.92,39,0,426,3,0.005,0.005105521210829247
BS-MT1-P50,BS,1,XP209-PR,3,C,2,1,0.5,FALSE,0,NA,NA,NA,NA,NA,Early regeneration,3,3,FALSE,FALSE,FALSE,0.92,39,0,426,1,0.005,0.005105521210829247
BS-MT1-P50,BS,1,XP209-PR,3,C,2,1,0.5,FALSE,1,-259,NA,NA,NA,NA,Early regeneration,3,3,FALSE,FALSE,FALSE,0.92,39,0,426,1,0.005,0.005105521210829247
IS-MT1-P38,IS,1,XP209-PR,3,C,2,2,0.5,FALSE,0,-72,3.8225,14.96663457966446,1.317,0.53,Early regeneration,3,3,FALSE,FALSE,FALSE,0.92,39,0,426,0,0.005,0.005105521210829247
OP-MT7-P10,OP,7,XP209-PR,3,C,70,52,10,FALSE,0,-72,NA,NA,NA,NA,Early regeneration,3,3,FALSE,FALSE,FALSE,0.92,39,0,426,18,0.1,0.10008526966531657
AE-MT1-P58,AE,1,XP209-PR,3,C,7,2,1,FALSE,0,-346,NA,NA,NA,NA,Early regeneration,3,3,FALSE,FALSE,FALSE,0.92,39,0,426,5,0.01,0.01010445534001279
VB-MT4-P46,VB,4,XP209-PR,3,C,18,6,1,FALSE,0,-346,1.545,19.373275905831182,1.809,0.465,Early regeneration,3,3,FALSE,FALSE,FALSE,0.92,39,0,426,12,0.01,0.01010445534001279
DC-MT3-P37,DC,3,XP209-PR,3,C,5,4,5,FALSE,0,-165,NA,NA,NA,NA,Early regeneration,3,3,FALSE,FALSE,FALSE,0.92,39,0,426,1,0.05,0.05009592837348113
CH-MT1-P30,CH,1,XP209-PR,3,C,NA,NA,NA,FALSE,1,-72,1.3825000000000003,43.9326298030317,1.27,0.322,Early regeneration,3,3,FALSE,FALSE,FALSE,0.92,39,0,426,NA,NA,NA
CH-MT2-P54,CH,2,XP209-PR,3,C,5,1,0.5,FALSE,0,-346,NA,NA,NA,NA,Early regeneration,3,3,FALSE,FALSE,FALSE,0.92,39,0,426,4,0.005,0.005105521210829247
BG-MT4-P4,BG,4,XP209-PR,3,C,95,23,0.5,FALSE,0,-165,3.1174999999999997,34.316462292869076,1.784,0.58,Early regeneration,3,3,FALSE,FALSE,FALSE,0.92,39,0,426,72,0.005,0.005105521210829247
BP-MT3-P47,BP,3,XP209-PR,3,C,0,0,0,FALSE,0,-346,NA,NA,NA,NA,Early regeneration,3,3,FALSE,FALSE,FALSE,0.92,39,0,426,0,0,1.0658708164570453e-4
MC-MT3-P27,MC,3,XP209-PR,3,C,17,9,1,FALSE,0,-165,2.71,6.211860029753501,4.632,1.275,Early regeneration,3,3,FALSE,FALSE,FALSE,0.92,39,0,426,8,0.01,0.01010445534001279
EA-MT1-P10,EA,1,XP209-PR,3,C,45,40,1,FALSE,0,-259,4.7125,24.331490984856917,4.713,1.605,Early regeneration,3,3,FALSE,FALSE,FALSE,0.92,39,0,426,5,0.01,0.01010445534001279
IS-MT5-P47,IS,5,XP209-PR,4,A,8,7,2.5,FALSE,0,-21,NA,NA,NA,NA,Early regeneration,3,3,FALSE,FALSE,FALSE,0.92,39,0,426,1,0.025,0.025101257727563418
EA-MT1-P43,EA,1,XP209-PR,4,A,25,15,5,FALSE,0,-259,NA,NA,NA,NA,Early regeneration,3,3,FALSE,FALSE,FALSE,0.92,39,0,426,10,0.05,0.05009592837348113
VB-MT5-P36,VB,5,XP209-PR,4,A,17,6,1,FALSE,0,-346,NA,NA,NA,NA,Early regeneration,3,3,FALSE,FALSE,FALSE,0.92,39,0,426,11,0.01,0.01010445534001279
CP-MT5-P51,CP,5,XP209-PR,4,A,3,2,0.5,FALSE,0,-165,NA,NA,NA,NA,Early regeneration,3,3,FALSE,FALSE,FALSE,0.92,39,0,426,1,0.005,0.005105521210829247
MC-MT2-P15,MC,2,XP209-PR,4,A,12,11,2.5,FALSE,0,-165,NA,NA,NA,NA,Early regeneration,3,3,FALSE,FALSE,FALSE,0.92,39,0,426,1,0.025,0.025101257727563418
PA-MT3-P70,PA,3,XP209-PR,4,A,175,135,1,FALSE,0,-21,NA,NA,NA,NA,Early regeneration,3,3,FALSE,FALSE,FALSE,0.92,39,0,426,40,0.01,0.01010445534001279
BU-MT2-P32,BU,2,XP209-PR,4,A,4,0,0,FALSE,0,-165,NA,NA,NA,NA,Early regeneration,3,3,FALSE,FALSE,FALSE,0.92,39,0,426,4,0,1.0658708164570453e-4
BG-MT1-P7,BG,1,XP209-PR,4,A,42,4,0.5,FALSE,0,-165,NA,NA,NA,NA,Early regeneration,3,3,FALSE,FALSE,FALSE,0.92,39,0,426,38,0.005,0.005105521210829247
OP-MT9-P68,OP,9,XP209-PR,4,A,75,52,10,FALSE,0,-21,NA,NA,NA,NA,Early regeneration,3,3,FALSE,FALSE,FALSE,0.92,39,0,426,23,0.1,0.10008526966531657
AE-MT5-P48,AE,5,XP209-PR,4,A,7,5,1,FALSE,0,-346,NA,NA,NA,NA,Early regeneration,3,3,FALSE,FALSE,FALSE,0.92,39,0,426,2,0.01,0.01010445534001279
CH-MT4-P54,CH,4,XP209-PR,4,A,11,9,5,FALSE,0,-165,NA,NA,NA,NA,Early regeneration,3,3,FALSE,FALSE,FALSE,0.92,39,0,426,2,0.05,0.05009592837348113
PG-MT3-P36,PG,3,XP209-PR,4,A,5,1,5,FALSE,0,-346,NA,NA,NA,NA,Early regeneration,3,3,FALSE,FALSE,FALSE,0.92,39,0,426,4,0.05,0.05009592837348113
BS-MT6-P37,BS,6,XP209-PR,4,A,6,5,15,FALSE,0,-165,NA,NA,NA,NA,Early regeneration,3,3,FALSE,FALSE,FALSE,0.92,39,0,426,1,0.15,0.150074610957152
BP-MT4-P66,BP,4,XP209-PR,4,A,2,1,0.5,FALSE,0,-346,NA,NA,NA,NA,Early regeneration,3,3,FALSE,FALSE,FALSE,0.92,39,0,426,1,0.005,0.005105521210829247
PG-MT1-P13,PG,1,XP209-PR,4,B,2,0,0,FALSE,0,-346,NA,NA,NA,NA,Early regeneration,3,3,FALSE,FALSE,FALSE,0.92,39,0,426,2,0,1.0658708164570453e-4
EA-MT1-P40,EA,1,XP209-PR,4,B,27,18,5,FALSE,0,-259,NA,NA,NA,NA,Early regeneration,3,3,FALSE,FALSE,FALSE,0.92,39,0,426,9,0.05,0.05009592837348113
CH-MT3-P85,CH,3,XP209-PR,4,B,12,12,20,FALSE,0,-165,NA,NA,NA,NA,Early regeneration,3,3,FALSE,FALSE,FALSE,0.92,39,0,426,0,0.2,0.20006395224898743
AE-MT2-P62,AE,2,XP209-PR,4,B,2,2,5,FALSE,0,-346,NA,NA,NA,NA,Early regeneration,3,3,FALSE,FALSE,FALSE,0.92,39,0,426,0,0.05,0.05009592837348113
IS-MT4-P20,IS,4,XP209-PR,4,B,8,6,2.5,FALSE,0,-72,NA,NA,NA,NA,Early regeneration,3,3,FALSE,FALSE,FALSE,0.92,39,0,426,2,0.025,0.025101257727563418
BS-MT5-P5,BS,5,XP209-PR,4,B,5,5,5,FALSE,0,-165,NA,NA,NA,NA,Early regeneration,3,3,FALSE,FALSE,FALSE,0.92,39,0,426,0,0.05,0.05009592837348113
CP-MT4-P7,CP,4,XP209-PR,4,B,13,8,0.5,FALSE,0,-72,NA,NA,NA,NA,Early regeneration,3,3,FALSE,FALSE,FALSE,0.92,39,0,426,5,0.005,0.005105521210829247
MC-MT1-P45,MC,1,XP209-PR,4,B,60,38,7.5,FALSE,0,-165,NA,NA,NA,NA,Early regeneration,3,3,FALSE,FALSE,FALSE,0.92,39,0,426,22,0.075,0.07509059901939885
PA-MT6-P39,PA,6,XP209-PR,4,B,130,24,0.5,FALSE,0,-72,NA,NA,NA,NA,Early regeneration,3,3,FALSE,FALSE,FALSE,0.92,39,0,426,106,0.005,0.005105521210829247
BU-MT5-P19,BU,5,XP209-PR,4,B,6,1,5,FALSE,0,-165,NA,NA,NA,NA,Early regeneration,3,3,FALSE,FALSE,FALSE,0.92,39,0,426,5,0.05,0.05009592837348113
OP-MT2-P74,OP,2,XP209-PR,4,B,210,67,5,FALSE,0,-21,NA,NA,NA,NA,Early regeneration,3,3,FALSE,FALSE,FALSE,0.92,39,0,426,143,0.05,0.05009592837348113
BG-MT1-P23,BG,1,XP209-PR,4,B,112,20,0.5,FALSE,0,-165,NA,NA,NA,NA,Early regeneration,3,3,FALSE,FALSE,FALSE,0.92,39,0,426,92,0.005,0.005105521210829247
VB-MT3-P74,VB,3,XP209-PR,4,B,20,0,0,FALSE,0,-346,NA,NA,NA,NA,Early regeneration,3,3,FALSE,FALSE,FALSE,0.92,39,0,426,20,0,1.0658708164570453e-4
DC-MT2-P2,DC,2,XP209-PR,4,B,4,2,0.5,FALSE,0,-165,NA,NA,NA,NA,Early regeneration,3,3,FALSE,FALSE,FALSE,0.92,39,0,426,2,0.005,0.005105521210829247
BP-MT3-P43,BP,3,XP209-PR,4,B,5,2,0.5,FALSE,0,-346,NA,NA,NA,NA,Early regeneration,3,3,FALSE,FALSE,FALSE,0.92,39,0,426,3,0.005,0.005105521210829247
IS-MT3-P42,IS,3,XP209-PR,4,C,6,3,0.5,FALSE,0,-259,5.4225,13.87118208776405,1.741,0.78,Early regeneration,3,3,FALSE,FALSE,FALSE,0.92,39,0,426,3,0.005,0.005105521210829247
BP-MT1-P2,BP,1,XP209-PR,4,C,2,2,20,FALSE,0,-346,NA,NA,NA,NA,Early regeneration,3,3,FALSE,FALSE,FALSE,0.92,39,0,426,0,0.2,0.20006395224898743
BS-MT1-P38,BS,1,XP209-PR,4,C,1,1,0.5,FALSE,0,-259,NA,NA,NA,NA,Early regeneration,3,3,FALSE,FALSE,FALSE,0.92,39,0,426,0,0.005,0.005105521210829247
DC-MT3-P73,DC,3,XP209-PR,4,C,4,2,1,FALSE,0,-165,NA,NA,NA,NA,Early regeneration,3,3,FALSE,FALSE,FALSE,0.92,39,0,426,2,0.01,0.01010445534001279
EA-MT2-P48,EA,2,XP209-PR,4,C,48,17,5,FALSE,0,-346,4.8375,17.752789394609223,1.588,0.646,Early regeneration,3,3,FALSE,FALSE,FALSE,0.92,39,0,426,31,0.05,0.05009592837348113
AE-MT2-P24,AE,2,XP209-PR,4,C,16,4,1,FALSE,0,-346,NA,NA,NA,NA,Early regeneration,3,3,FALSE,FALSE,FALSE,0.92,39,0,426,12,0.01,0.01010445534001279
PG-MT3-P74,PG,3,XP209-PR,4,C,5,2,1,FALSE,0,-346,NA,NA,NA,NA,Early regeneration,3,3,FALSE,FALSE,FALSE,0.92,39,0,426,3,0.01,0.01010445534001279
OP-MT8-P5,OP,8,XP209-PR,4,C,75,34,5,FALSE,0,-72,NA,NA,NA,NA,Early regeneration,3,3,FALSE,FALSE,FALSE,0.92,39,0,426,41,0.05,0.05009592837348113
VB-MT1-P44,VB,1,XP209-PR,4,C,225,68,0.5,FALSE,0,-165,1.5675,15.706016702514477,1.144,0.253,Early regeneration,3,3,FALSE,FALSE,FALSE,0.92,39,0,426,157,0.005,0.005105521210829247
BG-MT5-P69,BG,5,XP209-PR,4,C,95,43,0.5,FALSE,0,-165,2.5775,44.23743346553164,2.48,0.758,Early regeneration,3,3,FALSE,FALSE,FALSE,0.92,39,0,426,52,0.005,0.005105521210829247
CH-MT2-P70,CH,2,XP209-PR,4,C,3,3,12.5,FALSE,0,-165,NA,NA,NA,NA,Early regeneration,3,3,FALSE,FALSE,FALSE,0.92,39,0,426,0,0.125,0.1250799403112343
PA-MT7-P37,PA,7,XP209-PR,4,C,40,20,5,FALSE,0,-165,1.3399999999999999,18.479225987271874,0.666,0.168,Early regeneration,3,3,FALSE,FALSE,FALSE,0.92,39,0,426,20,0.05,0.05009592837348113
IS-MT2-P97,IS,2,XP209-PR,5,A,NA,NA,NA,FALSE,1,-21,NA,NA,NA,NA,Early regeneration,3,3,FALSE,FALSE,FALSE,0.92,39,0,426,NA,NA,NA
CP-MT3-P61,CP,3,XP209-PR,5,A,NA,NA,NA,FALSE,0,-72,NA,NA,NA,NA,Early regeneration,3,3,FALSE,FALSE,FALSE,0.92,39,0,426,NA,NA,NA
OP-MT7-P36,OP,7,XP209-PR,5,A,NA,NA,NA,FALSE,0,-72,NA,NA,NA,NA,Early regeneration,3,3,FALSE,FALSE,FALSE,0.92,39,0,426,NA,NA,NA
PA-MT6-P48,PA,6,XP209-PR,5,A,NA,NA,NA,FALSE,0,-72,NA,NA,NA,NA,Early regeneration,3,3,FALSE,FALSE,FALSE,0.92,39,0,426,NA,NA,NA
BU-MT4-P79,BU,4,XP209-PR,5,A,NA,NA,NA,FALSE,0,-165,NA,NA,NA,NA,Early regeneration,3,3,FALSE,FALSE,FALSE,0.92,39,0,426,NA,NA,NA
AE-MT3-P5,AE,3,XP209-PR,5,A,NA,NA,NA,FALSE,0,-346,NA,NA,NA,NA,Early regeneration,3,3,FALSE,FALSE,FALSE,0.92,39,0,426,NA,NA,NA
DC-MT2-P16,DC,2,XP209-PR,5,A,NA,NA,NA,FALSE,0,-165,NA,NA,NA,NA,Early regeneration,3,3,FALSE,FALSE,FALSE,0.92,39,0,426,NA,NA,NA
BP-MT4-P92,BP,4,XP209-PR,5,A,NA,NA,NA,FALSE,0,-346,NA,NA,NA,NA,Early regeneration,3,3,FALSE,FALSE,FALSE,0.92,39,0,426,NA,NA,NA
EA-MT4-P20,EA,4,XP209-PR,5,A,NA,NA,NA,FALSE,0,-346,NA,NA,NA,NA,Early regeneration,3,3,FALSE,FALSE,FALSE,0.92,39,0,426,NA,NA,NA
PG-MT4-P8,PG,4,XP209-PR,5,A,NA,NA,NA,FALSE,0,-346,NA,NA,NA,NA,Early regeneration,3,3,FALSE,FALSE,FALSE,0.92,39,0,426,NA,NA,NA
BS-MT5-P80,BS,5,XP209-PR,5,A,NA,NA,NA,FALSE,0,-346,NA,NA,NA,NA,Early regeneration,3,3,FALSE,FALSE,FALSE,0.92,39,0,426,NA,NA,NA
BG-MT5-P11,BG,5,XP209-PR,5,A,NA,NA,NA,FALSE,0,-165,NA,NA,NA,NA,Early regeneration,3,3,FALSE,FALSE,FALSE,0.92,39,0,426,NA,NA,NA
VB-MT2-P70,VB,2,XP209-PR,5,A,NA,NA,NA,FALSE,0,-346,NA,NA,NA,NA,Early regeneration,3,3,FALSE,FALSE,FALSE,0.92,39,0,426,NA,NA,NA
CH-MT3-P68,CH,3,XP209-PR,5,A,NA,NA,NA,FALSE,0,-165,NA,NA,NA,NA,Early regeneration,3,3,FALSE,FALSE,FALSE,0.92,39,0,426,NA,NA,NA
OP-MT9-P75,OP,9,XP209-PR,5,B,NA,NA,NA,FALSE,0,-21,NA,NA,NA,NA,Early regeneration,3,3,FALSE,FALSE,FALSE,0.92,39,0,426,NA,NA,NA
CP-MT4-P53,CP,4,XP209-PR,5,B,NA,NA,NA,FALSE,0,-72,NA,NA,NA,NA,Early regeneration,3,3,FALSE,FALSE,FALSE,0.92,39,0,426,NA,NA,NA
PG-MT3-P44,PG,3,XP209-PR,5,B,NA,NA,NA,FALSE,0,-346,NA,NA,NA,NA,Early regeneration,3,3,FALSE,FALSE,FALSE,0.92,39,0,426,NA,NA,NA
BU-MT1-P40,BU,1,XP209-PR,5,B,NA,NA,NA,FALSE,0,-72,NA,NA,NA,NA,Early regeneration,3,3,FALSE,FALSE,FALSE,0.92,39,0,426,NA,NA,NA
AE-MT5-P37,AE,5,XP209-PR,5,B,NA,NA,NA,FALSE,0,-346,NA,NA,NA,NA,Early regeneration,3,3,FALSE,FALSE,FALSE,0.92,39,0,426,NA,NA,NA
VB-MT2-P23,VB,2,XP209-PR,5,B,NA,NA,NA,FALSE,0,-346,NA,NA,NA,NA,Early regeneration,3,3,FALSE,FALSE,FALSE,0.92,39,0,426,NA,NA,NA
BP-MT4-P22,BP,4,XP209-PR,5,B,NA,NA,NA,FALSE,0,-346,NA,NA,NA,NA,Early regeneration,3,3,FALSE,FALSE,FALSE,0.92,39,0,426,NA,NA,NA
IS-MT3-P102,IS,3,XP209-PR,5,B,NA,NA,NA,FALSE,0,-346,NA,NA,NA,NA,Early regeneration,3,3,FALSE,FALSE,FALSE,0.92,39,0,426,NA,NA,NA
DC-MT4-P35,DC,4,XP209-PR,5,B,NA,NA,NA,FALSE,1,-165,NA,NA,NA,NA,Early regeneration,3,3,FALSE,FALSE,FALSE,0.92,39,0,426,NA,NA,NA
BG-MT2-P48,BG,2,XP209-PR,5,B,NA,NA,NA,FALSE,0,-165,NA,NA,NA,NA,Early regeneration,3,3,FALSE,FALSE,FALSE,0.92,39,0,426,NA,NA,NA
CH-MT5-P62,CH,5,XP209-PR,5,B,NA,NA,NA,FALSE,0,-165,NA,NA,NA,NA,Early regeneration,3,3,FALSE,FALSE,FALSE,0.92,39,0,426,NA,NA,NA
BS-MT6-P13,BS,6,XP209-PR,5,B,NA,NA,NA,FALSE,0,-165,NA,NA,NA,NA,Early regeneration,3,3,FALSE,FALSE,FALSE,0.92,39,0,426,NA,NA,NA
CP-MT2-P2,CP,2,XP209-PR,5,C,NA,NA,NA,FALSE,0,-72,NA,NA,NA,NA,Early regeneration,3,3,FALSE,FALSE,FALSE,0.92,39,0,426,NA,NA,NA
EA-MT1-P86,EA,1,XP209-PR,5,C,NA,NA,NA,FALSE,0,-346,NA,NA,NA,NA,Early regeneration,3,3,FALSE,FALSE,FALSE,0.92,39,0,426,NA,NA,NA
OP-MT6-P13,OP,6,XP209-PR,5,C,NA,NA,NA,FALSE,0,-72,NA,NA,NA,NA,Early regeneration,3,3,FALSE,FALSE,FALSE,0.92,39,0,426,NA,NA,NA
DC-MT1-P28,DC,1,XP209-PR,5,C,NA,NA,NA,FALSE,0,-165,NA,NA,NA,NA,Early regeneration,3,3,FALSE,FALSE,FALSE,0.92,39,0,426,NA,NA,NA
BG-MT4-P93,BG,4,XP209-PR,5,C,NA,NA,NA,FALSE,0,-165,NA,NA,NA,NA,Early regeneration,3,3,FALSE,FALSE,FALSE,0.92,39,0,426,NA,NA,NA
AE-MT1-P32,AE,1,XP209-PR,5,C,NA,NA,NA,FALSE,0,-346,NA,NA,NA,NA,Early regeneration,3,3,FALSE,FALSE,FALSE,0.92,39,0,426,NA,NA,NA
CH-MT2-P19,CH,2,XP209-PR,5,C,NA,NA,NA,FALSE,0,-165,NA,NA,NA,NA,Early regeneration,3,3,FALSE,FALSE,FALSE,0.92,39,0,426,NA,NA,NA
BU-MT3-P47,BU,3,XP209-PR,5,C,NA,NA,NA,FALSE,0,-165,NA,NA,NA,NA,Early regeneration,3,3,FALSE,FALSE,FALSE,0.92,39,0,426,NA,NA,NA
IS-MT5-P61,IS,5,XP209-PR,5,C,NA,NA,NA,FALSE,1,-259,NA,NA,NA,NA,Early regeneration,3,3,FALSE,FALSE,FALSE,0.92,39,0,426,NA,NA,NA
VB-MT5-P41,VB,5,XP209-PR,5,C,NA,NA,NA,FALSE,0,-346,NA,NA,NA,NA,Early regeneration,3,3,FALSE,FALSE,FALSE,0.92,39,0,426,NA,NA,NA
BP-MT4-P97,BP,4,XP209-PR,5,C,NA,NA,NA,FALSE,0,-346,NA,NA,NA,NA,Early regeneration,3,3,FALSE,FALSE,FALSE,0.92,39,0,426,NA,NA,NA
PG-MT5-P7,PG,5,XP209-PR,5,C,NA,NA,NA,FALSE,0,-346,NA,NA,NA,NA,Early regeneration,3,3,FALSE,FALSE,FALSE,0.92,39,0,426,NA,NA,NA
BU-MT1-P67,BU,1,XP210-PR,1,A,NA,NA,NA,FALSE,1,209,NA,NA,NA,NA,Early regeneration,3,3,FALSE,FALSE,FALSE,0,105,0,210,NA,NA,NA
BU-MT2-P58,BU,2,XP210-PR,1,A,1,1,0.5,FALSE,0,8,NA,NA,NA,NA,Early regeneration,3,3,FALSE,FALSE,FALSE,0,105,0,210,0,0.005,0.005105521210829247
EA-MT4-P1,EA,4,XP210-PR,1,A,79,19,1,FALSE,0,299,NA,NA,NA,NA,Early regeneration,3,3,FALSE,FALSE,FALSE,0,105,0,210,60,0.01,0.01010445534001279
OP-MT8-P38,OP,8,XP210-PR,1,A,86,49,5,FALSE,0,299,NA,NA,NA,NA,Early regeneration,3,3,FALSE,FALSE,FALSE,0,105,0,210,37,0.05,0.05009592837348113
BS-MT6-P75,BS,6,XP210-PR,1,A,2,2,12.5,FALSE,0,90,NA,NA,NA,NA,Early regeneration,3,3,FALSE,FALSE,FALSE,0,105,0,210,0,0.125,0.1250799403112343
IS-MT3-P53,IS,3,XP210-PR,1,A,8,2,0.5,FALSE,0,344,NA,NA,NA,NA,Early regeneration,3,3,FALSE,FALSE,FALSE,0,105,0,210,6,0.005,0.005105521210829247
AE-MT1-P69,AE,1,XP210-PR,1,A,9,2,0.5,FALSE,0,8,NA,NA,NA,NA,Early regeneration,3,3,FALSE,FALSE,FALSE,0,105,0,210,7,0.005,0.005105521210829247
VB-MT1-P48,VB,1,XP210-PR,1,A,264,36,0.5,FALSE,0,162,NA,NA,NA,NA,Early regeneration,3,3,FALSE,FALSE,FALSE,0,105,0,210,228,0.005,0.005105521210829247
MC-MT1-P10,MC,1,XP210-PR,1,A,24,9,1,FALSE,0,162,NA,NA,NA,NA,Early regeneration,3,3,FALSE,FALSE,FALSE,0,105,0,210,15,0.01,0.01010445534001279
DC-MT5-P56,DC,5,XP210-PR,1,A,NA,NA,NA,FALSE,1,NA,NA,NA,NA,NA,Early regeneration,3,3,FALSE,FALSE,FALSE,0,105,0,210,NA,NA,NA
PG-MT4-P66,PG,4,XP210-PR,1,A,NA,NA,NA,FALSE,0,8,NA,NA,NA,NA,Early regeneration,3,3,FALSE,FALSE,FALSE,0,105,0,210,NA,NA,NA
CP-MT5-P41,CP,5,XP210-PR,1,A,8,3,1,FALSE,0,162,NA,NA,NA,NA,Early regeneration,3,3,FALSE,FALSE,FALSE,0,105,0,210,5,0.01,0.01010445534001279
BG-MT1-P43,BG,1,XP210-PR,1,A,33,8,1,FALSE,0,162,NA,NA,NA,NA,Early regeneration,3,3,FALSE,FALSE,FALSE,0,105,0,210,25,0.01,0.01010445534001279
CH-MT4-P3,CH,4,XP210-PR,1,A,13,13,1,FALSE,0,162,NA,NA,NA,NA,Early regeneration,3,3,FALSE,FALSE,FALSE,0,105,0,210,0,0.01,0.01010445534001279
BP-MT2-P8,BP,2,XP210-PR,1,A,3,1,0.5,FALSE,0,8,NA,NA,NA,NA,Early regeneration,3,3,FALSE,FALSE,FALSE,0,105,0,210,2,0.005,0.005105521210829247
PA-MT7-P27,PA,7,XP210-PR,1,A,41,3,0.5,FALSE,0,162,NA,NA,NA,NA,Early regeneration,3,3,FALSE,FALSE,FALSE,0,105,0,210,38,0.005,0.005105521210829247
OP-MT7-P26,OP,7,XP210-PR,1,B,111,54,2.5,FALSE,0,299,NA,NA,NA,NA,Early regeneration,3,3,FALSE,FALSE,FALSE,0,105,0,210,57,0.025,0.025101257727563418
DC-MT3-P18,DC,3,XP210-PR,1,B,NA,NA,NA,FALSE,1,72,NA,NA,NA,NA,Early regeneration,3,3,FALSE,FALSE,FALSE,0,105,0,210,NA,NA,NA
BS-MT7-P21,BS,7,XP210-PR,1,B,2,2,2.5,FALSE,0,162,NA,NA,NA,NA,Early regeneration,3,3,FALSE,FALSE,FALSE,0,105,0,210,0,0.025,0.025101257727563418
CH-MT2-P61,CH,2,XP210-PR,1,B,25,18,0.5,FALSE,0,162,NA,NA,NA,NA,Early regeneration,3,3,FALSE,FALSE,FALSE,0,105,0,210,7,0.005,0.005105521210829247
BG-MT5-P92,BG,5,XP210-PR,1,B,116,15,0.5,FALSE,0,162,NA,NA,NA,NA,Early regeneration,3,3,FALSE,FALSE,FALSE,0,105,0,210,101,0.005,0.005105521210829247
AE-MT5-P66,AE,5,XP210-PR,1,B,11,2,1,FALSE,0,8,NA,NA,NA,NA,Early regeneration,3,3,FALSE,FALSE,FALSE,0,105,0,210,9,0.01,0.01010445534001279
CP-MT4-P49,CP,4,XP210-PR,1,B,NA,NA,NA,FALSE,1,299,NA,NA,NA,NA,Early regeneration,3,3,FALSE,FALSE,FALSE,0,105,0,210,NA,NA,NA
BP-MT5-P52,BP,5,XP210-PR,1,B,5,1,1,FALSE,0,8,NA,NA,NA,NA,Early regeneration,3,3,FALSE,FALSE,FALSE,0,105,0,210,4,0.01,0.01010445534001279
PA-MT6-P8,PA,6,XP210-PR,1,B,415,89,0.5,FALSE,0,299,NA,NA,NA,NA,Early regeneration,3,3,FALSE,FALSE,FALSE,0,105,0,210,326,0.005,0.005105521210829247
MC-MT1-P32,MC,1,XP210-PR,1,B,NA,NA,NA,FALSE,1,72,NA,NA,NA,NA,Early regeneration,3,3,FALSE,FALSE,FALSE,0,105,0,210,NA,NA,NA
MC-MT1-P5,MC,1,XP210-PR,1,B,0,0,0,FALSE,0,8,NA,NA,NA,NA,Early regeneration,3,3,FALSE,FALSE,FALSE,0,105,0,210,0,0,1.0658708164570453e-4
IS-MT3-P8,IS,3,XP210-PR,1,B,3,2,1,FALSE,0,90,NA,NA,NA,NA,Early regeneration,3,3,FALSE,FALSE,FALSE,0,105,0,210,1,0.01,0.01010445534001279
BU-MT2-P5,BU,2,XP210-PR,1,B,NA,NA,NA,FALSE,1,162,NA,NA,NA,NA,Early regeneration,3,3,FALSE,FALSE,FALSE,0,105,0,210,NA,NA,NA
EA-MT1-P7,EA,1,XP210-PR,1,B,22,0,0,FALSE,NA,NA,NA,NA,NA,NA,Early regeneration,3,3,FALSE,FALSE,FALSE,0,105,0,210,22,0,1.0658708164570453e-4
PG-MT2-P58,PG,2,XP210-PR,1,B,4,1,5,FALSE,0,8,NA,NA,NA,NA,Early regeneration,3,3,FALSE,FALSE,FALSE,0,105,0,210,3,0.05,0.05009592837348113
VB-MT4-P60,VB,4,XP210-PR,1,B,24,2,5,FALSE,0,8,NA,NA,NA,NA,Early regeneration,3,3,FALSE,FALSE,FALSE,0,105,0,210,22,0.05,0.05009592837348113
CH-MT4-P39,CH,4,XP210-PR,1,C,22,13,0.5,FALSE,0,162,NA,NA,NA,NA,Early regeneration,3,3,FALSE,FALSE,FALSE,0,105,0,210,9,0.005,0.005105521210829247
CP-MT1-P20,CP,1,XP210-PR,1,C,8,8,2.5,FALSE,0,162,NA,NA,NA,NA,Early regeneration,3,3,FALSE,FALSE,FALSE,0,105,0,210,0,0.025,0.025101257727563418
DC-MT2-P51,DC,2,XP210-PR,1,C,4,1,0.5,FALSE,0,162,NA,NA,NA,NA,Early regeneration,3,3,FALSE,FALSE,FALSE,0,105,0,210,3,0.005,0.005105521210829247
IS-MT4-P18,IS,4,XP210-PR,1,C,8,5,5,FALSE,0,299,3.8025,12.107037694197535,1.07,0.406,Early regeneration,3,3,FALSE,FALSE,FALSE,0,105,0,210,3,0.05,0.05009592837348113
BP-MT3-P58,BP,3,XP210-PR,1,C,3,2,7.5,FALSE,0,8,NA,NA,NA,NA,Early regeneration,3,3,FALSE,FALSE,FALSE,0,105,0,210,1,0.075,0.07509059901939885
BS-MT6-P39,BS,6,XP210-PR,1,C,NA,NA,NA,FALSE,1,90,NA,NA,NA,NA,Early regeneration,3,3,FALSE,FALSE,FALSE,0,105,0,210,NA,NA,NA
AE-MT3-P40,AE,3,XP210-PR,1,C,NA,NA,NA,FALSE,1,8,NA,NA,NA,NA,Early regeneration,3,3,FALSE,FALSE,FALSE,0,105,0,210,NA,NA,NA
BG-MT3-P55,BG,3,XP210-PR,1,C,87,5,0.5,FALSE,0,162,2.065,27.804816037799206,1.196,0.37,Early regeneration,3,3,FALSE,FALSE,FALSE,0,105,0,210,82,0.005,0.005105521210829247
OP-MT8-P7,OP,8,XP210-PR,1,C,141,53,5,FALSE,0,299,NA,NA,NA,NA,Early regeneration,3,3,FALSE,FALSE,FALSE,0,105,0,210,88,0.05,0.05009592837348113
BU-MT4-P64,BU,4,XP210-PR,1,C,3,0,0,FALSE,0,162,2.7525000000000004,19.110485865308444,0.811,0.273,Early regeneration,3,3,FALSE,FALSE,FALSE,0,105,0,210,3,0,1.0658708164570453e-4
VB-MT2-P7,VB,2,XP210-PR,1,C,7,1,2.5,FALSE,0,8,1.105,13.150180856421995,0.939,0.2,Early regeneration,3,3,FALSE,FALSE,FALSE,0,105,0,210,6,0.025,0.025101257727563418
PG-MT5-P49,PG,5,XP210-PR,1,C,NA,NA,NA,FALSE,0,8,NA,NA,NA,NA,Early regeneration,3,3,FALSE,FALSE,FALSE,0,105,0,210,NA,NA,NA
EA-MT2-P38,EA,2,XP210-PR,1,C,29,5,0.5,FALSE,0,8,4.1325,8.987207494611912,1.364,0.6,Early regeneration,3,3,FALSE,FALSE,FALSE,0,105,0,210,24,0.005,0.005105521210829247
BS-MT7-P60,BS,7,XP210-PR,2,A,NA,NA,NA,FALSE,0,90,NA,NA,NA,NA,Early regeneration,3,3,FALSE,FALSE,FALSE,0,105,0,210,NA,NA,NA
BG-MT4-P16,BG,4,XP210-PR,2,A,130,4,0.5,FALSE,0,162,NA,NA,NA,NA,Early regeneration,3,3,FALSE,FALSE,FALSE,0,105,0,210,126,0.005,0.005105521210829247
VB-MT1-P37,VB,1,XP210-PR,2,A,70,2,0.5,FALSE,0,162,NA,NA,NA,NA,Early regeneration,3,3,FALSE,FALSE,FALSE,0,105,0,210,68,0.005,0.005105521210829247
DC-MT4-P66,DC,4,XP210-PR,2,A,5,4,1,FALSE,0,162,NA,NA,NA,NA,Early regeneration,3,3,FALSE,FALSE,FALSE,0,105,0,210,1,0.01,0.01010445534001279
MC-MT2-P17,MC,2,XP210-PR,2,A,48,6,1,FALSE,0,162,NA,NA,NA,NA,Early regeneration,3,3,FALSE,FALSE,FALSE,0,105,0,210,42,0.01,0.01010445534001279
CP-MT2-P62,CP,2,XP210-PR,2,A,NA,NA,NA,FALSE,1,137,NA,NA,NA,NA,Early regeneration,3,3,FALSE,FALSE,FALSE,0,105,0,210,NA,NA,NA
CP-MT5-P77,CP,5,XP210-PR,2,A,3,1,0.5,FALSE,0,8,NA,NA,NA,NA,Early regeneration,3,3,FALSE,FALSE,FALSE,0,105,0,210,2,0.005,0.005105521210829247
CH-MT1-P19,CH,1,XP210-PR,2,A,NA,NA,NA,FALSE,0,299,NA,NA,NA,NA,Early regeneration,3,3,FALSE,FALSE,FALSE,0,105,0,210,NA,NA,NA
OP-MT9-P43,OP,9,XP210-PR,2,A,20,6,1,FALSE,0,344,NA,NA,NA,NA,Early regeneration,3,3,FALSE,FALSE,FALSE,0,105,0,210,14,0.01,0.01010445534001279
PA-MT3-P8,PA,3,XP210-PR,2,A,86,13,2.5,FALSE,0,344,NA,NA,NA,NA,Early regeneration,3,3,FALSE,FALSE,FALSE,0,105,0,210,73,0.025,0.025101257727563418
PG-MT5-P40,PG,5,XP210-PR,2,A,NA,NA,NA,FALSE,0,8,NA,NA,NA,NA,Early regeneration,3,3,FALSE,FALSE,FALSE,0,105,0,210,NA,NA,NA
IS-MT2-P32,IS,2,XP210-PR,2,A,NA,NA,NA,FALSE,1,45,NA,NA,NA,NA,Early regeneration,3,3,FALSE,FALSE,FALSE,0,105,0,210,NA,NA,NA
IS-MT1-P8,IS,1,XP210-PR,2,A,3,2,0.5,FALSE,0,90,NA,NA,NA,NA,Early regeneration,3,3,FALSE,FALSE,FALSE,0,105,0,210,1,0.005,0.005105521210829247
AE-MT4-P16,AE,4,XP210-PR,2,A,8,2,0.5,FALSE,0,8,NA,NA,NA,NA,Early regeneration,3,3,FALSE,FALSE,FALSE,0,105,0,210,6,0.005,0.005105521210829247
BP-MT3-P16,BP,3,XP210-PR,2,A,NA,NA,NA,FALSE,1,8,NA,NA,NA,NA,Early regeneration,3,3,FALSE,FALSE,FALSE,0,105,0,210,NA,NA,NA
EA-MT5-P72,EA,5,XP210-PR,2,A,25,8,1,FALSE,0,90,NA,NA,NA,NA,Early regeneration,3,3,FALSE,FALSE,FALSE,0,105,0,210,17,0.01,0.01010445534001279
BU-MT5-P24,BU,5,XP210-PR,2,A,NA,NA,NA,FALSE,0,162,NA,NA,NA,NA,Early regeneration,3,3,FALSE,FALSE,FALSE,0,105,0,210,NA,NA,NA
BU-MT4-P28,BU,4,XP210-PR,2,B,NA,NA,NA,FALSE,0,162,NA,NA,NA,NA,Early regeneration,3,3,FALSE,FALSE,FALSE,0,105,0,210,NA,NA,NA
MC-MT3-P5,MC,3,XP210-PR,2,B,NA,NA,NA,FALSE,1,162,NA,NA,NA,NA,Early regeneration,3,3,FALSE,FALSE,FALSE,0,105,0,210,NA,NA,NA
BG-MT2-P7,BG,2,XP210-PR,2,B,188,9,0.5,FALSE,0,162,NA,NA,NA,NA,Early regeneration,3,3,FALSE,FALSE,FALSE,0,105,0,210,179,0.005,0.005105521210829247
IS-MT5-P92,IS,5,XP210-PR,2,B,5,5,2.5,FALSE,0,344,NA,NA,NA,NA,Early regeneration,3,3,FALSE,FALSE,FALSE,0,105,0,210,0,0.025,0.025101257727563418
BS-MT5-P29,BS,5,XP210-PR,2,B,NA,NA,NA,FALSE,0,162,NA,NA,NA,NA,Early regeneration,3,3,FALSE,FALSE,FALSE,0,105,0,210,NA,NA,NA
CH-MT3-P23,CH,3,XP210-PR,2,B,25,15,0.5,FALSE,0,162,NA,NA,NA,NA,Early regeneration,3,3,FALSE,FALSE,FALSE,0,105,0,210,10,0.005,0.005105521210829247
VB-MT2-P11,VB,2,XP210-PR,2,B,7,2,7.5,FALSE,0,8,NA,NA,NA,NA,Early regeneration,3,3,FALSE,FALSE,FALSE,0,105,0,210,5,0.075,0.07509059901939885
PG-MT2-P75,PG,2,XP210-PR,2,B,3,1,0.5,FALSE,0,8,NA,NA,NA,NA,Early regeneration,3,3,FALSE,FALSE,FALSE,0,105,0,210,2,0.005,0.005105521210829247
OP-MT2-P40,OP,2,XP210-PR,2,B,NA,NA,NA,FALSE,1,45,NA,NA,NA,NA,Early regeneration,3,3,FALSE,FALSE,FALSE,0,105,0,210,NA,NA,NA
OP-MT9-P50,OP,9,XP210-PR,2,B,26,8,0.5,FALSE,0,90,NA,NA,NA,NA,Early regeneration,3,3,FALSE,FALSE,FALSE,0,105,0,210,18,0.005,0.005105521210829247
CP-MT2-P64,CP,2,XP210-PR,2,B,NA,NA,NA,FALSE,1,137,NA,NA,NA,NA,Early regeneration,3,3,FALSE,FALSE,FALSE,0,105,0,210,NA,NA,NA
CP-MT5-P75,CP,5,XP210-PR,2,B,5,3,0.5,FALSE,0,8,NA,NA,NA,NA,Early regeneration,3,3,FALSE,FALSE,FALSE,0,105,0,210,2,0.005,0.005105521210829247
EA-MT1-P73,EA,1,XP210-PR,2,B,13,11,5,FALSE,0,90,NA,NA,NA,NA,Early regeneration,3,3,FALSE,FALSE,FALSE,0,105,0,210,2,0.05,0.05009592837348113
DC-MT1-P23,DC,1,XP210-PR,2,B,NA,NA,NA,FALSE,0,162,NA,NA,NA,NA,Early regeneration,3,3,FALSE,FALSE,FALSE,0,105,0,210,NA,NA,NA
AE-MT3-P46,AE,3,XP210-PR,2,B,NA,NA,NA,FALSE,0,8,NA,NA,NA,NA,Early regeneration,3,3,FALSE,FALSE,FALSE,0,105,0,210,NA,NA,NA
BP-MT1-P32,BP,1,XP210-PR,2,B,5,4,2.5,FALSE,0,8,NA,NA,NA,NA,Early regeneration,3,3,FALSE,FALSE,FALSE,0,105,0,210,1,0.025,0.025101257727563418
OP-MT6-P10,OP,6,XP210-PR,2,C,117,65,2.5,FALSE,0,299,NA,NA,NA,NA,Early regeneration,3,3,FALSE,FALSE,FALSE,0,105,0,210,52,0.025,0.025101257727563418
PG-MT1-P21,PG,1,XP210-PR,2,C,NA,NA,NA,FALSE,0,8,NA,NA,NA,NA,Early regeneration,3,3,FALSE,FALSE,FALSE,0,105,0,210,NA,NA,NA
AE-MT2-P44,AE,2,XP210-PR,2,C,5,1,1,FALSE,0,8,NA,NA,NA,NA,Early regeneration,3,3,FALSE,FALSE,FALSE,0,105,0,210,4,0.01,0.01010445534001279
BU-MT2-P20,BU,2,XP210-PR,2,C,NA,NA,NA,FALSE,1,162,NA,NA,NA,NA,Early regeneration,3,3,FALSE,FALSE,FALSE,0,105,0,210,NA,NA,NA
CH-MT3-P83,CH,3,XP210-PR,2,C,17,15,0.5,FALSE,0,162,NA,NA,NA,NA,Early regeneration,3,3,FALSE,FALSE,FALSE,0,105,0,210,2,0.005,0.005105521210829247
IS-MT1-P26,IS,1,XP210-PR,2,C,9,3,0.5,FALSE,0,299,5.6899999999999995,14.20230467526822,1.173,0.508,Early regeneration,3,3,FALSE,FALSE,FALSE,0,105,0,210,6,0.005,0.005105521210829247
EA-MT1-P59,EA,1,XP210-PR,2,C,16,7,1,FALSE,0,90,4.807500000000001,18.95539830941358,1.166,0.509,Early regeneration,3,3,FALSE,FALSE,FALSE,0,105,0,210,9,0.01,0.01010445534001279
CP-MT3-P38,CP,3,XP210-PR,2,C,4,3,2.5,FALSE,0,299,NA,NA,NA,NA,Early regeneration,3,3,FALSE,FALSE,FALSE,0,105,0,210,1,0.025,0.025101257727563418
BP-MT1-P67,BP,1,XP210-PR,2,C,NA,NA,NA,FALSE,0,8,NA,NA,NA,NA,Early regeneration,3,3,FALSE,FALSE,FALSE,0,105,0,210,NA,NA,NA
VB-MT2-P57,VB,2,XP210-PR,2,C,25,2,5,FALSE,0,8,1.495,27.804816037799206,1.211,0.291,Early regeneration,3,3,FALSE,FALSE,FALSE,0,105,0,210,23,0.05,0.05009592837348113
BG-MT2-P79,BG,2,XP210-PR,2,C,114,6,0.5,FALSE,0,162,2.1825,19.110485865308444,1.03,0.33,Early regeneration,3,3,FALSE,FALSE,FALSE,0,105,0,210,108,0.005,0.005105521210829247
BS-MT1-P73,BS,1,XP210-PR,2,C,NA,NA,NA,FALSE,0,90,NA,NA,NA,NA,Early regeneration,3,3,FALSE,FALSE,FALSE,0,105,0,210,NA,NA,NA
PA-MT6-P24,PA,6,XP210-PR,3,A,313,55,0.5,FALSE,0,299,NA,NA,NA,NA,Early regeneration,3,3,FALSE,FALSE,FALSE,0,105,0,210,258,0.005,0.005105521210829247
BS-MT6-P22,BS,6,XP210-PR,3,A,3,3,5,FALSE,0,162,NA,NA,NA,NA,Early regeneration,3,3,FALSE,FALSE,FALSE,0,105,0,210,0,0.05,0.05009592837348113
IS-MT1-P65,IS,1,XP210-PR,3,A,3,2,0.5,FALSE,0,299,NA,NA,NA,NA,Early regeneration,3,3,FALSE,FALSE,FALSE,0,105,0,210,1,0.005,0.005105521210829247
CP-MT3-P36,CP,3,XP210-PR,3,A,3,2,0.5,FALSE,0,299,NA,NA,NA,NA,Early regeneration,3,3,FALSE,FALSE,FALSE,0,105,0,210,1,0.005,0.005105521210829247
DC-MT1-P41,DC,1,XP210-PR,3,A,NA,NA,NA,FALSE,1,72,NA,NA,NA,NA,Early regeneration,3,3,FALSE,FALSE,FALSE,0,105,0,210,NA,NA,NA
VB-MT5-P24,VB,5,XP210-PR,3,A,23,3,1,FALSE,0,8,NA,NA,NA,NA,Early regeneration,3,3,FALSE,FALSE,FALSE,0,105,0,210,20,0.01,0.01010445534001279
CH-MT5-P2,CH,5,XP210-PR,3,A,20,15,0.5,FALSE,0,162,NA,NA,NA,NA,Early regeneration,3,3,FALSE,FALSE,FALSE,0,105,0,210,5,0.005,0.005105521210829247
BP-MT1-P55,BP,1,XP210-PR,3,A,NA,NA,NA,FALSE,0,8,NA,NA,NA,NA,Early regeneration,3,3,FALSE,FALSE,FALSE,0,105,0,210,NA,NA,NA
AE-MT5-P72,AE,5,XP210-PR,3,A,5,3,0.5,FALSE,0,8,NA,NA,NA,NA,Early regeneration,3,3,FALSE,FALSE,FALSE,0,105,0,210,2,0.005,0.005105521210829247
OP-MT9-P8,OP,9,XP210-PR,3,A,75,75,2.5,FALSE,0,344,NA,NA,NA,NA,Early regeneration,3,3,FALSE,FALSE,FALSE,0,105,0,210,0,0.025,0.025101257727563418
MC-MT3-P42,MC,3,XP210-PR,3,A,NA,NA,NA,FALSE,1,162,NA,NA,NA,NA,Early regeneration,3,3,FALSE,FALSE,FALSE,0,105,0,210,NA,NA,NA
MC-MT2-P48,MC,2,XP210-PR,3,A,7,4,20,FALSE,0,8,NA,NA,NA,NA,Early regeneration,3,3,FALSE,FALSE,FALSE,0,105,0,210,3,0.2,0.20006395224898743
BG-MT5-P89,BG,5,XP210-PR,3,A,22,22,0.5,FALSE,0,162,NA,NA,NA,NA,Early regeneration,3,3,FALSE,FALSE,FALSE,0,105,0,210,0,0.005,0.005105521210829247
EA-MT2-P46,EA,2,XP210-PR,3,A,10,5,1,FALSE,0,8,NA,NA,NA,NA,Early regeneration,3,3,FALSE,FALSE,FALSE,0,105,0,210,5,0.01,0.01010445534001279
BU-MT5-P12,BU,5,XP210-PR,3,A,NA,NA,NA,FALSE,0,162,NA,NA,NA,NA,Early regeneration,3,3,FALSE,FALSE,FALSE,0,105,0,210,NA,NA,NA
PG-MT4-P51,PG,4,XP210-PR,3,A,4,1,0.5,FALSE,0,8,NA,NA,NA,NA,Early regeneration,3,3,FALSE,FALSE,FALSE,0,105,0,210,3,0.005,0.005105521210829247
CP-MT3-P72,CP,3,XP210-PR,3,B,NA,NA,NA,FALSE,0,8,NA,NA,NA,NA,Early regeneration,3,3,FALSE,FALSE,FALSE,0,105,0,210,NA,NA,NA
EA-MT1-P54,EA,1,XP210-PR,3,B,19,4,0.5,FALSE,0,90,NA,NA,NA,NA,Early regeneration,3,3,FALSE,FALSE,FALSE,0,105,0,210,15,0.005,0.005105521210829247
PA-MT6-P86,PA,6,XP210-PR,3,B,4,3,15,FALSE,0,8,NA,NA,NA,NA,Early regeneration,3,3,FALSE,FALSE,FALSE,0,105,0,210,1,0.15,0.150074610957152
BU-MT1-P9,BU,1,XP210-PR,3,B,NA,NA,NA,FALSE,1,209,NA,NA,NA,NA,Early regeneration,3,3,FALSE,FALSE,FALSE,0,105,0,210,NA,NA,NA
BU-MT2-P23,BU,2,XP210-PR,3,B,2,0,0,FALSE,0,8,NA,NA,NA,NA,Early regeneration,3,3,FALSE,FALSE,FALSE,0,105,0,210,2,0,1.0658708164570453e-4
AE-MT3-P25,AE,3,XP210-PR,3,B,5,3,2.5,FALSE,0,8,NA,NA,NA,NA,Early regeneration,3,3,FALSE,FALSE,FALSE,0,105,0,210,2,0.025,0.025101257727563418
MC-MT3-P62,MC,3,XP210-PR,3,B,NA,NA,NA,FALSE,1,72,NA,NA,NA,NA,Early regeneration,3,3,FALSE,FALSE,FALSE,0,105,0,210,NA,NA,NA
MC-MT2-P3,MC,2,XP210-PR,3,B,6,2,10,FALSE,0,8,NA,NA,NA,NA,Early regeneration,3,3,FALSE,FALSE,FALSE,0,105,0,210,4,0.1,0.10008526966531657
CH-MT4-P74,CH,4,XP210-PR,3,B,14,10,1,FALSE,0,162,NA,NA,NA,NA,Early regeneration,3,3,FALSE,FALSE,FALSE,0,105,0,210,4,0.01,0.01010445534001279
OP-MT7-P53,OP,7,XP210-PR,3,B,57,32,2.5,FALSE,0,299,NA,NA,NA,NA,Early regeneration,3,3,FALSE,FALSE,FALSE,0,105,0,210,25,0.025,0.025101257727563418
DC-MT5-P39,DC,5,XP210-PR,3,B,NA,NA,NA,FALSE,1,162,NA,NA,NA,NA,Early regeneration,3,3,FALSE,FALSE,FALSE,0,105,0,210,NA,NA,NA
BP-MT4-P93,BP,4,XP210-PR,3,B,NA,NA,NA,FALSE,0,8,NA,NA,NA,NA,Early regeneration,3,3,FALSE,FALSE,FALSE,0,105,0,210,NA,NA,NA
IS-MT4-P50,IS,4,XP210-PR,3,B,6,2,0.5,FALSE,0,299,NA,NA,NA,NA,Early regeneration,3,3,FALSE,FALSE,FALSE,0,105,0,210,4,0.005,0.005105521210829247
BS-MT1-P12,BS,1,XP210-PR,3,B,3,2,0.5,FALSE,0,162,NA,NA,NA,NA,Early regeneration,3,3,FALSE,FALSE,FALSE,0,105,0,210,1,0.005,0.005105521210829247
PG-MT4-P33,PG,4,XP210-PR,3,B,5,1,1,FALSE,0,8,NA,NA,NA,NA,Early regeneration,3,3,FALSE,FALSE,FALSE,0,105,0,210,4,0.01,0.01010445534001279
BG-MT3-P84,BG,3,XP210-PR,3,B,104,6,0.5,FALSE,0,162,NA,NA,NA,NA,Early regeneration,3,3,FALSE,FALSE,FALSE,0,105,0,210,98,0.005,0.005105521210829247
VB-MT4-P68,VB,4,XP210-PR,3,B,12,2,1,FALSE,0,8,NA,NA,NA,NA,Early regeneration,3,3,FALSE,FALSE,FALSE,0,105,0,210,10,0.01,0.01010445534001279
PA-MT7-P47,PA,7,XP210-PR,3,C,47,3,0.5,FALSE,0,162,1.2175,13.467698792461462,1.777,0.329,Early regeneration,3,3,FALSE,FALSE,FALSE,0,105,0,210,44,0.005,0.005105521210829247
MC-MT2-P33,MC,2,XP210-PR,3,C,NA,NA,NA,FALSE,1,72,NA,NA,NA,NA,Early regeneration,3,3,FALSE,FALSE,FALSE,0,105,0,210,NA,NA,NA
MC-MT1-P78,MC,1,XP210-PR,3,C,7,6,10,FALSE,0,8,NA,NA,NA,NA,Early regeneration,3,3,FALSE,FALSE,FALSE,0,105,0,210,1,0.1,0.10008526966531657
CH-MT2-P28,CH,2,XP210-PR,3,C,13,9,0.5,FALSE,0,162,1.7950000000000002,61.83911013068113,2.796,0.869,Early regeneration,3,3,FALSE,FALSE,FALSE,0,105,0,210,4,0.005,0.005105521210829247
BG-MT1-P100,BG,1,XP210-PR,3,C,74,2,0.5,FALSE,0,162,2.385,30.675512415916476,1.235,0.368,Early regeneration,3,3,FALSE,FALSE,FALSE,0,105,0,210,72,0.005,0.005105521210829247
DC-MT3-P12,DC,3,XP210-PR,3,C,NA,NA,NA,FALSE,0,162,NA,NA,NA,NA,Early regeneration,3,3,FALSE,FALSE,FALSE,0,105,0,210,NA,NA,NA
AE-MT4-P2,AE,4,XP210-PR,3,C,9,1,0.5,FALSE,0,8,NA,NA,NA,NA,Early regeneration,3,3,FALSE,FALSE,FALSE,0,105,0,210,8,0.005,0.005105521210829247
EA-MT1-P16,EA,1,XP210-PR,3,C,19,9,1,FALSE,0,90,4.952500000000001,12.1551580092824,1.05,0.381,Early regeneration,3,3,FALSE,FALSE,FALSE,0,105,0,210,10,0.01,0.01010445534001279
IS-MT5-P52,IS,5,XP210-PR,3,C,7,4,2.5,FALSE,0,90,4.709999999999999,30.796925534737696,1.569,0.598,Early regeneration,3,3,FALSE,FALSE,FALSE,0,105,0,210,3,0.025,0.025101257727563418
BP-MT4-P46,BP,4,XP210-PR,3,C,NA,NA,NA,FALSE,0,8,NA,NA,NA,NA,Early regeneration,3,3,FALSE,FALSE,FALSE,0,105,0,210,NA,NA,NA
BS-MT7-P42,BS,7,XP210-PR,3,C,2,1,20,FALSE,0,90,NA,NA,NA,NA,Early regeneration,3,3,FALSE,FALSE,FALSE,0,105,0,210,1,0.2,0.20006395224898743
PG-MT5-P21,PG,5,XP210-PR,3,C,2,0,0,FALSE,0,8,NA,NA,NA,NA,Early regeneration,3,3,FALSE,FALSE,FALSE,0,105,0,210,2,0,1.0658708164570453e-4
CP-MT1-P43,CP,1,XP210-PR,3,C,NA,NA,NA,FALSE,1,72,NA,NA,NA,NA,Early regeneration,3,3,FALSE,FALSE,FALSE,0,105,0,210,NA,NA,NA
CP-MT1-P69,CP,1,XP210-PR,3,C,NA,NA,NA,FALSE,0,8,NA,NA,NA,NA,Early regeneration,3,3,FALSE,FALSE,FALSE,0,105,0,210,NA,NA,NA
VB-MT2-P77,VB,2,XP210-PR,3,C,NA,NA,NA,FALSE,0,8,NA,NA,NA,NA,Early regeneration,3,3,FALSE,FALSE,FALSE,0,105,0,210,NA,NA,NA
BU-MT3-P11,BU,3,XP210-PR,3,C,1,0,0,FALSE,0,162,2.545,17.94333442619064,0.19,0.059,Early regeneration,3,3,FALSE,FALSE,FALSE,0,105,0,210,1,0,1.0658708164570453e-4
PA-MT3-P37,PA,3,XP210-PR,4,A,321,37,0.5,FALSE,0,344,NA,NA,NA,NA,Early regeneration,3,3,FALSE,FALSE,FALSE,0,105,0,210,284,0.005,0.005105521210829247
CH-MT3-P53,CH,3,XP210-PR,4,A,20,17,0.5,FALSE,0,162,NA,NA,NA,NA,Early regeneration,3,3,FALSE,FALSE,FALSE,0,105,0,210,3,0.005,0.005105521210829247
EA-MT3-P8,EA,3,XP210-PR,4,A,NA,NA,NA,FALSE,1,137,NA,NA,NA,NA,Early regeneration,3,3,FALSE,FALSE,FALSE,0,105,0,210,NA,NA,NA
EA-MT1-P99,EA,1,XP210-PR,4,A,12,12,2.5,FALSE,0,90,NA,NA,NA,NA,Early regeneration,3,3,FALSE,FALSE,FALSE,0,105,0,210,0,0.025,0.025101257727563418
BP-MT2-P21,BP,2,XP210-PR,4,A,2,2,5,FALSE,0,8,NA,NA,NA,NA,Early regeneration,3,3,FALSE,FALSE,FALSE,0,105,0,210,0,0.05,0.05009592837348113
DC-MT3-P44,DC,3,XP210-PR,4,A,NA,NA,NA,FALSE,0,8,NA,NA,NA,NA,Early regeneration,3,3,FALSE,FALSE,FALSE,0,105,0,210,NA,NA,NA
PG-MT3-P48,PG,3,XP210-PR,4,A,3,2,0.5,FALSE,0,8,NA,NA,NA,NA,Early regeneration,3,3,FALSE,FALSE,FALSE,0,105,0,210,1,0.005,0.005105521210829247
IS-MT3-P81,IS,3,XP210-PR,4,A,7,4,0.5,FALSE,0,344,NA,NA,NA,NA,Early regeneration,3,3,FALSE,FALSE,FALSE,0,105,0,210,3,0.005,0.005105521210829247
BG-MT1-P18,BG,1,XP210-PR,4,A,91,17,0.5,FALSE,0,162,NA,NA,NA,NA,Early regeneration,3,3,FALSE,FALSE,FALSE,0,105,0,210,74,0.005,0.005105521210829247
BU-MT4-P69,BU,4,XP210-PR,4,A,NA,NA,NA,FALSE,1,154,NA,NA,NA,NA,Early regeneration,3,3,FALSE,FALSE,FALSE,0,105,0,210,NA,NA,NA
BU-MT4-P54,BU,4,XP210-PR,4,A,NA,NA,NA,FALSE,0,8,NA,NA,NA,NA,Early regeneration,3,3,FALSE,FALSE,FALSE,0,105,0,210,NA,NA,NA
CP-MT5-P27,CP,5,XP210-PR,4,A,3,2,0.5,FALSE,0,162,NA,NA,NA,NA,Early regeneration,3,3,FALSE,FALSE,FALSE,0,105,0,210,1,0.005,0.005105521210829247
OP-MT2-P8,OP,2,XP210-PR,4,A,156,156,5,FALSE,0,344,NA,NA,NA,NA,Early regeneration,3,3,FALSE,FALSE,FALSE,0,105,0,210,0,0.05,0.05009592837348113
AE-MT3-P14,AE,3,XP210-PR,4,A,8,3,0.5,FALSE,0,8,NA,NA,NA,NA,Early regeneration,3,3,FALSE,FALSE,FALSE,0,105,0,210,5,0.005,0.005105521210829247
MC-MT1-P61,MC,1,XP210-PR,4,A,NA,NA,NA,FALSE,1,72,NA,NA,NA,NA,Early regeneration,3,3,FALSE,FALSE,FALSE,0,105,0,210,NA,NA,NA
MC-MT1-P2,MC,1,XP210-PR,4,A,NA,NA,NA,FALSE,0,8,NA,NA,NA,NA,Early regeneration,3,3,FALSE,FALSE,FALSE,0,105,0,210,NA,NA,NA
BS-MT1-P51,BS,1,XP210-PR,4,A,NA,NA,NA,FALSE,0,90,NA,NA,NA,NA,Early regeneration,3,3,FALSE,FALSE,FALSE,0,105,0,210,NA,NA,NA
VB-MT5-P29,VB,5,XP210-PR,4,A,10,2,0.5,FALSE,0,8,NA,NA,NA,NA,Early regeneration,3,3,FALSE,FALSE,FALSE,0,105,0,210,8,0.005,0.005105521210829247
OP-MT6-P38,OP,6,XP210-PR,4,B,92,45,2.5,FALSE,0,299,NA,NA,NA,NA,Early regeneration,3,3,FALSE,FALSE,FALSE,0,105,0,210,47,0.025,0.025101257727563418
VB-MT5-P27,VB,5,XP210-PR,4,B,24,2,0.5,FALSE,0,8,NA,NA,NA,NA,Early regeneration,3,3,FALSE,FALSE,FALSE,0,105,0,210,22,0.005,0.005105521210829247
CH-MT1-P22,CH,1,XP210-PR,4,B,9,0,0,FALSE,0,299,NA,NA,NA,NA,Early regeneration,3,3,FALSE,FALSE,FALSE,0,105,0,210,9,0,1.0658708164570453e-4
PA-MT6-P70,PA,6,XP210-PR,4,B,NA,NA,NA,FALSE,1,90,NA,NA,NA,NA,Early regeneration,3,3,FALSE,FALSE,FALSE,0,105,0,210,NA,NA,NA
BG-MT3-P99,BG,3,XP210-PR,4,B,NA,NA,NA,FALSE,1,154,NA,NA,NA,NA,Early regeneration,3,3,FALSE,FALSE,FALSE,0,105,0,210,NA,NA,NA
IS-MT2-P53,IS,2,XP210-PR,4,B,6,3,0.5,FALSE,0,344,NA,NA,NA,NA,Early regeneration,3,3,FALSE,FALSE,FALSE,0,105,0,210,3,0.005,0.005105521210829247
BP-MT4-P65,BP,4,XP210-PR,4,B,NA,NA,NA,FALSE,0,8,NA,NA,NA,NA,Early regeneration,3,3,FALSE,FALSE,FALSE,0,105,0,210,NA,NA,NA
PG-MT1-P58,PG,1,XP210-PR,4,B,3,0,0,FALSE,0,8,NA,NA,NA,NA,Early regeneration,3,3,FALSE,FALSE,FALSE,0,105,0,210,3,0,1.0658708164570453e-4
CP-MT4-P52,CP,4,XP210-PR,4,B,NA,NA,NA,FALSE,1,299,NA,NA,NA,NA,Early regeneration,3,3,FALSE,FALSE,FALSE,0,105,0,210,NA,NA,NA
MC-MT2-P12,MC,2,XP210-PR,4,B,NA,NA,NA,FALSE,1,154,NA,NA,NA,NA,Early regeneration,3,3,FALSE,FALSE,FALSE,0,105,0,210,NA,NA,NA
EA-MT1-P95,EA,1,XP210-PR,4,B,5,5,2.5,FALSE,0,8,NA,NA,NA,NA,Early regeneration,3,3,FALSE,FALSE,FALSE,0,105,0,210,0,0.025,0.025101257727563418
AE-MT5-P35,AE,5,XP210-PR,4,B,13,3,1,FALSE,0,8,NA,NA,NA,NA,Early regeneration,3,3,FALSE,FALSE,FALSE,0,105,0,210,10,0.01,0.01010445534001279
DC-MT4-P59,DC,4,XP210-PR,4,B,NA,NA,NA,FALSE,1,154,NA,NA,NA,NA,Early regeneration,3,3,FALSE,FALSE,FALSE,0,105,0,210,NA,NA,NA
BU-MT3-P18,BU,3,XP210-PR,4,B,NA,NA,NA,FALSE,1,154,NA,NA,NA,NA,Early regeneration,3,3,FALSE,FALSE,FALSE,0,105,0,210,NA,NA,NA
BS-MT6-P15,BS,6,XP210-PR,4,B,4,2,1,FALSE,0,162,NA,NA,NA,NA,Early regeneration,3,3,FALSE,FALSE,FALSE,0,105,0,210,2,0.01,0.01010445534001279
BP-MT2-P4,BP,2,XP210-PR,4,C,13,3,5,FALSE,0,8,NA,NA,NA,NA,Early regeneration,3,3,FALSE,FALSE,FALSE,0,105,0,210,10,0.05,0.05009592837348113
EA-MT2-P2,EA,2,XP210-PR,4,C,32,15,2.5,FALSE,0,299,4.04,33.535723112646764,2.286,0.857,Early regeneration,3,3,FALSE,FALSE,FALSE,0,105,0,210,17,0.025,0.025101257727563418
BS-MT1-P67,BS,1,XP210-PR,4,C,NA,NA,NA,FALSE,1,82,NA,NA,NA,NA,Early regeneration,3,3,FALSE,FALSE,FALSE,0,105,0,210,NA,NA,NA
VB-MT4-P35,VB,4,XP210-PR,4,C,20,0,0,FALSE,0,8,2.3825000000000003,20.067396973008258,1.03,0.284,Early regeneration,3,3,FALSE,FALSE,FALSE,0,105,0,210,20,0,1.0658708164570453e-4
BU-MT3-P70,BU,3,XP210-PR,4,C,NA,NA,NA,FALSE,1,154,NA,NA,NA,NA,Early regeneration,3,3,FALSE,FALSE,FALSE,0,105,0,210,NA,NA,NA
AE-MT2-P31,AE,2,XP210-PR,4,C,10,1,0.5,FALSE,0,8,NA,NA,NA,NA,Early regeneration,3,3,FALSE,FALSE,FALSE,0,105,0,210,9,0.005,0.005105521210829247
BG-MT4-P57,BG,4,XP210-PR,4,C,215,8,0.5,FALSE,0,162,2.6275,37.75148423613485,1.62,0.506,Early regeneration,3,3,FALSE,FALSE,FALSE,0,105,0,210,207,0.005,0.005105521210829247
CP-MT2-P76,CP,2,XP210-PR,4,C,0,0,0,FALSE,1,8,NA,NA,NA,NA,Early regeneration,3,3,FALSE,FALSE,FALSE,0,105,0,210,0,0,1.0658708164570453e-4
PG-MT2-P10,PG,2,XP210-PR,4,C,0,0,0,FALSE,0,8,NA,NA,NA,NA,Early regeneration,3,3,FALSE,FALSE,FALSE,0,105,0,210,0,0,1.0658708164570453e-4
CH-MT5-P25,CH,5,XP210-PR,4,C,13,12,7.5,FALSE,0,162,1.5825,41.753518546374195,5.242,1.35,Early regeneration,3,3,FALSE,FALSE,FALSE,0,105,0,210,1,0.075,0.07509059901939885
DC-MT2-P33,DC,2,XP210-PR,4,C,6,1,15,FALSE,0,8,NA,NA,NA,NA,Early regeneration,3,3,FALSE,FALSE,FALSE,0,105,0,210,5,0.15,0.150074610957152
IS-MT5-P20,IS,5,XP210-PR,5,A,NA,NA,NA,FALSE,0,344,NA,NA,NA,NA,Early regeneration,3,3,FALSE,FALSE,FALSE,0,105,0,210,NA,NA,NA
CP-MT4-P29,CP,4,XP210-PR,5,A,NA,NA,NA,FALSE,1,299,NA,NA,NA,NA,Early regeneration,3,3,FALSE,FALSE,FALSE,0,105,0,210,NA,NA,NA
PA-MT6-P29,PA,6,XP210-PR,5,A,NA,NA,NA,FALSE,1,299,NA,NA,NA,NA,Early regeneration,3,3,FALSE,FALSE,FALSE,0,105,0,210,NA,NA,NA
BG-MT2-P22,BG,2,XP210-PR,5,A,NA,NA,NA,FALSE,0,162,NA,NA,NA,NA,Early regeneration,3,3,FALSE,FALSE,FALSE,0,105,0,210,NA,NA,NA
PG-MT2-P8,PG,2,XP210-PR,5,A,NA,NA,NA,FALSE,0,8,NA,NA,NA,NA,Early regeneration,3,3,FALSE,FALSE,FALSE,0,105,0,210,NA,NA,NA
AE-MT1-P52,AE,1,XP210-PR,5,A,NA,NA,NA,FALSE,0,8,NA,NA,NA,NA,Early regeneration,3,3,FALSE,FALSE,FALSE,0,105,0,210,NA,NA,NA
DC-MT5-P57,DC,5,XP210-PR,5,A,NA,NA,NA,FALSE,1,162,NA,NA,NA,NA,Early regeneration,3,3,FALSE,FALSE,FALSE,0,105,0,210,NA,NA,NA
OP-MT2-P44,OP,2,XP210-PR,5,B,NA,NA,NA,FALSE,0,344,NA,NA,NA,NA,Early regeneration,3,3,FALSE,FALSE,FALSE,0,105,0,210,NA,NA,NA
CP-MT2-P22,CP,2,XP210-PR,5,B,NA,NA,NA,FALSE,0,299,NA,NA,NA,NA,Early regeneration,3,3,FALSE,FALSE,FALSE,0,105,0,210,NA,NA,NA
DC-MT3-P4,DC,3,XP210-PR,5,B,NA,NA,NA,FALSE,0,162,NA,NA,NA,NA,Early regeneration,3,3,FALSE,FALSE,FALSE,0,105,0,210,NA,NA,NA
BU-MT1-P44,BU,1,XP210-PR,5,B,NA,NA,NA,FALSE,1,299,NA,NA,NA,NA,Early regeneration,3,3,FALSE,FALSE,FALSE,0,105,0,210,NA,NA,NA
AE-MT1-P40,AE,1,XP210-PR,5,B,NA,NA,NA,FALSE,0,8,NA,NA,NA,NA,Early regeneration,3,3,FALSE,FALSE,FALSE,0,105,0,210,NA,NA,NA
IS-MT3-P90,IS,3,XP210-PR,5,B,NA,NA,NA,FALSE,0,8,NA,NA,NA,NA,Early regeneration,3,3,FALSE,FALSE,FALSE,0,105,0,210,NA,NA,NA
BG-MT4-P50,BG,4,XP210-PR,5,B,NA,NA,NA,FALSE,0,162,NA,NA,NA,NA,Early regeneration,3,3,FALSE,FALSE,FALSE,0,105,0,210,NA,NA,NA
PG-MT3-P72,PG,3,XP210-PR,5,B,NA,NA,NA,FALSE,0,8,NA,NA,NA,NA,Early regeneration,3,3,FALSE,FALSE,FALSE,0,105,0,210,NA,NA,NA
CH-MT4-P28,CH,4,XP210-PR,5,B,NA,NA,NA,FALSE,1,162,NA,NA,NA,NA,Early regeneration,3,3,FALSE,FALSE,FALSE,0,105,0,210,NA,NA,NA
CP-MT2-P41,CP,2,XP210-PR,5,C,NA,NA,NA,FALSE,0,299,NA,NA,NA,NA,Early regeneration,3,3,FALSE,FALSE,FALSE,0,105,0,210,NA,NA,NA
IS-MT1-P46,IS,1,XP210-PR,5,C,NA,NA,NA,FALSE,1,299,NA,NA,NA,NA,Early regeneration,3,3,FALSE,FALSE,FALSE,0,105,0,210,NA,NA,NA
PG-MT4-P68,PG,4,XP210-PR,5,C,NA,NA,NA,FALSE,0,8,NA,NA,NA,NA,Early regeneration,3,3,FALSE,FALSE,FALSE,0,105,0,210,NA,NA,NA
BG-MT5-P3,BG,5,XP210-PR,5,C,NA,NA,NA,FALSE,0,162,NA,NA,NA,NA,Early regeneration,3,3,FALSE,FALSE,FALSE,0,105,0,210,NA,NA,NA
CH-MT2-P67,CH,2,XP210-PR,5,C,NA,NA,NA,FALSE,0,162,NA,NA,NA,NA,Early regeneration,3,3,FALSE,FALSE,FALSE,0,105,0,210,NA,NA,NA
DC-MT1-P21,DC,1,XP210-PR,5,C,NA,NA,NA,FALSE,1,162,NA,NA,NA,NA,Early regeneration,3,3,FALSE,FALSE,FALSE,0,105,0,210,NA,NA,NA
AE-MT5-P97,AE,5,XP210-PR,5,C,NA,NA,NA,FALSE,0,8,NA,NA,NA,NA,Early regeneration,3,3,FALSE,FALSE,FALSE,0,105,0,210,NA,NA,NA
OP-MT2-P21,OP,2,XP211-PR,1,A,46,27,1,FALSE,0,347,NA,NA,NA,NA,Early regeneration,4,4,FALSE,FALSE,FALSE,0.54,107,0,161,19,0.01,0.01010445534001279
CH-MT1-P51,CH,1,XP211-PR,1,A,NA,NA,NA,FALSE,1,201,NA,NA,NA,NA,Early regeneration,4,4,FALSE,FALSE,FALSE,0.54,107,0,161,NA,NA,NA
CH-MT3-P71,CH,3,XP211-PR,1,A,3,2,5,FALSE,0,32,NA,NA,NA,NA,Early regeneration,4,4,FALSE,FALSE,FALSE,0.54,107,0,161,1,0.05,0.05009592837348113
PG-MT1-P39,PG,1,XP211-PR,1,A,4,3,2.5,FALSE,NA,NA,NA,NA,NA,NA,Early regeneration,4,4,FALSE,FALSE,FALSE,0.54,107,0,161,1,0.025,0.025101257727563418
BU-MT4-P46,BU,4,XP211-PR,1,A,0,0,0,FALSE,0,152,NA,NA,NA,NA,Early regeneration,4,4,FALSE,FALSE,FALSE,0.54,107,0,161,0,0,1.0658708164570453e-4
AE-MT1-P59,AE,1,XP211-PR,1,A,6,2,1,FALSE,0,32,NA,NA,NA,NA,Early regeneration,4,4,FALSE,FALSE,FALSE,0.54,107,0,161,4,0.01,0.01010445534001279
IS-MT3-P75,IS,3,XP211-PR,1,A,16,11,2.5,FALSE,0,347,NA,NA,NA,NA,Early regeneration,4,4,FALSE,FALSE,FALSE,0.54,107,0,161,5,0.025,0.025101257727563418
VB-MT4-P41,VB,4,XP211-PR,1,A,9,6,10,FALSE,0,32,NA,NA,NA,NA,Early regeneration,4,4,FALSE,FALSE,FALSE,0.54,107,0,161,3,0.1,0.10008526966531657
BP-MT1-P53,BP,1,XP211-PR,1,A,2,1,0.5,FALSE,0,32,NA,NA,NA,NA,Early regeneration,4,4,FALSE,FALSE,FALSE,0.54,107,0,161,1,0.005,0.005105521210829247
DC-MT3-P27,DC,3,XP211-PR,1,A,3,2,2.5,FALSE,0,152,NA,NA,NA,NA,Early regeneration,4,4,FALSE,FALSE,FALSE,0.54,107,0,161,1,0.025,0.025101257727563418
BS-MT7-P62,BS,7,XP211-PR,1,A,1,1,5,FALSE,0,98,NA,NA,NA,NA,Early regeneration,4,4,FALSE,FALSE,FALSE,0.54,107,0,161,0,0.05,0.05009592837348113
CP-MT1-P30,CP,1,XP211-PR,1,A,6,4,10,FALSE,0,152,NA,NA,NA,NA,Early regeneration,4,4,FALSE,FALSE,FALSE,0.54,107,0,161,2,0.1,0.10008526966531657
EA-MT3-P53,EA,3,XP211-PR,1,A,6,5,1,FALSE,0,32,NA,NA,NA,NA,Early regeneration,4,4,FALSE,FALSE,FALSE,0.54,107,0,161,1,0.01,0.01010445534001279
BG-MT3-P64,BG,3,XP211-PR,1,A,244,43,1,FALSE,0,152,NA,NA,NA,NA,Early regeneration,4,4,FALSE,FALSE,FALSE,0.54,107,0,161,201,0.01,0.01010445534001279
BG-MT1-P40,BG,1,XP211-PR,1,B,149,10,0.5,FALSE,0,152,NA,NA,NA,NA,Early regeneration,4,4,FALSE,FALSE,FALSE,0.54,107,0,161,139,0.005,0.005105521210829247
VB-MT1-P24,VB,1,XP211-PR,1,B,297,78,0.5,FALSE,0,152,NA,NA,NA,NA,Early regeneration,4,4,FALSE,FALSE,FALSE,0.54,107,0,161,219,0.005,0.005105521210829247
PA-MT7-P43,PA,7,XP211-PR,1,B,63,15,0.5,FALSE,0,152,NA,NA,NA,NA,Early regeneration,4,4,FALSE,FALSE,FALSE,0.54,107,0,161,48,0.005,0.005105521210829247
BS-MT7-P8,BS,7,XP211-PR,1,B,2,2,0.5,FALSE,0,152,NA,NA,NA,NA,Early regeneration,4,4,FALSE,FALSE,FALSE,0.54,107,0,161,0,0.005,0.005105521210829247
PG-MT3-P53,PG,3,XP211-PR,1,B,4,2,0.5,FALSE,0,32,NA,NA,NA,NA,Early regeneration,4,4,FALSE,FALSE,FALSE,0.54,107,0,161,2,0.005,0.005105521210829247
BP-MT2-P23,BP,2,XP211-PR,1,B,NA,NA,NA,FALSE,0,32,NA,NA,NA,NA,Early regeneration,4,4,FALSE,FALSE,FALSE,0.54,107,0,161,NA,NA,NA
CP-MT3-P62,CP,3,XP211-PR,1,B,11,11,5,FALSE,0,299,NA,NA,NA,NA,Early regeneration,4,4,FALSE,FALSE,FALSE,0.54,107,0,161,0,0.05,0.05009592837348113
CH-MT3-P65,CH,3,XP211-PR,1,B,19,18,7.5,FALSE,0,152,NA,NA,NA,NA,Early regeneration,4,4,FALSE,FALSE,FALSE,0.54,107,0,161,1,0.075,0.07509059901939885
DC-MT5-P8,DC,5,XP211-PR,1,B,1,1,1,FALSE,0,152,NA,NA,NA,NA,Early regeneration,4,4,FALSE,FALSE,FALSE,0.54,107,0,161,0,0.01,0.01010445534001279
IS-MT3-P45,IS,3,XP211-PR,1,B,4,3,2.5,FALSE,0,98,NA,NA,NA,NA,Early regeneration,4,4,FALSE,FALSE,FALSE,0.54,107,0,161,1,0.025,0.025101257727563418
EA-MT2-P65,EA,2,XP211-PR,1,B,19,17,10,FALSE,0,6,NA,NA,NA,NA,Early regeneration,4,4,FALSE,FALSE,FALSE,0.54,107,0,161,2,0.1,0.10008526966531657
AE-MT4-P45,AE,4,XP211-PR,1,B,7,2,0.5,FALSE,0,32,NA,NA,NA,NA,Early regeneration,4,4,FALSE,FALSE,FALSE,0.54,107,0,161,5,0.005,0.005105521210829247
BU-MT3-P35,BU,3,XP211-PR,1,B,3,1,0.5,FALSE,0,152,NA,NA,NA,NA,Early regeneration,4,4,FALSE,FALSE,FALSE,0.54,107,0,161,2,0.005,0.005105521210829247
BU-MT1-P70,BU,1,XP211-PR,1,C,8,3,0.5,FALSE,0,299,2.8825000000000003,4.14762139947222,1.07,0.44,Early regeneration,4,4,FALSE,FALSE,FALSE,0.54,107,0,161,5,0.005,0.005105521210829247
BS-MT1-P41,BS,1,XP211-PR,1,C,2,2,2.5,FALSE,0,98,NA,NA,NA,NA,Early regeneration,4,4,FALSE,FALSE,FALSE,0.54,107,0,161,0,0.025,0.025101257727563418
EA-MT2-P1,EA,2,XP211-PR,1,C,30,12,2.5,FALSE,0,299,4.79,5.982147110001026,4.11,1.813,Early regeneration,4,4,FALSE,FALSE,FALSE,0.54,107,0,161,18,0.025,0.025101257727563418
DC-MT4-P52,DC,4,XP211-PR,1,C,0,0,0,FALSE,0,152,NA,NA,NA,NA,Early regeneration,4,4,FALSE,FALSE,FALSE,0.54,107,0,161,0,0,1.0658708164570453e-4
BG-MT5-P1,BG,5,XP211-PR,1,C,142,30,0.5,FALSE,0,152,2.4375,22.369154491820712,2.07,0.698,Early regeneration,4,4,FALSE,FALSE,FALSE,0.54,107,0,161,112,0.005,0.005105521210829247
CP-MT4-P33,CP,4,XP211-PR,1,C,8,8,0.5,FALSE,0,299,NA,NA,NA,NA,Early regeneration,4,4,FALSE,FALSE,FALSE,0.54,107,0,161,0,0.005,0.005105521210829247
IS-MT1-P4,IS,1,XP211-PR,1,C,21,12,0.5,FALSE,0,299,4.55,21.09171208595056,2.64,1.204,Early regeneration,4,4,FALSE,FALSE,FALSE,0.54,107,0,161,9,0.005,0.005105521210829247
PA-MT6-P1,PA,6,XP211-PR,1,C,164,93,1,FALSE,0,299,1.3074999999999999,10.71458142503296,1.494,0.378,Early regeneration,4,4,FALSE,FALSE,FALSE,0.54,107,0,161,71,0.01,0.01010445534001279
BP-MT4-P17,BP,4,XP211-PR,1,C,NA,NA,NA,FALSE,0,32,NA,NA,NA,NA,Early regeneration,4,4,FALSE,FALSE,FALSE,0.54,107,0,161,NA,NA,NA
CH-MT1-P21,CH,1,XP211-PR,1,C,NA,NA,NA,FALSE,1,299,NA,NA,NA,NA,Early regeneration,4,4,FALSE,FALSE,FALSE,0.54,107,0,161,NA,NA,NA
MC-MT2-P24,MC,2,XP211-PR,1,C,16,13,2.5,FALSE,0,152,2.6775,20.218496745231015,3.939,1.168,Early regeneration,4,4,FALSE,FALSE,FALSE,0.54,107,0,161,3,0.025,0.025101257727563418
VB-MT3-P61,VB,3,XP211-PR,1,C,30,0,0,FALSE,0,32,NA,NA,NA,NA,Early regeneration,4,4,FALSE,FALSE,FALSE,0.54,107,0,161,30,0,1.0658708164570453e-4
PG-MT5-P69,PG,5,XP211-PR,1,C,2,1,0.5,FALSE,0,32,NA,NA,NA,NA,Early regeneration,4,4,FALSE,FALSE,FALSE,0.54,107,0,161,1,0.005,0.005105521210829247
AE-MT2-P43,AE,2,XP211-PR,1,C,5,0,0,FALSE,0,32,NA,NA,NA,NA,Early regeneration,4,4,FALSE,FALSE,FALSE,0.54,107,0,161,5,0,1.0658708164570453e-4
PG-MT3-P34,PG,3,XP211-PR,2,A,1,1,5,FALSE,0,32,NA,NA,NA,NA,Early regeneration,4,4,FALSE,FALSE,FALSE,0.54,107,0,161,0,0.05,0.05009592837348113
BU-MT2-P55,BU,2,XP211-PR,2,A,3,1,0.5,FALSE,0,152,NA,NA,NA,NA,Early regeneration,4,4,FALSE,FALSE,FALSE,0.54,107,0,161,2,0.005,0.005105521210829247
PA-MT6-P71,PA,6,XP211-PR,2,A,32,14,5,FALSE,NA,NA,NA,NA,NA,NA,Early regeneration,4,4,FALSE,FALSE,FALSE,0.54,107,0,161,18,0.05,0.05009592837348113
VB-MT2-P26,VB,2,XP211-PR,2,A,13,3,5,FALSE,0,32,NA,NA,NA,NA,Early regeneration,4,4,FALSE,FALSE,FALSE,0.54,107,0,161,10,0.05,0.05009592837348113
CH-MT5-P34,CH,5,XP211-PR,2,A,22,12,7.5,FALSE,0,152,NA,NA,NA,NA,Early regeneration,4,4,FALSE,FALSE,FALSE,0.54,107,0,161,10,0.075,0.07509059901939885
DC-MT4-P54,DC,4,XP211-PR,2,A,NA,NA,NA,FALSE,0,32,NA,NA,NA,NA,Early regeneration,4,4,FALSE,FALSE,FALSE,0.54,107,0,161,NA,NA,NA
OP-MT9-P30,OP,9,XP211-PR,2,A,157,157,10,FALSE,0,347,NA,NA,NA,NA,Early regeneration,4,4,FALSE,FALSE,FALSE,0.54,107,0,161,0,0.1,0.10008526966531657
IS-MT3-P7,IS,3,XP211-PR,2,A,8,6,1,FALSE,0,347,NA,NA,NA,NA,Early regeneration,4,4,FALSE,FALSE,FALSE,0.54,107,0,161,2,0.01,0.01010445534001279
AE-MT1-P4,AE,1,XP211-PR,2,A,10,2,1,FALSE,0,32,NA,NA,NA,NA,Early regeneration,4,4,FALSE,FALSE,FALSE,0.54,107,0,161,8,0.01,0.01010445534001279
MC-MT3-P19,MC,3,XP211-PR,2,A,NA,NA,NA,FALSE,0,152,NA,NA,NA,NA,Early regeneration,4,4,FALSE,FALSE,FALSE,0.54,107,0,161,NA,NA,NA
BS-MT6-P21,BS,6,XP211-PR,2,A,2,2,2.5,FALSE,0,152,NA,NA,NA,NA,Early regeneration,4,4,FALSE,FALSE,FALSE,0.54,107,0,161,0,0.025,0.025101257727563418
BG-MT4-P77,BG,4,XP211-PR,2,A,112,9,0.5,FALSE,0,152,NA,NA,NA,NA,Early regeneration,4,4,FALSE,FALSE,FALSE,0.54,107,0,161,103,0.005,0.005105521210829247
EA-MT5-P22,EA,5,XP211-PR,2,A,44,12,2.5,FALSE,0,98,NA,NA,NA,NA,Early regeneration,4,4,FALSE,FALSE,FALSE,0.54,107,0,161,32,0.025,0.025101257727563418
BP-MT5-P31,BP,5,XP211-PR,2,A,NA,NA,NA,FALSE,0,32,NA,NA,NA,NA,Early regeneration,4,4,FALSE,FALSE,FALSE,0.54,107,0,161,NA,NA,NA
CP-MT5-P38,CP,5,XP211-PR,2,B,3,2,0.5,FALSE,0,152,NA,NA,NA,NA,Early regeneration,4,4,FALSE,FALSE,FALSE,0.54,107,0,161,1,0.005,0.005105521210829247
VB-MT2-P66,VB,2,XP211-PR,2,B,7,5,2.5,FALSE,0,32,NA,NA,NA,NA,Early regeneration,4,4,FALSE,FALSE,FALSE,0.54,107,0,161,2,0.025,0.025101257727563418
MC-MT1-P12,MC,1,XP211-PR,2,B,15,12,10,FALSE,0,152,NA,NA,NA,NA,Early regeneration,4,4,FALSE,FALSE,FALSE,0.54,107,0,161,3,0.1,0.10008526966531657
BP-MT1-P75,BP,1,XP211-PR,2,B,NA,NA,NA,FALSE,0,32,NA,NA,NA,NA,Early regeneration,4,4,FALSE,FALSE,FALSE,0.54,107,0,161,NA,NA,NA
AE-MT3-P45,AE,3,XP211-PR,2,B,8,2,2.5,FALSE,0,32,NA,NA,NA,NA,Early regeneration,4,4,FALSE,FALSE,FALSE,0.54,107,0,161,6,0.025,0.025101257727563418
EA-MT3-P2,EA,3,XP211-PR,2,B,87,12,1,FALSE,0,299,NA,NA,NA,NA,Early regeneration,4,4,FALSE,FALSE,FALSE,0.54,107,0,161,75,0.01,0.01010445534001279
PG-MT3-P41,PG,3,XP211-PR,2,B,4,3,0.5,FALSE,0,32,NA,NA,NA,NA,Early regeneration,4,4,FALSE,FALSE,FALSE,0.54,107,0,161,1,0.005,0.005105521210829247
BG-MT2-P97,BG,2,XP211-PR,2,B,130,16,0.5,FALSE,0,152,NA,NA,NA,NA,Early regeneration,4,4,FALSE,FALSE,FALSE,0.54,107,0,161,114,0.005,0.005105521210829247
IS-MT5-P33,IS,5,XP211-PR,2,B,23,16,0.5,FALSE,0,347,NA,NA,NA,NA,Early regeneration,4,4,FALSE,FALSE,FALSE,0.54,107,0,161,7,0.005,0.005105521210829247
BU-MT5-P16,BU,5,XP211-PR,2,B,6,0,0,FALSE,0,152,NA,NA,NA,NA,Early regeneration,4,4,FALSE,FALSE,FALSE,0.54,107,0,161,6,0,1.0658708164570453e-4
OP-MT8-P42,OP,8,XP211-PR,2,B,39,28,7.5,FALSE,0,299,NA,NA,NA,NA,Early regeneration,4,4,FALSE,FALSE,FALSE,0.54,107,0,161,11,0.075,0.07509059901939885
BS-MT7-P52,BS,7,XP211-PR,2,B,1,1,0.5,FALSE,0,98,NA,NA,NA,NA,Early regeneration,4,4,FALSE,FALSE,FALSE,0.54,107,0,161,0,0.005,0.005105521210829247
DC-MT4-P37,DC,4,XP211-PR,2,B,NA,NA,NA,FALSE,1,152,NA,NA,NA,NA,Early regeneration,4,4,FALSE,FALSE,FALSE,0.54,107,0,161,NA,NA,NA
CH-MT4-P19,CH,4,XP211-PR,2,B,16,13,1,FALSE,0,152,NA,NA,NA,NA,Early regeneration,4,4,FALSE,FALSE,FALSE,0.54,107,0,161,3,0.01,0.01010445534001279
OP-MT7-P20,OP,7,XP211-PR,2,C,96,66,7.5,FALSE,0,299,NA,NA,NA,NA,Early regeneration,4,4,FALSE,FALSE,FALSE,0.54,107,0,161,30,0.075,0.07509059901939885
IS-MT4-P33,IS,4,XP211-PR,2,C,5,4,0.5,FALSE,0,299,5.53,14.610647303537839,2.68,0.949,Early regeneration,4,4,FALSE,FALSE,FALSE,0.54,107,0,161,1,0.005,0.005105521210829247
VB-MT5-P43,VB,5,XP211-PR,2,C,24,2,0.5,FALSE,0,32,1.5075,18.612534263685916,0.44,0.081,Early regeneration,4,4,FALSE,FALSE,FALSE,0.54,107,0,161,22,0.005,0.005105521210829247
DC-MT3-P41,DC,3,XP211-PR,2,C,NA,NA,NA,FALSE,1,54,NA,NA,NA,NA,Early regeneration,4,4,FALSE,FALSE,FALSE,0.54,107,0,161,NA,NA,NA
MC-MT3-P59,MC,3,XP211-PR,2,C,15,8,5,FALSE,0,152,1.7850000000000001,18.484565143770514,7.002,1.374,Early regeneration,4,4,FALSE,FALSE,FALSE,0.54,107,0,161,7,0.05,0.05009592837348113
PG-MT1-P59,PG,1,XP211-PR,2,C,3,1,0.5,FALSE,0,32,NA,NA,NA,NA,Early regeneration,4,4,FALSE,FALSE,FALSE,0.54,107,0,161,2,0.005,0.005105521210829247
CP-MT2-P55,CP,2,XP211-PR,2,C,3,3,0.5,FALSE,0,299,NA,NA,NA,NA,Early regeneration,4,4,FALSE,FALSE,FALSE,0.54,107,0,161,0,0.005,0.005105521210829247
BP-MT3-P57,BP,3,XP211-PR,2,C,2,1,12.5,FALSE,0,32,NA,NA,NA,NA,Early regeneration,4,4,FALSE,FALSE,FALSE,0.54,107,0,161,1,0.125,0.1250799403112343
AE-MT5-P42,AE,5,XP211-PR,2,C,8,3,10,FALSE,0,32,NA,NA,NA,NA,Early regeneration,4,4,FALSE,FALSE,FALSE,0.54,107,0,161,5,0.1,0.10008526966531657
BS-MT6-P63,BS,6,XP211-PR,2,C,2,1,0.5,FALSE,0,98,NA,NA,NA,NA,Early regeneration,4,4,FALSE,FALSE,FALSE,0.54,107,0,161,1,0.005,0.005105521210829247
BU-MT5-P5,BU,5,XP211-PR,2,C,NA,NA,NA,FALSE,0,152,NA,NA,NA,NA,Early regeneration,4,4,FALSE,FALSE,FALSE,0.54,107,0,161,NA,NA,NA
EA-MT5-P47,EA,5,XP211-PR,2,C,15,3,0.5,FALSE,0,98,4.98,18.844103218218137,3.552,1.542,Early regeneration,4,4,FALSE,FALSE,FALSE,0.54,107,0,161,12,0.005,0.005105521210829247
BG-MT3-P66,BG,3,XP211-PR,2,C,50,3,0.5,FALSE,0,152,1.1825,25.49160536168442,1.667,0.307,Early regeneration,4,4,FALSE,FALSE,FALSE,0.54,107,0,161,47,0.005,0.005105521210829247
BU-MT1-P69,BU,1,XP211-PR,3,A,4,0,0.5,FALSE,0,299,NA,NA,NA,NA,Early regeneration,4,4,FALSE,FALSE,FALSE,0.54,107,0,161,4,0.005,0.005105521210829247
VB-MT2-P32,VB,2,XP211-PR,3,A,21,3,0.5,FALSE,0,32,NA,NA,NA,NA,Early regeneration,4,4,FALSE,FALSE,FALSE,0.54,107,0,161,18,0.005,0.005105521210829247
OP-MT8-P56,OP,8,XP211-PR,3,A,NA,NA,NA,FALSE,1,147,NA,NA,NA,NA,Early regeneration,4,4,FALSE,FALSE,FALSE,0.54,107,0,161,NA,NA,NA
OP-MT7-P62,OP,7,XP211-PR,3,A,26,2,0.5,FALSE,0,98,NA,NA,NA,NA,Early regeneration,4,4,FALSE,FALSE,FALSE,0.54,107,0,161,24,0.005,0.005105521210829247
PA-MT3-P6,PA,3,XP211-PR,3,A,41,20,1,FALSE,0,347,NA,NA,NA,NA,Early regeneration,4,4,FALSE,FALSE,FALSE,0.54,107,0,161,21,0.01,0.01010445534001279
CH-MT3-P7,CH,3,XP211-PR,3,A,18,18,5,FALSE,0,152,NA,NA,NA,NA,Early regeneration,4,4,FALSE,FALSE,FALSE,0.54,107,0,161,0,0.05,0.05009592837348113
BG-MT1-P38,BG,1,XP211-PR,3,A,75,6,0.5,FALSE,0,152,NA,NA,NA,NA,Early regeneration,4,4,FALSE,FALSE,FALSE,0.54,107,0,161,69,0.005,0.005105521210829247
DC-MT5-P62,DC,5,XP211-PR,3,A,1,0,0,FALSE,0,32,NA,NA,NA,NA,Early regeneration,4,4,FALSE,FALSE,FALSE,0.54,107,0,161,1,0,1.0658708164570453e-4
BS-MT1-P79,BS,1,XP211-PR,3,A,2,0,0,FALSE,0,98,NA,NA,NA,NA,Early regeneration,4,4,FALSE,FALSE,FALSE,0.54,107,0,161,2,0,1.0658708164570453e-4
EA-MT1-P8,EA,1,XP211-PR,3,A,25,8,1,FALSE,0,98,NA,NA,NA,NA,Early regeneration,4,4,FALSE,FALSE,FALSE,0.54,107,0,161,17,0.01,0.01010445534001279
IS-MT2-P11,IS,2,XP211-PR,3,A,5,1,2.5,FALSE,0,347,NA,NA,NA,NA,Early regeneration,4,4,FALSE,FALSE,FALSE,0.54,107,0,161,4,0.025,0.025101257727563418
AE-MT5-P53,AE,5,XP211-PR,3,A,14,3,0.5,FALSE,0,32,NA,NA,NA,NA,Early regeneration,4,4,FALSE,FALSE,FALSE,0.54,107,0,161,11,0.005,0.005105521210829247
PG-MT5-P59,PG,5,XP211-PR,3,A,6,0,0,FALSE,0,32,NA,NA,NA,NA,Early regeneration,4,4,FALSE,FALSE,FALSE,0.54,107,0,161,6,0,1.0658708164570453e-4
BP-MT4-P28,BP,4,XP211-PR,3,A,NA,NA,NA,FALSE,0,32,NA,NA,NA,NA,Early regeneration,4,4,FALSE,FALSE,FALSE,0.54,107,0,161,NA,NA,NA
CP-MT1-P41,CP,1,XP211-PR,3,A,5,3,5,FALSE,0,152,NA,NA,NA,NA,Early regeneration,4,4,FALSE,FALSE,FALSE,0.54,107,0,161,2,0.05,0.05009592837348113
OP-MT6-P31,OP,6,XP211-PR,3,B,56,28,2.5,FALSE,0,299,NA,NA,NA,NA,Early regeneration,4,4,FALSE,FALSE,FALSE,0.54,107,0,161,28,0.025,0.025101257727563418
BU-MT4-P43,BU,4,XP211-PR,3,B,7,1,0.5,FALSE,0,152,NA,NA,NA,NA,Early regeneration,4,4,FALSE,FALSE,FALSE,0.54,107,0,161,6,0.005,0.005105521210829247
IS-MT5-P43,IS,5,XP211-PR,3,B,8,7,0.5,FALSE,0,347,NA,NA,NA,NA,Early regeneration,4,4,FALSE,FALSE,FALSE,0.54,107,0,161,1,0.005,0.005105521210829247
CH-MT2-P63,CH,2,XP211-PR,3,B,16,15,5,FALSE,0,152,NA,NA,NA,NA,Early regeneration,4,4,FALSE,FALSE,FALSE,0.54,107,0,161,1,0.05,0.05009592837348113
BP-MT1-P68,BP,1,XP211-PR,3,B,4,3,10,FALSE,0,32,NA,NA,NA,NA,Early regeneration,4,4,FALSE,FALSE,FALSE,0.54,107,0,161,1,0.1,0.10008526966531657
BS-MT1-P11,BS,1,XP211-PR,3,B,2,0,0,FALSE,0,152,NA,NA,NA,NA,Early regeneration,4,4,FALSE,FALSE,FALSE,0.54,107,0,161,2,0,1.0658708164570453e-4
MC-MT3-P37,MC,3,XP211-PR,3,B,20,13,2.5,FALSE,0,152,NA,NA,NA,NA,Early regeneration,4,4,FALSE,FALSE,FALSE,0.54,107,0,161,7,0.025,0.025101257727563418
EA-MT5-P36,EA,5,XP211-PR,3,B,NA,NA,NA,FALSE,1,98,NA,NA,NA,NA,Early regeneration,4,4,FALSE,FALSE,FALSE,0.54,107,0,161,NA,NA,NA
PG-MT1-P52,PG,1,XP211-PR,3,B,4,1,1,FALSE,0,32,NA,NA,NA,NA,Early regeneration,4,4,FALSE,FALSE,FALSE,0.54,107,0,161,3,0.01,0.01010445534001279
PA-MT6-P27,PA,6,XP211-PR,3,B,311,155,2.5,FALSE,0,299,NA,NA,NA,NA,Early regeneration,4,4,FALSE,FALSE,FALSE,0.54,107,0,161,156,0.025,0.025101257727563418
AE-MT3-P54,AE,3,XP211-PR,3,B,9,2,0.5,FALSE,0,32,NA,NA,NA,NA,Early regeneration,4,4,FALSE,FALSE,FALSE,0.54,107,0,161,7,0.005,0.005105521210829247
BG-MT5-P8,BG,5,XP211-PR,3,B,129,8,0.5,FALSE,0,152,NA,NA,NA,NA,Early regeneration,4,4,FALSE,FALSE,FALSE,0.54,107,0,161,121,0.005,0.005105521210829247
DC-MT1-P7,DC,1,XP211-PR,3,B,3,1,1,FALSE,0,152,NA,NA,NA,NA,Early regeneration,4,4,FALSE,FALSE,FALSE,0.54,107,0,161,2,0.01,0.01010445534001279
VB-MT5-P31,VB,5,XP211-PR,3,B,28,5,0.5,FALSE,0,32,NA,NA,NA,NA,Early regeneration,4,4,FALSE,FALSE,FALSE,0.54,107,0,161,23,0.005,0.005105521210829247
BU-MT2-P26,BU,2,XP211-PR,3,C,3,1,0.5,FALSE,0,152,3.7075,6.9143744541812255,0.665,0.224,Early regeneration,4,4,FALSE,FALSE,FALSE,0.54,107,0,161,2,0.005,0.005105521210829247
OP-MT6-P12,OP,6,XP211-PR,3,C,57,32,5,FALSE,0,299,NA,NA,NA,NA,Early regeneration,4,4,FALSE,FALSE,FALSE,0.54,107,0,161,25,0.05,0.05009592837348113
DC-MT5-P67,DC,5,XP211-PR,3,C,NA,NA,NA,FALSE,1,152,NA,NA,NA,NA,Early regeneration,4,4,FALSE,FALSE,FALSE,0.54,107,0,161,NA,NA,NA
IS-MT1-P29,IS,1,XP211-PR,3,C,15,7,0.5,FALSE,0,299,3.08,5.739985301560952,1.3,0.346,Early regeneration,4,4,FALSE,FALSE,FALSE,0.54,107,0,161,8,0.005,0.005105521210829247
EA-MT5-P43,EA,5,XP211-PR,3,C,25,9,1,FALSE,0,98,5.0225,8.009492008355807,1.142,0.525,Early regeneration,4,4,FALSE,FALSE,FALSE,0.54,107,0,161,16,0.01,0.01010445534001279
AE-MT4-P41,AE,4,XP211-PR,3,C,8,2,0.5,FALSE,0,32,NA,NA,NA,NA,Early regeneration,4,4,FALSE,FALSE,FALSE,0.54,107,0,161,6,0.005,0.005105521210829247
AE-MT4-P41,AE,4,XP211-PR,3,C,8,2,0.5,FALSE,0,32,NA,NA,NA,NA,Early regeneration,4,4,FALSE,FALSE,FALSE,0.54,107,0,161,6,0.005,0.005105521210829247
CP-MT2-P65,CP,2,XP211-PR,3,C,11,11,2.5,FALSE,0,299,NA,NA,NA,NA,Early regeneration,4,4,FALSE,FALSE,FALSE,0.54,107,0,161,0,0.025,0.025101257727563418
VB-MT5-P54,VB,5,XP211-PR,3,C,17,1,5,FALSE,0,32,2.1225,19.823658243034444,1.606,0.404,Early regeneration,4,4,FALSE,FALSE,FALSE,0.54,107,0,161,16,0.05,0.05009592837348113
BG-MT1-P76,BG,1,XP211-PR,3,C,NA,NA,NA,FALSE,1,152,NA,NA,NA,NA,Early regeneration,4,4,FALSE,FALSE,FALSE,0.54,107,0,161,NA,NA,NA
PG-MT4-P11,PG,4,XP211-PR,3,C,1,1,0.5,FALSE,0,32,NA,NA,NA,NA,Early regeneration,4,4,FALSE,FALSE,FALSE,0.54,107,0,161,0,0.005,0.005105521210829247
BP-MT3-P24,BP,3,XP211-PR,3,C,2,0,0,FALSE,0,32,NA,NA,NA,NA,Early regeneration,4,4,FALSE,FALSE,FALSE,0.54,107,0,161,2,0,1.0658708164570453e-4
PA-MT7-P13,PA,7,XP211-PR,3,C,30,9,1,FALSE,0,152,1.1325,14.330977376847983,0.909,0.22,Early regeneration,4,4,FALSE,FALSE,FALSE,0.54,107,0,161,21,0.01,0.01010445534001279
BS-MT6-P69,BS,6,XP211-PR,3,C,1,1,25,FALSE,0,98,NA,NA,NA,NA,Early regeneration,4,4,FALSE,FALSE,FALSE,0.54,107,0,161,0,0.25,0.25005329354082284
CH-MT3-P69,CH,3,XP211-PR,3,C,14,13,5,FALSE,0,152,1.4,33.537140730057416,3.23,1.07,Early regeneration,4,4,FALSE,FALSE,FALSE,0.54,107,0,161,1,0.05,0.05009592837348113
AE-MT4-P6,AE,4,XP211-PR,4,A,11,4,5,FALSE,0,32,NA,NA,NA,NA,Early regeneration,4,4,FALSE,FALSE,FALSE,0.54,107,0,161,7,0.05,0.05009592837348113
PG-MT5-P17,PG,5,XP211-PR,4,A,2,0,0,FALSE,0,32,NA,NA,NA,NA,Early regeneration,4,4,FALSE,FALSE,FALSE,0.54,107,0,161,2,0,1.0658708164570453e-4
MC-MT1-P70,MC,1,XP211-PR,4,A,15,12,2.5,FALSE,0,152,NA,NA,NA,NA,Early regeneration,4,4,FALSE,FALSE,FALSE,0.54,107,0,161,3,0.025,0.025101257727563418
IS-MT2-P76,IS,2,XP211-PR,4,A,19,13,1,FALSE,0,347,NA,NA,NA,NA,Early regeneration,4,4,FALSE,FALSE,FALSE,0.54,107,0,161,6,0.01,0.01010445534001279
IS-MT2-P76,IS,2,XP211-PR,4,A,19,13,1,FALSE,0,-14,NA,NA,NA,NA,Early regeneration,4,4,FALSE,FALSE,FALSE,0.54,107,0,161,6,0.01,0.01010445534001279
CP-MT3-P12,CP,3,XP211-PR,4,A,8,7,2.5,FALSE,0,299,NA,NA,NA,NA,Early regeneration,4,4,FALSE,FALSE,FALSE,0.54,107,0,161,1,0.025,0.025101257727563418
BS-MT5-P37,BS,5,XP211-PR,4,A,2,1,5,FALSE,0,152,NA,NA,NA,NA,Early regeneration,4,4,FALSE,FALSE,FALSE,0.54,107,0,161,1,0.05,0.05009592837348113
CH-MT4-P56,CH,4,XP211-PR,4,A,15,15,5,FALSE,0,152,NA,NA,NA,NA,Early regeneration,4,4,FALSE,FALSE,FALSE,0.54,107,0,161,0,0.05,0.05009592837348113
BP-MT4-P85,BP,4,XP211-PR,4,A,3,3,2.5,FALSE,0,32,NA,NA,NA,NA,Early regeneration,4,4,FALSE,FALSE,FALSE,0.54,107,0,161,0,0.025,0.025101257727563418
PA-MT3-P1,PA,3,XP211-PR,4,A,56,23,1,FALSE,0,347,NA,NA,NA,NA,Early regeneration,4,4,FALSE,FALSE,FALSE,0.54,107,0,161,33,0.01,0.01010445534001279
BU-MT4-P67,BU,4,XP211-PR,4,A,4,1,1,FALSE,0,152,NA,NA,NA,NA,Early regeneration,4,4,FALSE,FALSE,FALSE,0.54,107,0,161,3,0.01,0.01010445534001279
OP-MT9-P42,OP,9,XP211-PR,4,A,158,158,5,FALSE,0,347,NA,NA,NA,NA,Early regeneration,4,4,FALSE,FALSE,FALSE,0.54,107,0,161,0,0.05,0.05009592837348113
EA-MT4-P44,EA,4,XP211-PR,4,A,20,9,2.5,FALSE,0,32,NA,NA,NA,NA,Early regeneration,4,4,FALSE,FALSE,FALSE,0.54,107,0,161,11,0.025,0.025101257727563418
BG-MT2-P36,BG,2,XP211-PR,4,A,32,2,0.5,FALSE,0,152,NA,NA,NA,NA,Early regeneration,4,4,FALSE,FALSE,FALSE,0.54,107,0,161,30,0.005,0.005105521210829247
CH-MT5-P21,CH,5,XP212-PR,1,A,16,15,2.5,FALSE,0,155,NA,NA,NA,NA,Early regeneration,6,6,FALSE,FALSE,FALSE,0.7,100,0,160,1,0.025,0.025101257727563418
BS-MT5-P12,BS,5,XP212-PR,1,A,1,0,0,FALSE,0,155,NA,NA,NA,NA,Early regeneration,6,6,FALSE,FALSE,FALSE,0.7,100,0,160,1,0,1.0658708164570453e-4
EA-MT4-P7,EA,4,XP212-PR,1,A,29,12,1,FALSE,0,304,NA,NA,NA,NA,Early regeneration,6,6,FALSE,FALSE,FALSE,0.7,100,0,160,17,0.01,0.01010445534001279
MC-MT3-P3,MC,3,XP212-PR,1,A,8,7,15,FALSE,0,155,NA,NA,NA,NA,Early regeneration,6,6,FALSE,FALSE,FALSE,0.7,100,0,160,1,0.15,0.150074610957152
VB-MT4-P19,VB,4,XP212-PR,1,A,3,3,5,FALSE,0,6,NA,NA,NA,NA,Early regeneration,6,6,FALSE,FALSE,FALSE,0.7,100,0,160,0,0.05,0.05009592837348113
BP-MT1-P45,BP,1,XP212-PR,1,A,NA,NA,NA,FALSE,1,6,NA,NA,NA,NA,Early regeneration,6,6,FALSE,FALSE,FALSE,0.7,100,0,160,NA,NA,NA
PA-MT6-P75,PA,6,XP212-PR,1,A,17,9,1,FALSE,0,304,NA,NA,NA,NA,Early regeneration,6,6,FALSE,FALSE,FALSE,0.7,100,0,160,8,0.01,0.01010445534001279
OP-MT2-P36,OP,2,XP212-PR,1,A,28,23,17.5,FALSE,0,-14,NA,NA,NA,NA,Early regeneration,6,6,FALSE,FALSE,FALSE,0.7,100,0,160,5,0.175,0.1750692816030697
IS-MT3-P37,IS,3,XP212-PR,1,A,NA,NA,NA,FALSE,1,-14,NA,NA,NA,NA,Early regeneration,6,6,FALSE,FALSE,FALSE,0.7,100,0,160,NA,NA,NA
CP-MT3-P15,CP,3,XP212-PR,1,A,NA,NA,NA,FALSE,1,149,NA,NA,NA,NA,Early regeneration,6,6,FALSE,FALSE,FALSE,0.7,100,0,160,NA,NA,NA
CP-MT5-P78,CP,5,XP212-PR,1,A,10,3,1,FALSE,0,6,NA,NA,NA,NA,Early regeneration,6,6,FALSE,FALSE,FALSE,0.7,100,0,160,7,0.01,0.01010445534001279
AE-MT1-P6,AE,1,XP212-PR,1,A,7,6,5,FALSE,0,6,NA,NA,NA,NA,Early regeneration,6,6,FALSE,FALSE,FALSE,0.7,100,0,160,1,0.05,0.05009592837348113
PG-MT2-P22,PG,2,XP212-PR,1,A,4,0,0,FALSE,0,6,NA,NA,NA,NA,Early regeneration,6,6,FALSE,FALSE,FALSE,0.7,100,0,160,4,0,1.0658708164570453e-4
BG-MT4-P49,BG,4,XP212-PR,1,A,17,3,1,FALSE,0,155,NA,NA,NA,NA,Early regeneration,6,6,FALSE,FALSE,FALSE,0.7,100,0,160,14,0.01,0.01010445534001279
BU-MT2-P36,BU,2,XP212-PR,1,A,2,1,0.5,FALSE,0,155,NA,NA,NA,NA,Early regeneration,6,6,FALSE,FALSE,FALSE,0.7,100,0,160,1,0.005,0.005105521210829247
DC-MT4-P23,DC,4,XP212-PR,1,A,2,2,10,FALSE,0,155,NA,NA,NA,NA,Early regeneration,6,6,FALSE,FALSE,FALSE,0.7,100,0,160,0,0.1,0.10008526966531657
EA-MT2-P11,EA,2,XP212-PR,1,B,NA,NA,NA,FALSE,1,149,NA,NA,NA,NA,Early regeneration,6,6,FALSE,FALSE,FALSE,0.7,100,0,160,NA,NA,NA
EA-MT2-P100,EA,2,XP212-PR,1,B,NA,NA,NA,FALSE,1,100,NA,NA,NA,NA,Early regeneration,6,6,FALSE,FALSE,FALSE,0.7,100,0,160,NA,NA,NA
CP-MT5-P55,CP,5,XP212-PR,1,B,7,4,30,FALSE,0,155,NA,NA,NA,NA,Early regeneration,6,6,FALSE,FALSE,FALSE,0.7,100,0,160,3,0.3,0.3000426348326583
BU-MT3-P20,BU,3,XP212-PR,1,B,NA,NA,NA,FALSE,1,55,NA,NA,NA,NA,Early regeneration,6,6,FALSE,FALSE,FALSE,0.7,100,0,160,NA,NA,NA
BU-MT3-P82,BU,3,XP212-PR,1,B,1,0,0,FALSE,0,6,NA,NA,NA,NA,Early regeneration,6,6,FALSE,FALSE,FALSE,0.7,100,0,160,1,0,1.0658708164570453e-4
CH-MT4-P66,CH,4,XP212-PR,1,B,6,6,2.5,FALSE,0,155,NA,NA,NA,NA,Early regeneration,6,6,FALSE,FALSE,FALSE,0.7,100,0,160,0,0.025,0.025101257727563418
AE-MT2-P3,AE,2,XP212-PR,1,B,2,1,85,FALSE,0,6,NA,NA,NA,NA,Early regeneration,6,6,FALSE,FALSE,FALSE,0.7,100,0,160,1,0.85,0.849925389042848
PA-MT6-P54,PA,6,XP212-PR,1,B,NA,NA,NA,FALSE,1,149,NA,NA,NA,NA,Early regeneration,6,6,FALSE,FALSE,FALSE,0.7,100,0,160,NA,NA,NA
PA-MT6-P56,PA,6,XP212-PR,1,B,NA,NA,NA,FALSE,1,100,NA,NA,NA,NA,Early regeneration,6,6,FALSE,FALSE,FALSE,0.7,100,0,160,NA,NA,NA
IS-MT2-P67,IS,2,XP212-PR,1,B,13,8,1,FALSE,0,-14,NA,NA,NA,NA,Early regeneration,6,6,FALSE,FALSE,FALSE,0.7,100,0,160,5,0.01,0.01010445534001279
PG-MT2-P49,PG,2,XP212-PR,1,B,NA,NA,NA,FALSE,1,6,NA,NA,NA,NA,Early regeneration,6,6,FALSE,FALSE,FALSE,0.7,100,0,160,NA,NA,NA
OP-MT8-P67,OP,8,XP212-PR,1,B,NA,NA,NA,FALSE,1,149,NA,NA,NA,NA,Early regeneration,6,6,FALSE,FALSE,FALSE,0.7,100,0,160,NA,NA,NA
OP-MT8-P60,OP,8,XP212-PR,1,B,3,0,0,FALSE,0,100,NA,NA,NA,NA,Early regeneration,6,6,FALSE,FALSE,FALSE,0.7,100,0,160,3,0,1.0658708164570453e-4
VB-MT3-P33,VB,3,XP212-PR,1,B,2,1,5,FALSE,0,6,NA,NA,NA,NA,Early regeneration,6,6,FALSE,FALSE,FALSE,0.7,100,0,160,1,0.05,0.05009592837348113
BS-MT6-P14,BS,6,XP212-PR,1,B,3,3,35,FALSE,0,155,NA,NA,NA,NA,Early regeneration,6,6,FALSE,FALSE,FALSE,0.7,100,0,160,0,0.35,0.3500319761244937
DC-MT2-P12,DC,2,XP212-PR,1,B,NA,NA,NA,FALSE,1,6,NA,NA,NA,NA,Early regeneration,6,6,FALSE,FALSE,FALSE,0.7,100,0,160,NA,NA,NA
BP-MT2-P11,BP,2,XP212-PR,1,B,1,0,0,FALSE,0,6,NA,NA,NA,NA,Early regeneration,6,6,FALSE,FALSE,FALSE,0.7,100,0,160,1,0,1.0658708164570453e-4
BG-MT4-P54,BG,4,XP212-PR,1,B,NA,NA,NA,FALSE,1,155,NA,NA,NA,NA,Early regeneration,6,6,FALSE,FALSE,FALSE,0.7,100,0,160,NA,NA,NA
CP-MT5-P32,CP,5,XP212-PR,1,C,6,6,2.5,FALSE,0,155,NA,NA,NA,NA,Early regeneration,6,6,FALSE,FALSE,FALSE,0.7,100,0,160,0,0.025,0.025101257727563418
BU-MT1-P39,BU,1,XP212-PR,1,C,NA,NA,NA,FALSE,1,149,NA,NA,NA,NA,Early regeneration,6,6,FALSE,FALSE,FALSE,0.7,100,0,160,NA,NA,NA
BU-MT1-P64,BU,1,XP212-PR,1,C,3,2,0.5,FALSE,0,100,NA,NA,NA,NA,Early regeneration,6,6,FALSE,FALSE,FALSE,0.7,100,0,160,1,0.005,0.005105521210829247
AE-MT2-P6,AE,2,XP212-PR,1,C,6,5,1,FALSE,NA,NA,NA,NA,NA,NA,Early regeneration,6,6,FALSE,FALSE,FALSE,0.7,100,0,160,1,0.01,0.01010445534001279
EA-MT5-P31,EA,5,XP212-PR,1,C,14,8,2.5,FALSE,0,100,4.83,16.366675899046612,2,0.86,Early regeneration,6,6,FALSE,FALSE,FALSE,0.7,100,0,160,6,0.025,0.025101257727563418
CH-MT4-P70,CH,4,XP212-PR,1,C,3,1,2.5,FALSE,0,155,4.6175,18.998413214161435,0.95,0.168,Early regeneration,6,6,FALSE,FALSE,FALSE,0.7,100,0,160,2,0.025,0.025101257727563418
IS-MT5-P44,IS,5,XP212-PR,1,C,NA,NA,NA,FALSE,1,-114,NA,NA,NA,NA,Early regeneration,6,6,FALSE,FALSE,FALSE,0.7,100,0,160,NA,NA,NA
IS-MT5-P65,IS,5,XP212-PR,1,C,7,6,15,FALSE,0,6,NA,NA,NA,NA,Early regeneration,6,6,FALSE,FALSE,FALSE,0.7,100,0,160,1,0.15,0.150074610957152
PG-MT4-P18,PG,4,XP212-PR,1,C,NA,NA,NA,FALSE,1,6,NA,NA,NA,NA,Early regeneration,6,6,FALSE,FALSE,FALSE,0.7,100,0,160,NA,NA,NA
DC-MT5-P23,DC,5,XP212-PR,1,C,NA,NA,NA,FALSE,1,55,NA,NA,NA,NA,Early regeneration,6,6,FALSE,FALSE,FALSE,0.7,100,0,160,NA,NA,NA
VB-MT3-P43,VB,3,XP212-PR,1,C,4,2,7.5,FALSE,0,6,1.49,34.348002320457034,0.935,0.301,Early regeneration,6,6,FALSE,FALSE,FALSE,0.7,100,0,160,2,0.075,0.07509059901939885
BP-MT2-P5,BP,2,XP212-PR,1,C,4,2,25,FALSE,0,6,NA,NA,NA,NA,Early regeneration,6,6,FALSE,FALSE,FALSE,0.7,100,0,160,2,0.25,0.25005329354082284
OP-MT6-P44,OP,6,XP212-PR,1,C,NA,NA,NA,FALSE,1,149,NA,NA,NA,NA,Early regeneration,6,6,FALSE,FALSE,FALSE,0.7,100,0,160,NA,NA,NA
OP-MT2-P26,OP,2,XP212-PR,1,C,4,1,1,FALSE,0,100,NA,NA,NA,NA,Early regeneration,6,6,FALSE,FALSE,FALSE,0.7,100,0,160,3,0.01,0.01010445534001279
BS-MT6-P68,BS,6,XP212-PR,1,C,1,1,1,FALSE,0,100,NA,NA,NA,NA,Early regeneration,6,6,FALSE,FALSE,FALSE,0.7,100,0,160,0,0.01,0.01010445534001279
BG-MT5-P73,BG,5,XP212-PR,1,C,10,3,10,FALSE,0,155,NA,NA,NA,NA,Early regeneration,6,6,FALSE,FALSE,FALSE,0.7,100,0,160,7,0.1,0.10008526966531657
DC-MT3-P28,DC,3,XP212-PR,2,A,NA,NA,NA,FALSE,1,55,NA,NA,NA,NA,Early regeneration,6,6,FALSE,FALSE,FALSE,0.7,100,0,160,NA,NA,NA
PG-MT3-P2,PG,3,XP212-PR,2,A,1,1,5,FALSE,0,6,NA,NA,NA,NA,Early regeneration,6,6,FALSE,FALSE,FALSE,0.7,100,0,160,0,0.05,0.05009592837348113
CP-MT1-P15,CP,1,XP212-PR,2,A,NA,NA,NA,FALSE,1,155,NA,NA,NA,NA,Early regeneration,6,6,FALSE,FALSE,FALSE,0.7,100,0,160,NA,NA,NA
OP-MT9-P48,OP,9,XP212-PR,2,A,NA,NA,NA,FALSE,1,-321,NA,NA,NA,NA,Early regeneration,6,6,FALSE,FALSE,FALSE,0.7,100,0,160,NA,NA,NA
OP-MT9-P51,OP,9,XP212-PR,2,A,4,0,0,FALSE,0,100,NA,NA,NA,NA,Early regeneration,6,6,FALSE,FALSE,FALSE,0.7,100,0,160,4,0,1.0658708164570453e-4
BU-MT5-P15,BU,5,XP212-PR,2,A,2,2,45,FALSE,0,155,NA,NA,NA,NA,Early regeneration,6,6,FALSE,FALSE,FALSE,0.7,100,0,160,0,0.45,0.4500106587081646
BS-MT6-P26,BS,6,XP212-PR,2,A,5,5,15,FALSE,0,155,NA,NA,NA,NA,Early regeneration,6,6,FALSE,FALSE,FALSE,0.7,100,0,160,0,0.15,0.150074610957152
MC-MT1-P62,MC,1,XP212-PR,2,A,19,10,1,FALSE,0,155,NA,NA,NA,NA,Early regeneration,6,6,FALSE,FALSE,FALSE,0.7,100,0,160,9,0.01,0.01010445534001279
BG-MT3-P57,BG,3,XP212-PR,2,A,10,7,5,FALSE,0,155,NA,NA,NA,NA,Early regeneration,6,6,FALSE,FALSE,FALSE,0.7,100,0,160,3,0.05,0.05009592837348113
BP-MT1-P64,BP,1,XP212-PR,2,A,1,0,0,FALSE,0,6,NA,NA,NA,NA,Early regeneration,6,6,FALSE,FALSE,FALSE,0.7,100,0,160,1,0,1.0658708164570453e-4
IS-MT5-P17,IS,5,XP212-PR,2,A,30,5,0.5,FALSE,0,-14,NA,NA,NA,NA,Early regeneration,6,6,FALSE,FALSE,FALSE,0.7,100,0,160,25,0.005,0.005105521210829247
EA-MT1-P37,EA,1,XP212-PR,2,A,17,10,1,FALSE,0,100,NA,NA,NA,NA,Early regeneration,6,6,FALSE,FALSE,FALSE,0.7,100,0,160,7,0.01,0.01010445534001279
PA-MT3-P24,PA,3,XP212-PR,2,A,21,9,2.5,FALSE,0,-14,NA,NA,NA,NA,Early regeneration,6,6,FALSE,FALSE,FALSE,0.7,100,0,160,12,0.025,0.025101257727563418
AE-MT4-P60,AE,4,XP212-PR,2,A,4,4,2.5,FALSE,0,6,NA,NA,NA,NA,Early regeneration,6,6,FALSE,FALSE,FALSE,0.7,100,0,160,0,0.025,0.025101257727563418
VB-MT2-P55,VB,2,XP212-PR,2,A,4,3,5,FALSE,0,6,NA,NA,NA,NA,Early regeneration,6,6,FALSE,FALSE,FALSE,0.7,100,0,160,1,0.05,0.05009592837348113
CH-MT5-P32,CH,5,XP212-PR,2,A,NA,NA,NA,FALSE,1,55,NA,NA,NA,NA,Early regeneration,6,6,FALSE,FALSE,FALSE,0.7,100,0,160,NA,NA,NA
CH-MT5-P53,CH,5,XP212-PR,2,A,8,7,7.5,FALSE,0,6,NA,NA,NA,NA,Early regeneration,6,6,FALSE,FALSE,FALSE,0.7,100,0,160,1,0.075,0.07509059901939885
CH-MT5-P53,CH,5,XP212-PR,2,A,8,7,7.5,FALSE,0,NA,NA,NA,NA,NA,Early regeneration,6,6,FALSE,FALSE,FALSE,0.7,100,0,160,1,0.075,0.07509059901939885
BU-MT3-P66,BU,3,XP212-PR,2,B,4,1,7.5,FALSE,0,155,NA,NA,NA,NA,Early regeneration,6,6,FALSE,FALSE,FALSE,0.7,100,0,160,3,0.075,0.07509059901939885
CP-MT4-P42,CP,4,XP212-PR,2,B,NA,NA,NA,FALSE,1,149,NA,NA,NA,NA,Early regeneration,6,6,FALSE,FALSE,FALSE,0.7,100,0,160,NA,NA,NA
CP-MT5-P81,CP,5,XP212-PR,2,B,0,0,0,FALSE,0,6,NA,NA,NA,NA,Early regeneration,6,6,FALSE,FALSE,FALSE,0.7,100,0,160,0,0,1.0658708164570453e-4
VB-MT2-P75,VB,2,XP212-PR,2,B,5,4,10,FALSE,1,6,NA,NA,NA,NA,Early regeneration,6,6,FALSE,FALSE,FALSE,0.7,100,0,160,1,0.1,0.10008526966531657
BP-MT1-P12,BP,1,XP212-PR,2,B,1,0,0,FALSE,0,6,NA,NA,NA,NA,Early regeneration,6,6,FALSE,FALSE,FALSE,0.7,100,0,160,1,0,1.0658708164570453e-4
DC-MT4-P41,DC,4,XP212-PR,2,B,NA,NA,NA,FALSE,1,55,NA,NA,NA,NA,Early regeneration,6,6,FALSE,FALSE,FALSE,0.7,100,0,160,NA,NA,NA
BG-MT3-P83,BG,3,XP212-PR,2,B,39,14,2.5,FALSE,0,155,NA,NA,NA,NA,Early regeneration,6,6,FALSE,FALSE,FALSE,0.7,100,0,160,25,0.025,0.025101257727563418
PG-MT3-P46,PG,3,XP212-PR,2,B,1,0,0,FALSE,0,6,NA,NA,NA,NA,Early regeneration,6,6,FALSE,FALSE,FALSE,0.7,100,0,160,1,0,1.0658708164570453e-4
MC-MT1-P25,MC,1,XP212-PR,2,B,49,33,1,FALSE,0,155,NA,NA,NA,NA,Early regeneration,6,6,FALSE,FALSE,FALSE,0.7,100,0,160,16,0.01,0.01010445534001279
CH-MT3-P1,CH,3,XP212-PR,2,B,17,14,NA,FALSE,0,155,NA,NA,NA,NA,Early regeneration,6,6,FALSE,FALSE,FALSE,0.7,100,0,160,3,NA,NA
IS-MT5-P13,IS,5,XP212-PR,2,B,5,5,5,FALSE,0,100,NA,NA,NA,NA,Early regeneration,6,6,FALSE,FALSE,FALSE,0.7,100,0,160,0,0.05,0.05009592837348113
BS-MT6-P51,BS,6,XP212-PR,2,B,2,2,NA,FALSE,0,100,NA,NA,NA,NA,Early regeneration,6,6,FALSE,FALSE,FALSE,0.7,100,0,160,0,NA,NA
AE-MT5-P25,AE,5,XP212-PR,2,B,2,1,7.5,FALSE,0,6,NA,NA,NA,NA,Early regeneration,6,6,FALSE,FALSE,FALSE,0.7,100,0,160,1,0.075,0.07509059901939885
EA-MT5-P30,EA,5,XP212-PR,2,B,18,10,5,FALSE,0,100,NA,NA,NA,NA,Early regeneration,6,6,FALSE,FALSE,FALSE,0.7,100,0,160,8,0.05,0.05009592837348113
DC-MT1-P73,DC,1,XP212-PR,2,C,NA,NA,NA,FALSE,1,6,NA,NA,NA,NA,Early regeneration,6,6,FALSE,FALSE,FALSE,0.7,100,0,160,NA,NA,NA
BU-MT4-P35,BU,4,XP212-PR,2,C,NA,NA,NA,FALSE,1,55,NA,NA,NA,NA,Early regeneration,6,6,FALSE,FALSE,FALSE,0.7,100,0,160,NA,NA,NA
BU-MT3-P77,BU,3,XP212-PR,2,C,0,0,0,FALSE,0,6,NA,NA,NA,NA,Early regeneration,6,6,FALSE,FALSE,FALSE,0.7,100,0,160,0,0,1.0658708164570453e-4
BS-MT7-P25,BS,7,XP212-PR,2,C,4,2,20,FALSE,0,155,NA,NA,NA,NA,Early regeneration,6,6,FALSE,FALSE,FALSE,0.7,100,0,160,2,0.2,0.20006395224898743
EA-MT5-P14,EA,5,XP212-PR,2,C,12,6,1,FALSE,0,100,5.2875,24.74900814329663,1.03,0.386,Early regeneration,6,6,FALSE,FALSE,FALSE,0.7,100,0,160,6,0.01,0.01010445534001279
CH-MT1-P8,CH,1,XP212-PR,2,C,NA,NA,NA,FALSE,1,149,NA,NA,NA,NA,Early regeneration,6,6,FALSE,FALSE,FALSE,0.7,100,0,160,NA,NA,NA
CH-MT3-P87,CH,3,XP212-PR,2,C,NA,NA,NA,FALSE,1,6,NA,NA,NA,NA,Early regeneration,6,6,FALSE,FALSE,FALSE,0.7,100,0,160,NA,NA,NA
OP-MT7-P8,OP,7,XP212-PR,2,C,NA,NA,NA,FALSE,1,149,NA,NA,NA,NA,Early regeneration,6,6,FALSE,FALSE,FALSE,0.7,100,0,160,NA,NA,NA
OP-MT7-P63,OP,7,XP212-PR,2,C,NA,NA,NA,FALSE,1,100,NA,NA,NA,NA,Early regeneration,6,6,FALSE,FALSE,FALSE,0.7,100,0,160,NA,NA,NA
AE-MT2-P52,AE,2,XP212-PR,2,C,5,3,0.5,FALSE,0,6,NA,29.431224180325266,NA,NA,Early regeneration,6,6,FALSE,FALSE,FALSE,0.7,100,0,160,2,0.005,0.005105521210829247
IS-MT4-P41,IS,4,XP212-PR,2,C,NA,NA,NA,FALSE,1,149,NA,NA,NA,NA,Early regeneration,6,6,FALSE,FALSE,FALSE,0.7,100,0,160,NA,NA,NA
IS-MT5-P9,IS,5,XP212-PR,2,C,1,1,0.5,FALSE,0,100,4.347499999999999,28.198364437783532,3.08,1.18,Early regeneration,6,6,FALSE,FALSE,FALSE,0.7,100,0,160,0,0.005,0.005105521210829247
BG-MT2-P68,BG,2,XP212-PR,2,C,NA,NA,NA,FALSE,1,155,NA,NA,NA,NA,Early regeneration,6,6,FALSE,FALSE,FALSE,0.7,100,0,160,NA,NA,NA
PG-MT4-P48,PG,4,XP212-PR,2,C,6,4,1,FALSE,0,6,NA,NA,NA,NA,Early regeneration,6,6,FALSE,FALSE,FALSE,0.7,100,0,160,2,0.01,0.01010445534001279
PA-MT7-P8,PA,7,XP212-PR,2,C,82,33,2.5,FALSE,0,155,1.2475,42.561407687725975,0.833,0.19,Early regeneration,6,6,FALSE,FALSE,FALSE,0.7,100,0,160,49,0.025,0.025101257727563418
BP-MT4-P15,BP,4,XP212-PR,2,C,2,2,20,FALSE,0,6,NA,NA,NA,NA,Early regeneration,6,6,FALSE,FALSE,FALSE,0.7,100,0,160,0,0.2,0.20006395224898743
MC-MT3-P38,MC,3,XP212-PR,2,C,10,8,10,FALSE,0,155,2.4475000000000002,26.703729223735998,6.368,1.75,Early regeneration,6,6,FALSE,FALSE,FALSE,0.7,100,0,160,2,0.1,0.10008526966531657
VB-MT1-P33,VB,1,XP212-PR,2,C,137,42,2.5,FALSE,0,155,2.7075,24.437076566202805,1.296,0.365,Early regeneration,6,6,FALSE,FALSE,FALSE,0.7,100,0,160,95,0.025,0.025101257727563418
OP-MT9-P49,OP,9,XP212-PR,3,A,NA,NA,NA,FALSE,1,-114,NA,NA,NA,NA,Early regeneration,6,6,FALSE,FALSE,FALSE,0.7,100,0,160,NA,NA,NA
BG-MT1-P36,BG,1,XP212-PR,3,A,25,8,5,FALSE,0,155,NA,NA,NA,NA,Early regeneration,6,6,FALSE,FALSE,FALSE,0.7,100,0,160,17,0.05,0.05009592837348113
BU-MT4-P47,BU,4,XP212-PR,3,A,8,2,1,FALSE,0,155,NA,NA,NA,NA,Early regeneration,6,6,FALSE,FALSE,FALSE,0.7,100,0,160,6,0.01,0.01010445534001279
VB-MT3-P30,VB,3,XP212-PR,3,A,4,2,15,FALSE,NA,NA,NA,NA,NA,NA,Early regeneration,6,6,FALSE,FALSE,FALSE,0.7,100,0,160,2,0.15,0.150074610957152
EA-MT2-P43,EA,2,XP212-PR,3,A,13,11,5,FALSE,0,6,NA,NA,NA,NA,Early regeneration,6,6,FALSE,FALSE,FALSE,0.7,100,0,160,2,0.05,0.05009592837348113
PG-MT4-P15,PG,4,XP212-PR,3,A,2,1,0.5,FALSE,0,6,NA,NA,NA,NA,Early regeneration,6,6,FALSE,FALSE,FALSE,0.7,100,0,160,1,0.005,0.005105521210829247
CH-MT1-P24,CH,1,XP212-PR,3,A,NA,NA,NA,FALSE,0,NA,1.31,24.112684104027053,2.516,0.753,Early regeneration,6,6,FALSE,FALSE,FALSE,0.7,100,0,160,NA,NA,NA
CH-MT1-P24,CH,1,XP212-PR,3,A,NA,NA,NA,FALSE,1,149,1.31,24.112684104027053,2.516,0.753,Early regeneration,6,6,FALSE,FALSE,FALSE,0.7,100,0,160,NA,NA,NA
CH-MT2-P49,CH,2,XP212-PR,3,A,3,1,0.5,FALSE,0,152,NA,NA,NA,NA,Early regeneration,6,6,FALSE,FALSE,FALSE,0.7,100,0,160,2,0.005,0.005105521210829247
CH-MT2-P49,CH,2,XP212-PR,3,A,3,1,0.5,FALSE,0,6,NA,NA,NA,NA,Early regeneration,6,6,FALSE,FALSE,FALSE,0.7,100,0,160,2,0.005,0.005105521210829247
PA-MT3-P19,PA,3,XP212-PR,3,A,21,9,1,FALSE,0,-14,NA,NA,NA,NA,Early regeneration,6,6,FALSE,FALSE,FALSE,0.7,100,0,160,12,0.01,0.01010445534001279
AE-MT3-P8,AE,3,XP212-PR,3,A,5,2,2.5,FALSE,0,6,NA,NA,NA,NA,Early regeneration,6,6,FALSE,FALSE,FALSE,0.7,100,0,160,3,0.025,0.025101257727563418
IS-MT3-P84,IS,3,XP212-PR,3,A,2,2,10,FALSE,0,-14,NA,NA,NA,NA,Early regeneration,6,6,FALSE,FALSE,FALSE,0.7,100,0,160,0,0.1,0.10008526966531657
CP-MT4-P64,CP,4,XP212-PR,3,A,NA,NA,NA,FALSE,1,149,NA,NA,NA,NA,Early regeneration,6,6,FALSE,FALSE,FALSE,0.7,100,0,160,NA,NA,NA
CP-MT5-P83,CP,5,XP212-PR,3,A,0,0,0,FALSE,1,6,NA,NA,NA,NA,Early regeneration,6,6,FALSE,FALSE,FALSE,0.7,100,0,160,0,0,1.0658708164570453e-4
BS-MT5-P51,BS,5,XP212-PR,3,A,2,1,25,FALSE,0,100,NA,NA,NA,NA,Early regeneration,6,6,FALSE,FALSE,FALSE,0.7,100,0,160,1,0.25,0.25005329354082284
DC-MT1-P68,DC,1,XP212-PR,3,A,NA,NA,NA,FALSE,1,55,NA,NA,NA,NA,Early regeneration,6,6,FALSE,FALSE,FALSE,0.7,100,0,160,NA,NA,NA
MC-MT1-P20,MC,1,XP212-PR,3,A,13,6,10,FALSE,0,155,NA,NA,NA,NA,Early regeneration,6,6,FALSE,FALSE,FALSE,0.7,100,0,160,7,0.1,0.10008526966531657
BP-MT2-P46,BP,2,XP212-PR,3,A,NA,NA,NA,FALSE,0,6,NA,NA,NA,NA,Early regeneration,6,6,FALSE,FALSE,FALSE,0.7,100,0,160,NA,NA,NA
PG-MT3-P10,PG,3,XP212-PR,3,B,1,1,75,FALSE,1,6,NA,NA,NA,NA,Early regeneration,6,6,FALSE,FALSE,FALSE,0.7,100,0,160,0,0.75,0.7499467064591772
MC-MT3-P49,MC,3,XP212-PR,3,B,15,10,25,FALSE,0,155,NA,NA,NA,NA,Early regeneration,6,6,FALSE,FALSE,FALSE,0.7,100,0,160,5,0.25,0.25005329354082284
CH-MT2-P36,CH,2,XP212-PR,3,B,11,11,2.5,FALSE,0,155,NA,NA,NA,NA,Early regeneration,6,6,FALSE,FALSE,FALSE,0.7,100,0,160,0,0.025,0.025101257727563418
BG-MT1-P20,BG,1,XP212-PR,3,B,29,2,2.5,FALSE,0,155,NA,NA,NA,NA,Early regeneration,6,6,FALSE,FALSE,FALSE,0.7,100,0,160,27,0.025,0.025101257727563418
AE-MT3-P50,AE,3,XP212-PR,3,B,5,4,1,FALSE,0,6,NA,NA,NA,NA,Early regeneration,6,6,FALSE,FALSE,FALSE,0.7,100,0,160,1,0.01,0.01010445534001279
CP-MT2-P36,CP,2,XP212-PR,3,B,5,5,15,FALSE,0,304,NA,NA,NA,NA,Early regeneration,6,6,FALSE,FALSE,FALSE,0.7,100,0,160,0,0.15,0.150074610957152
EA-MT3-P22,EA,3,XP212-PR,3,B,8,5,10,FALSE,0,304,NA,NA,NA,NA,Early regeneration,6,6,FALSE,FALSE,FALSE,0.7,100,0,160,3,0.1,0.10008526966531657
DC-MT1-P14,DC,1,XP212-PR,3,B,NA,NA,NA,FALSE,1,55,NA,NA,NA,NA,Early regeneration,6,6,FALSE,FALSE,FALSE,0.7,100,0,160,NA,NA,NA
BU-MT5-P8,BU,5,XP212-PR,3,B,6,0,0,FALSE,0,155,NA,NA,NA,NA,Early regeneration,6,6,FALSE,FALSE,FALSE,0.7,100,0,160,6,0,1.0658708164570453e-4
VB-MT5-P57,VB,5,XP212-PR,3,B,3,1,20,FALSE,0,6,NA,NA,NA,NA,Early regeneration,6,6,FALSE,FALSE,FALSE,0.7,100,0,160,2,0.2,0.20006395224898743
BS-MT1-P64,BS,1,XP212-PR,3,B,1,1,90,FALSE,0,100,NA,NA,NA,NA,Early regeneration,6,6,FALSE,FALSE,FALSE,0.7,100,0,160,0,0.9,0.8999147303346834
PA-MT3-P62,PA,3,XP212-PR,3,B,4,2,25,FALSE,0,6,NA,NA,NA,NA,Early regeneration,6,6,FALSE,FALSE,FALSE,0.7,100,0,160,2,0.25,0.25005329354082284
BP-MT3-P31,BP,3,XP212-PR,3,B,0,0,0,FALSE,1,6,NA,NA,NA,NA,Early regeneration,6,6,FALSE,FALSE,FALSE,0.7,100,0,160,0,0,1.0658708164570453e-4
CH-MT4-P84,CH,4,XP212-PR,3,C,9,8,2.5,FALSE,0,155,1.6174999999999997,41.58349071544478,1.704,0.573,Early regeneration,6,6,FALSE,FALSE,FALSE,0.7,100,0,160,1,0.025,0.025101257727563418
CP-MT2-P31,CP,2,XP212-PR,3,C,3,3,2.5,FALSE,0,304,NA,NA,NA,NA,Early regeneration,6,6,FALSE,FALSE,FALSE,0.7,100,0,160,0,0.025,0.025101257727563418
BU-MT2-P12,BU,2,XP212-PR,3,C,5,0,0,FALSE,0,155,2.6174999999999997,9.661075229635077,0.683,0.272,Early regeneration,6,6,FALSE,FALSE,FALSE,0.7,100,0,160,5,0,1.0658708164570453e-4
EA-MT2-P26,EA,2,XP212-PR,3,C,5,5,15,FALSE,0,6,5.3774999999999995,16.02525409327755,1.305,0.494,Early regeneration,6,6,FALSE,FALSE,FALSE,0.7,100,0,160,0,0.15,0.150074610957152
OP-MT8-P18,OP,8,XP212-PR,3,C,81,64,5,FALSE,0,304,NA,NA,NA,NA,Early regeneration,6,6,FALSE,FALSE,FALSE,0.7,100,0,160,17,0.05,0.05009592837348113
BP-MT4-P37,BP,4,XP212-PR,3,C,1,1,60,FALSE,0,6,NA,NA,NA,NA,Early regeneration,6,6,FALSE,FALSE,FALSE,0.7,100,0,160,0,0.6,0.5999786825836708
BG-MT1-P39,BG,1,XP212-PR,3,C,77,16,1,FALSE,0,155,2.2824999999999998,18.500397969642737,1.488,0.418,Early regeneration,6,6,FALSE,FALSE,FALSE,0.7,100,0,160,61,0.01,0.01010445534001279
MC-MT2-P59,MC,2,XP212-PR,3,C,31,17,5,FALSE,0,155,1.8425,39.537439567839925,1.686,0.484,Early regeneration,6,6,FALSE,FALSE,FALSE,0.7,100,0,160,14,0.05,0.05009592837348113
AE-MT1-P60,AE,1,XP212-PR,3,C,1,1,5,FALSE,0,6,NA,NA,NA,NA,Early regeneration,6,6,FALSE,FALSE,FALSE,0.7,100,0,160,0,0.05,0.05009592837348113
IS-MT1-P7,IS,1,XP212-PR,3,C,15,15,2.5,FALSE,0,304,4.0575,20.21640155254846,3.144,1.448,Early regeneration,6,6,FALSE,FALSE,FALSE,0.7,100,0,160,0,0.025,0.025101257727563418
BS-MT1-P62,BS,1,XP212-PR,3,C,2,2,5,FALSE,0,100,NA,NA,NA,NA,Early regeneration,6,6,FALSE,FALSE,FALSE,0.7,100,0,160,0,0.05,0.05009592837348113
DC-MT5-P13,DC,5,XP212-PR,3,C,4,4,0.5,FALSE,0,155,NA,NA,NA,NA,Early regeneration,6,6,FALSE,FALSE,FALSE,0.7,100,0,160,0,0.005,0.005105521210829247
VB-MT1-P43,VB,1,XP212-PR,3,C,224,11,0.5,FALSE,0,155,2.8274999999999997,33.16323375567181,1.722,0.562,Early regeneration,6,6,FALSE,FALSE,FALSE,0.7,100,0,160,213,0.005,0.005105521210829247
VB-MT5-P69,VB,5,XP212-PR,4,A,3,0,0,FALSE,0,6,NA,NA,NA,NA,Early regeneration,6,6,FALSE,FALSE,FALSE,0.7,100,0,160,3,0,1.0658708164570453e-4
CH-MT3-P79,CH,3,XP212-PR,4,A,9,8,2.5,FALSE,0,155,NA,NA,NA,NA,Early regeneration,6,6,FALSE,FALSE,FALSE,0.7,100,0,160,1,0.025,0.025101257727563418
IS-MT2-P3,IS,2,XP212-PR,4,A,3,2,2.5,FALSE,0,100,NA,NA,NA,NA,Early regeneration,6,6,FALSE,FALSE,FALSE,0.7,100,0,160,1,0.025,0.025101257727563418
AE-MT1-P10,AE,1,XP212-PR,4,A,3,2,0.5,FALSE,0,6,NA,NA,NA,NA,Early regeneration,6,6,FALSE,FALSE,FALSE,0.7,100,0,160,1,0.005,0.005105521210829247
OP-MT2-P32,OP,2,XP212-PR,4,A,61,51,10,FALSE,0,-14,NA,NA,NA,NA,Early regeneration,6,6,FALSE,FALSE,FALSE,0.7,100,0,160,10,0.1,0.10008526966531657
CP-MT1-P31,CP,1,XP212-PR,4,A,9,3,0.5,FALSE,0,155,NA,NA,NA,NA,Early regeneration,6,6,FALSE,FALSE,FALSE,0.7,100,0,160,6,0.005,0.005105521210829247
BU-MT1-P49,BU,1,XP212-PR,4,A,10,3,0.5,FALSE,0,304,NA,NA,NA,NA,Early regeneration,6,6,FALSE,FALSE,FALSE,0.7,100,0,160,7,0.005,0.005105521210829247
BS-MT6-P78,BS,6,XP212-PR,4,A,4,3,25,FALSE,0,100,NA,NA,NA,NA,Early regeneration,6,6,FALSE,FALSE,FALSE,0.7,100,0,160,1,0.25,0.25005329354082284
DC-MT3-P16,DC,3,XP212-PR,4,A,3,2,2.5,FALSE,0,155,NA,NA,NA,NA,Early regeneration,6,6,FALSE,FALSE,FALSE,0.7,100,0,160,1,0.025,0.025101257727563418
PA-MT3-P51,PA,3,XP212-PR,4,A,16,10,7.5,FALSE,0,100,NA,NA,NA,NA,Early regeneration,6,6,FALSE,FALSE,FALSE,0.7,100,0,160,6,0.075,0.07509059901939885
PG-MT5-P22,PG,5,XP212-PR,4,A,5,4,NA,FALSE,0,6,NA,NA,NA,NA,Early regeneration,6,6,FALSE,FALSE,FALSE,0.7,100,0,160,1,NA,NA
BP-MT4-P81,BP,4,XP212-PR,4,A,NA,NA,NA,FALSE,1,6,NA,NA,NA,NA,Early regeneration,6,6,FALSE,FALSE,FALSE,0.7,100,0,160,NA,NA,NA
EA-MT1-P85,EA,1,XP212-PR,4,A,18,16,NA,FALSE,0,6,NA,NA,NA,NA,Early regeneration,6,6,FALSE,FALSE,FALSE,0.7,100,0,160,2,NA,NA
BG-MT5-P38,BG,5,XP212-PR,4,A,111,20,5,FALSE,0,155,NA,NA,NA,NA,Early regeneration,6,6,FALSE,FALSE,FALSE,0.7,100,0,160,91,0.05,0.05009592837348113
AE-MT4-P32,AE,4,XP212-PR,4,B,3,2,5,FALSE,0,6,NA,NA,NA,NA,Early regeneration,6,6,FALSE,FALSE,FALSE,0.7,100,0,160,1,0.05,0.05009592837348113
IS-MT1-P9,IS,1,XP212-PR,4,B,6,6,5,FALSE,0,304,NA,NA,NA,NA,Early regeneration,6,6,FALSE,FALSE,FALSE,0.7,100,0,160,0,0.05,0.05009592837348113
OP-MT6-P8,OP,6,XP212-PR,4,B,175,166,7.5,FALSE,0,304,NA,NA,NA,NA,Early regeneration,6,6,FALSE,FALSE,FALSE,0.7,100,0,160,9,0.075,0.07509059901939885
PG-MT1-P14,PG,1,XP212-PR,4,B,1,1,10,FALSE,0,6,NA,NA,NA,NA,Early regeneration,6,6,FALSE,FALSE,FALSE,0.7,100,0,160,0,0.1,0.10008526966531657
BS-MT1-P30,BS,1,XP212-PR,4,B,1,0,0,FALSE,0,100,NA,NA,NA,NA,Early regeneration,6,6,FALSE,FALSE,FALSE,0.7,100,0,160,1,0,1.0658708164570453e-4
PA-MT7-P18,PA,7,XP212-PR,4,B,41,11,2.5,FALSE,0,155,NA,NA,NA,NA,Early regeneration,6,6,FALSE,FALSE,FALSE,0.7,100,0,160,30,0.025,0.025101257727563418
EA-MT1-P39,EA,1,XP212-PR,4,B,25,10,1,FALSE,0,100,NA,NA,NA,NA,Early regeneration,6,6,FALSE,FALSE,FALSE,0.7,100,0,160,15,0.01,0.01010445534001279
BP-MT3-P2,BP,3,XP212-PR,4,B,3,1,1,FALSE,0,6,NA,NA,NA,NA,Early regeneration,6,6,FALSE,FALSE,FALSE,0.7,100,0,160,2,0.01,0.01010445534001279
BG-MT2-P49,BG,2,XP212-PR,4,B,68,7,0.5,FALSE,0,155,NA,NA,NA,NA,Early regeneration,6,6,FALSE,FALSE,FALSE,0.7,100,0,160,61,0.005,0.005105521210829247
BU-MT3-P25,BU,3,XP212-PR,4,B,4,0,0,FALSE,0,155,NA,NA,NA,NA,Early regeneration,6,6,FALSE,FALSE,FALSE,0.7,100,0,160,4,0,1.0658708164570453e-4
CH-MT5-P27,CH,5,XP212-PR,4,B,7,6,1,FALSE,0,155,NA,NA,NA,NA,Early regeneration,6,6,FALSE,FALSE,FALSE,0.7,100,0,160,1,0.01,0.01010445534001279
VB-MT3-P57,VB,3,XP212-PR,4,B,3,1,25,FALSE,0,6,NA,NA,NA,NA,Early regeneration,6,6,FALSE,FALSE,FALSE,0.7,100,0,160,2,0.25,0.25005329354082284
AE-MT5-P56,AE,5,XP212-PR,4,C,3,1,0.5,FALSE,0,6,NA,20.958840561871853,NA,NA,Early regeneration,6,6,FALSE,FALSE,FALSE,0.7,100,0,160,2,0.005,0.005105521210829247
IS-MT4-P37,IS,4,XP212-PR,4,C,9,9,5,FALSE,0,304,3.5225,23.907582305537655,4.989,1.397,Early regeneration,6,6,FALSE,FALSE,FALSE,0.7,100,0,160,0,0.05,0.05009592837348113
CH-MT2-P14,CH,2,XP212-PR,4,C,10,9,2.5,FALSE,0,155,1.9224999999999999,42.76340657810451,1.125,0.32,Early regeneration,6,6,FALSE,FALSE,FALSE,0.7,100,0,160,1,0.025,0.025101257727563418
BP-MT5-P39,BP,5,XP212-PR,4,C,NA,NA,NA,FALSE,1,6,NA,NA,NA,NA,Early regeneration,6,6,FALSE,FALSE,FALSE,0.7,100,0,160,NA,NA,NA
VB-MT2-P68,VB,2,XP212-PR,4,C,3,3,30,FALSE,0,6,1.6549999999999998,9.160219782060889,0.617,0.118,Early regeneration,6,6,FALSE,FALSE,FALSE,0.7,100,0,160,0,0.3,0.3000426348326583
OP-MT7-P29,OP,7,XP212-PR,4,C,120,113,7.5,FALSE,0,304,NA,NA,NA,NA,Early regeneration,6,6,FALSE,FALSE,FALSE,0.7,100,0,160,7,0.075,0.07509059901939885
BU-MT4-P61,BU,4,XP212-PR,4,C,5,0,0,FALSE,0,155,3.37,26.189145963687466,1.806,0.676,Early regeneration,6,6,FALSE,FALSE,FALSE,0.7,100,0,160,5,0,1.0658708164570453e-4
CP-MT3-P4,CP,3,XP212-PR,4,C,5,5,2.5,FALSE,0,304,NA,NA,NA,NA,Early regeneration,6,6,FALSE,FALSE,FALSE,0.7,100,0,160,0,0.025,0.025101257727563418
BG-MT3-P32,BG,3,XP212-PR,4,C,58,13,1,FALSE,0,155,2.485,40.627832877921406,2.989,0.79,Early regeneration,6,6,FALSE,FALSE,FALSE,0.7,100,0,160,45,0.01,0.01010445534001279
DC-MT2-P6,DC,2,XP212-PR,4,C,3,2,0.5,FALSE,0,155,NA,NA,NA,NA,Early regeneration,6,6,FALSE,FALSE,FALSE,0.7,100,0,160,1,0.005,0.005105521210829247
MC-MT2-P26,MC,2,XP212-PR,4,C,NA,NA,NA,FALSE,1,155,NA,NA,NA,NA,Early regeneration,6,6,FALSE,FALSE,FALSE,0.7,100,0,160,NA,NA,NA
EA-MT5-P18,EA,5,XP212-PR,4,C,9,6,2.5,FALSE,0,100,4.31,18.013082525223627,0.645,0.296,Early regeneration,6,6,FALSE,FALSE,FALSE,0.7,100,0,160,3,0.025,0.025101257727563418
PG-MT2-P9,PG,2,XP212-PR,4,C,3,1,0.5,FALSE,0,6,NA,NA,NA,NA,Early regeneration,6,6,FALSE,FALSE,FALSE,0.7,100,0,160,2,0.005,0.005105521210829247
BS-MT1-P10,BS,1,XP212-PR,4,C,1,1,10,FALSE,0,155,NA,NA,NA,NA,Early regeneration,6,6,FALSE,FALSE,FALSE,0.7,100,0,160,0,0.1,0.10008526966531657
IS-MT3-P35,IS,3,XP212-PR,5,A,NA,NA,NA,FALSE,1,-14,NA,NA,NA,NA,Early regeneration,6,6,FALSE,FALSE,FALSE,0.7,100,0,160,NA,NA,NA
CP-MT2-P57,CP,2,XP212-PR,5,A,NA,NA,NA,FALSE,1,304,NA,NA,NA,NA,Early regeneration,6,6,FALSE,FALSE,FALSE,0.7,100,0,160,NA,NA,NA
OP-MT8-P27,OP,8,XP212-PR,5,A,NA,NA,NA,FALSE,1,304,NA,NA,NA,NA,Early regeneration,6,6,FALSE,FALSE,FALSE,0.7,100,0,160,NA,NA,NA
BG-MT4-P75,BG,4,XP212-PR,5,A,NA,NA,NA,FALSE,1,155,NA,NA,NA,NA,Early regeneration,6,6,FALSE,FALSE,FALSE,0.7,100,0,160,NA,NA,NA
DC-MT1-P55,DC,1,XP212-PR,5,A,NA,NA,NA,FALSE,1,155,NA,NA,NA,NA,Early regeneration,6,6,FALSE,FALSE,FALSE,0.7,100,0,160,NA,NA,NA
PG-MT2-P11,PG,2,XP212-PR,5,A,NA,NA,NA,FALSE,0,6,NA,NA,NA,NA,Early regeneration,6,6,FALSE,FALSE,FALSE,0.7,100,0,160,NA,NA,NA
AE-MT1-P44,AE,1,XP212-PR,5,A,NA,NA,NA,FALSE,0,6,NA,NA,NA,NA,Early regeneration,6,6,FALSE,FALSE,FALSE,0.7,100,0,160,NA,NA,NA
CP-MT3-P54,CP,3,XP212-PR,5,B,NA,NA,NA,FALSE,1,304,NA,NA,NA,NA,Early regeneration,6,6,FALSE,FALSE,FALSE,0.7,100,0,160,NA,NA,NA
IS-MT1-P66,IS,1,XP212-PR,5,B,NA,NA,NA,FALSE,1,304,NA,NA,NA,NA,Early regeneration,6,6,FALSE,FALSE,FALSE,0.7,100,0,160,NA,NA,NA
OP-MT6-P2,OP,6,XP212-PR,5,B,NA,NA,NA,FALSE,1,304,NA,NA,NA,NA,Early regeneration,6,6,FALSE,FALSE,FALSE,0.7,100,0,160,NA,NA,NA
BU-MT1-P6,BU,1,XP212-PR,5,B,NA,NA,NA,FALSE,1,304,NA,NA,NA,NA,Early regeneration,6,6,FALSE,FALSE,FALSE,0.7,100,0,160,NA,NA,NA
PA-MT6-P11,PA,6,XP212-PR,5,B,NA,NA,NA,FALSE,1,304,NA,NA,NA,NA,Early regeneration,6,6,FALSE,FALSE,FALSE,0.7,100,0,160,NA,NA,NA
PG-MT2-P64,PG,2,XP212-PR,5,B,NA,NA,NA,FALSE,0,6,NA,NA,NA,NA,Early regeneration,6,6,FALSE,FALSE,FALSE,0.7,100,0,160,NA,NA,NA
DC-MT2-P23,DC,2,XP212-PR,5,B,NA,NA,NA,FALSE,1,155,NA,NA,NA,NA,Early regeneration,6,6,FALSE,FALSE,FALSE,0.7,100,0,160,NA,NA,NA
BG-MT5-P63,BG,5,XP212-PR,5,B,NA,NA,NA,FALSE,0,155,NA,NA,NA,NA,Early regeneration,6,6,FALSE,FALSE,FALSE,0.7,100,0,160,NA,NA,NA
CH-MT4-P78,CH,4,XP212-PR,5,B,NA,NA,NA,FALSE,1,155,NA,NA,NA,NA,Early regeneration,6,6,FALSE,FALSE,FALSE,0.7,100,0,160,NA,NA,NA
AE-MT2-P7,AE,2,XP212-PR,5,B,NA,NA,NA,FALSE,0,6,NA,NA,NA,NA,Early regeneration,6,6,FALSE,FALSE,FALSE,0.7,100,0,160,NA,NA,NA
OP-MT2-P51,OP,2,XP212-PR,5,C,NA,NA,NA,FALSE,1,-14,NA,NA,NA,NA,Early regeneration,6,6,FALSE,FALSE,FALSE,0.7,100,0,160,NA,NA,NA
CP-MT4-P3,CP,4,XP212-PR,5,C,NA,NA,NA,FALSE,0,304,NA,NA,NA,NA,Early regeneration,6,6,FALSE,FALSE,FALSE,0.7,100,0,160,NA,NA,NA
DC-MT5-P1,DC,5,XP212-PR,5,C,NA,NA,NA,FALSE,1,155,NA,NA,NA,NA,Early regeneration,6,6,FALSE,FALSE,FALSE,0.7,100,0,160,NA,NA,NA
BG-MT2-P99,BG,2,XP212-PR,5,C,NA,NA,NA,FALSE,1,155,NA,NA,NA,NA,Early regeneration,6,6,FALSE,FALSE,FALSE,0.7,100,0,160,NA,NA,NA
CH-MT3-P33,CH,3,XP212-PR,5,C,NA,NA,NA,FALSE,1,155,NA,NA,NA,NA,Early regeneration,6,6,FALSE,FALSE,FALSE,0.7,100,0,160,NA,NA,NA
AE-MT5-P9,AE,5,XP212-PR,5,C,NA,NA,NA,FALSE,0,6,NA,NA,NA,NA,Early regeneration,6,6,FALSE,FALSE,FALSE,0.7,100,0,160,NA,NA,NA
IS-MT3-P89,IS,3,XP212-PR,5,C,NA,NA,NA,FALSE,0,6,NA,NA,NA,NA,Early regeneration,6,6,FALSE,FALSE,FALSE,0.7,100,0,160,NA,NA,NA
PG-MT4-P22,PG,4,XP212-PR,5,C,NA,NA,NA,FALSE,0,6,NA,NA,NA,NA,Early regeneration,6,6,FALSE,FALSE,FALSE,0.7,100,0,160,NA,NA,NA
PG-MT5-P47,PG,5,XP213-PR,1,A,2,2,0.5,FALSE,0,5,NA,NA,NA,NA,Early regeneration,6,6,FALSE,FALSE,FALSE,0.15,252,0,161,0,0.005,0.005105521210829247
BP-MT4-P91,BP,4,XP213-PR,1,A,0,0,0,FALSE,1,5,NA,NA,NA,NA,Early regeneration,6,6,FALSE,FALSE,FALSE,0.15,252,0,161,0,0,1.0658708164570453e-4
VB-MT5-P35,VB,5,XP213-PR,1,A,5,4,15,FALSE,0,5,NA,NA,NA,NA,Early regeneration,6,6,FALSE,FALSE,FALSE,0.15,252,0,161,1,0.15,0.150074610957152
CH-MT2-P13,CH,2,XP213-PR,1,A,15,15,10,FALSE,0,162,NA,NA,NA,NA,Early regeneration,6,6,FALSE,FALSE,FALSE,0.15,252,0,161,0,0.1,0.10008526966531657
AE-MT4-P39,AE,4,XP213-PR,1,A,0,0,0,FALSE,NA,NA,NA,NA,NA,NA,Early regeneration,6,6,FALSE,FALSE,FALSE,0.15,252,0,161,0,0,1.0658708164570453e-4
PA-MT6-P26,PA,6,XP213-PR,1,A,281,122,5,FALSE,0,300,NA,NA,NA,NA,Early regeneration,6,6,FALSE,FALSE,FALSE,0.15,252,0,161,159,0.05,0.05009592837348113
EA-MT5-P35,EA,5,XP213-PR,1,A,20,16,0.5,FALSE,0,105,NA,NA,NA,NA,Early regeneration,6,6,FALSE,FALSE,FALSE,0.15,252,0,161,4,0.005,0.005105521210829247
DC-MT4-P16,DC,4,XP213-PR,1,A,NA,NA,NA,FALSE,1,162,NA,NA,NA,NA,Early regeneration,6,6,FALSE,FALSE,FALSE,0.15,252,0,161,NA,NA,NA
OP-MT9-P40,OP,9,XP213-PR,1,A,126,100,7.5,FALSE,0,352,NA,NA,NA,NA,Early regeneration,6,6,FALSE,FALSE,FALSE,0.15,252,0,161,26,0.075,0.07509059901939885
CP-MT4-P16,CP,4,XP213-PR,1,A,11,5,0.5,FALSE,0,300,NA,NA,NA,NA,Early regeneration,6,6,FALSE,FALSE,FALSE,0.15,252,0,161,6,0.005,0.005105521210829247
MC-MT2-P21,MC,2,XP213-PR,1,A,16,13,10,FALSE,0,162,NA,NA,NA,NA,Early regeneration,6,6,FALSE,FALSE,FALSE,0.15,252,0,161,3,0.1,0.10008526966531657
BG-MT1-P16,BG,1,XP213-PR,1,A,61,14,1,FALSE,0,162,NA,NA,NA,NA,Early regeneration,6,6,FALSE,FALSE,FALSE,0.15,252,0,161,47,0.01,0.01010445534001279
BS-MT1-P61,BS,1,XP213-PR,1,A,NA,NA,NA,FALSE,1,105,NA,NA,NA,NA,Early regeneration,6,6,FALSE,FALSE,FALSE,0.15,252,0,161,NA,NA,NA
BS-MT1-P61,BS,1,XP213-PR,1,A,NA,NA,NA,FALSE,0,127,NA,NA,NA,NA,Early regeneration,6,6,FALSE,FALSE,FALSE,0.15,252,0,161,NA,NA,NA
BU-MT3-P7,BU,3,XP213-PR,1,A,4,0,0,FALSE,0,162,NA,NA,NA,NA,Early regeneration,6,6,FALSE,FALSE,FALSE,0.15,252,0,161,4,0,1.0658708164570453e-4
MC-MT3-P11,MC,3,XP213-PR,1,B,0,0,0,FALSE,0,162,NA,NA,NA,NA,Early regeneration,6,6,FALSE,FALSE,FALSE,0.15,252,0,161,0,0,1.0658708164570453e-4
BS-MT5-P3,BS,5,XP213-PR,1,B,5,3,10,FALSE,0,162,NA,NA,NA,NA,Early regeneration,6,6,FALSE,FALSE,FALSE,0.15,252,0,161,2,0.1,0.10008526966531657
BP-MT2-P40,BP,2,XP213-PR,1,B,0,0,0,FALSE,1,5,NA,NA,NA,NA,Early regeneration,6,6,FALSE,FALSE,FALSE,0.15,252,0,161,0,0,1.0658708164570453e-4
CP-MT1-P18,CP,1,XP213-PR,1,B,5,5,0.5,FALSE,0,162,NA,NA,NA,NA,Early regeneration,6,6,FALSE,FALSE,FALSE,0.15,252,0,161,0,0.005,0.005105521210829247
AE-MT2-P20,AE,2,XP213-PR,1,B,3,3,25,FALSE,0,5,NA,NA,NA,NA,Early regeneration,6,6,FALSE,FALSE,FALSE,0.15,252,0,161,0,0.25,0.25005329354082284
PA-MT6-P4,PA,6,XP213-PR,1,B,342,89,1,FALSE,0,300,NA,NA,NA,NA,Early regeneration,6,6,FALSE,FALSE,FALSE,0.15,252,0,161,253,0.01,0.01010445534001279
BU-MT4-P10,BU,4,XP213-PR,1,B,10,2,0.5,FALSE,0,162,NA,NA,NA,NA,Early regeneration,6,6,FALSE,FALSE,FALSE,0.15,252,0,161,8,0.005,0.005105521210829247
OP-MT2-P34,OP,2,XP213-PR,1,B,78,70,70,FALSE,0,352,NA,NA,NA,NA,Early regeneration,6,6,FALSE,FALSE,FALSE,0.15,252,0,161,8,0.7,0.6999573651673417
EA-MT1-P103,EA,1,XP213-PR,1,B,0,0,0,FALSE,1,5,NA,NA,NA,NA,Early regeneration,6,6,FALSE,FALSE,FALSE,0.15,252,0,161,0,0,1.0658708164570453e-4
BG-MT5-P31,BG,5,XP213-PR,1,B,NA,NA,NA,FALSE,1,57,NA,NA,NA,NA,Early regeneration,6,6,FALSE,FALSE,FALSE,0.15,252,0,161,NA,NA,NA
BG-MT1-P63,BG,1,XP213-PR,1,B,7,7,5,FALSE,0,5,NA,NA,NA,NA,Early regeneration,6,6,FALSE,FALSE,FALSE,0.15,252,0,161,0,0.05,0.05009592837348113
PG-MT1-P24,PG,1,XP213-PR,1,B,1,1,0.5,FALSE,0,5,NA,NA,NA,NA,Early regeneration,6,6,FALSE,FALSE,FALSE,0.15,252,0,161,0,0.005,0.005105521210829247
VB-MT1-P7,VB,1,XP213-PR,1,B,47,10,1,FALSE,0,162,NA,NA,NA,NA,Early regeneration,6,6,FALSE,FALSE,FALSE,0.15,252,0,161,37,0.01,0.01010445534001279
CH-MT4-P16,CH,4,XP213-PR,1,B,11,10,2.5,FALSE,0,162,NA,NA,NA,NA,Early regeneration,6,6,FALSE,FALSE,FALSE,0.15,252,0,161,1,0.025,0.025101257727563418
IS-MT2-P16,IS,2,XP213-PR,1,B,2,0,0,FALSE,NA,NA,NA,NA,NA,NA,Early regeneration,6,6,FALSE,FALSE,FALSE,0.15,252,0,161,2,0,1.0658708164570453e-4
EA-MT5-P69,EA,5,XP213-PR,1,C,2,1,0.5,FALSE,0,105,NA,NA,NA,NA,Early regeneration,6,6,FALSE,FALSE,FALSE,0.15,252,0,161,1,0.005,0.005105521210829247
OP-MT8-P53,OP,8,XP213-PR,1,C,61,20,5,FALSE,0,300,NA,NA,NA,NA,Early regeneration,6,6,FALSE,FALSE,FALSE,0.15,252,0,161,41,0.05,0.05009592837348113
BP-MT1-P61,BP,1,XP213-PR,1,C,0,0,0,FALSE,1,5,NA,NA,NA,NA,Early regeneration,6,6,FALSE,FALSE,FALSE,0.15,252,0,161,0,0,1.0658708164570453e-4
AE-MT3-P21,AE,3,XP213-PR,1,C,3,2,0.5,FALSE,0,5,NA,NA,NA,NA,Early regeneration,6,6,FALSE,FALSE,FALSE,0.15,252,0,161,1,0.005,0.005105521210829247
CP-MT3-P39,CP,3,XP213-PR,1,C,5,4,1,FALSE,0,300,NA,NA,NA,NA,Early regeneration,6,6,FALSE,FALSE,FALSE,0.15,252,0,161,1,0.01,0.01010445534001279
IS-MT3-P40,IS,3,XP213-PR,1,C,2,1,1,FALSE,0,105,4.115,37.61220757361703,1.425,0.637,Early regeneration,6,6,FALSE,FALSE,FALSE,0.15,252,0,161,1,0.01,0.01010445534001279
BS-MT6-P64,BS,6,XP213-PR,1,C,5,4,5,FALSE,0,105,NA,NA,NA,NA,Early regeneration,6,6,FALSE,FALSE,FALSE,0.15,252,0,161,1,0.05,0.05009592837348113
PG-MT1-P47,PG,1,XP213-PR,1,C,2,1,0.5,FALSE,0,5,NA,NA,NA,NA,Early regeneration,6,6,FALSE,FALSE,FALSE,0.15,252,0,161,1,0.005,0.005105521210829247
CH-MT3-P3,CH,3,XP213-PR,1,C,17,17,2.5,FALSE,0,162,1.5575,55.90890813106985,2.697,0.982,Early regeneration,6,6,FALSE,FALSE,FALSE,0.15,252,0,161,0,0.025,0.025101257727563418
BG-MT2-P78,BG,2,XP213-PR,1,C,30,5,2.5,FALSE,0,162,2.2199999999999998,43.91219635319409,0.966,0.283,Early regeneration,6,6,FALSE,FALSE,FALSE,0.15,252,0,161,25,0.025,0.025101257727563418
MC-MT1-P50,MC,1,XP213-PR,1,C,NA,NA,NA,FALSE,1,57,NA,NA,NA,NA,Early regeneration,6,6,FALSE,FALSE,FALSE,0.15,252,0,161,NA,NA,NA
MC-MT1-P9,MC,1,XP213-PR,1,C,1,1,0.5,FALSE,0,5,2.3925,17.87887334791359,0.596,0.157,Early regeneration,6,6,FALSE,FALSE,FALSE,0.15,252,0,161,0,0.005,0.005105521210829247
BU-MT2-P31,BU,2,XP213-PR,1,C,2,0,0,FALSE,0,162,NA,NA,NA,NA,Early regeneration,6,6,FALSE,FALSE,FALSE,0.15,252,0,161,2,0,1.0658708164570453e-4
DC-MT4-P4,DC,4,XP213-PR,1,C,3,2,5,FALSE,0,162,NA,NA,NA,NA,Early regeneration,6,6,FALSE,FALSE,FALSE,0.15,252,0,161,1,0.05,0.05009592837348113
VB-MT3-P28,VB,3,XP213-PR,1,C,5,4,5,FALSE,0,5,NA,NA,NA,NA,Early regeneration,6,6,FALSE,FALSE,FALSE,0.15,252,0,161,1,0.05,0.05009592837348113
OP-MT2-P55,OP,2,XP213-PR,2,A,31,29,2.5,FALSE,0,352,NA,NA,NA,NA,Early regeneration,6,6,FALSE,FALSE,FALSE,0.15,252,0,161,2,0.025,0.025101257727563418
MC-MT2-P29,MC,2,XP213-PR,2,A,7,6,20,FALSE,0,162,NA,NA,NA,NA,Early regeneration,6,6,FALSE,FALSE,FALSE,0.15,252,0,161,1,0.2,0.20006395224898743
PA-MT3-P5,PA,3,XP213-PR,2,A,70,18,1,FALSE,0,352,NA,NA,NA,NA,Early regeneration,6,6,FALSE,FALSE,FALSE,0.15,252,0,161,52,0.01,0.01010445534001279
CH-MT2-P39,CH,2,XP213-PR,2,A,3,2,0.5,FALSE,0,162,NA,NA,NA,NA,Early regeneration,6,6,FALSE,FALSE,FALSE,0.15,252,0,161,1,0.005,0.005105521210829247
AE-MT5-P34,AE,5,XP213-PR,2,A,4,2,1,FALSE,0,5,NA,NA,NA,NA,Early regeneration,6,6,FALSE,FALSE,FALSE,0.15,252,0,161,2,0.01,0.01010445534001279
CP-MT4-P62,CP,4,XP213-PR,2,A,7,3,0.5,FALSE,0,300,NA,NA,NA,NA,Early regeneration,6,6,FALSE,FALSE,FALSE,0.15,252,0,161,4,0.005,0.005105521210829247
BG-MT1-P84,BG,1,XP213-PR,2,A,52,8,0.5,FALSE,0,162,NA,NA,NA,NA,Early regeneration,6,6,FALSE,FALSE,FALSE,0.15,252,0,161,44,0.005,0.005105521210829247
DC-MT1-P46,DC,1,XP213-PR,2,A,3,2,0.5,FALSE,0,162,NA,NA,NA,NA,Early regeneration,6,6,FALSE,FALSE,FALSE,0.15,252,0,161,1,0.005,0.005105521210829247
IS-MT5-P75,IS,5,XP213-PR,2,A,8,7,1,FALSE,0,352,NA,NA,NA,NA,Early regeneration,6,6,FALSE,FALSE,FALSE,0.15,252,0,161,1,0.01,0.01010445534001279
EA-MT5-P83,EA,5,XP213-PR,2,A,12,7,10,FALSE,0,5,NA,NA,NA,NA,Early regeneration,6,6,FALSE,FALSE,FALSE,0.15,252,0,161,5,0.1,0.10008526966531657
PG-MT3-P26,PG,3,XP213-PR,2,A,1,0,0,FALSE,0,5,NA,NA,NA,NA,Early regeneration,6,6,FALSE,FALSE,FALSE,0.15,252,0,161,1,0,1.0658708164570453e-4
VB-MT2-P9,VB,2,XP213-PR,2,A,0,0,0,FALSE,0,5,NA,NA,NA,NA,Early regeneration,6,6,FALSE,FALSE,FALSE,0.15,252,0,161,0,0,1.0658708164570453e-4
BP-MT2-P69,BP,2,XP213-PR,2,A,0,0,0,FALSE,1,5,NA,NA,NA,NA,Early regeneration,6,6,FALSE,FALSE,FALSE,0.15,252,0,161,0,0,1.0658708164570453e-4
BU-MT4-P23,BU,4,XP213-PR,2,A,0,0,0,FALSE,NA,NA,NA,NA,NA,NA,Early regeneration,6,6,FALSE,FALSE,FALSE,0.15,252,0,161,0,0,1.0658708164570453e-4
BS-MT1-P13,BS,1,XP213-PR,2,A,1,1,10,FALSE,0,162,NA,NA,NA,NA,Early regeneration,6,6,FALSE,FALSE,FALSE,0.15,252,0,161,0,0.1,0.10008526966531657
IS-MT4-P28,IS,4,XP213-PR,2,B,2,2,7.5,FALSE,0,300,NA,NA,NA,NA,Early regeneration,6,6,FALSE,FALSE,FALSE,0.15,252,0,161,0,0.075,0.07509059901939885
MC-MT3-P15,MC,3,XP213-PR,2,B,13,9,5,FALSE,0,162,NA,NA,NA,NA,Early regeneration,6,6,FALSE,FALSE,FALSE,0.15,252,0,161,4,0.05,0.05009592837348113
CH-MT1-P27,CH,1,XP213-PR,2,B,8,1,0.5,FALSE,0,300,NA,NA,NA,NA,Early regeneration,6,6,FALSE,FALSE,FALSE,0.15,252,0,161,7,0.005,0.005105521210829247
PG-MT1-P54,PG,1,XP213-PR,2,B,NA,NA,NA,FALSE,1,5,NA,NA,NA,NA,Early regeneration,6,6,FALSE,FALSE,FALSE,0.15,252,0,161,NA,NA,NA
DC-MT3-P31,DC,3,XP213-PR,2,B,NA,NA,NA,FALSE,1,162,NA,NA,NA,NA,Early regeneration,6,6,FALSE,FALSE,FALSE,0.15,252,0,161,NA,NA,NA
EA-MT3-P7,EA,3,XP213-PR,2,B,26,21,1,FALSE,0,300,NA,NA,NA,NA,Early regeneration,6,6,FALSE,FALSE,FALSE,0.15,252,0,161,5,0.01,0.01010445534001279
BU-MT4-P26,BU,4,XP213-PR,2,B,4,0,0,FALSE,0,162,NA,NA,NA,NA,Early regeneration,6,6,FALSE,FALSE,FALSE,0.15,252,0,161,4,0,1.0658708164570453e-4
BP-MT5-P29,BP,5,XP213-PR,2,B,0,0,0,FALSE,1,5,NA,NA,NA,NA,Early regeneration,6,6,FALSE,FALSE,FALSE,0.15,252,0,161,0,0,1.0658708164570453e-4
AE-MT3-P56,AE,3,XP213-PR,2,B,3,1,0.5,FALSE,0,5,NA,NA,NA,NA,Early regeneration,6,6,FALSE,FALSE,FALSE,0.15,252,0,161,2,0.005,0.005105521210829247
CP-MT5-P61,CP,5,XP213-PR,2,B,4,4,2.5,FALSE,0,162,NA,NA,NA,NA,Early regeneration,6,6,FALSE,FALSE,FALSE,0.15,252,0,161,0,0.025,0.025101257727563418
BS-MT5-P48,BS,5,XP213-PR,2,B,1,1,25,FALSE,0,105,NA,NA,NA,NA,Early regeneration,6,6,FALSE,FALSE,FALSE,0.15,252,0,161,0,0.25,0.25005329354082284
VB-MT3-P62,VB,3,XP213-PR,2,B,2,2,10,FALSE,0,5,NA,NA,NA,NA,Early regeneration,6,6,FALSE,FALSE,FALSE,0.15,252,0,161,0,0.1,0.10008526966531657
BG-MT4-P10,BG,4,XP213-PR,2,B,13,3,0.5,FALSE,0,162,NA,NA,NA,NA,Early regeneration,6,6,FALSE,FALSE,FALSE,0.15,252,0,161,10,0.005,0.005105521210829247
PA-MT7-P38,PA,7,XP213-PR,2,B,32,4,1,FALSE,0,162,NA,NA,NA,NA,Early regeneration,6,6,FALSE,FALSE,FALSE,0.15,252,0,161,28,0.01,0.01010445534001279
IS-MT1-P37,IS,1,XP213-PR,2,C,7,6,7.5,FALSE,0,300,NA,NA,NA,NA,Early regeneration,6,6,FALSE,FALSE,FALSE,0.15,252,0,161,1,0.075,0.07509059901939885
EA-MT1-P23,EA,1,XP213-PR,2,C,14,10,1,FALSE,0,105,NA,NA,NA,NA,Early regeneration,6,6,FALSE,FALSE,FALSE,0.15,252,0,161,4,0.01,0.01010445534001279
BP-MT4-P23,BP,4,XP213-PR,2,C,0,0,0,FALSE,1,5,NA,NA,NA,NA,Early regeneration,6,6,FALSE,FALSE,FALSE,0.15,252,0,161,0,0,1.0658708164570453e-4
BS-MT6-P38,BS,6,XP213-PR,2,C,3,2,10,FALSE,0,105,NA,NA,NA,NA,Early regeneration,6,6,FALSE,FALSE,FALSE,0.15,252,0,161,1,0.1,0.10008526966531657
BU-MT1-P24,BU,1,XP213-PR,2,C,NA,NA,NA,FALSE,1,195,NA,NA,NA,NA,Early regeneration,6,6,FALSE,FALSE,FALSE,0.15,252,0,161,NA,NA,NA
BU-MT1-P78,BU,1,XP213-PR,2,C,3,0,0,FALSE,0,5,NA,NA,NA,NA,Early regeneration,6,6,FALSE,FALSE,FALSE,0.15,252,0,161,3,0,1.0658708164570453e-4
CH-MT2-P40,CH,2,XP213-PR,2,C,7,5,0.5,FALSE,0,162,NA,NA,NA,NA,Early regeneration,6,6,FALSE,FALSE,FALSE,0.15,252,0,161,2,0.005,0.005105521210829247
AE-MT4-P13,AE,4,XP213-PR,2,C,0,0,0,FALSE,1,5,NA,NA,NA,NA,Early regeneration,6,6,FALSE,FALSE,FALSE,0.15,252,0,161,0,0,1.0658708164570453e-4
OP-MT8-P59,OP,8,XP213-PR,2,C,134,55,2.5,FALSE,0,300,NA,NA,NA,NA,Early regeneration,6,6,FALSE,FALSE,FALSE,0.15,252,0,161,79,0.025,0.025101257727563418
PG-MT5-P12,PG,5,XP213-PR,2,C,3,2,1,FALSE,0,5,NA,NA,NA,NA,Early regeneration,6,6,FALSE,FALSE,FALSE,0.15,252,0,161,1,0.01,0.01010445534001279
VB-MT3-P59,VB,3,XP213-PR,2,C,1,1,1,FALSE,0,5,NA,NA,NA,NA,Early regeneration,6,6,FALSE,FALSE,FALSE,0.15,252,0,161,0,0.01,0.01010445534001279
BG-MT1-P35,BG,1,XP213-PR,2,C,23,4,0.5,FALSE,0,162,NA,NA,NA,NA,Early regeneration,6,6,FALSE,FALSE,FALSE,0.15,252,0,161,19,0.005,0.005105521210829247
DC-MT5-P77,DC,5,XP213-PR,2,C,NA,NA,NA,FALSE,1,5,NA,NA,NA,NA,Early regeneration,6,6,FALSE,FALSE,FALSE,0.15,252,0,161,NA,NA,NA
OP-MT9-P37,OP,9,XP213-PR,3,A,25,20,2.5,FALSE,0,352,NA,NA,NA,NA,Early regeneration,6,6,FALSE,FALSE,FALSE,0.15,252,0,161,5,0.025,0.025101257727563418
PG-MT1-P42,PG,1,XP213-PR,3,A,2,1,0.5,FALSE,0,5,NA,NA,NA,NA,Early regeneration,6,6,FALSE,FALSE,FALSE,0.15,252,0,161,1,0.005,0.005105521210829247
IS-MT2-P51,IS,2,XP213-PR,3,A,6,6,2.5,FALSE,0,352,NA,NA,NA,NA,Early regeneration,6,6,FALSE,FALSE,FALSE,0.15,252,0,161,0,0.025,0.025101257727563418
BG-MT3-P74,BG,3,XP213-PR,3,A,59,6,0.5,FALSE,0,162,NA,NA,NA,NA,Early regeneration,6,6,FALSE,FALSE,FALSE,0.15,252,0,161,53,0.005,0.005105521210829247
DC-MT3-P34,DC,3,XP213-PR,3,A,4,3,5,FALSE,0,162,NA,NA,NA,NA,Early regeneration,6,6,FALSE,FALSE,FALSE,0.15,252,0,161,1,0.05,0.05009592837348113
EA-MT4-P8,EA,4,XP213-PR,3,A,10,8,1,FALSE,0,300,NA,NA,NA,NA,Early regeneration,6,6,FALSE,FALSE,FALSE,0.15,252,0,161,2,0.01,0.01010445534001279
BS-MT6-P32,BS,6,XP213-PR,3,A,3,2,2.5,FALSE,0,162,NA,NA,NA,NA,Early regeneration,6,6,FALSE,FALSE,FALSE,0.15,252,0,161,1,0.025,0.025101257727563418
CH-MT4-P63,CH,4,XP213-PR,3,A,6,4,2.5,FALSE,0,162,NA,NA,NA,NA,Early regeneration,6,6,FALSE,FALSE,FALSE,0.15,252,0,161,2,0.025,0.025101257727563418
CP-MT3-P11,CP,3,XP213-PR,3,A,7,6,0.5,FALSE,0,300,NA,NA,NA,NA,Early regeneration,6,6,FALSE,FALSE,FALSE,0.15,252,0,161,1,0.005,0.005105521210829247
BP-MT1-P24,BP,1,XP213-PR,3,A,0,0,0,FALSE,0,5,NA,NA,NA,NA,Early regeneration,6,6,FALSE,FALSE,FALSE,0.15,252,0,161,0,0,1.0658708164570453e-4
BU-MT5-P36,BU,5,XP213-PR,3,A,3,1,0.5,FALSE,0,162,NA,NA,NA,NA,Early regeneration,6,6,FALSE,FALSE,FALSE,0.15,252,0,161,2,0.005,0.005105521210829247
AE-MT1-P1,AE,1,XP213-PR,3,A,2,0,0,FALSE,0,5,NA,NA,NA,NA,Early regeneration,6,6,FALSE,FALSE,FALSE,0.15,252,0,161,2,0,1.0658708164570453e-4
VB-MT1-P2,VB,1,XP213-PR,3,A,12,2,0.5,FALSE,0,162,NA,NA,NA,NA,Early regeneration,6,6,FALSE,FALSE,FALSE,0.15,252,0,161,10,0.005,0.005105521210829247
MC-MT1-P51,MC,1,XP213-PR,3,A,6,5,30,FALSE,0,162,NA,NA,NA,NA,Early regeneration,6,6,FALSE,FALSE,FALSE,0.15,252,0,161,1,0.3,0.3000426348326583
MC-MT1-P1,MC,1,XP213-PR,3,B,NA,NA,NA,FALSE,1,162,NA,NA,NA,NA,Early regeneration,6,6,FALSE,FALSE,FALSE,0.15,252,0,161,NA,NA,NA
CP-MT2-P50,CP,2,XP213-PR,3,B,NA,NA,NA,FALSE,1,195,NA,NA,NA,NA,Early regeneration,6,6,FALSE,FALSE,FALSE,0.15,252,0,161,NA,NA,NA
CP-MT1-P62,CP,1,XP213-PR,3,B,0,0,0,FALSE,0,5,NA,NA,NA,NA,Early regeneration,6,6,FALSE,FALSE,FALSE,0.15,252,0,161,0,0,1.0658708164570453e-4
EA-MT5-P57,EA,5,XP213-PR,3,B,17,7,1,FALSE,0,105,NA,NA,NA,NA,Early regeneration,6,6,FALSE,FALSE,FALSE,0.15,252,0,161,10,0.01,0.01010445534001279
IS-MT5-P30,IS,5,XP213-PR,3,B,17,14,5,FALSE,0,352,NA,NA,NA,NA,Early regeneration,6,6,FALSE,FALSE,FALSE,0.15,252,0,161,3,0.05,0.05009592837348113
OP-MT7-P55,OP,7,XP213-PR,3,B,32,28,5,FALSE,0,300,NA,NA,NA,NA,Early regeneration,6,6,FALSE,FALSE,FALSE,0.15,252,0,161,4,0.05,0.05009592837348113
CH-MT4-P23,CH,4,XP213-PR,3,B,7,7,40,FALSE,0,162,NA,NA,NA,NA,Early regeneration,6,6,FALSE,FALSE,FALSE,0.15,252,0,161,0,0.4,0.4000213174163291
BS-MT7-P17,BS,7,XP213-PR,3,B,5,3,15,FALSE,0,162,NA,NA,NA,NA,Early regeneration,6,6,FALSE,FALSE,FALSE,0.15,252,0,161,2,0.15,0.150074610957152
PG-MT2-P46,PG,2,XP213-PR,3,B,0,0,0,FALSE,0,5,NA,NA,NA,NA,Early regeneration,6,6,FALSE,FALSE,FALSE,0.15,252,0,161,0,0,1.0658708164570453e-4
BU-MT3-P78,BU,3,XP213-PR,3,B,3,0,0,FALSE,0,162,NA,NA,NA,NA,Early regeneration,6,6,FALSE,FALSE,FALSE,0.15,252,0,161,3,0,1.0658708164570453e-4
AE-MT3-P38,AE,3,XP213-PR,3,B,1,1,0.5,FALSE,0,5,NA,NA,NA,NA,Early regeneration,6,6,FALSE,FALSE,FALSE,0.15,252,0,161,0,0.005,0.005105521210829247
DC-MT2-P4,DC,2,XP213-PR,3,B,4,3,0.5,FALSE,0,162,NA,NA,NA,NA,Early regeneration,6,6,FALSE,FALSE,FALSE,0.15,252,0,161,1,0.005,0.005105521210829247
BP-MT1-P51,BP,1,XP213-PR,3,B,1,1,0.5,FALSE,0,5,NA,NA,NA,NA,Early regeneration,6,6,FALSE,FALSE,FALSE,0.15,252,0,161,0,0.005,0.005105521210829247
BG-MT2-P8,BG,2,XP213-PR,3,B,NA,NA,NA,FALSE,1,162,NA,NA,NA,NA,Early regeneration,6,6,FALSE,FALSE,FALSE,0.15,252,0,161,NA,NA,NA
VB-MT5-P62,VB,5,XP213-PR,3,B,2,2,15,FALSE,0,5,NA,NA,NA,NA,Early regeneration,6,6,FALSE,FALSE,FALSE,0.15,252,0,161,0,0.15,0.150074610957152
BS-MT5-P55,BS,5,XP213-PR,3,C,NA,NA,NA,FALSE,1,105,NA,NA,NA,NA,Early regeneration,6,6,FALSE,FALSE,FALSE,0.15,252,0,161,NA,NA,NA
CH-MT5-P9,CH,5,XP213-PR,3,C,7,6,10,FALSE,0,162,NA,NA,NA,NA,Early regeneration,6,6,FALSE,FALSE,FALSE,0.15,252,0,161,1,0.1,0.10008526966531657
IS-MT4-P58,IS,4,XP213-PR,3,C,10,6,1,FALSE,0,300,NA,NA,NA,NA,Early regeneration,6,6,FALSE,FALSE,FALSE,0.15,252,0,161,4,0.01,0.01010445534001279
AE-MT1-P74,AE,1,XP213-PR,3,C,5,4,5,FALSE,0,5,NA,NA,NA,NA,Early regeneration,6,6,FALSE,FALSE,FALSE,0.15,252,0,161,1,0.05,0.05009592837348113
PG-MT1-P43,PG,1,XP213-PR,3,C,1,1,0.5,FALSE,0,5,NA,NA,NA,NA,Early regeneration,6,6,FALSE,FALSE,FALSE,0.15,252,0,161,0,0.005,0.005105521210829247
PA-MT7-P5,PA,7,XP213-PR,3,C,34,5,0.5,FALSE,0,162,NA,NA,NA,NA,Early regeneration,6,6,FALSE,FALSE,FALSE,0.15,252,0,161,29,0.005,0.005105521210829247
CP-MT1-P29,CP,1,XP213-PR,3,C,7,3,2.5,FALSE,0,162,NA,NA,NA,NA,Early regeneration,6,6,FALSE,FALSE,FALSE,0.15,252,0,161,4,0.025,0.025101257727563418
OP-MT6-P52,OP,6,XP213-PR,3,C,43,34,10,FALSE,0,300,NA,NA,NA,NA,Early regeneration,6,6,FALSE,FALSE,FALSE,0.15,252,0,161,9,0.1,0.10008526966531657
MC-MT3-P56,MC,3,XP213-PR,3,C,30,14,5,FALSE,0,162,NA,NA,NA,NA,Early regeneration,6,6,FALSE,FALSE,FALSE,0.15,252,0,161,16,0.05,0.05009592837348113
BG-MT3-P50,BG,3,XP213-PR,3,C,53,7,0.5,FALSE,0,162,NA,NA,NA,NA,Early regeneration,6,6,FALSE,FALSE,FALSE,0.15,252,0,161,46,0.005,0.005105521210829247
BP-MT3-P48,BP,3,XP213-PR,3,C,0,0,0,FALSE,1,5,NA,NA,NA,NA,Early regeneration,6,6,FALSE,FALSE,FALSE,0.15,252,0,161,0,0,1.0658708164570453e-4
EA-MT1-P15,EA,1,XP213-PR,3,C,NA,NA,NA,FALSE,1,105,NA,NA,NA,NA,Early regeneration,6,6,FALSE,FALSE,FALSE,0.15,252,0,161,NA,NA,NA
VB-MT5-P13,VB,5,XP213-PR,3,C,2,2,15,FALSE,0,5,NA,NA,NA,NA,Early regeneration,6,6,FALSE,FALSE,FALSE,0.15,252,0,161,0,0.15,0.150074610957152
DC-MT1-P45,DC,1,XP213-PR,3,C,NA,NA,NA,FALSE,1,162,NA,NA,NA,NA,Early regeneration,6,6,FALSE,FALSE,FALSE,0.15,252,0,161,NA,NA,NA
BU-MT2-P4,BU,2,XP213-PR,3,C,5,1,1,FALSE,0,162,NA,NA,NA,NA,Early regeneration,6,6,FALSE,FALSE,FALSE,0.15,252,0,161,4,0.01,0.01010445534001279
VB-MT3-P47,VB,3,XP213-PR,4,A,0,0,0,FALSE,0,5,NA,NA,NA,NA,Early regeneration,6,6,FALSE,FALSE,FALSE,0.15,252,0,161,0,0,1.0658708164570453e-4
DC-MT3-P20,DC,3,XP213-PR,4,A,0,0,0,FALSE,1,5,NA,NA,NA,NA,Early regeneration,6,6,FALSE,FALSE,FALSE,0.15,252,0,161,0,0,1.0658708164570453e-4
OP-MT6-P25,OP,6,XP213-PR,4,A,48,16,0.5,FALSE,0,300,NA,NA,NA,NA,Early regeneration,6,6,FALSE,FALSE,FALSE,0.15,252,0,161,32,0.005,0.005105521210829247
PA-MT3-P18,PA,3,XP213-PR,4,A,157,56,2.5,FALSE,0,352,NA,NA,NA,NA,Early regeneration,6,6,FALSE,FALSE,FALSE,0.15,252,0,161,101,0.025,0.025101257727563418
CP-MT2-P70,CP,2,XP213-PR,4,A,12,6,0.5,FALSE,1,300,NA,NA,NA,NA,Early regeneration,6,6,FALSE,FALSE,FALSE,0.15,252,0,161,6,0.005,0.005105521210829247
CP-MT2-P80,CP,2,XP213-PR,4,A,NA,NA,NA,FALSE,0,NA,NA,NA,NA,NA,Early regeneration,6,6,FALSE,FALSE,FALSE,0.15,252,0,161,NA,NA,NA
CP-MT2-P80,CP,2,XP213-PR,4,A,NA,NA,NA,FALSE,0,5,NA,NA,NA,NA,Early regeneration,6,6,FALSE,FALSE,FALSE,0.15,252,0,161,NA,NA,NA
BG-MT5-P74,BG,5,XP213-PR,4,A,30,10,0.5,FALSE,0,162,NA,NA,NA,NA,Early regeneration,6,6,FALSE,FALSE,FALSE,0.15,252,0,161,20,0.005,0.005105521210829247
IS-MT3-P78,IS,3,XP213-PR,4,A,NA,NA,NA,FALSE,1,352,NA,NA,NA,NA,Early regeneration,6,6,FALSE,FALSE,FALSE,0.15,252,0,161,NA,NA,NA
BU-MT5-P64,BU,5,XP213-PR,4,A,NA,NA,NA,FALSE,1,162,NA,NA,NA,NA,Early regeneration,6,6,FALSE,FALSE,FALSE,0.15,252,0,161,NA,NA,NA
BP-MT4-P48,BP,4,XP213-PR,4,A,0,0,0,FALSE,0,5,NA,NA,NA,NA,Early regeneration,6,6,FALSE,FALSE,FALSE,0.15,252,0,161,0,0,1.0658708164570453e-4
CH-MT3-P39,CH,3,XP213-PR,4,A,17,17,5,FALSE,0,162,NA,NA,NA,NA,Early regeneration,6,6,FALSE,FALSE,FALSE,0.15,252,0,161,0,0.05,0.05009592837348113
PG-MT4-P47,PG,4,XP213-PR,4,A,2,0,0,FALSE,0,5,NA,NA,NA,NA,Early regeneration,6,6,FALSE,FALSE,FALSE,0.15,252,0,161,2,0,1.0658708164570453e-4
MC-MT2-P42,MC,2,XP213-PR,4,A,NA,NA,NA,FALSE,1,162,NA,NA,NA,NA,Early regeneration,6,6,FALSE,FALSE,FALSE,0.15,252,0,161,NA,NA,NA
AE-MT4-P75,AE,4,XP213-PR,4,A,4,2,5,FALSE,0,5,NA,NA,NA,NA,Early regeneration,6,6,FALSE,FALSE,FALSE,0.15,252,0,161,2,0.05,0.05009592837348113
BS-MT1-P43,BS,1,XP213-PR,4,A,1,1,5,FALSE,0,105,NA,NA,NA,NA,Early regeneration,6,6,FALSE,FALSE,FALSE,0.15,252,0,161,0,0.05,0.05009592837348113
EA-MT1-P31,EA,1,XP213-PR,4,A,12,5,0.5,FALSE,0,105,NA,NA,NA,NA,Early regeneration,6,6,FALSE,FALSE,FALSE,0.15,252,0,161,7,0.005,0.005105521210829247
BP-MT2-P39,BP,2,XP213-PR,4,B,0,0,0,FALSE,1,5,NA,NA,NA,NA,Early regeneration,6,6,FALSE,FALSE,FALSE,0.15,252,0,161,0,0,1.0658708164570453e-4
BG-MT3-P91,BG,3,XP213-PR,4,B,NA,NA,NA,FALSE,1,162,NA,NA,NA,NA,Early regeneration,6,6,FALSE,FALSE,FALSE,0.15,252,0,161,NA,NA,NA
CH-MT1-P48,CH,1,XP213-PR,4,B,NA,NA,NA,FALSE,0,300,NA,NA,NA,NA,Early regeneration,6,6,FALSE,FALSE,FALSE,0.15,252,0,161,NA,NA,NA
EA-MT2-P14,EA,2,XP213-PR,4,B,51,21,1,FALSE,0,300,NA,NA,NA,NA,Early regeneration,6,6,FALSE,FALSE,FALSE,0.15,252,0,161,30,0.01,0.01010445534001279
BU-MT1-P61,BU,1,XP213-PR,4,B,NA,NA,NA,FALSE,1,195,NA,NA,NA,NA,Early regeneration,6,6,FALSE,FALSE,FALSE,0.15,252,0,161,NA,NA,NA
BU-MT1-P71,BU,1,XP213-PR,4,B,3,1,1,FALSE,0,5,NA,NA,NA,NA,Early regeneration,6,6,FALSE,FALSE,FALSE,0.15,252,0,161,2,0.01,0.01010445534001279
IS-MT2-P40,IS,2,XP213-PR,4,B,9,8,5,FALSE,0,352,NA,NA,NA,NA,Early regeneration,6,6,FALSE,FALSE,FALSE,0.15,252,0,161,1,0.05,0.05009592837348113
OP-MT7-P47,OP,7,XP213-PR,4,B,19,16,5,FALSE,0,300,NA,NA,NA,NA,Early regeneration,6,6,FALSE,FALSE,FALSE,0.15,252,0,161,3,0.05,0.05009592837348113
PG-MT2-P65,PG,2,XP213-PR,4,B,2,0,0,FALSE,0,5,NA,NA,NA,NA,Early regeneration,6,6,FALSE,FALSE,FALSE,0.15,252,0,161,2,0,1.0658708164570453e-4
BS-MT6-P2,BS,6,XP213-PR,4,B,NA,NA,NA,FALSE,1,162,NA,NA,NA,NA,Early regeneration,6,6,FALSE,FALSE,FALSE,0.15,252,0,161,NA,NA,NA
AE-MT5-P74,AE,5,XP213-PR,4,B,NA,NA,NA,FALSE,1,5,NA,NA,NA,NA,Early regeneration,6,6,FALSE,FALSE,FALSE,0.15,252,0,161,NA,NA,NA
PA-MT6-P78,PA,6,XP213-PR,4,B,21,12,2.5,FALSE,0,105,NA,NA,NA,NA,Early regeneration,6,6,FALSE,FALSE,FALSE,0.15,252,0,161,9,0.025,0.025101257727563418
DC-MT5-P49,DC,5,XP213-PR,4,B,NA,NA,NA,FALSE,1,162,NA,NA,NA,NA,Early regeneration,6,6,FALSE,FALSE,FALSE,0.15,252,0,161,NA,NA,NA
VB-MT5-P25,VB,5,XP213-PR,4,B,2,0,0,FALSE,NA,NA,NA,NA,NA,NA,Early regeneration,6,6,FALSE,FALSE,FALSE,0.15,252,0,161,2,0,1.0658708164570453e-4
CP-MT3-P86,CP,3,XP213-PR,4,B,0,0,0,FALSE,1,5,NA,NA,NA,NA,Early regeneration,6,6,FALSE,FALSE,FALSE,0.15,252,0,161,0,0,1.0658708164570453e-4
CP-MT5-P1,CP,5,XP213-PR,4,C,NA,NA,NA,FALSE,1,57,NA,NA,NA,NA,Early regeneration,6,6,FALSE,FALSE,FALSE,0.15,252,0,161,NA,NA,NA
CP-MT2-P84,CP,2,XP213-PR,4,C,NA,NA,NA,FALSE,1,5,NA,NA,NA,NA,Early regeneration,6,6,FALSE,FALSE,FALSE,0.15,252,0,161,NA,NA,NA
PG-MT3-P71,PG,3,XP213-PR,4,C,NA,NA,NA,FALSE,1,5,NA,NA,NA,NA,Early regeneration,6,6,FALSE,FALSE,FALSE,0.15,252,0,161,NA,NA,NA
BU-MT3-P28,BU,3,XP213-PR,4,C,NA,NA,NA,FALSE,1,57,NA,NA,NA,NA,Early regeneration,6,6,FALSE,FALSE,FALSE,0.15,252,0,161,NA,NA,NA
BU-MT3-P85,BU,3,XP213-PR,4,C,NA,NA,NA,FALSE,1,5,NA,NA,NA,NA,Early regeneration,6,6,FALSE,FALSE,FALSE,0.15,252,0,161,NA,NA,NA
EA-MT5-P91,EA,5,XP213-PR,4,C,0,0,0,FALSE,0,5,NA,NA,NA,NA,Early regeneration,6,6,FALSE,FALSE,FALSE,0.15,252,0,161,0,0,1.0658708164570453e-4
IS-MT1-P16,IS,1,XP213-PR,4,C,NA,NA,NA,FALSE,1,300,NA,NA,NA,NA,Early regeneration,6,6,FALSE,FALSE,FALSE,0.15,252,0,161,NA,NA,NA
VB-MT4-P52,VB,4,XP213-PR,4,C,3,1,0.5,FALSE,0,5,NA,NA,NA,NA,Early regeneration,6,6,FALSE,FALSE,FALSE,0.15,252,0,161,2,0.005,0.005105521210829247
BS-MT6-P60,BS,6,XP213-PR,4,C,3,2,20,FALSE,0,105,NA,NA,NA,NA,Early regeneration,6,6,FALSE,FALSE,FALSE,0.15,252,0,161,1,0.2,0.20006395224898743
AE-MT2-P55,AE,2,XP213-PR,4,C,NA,NA,NA,FALSE,1,5,NA,NA,NA,NA,Early regeneration,6,6,FALSE,FALSE,FALSE,0.15,252,0,161,NA,NA,NA
BG-MT4-P82,BG,4,XP213-PR,4,C,NA,NA,NA,FALSE,1,162,NA,NA,NA,NA,Early regeneration,6,6,FALSE,FALSE,FALSE,0.15,252,0,161,NA,NA,NA
PA-MT6-P93,PA,6,XP213-PR,4,C,3,2,10,FALSE,0,5,NA,NA,NA,NA,Early regeneration,6,6,FALSE,FALSE,FALSE,0.15,252,0,161,1,0.1,0.10008526966531657
DC-MT5-P9,DC,5,XP213-PR,4,C,NA,NA,NA,FALSE,1,162,NA,NA,NA,NA,Early regeneration,6,6,FALSE,FALSE,FALSE,0.15,252,0,161,NA,NA,NA
BP-MT3-P55,BP,3,XP213-PR,4,C,0,0,0,FALSE,1,5,NA,NA,NA,NA,Early regeneration,6,6,FALSE,FALSE,FALSE,0.15,252,0,161,0,0,1.0658708164570453e-4
IS-MT3-P67,IS,3,XP213-PR,5,A,NA,NA,NA,FALSE,1,352,NA,NA,NA,NA,Early regeneration,6,6,FALSE,FALSE,FALSE,0.15,252,0,161,NA,NA,NA
PA-MT3-P13,PA,3,XP213-PR,5,A,NA,NA,NA,FALSE,0,352,NA,NA,NA,NA,Early regeneration,6,6,FALSE,FALSE,FALSE,0.15,252,0,161,NA,NA,NA
CP-MT3-P41,CP,3,XP213-PR,5,A,NA,NA,NA,FALSE,0,300,NA,NA,NA,NA,Early regeneration,6,6,FALSE,FALSE,FALSE,0.15,252,0,161,NA,NA,NA
PG-MT3-P6,PG,3,XP213-PR,5,A,NA,NA,NA,FALSE,0,5,NA,NA,NA,NA,Early regeneration,6,6,FALSE,FALSE,FALSE,0.15,252,0,161,NA,NA,NA
AE-MT2-P69,AE,2,XP213-PR,5,A,NA,NA,NA,FALSE,0,5,NA,NA,NA,NA,Early regeneration,6,6,FALSE,FALSE,FALSE,0.15,252,0,161,NA,NA,NA
DC-MT4-P34,DC,4,XP213-PR,5,A,NA,NA,NA,FALSE,0,162,NA,NA,NA,NA,Early regeneration,6,6,FALSE,FALSE,FALSE,0.15,252,0,161,NA,NA,NA
CH-MT3-P25,CH,3,XP213-PR,5,A,NA,NA,NA,FALSE,0,162,NA,NA,NA,NA,Early regeneration,6,6,FALSE,FALSE,FALSE,0.15,252,0,161,NA,NA,NA
BG-MT4-P86,BG,4,XP213-PR,5,A,NA,NA,NA,FALSE,0,162,NA,NA,NA,NA,Early regeneration,6,6,FALSE,FALSE,FALSE,0.15,252,0,161,NA,NA,NA
OP-MT2-P43,OP,2,XP213-PR,5,B,NA,NA,NA,FALSE,0,352,NA,NA,NA,NA,Early regeneration,6,6,FALSE,FALSE,FALSE,0.15,252,0,161,NA,NA,NA
CP-MT4-P55,CP,4,XP213-PR,5,B,NA,NA,NA,FALSE,0,300,NA,NA,NA,NA,Early regeneration,6,6,FALSE,FALSE,FALSE,0.15,252,0,161,NA,NA,NA
IS-MT1-P60,IS,1,XP213-PR,5,B,NA,NA,NA,FALSE,0,300,NA,NA,NA,NA,Early regeneration,6,6,FALSE,FALSE,FALSE,0.15,252,0,161,NA,NA,NA
DC-MT1-P16,DC,1,XP213-PR,5,B,NA,NA,NA,FALSE,0,162,NA,NA,NA,NA,Early regeneration,6,6,FALSE,FALSE,FALSE,0.15,252,0,161,NA,NA,NA
AE-MT4-P43,AE,4,XP213-PR,5,B,NA,NA,NA,FALSE,0,5,NA,NA,NA,NA,Early regeneration,6,6,FALSE,FALSE,FALSE,0.15,252,0,161,NA,NA,NA
BG-MT2-P41,BG,2,XP213-PR,5,B,NA,NA,NA,FALSE,0,162,NA,NA,NA,NA,Early regeneration,6,6,FALSE,FALSE,FALSE,0.15,252,0,161,NA,NA,NA
PG-MT4-P40,PG,4,XP213-PR,5,B,NA,NA,NA,FALSE,0,5,NA,NA,NA,NA,Early regeneration,6,6,FALSE,FALSE,FALSE,0.15,252,0,161,NA,NA,NA
CH-MT4-P13,CH,4,XP213-PR,5,B,NA,NA,NA,FALSE,0,162,NA,NA,NA,NA,Early regeneration,6,6,FALSE,FALSE,FALSE,0.15,252,0,161,NA,NA,NA
CP-MT2-P13,CP,2,XP213-PR,5,C,NA,NA,NA,FALSE,0,300,NA,NA,NA,NA,Early regeneration,6,6,FALSE,FALSE,FALSE,0.15,252,0,161,NA,NA,NA
PA-MT6-P76,PA,6,XP213-PR,5,C,NA,NA,NA,FALSE,0,300,NA,NA,NA,NA,Early regeneration,6,6,FALSE,FALSE,FALSE,0.15,252,0,161,NA,NA,NA
BU-MT1-P58,BU,1,XP213-PR,5,C,NA,NA,NA,FALSE,0,300,NA,NA,NA,NA,Early regeneration,6,6,FALSE,FALSE,FALSE,0.15,252,0,161,NA,NA,NA
DC-MT5-P19,DC,5,XP213-PR,5,C,NA,NA,NA,FALSE,0,162,NA,NA,NA,NA,Early regeneration,6,6,FALSE,FALSE,FALSE,0.15,252,0,161,NA,NA,NA
IS-MT3-P88,IS,3,XP213-PR,5,C,NA,NA,NA,FALSE,0,5,NA,NA,NA,NA,Early regeneration,6,6,FALSE,FALSE,FALSE,0.15,252,0,161,NA,NA,NA
AE-MT2-P38,AE,2,XP213-PR,5,C,NA,NA,NA,FALSE,0,5,NA,NA,NA,NA,Early regeneration,6,6,FALSE,FALSE,FALSE,0.15,252,0,161,NA,NA,NA
PG-MT5-P73,PG,5,XP213-PR,5,C,NA,NA,NA,FALSE,0,5,NA,NA,NA,NA,Early regeneration,6,6,FALSE,FALSE,FALSE,0.15,252,0,161,NA,NA,NA
BG-MT5-P13,BG,5,XP213-PR,5,C,NA,NA,NA,FALSE,0,162,NA,NA,NA,NA,Early regeneration,6,6,FALSE,FALSE,FALSE,0.15,252,0,161,NA,NA,NA
BS-MT1-P18,BS,1,XP216-PLR,1,A,1,0,0,FALSE,0,179,NA,NA,NA,NA,Late regeneration,31,31,FALSE,FALSE,FALSE,0.96,6,0,320,1,0,1.0658708164570453e-4
DC-MT4-P53,DC,4,XP216-PLR,1,A,NA,NA,NA,FALSE,1,179,NA,NA,NA,NA,Late regeneration,31,31,FALSE,FALSE,FALSE,0.96,6,0,320,NA,NA,NA
BP-MT2-P1,BP,2,XP216-PLR,1,A,0,0,0,FALSE,0,5,NA,NA,NA,NA,Late regeneration,31,31,FALSE,FALSE,FALSE,0.96,6,0,320,0,0,1.0658708164570453e-4
CH-MT5-P47,CH,5,XP216-PLR,1,A,NA,NA,NA,FALSE,1,179,NA,NA,NA,NA,Late regeneration,31,31,FALSE,FALSE,FALSE,0.96,6,0,320,NA,NA,NA
VB-MT5-P19,VB,5,XP216-PLR,1,A,6,0,0,FALSE,0,5,NA,NA,NA,NA,Late regeneration,31,31,FALSE,FALSE,FALSE,0.96,6,0,320,6,0,1.0658708164570453e-4
PA-MT3-P26,PA,3,XP216-PLR,1,A,14,10,2.5,FALSE,0,329,NA,NA,NA,NA,Late regeneration,31,31,FALSE,FALSE,FALSE,0.96,6,0,320,4,0.025,0.025101257727563418
AE-MT4-P4,AE,4,XP216-PLR,1,A,0,0,0,FALSE,0,5,NA,NA,NA,NA,Late regeneration,31,31,FALSE,FALSE,FALSE,0.96,6,0,320,0,0,1.0658708164570453e-4
OP-MT9-P25,OP,9,XP216-PLR,1,A,NA,NA,NA,FALSE,1,329,NA,NA,NA,NA,Late regeneration,31,31,FALSE,FALSE,FALSE,0.96,6,0,320,NA,NA,NA
IS-MT3-P32,IS,3,XP216-PLR,1,A,1,1,0.5,FALSE,0,329,NA,NA,NA,NA,Late regeneration,31,31,FALSE,FALSE,FALSE,0.96,6,0,320,0,0.005,0.005105521210829247
PG-MT4-P44,PG,4,XP216-PLR,1,A,3,1,0.5,FALSE,0,5,NA,NA,NA,NA,Late regeneration,31,31,FALSE,FALSE,FALSE,0.96,6,0,320,2,0.005,0.005105521210829247
BG-MT3-P30,BG,3,XP216-PLR,1,A,NA,NA,NA,FALSE,0,179,NA,NA,NA,NA,Late regeneration,31,31,FALSE,FALSE,FALSE,0.96,6,0,320,NA,NA,NA
BU-MT5-P29,BU,5,XP216-PLR,1,A,5,4,0.5,FALSE,0,179,NA,NA,NA,NA,Late regeneration,31,31,FALSE,FALSE,FALSE,0.96,6,0,320,1,0.005,0.005105521210829247
CP-MT1-P53,CP,1,XP216-PLR,1,A,6,4,2.5,FALSE,0,179,NA,NA,NA,NA,Late regeneration,31,31,FALSE,FALSE,FALSE,0.96,6,0,320,2,0.025,0.025101257727563418
BG-MT1-P55,BG,1,XP216-PLR,1,B,12,2,1,FALSE,1,179,NA,NA,NA,NA,Late regeneration,31,31,FALSE,FALSE,FALSE,0.96,6,0,320,10,0.01,0.01010445534001279
OP-MT8-P17,OP,8,XP216-PLR,1,B,NA,NA,NA,FALSE,1,105,NA,NA,NA,NA,Late regeneration,31,31,FALSE,FALSE,FALSE,0.96,6,0,320,NA,NA,NA
BU-MT2-P29,BU,2,XP216-PLR,1,B,3,1,2.5,FALSE,0,179,NA,NA,NA,NA,Late regeneration,31,31,FALSE,FALSE,FALSE,0.96,6,0,320,2,0.025,0.025101257727563418
AE-MT4-P17,AE,4,XP216-PLR,1,B,8,4,1,FALSE,0,5,NA,NA,NA,NA,Late regeneration,31,31,FALSE,FALSE,FALSE,0.96,6,0,320,4,0.01,0.01010445534001279
EA-MT3-P66,EA,3,XP216-PLR,1,B,6,2,10,FALSE,0,5,NA,NA,NA,NA,Late regeneration,31,31,FALSE,FALSE,FALSE,0.96,6,0,320,4,0.1,0.10008526966531657
CH-MT2-P56,CH,2,XP216-PLR,1,B,NA,NA,NA,FALSE,1,179,NA,NA,NA,NA,Late regeneration,31,31,FALSE,FALSE,FALSE,0.96,6,0,320,NA,NA,NA
MC-MT3-P53,MC,3,XP216-PLR,1,B,NA,NA,NA,FALSE,1,179,NA,NA,NA,NA,Late regeneration,31,31,FALSE,FALSE,FALSE,0.96,6,0,320,NA,NA,NA
PA-MT6-P64,PA,6,XP216-PLR,1,B,11,8,2.5,FALSE,0,284,NA,NA,NA,NA,Late regeneration,31,31,FALSE,FALSE,FALSE,0.96,6,0,320,3,0.025,0.025101257727563418
CP-MT5-P62,CP,5,XP216-PLR,1,B,6,5,2.5,FALSE,0,179,NA,NA,NA,NA,Late regeneration,31,31,FALSE,FALSE,FALSE,0.96,6,0,320,1,0.025,0.025101257727563418
IS-MT2-P90,IS,2,XP216-PLR,1,B,3,2,5,FALSE,0,329,NA,NA,NA,NA,Late regeneration,31,31,FALSE,FALSE,FALSE,0.96,6,0,320,1,0.05,0.05009592837348113
PG-MT1-P62,PG,1,XP216-PLR,1,B,2,2,25,FALSE,0,5,NA,NA,NA,NA,Late regeneration,31,31,FALSE,FALSE,FALSE,0.96,6,0,320,0,0.25,0.25005329354082284
DC-MT1-P61,DC,1,XP216-PLR,1,B,3,3,30,FALSE,0,5,NA,NA,NA,NA,Late regeneration,31,31,FALSE,FALSE,FALSE,0.96,6,0,320,0,0.3,0.3000426348326583
VB-MT3-P8,VB,3,XP216-PLR,1,B,4,0,0,FALSE,0,5,NA,NA,NA,NA,Late regeneration,31,31,FALSE,FALSE,FALSE,0.96,6,0,320,4,0,1.0658708164570453e-4
BP-MT4-P53,BP,4,XP216-PLR,1,B,2,2,25,FALSE,0,5,NA,NA,NA,NA,Late regeneration,31,31,FALSE,FALSE,FALSE,0.96,6,0,320,0,0.25,0.25005329354082284
BU-MT4-P55,BU,4,XP216-PLR,1,C,3,2,7.5,FALSE,0,179,2.34,21.532825282242598,0.854,0.264,Late regeneration,31,31,FALSE,FALSE,FALSE,0.96,6,0,320,1,0.075,0.07509059901939885
CP-MT4-P30,CP,4,XP216-PLR,1,C,NA,NA,NA,FALSE,1,284,NA,NA,NA,NA,Late regeneration,31,31,FALSE,FALSE,FALSE,0.96,6,0,320,NA,NA,NA
PA-MT3-P100,PA,3,XP216-PLR,1,C,3,1,10,FALSE,0,5,3.1475,29.006754781615783,0.386,0.147,Late regeneration,31,31,FALSE,FALSE,FALSE,0.96,6,0,320,2,0.1,0.10008526966531657
OP-MT7-P42,OP,7,XP216-PLR,1,C,7,1,1,FALSE,0,284,NA,NA,NA,NA,Late regeneration,31,31,FALSE,FALSE,FALSE,0.96,6,0,320,6,0.01,0.01010445534001279
PG-MT1-P2,PG,1,XP216-PLR,1,C,1,0,0,FALSE,0,5,NA,NA,NA,NA,Late regeneration,31,31,FALSE,FALSE,FALSE,0.96,6,0,320,1,0,1.0658708164570453e-4
DC-MT1-P54,DC,1,XP216-PLR,1,C,4,3,1,FALSE,0,179,NA,NA,NA,NA,Late regeneration,31,31,FALSE,FALSE,FALSE,0.96,6,0,320,1,0.01,0.01010445534001279
AE-MT2-P71,AE,2,XP216-PLR,1,C,9,5,5,FALSE,0,5,NA,NA,NA,NA,Late regeneration,31,31,FALSE,FALSE,FALSE,0.96,6,0,320,4,0.05,0.05009592837348113
CH-MT1-P23,CH,1,XP216-PLR,1,C,NA,NA,NA,FALSE,1,284,NA,NA,NA,NA,Late regeneration,31,31,FALSE,FALSE,FALSE,0.96,6,0,320,NA,NA,NA
EA-MT3-P5,EA,3,XP216-PLR,1,C,17,6,2.5,FALSE,0,284,3.4524999999999997,33.0373155770137,0.322,0.274,Late regeneration,31,31,FALSE,FALSE,FALSE,0.96,6,0,320,11,0.025,0.025101257727563418
IS-MT5-P36,IS,5,XP216-PLR,1,C,4,4,10,FALSE,0,329,1.5925,33.133692768112326,0.882,0.04,Late regeneration,31,31,FALSE,FALSE,FALSE,0.96,6,0,320,0,0.1,0.10008526966531657
BG-MT4-P58,BG,4,XP216-PLR,1,C,27,9,1,FALSE,0,179,NA,NA,NA,NA,Late regeneration,31,31,FALSE,FALSE,FALSE,0.96,6,0,320,18,0.01,0.01010445534001279
BP-MT3-P6,BP,3,XP216-PLR,1,C,0,0,0,FALSE,0,5,NA,NA,NA,NA,Late regeneration,31,31,FALSE,FALSE,FALSE,0.96,6,0,320,0,0,1.0658708164570453e-4
VB-MT3-P21,VB,3,XP216-PLR,1,C,2,1,0.5,FALSE,0,5,NA,NA,NA,NA,Late regeneration,31,31,FALSE,FALSE,FALSE,0.96,6,0,320,1,0.005,0.005105521210829247
IS-MT2-P22,IS,2,XP216-PLR,2,A,4,1,0.5,FALSE,0,329,NA,NA,NA,NA,Late regeneration,31,31,FALSE,FALSE,FALSE,0.96,6,0,320,3,0.005,0.005105521210829247
AE-MT3-P74,AE,3,XP216-PLR,2,A,10,2,0.5,FALSE,0,5,NA,NA,NA,NA,Late regeneration,31,31,FALSE,FALSE,FALSE,0.96,6,0,320,8,0.005,0.005105521210829247
BU-MT4-P21,BU,4,XP216-PLR,2,A,4,3,2.5,FALSE,0,179,NA,NA,NA,NA,Late regeneration,31,31,FALSE,FALSE,FALSE,0.96,6,0,320,1,0.025,0.025101257727563418
VB-MT3-P48,VB,3,XP216-PLR,2,A,5,1,10,FALSE,0,5,NA,NA,NA,NA,Late regeneration,31,31,FALSE,FALSE,FALSE,0.96,6,0,320,4,0.1,0.10008526966531657
CP-MT5-P47,CP,5,XP216-PLR,2,A,5,5,0.5,FALSE,0,179,NA,NA,NA,NA,Late regeneration,31,31,FALSE,FALSE,FALSE,0.96,6,0,320,0,0.005,0.005105521210829247
CH-MT2-P38,CH,2,XP216-PLR,2,A,3,0,0,FALSE,0,179,NA,NA,NA,NA,Late regeneration,31,31,FALSE,FALSE,FALSE,0.96,6,0,320,3,0,1.0658708164570453e-4
EA-MT4-P28,EA,4,XP216-PLR,2,A,12,12,10,FALSE,0,5,NA,NA,NA,NA,Late regeneration,31,31,FALSE,FALSE,FALSE,0.96,6,0,320,0,0.1,0.10008526966531657
PA-MT3-P22,PA,3,XP216-PLR,2,A,4,3,5,FALSE,0,329,NA,NA,NA,NA,Late regeneration,31,31,FALSE,FALSE,FALSE,0.96,6,0,320,1,0.05,0.05009592837348113
DC-MT1-P76,DC,1,XP216-PLR,2,A,NA,NA,NA,FALSE,1,179,NA,NA,NA,NA,Late regeneration,31,31,FALSE,FALSE,FALSE,0.96,6,0,320,NA,NA,NA
OP-MT2-P14,OP,2,XP216-PLR,2,A,NA,NA,NA,FALSE,1,329,NA,NA,NA,NA,Late regeneration,31,31,FALSE,FALSE,FALSE,0.96,6,0,320,NA,NA,NA
BP-MT4-P12,BP,4,XP216-PLR,2,A,1,1,0.5,FALSE,0,5,NA,NA,NA,NA,Late regeneration,31,31,FALSE,FALSE,FALSE,0.96,6,0,320,0,0.005,0.005105521210829247
BG-MT4-P46,BG,4,XP216-PLR,2,A,11,3,5,FALSE,0,179,NA,NA,NA,NA,Late regeneration,31,31,FALSE,FALSE,FALSE,0.96,6,0,320,8,0.05,0.05009592837348113
PG-MT5-P70,PG,5,XP216-PLR,2,A,2,1,0.5,FALSE,0,5,NA,NA,NA,NA,Late regeneration,31,31,FALSE,FALSE,FALSE,0.96,6,0,320,1,0.005,0.005105521210829247
BS-MT5-P6,BS,5,XP216-PLR,2,A,1,1,10,FALSE,0,179,NA,NA,NA,NA,Late regeneration,31,31,FALSE,FALSE,FALSE,0.96,6,0,320,0,0.1,0.10008526966531657
MC-MT2-P7,MC,2,XP216-PLR,2,A,6,6,25,FALSE,0,179,NA,NA,NA,NA,Late regeneration,31,31,FALSE,FALSE,FALSE,0.96,6,0,320,0,0.25,0.25005329354082284
CH-MT4-P2,CH,4,XP216-PLR,2,B,1,0,0,FALSE,0,179,NA,NA,NA,NA,Late regeneration,31,31,FALSE,FALSE,FALSE,0.96,6,0,320,1,0,1.0658708164570453e-4
OP-MT7-P14,OP,7,XP216-PLR,2,B,7,4,2.5,FALSE,0,284,NA,NA,NA,NA,Late regeneration,31,31,FALSE,FALSE,FALSE,0.96,6,0,320,3,0.025,0.025101257727563418
VB-MT3-P51,VB,3,XP216-PLR,2,B,3,0,0,FALSE,0,5,NA,NA,NA,NA,Late regeneration,31,31,FALSE,FALSE,FALSE,0.96,6,0,320,3,0,1.0658708164570453e-4
MC-MT3-P50,MC,3,XP216-PLR,2,B,4,3,30,FALSE,0,179,NA,NA,NA,NA,Late regeneration,31,31,FALSE,FALSE,FALSE,0.96,6,0,320,1,0.3,0.3000426348326583
BG-MT3-P8,BG,3,XP216-PLR,2,B,NA,NA,NA,FALSE,1,179,NA,NA,NA,NA,Late regeneration,31,31,FALSE,FALSE,FALSE,0.96,6,0,320,NA,NA,NA
DC-MT4-P28,DC,4,XP216-PLR,2,B,4,3,2.5,FALSE,0,179,NA,NA,NA,NA,Late regeneration,31,31,FALSE,FALSE,FALSE,0.96,6,0,320,1,0.025,0.025101257727563418
BP-MT5-P27,BP,5,XP216-PLR,2,B,3,0,0,FALSE,0,5,NA,NA,NA,NA,Late regeneration,31,31,FALSE,FALSE,FALSE,0.96,6,0,320,3,0,1.0658708164570453e-4
CP-MT3-P25,CP,3,XP216-PLR,2,B,5,5,1,FALSE,0,284,NA,NA,NA,NA,Late regeneration,31,31,FALSE,FALSE,FALSE,0.96,6,0,320,0,0.01,0.01010445534001279
BS-MT7-P11,BS,7,XP216-PLR,2,B,2,2,2.5,FALSE,0,179,NA,NA,NA,NA,Late regeneration,31,31,FALSE,FALSE,FALSE,0.96,6,0,320,0,0.025,0.025101257727563418
PG-MT3-P30,PG,3,XP216-PLR,2,B,4,3,20,FALSE,0,5,NA,NA,NA,NA,Late regeneration,31,31,FALSE,FALSE,FALSE,0.96,6,0,320,1,0.2,0.20006395224898743
BU-MT3-P51,BU,3,XP216-PLR,2,B,3,1,0.5,FALSE,0,179,NA,NA,NA,NA,Late regeneration,31,31,FALSE,FALSE,FALSE,0.96,6,0,320,2,0.005,0.005105521210829247
AE-MT4-P11,AE,4,XP216-PLR,2,B,4,1,0.5,FALSE,0,5,NA,NA,NA,NA,Late regeneration,31,31,FALSE,FALSE,FALSE,0.96,6,0,320,3,0.005,0.005105521210829247
VB-MT2-P45,VB,2,XP216-PLR,2,C,4,0,0,FALSE,0,5,1.5074999999999998,20.391712823355846,0.152,0.03,Late regeneration,31,31,FALSE,FALSE,FALSE,0.96,6,0,320,4,0,1.0658708164570453e-4
CH-MT1-P50,CH,1,XP216-PLR,2,C,NA,NA,NA,FALSE,1,105,NA,NA,NA,NA,Late regeneration,31,31,FALSE,FALSE,FALSE,0.96,6,0,320,NA,NA,NA
CH-MT3-P20,CH,3,XP216-PLR,2,C,4,2,10,FALSE,0,5,0.885,19.28233915471123,0.122,0.122,Late regeneration,31,31,FALSE,FALSE,FALSE,0.96,6,0,320,2,0.1,0.10008526966531657
CP-MT2-P68,CP,2,XP216-PLR,2,C,4,3,0.5,FALSE,0,284,NA,NA,NA,NA,Late regeneration,31,31,FALSE,FALSE,FALSE,0.96,6,0,320,1,0.005,0.005105521210829247
BP-MT4-P29,BP,4,XP216-PLR,2,C,0,0,0,FALSE,0,5,NA,NA,NA,NA,Late regeneration,31,31,FALSE,FALSE,FALSE,0.96,6,0,320,0,0,1.0658708164570453e-4
DC-MT3-P45,DC,3,XP216-PLR,2,C,4,2,2.5,FALSE,0,179,NA,NA,NA,NA,Late regeneration,31,31,FALSE,FALSE,FALSE,0.96,6,0,320,2,0.025,0.025101257727563418
EA-MT2-P12,EA,2,XP216-PLR,2,C,15,6,1,FALSE,0,284,3.3150000000000004,27.160347708546446,1.772,0.609,Late regeneration,31,31,FALSE,FALSE,FALSE,0.96,6,0,320,9,0.01,0.01010445534001279
BG-MT2-P5,BG,2,XP216-PLR,2,C,11,2,0.5,FALSE,0,179,1.985,15.879586630520249,0.407,0.089,Late regeneration,31,31,FALSE,FALSE,FALSE,0.96,6,0,320,9,0.005,0.005105521210829247
MC-MT1-P8,MC,1,XP216-PLR,2,C,6,6,25,FALSE,0,179,NA,NA,NA,NA,Late regeneration,31,31,FALSE,FALSE,FALSE,0.96,6,0,320,0,0.25,0.25005329354082284
BU-MT2-P24,BU,2,XP216-PLR,2,C,7,2,1,FALSE,0,179,2.245,22.127224605728358,1.422,0.4,Late regeneration,31,31,FALSE,FALSE,FALSE,0.96,6,0,320,5,0.01,0.01010445534001279
OP-MT8-P9,OP,8,XP216-PLR,2,C,NA,NA,NA,FALSE,1,284,NA,NA,NA,NA,Late regeneration,31,31,FALSE,FALSE,FALSE,0.96,6,0,320,NA,NA,NA
PG-MT1-P28,PG,1,XP216-PLR,2,C,1,1,0.5,FALSE,0,5,NA,NA,NA,NA,Late regeneration,31,31,FALSE,FALSE,FALSE,0.96,6,0,320,0,0.005,0.005105521210829247
AE-MT2-P39,AE,2,XP216-PLR,2,C,6,1,0.5,FALSE,0,5,NA,NA,NA,NA,Late regeneration,31,31,FALSE,FALSE,FALSE,0.96,6,0,320,5,0.005,0.005105521210829247
CP-MT4-P45,CP,4,XP216-PLR,3,A,NA,NA,NA,FALSE,1,105,NA,NA,NA,NA,Late regeneration,31,31,FALSE,FALSE,FALSE,0.96,6,0,320,NA,NA,NA
CP-MT5-P82,CP,5,XP216-PLR,3,A,4,2,0.5,FALSE,0,5,NA,NA,NA,NA,Late regeneration,31,31,FALSE,FALSE,FALSE,0.96,6,0,320,2,0.005,0.005105521210829247
BG-MT5-P34,BG,5,XP216-PLR,3,A,0,0,0,FALSE,0,179,NA,NA,NA,NA,Late regeneration,31,31,FALSE,FALSE,FALSE,0.96,6,0,320,0,0,1.0658708164570453e-4
VB-MT3-P55,VB,3,XP216-PLR,3,A,6,1,0.5,FALSE,0,5,NA,NA,NA,NA,Late regeneration,31,31,FALSE,FALSE,FALSE,0.96,6,0,320,5,0.005,0.005105521210829247
BU-MT1-P5,BU,1,XP216-PLR,3,A,3,1,0.5,FALSE,0,284,NA,NA,NA,NA,Late regeneration,31,31,FALSE,FALSE,FALSE,0.96,6,0,320,2,0.005,0.005105521210829247
BP-MT1-P65,BP,1,XP216-PLR,3,A,2,1,0.5,FALSE,0,5,NA,NA,NA,NA,Late regeneration,31,31,FALSE,FALSE,FALSE,0.96,6,0,320,1,0.005,0.005105521210829247
AE-MT5-P10,AE,5,XP216-PLR,3,A,7,5,2.5,FALSE,0,5,NA,NA,NA,NA,Late regeneration,31,31,FALSE,FALSE,FALSE,0.96,6,0,320,2,0.025,0.025101257727563418
OP-MT2-P30,OP,2,XP216-PLR,3,A,NA,NA,NA,FALSE,1,150,NA,NA,NA,NA,Late regeneration,31,31,FALSE,FALSE,FALSE,0.96,6,0,320,NA,NA,NA
IS-MT3-P2,IS,3,XP216-PLR,3,A,5,4,5,FALSE,0,329,NA,NA,NA,NA,Late regeneration,31,31,FALSE,FALSE,FALSE,0.96,6,0,320,1,0.05,0.05009592837348113
MC-MT2-P28,MC,2,XP216-PLR,3,A,6,6,10,FALSE,0,179,NA,NA,NA,NA,Late regeneration,31,31,FALSE,FALSE,FALSE,0.96,6,0,320,0,0.1,0.10008526966531657
PA-MT7-P10,PA,7,XP216-PLR,3,A,11,3,0.5,FALSE,0,179,NA,NA,NA,NA,Late regeneration,31,31,FALSE,FALSE,FALSE,0.96,6,0,320,8,0.005,0.005105521210829247
CH-MT3-P60,CH,3,XP216-PLR,3,A,NA,NA,NA,FALSE,1,179,NA,NA,NA,NA,Late regeneration,31,31,FALSE,FALSE,FALSE,0.96,6,0,320,NA,NA,NA
DC-MT5-P81,DC,5,XP216-PLR,3,A,1,1,10,FALSE,0,5,NA,NA,NA,NA,Late regeneration,31,31,FALSE,FALSE,FALSE,0.96,6,0,320,0,0.1,0.10008526966531657
PG-MT4-P5,PG,4,XP216-PLR,3,A,4,2,1,FALSE,0,5,NA,NA,NA,NA,Late regeneration,31,31,FALSE,FALSE,FALSE,0.96,6,0,320,2,0.01,0.01010445534001279
CH-MT3-P38,CH,3,XP216-PLR,3,B,0,0,0,FALSE,0,179,NA,NA,NA,NA,Late regeneration,31,31,FALSE,FALSE,FALSE,0.96,6,0,320,0,0,1.0658708164570453e-4
PG-MT5-P29,PG,5,XP216-PLR,3,B,3,2,0.5,FALSE,0,5,NA,NA,NA,NA,Late regeneration,31,31,FALSE,FALSE,FALSE,0.96,6,0,320,1,0.005,0.005105521210829247
IS-MT5-P80,IS,5,XP216-PLR,3,B,5,3,2.5,FALSE,0,329,NA,NA,NA,NA,Late regeneration,31,31,FALSE,FALSE,FALSE,0.96,6,0,320,2,0.025,0.025101257727563418
VB-MT1-P16,VB,1,XP216-PLR,3,B,4,1,0.5,FALSE,0,179,NA,NA,NA,NA,Late regeneration,31,31,FALSE,FALSE,FALSE,0.96,6,0,320,3,0.005,0.005105521210829247
CP-MT3-P46,CP,3,XP216-PLR,3,B,6,4,5,FALSE,0,284,NA,NA,NA,NA,Late regeneration,31,31,FALSE,FALSE,FALSE,0.96,6,0,320,2,0.05,0.05009592837348113
AE-MT2-P70,AE,2,XP216-PLR,3,B,8,5,1,FALSE,0,5,NA,NA,NA,NA,Late regeneration,31,31,FALSE,FALSE,FALSE,0.96,6,0,320,3,0.01,0.01010445534001279
BS-MT6-P12,BS,6,XP216-PLR,3,B,0,0,0,FALSE,0,179,NA,NA,NA,NA,Late regeneration,31,31,FALSE,FALSE,FALSE,0.96,6,0,320,0,0,1.0658708164570453e-4
MC-MT1-P16,MC,1,XP216-PLR,3,B,6,4,1,FALSE,0,179,NA,NA,NA,NA,Late regeneration,31,31,FALSE,FALSE,FALSE,0.96,6,0,320,2,0.01,0.01010445534001279
BU-MT3-P73,BU,3,XP216-PLR,3,B,6,1,1,FALSE,0,179,NA,NA,NA,NA,Late regeneration,31,31,FALSE,FALSE,FALSE,0.96,6,0,320,5,0.01,0.01010445534001279
BG-MT1-P52,BG,1,XP216-PLR,3,B,12,1,0.5,FALSE,0,179,NA,NA,NA,NA,Late regeneration,31,31,FALSE,FALSE,FALSE,0.96,6,0,320,11,0.005,0.005105521210829247
BP-MT2-P60,BP,2,XP216-PLR,3,B,0,0,0,FALSE,0,5,NA,NA,NA,NA,Late regeneration,31,31,FALSE,FALSE,FALSE,0.96,6,0,320,0,0,1.0658708164570453e-4
DC-MT2-P13,DC,2,XP216-PLR,3,B,4,3,2.5,FALSE,0,179,NA,NA,NA,NA,Late regeneration,31,31,FALSE,FALSE,FALSE,0.96,6,0,320,1,0.025,0.025101257727563418
BU-MT5-P32,BU,5,XP216-PLR,3,C,5,0,0,FALSE,0,179,2.1374999999999997,30.78506423087304,0.635,0.186,Late regeneration,31,31,FALSE,FALSE,FALSE,0.96,6,0,320,5,0,1.0658708164570453e-4
VB-MT2-P44,VB,2,XP216-PLR,3,C,4,0,0,FALSE,0,5,NA,NA,NA,NA,Late regeneration,31,31,FALSE,FALSE,FALSE,0.96,6,0,320,4,0,1.0658708164570453e-4
AE-MT5-P14,AE,5,XP216-PLR,3,C,0,0,0,FALSE,0,5,NA,NA,NA,NA,Late regeneration,31,31,FALSE,FALSE,FALSE,0.96,6,0,320,0,0,1.0658708164570453e-4
DC-MT5-P4,DC,5,XP216-PLR,3,C,2,2,10,FALSE,0,179,NA,NA,NA,NA,Late regeneration,31,31,FALSE,FALSE,FALSE,0.96,6,0,320,0,0.1,0.10008526966531657
IS-MT4-P40,IS,4,XP216-PLR,3,C,3,3,2.5,FALSE,0,284,3.4899999999999998,33.56954529123722,0.82,0.25,Late regeneration,31,31,FALSE,FALSE,FALSE,0.96,6,0,320,0,0.025,0.025101257727563418
BP-MT1-P13,BP,1,XP216-PLR,3,C,0,0,0,FALSE,0,5,NA,NA,NA,NA,Late regeneration,31,31,FALSE,FALSE,FALSE,0.96,6,0,320,0,0,1.0658708164570453e-4
BG-MT1-P37,BG,1,XP216-PLR,3,C,30,3,0.5,FALSE,0,179,1.9525000000000001,25.452598884048832,0.153,0.03,Late regeneration,31,31,FALSE,FALSE,FALSE,0.96,6,0,320,27,0.005,0.005105521210829247
CP-MT5-P22,CP,5,XP216-PLR,3,C,4,4,1,FALSE,0,179,NA,NA,NA,NA,Late regeneration,31,31,FALSE,FALSE,FALSE,0.96,6,0,320,0,0.01,0.01010445534001279
OP-MT6-P46,OP,6,XP216-PLR,3,C,NA,NA,NA,FALSE,1,105,NA,NA,NA,NA,Late regeneration,31,31,FALSE,FALSE,FALSE,0.96,6,0,320,NA,NA,NA
EA-MT4-P32,EA,4,XP216-PLR,3,C,11,4,1,FALSE,0,5,4.202500000000001,27.770378813693377,1.783,0.63,Late regeneration,31,31,FALSE,FALSE,FALSE,0.96,6,0,320,7,0.01,0.01010445534001279
PA-MT7-P35,PA,7,XP216-PLR,3,C,13,5,1,FALSE,0,179,1.35,24.262028301514626,1.374,0.2,Late regeneration,31,31,FALSE,FALSE,FALSE,0.96,6,0,320,8,0.01,0.01010445534001279
PG-MT3-P68,PG,3,XP216-PLR,3,C,4,4,5,FALSE,0,5,NA,NA,NA,NA,Late regeneration,31,31,FALSE,FALSE,FALSE,0.96,6,0,320,0,0.05,0.05009592837348113
CH-MT5-P42,CH,5,XP216-PLR,3,C,2,2,0.5,FALSE,0,179,NA,NA,NA,NA,Late regeneration,31,31,FALSE,FALSE,FALSE,0.96,6,0,320,0,0.005,0.005105521210829247
DC-MT3-P25,DC,3,XP216-PLR,4,A,2,1,0.5,FALSE,0,179,NA,NA,NA,NA,Late regeneration,31,31,FALSE,FALSE,FALSE,0.96,6,0,320,1,0.005,0.005105521210829247
BU-MT3-P64,BU,3,XP216-PLR,4,A,6,0,0,FALSE,0,179,NA,NA,NA,NA,Late regeneration,31,31,FALSE,FALSE,FALSE,0.96,6,0,320,6,0,1.0658708164570453e-4
CH-MT4-P72,CH,4,XP216-PLR,4,A,0,0,0,FALSE,0,179,NA,NA,NA,NA,Late regeneration,31,31,FALSE,FALSE,FALSE,0.96,6,0,320,0,0,1.0658708164570453e-4
BG-MT2-P57,BG,2,XP216-PLR,4,A,15,3,2.5,FALSE,0,179,NA,NA,NA,NA,Late regeneration,31,31,FALSE,FALSE,FALSE,0.96,6,0,320,12,0.025,0.025101257727563418
AE-MT1-P61,AE,1,XP216-PLR,4,A,NA,NA,NA,FALSE,1,5,NA,NA,NA,NA,Late regeneration,31,31,FALSE,FALSE,FALSE,0.96,6,0,320,NA,NA,NA
OP-MT9-P45,OP,9,XP216-PLR,4,A,NA,NA,NA,FALSE,1,329,NA,NA,NA,NA,Late regeneration,31,31,FALSE,FALSE,FALSE,0.96,6,0,320,NA,NA,NA
BP-MT3-P5,BP,3,XP216-PLR,4,A,2,2,5,FALSE,0,5,NA,NA,NA,NA,Late regeneration,31,31,FALSE,FALSE,FALSE,0.96,6,0,320,0,0.05,0.05009592837348113
IS-MT1-P23,IS,1,XP216-PLR,4,A,2,2,0.5,FALSE,0,284,NA,NA,NA,NA,Late regeneration,31,31,FALSE,FALSE,FALSE,0.96,6,0,320,0,0.005,0.005105521210829247
PG-MT2-P59,PG,2,XP216-PLR,4,A,4,1,0.5,FALSE,0,5,NA,NA,NA,NA,Late regeneration,31,31,FALSE,FALSE,FALSE,0.96,6,0,320,3,0.005,0.005105521210829247
CP-MT1-P32,CP,1,XP216-PLR,4,A,4,4,1,FALSE,0,179,NA,NA,NA,NA,Late regeneration,31,31,FALSE,FALSE,FALSE,0.96,6,0,320,0,0.01,0.01010445534001279
VB-MT5-P3,VB,5,XP216-PLR,4,A,NA,NA,NA,FALSE,1,5,NA,NA,NA,NA,Late regeneration,31,31,FALSE,FALSE,FALSE,0.96,6,0,320,NA,NA,NA
PG-MT1-P33,PG,1,XP216-PLR,4,B,1,1,1,FALSE,0,5,NA,NA,NA,NA,Late regeneration,31,31,FALSE,FALSE,FALSE,0.96,6,0,320,0,0.01,0.01010445534001279
IS-MT4-P5,IS,4,XP216-PLR,4,B,2,1,1,FALSE,0,284,NA,NA,NA,NA,Late regeneration,31,31,FALSE,FALSE,FALSE,0.96,6,0,320,1,0.01,0.01010445534001279
VB-MT1-P31,VB,1,XP216-PLR,4,B,2,0,0,FALSE,0,179,NA,NA,NA,NA,Late regeneration,31,31,FALSE,FALSE,FALSE,0.96,6,0,320,2,0,1.0658708164570453e-4
BP-MT1-P41,BP,1,XP216-PLR,4,B,2,1,0.5,FALSE,0,5,NA,NA,NA,NA,Late regeneration,31,31,FALSE,FALSE,FALSE,0.96,6,0,320,1,0.005,0.005105521210829247
PA-MT6-P41,PA,6,XP216-PLR,4,B,7,3,0.5,FALSE,0,284,NA,NA,NA,NA,Late regeneration,31,31,FALSE,FALSE,FALSE,0.96,6,0,320,4,0.005,0.005105521210829247
CP-MT5-P63,CP,5,XP216-PLR,4,B,5,4,2.5,FALSE,0,179,NA,NA,NA,NA,Late regeneration,31,31,FALSE,FALSE,FALSE,0.96,6,0,320,1,0.025,0.025101257727563418
BU-MT1-P54,BU,1,XP216-PLR,4,B,4,2,5,FALSE,0,284,NA,NA,NA,NA,Late regeneration,31,31,FALSE,FALSE,FALSE,0.96,6,0,320,2,0.05,0.05009592837348113
EA-MT4-P10,EA,4,XP216-PLR,4,B,8,4,1,FALSE,0,284,NA,NA,NA,NA,Late regeneration,31,31,FALSE,FALSE,FALSE,0.96,6,0,320,4,0.01,0.01010445534001279
AE-MT5-P70,AE,5,XP216-PLR,4,B,10,3,0.5,FALSE,0,5,NA,NA,NA,NA,Late regeneration,31,31,FALSE,FALSE,FALSE,0.96,6,0,320,7,0.005,0.005105521210829247
CH-MT2-P26,CH,2,XP216-PLR,4,B,3,1,17.5,FALSE,0,179,NA,NA,NA,NA,Late regeneration,31,31,FALSE,FALSE,FALSE,0.96,6,0,320,2,0.175,0.1750692816030697
BG-MT5-P9,BG,5,XP216-PLR,4,B,NA,NA,NA,FALSE,1,179,NA,NA,NA,NA,Late regeneration,31,31,FALSE,FALSE,FALSE,0.96,6,0,320,NA,NA,NA
BG-MT3-P38,BG,3,XP216-PLR,4,C,10,3,2.5,FALSE,0,179,1.8599999999999999,7.088965753031844,0.104,0.035,Late regeneration,31,31,FALSE,FALSE,FALSE,0.96,6,0,320,7,0.025,0.025101257727563418
VB-MT3-P3,VB,3,XP216-PLR,4,C,2,1,0.5,FALSE,0,5,NA,NA,NA,NA,Late regeneration,31,31,FALSE,FALSE,FALSE,0.96,6,0,320,1,0.005,0.005105521210829247
DC-MT5-P15,DC,5,XP216-PLR,4,C,NA,NA,NA,FALSE,1,179,NA,NA,NA,NA,Late regeneration,31,31,FALSE,FALSE,FALSE,0.96,6,0,320,NA,NA,NA
CH-MT4-P44,CH,4,XP216-PLR,4,C,4,4,0.5,FALSE,0,179,1.165,14.76853712417975,1.333,0.255,Late regeneration,31,31,FALSE,FALSE,FALSE,0.96,6,0,320,0,0.005,0.005105521210829247
MC-MT3-P2,MC,3,XP216-PLR,4,C,4,3,15,FALSE,0,179,NA,NA,NA,NA,Late regeneration,31,31,FALSE,FALSE,FALSE,0.96,6,0,320,1,0.15,0.150074610957152
BP-MT2-P68,BP,2,XP216-PLR,4,C,1,0,0,FALSE,0,5,NA,NA,NA,NA,Late regeneration,31,31,FALSE,FALSE,FALSE,0.96,6,0,320,1,0,1.0658708164570453e-4
CP-MT2-P40,CP,2,XP216-PLR,4,C,3,3,10,FALSE,0,284,NA,NA,NA,NA,Late regeneration,31,31,FALSE,FALSE,FALSE,0.96,6,0,320,0,0.1,0.10008526966531657
IS-MT1-P43,IS,1,XP216-PLR,4,C,3,3,2.5,FALSE,0,284,3.3925,20.659142805659176,1.053,0.331,Late regeneration,31,31,FALSE,FALSE,FALSE,0.96,6,0,320,0,0.025,0.025101257727563418
OP-MT6-P45,OP,6,XP216-PLR,4,C,NA,NA,NA,FALSE,1,105,NA,NA,NA,NA,Late regeneration,31,31,FALSE,FALSE,FALSE,0.96,6,0,320,NA,NA,NA
BS-MT6-P24,BS,6,XP216-PLR,4,C,2,1,1,FALSE,0,179,NA,NA,NA,NA,Late regeneration,31,31,FALSE,FALSE,FALSE,0.96,6,0,320,1,0.01,0.01010445534001279
PG-MT3-P7,PG,3,XP216-PLR,4,C,6,2,1,FALSE,0,5,NA,NA,NA,NA,Late regeneration,31,31,FALSE,FALSE,FALSE,0.96,6,0,320,4,0.01,0.01010445534001279
BU-MT5-P30,BU,5,XP216-PLR,4,C,5,0,0,FALSE,0,179,2.2075,20.93734675631383,0.537,0.147,Late regeneration,31,31,FALSE,FALSE,FALSE,0.96,6,0,320,5,0,1.0658708164570453e-4
AE-MT3-P62,AE,3,XP216-PLR,4,C,6,3,1,FALSE,0,5,NA,NA,NA,NA,Late regeneration,31,31,FALSE,FALSE,FALSE,0.96,6,0,320,3,0.01,0.01010445534001279
AE-MT2-P27,AE,2,XP216-PLR,5,A,NA,NA,NA,FALSE,0,5,NA,NA,NA,NA,Late regeneration,31,31,FALSE,FALSE,FALSE,0.96,6,0,320,NA,NA,NA
BS-MT7-P65,BS,7,XP216-PLR,5,A,NA,NA,NA,FALSE,0,5,NA,NA,NA,NA,Late regeneration,31,31,FALSE,FALSE,FALSE,0.96,6,0,320,NA,NA,NA
BP-MT5-P38,BP,5,XP216-PLR,5,A,NA,NA,NA,FALSE,0,5,NA,NA,NA,NA,Late regeneration,31,31,FALSE,FALSE,FALSE,0.96,6,0,320,NA,NA,NA
CH-MT4-P24,CH,4,XP216-PLR,5,A,NA,NA,NA,FALSE,1,179,NA,NA,NA,NA,Late regeneration,31,31,FALSE,FALSE,FALSE,0.96,6,0,320,NA,NA,NA
EA-MT4-P52,EA,4,XP216-PLR,5,A,NA,NA,NA,FALSE,0,5,NA,NA,NA,NA,Late regeneration,31,31,FALSE,FALSE,FALSE,0.96,6,0,320,NA,NA,NA
DC-MT4-P39,DC,4,XP216-PLR,5,A,NA,NA,NA,FALSE,0,179,NA,NA,NA,NA,Late regeneration,31,31,FALSE,FALSE,FALSE,0.96,6,0,320,NA,NA,NA
VB-MT5-P47,VB,5,XP216-PLR,5,A,NA,NA,NA,FALSE,0,5,NA,NA,NA,NA,Late regeneration,31,31,FALSE,FALSE,FALSE,0.96,6,0,320,NA,NA,NA
BG-MT4-P52,BG,4,XP216-PLR,5,A,NA,NA,NA,FALSE,0,179,NA,NA,NA,NA,Late regeneration,31,31,FALSE,FALSE,FALSE,0.96,6,0,320,NA,NA,NA
PG-MT4-P3,PG,4,XP216-PLR,5,A,NA,NA,NA,FALSE,0,5,NA,NA,NA,NA,Late regeneration,31,31,FALSE,FALSE,FALSE,0.96,6,0,320,NA,NA,NA
PG-MT1-P72,PG,1,XP216-PLR,5,B,NA,NA,NA,FALSE,0,5,NA,NA,NA,NA,Late regeneration,31,31,FALSE,FALSE,FALSE,0.96,6,0,320,NA,NA,NA
BP-MT3-P60,BP,3,XP216-PLR,5,B,NA,NA,NA,FALSE,0,5,NA,NA,NA,NA,Late regeneration,31,31,FALSE,FALSE,FALSE,0.96,6,0,320,NA,NA,NA
VB-MT4-P55,VB,4,XP216-PLR,5,B,NA,NA,NA,FALSE,0,5,NA,NA,NA,NA,Late regeneration,31,31,FALSE,FALSE,FALSE,0.96,6,0,320,NA,NA,NA
BG-MT2-P2,BG,2,XP216-PLR,5,B,NA,NA,NA,FALSE,0,179,NA,NA,NA,NA,Late regeneration,31,31,FALSE,FALSE,FALSE,0.96,6,0,320,NA,NA,NA
EA-MT1-P89,EA,1,XP216-PLR,5,B,NA,NA,NA,FALSE,0,5,NA,NA,NA,NA,Late regeneration,31,31,FALSE,FALSE,FALSE,0.96,6,0,320,NA,NA,NA
DC-MT5-P65,DC,5,XP216-PLR,5,B,NA,NA,NA,FALSE,1,179,NA,NA,NA,NA,Late regeneration,31,31,FALSE,FALSE,FALSE,0.96,6,0,320,NA,NA,NA
AE-MT4-P51,AE,4,XP216-PLR,5,B,NA,NA,NA,FALSE,0,5,NA,NA,NA,NA,Late regeneration,31,31,FALSE,FALSE,FALSE,0.96,6,0,320,NA,NA,NA
AE-MT1-P15,AE,1,XP216-PLR,5,C,NA,NA,NA,FALSE,0,5,NA,NA,NA,NA,Late regeneration,31,31,FALSE,FALSE,FALSE,0.96,6,0,320,NA,NA,NA
IS-MT3-P103,IS,3,XP216-PLR,5,C,NA,NA,NA,FALSE,0,5,NA,NA,NA,NA,Late regeneration,31,31,FALSE,FALSE,FALSE,0.96,6,0,320,NA,NA,NA
BP-MT4-P38,BP,4,XP216-PLR,5,C,NA,NA,NA,FALSE,0,5,NA,NA,NA,NA,Late regeneration,31,31,FALSE,FALSE,FALSE,0.96,6,0,320,NA,NA,NA
CH-MT3-P16,CH,3,XP216-PLR,5,C,NA,NA,NA,FALSE,0,179,NA,NA,NA,NA,Late regeneration,31,31,FALSE,FALSE,FALSE,0.96,6,0,320,NA,NA,NA
BU-MT4-P49,BU,4,XP216-PLR,5,C,NA,NA,NA,FALSE,0,179,NA,NA,NA,NA,Late regeneration,31,31,FALSE,FALSE,FALSE,0.96,6,0,320,NA,NA,NA
CP-MT1-P2,CP,1,XP216-PLR,5,C,NA,NA,NA,FALSE,0,179,NA,NA,NA,NA,Late regeneration,31,31,FALSE,FALSE,FALSE,0.96,6,0,320,NA,NA,NA
BG-MT5-P36,BG,5,XP216-PLR,5,C,NA,NA,NA,FALSE,0,179,NA,NA,NA,NA,Late regeneration,31,31,FALSE,FALSE,FALSE,0.96,6,0,320,NA,NA,NA
DC-MT1-P58,DC,1,XP216-PLR,5,C,NA,NA,NA,FALSE,1,179,NA,NA,NA,NA,Late regeneration,31,31,FALSE,FALSE,FALSE,0.96,6,0,320,NA,NA,NA
VB-MT2-P18,VB,2,XP216-PLR,5,C,NA,NA,NA,FALSE,0,5,NA,NA,NA,NA,Late regeneration,31,31,FALSE,FALSE,FALSE,0.96,6,0,320,NA,NA,NA
PG-MT5-P14,PG,5,XP216-PLR,5,C,NA,NA,NA,FALSE,0,5,NA,NA,NA,NA,Late regeneration,31,31,FALSE,FALSE,FALSE,0.96,6,0,320,NA,NA,NA
AE-MT3-P4,AE,3,XP217-PLR,1,A,3,3,0.5,FALSE,0,NA,NA,NA,NA,NA,Late regeneration,24,24,FALSE,FALSE,FALSE,0.37,51,0,431,0,0.005,0.005105521210829247
EA-MT5-P53,EA,5,XP217-PLR,1,A,17,6,0.5,FALSE,0,126,NA,NA,NA,NA,Late regeneration,24,24,FALSE,FALSE,FALSE,0.37,51,0,431,11,0.005,0.005105521210829247
PG-MT4-P26,PG,4,XP217-PLR,1,A,1,0,0,FALSE,0,NA,NA,NA,NA,NA,Late regeneration,24,24,FALSE,FALSE,FALSE,0.37,51,0,431,1,0,1.0658708164570453e-4
CP-MT4-P6,CP,4,XP217-PLR,1,A,3,1,0.5,FALSE,0,322,NA,NA,NA,NA,Late regeneration,24,24,FALSE,FALSE,FALSE,0.37,51,0,431,2,0.005,0.005105521210829247
OP-MT9-P1,OP,9,XP217-PLR,1,A,NA,NA,NA,FALSE,1,241,NA,NA,NA,NA,Late regeneration,24,24,FALSE,FALSE,FALSE,0.37,51,0,431,NA,NA,NA
OP-MT6-P59,OP,6,XP217-PLR,1,A,4,2,2.5,FALSE,0,NA,NA,NA,NA,NA,Late regeneration,24,24,FALSE,FALSE,FALSE,0.37,51,0,431,2,0.025,0.025101257727563418
IS-MT3-P61,IS,3,XP217-PLR,1,A,2,2,1,FALSE,0,367,NA,NA,NA,NA,Late regeneration,24,24,FALSE,FALSE,FALSE,0.37,51,0,431,0,0.01,0.01010445534001279
BG-MT5-P49,BG,5,XP217-PLR,1,A,26,21,2.5,FALSE,0,216,NA,NA,NA,NA,Late regeneration,24,24,FALSE,FALSE,FALSE,0.37,51,0,431,5,0.025,0.025101257727563418
BP-MT2-P41,BP,2,XP217-PLR,1,A,1,1,20,FALSE,0,NA,NA,NA,NA,NA,Late regeneration,24,24,FALSE,FALSE,FALSE,0.37,51,0,431,0,0.2,0.20006395224898743
BS-MT1-P31,BS,1,XP217-PLR,1,A,1,0,0,FALSE,0,126,NA,NA,NA,NA,Late regeneration,24,24,FALSE,FALSE,FALSE,0.37,51,0,431,1,0,1.0658708164570453e-4
CH-MT2-P55,CH,2,XP217-PLR,1,A,NA,NA,NA,FALSE,1,216,NA,NA,NA,NA,Late regeneration,24,24,FALSE,FALSE,FALSE,0.37,51,0,431,NA,NA,NA
BU-MT2-P50,BU,2,XP217-PLR,1,A,7,1,0.5,FALSE,0,216,NA,NA,NA,NA,Late regeneration,24,24,FALSE,FALSE,FALSE,0.37,51,0,431,6,0.005,0.005105521210829247
MC-MT2-P52,MC,2,XP217-PLR,1,A,3,3,20,FALSE,0,216,NA,NA,NA,NA,Late regeneration,24,24,FALSE,FALSE,FALSE,0.37,51,0,431,0,0.2,0.20006395224898743
VB-MT5-P56,VB,5,XP217-PLR,1,A,4,2,1,FALSE,0,NA,NA,NA,NA,NA,Late regeneration,24,24,FALSE,FALSE,FALSE,0.37,51,0,431,2,0.01,0.01010445534001279
OP-MT7-P21,OP,7,XP217-PLR,1,B,NA,NA,NA,FALSE,1,322,NA,NA,NA,NA,Late regeneration,24,24,FALSE,FALSE,FALSE,0.37,51,0,431,NA,NA,NA
BG-MT3-P13,BG,3,XP217-PLR,1,B,13,5,0.5,FALSE,0,216,NA,NA,NA,NA,Late regeneration,24,24,FALSE,FALSE,FALSE,0.37,51,0,431,8,0.005,0.005105521210829247
AE-MT1-P71,AE,1,XP217-PLR,1,B,3,3,2.5,FALSE,0,NA,NA,NA,NA,NA,Late regeneration,24,24,FALSE,FALSE,FALSE,0.37,51,0,431,0,0.025,0.025101257727563418
DC-MT5-P58,DC,5,XP217-PLR,1,B,NA,NA,NA,FALSE,1,216,NA,NA,NA,NA,Late regeneration,24,24,FALSE,FALSE,FALSE,0.37,51,0,431,NA,NA,NA
CP-MT1-P56,CP,1,XP217-PLR,1,B,3,3,1,FALSE,0,216,NA,NA,NA,NA,Late regeneration,24,24,FALSE,FALSE,FALSE,0.37,51,0,431,0,0.01,0.01010445534001279
VB-MT5-P51,VB,5,XP217-PLR,1,B,3,2,20,FALSE,0,NA,NA,NA,NA,NA,Late regeneration,24,24,FALSE,FALSE,FALSE,0.37,51,0,431,1,0.2,0.20006395224898743
IS-MT2-P99,IS,2,XP217-PLR,1,B,2,1,0.5,FALSE,0,367,NA,NA,NA,NA,Late regeneration,24,24,FALSE,FALSE,FALSE,0.37,51,0,431,1,0.005,0.005105521210829247
EA-MT1-P87,EA,1,XP217-PLR,1,B,17,14,7.5,FALSE,0,NA,NA,NA,NA,NA,Late regeneration,24,24,FALSE,FALSE,FALSE,0.37,51,0,431,3,0.075,0.07509059901939885
PG-MT2-P37,PG,2,XP217-PLR,1,B,4,1,0.5,FALSE,0,NA,NA,NA,NA,NA,Late regeneration,24,24,FALSE,FALSE,FALSE,0.37,51,0,431,3,0.005,0.005105521210829247
BU-MT4-P42,BU,4,XP217-PLR,1,B,6,0,0,FALSE,0,216,NA,NA,NA,NA,Late regeneration,24,24,FALSE,FALSE,FALSE,0.37,51,0,431,6,0,1.0658708164570453e-4
PA-MT3-P30,PA,3,XP217-PLR,1,B,9,6,2.5,FALSE,0,126,NA,NA,NA,NA,Late regeneration,24,24,FALSE,FALSE,FALSE,0.37,51,0,431,3,0.025,0.025101257727563418
MC-MT1-P69,MC,1,XP217-PLR,1,B,NA,NA,NA,FALSE,NA,NA,NA,NA,NA,NA,Late regeneration,24,24,FALSE,FALSE,FALSE,0.37,51,0,431,NA,NA,NA
MC-MT1-P26,MC,1,XP217-PLR,1,B,3,3,10,FALSE,0,NA,NA,NA,NA,NA,Late regeneration,24,24,FALSE,FALSE,FALSE,0.37,51,0,431,0,0.1,0.10008526966531657
BS-MT7-P53,BS,7,XP217-PLR,1,B,3,1,15,FALSE,NA,NA,NA,NA,NA,NA,Late regeneration,24,24,FALSE,FALSE,FALSE,0.37,51,0,431,2,0.15,0.150074610957152
BP-MT4-P33,BP,4,XP217-PLR,1,B,2,1,2.5,FALSE,0,NA,NA,NA,NA,NA,Late regeneration,24,24,FALSE,FALSE,FALSE,0.37,51,0,431,1,0.025,0.025101257727563418
AE-MT4-P49,AE,4,XP217-PLR,1,C,5,3,0.5,FALSE,NA,NA,NA,NA,NA,NA,Late regeneration,24,24,FALSE,FALSE,FALSE,0.37,51,0,431,2,0.005,0.005105521210829247
EA-MT1-P62,EA,1,XP217-PLR,1,C,10,5,0.5,FALSE,0,126,3.2675,32.30109487274887,1.058,0.35,Late regeneration,24,24,FALSE,FALSE,FALSE,0.37,51,0,431,5,0.005,0.005105521210829247
BS-MT7-P44,BS,7,XP217-PLR,1,C,4,4,20,FALSE,0,126,NA,NA,NA,NA,Late regeneration,24,24,FALSE,FALSE,FALSE,0.37,51,0,431,0,0.2,0.20006395224898743
BG-MT2-P34,BG,2,XP217-PLR,1,C,28,12,1,FALSE,0,216,1.7874999999999999,25.87350547265551,0.116,0.038,Late regeneration,24,24,FALSE,FALSE,FALSE,0.37,51,0,431,16,0.01,0.01010445534001279
MC-MT1-P18,MC,1,XP217-PLR,1,C,NA,NA,NA,FALSE,NA,NA,NA,NA,NA,NA,Late regeneration,24,24,FALSE,FALSE,FALSE,0.37,51,0,431,NA,NA,NA
MC-MT1-P7,MC,1,XP217-PLR,1,C,2,1,2.5,FALSE,0,NA,NA,NA,NA,NA,Late regeneration,24,24,FALSE,FALSE,FALSE,0.37,51,0,431,1,0.025,0.025101257727563418
BP-MT4-P96,BP,4,XP217-PLR,1,C,0,0,0,FALSE,0,NA,NA,NA,NA,NA,Late regeneration,24,24,FALSE,FALSE,FALSE,0.37,51,0,431,0,0,1.0658708164570453e-4
CP-MT2-P72,CP,2,XP217-PLR,1,C,NA,NA,NA,FALSE,1,322,NA,NA,NA,NA,Late regeneration,24,24,FALSE,FALSE,FALSE,0.37,51,0,431,NA,NA,NA
IS-MT5-P90,IS,5,XP217-PLR,1,C,2,2,0.5,FALSE,0,367,2.9675000000000002,19.949338632284203,0.391,0.128,Late regeneration,24,24,FALSE,FALSE,FALSE,0.37,51,0,431,0,0.005,0.005105521210829247
PA-MT6-P47,PA,6,XP217-PLR,1,C,7,4,0.5,FALSE,0,322,1.5375,18.924373794650197,1.553,0.222,Late regeneration,24,24,FALSE,FALSE,FALSE,0.37,51,0,431,3,0.005,0.005105521210829247
DC-MT1-P48,DC,1,XP217-PLR,1,C,NA,NA,NA,FALSE,1,216,NA,NA,NA,NA,Late regeneration,24,24,FALSE,FALSE,FALSE,0.37,51,0,431,NA,NA,NA
CH-MT5-P6,CH,5,XP217-PLR,1,C,4,3,0.5,FALSE,0,216,1.7825,10.803536489660932,0.501,0.105,Late regeneration,24,24,FALSE,FALSE,FALSE,0.37,51,0,431,1,0.005,0.005105521210829247
VB-MT3-P38,VB,3,XP217-PLR,1,C,7,1,0.5,FALSE,0,NA,3.6550000000000002,15.418045634774844,0.279,0.08,Late regeneration,24,24,FALSE,FALSE,FALSE,0.37,51,0,431,6,0.005,0.005105521210829247
PG-MT2-P17,PG,2,XP217-PLR,1,C,4,0,0,FALSE,0,NA,NA,NA,NA,NA,Late regeneration,24,24,FALSE,FALSE,FALSE,0.37,51,0,431,4,0,1.0658708164570453e-4
BU-MT4-P45,BU,4,XP217-PLR,1,C,NA,NA,NA,FALSE,NA,NA,NA,NA,NA,NA,Late regeneration,24,24,FALSE,FALSE,FALSE,0.37,51,0,431,NA,NA,NA
BU-MT3-P76,BU,3,XP217-PLR,1,C,0,0,0,FALSE,0,NA,NA,NA,NA,NA,Late regeneration,24,24,FALSE,FALSE,FALSE,0.37,51,0,431,0,0,1.0658708164570453e-4
PG-MT3-P73,PG,3,XP217-PLR,2,A,0,0,0,FALSE,0,NA,NA,NA,NA,NA,Late regeneration,24,24,FALSE,FALSE,FALSE,0.37,51,0,431,0,0,1.0658708164570453e-4
OP-MT2-P15,OP,2,XP217-PLR,2,A,NA,NA,NA,FALSE,1,241,NA,NA,NA,NA,Late regeneration,24,24,FALSE,FALSE,FALSE,0.37,51,0,431,NA,NA,NA
OP-MT2-P61,OP,2,XP217-PLR,2,A,3,2,10,FALSE,0,NA,NA,NA,NA,NA,Late regeneration,24,24,FALSE,FALSE,FALSE,0.37,51,0,431,1,0.1,0.10008526966531657
OP-MT2-P61,OP,2,XP217-PLR,2,A,3,2,10,FALSE,1,-22,NA,NA,NA,NA,Late regeneration,24,24,FALSE,FALSE,FALSE,0.37,51,0,431,1,0.1,0.10008526966531657
CH-MT4-P48,CH,4,XP217-PLR,2,A,3,1,30,FALSE,0,216,NA,NA,NA,NA,Late regeneration,24,24,FALSE,FALSE,FALSE,0.37,51,0,431,2,0.3,0.3000426348326583
AE-MT2-P19,AE,2,XP217-PLR,2,A,3,1,0.5,FALSE,0,NA,NA,NA,NA,NA,Late regeneration,24,24,FALSE,FALSE,FALSE,0.37,51,0,431,2,0.005,0.005105521210829247
BU-MT1-P32,BU,1,XP217-PLR,2,A,4,1,0.5,FALSE,0,322,NA,NA,NA,NA,Late regeneration,24,24,FALSE,FALSE,FALSE,0.37,51,0,431,3,0.005,0.005105521210829247
BG-MT1-P4,BG,1,XP217-PLR,2,A,0,0,0,FALSE,1,216,NA,NA,NA,NA,Late regeneration,24,24,FALSE,FALSE,FALSE,0.37,51,0,431,0,0,1.0658708164570453e-4
CP-MT5-P34,CP,5,XP217-PLR,2,A,3,2,2.5,FALSE,0,216,NA,NA,NA,NA,Late regeneration,24,24,FALSE,FALSE,FALSE,0.37,51,0,431,1,0.025,0.025101257727563418
EA-MT2-P20,EA,2,XP217-PLR,2,A,18,6,0.5,FALSE,0,322,NA,NA,NA,NA,Late regeneration,24,24,FALSE,FALSE,FALSE,0.37,51,0,431,12,0.005,0.005105521210829247
PA-MT3-P15,PA,3,XP217-PLR,2,A,7,5,2.5,FALSE,0,367,NA,NA,NA,NA,Late regeneration,24,24,FALSE,FALSE,FALSE,0.37,51,0,431,2,0.025,0.025101257727563418
IS-MT5-P87,IS,5,XP217-PLR,2,A,3,3,1,FALSE,0,367,NA,NA,NA,NA,Late regeneration,24,24,FALSE,FALSE,FALSE,0.37,51,0,431,0,0.01,0.01010445534001279
DC-MT5-P50,DC,5,XP217-PLR,2,A,1,1,1,FALSE,0,216,NA,NA,NA,NA,Late regeneration,24,24,FALSE,FALSE,FALSE,0.37,51,0,431,0,0.01,0.01010445534001279
BS-MT7-P39,BS,7,XP217-PLR,2,A,3,2,15,FALSE,NA,NA,NA,NA,NA,NA,Late regeneration,24,24,FALSE,FALSE,FALSE,0.37,51,0,431,1,0.15,0.150074610957152
VB-MT5-P2,VB,5,XP217-PLR,2,A,3,0,0,FALSE,0,NA,NA,NA,NA,NA,Late regeneration,24,24,FALSE,FALSE,FALSE,0.37,51,0,431,3,0,1.0658708164570453e-4
BP-MT3-P10,BP,3,XP217-PLR,2,A,3,1,1,FALSE,0,NA,NA,NA,NA,NA,Late regeneration,24,24,FALSE,FALSE,FALSE,0.37,51,0,431,2,0.01,0.01010445534001279
BU-MT3-P43,BU,3,XP217-PLR,2,B,4,0,0,FALSE,0,216,NA,NA,NA,NA,Late regeneration,24,24,FALSE,FALSE,FALSE,0.37,51,0,431,4,0,1.0658708164570453e-4
EA-MT3-P6,EA,3,XP217-PLR,2,B,22,9,0.5,FALSE,0,322,NA,NA,NA,NA,Late regeneration,24,24,FALSE,FALSE,FALSE,0.37,51,0,431,13,0.005,0.005105521210829247
VB-MT5-P49,VB,5,XP217-PLR,2,B,3,0,0,FALSE,0,NA,NA,NA,NA,NA,Late regeneration,24,24,FALSE,FALSE,FALSE,0.37,51,0,431,3,0,1.0658708164570453e-4
PA-MT6-P2,PA,6,XP217-PLR,2,B,5,3,2.5,FALSE,0,322,NA,NA,NA,NA,Late regeneration,24,24,FALSE,FALSE,FALSE,0.37,51,0,431,2,0.025,0.025101257727563418
MC-MT1-P22,MC,1,XP217-PLR,2,B,3,3,2.5,FALSE,0,216,NA,NA,NA,NA,Late regeneration,24,24,FALSE,FALSE,FALSE,0.37,51,0,431,0,0.025,0.025101257727563418
BG-MT5-P21,BG,5,XP217-PLR,2,B,NA,NA,NA,FALSE,1,216,NA,NA,NA,NA,Late regeneration,24,24,FALSE,FALSE,FALSE,0.37,51,0,431,NA,NA,NA
CH-MT4-P53,CH,4,XP217-PLR,2,B,NA,NA,NA,FALSE,1,216,NA,NA,NA,NA,Late regeneration,24,24,FALSE,FALSE,FALSE,0.37,51,0,431,NA,NA,NA
CP-MT1-P35,CP,1,XP217-PLR,2,B,3,3,5,FALSE,0,216,NA,NA,NA,NA,Late regeneration,24,24,FALSE,FALSE,FALSE,0.37,51,0,431,0,0.05,0.05009592837348113
IS-MT4-P7,IS,4,XP217-PLR,2,B,1,1,10,FALSE,0,322,NA,NA,NA,NA,Late regeneration,24,24,FALSE,FALSE,FALSE,0.37,51,0,431,0,0.1,0.10008526966531657
BS-MT6-P73,BS,6,XP217-PLR,2,B,4,2,10,FALSE,0,126,NA,NA,NA,NA,Late regeneration,24,24,FALSE,FALSE,FALSE,0.37,51,0,431,2,0.1,0.10008526966531657
AE-MT1-P23,AE,1,XP217-PLR,2,B,2,1,0.5,FALSE,0,NA,NA,NA,NA,NA,Late regeneration,24,24,FALSE,FALSE,FALSE,0.37,51,0,431,1,0.005,0.005105521210829247
BP-MT3-P27,BP,3,XP217-PLR,2,B,2,1,7.5,FALSE,0,NA,NA,NA,NA,NA,Late regeneration,24,24,FALSE,FALSE,FALSE,0.37,51,0,431,1,0.075,0.07509059901939885
PG-MT1-P71,PG,1,XP217-PLR,2,B,2,2,1,FALSE,0,NA,NA,NA,NA,NA,Late regeneration,24,24,FALSE,FALSE,FALSE,0.37,51,0,431,0,0.01,0.01010445534001279
DC-MT4-P5,DC,4,XP217-PLR,2,B,4,3,1,FALSE,0,216,NA,NA,NA,NA,Late regeneration,24,24,FALSE,FALSE,FALSE,0.37,51,0,431,1,0.01,0.01010445534001279
VB-MT1-P47,VB,1,XP217-PLR,2,C,NA,NA,NA,FALSE,1,216,NA,NA,NA,NA,Late regeneration,24,24,FALSE,FALSE,FALSE,0.37,51,0,431,NA,NA,NA
PG-MT1-P67,PG,1,XP217-PLR,2,C,3,1,0.5,FALSE,0,NA,NA,NA,NA,NA,Late regeneration,24,24,FALSE,FALSE,FALSE,0.37,51,0,431,2,0.005,0.005105521210829247
CP-MT2-P47,CP,2,XP217-PLR,2,C,5,4,1,FALSE,0,322,NA,NA,NA,NA,Late regeneration,24,24,FALSE,FALSE,FALSE,0.37,51,0,431,1,0.01,0.01010445534001279
EA-MT3-P35,EA,3,XP217-PLR,2,C,28,24,2.5,FALSE,0,NA,4.7075,26.088366532809818,3.33,1.05,Late regeneration,24,24,FALSE,FALSE,FALSE,0.37,51,0,431,4,0.025,0.025101257727563418
BP-MT2-P48,BP,2,XP217-PLR,2,C,3,1,5,FALSE,0,NA,NA,NA,NA,NA,Late regeneration,24,24,FALSE,FALSE,FALSE,0.37,51,0,431,2,0.05,0.05009592837348113
MC-MT2-P60,MC,2,XP217-PLR,2,C,4,0,0,FALSE,0,216,NA,NA,NA,NA,Late regeneration,24,24,FALSE,FALSE,FALSE,0.37,51,0,431,4,0,1.0658708164570453e-4
DC-MT3-P13,DC,3,XP217-PLR,2,C,5,4,10,FALSE,0,216,NA,NA,NA,NA,Late regeneration,24,24,FALSE,FALSE,FALSE,0.37,51,0,431,1,0.1,0.10008526966531657
BG-MT4-P2,BG,4,XP217-PLR,2,C,10,4,0.5,FALSE,0,216,1.5200000000000002,22.38377131780762,0.165,0.3,Late regeneration,24,24,FALSE,FALSE,FALSE,0.37,51,0,431,6,0.005,0.005105521210829247
OP-MT8-P6,OP,8,XP217-PLR,2,C,NA,NA,NA,FALSE,1,106,NA,NA,NA,NA,Late regeneration,24,24,FALSE,FALSE,FALSE,0.37,51,0,431,NA,NA,NA
OP-MT8-P63,OP,8,XP217-PLR,2,C,NA,NA,NA,FALSE,1,126,NA,NA,NA,NA,Late regeneration,24,24,FALSE,FALSE,FALSE,0.37,51,0,431,NA,NA,NA
BU-MT5-P21,BU,5,XP217-PLR,2,C,3,1,0.5,FALSE,0,216,2.5175,17.979651569915152,1.03,0.3,Late regeneration,24,24,FALSE,FALSE,FALSE,0.37,51,0,431,2,0.005,0.005105521210829247
IS-MT3-P46,IS,3,XP217-PLR,2,C,2,2,0.5,FALSE,0,126,3.4025,34.85312582586337,0.84,0.261,Late regeneration,24,24,FALSE,FALSE,FALSE,0.37,51,0,431,0,0.005,0.005105521210829247
BS-MT1-P2,BS,1,XP217-PLR,2,C,2,2,20,FALSE,0,216,NA,NA,NA,NA,Late regeneration,24,24,FALSE,FALSE,FALSE,0.37,51,0,431,0,0.2,0.20006395224898743
CH-MT2-P35,CH,2,XP217-PLR,2,C,2,1,1,FALSE,0,216,NA,NA,NA,NA,Late regeneration,24,24,FALSE,FALSE,FALSE,0.37,51,0,431,1,0.01,0.01010445534001279
AE-MT5-P6,AE,5,XP217-PLR,2,C,1,1,0.5,FALSE,0,NA,NA,NA,NA,NA,Late regeneration,24,24,FALSE,FALSE,FALSE,0.37,51,0,431,0,0.005,0.005105521210829247
OP-MT8-P16,OP,8,XP217-PLR,3,A,NA,NA,NA,FALSE,1,322,NA,NA,NA,NA,Late regeneration,24,24,FALSE,FALSE,FALSE,0.37,51,0,431,NA,NA,NA
BS-MT1-P68,BS,1,XP217-PLR,3,A,1,1,90,FALSE,0,126,NA,NA,NA,NA,Late regeneration,24,24,FALSE,FALSE,FALSE,0.37,51,0,431,0,0.9,0.8999147303346834
VB-MT5-P5,VB,5,XP217-PLR,3,A,3,1,0.5,FALSE,0,NA,NA,NA,NA,NA,Late regeneration,24,24,FALSE,FALSE,FALSE,0.37,51,0,431,2,0.005,0.005105521210829247
EA-MT5-P34,EA,5,XP217-PLR,3,A,16,6,0.5,FALSE,0,126,NA,NA,NA,NA,Late regeneration,24,24,FALSE,FALSE,FALSE,0.37,51,0,431,10,0.005,0.005105521210829247
PA-MT7-P56,PA,7,XP217-PLR,3,A,5,4,10,FALSE,0,NA,NA,NA,NA,NA,Late regeneration,24,24,FALSE,FALSE,FALSE,0.37,51,0,431,1,0.1,0.10008526966531657
CH-MT4-P33,CH,4,XP217-PLR,3,A,2,1,0.5,FALSE,0,216,NA,NA,NA,NA,Late regeneration,24,24,FALSE,FALSE,FALSE,0.37,51,0,431,1,0.005,0.005105521210829247
IS-MT3-P11,IS,3,XP217-PLR,3,A,2,2,7.5,FALSE,0,367,NA,NA,NA,NA,Late regeneration,24,24,FALSE,FALSE,FALSE,0.37,51,0,431,0,0.075,0.07509059901939885
AE-MT4-P10,AE,4,XP217-PLR,3,A,7,3,0.5,FALSE,NA,NA,NA,NA,NA,NA,Late regeneration,24,24,FALSE,FALSE,FALSE,0.37,51,0,431,4,0.005,0.005105521210829247
BP-MT1-P9,BP,1,XP217-PLR,3,A,3,1,2.5,FALSE,0,NA,NA,NA,NA,NA,Late regeneration,24,24,FALSE,FALSE,FALSE,0.37,51,0,431,2,0.025,0.025101257727563418
CP-MT4-P59,CP,4,XP217-PLR,3,A,3,3,1,FALSE,0,322,NA,NA,NA,NA,Late regeneration,24,24,FALSE,FALSE,FALSE,0.37,51,0,431,0,0.01,0.01010445534001279
BG-MT3-P61,BG,3,XP217-PLR,3,A,18,6,0.5,FALSE,0,216,NA,NA,NA,NA,Late regeneration,24,24,FALSE,FALSE,FALSE,0.37,51,0,431,12,0.005,0.005105521210829247
BU-MT2-P13,BU,2,XP217-PLR,3,A,6,2,0.5,FALSE,0,216,NA,NA,NA,NA,Late regeneration,24,24,FALSE,FALSE,FALSE,0.37,51,0,431,4,0.005,0.005105521210829247
PG-MT3-P42,PG,3,XP217-PLR,3,A,3,1,0.5,FALSE,0,NA,NA,NA,NA,NA,Late regeneration,24,24,FALSE,FALSE,FALSE,0.37,51,0,431,2,0.005,0.005105521210829247
DC-MT2-P25,DC,2,XP217-PLR,3,A,4,2,0.5,FALSE,0,216,NA,NA,NA,NA,Late regeneration,24,24,FALSE,FALSE,FALSE,0.37,51,0,431,2,0.005,0.005105521210829247
CP-MT5-P76,CP,5,XP217-PLR,3,B,4,4,2.5,FALSE,0,216,NA,NA,NA,NA,Late regeneration,24,24,FALSE,FALSE,FALSE,0.37,51,0,431,0,0.025,0.025101257727563418
PG-MT1-P1,PG,1,XP217-PLR,3,B,2,0,0,FALSE,0,NA,NA,NA,NA,NA,Late regeneration,24,24,FALSE,FALSE,FALSE,0.37,51,0,431,2,0,1.0658708164570453e-4
BG-MT1-P61,BG,1,XP217-PLR,3,B,16,12,1,FALSE,0,216,NA,NA,NA,NA,Late regeneration,24,24,FALSE,FALSE,FALSE,0.37,51,0,431,4,0.01,0.01010445534001279
AE-MT1-P41,AE,1,XP217-PLR,3,B,5,1,0.5,FALSE,0,NA,NA,NA,NA,NA,Late regeneration,24,24,FALSE,FALSE,FALSE,0.37,51,0,431,4,0.005,0.005105521210829247
DC-MT3-P19,DC,3,XP217-PLR,3,B,5,5,1,FALSE,0,216,NA,NA,NA,NA,Late regeneration,24,24,FALSE,FALSE,FALSE,0.37,51,0,431,0,0.01,0.01010445534001279
BP-MT5-P37,BP,5,XP217-PLR,3,B,3,2,20,FALSE,0,NA,NA,NA,NA,NA,Late regeneration,24,24,FALSE,FALSE,FALSE,0.37,51,0,431,1,0.2,0.20006395224898743
OP-MT6-P29,OP,6,XP217-PLR,3,B,6,6,2.5,FALSE,0,322,NA,NA,NA,NA,Late regeneration,24,24,FALSE,FALSE,FALSE,0.37,51,0,431,0,0.025,0.025101257727563418
BS-MT5-P20,BS,5,XP217-PLR,3,B,3,2,30,FALSE,0,216,NA,NA,NA,NA,Late regeneration,24,24,FALSE,FALSE,FALSE,0.37,51,0,431,1,0.3,0.3000426348326583
VB-MT4-P56,VB,4,XP217-PLR,3,B,3,1,2.5,FALSE,0,NA,NA,NA,NA,NA,Late regeneration,24,24,FALSE,FALSE,FALSE,0.37,51,0,431,2,0.025,0.025101257727563418
CH-MT1-P3,CH,1,XP217-PLR,3,B,NA,NA,NA,FALSE,1,322,NA,NA,NA,NA,Late regeneration,24,24,FALSE,FALSE,FALSE,0.37,51,0,431,NA,NA,NA
IS-MT4-P43,IS,4,XP217-PLR,3,B,3,3,7.5,FALSE,0,322,NA,NA,NA,NA,Late regeneration,24,24,FALSE,FALSE,FALSE,0.37,51,0,431,0,0.075,0.07509059901939885
BU-MT3-P4,BU,3,XP217-PLR,3,B,3,0,0,FALSE,0,216,NA,NA,NA,NA,Late regeneration,24,24,FALSE,FALSE,FALSE,0.37,51,0,431,3,0,1.0658708164570453e-4
MC-MT2-P18,MC,2,XP217-PLR,3,B,4,4,2.5,FALSE,0,216,NA,NA,NA,NA,Late regeneration,24,24,FALSE,FALSE,FALSE,0.37,51,0,431,0,0.025,0.025101257727563418
EA-MT5-P29,EA,5,XP217-PLR,3,B,NA,NA,NA,FALSE,1,126,NA,NA,NA,NA,Late regeneration,24,24,FALSE,FALSE,FALSE,0.37,51,0,431,NA,NA,NA
PG-MT2-P55,PG,2,XP217-PLR,3,C,4,1,2.5,FALSE,0,NA,NA,NA,NA,NA,Late regeneration,24,24,FALSE,FALSE,FALSE,0.37,51,0,431,3,0.025,0.025101257727563418
BU-MT4-P66,BU,4,XP217-PLR,3,C,6,1,0.5,FALSE,0,216,2.7899999999999996,22.727404852500136,1.309,0.4,Late regeneration,24,24,FALSE,FALSE,FALSE,0.37,51,0,431,5,0.005,0.005105521210829247
OP-MT7-P6,OP,7,XP217-PLR,3,C,NA,NA,NA,FALSE,1,196,NA,NA,NA,NA,Late regeneration,24,24,FALSE,FALSE,FALSE,0.37,51,0,431,NA,NA,NA
OP-MT6-P66,OP,6,XP217-PLR,3,C,6,0,0,FALSE,0,NA,NA,NA,NA,NA,Late regeneration,24,24,FALSE,FALSE,FALSE,0.37,51,0,431,6,0,1.0658708164570453e-4
DC-MT2-P46,DC,2,XP217-PLR,3,C,2,2,5,FALSE,0,NA,NA,NA,NA,NA,Late regeneration,24,24,FALSE,FALSE,FALSE,0.37,51,0,431,0,0.05,0.05009592837348113
BG-MT3-P45,BG,3,XP217-PLR,3,C,10,4,1,FALSE,0,216,NA,NA,NA,NA,Late regeneration,24,24,FALSE,FALSE,FALSE,0.37,51,0,431,6,0.01,0.01010445534001279
EA-MT5-P41,EA,5,XP217-PLR,3,C,16,8,1,FALSE,0,126,4.0925,25.350048373120927,1.899,0.742,Late regeneration,24,24,FALSE,FALSE,FALSE,0.37,51,0,431,8,0.01,0.01010445534001279
IS-MT1-P13,IS,1,XP217-PLR,3,C,3,3,7.5,FALSE,0,322,3.42,25.367073226698494,1.455,0.488,Late regeneration,24,24,FALSE,FALSE,FALSE,0.37,51,0,431,0,0.075,0.07509059901939885
AE-MT3-P11,AE,3,XP217-PLR,3,C,4,2,1,FALSE,0,NA,NA,NA,NA,NA,Late regeneration,24,24,FALSE,FALSE,FALSE,0.37,51,0,431,2,0.01,0.01010445534001279
VB-MT3-P6,VB,3,XP217-PLR,3,C,4,1,0.5,FALSE,0,NA,1.275,20.551954030506202,0.555,0.078,Late regeneration,24,24,FALSE,FALSE,FALSE,0.37,51,0,431,3,0.005,0.005105521210829247
CP-MT1-P40,CP,1,XP217-PLR,3,C,3,3,1,FALSE,0,216,NA,NA,NA,NA,Late regeneration,24,24,FALSE,FALSE,FALSE,0.37,51,0,431,0,0.01,0.01010445534001279
BS-MT5-P2,BS,5,XP217-PLR,3,C,NA,NA,NA,FALSE,1,216,NA,NA,NA,NA,Late regeneration,24,24,FALSE,FALSE,FALSE,0.37,51,0,431,NA,NA,NA
CH-MT2-P31,CH,2,XP217-PLR,3,C,2,1,1,FALSE,0,216,NA,NA,NA,NA,Late regeneration,24,24,FALSE,FALSE,FALSE,0.37,51,0,431,1,0.01,0.01010445534001279
PA-MT7-P12,PA,7,XP217-PLR,3,C,12,4,1,FALSE,0,216,1.6425,16.562519108545374,1.06,0.144,Late regeneration,24,24,FALSE,FALSE,FALSE,0.37,51,0,431,8,0.01,0.01010445534001279
BP-MT4-P45,BP,4,XP217-PLR,3,C,3,2,2.5,FALSE,0,NA,NA,NA,NA,NA,Late regeneration,24,24,FALSE,FALSE,FALSE,0.37,51,0,431,1,0.025,0.025101257727563418
MC-MT3-P47,MC,3,XP217-PLR,4,A,4,3,2.5,FALSE,0,216,NA,NA,NA,NA,Late regeneration,24,24,FALSE,FALSE,FALSE,0.37,51,0,431,1,0.025,0.025101257727563418
IS-MT2-P82,IS,2,XP217-PLR,4,A,1,1,55,FALSE,0,367,NA,NA,NA,NA,Late regeneration,24,24,FALSE,FALSE,FALSE,0.37,51,0,431,0,0.55,0.5499893412918354
CP-MT3-P33,CP,3,XP217-PLR,4,A,0,0,0,FALSE,0,322,NA,NA,NA,NA,Late regeneration,24,24,FALSE,FALSE,FALSE,0.37,51,0,431,0,0,1.0658708164570453e-4
BP-MT1-P49,BP,1,XP217-PLR,4,A,3,3,15,FALSE,0,NA,NA,NA,NA,NA,Late regeneration,24,24,FALSE,FALSE,FALSE,0.37,51,0,431,0,0.15,0.150074610957152
BG-MT4-P32,BG,4,XP217-PLR,4,A,0,0,0,FALSE,1,216,NA,NA,NA,NA,Late regeneration,24,24,FALSE,FALSE,FALSE,0.37,51,0,431,0,0,1.0658708164570453e-4
BU-MT5-P37,BU,5,XP217-PLR,4,A,4,0,0,FALSE,0,216,NA,NA,NA,NA,Late regeneration,24,24,FALSE,FALSE,FALSE,0.37,51,0,431,4,0,1.0658708164570453e-4
OP-MT9-P5,OP,9,XP217-PLR,4,A,NA,NA,NA,FALSE,1,241,NA,NA,NA,NA,Late regeneration,24,24,FALSE,FALSE,FALSE,0.37,51,0,431,NA,NA,NA
EA-MT5-P26,EA,5,XP217-PLR,4,A,17,2,1,FALSE,0,126,NA,NA,NA,NA,Late regeneration,24,24,FALSE,FALSE,FALSE,0.37,51,0,431,15,0.01,0.01010445534001279
CH-MT3-P72,CH,3,XP217-PLR,4,A,0,0,0,FALSE,1,216,NA,NA,NA,NA,Late regeneration,24,24,FALSE,FALSE,FALSE,0.37,51,0,431,0,0,1.0658708164570453e-4
PA-MT3-P28,PA,3,XP217-PLR,4,A,8,5,5,FALSE,0,367,NA,NA,NA,NA,Late regeneration,24,24,FALSE,FALSE,FALSE,0.37,51,0,431,3,0.05,0.05009592837348113
BS-MT6-P30,BS,6,XP217-PLR,4,A,0,0,0,FALSE,1,216,NA,NA,NA,NA,Late regeneration,24,24,FALSE,FALSE,FALSE,0.37,51,0,431,0,0,1.0658708164570453e-4
AE-MT3-P7,AE,3,XP217-PLR,4,A,4,1,0.5,FALSE,0,NA,NA,NA,NA,NA,Late regeneration,24,24,FALSE,FALSE,FALSE,0.37,51,0,431,3,0.005,0.005105521210829247
PG-MT2-P29,PG,2,XP217-PLR,4,A,5,2,0.5,FALSE,0,NA,NA,NA,NA,NA,Late regeneration,24,24,FALSE,FALSE,FALSE,0.37,51,0,431,3,0.005,0.005105521210829247
DC-MT1-P47,DC,1,XP217-PLR,4,A,NA,NA,NA,FALSE,1,216,NA,NA,NA,NA,Late regeneration,24,24,FALSE,FALSE,FALSE,0.37,51,0,431,NA,NA,NA
VB-MT5-P42,VB,5,XP217-PLR,4,A,3,1,15,FALSE,0,NA,NA,NA,NA,NA,Late regeneration,24,24,FALSE,FALSE,FALSE,0.37,51,0,431,2,0.15,0.150074610957152
CP-MT2-P23,CP,2,XP217-PLR,4,B,2,1,0.5,FALSE,0,322,NA,NA,NA,NA,Late regeneration,24,24,FALSE,FALSE,FALSE,0.37,51,0,431,1,0.005,0.005105521210829247
CP-MT2-P23,CP,2,XP217-PLR,4,B,2,1,0.5,FALSE,1,-72,NA,NA,NA,NA,Late regeneration,24,24,FALSE,FALSE,FALSE,0.37,51,0,431,1,0.005,0.005105521210829247
CH-MT1-P11,CH,1,XP217-PLR,4,B,NA,NA,NA,FALSE,1,106,NA,NA,NA,NA,Late regeneration,24,24,FALSE,FALSE,FALSE,0.37,51,0,431,NA,NA,NA
CH-MT2-P58,CH,2,XP217-PLR,4,B,2,1,25,FALSE,0,NA,NA,NA,NA,NA,Late regeneration,24,24,FALSE,FALSE,FALSE,0.37,51,0,431,1,0.25,0.25005329354082284
PG-MT5-P56,PG,5,XP217-PLR,4,B,3,2,15,FALSE,0,NA,NA,NA,NA,NA,Late regeneration,24,24,FALSE,FALSE,FALSE,0.37,51,0,431,1,0.15,0.150074610957152
BP-MT2-P33,BP,2,XP217-PLR,4,B,2,0,0,FALSE,0,NA,NA,NA,NA,NA,Late regeneration,24,24,FALSE,FALSE,FALSE,0.37,51,0,431,2,0,1.0658708164570453e-4
OP-MT2-P41,OP,2,XP217-PLR,4,B,NA,NA,NA,FALSE,1,151,NA,NA,NA,NA,Late regeneration,24,24,FALSE,FALSE,FALSE,0.37,51,0,431,NA,NA,NA
OP-MT2-P73,OP,2,XP217-PLR,4,B,0,0,0,FALSE,1,126,NA,NA,NA,NA,Late regeneration,24,24,FALSE,FALSE,FALSE,0.37,51,0,431,0,0,1.0658708164570453e-4
IS-MT1-P62,IS,1,XP217-PLR,4,B,3,3,0.5,FALSE,NA,NA,NA,NA,NA,NA,Late regeneration,24,24,FALSE,FALSE,FALSE,0.37,51,0,431,0,0.005,0.005105521210829247
PA-MT7-P31,PA,7,XP217-PLR,4,B,13,9,2.5,FALSE,0,216,NA,NA,NA,NA,Late regeneration,24,24,FALSE,FALSE,FALSE,0.37,51,0,431,4,0.025,0.025101257727563418
BS-MT5-P52,BS,5,XP217-PLR,4,B,2,2,60,FALSE,0,126,NA,NA,NA,NA,Late regeneration,24,24,FALSE,FALSE,FALSE,0.37,51,0,431,0,0.6,0.5999786825836708
EA-MT4-P23,EA,4,XP217-PLR,4,B,5,5,40,FALSE,0,322,NA,NA,NA,NA,Late regeneration,24,24,FALSE,FALSE,FALSE,0.37,51,0,431,0,0.4,0.4000213174163291
DC-MT2-P50,DC,2,XP217-PLR,4,B,1,0,0,FALSE,0,NA,NA,NA,NA,NA,Late regeneration,24,24,FALSE,FALSE,FALSE,0.37,51,0,431,1,0,1.0658708164570453e-4
AE-MT1-P31,AE,1,XP217-PLR,4,B,5,2,1,FALSE,0,NA,NA,NA,NA,NA,Late regeneration,24,24,FALSE,FALSE,FALSE,0.37,51,0,431,3,0.01,0.01010445534001279
BG-MT1-P14,BG,1,XP217-PLR,4,B,4,0,0,FALSE,0,216,NA,NA,NA,NA,Late regeneration,24,24,FALSE,FALSE,FALSE,0.37,51,0,431,4,0,1.0658708164570453e-4
VB-MT1-P8,VB,1,XP217-PLR,4,B,9,6,50,FALSE,0,216,NA,NA,NA,NA,Late regeneration,24,24,FALSE,FALSE,FALSE,0.37,51,0,431,3,0.5,0.5
BU-MT3-P10,BU,3,XP217-PLR,4,B,2,2,0.5,FALSE,0,216,NA,NA,NA,NA,Late regeneration,24,24,FALSE,FALSE,FALSE,0.37,51,0,431,0,0.005,0.005105521210829247
BU-MT1-P27,BU,1,XP217-PLR,4,C,4,2,1,FALSE,0,322,2.8575,38.045148863759366,2.4,0.199,Late regeneration,24,24,FALSE,FALSE,FALSE,0.37,51,0,431,2,0.01,0.01010445534001279
VB-MT2-P47,VB,2,XP217-PLR,4,C,2,0,0,FALSE,0,NA,NA,NA,NA,NA,Late regeneration,24,24,FALSE,FALSE,FALSE,0.37,51,0,431,2,0,1.0658708164570453e-4
EA-MT3-P37,EA,3,XP217-PLR,4,C,19,12,5,FALSE,0,NA,6.7325,28.946516584972265,6.06,0.824,Late regeneration,24,24,FALSE,FALSE,FALSE,0.37,51,0,431,7,0.05,0.05009592837348113
BP-MT1-P15,BP,1,XP217-PLR,4,C,3,1,0.5,FALSE,0,NA,NA,NA,NA,NA,Late regeneration,24,24,FALSE,FALSE,FALSE,0.37,51,0,431,2,0.005,0.005105521210829247
PG-MT4-P13,PG,4,XP217-PLR,4,C,2,1,0.5,FALSE,0,NA,NA,NA,NA,NA,Late regeneration,24,24,FALSE,FALSE,FALSE,0.37,51,0,431,1,0.005,0.005105521210829247
CH-MT5-P10,CH,5,XP217-PLR,4,C,2,2,40,FALSE,0,216,NA,NA,NA,NA,Late regeneration,24,24,FALSE,FALSE,FALSE,0.37,51,0,431,0,0.4,0.4000213174163291
OP-MT6-P21,OP,6,XP217-PLR,4,C,NA,NA,NA,FALSE,1,106,NA,NA,NA,NA,Late regeneration,24,24,FALSE,FALSE,FALSE,0.37,51,0,431,NA,NA,NA
OP-MT9-P78,OP,9,XP217-PLR,4,C,NA,NA,NA,FALSE,1,126,NA,NA,NA,NA,Late regeneration,24,24,FALSE,FALSE,FALSE,0.37,51,0,431,NA,NA,NA
AE-MT2-P37,AE,2,XP217-PLR,4,C,3,2,10,FALSE,NA,NA,NA,NA,NA,NA,Late regeneration,24,24,FALSE,FALSE,FALSE,0.37,51,0,431,1,0.1,0.10008526966531657
MC-MT3-P21,MC,3,XP217-PLR,4,C,0,0,0,FALSE,1,216,NA,NA,NA,NA,Late regeneration,24,24,FALSE,FALSE,FALSE,0.37,51,0,431,0,0,1.0658708164570453e-4
DC-MT4-P58,DC,4,XP217-PLR,4,C,6,3,0.5,FALSE,0,216,NA,NA,NA,NA,Late regeneration,24,24,FALSE,FALSE,FALSE,0.37,51,0,431,3,0.005,0.005105521210829247
BG-MT2-P14,BG,2,XP217-PLR,4,C,0,0,0,FALSE,1,216,NA,NA,NA,NA,Late regeneration,24,24,FALSE,FALSE,FALSE,0.37,51,0,431,0,0,1.0658708164570453e-4
IS-MT5-P32,IS,5,XP217-PLR,4,C,4,4,NA,FALSE,0,126,3.04,26.259891861748038,3,0.204,Late regeneration,24,24,FALSE,FALSE,FALSE,0.37,51,0,431,0,NA,NA
BS-MT7-P20,BS,7,XP217-PLR,4,C,2,2,70,FALSE,0,216,NA,NA,NA,NA,Late regeneration,24,24,FALSE,FALSE,FALSE,0.37,51,0,431,0,0.7,0.6999573651673417
CP-MT5-P4,CP,5,XP217-PLR,4,C,3,3,5,FALSE,0,216,NA,NA,NA,NA,Late regeneration,24,24,FALSE,FALSE,FALSE,0.37,51,0,431,0,0.05,0.05009592837348113
VB-MT5-P16,VB,5,XP217-PLR,5,A,NA,NA,NA,FALSE,0,NA,NA,NA,NA,NA,Late regeneration,24,24,FALSE,FALSE,FALSE,0.37,51,0,431,NA,NA,NA
CH-MT3-P2,CH,3,XP217-PLR,5,A,NA,NA,NA,FALSE,0,216,NA,NA,NA,NA,Late regeneration,24,24,FALSE,FALSE,FALSE,0.37,51,0,431,NA,NA,NA
PG-MT5-P42,PG,5,XP217-PLR,5,A,NA,NA,NA,FALSE,0,NA,NA,NA,NA,NA,Late regeneration,24,24,FALSE,FALSE,FALSE,0.37,51,0,431,NA,NA,NA
CP-MT5-P28,CP,5,XP217-PLR,5,A,NA,NA,NA,FALSE,0,216,NA,NA,NA,NA,Late regeneration,24,24,FALSE,FALSE,FALSE,0.37,51,0,431,NA,NA,NA
DC-MT4-P22,DC,4,XP217-PLR,5,A,NA,NA,NA,FALSE,0,216,NA,NA,NA,NA,Late regeneration,24,24,FALSE,FALSE,FALSE,0.37,51,0,431,NA,NA,NA
AE-MT4-P20,AE,4,XP217-PLR,5,A,NA,NA,NA,FALSE,0,NA,NA,NA,NA,NA,Late regeneration,24,24,FALSE,FALSE,FALSE,0.37,51,0,431,NA,NA,NA
BS-MT5-P83,BS,5,XP217-PLR,5,A,NA,NA,NA,FALSE,0,NA,NA,NA,NA,NA,Late regeneration,24,24,FALSE,FALSE,FALSE,0.37,51,0,431,NA,NA,NA
IS-MT1-P20,IS,1,XP217-PLR,5,A,NA,NA,NA,FALSE,0,126,NA,NA,NA,NA,Late regeneration,24,24,FALSE,FALSE,FALSE,0.37,51,0,431,NA,NA,NA
BP-MT3-P45,BP,3,XP217-PLR,5,A,NA,NA,NA,FALSE,0,NA,NA,NA,NA,NA,Late regeneration,24,24,FALSE,FALSE,FALSE,0.37,51,0,431,NA,NA,NA
BG-MT2-P4,BG,2,XP217-PLR,5,A,NA,NA,NA,FALSE,0,216,NA,NA,NA,NA,Late regeneration,24,24,FALSE,FALSE,FALSE,0.37,51,0,431,NA,NA,NA
AE-MT3-P37,AE,3,XP217-PLR,5,B,NA,NA,NA,FALSE,0,NA,NA,NA,NA,NA,Late regeneration,24,24,FALSE,FALSE,FALSE,0.37,51,0,431,NA,NA,NA
PG-MT5-P34,PG,5,XP217-PLR,5,B,NA,NA,NA,FALSE,0,NA,NA,NA,NA,NA,Late regeneration,24,24,FALSE,FALSE,FALSE,0.37,51,0,431,NA,NA,NA
BG-MT5-P19,BG,5,XP217-PLR,5,B,NA,NA,NA,FALSE,1,90,NA,NA,NA,NA,Late regeneration,24,24,FALSE,FALSE,FALSE,0.37,51,0,431,NA,NA,NA
BG-MT1-P58,BG,1,XP217-PLR,5,B,NA,NA,NA,FALSE,0,NA,NA,NA,NA,NA,Late regeneration,24,24,FALSE,FALSE,FALSE,0.37,51,0,431,NA,NA,NA
EA-MT2-P66,EA,2,XP217-PLR,5,B,NA,NA,NA,FALSE,0,NA,NA,NA,NA,NA,Late regeneration,24,24,FALSE,FALSE,FALSE,0.37,51,0,431,NA,NA,NA
BU-MT4-P73,BU,4,XP217-PLR,5,B,NA,NA,NA,FALSE,NA,NA,NA,NA,NA,NA,Late regeneration,24,24,FALSE,FALSE,FALSE,0.37,51,0,431,NA,NA,NA
BU-MT4-P27,BU,4,XP217-PLR,5,B,NA,NA,NA,FALSE,0,NA,NA,NA,NA,NA,Late regeneration,24,24,FALSE,FALSE,FALSE,0.37,51,0,431,NA,NA,NA
DC-MT5-P34,DC,5,XP217-PLR,5,B,NA,NA,NA,FALSE,0,216,NA,NA,NA,NA,Late regeneration,24,24,FALSE,FALSE,FALSE,0.37,51,0,431,NA,NA,NA
VB-MT4-P15,VB,4,XP217-PLR,5,B,NA,NA,NA,FALSE,0,NA,NA,NA,NA,NA,Late regeneration,24,24,FALSE,FALSE,FALSE,0.37,51,0,431,NA,NA,NA
BP-MT4-P68,BP,4,XP217-PLR,5,B,NA,NA,NA,FALSE,0,NA,NA,NA,NA,NA,Late regeneration,24,24,FALSE,FALSE,FALSE,0.37,51,0,431,NA,NA,NA
DC-MT1-P62,DC,1,XP217-PLR,5,C,NA,NA,NA,FALSE,0,216,NA,NA,NA,NA,Late regeneration,24,24,FALSE,FALSE,FALSE,0.37,51,0,431,NA,NA,NA
AE-MT5-P18,AE,5,XP217-PLR,5,C,NA,NA,NA,FALSE,0,NA,NA,NA,NA,NA,Late regeneration,24,24,FALSE,FALSE,FALSE,0.37,51,0,431,NA,NA,NA
IS-MT3-P104,IS,3,XP217-PLR,5,C,NA,NA,NA,FALSE,0,NA,NA,NA,NA,NA,Late regeneration,24,24,FALSE,FALSE,FALSE,0.37,51,0,431,NA,NA,NA
BP-MT4-P98,BP,4,XP217-PLR,5,C,NA,NA,NA,FALSE,0,NA,NA,NA,NA,NA,Late regeneration,24,24,FALSE,FALSE,FALSE,0.37,51,0,431,NA,NA,NA
PG-MT3-P5,PG,3,XP217-PLR,5,C,NA,NA,NA,FALSE,0,NA,NA,NA,NA,NA,Late regeneration,24,24,FALSE,FALSE,FALSE,0.37,51,0,431,NA,NA,NA
EA-MT2-P41,EA,2,XP217-PLR,5,C,NA,NA,NA,FALSE,0,NA,NA,NA,NA,NA,Late regeneration,24,24,FALSE,FALSE,FALSE,0.37,51,0,431,NA,NA,NA
CH-MT4-P35,CH,4,XP217-PLR,5,C,NA,NA,NA,FALSE,0,216,NA,NA,NA,NA,Late regeneration,24,24,FALSE,FALSE,FALSE,0.37,51,0,431,NA,NA,NA
BG-MT4-P68,BG,4,XP217-PLR,5,C,NA,NA,NA,FALSE,0,216,NA,NA,NA,NA,Late regeneration,24,24,FALSE,FALSE,FALSE,0.37,51,0,431,NA,NA,NA
VB-MT5-P11,VB,5,XP217-PLR,5,C,NA,NA,NA,FALSE,0,NA,NA,NA,NA,NA,Late regeneration,24,24,FALSE,FALSE,FALSE,0.37,51,0,431,NA,NA,NA
MC-MT3-P40,MC,3,XP218-PLR,1,A,6,5,20,FALSE,0,182,NA,NA,NA,NA,Late regeneration,15,15,FALSE,FALSE,FALSE,0.52,155,0,386,1,0.2,0.20006395224898743
CH-MT1-P7,CH,1,XP218-PLR,1,A,NA,NA,NA,FALSE,1,190,NA,NA,NA,NA,Late regeneration,15,15,FALSE,FALSE,FALSE,0.52,155,0,386,NA,NA,NA
CH-MT3-P28,CH,3,XP218-PLR,1,A,2,1,25,FALSE,0,1,NA,NA,NA,NA,Late regeneration,15,15,FALSE,FALSE,FALSE,0.52,155,0,386,1,0.25,0.25005329354082284
BP-MT2-P27,BP,2,XP218-PLR,1,A,1,0,0,FALSE,0,1,NA,NA,NA,NA,Late regeneration,15,15,FALSE,FALSE,FALSE,0.52,155,0,386,1,0,1.0658708164570453e-4
PA-MT3-P25,PA,3,XP218-PLR,1,A,14,6,5,FALSE,0,373,NA,NA,NA,NA,Late regeneration,15,15,FALSE,FALSE,FALSE,0.52,155,0,386,8,0.05,0.05009592837348113
EA-MT5-P65,EA,5,XP218-PLR,1,A,17,5,0.5,FALSE,0,133,NA,NA,NA,NA,Late regeneration,15,15,FALSE,FALSE,FALSE,0.52,155,0,386,12,0.005,0.005105521210829247
BU-MT3-P56,BU,3,XP218-PLR,1,A,5,3,5,FALSE,0,182,NA,NA,NA,NA,Late regeneration,15,15,FALSE,FALSE,FALSE,0.52,155,0,386,2,0.05,0.05009592837348113
VB-MT3-P58,VB,3,XP218-PLR,1,A,5,3,2.5,FALSE,0,1,NA,NA,NA,NA,Late regeneration,15,15,FALSE,FALSE,FALSE,0.52,155,0,386,2,0.025,0.025101257727563418
BS-MT5-P62,BS,5,XP218-PLR,1,A,3,1,1,FALSE,0,133,NA,NA,NA,NA,Late regeneration,15,15,FALSE,FALSE,FALSE,0.52,155,0,386,2,0.01,0.01010445534001279
BG-MT5-P37,BG,5,XP218-PLR,1,A,30,6,2.5,FALSE,0,182,NA,NA,NA,NA,Late regeneration,15,15,FALSE,FALSE,FALSE,0.52,155,0,386,24,0.025,0.025101257727563418
OP-MT9-P33,OP,9,XP218-PLR,1,A,NA,NA,NA,FALSE,1,373,NA,NA,NA,NA,Late regeneration,15,15,FALSE,FALSE,FALSE,0.52,155,0,386,NA,NA,NA
CP-MT4-P22,CP,4,XP218-PLR,1,A,5,4,1,FALSE,0,323,NA,NA,NA,NA,Late regeneration,15,15,FALSE,FALSE,FALSE,0.52,155,0,386,1,0.01,0.01010445534001279
IS-MT5-P89,IS,5,XP218-PLR,1,A,6,4,15,FALSE,0,373,NA,NA,NA,NA,Late regeneration,15,15,FALSE,FALSE,FALSE,0.52,155,0,386,2,0.15,0.150074610957152
AE-MT4-P12,AE,4,XP218-PLR,1,A,7,3,2.5,FALSE,0,1,NA,NA,NA,NA,Late regeneration,15,15,FALSE,FALSE,FALSE,0.52,155,0,386,4,0.025,0.025101257727563418
DC-MT3-P69,DC,3,XP218-PLR,1,A,2,1,0.5,FALSE,0,182,NA,NA,NA,NA,Late regeneration,15,15,FALSE,FALSE,FALSE,0.52,155,0,386,1,0.005,0.005105521210829247
PG-MT4-P6,PG,4,XP218-PLR,1,A,5,1,0.5,FALSE,0,1,NA,NA,NA,NA,Late regeneration,15,15,FALSE,FALSE,FALSE,0.52,155,0,386,4,0.005,0.005105521210829247
CH-MT4-P25,CH,4,XP218-PLR,1,B,4,4,2.5,FALSE,0,182,NA,NA,NA,NA,Late regeneration,15,15,FALSE,FALSE,FALSE,0.52,155,0,386,0,0.025,0.025101257727563418
BS-MT5-P46,BS,5,XP218-PLR,1,B,4,2,40,FALSE,0,133,NA,NA,NA,NA,Late regeneration,15,15,FALSE,FALSE,FALSE,0.52,155,0,386,2,0.4,0.4000213174163291
EA-MT1-P14,EA,1,XP218-PLR,1,B,15,7,0.5,FALSE,0,133,NA,NA,NA,NA,Late regeneration,15,15,FALSE,FALSE,FALSE,0.52,155,0,386,8,0.005,0.005105521210829247
IS-MT4-P12,IS,4,XP218-PLR,1,B,3,3,5,FALSE,0,323,NA,NA,NA,NA,Late regeneration,15,15,FALSE,FALSE,FALSE,0.52,155,0,386,0,0.05,0.05009592837348113
OP-MT2-P48,OP,2,XP218-PLR,1,B,NA,NA,NA,FALSE,1,373,NA,NA,NA,NA,Late regeneration,15,15,FALSE,FALSE,FALSE,0.52,155,0,386,NA,NA,NA
BU-MT4-P71,BU,4,XP218-PLR,1,B,4,0,0,FALSE,0,182,NA,NA,NA,NA,Late regeneration,15,15,FALSE,FALSE,FALSE,0.52,155,0,386,4,0,1.0658708164570453e-4
PA-MT6-P5,PA,6,XP218-PLR,1,B,9,6,5,FALSE,0,323,NA,NA,NA,NA,Late regeneration,15,15,FALSE,FALSE,FALSE,0.52,155,0,386,3,0.05,0.05009592837348113
CP-MT3-P21,CP,3,XP218-PLR,1,B,5,5,0.5,FALSE,0,323,NA,NA,NA,NA,Late regeneration,15,15,FALSE,FALSE,FALSE,0.52,155,0,386,0,0.005,0.005105521210829247
AE-MT5-P22,AE,5,XP218-PLR,1,B,2,1,0.5,FALSE,0,1,NA,NA,NA,NA,Late regeneration,15,15,FALSE,FALSE,FALSE,0.52,155,0,386,1,0.005,0.005105521210829247
PG-MT2-P23,PG,2,XP218-PLR,1,B,2,1,0.5,FALSE,0,1,NA,NA,NA,NA,Late regeneration,15,15,FALSE,FALSE,FALSE,0.52,155,0,386,1,0.005,0.005105521210829247
VB-MT5-P28,VB,5,XP218-PLR,1,B,5,3,30,FALSE,0,1,NA,NA,NA,NA,Late regeneration,15,15,FALSE,FALSE,FALSE,0.52,155,0,386,2,0.3,0.3000426348326583
BG-MT2-P83,BG,2,XP218-PLR,1,B,17,9,1,FALSE,0,182,NA,NA,NA,NA,Late regeneration,15,15,FALSE,FALSE,FALSE,0.52,155,0,386,8,0.01,0.01010445534001279
DC-MT1-P24,DC,1,XP218-PLR,1,B,3,2,5,FALSE,0,182,NA,NA,NA,NA,Late regeneration,15,15,FALSE,FALSE,FALSE,0.52,155,0,386,1,0.05,0.05009592837348113
BP-MT4-P50,BP,4,XP218-PLR,1,B,2,0,0,FALSE,0,1,NA,NA,NA,NA,Late regeneration,15,15,FALSE,FALSE,FALSE,0.52,155,0,386,2,0,1.0658708164570453e-4
PG-MT4-P46,PG,4,XP218-PLR,1,C,4,1,1,FALSE,0,1,NA,NA,NA,NA,Late regeneration,15,15,FALSE,FALSE,FALSE,0.52,155,0,386,3,0.01,0.01010445534001279
BG-MT3-P65,BG,3,XP218-PLR,1,C,NA,NA,NA,FALSE,1,182,NA,NA,NA,NA,Late regeneration,15,15,FALSE,FALSE,FALSE,0.52,155,0,386,NA,NA,NA
IS-MT1-P24,IS,1,XP218-PLR,1,C,2,2,5,FALSE,0,323,4.0649999999999995,24.289164701837002,0.744,0.217,Late regeneration,15,15,FALSE,FALSE,FALSE,0.52,155,0,386,0,0.05,0.05009592837348113
IS-MT1-P24,IS,1,XP218-PLR,1,C,2,2,5,FALSE,0,-84,4.0649999999999995,24.289164701837002,0.744,0.217,Late regeneration,15,15,FALSE,FALSE,FALSE,0.52,155,0,386,0,0.05,0.05009592837348113
OP-MT8-P8,OP,8,XP218-PLR,1,C,6,5,0.5,FALSE,0,323,NA,NA,NA,NA,Late regeneration,15,15,FALSE,FALSE,FALSE,0.52,155,0,386,1,0.005,0.005105521210829247
AE-MT2-P73,AE,2,XP218-PLR,1,C,3,1,1,FALSE,0,1,NA,NA,NA,NA,Late regeneration,15,15,FALSE,FALSE,FALSE,0.52,155,0,386,2,0.01,0.01010445534001279
BS-MT5-P47,BS,5,XP218-PLR,1,C,2,2,25,FALSE,0,133,NA,NA,NA,NA,Late regeneration,15,15,FALSE,FALSE,FALSE,0.52,155,0,386,0,0.25,0.25005329354082284
VB-MT4-P27,VB,4,XP218-PLR,1,C,3,0,0,FALSE,0,1,1.3850000000000002,18.182441445017577,0.25,0.038,Late regeneration,15,15,FALSE,FALSE,FALSE,0.52,155,0,386,3,0,1.0658708164570453e-4
EA-MT1-P56,EA,1,XP218-PLR,1,C,12,2,0.5,FALSE,0,133,4.1175,31.349347453417778,0.774,0.224,Late regeneration,15,15,FALSE,FALSE,FALSE,0.52,155,0,386,10,0.005,0.005105521210829247
MC-MT3-P13,MC,3,XP218-PLR,1,C,10,9,15,FALSE,0,182,2.835,23.943241495940956,4.074,0.696,Late regeneration,15,15,FALSE,FALSE,FALSE,0.52,155,0,386,1,0.15,0.150074610957152
CH-MT4-P80,CH,4,XP218-PLR,1,C,NA,NA,NA,FALSE,1,49,NA,NA,NA,NA,Late regeneration,15,15,FALSE,FALSE,FALSE,0.52,155,0,386,NA,NA,NA
CH-MT5-P46,CH,5,XP218-PLR,1,C,1,1,0.5,FALSE,0,1,NA,NA,NA,NA,Late regeneration,15,15,FALSE,FALSE,FALSE,0.52,155,0,386,0,0.005,0.005105521210829247
CP-MT5-P9,CP,5,XP218-PLR,1,C,4,4,1,FALSE,0,182,NA,NA,NA,NA,Late regeneration,15,15,FALSE,FALSE,FALSE,0.52,155,0,386,0,0.01,0.01010445534001279
BU-MT5-P35,BU,5,XP218-PLR,1,C,3,1,1,FALSE,0,182,6.7125,16.897405718381215,1.109,0.281,Late regeneration,15,15,FALSE,FALSE,FALSE,0.52,155,0,386,2,0.01,0.01010445534001279
BP-MT1-P34,BP,1,XP218-PLR,1,C,1,0,0,FALSE,0,1,NA,NA,NA,NA,Late regeneration,15,15,FALSE,FALSE,FALSE,0.52,155,0,386,1,0,1.0658708164570453e-4
PA-MT6-P85,PA,6,XP218-PLR,1,C,1,1,40,FALSE,0,1,NA,NA,NA,NA,Late regeneration,15,15,FALSE,FALSE,FALSE,0.52,155,0,386,0,0.4,0.4000213174163291
DC-MT4-P13,DC,4,XP218-PLR,1,C,NA,NA,NA,FALSE,0,182,NA,NA,NA,NA,Late regeneration,15,15,FALSE,FALSE,FALSE,0.52,155,0,386,NA,NA,NA
VB-MT2-P31,VB,2,XP218-PLR,2,A,3,1,0.5,FALSE,0,1,NA,NA,NA,NA,Late regeneration,15,15,FALSE,FALSE,FALSE,0.52,155,0,386,2,0.005,0.005105521210829247
PG-MT5-P35,PG,5,XP218-PLR,2,A,2,1,0.5,FALSE,0,1,NA,NA,NA,NA,Late regeneration,15,15,FALSE,FALSE,FALSE,0.52,155,0,386,1,0.005,0.005105521210829247
OP-MT7-P16,OP,7,XP218-PLR,2,A,6,3,1,FALSE,0,323,NA,NA,NA,NA,Late regeneration,15,15,FALSE,FALSE,FALSE,0.52,155,0,386,3,0.01,0.01010445534001279
PA-MT3-P39,PA,3,XP218-PLR,2,A,11,6,1,FALSE,0,373,NA,NA,NA,NA,Late regeneration,15,15,FALSE,FALSE,FALSE,0.52,155,0,386,5,0.01,0.01010445534001279
EA-MT2-P18,EA,2,XP218-PLR,2,A,8,6,5,FALSE,0,323,NA,NA,NA,NA,Late regeneration,15,15,FALSE,FALSE,FALSE,0.52,155,0,386,2,0.05,0.05009592837348113
BU-MT5-P55,BU,5,XP218-PLR,2,A,6,2,5,FALSE,0,182,NA,NA,NA,NA,Late regeneration,15,15,FALSE,FALSE,FALSE,0.52,155,0,386,4,0.05,0.05009592837348113
BS-MT5-P39,BS,5,XP218-PLR,2,A,3,1,15,FALSE,0,133,NA,NA,NA,NA,Late regeneration,15,15,FALSE,FALSE,FALSE,0.52,155,0,386,2,0.15,0.150074610957152
DC-MT4-P82,DC,4,XP218-PLR,2,A,NA,NA,NA,FALSE,0,182,NA,NA,NA,NA,Late regeneration,15,15,FALSE,FALSE,FALSE,0.52,155,0,386,NA,NA,NA
CP-MT1-P26,CP,1,XP218-PLR,2,A,5,4,0.5,FALSE,0,182,NA,NA,NA,NA,Late regeneration,15,15,FALSE,FALSE,FALSE,0.52,155,0,386,1,0.005,0.005105521210829247
AE-MT4-P54,AE,4,XP218-PLR,2,A,5,3,0.5,FALSE,0,1,NA,NA,NA,NA,Late regeneration,15,15,FALSE,FALSE,FALSE,0.52,155,0,386,2,0.005,0.005105521210829247
BG-MT1-P82,BG,1,XP218-PLR,2,A,10,8,2.5,FALSE,0,182,NA,NA,NA,NA,Late regeneration,15,15,FALSE,FALSE,FALSE,0.52,155,0,386,2,0.025,0.025101257727563418
BP-MT1-P26,BP,1,XP218-PLR,2,A,1,0,0,FALSE,0,1,NA,NA,NA,NA,Late regeneration,15,15,FALSE,FALSE,FALSE,0.52,155,0,386,1,0,1.0658708164570453e-4
CH-MT5-P8,CH,5,XP218-PLR,2,A,3,3,0.5,FALSE,0,182,NA,NA,NA,NA,Late regeneration,15,15,FALSE,FALSE,FALSE,0.52,155,0,386,0,0.005,0.005105521210829247
IS-MT3-P58,IS,3,XP218-PLR,2,A,7,5,1,FALSE,0,133,NA,NA,NA,NA,Late regeneration,15,15,FALSE,FALSE,FALSE,0.52,155,0,386,2,0.01,0.01010445534001279
IS-MT1-P39,IS,1,XP218-PLR,2,B,1,1,25,FALSE,0,323,NA,NA,NA,NA,Late regeneration,15,15,FALSE,FALSE,FALSE,0.52,155,0,386,0,0.25,0.25005329354082284
BG-MT2-P71,BG,2,XP218-PLR,2,B,15,2,0.5,FALSE,0,182,NA,NA,NA,NA,Late regeneration,15,15,FALSE,FALSE,FALSE,0.52,155,0,386,13,0.005,0.005105521210829247
OP-MT6-P17,OP,6,XP218-PLR,2,B,NA,NA,NA,FALSE,1,323,NA,NA,NA,NA,Late regeneration,15,15,FALSE,FALSE,FALSE,0.52,155,0,386,NA,NA,NA
EA-MT4-P16,EA,4,XP218-PLR,2,B,10,9,1,FALSE,0,323,NA,NA,NA,NA,Late regeneration,15,15,FALSE,FALSE,FALSE,0.52,155,0,386,1,0.01,0.01010445534001279
CP-MT2-P46,CP,2,XP218-PLR,2,B,NA,NA,NA,FALSE,1,323,NA,NA,NA,NA,Late regeneration,15,15,FALSE,FALSE,FALSE,0.52,155,0,386,NA,NA,NA
DC-MT5-P83,DC,5,XP218-PLR,2,B,2,1,90,FALSE,0,1,NA,NA,NA,NA,Late regeneration,15,15,FALSE,FALSE,FALSE,0.52,155,0,386,1,0.9,0.8999147303346834
PG-MT1-P25,PG,1,XP218-PLR,2,B,2,1,0.5,FALSE,0,1,NA,NA,NA,NA,Late regeneration,15,15,FALSE,FALSE,FALSE,0.52,155,0,386,1,0.005,0.005105521210829247
BS-MT6-P5,BS,6,XP218-PLR,2,B,2,1,12.5,FALSE,0,182,NA,NA,NA,NA,Late regeneration,15,15,FALSE,FALSE,FALSE,0.52,155,0,386,1,0.125,0.1250799403112343
AE-MT2-P66,AE,2,XP218-PLR,2,B,4,0,0,FALSE,0,1,NA,NA,NA,NA,Late regeneration,15,15,FALSE,FALSE,FALSE,0.52,155,0,386,4,0,1.0658708164570453e-4
MC-MT1-P63,MC,1,XP218-PLR,2,B,5,2,10,FALSE,0,182,NA,NA,NA,NA,Late regeneration,15,15,FALSE,FALSE,FALSE,0.52,155,0,386,3,0.1,0.10008526966531657
BP-MT2-P14,BP,2,XP218-PLR,2,B,1,1,0.5,FALSE,0,1,NA,NA,NA,NA,Late regeneration,15,15,FALSE,FALSE,FALSE,0.52,155,0,386,0,0.005,0.005105521210829247
CH-MT5-P50,CH,5,XP218-PLR,2,B,4,4,10,FALSE,0,182,NA,NA,NA,NA,Late regeneration,15,15,FALSE,FALSE,FALSE,0.52,155,0,386,0,0.1,0.10008526966531657
BU-MT2-P8,BU,2,XP218-PLR,2,B,2,1,0.5,FALSE,0,182,NA,NA,NA,NA,Late regeneration,15,15,FALSE,FALSE,FALSE,0.52,155,0,386,1,0.005,0.005105521210829247
VB-MT4-P53,VB,4,XP218-PLR,2,B,1,1,0.5,FALSE,0,1,NA,NA,NA,NA,Late regeneration,15,15,FALSE,FALSE,FALSE,0.52,155,0,386,0,0.005,0.005105521210829247
MC-MT2-P2,MC,2,XP218-PLR,2,C,3,2,10,FALSE,0,182,1.6025,25.567938114576105,0.422,0.089,Late regeneration,15,15,FALSE,FALSE,FALSE,0.52,155,0,386,1,0.1,0.10008526966531657
BS-MT7-P41,BS,7,XP218-PLR,2,C,3,3,75,FALSE,0,133,NA,NA,NA,NA,Late regeneration,15,15,FALSE,FALSE,FALSE,0.52,155,0,386,0,0.75,0.7499467064591772
BP-MT4-P11,BP,4,XP218-PLR,2,C,2,1,0.5,FALSE,0,1,NA,NA,NA,NA,Late regeneration,15,15,FALSE,FALSE,FALSE,0.52,155,0,386,1,0.005,0.005105521210829247
BG-MT1-P25,BG,1,XP218-PLR,2,C,11,3,0.5,FALSE,0,182,1.69,24.85916115512613,0.115,0.02,Late regeneration,15,15,FALSE,FALSE,FALSE,0.52,155,0,386,8,0.005,0.005105521210829247
IS-MT4-P62,IS,4,XP218-PLR,2,C,3,2,1,FALSE,0,322,3.33,28.713720456867893,1.754,0.215,Late regeneration,15,15,FALSE,FALSE,FALSE,0.52,155,0,386,1,0.01,0.01010445534001279
IS-MT4-P62,IS,4,XP218-PLR,2,C,3,2,1,FALSE,0,323,3.33,28.713720456867893,1.754,0.215,Late regeneration,15,15,FALSE,FALSE,FALSE,0.52,155,0,386,1,0.01,0.01010445534001279
CP-MT3-P45,CP,3,XP218-PLR,2,C,4,4,2.5,FALSE,0,323,NA,NA,NA,NA,Late regeneration,15,15,FALSE,FALSE,FALSE,0.52,155,0,386,0,0.025,0.025101257727563418
VB-MT5-P59,VB,5,XP218-PLR,2,C,3,1,25,FALSE,0,1,0.6925,12.037928340345008,1.485,0.372,Late regeneration,15,15,FALSE,FALSE,FALSE,0.52,155,0,386,2,0.25,0.25005329354082284
EA-MT1-P84,EA,1,XP218-PLR,2,C,11,1,0.5,FALSE,0,1,4.202500000000001,53.83560492258465,1.632,0.595,Late regeneration,15,15,FALSE,FALSE,FALSE,0.52,155,0,386,10,0.005,0.005105521210829247
CH-MT3-P11,CH,3,XP218-PLR,2,C,4,4,10,FALSE,0,182,NA,NA,NA,NA,Late regeneration,15,15,FALSE,FALSE,FALSE,0.52,155,0,386,0,0.1,0.10008526966531657
BU-MT3-P37,BU,3,XP218-PLR,2,C,5,2,5,FALSE,0,182,2.48,23.911329928744145,0.819,0.213,Late regeneration,15,15,FALSE,FALSE,FALSE,0.52,155,0,386,3,0.05,0.05009592837348113
AE-MT1-P66,AE,1,XP218-PLR,2,C,5,1,0.5,FALSE,0,1,1.7149999999999999,18.629425675828447,0.599,0.086,Late regeneration,15,15,FALSE,FALSE,FALSE,0.52,155,0,386,4,0.005,0.005105521210829247
PG-MT5-P46,PG,5,XP218-PLR,2,C,4,2,2.5,FALSE,0,1,NA,NA,NA,NA,Late regeneration,15,15,FALSE,FALSE,FALSE,0.52,155,0,386,2,0.025,0.025101257727563418
CP-MT4-P46,CP,4,XP218-PLR,3,A,NA,NA,NA,FALSE,0,323,NA,NA,NA,NA,Late regeneration,15,15,FALSE,FALSE,FALSE,0.52,155,0,386,NA,NA,NA
MC-MT1-P36,MC,1,XP218-PLR,3,A,5,5,15,FALSE,0,182,NA,NA,NA,NA,Late regeneration,15,15,FALSE,FALSE,FALSE,0.52,155,0,386,0,0.15,0.150074610957152
OP-MT6-P42,OP,6,XP218-PLR,3,A,NA,NA,NA,FALSE,1,323,NA,NA,NA,NA,Late regeneration,15,15,FALSE,FALSE,FALSE,0.52,155,0,386,NA,NA,NA
IS-MT3-P33,IS,3,XP218-PLR,3,A,4,4,1,FALSE,0,373,NA,NA,NA,NA,Late regeneration,15,15,FALSE,FALSE,FALSE,0.52,155,0,386,0,0.01,0.01010445534001279
BS-MT7-P31,BS,7,XP218-PLR,3,A,4,3,10,FALSE,0,133,NA,NA,NA,NA,Late regeneration,15,15,FALSE,FALSE,FALSE,0.52,155,0,386,1,0.1,0.10008526966531657
BU-MT2-P10,BU,2,XP218-PLR,3,A,6,2,0.5,FALSE,0,182,NA,NA,NA,NA,Late regeneration,15,15,FALSE,FALSE,FALSE,0.52,155,0,386,4,0.005,0.005105521210829247
VB-MT4-P34,VB,4,XP218-PLR,3,A,5,2,15,FALSE,0,1,NA,NA,NA,NA,Late regeneration,15,15,FALSE,FALSE,FALSE,0.52,155,0,386,3,0.15,0.150074610957152
PA-MT7-P14,PA,7,XP218-PLR,3,A,2,2,15,FALSE,0,182,NA,NA,NA,NA,Late regeneration,15,15,FALSE,FALSE,FALSE,0.52,155,0,386,0,0.15,0.150074610957152
EA-MT4-P43,EA,4,XP218-PLR,3,A,23,16,10,FALSE,0,1,NA,NA,NA,NA,Late regeneration,15,15,FALSE,FALSE,FALSE,0.52,155,0,386,7,0.1,0.10008526966531657
CH-MT2-P30,CH,2,XP218-PLR,3,A,0,0,0,FALSE,0,182,NA,NA,NA,NA,Late regeneration,15,15,FALSE,FALSE,FALSE,0.52,155,0,386,0,0,1.0658708164570453e-4
BP-MT3-P13,BP,3,XP218-PLR,3,A,0,0,0,FALSE,0,1,NA,NA,NA,NA,Late regeneration,15,15,FALSE,FALSE,FALSE,0.52,155,0,386,0,0,1.0658708164570453e-4
PG-MT1-P63,PG,1,XP218-PLR,3,A,2,0,0,FALSE,0,1,NA,NA,NA,NA,Late regeneration,15,15,FALSE,FALSE,FALSE,0.52,155,0,386,2,0,1.0658708164570453e-4
BG-MT1-P96,BG,1,XP218-PLR,3,A,NA,NA,NA,FALSE,1,182,NA,NA,NA,NA,Late regeneration,15,15,FALSE,FALSE,FALSE,0.52,155,0,386,NA,NA,NA
DC-MT3-P24,DC,3,XP218-PLR,3,A,4,4,2.5,FALSE,0,182,NA,NA,NA,NA,Late regeneration,15,15,FALSE,FALSE,FALSE,0.52,155,0,386,0,0.025,0.025101257727563418
AE-MT5-P24,AE,5,XP218-PLR,3,A,4,1,1,FALSE,0,1,NA,NA,NA,NA,Late regeneration,15,15,FALSE,FALSE,FALSE,0.52,155,0,386,3,0.01,0.01010445534001279
IS-MT2-P65,IS,2,XP218-PLR,3,B,4,3,17.5,FALSE,0,373,NA,NA,NA,NA,Late regeneration,15,15,FALSE,FALSE,FALSE,0.52,155,0,386,1,0.175,0.1750692816030697
BS-MT7-P3,BS,7,XP218-PLR,3,B,4,2,7.5,FALSE,0,182,NA,NA,NA,NA,Late regeneration,15,15,FALSE,FALSE,FALSE,0.52,155,0,386,2,0.075,0.07509059901939885
BG-MT5-P24,BG,5,XP218-PLR,3,B,10,2,1,FALSE,0,182,NA,NA,NA,NA,Late regeneration,15,15,FALSE,FALSE,FALSE,0.52,155,0,386,8,0.01,0.01010445534001279
BP-MT2-P56,BP,2,XP218-PLR,3,B,2,2,20,FALSE,0,1,NA,NA,NA,NA,Late regeneration,15,15,FALSE,FALSE,FALSE,0.52,155,0,386,0,0.2,0.20006395224898743
PG-MT2-P47,PG,2,XP218-PLR,3,B,3,0,0,FALSE,0,1,NA,NA,NA,NA,Late regeneration,15,15,FALSE,FALSE,FALSE,0.52,155,0,386,3,0,1.0658708164570453e-4
AE-MT5-P7,AE,5,XP218-PLR,3,B,4,3,1,FALSE,0,1,NA,NA,NA,NA,Late regeneration,15,15,FALSE,FALSE,FALSE,0.52,155,0,386,1,0.01,0.01010445534001279
CP-MT5-P65,CP,5,XP218-PLR,3,B,4,3,1,FALSE,0,182,NA,NA,NA,NA,Late regeneration,15,15,FALSE,FALSE,FALSE,0.52,155,0,386,1,0.01,0.01010445534001279
BU-MT1-P65,BU,1,XP218-PLR,3,B,2,1,2.5,FALSE,0,323,NA,NA,NA,NA,Late regeneration,15,15,FALSE,FALSE,FALSE,0.52,155,0,386,1,0.025,0.025101257727563418
VB-MT1-P12,VB,1,XP218-PLR,3,B,11,6,5,FALSE,0,182,NA,NA,NA,NA,Late regeneration,15,15,FALSE,FALSE,FALSE,0.52,155,0,386,5,0.05,0.05009592837348113
DC-MT5-P24,DC,5,XP218-PLR,3,B,0,0,0,FALSE,1,182,NA,NA,NA,NA,Late regeneration,15,15,FALSE,FALSE,FALSE,0.52,155,0,386,0,0,1.0658708164570453e-4
CH-MT2-P21,CH,2,XP218-PLR,3,B,5,5,15,FALSE,0,182,NA,NA,NA,NA,Late regeneration,15,15,FALSE,FALSE,FALSE,0.52,155,0,386,0,0.15,0.150074610957152
EA-MT3-P42,EA,3,XP218-PLR,3,B,33,24,5,FALSE,0,1,NA,NA,NA,NA,Late regeneration,15,15,FALSE,FALSE,FALSE,0.52,155,0,386,9,0.05,0.05009592837348113
OP-MT8-P1,OP,8,XP218-PLR,3,C,7,4,0.5,FALSE,0,323,NA,NA,NA,NA,Late regeneration,15,15,FALSE,FALSE,FALSE,0.52,155,0,386,3,0.005,0.005105521210829247
PG-MT3-P13,PG,3,XP218-PLR,3,C,2,1,0.5,FALSE,0,1,NA,NA,NA,NA,Late regeneration,15,15,FALSE,FALSE,FALSE,0.52,155,0,386,1,0.005,0.005105521210829247
PA-MT7-P61,PA,7,XP218-PLR,3,C,14,8,0.5,FALSE,0,182,1.1325,19.339354462993537,1.144,0.138,Late regeneration,15,15,FALSE,FALSE,FALSE,0.52,155,0,386,6,0.005,0.005105521210829247
CP-MT2-P32,CP,2,XP218-PLR,3,C,NA,NA,NA,FALSE,1,323,NA,NA,NA,NA,Late regeneration,15,15,FALSE,FALSE,FALSE,0.52,155,0,386,NA,NA,NA
EA-MT3-P13,EA,3,XP218-PLR,3,C,11,5,10,FALSE,0,-9,3.935,31.273199239165578,1.07,0.328,Late regeneration,15,15,FALSE,FALSE,FALSE,0.52,155,0,386,6,0.1,0.10008526966531657
EA-MT3-P13,EA,3,XP218-PLR,3,C,11,5,10,FALSE,0,323,3.935,31.273199239165578,1.07,0.328,Late regeneration,15,15,FALSE,FALSE,FALSE,0.52,155,0,386,6,0.1,0.10008526966531657
AE-MT4-P69,AE,4,XP218-PLR,3,C,6,2,10,FALSE,0,1,NA,NA,NA,NA,Late regeneration,15,15,FALSE,FALSE,FALSE,0.52,155,0,386,4,0.1,0.10008526966531657
VB-MT1-P3,VB,1,XP218-PLR,3,C,12,5,5,FALSE,0,182,0.9500000000000001,15.408093844302233,0.754,0.086,Late regeneration,15,15,FALSE,FALSE,FALSE,0.52,155,0,386,7,0.05,0.05009592837348113
IS-MT3-P36,IS,3,XP218-PLR,3,C,3,3,5,FALSE,0,133,3.175,36.50101540386666,0.893,0.29,Late regeneration,15,15,FALSE,FALSE,FALSE,0.52,155,0,386,0,0.05,0.05009592837348113
DC-MT2-P20,DC,2,XP218-PLR,3,C,3,1,2.5,FALSE,0,182,NA,NA,NA,NA,Late regeneration,15,15,FALSE,FALSE,FALSE,0.52,155,0,386,2,0.025,0.025101257727563418
BP-MT4-P87,BP,4,XP218-PLR,3,C,0,0,0,FALSE,0,1,NA,NA,NA,NA,Late regeneration,15,15,FALSE,FALSE,FALSE,0.52,155,0,386,0,0,1.0658708164570453e-4
CH-MT3-P61,CH,3,XP218-PLR,3,C,4,4,10,FALSE,0,182,1.63,24.97617616436776,1.454,0.238,Late regeneration,15,15,FALSE,FALSE,FALSE,0.52,155,0,386,0,0.1,0.10008526966531657
BS-MT6-P10,BS,6,XP218-PLR,3,C,2,2,0.5,FALSE,0,182,NA,NA,NA,NA,Late regeneration,15,15,FALSE,FALSE,FALSE,0.52,155,0,386,0,0.005,0.005105521210829247
BG-MT3-P95,BG,3,XP218-PLR,3,C,6,4,0.5,FALSE,0,182,NA,NA,NA,NA,Late regeneration,15,15,FALSE,FALSE,FALSE,0.52,155,0,386,2,0.005,0.005105521210829247
BU-MT4-P3,BU,4,XP218-PLR,3,C,3,0,0,FALSE,0,182,2.6125,NA,0.984,0.278,Late regeneration,15,15,FALSE,FALSE,FALSE,0.52,155,0,386,3,0,1.0658708164570453e-4
VB-MT4-P1,VB,4,XP218-PLR,4,A,5,3,5,FALSE,0,1,NA,NA,NA,NA,Late regeneration,15,15,FALSE,FALSE,FALSE,0.52,155,0,386,2,0.05,0.05009592837348113
IS-MT3-P64,IS,3,XP218-PLR,4,A,3,2,2.5,FALSE,0,373,NA,NA,NA,NA,Late regeneration,15,15,FALSE,FALSE,FALSE,0.52,155,0,386,1,0.025,0.025101257727563418
CP-MT5-P15,CP,5,XP218-PLR,4,A,4,4,1,FALSE,0,182,NA,NA,NA,NA,Late regeneration,15,15,FALSE,FALSE,FALSE,0.52,155,0,386,0,0.01,0.01010445534001279
DC-MT5-P38,DC,5,XP218-PLR,4,A,2,2,0.5,FALSE,0,182,NA,NA,NA,NA,Late regeneration,15,15,FALSE,FALSE,FALSE,0.52,155,0,386,0,0.005,0.005105521210829247
BU-MT1-P46,BU,1,XP218-PLR,4,A,2,1,0.5,FALSE,0,323,NA,NA,NA,NA,Late regeneration,15,15,FALSE,FALSE,FALSE,0.52,155,0,386,1,0.005,0.005105521210829247
PG-MT3-P56,PG,3,XP218-PLR,4,A,5,2,0.5,FALSE,0,1,NA,NA,NA,NA,Late regeneration,15,15,FALSE,FALSE,FALSE,0.52,155,0,386,3,0.005,0.005105521210829247
BP-MT5-P43,BP,5,XP218-PLR,4,A,0,0,0,FALSE,0,1,NA,NA,NA,NA,Late regeneration,15,15,FALSE,FALSE,FALSE,0.52,155,0,386,0,0,1.0658708164570453e-4
CH-MT4-P43,CH,4,XP218-PLR,4,A,NA,NA,NA,FALSE,1,182,NA,NA,NA,NA,Late regeneration,15,15,FALSE,FALSE,FALSE,0.52,155,0,386,NA,NA,NA
MC-MT1-P37,MC,1,XP218-PLR,4,A,5,5,7.5,FALSE,0,182,NA,NA,NA,NA,Late regeneration,15,15,FALSE,FALSE,FALSE,0.52,155,0,386,0,0.075,0.07509059901939885
OP-MT9-P7,OP,9,XP218-PLR,4,A,NA,NA,NA,FALSE,1,373,NA,NA,NA,NA,Late regeneration,15,15,FALSE,FALSE,FALSE,0.52,155,0,386,NA,NA,NA
BG-MT3-P28,BG,3,XP218-PLR,4,A,10,5,0.5,FALSE,0,182,NA,NA,NA,NA,Late regeneration,15,15,FALSE,FALSE,FALSE,0.52,155,0,386,5,0.005,0.005105521210829247
BS-MT1-P8,BS,1,XP218-PLR,4,A,2,1,25,FALSE,0,182,NA,NA,NA,NA,Late regeneration,15,15,FALSE,FALSE,FALSE,0.52,155,0,386,1,0.25,0.25005329354082284
EA-MT1-P30,EA,1,XP218-PLR,4,A,30,7,0.5,FALSE,0,133,NA,NA,NA,NA,Late regeneration,15,15,FALSE,FALSE,FALSE,0.52,155,0,386,23,0.005,0.005105521210829247
AE-MT3-P3,AE,3,XP218-PLR,4,A,7,3,5,FALSE,0,1,NA,NA,NA,NA,Late regeneration,15,15,FALSE,FALSE,FALSE,0.52,155,0,386,4,0.05,0.05009592837348113
IS-MT2-P84,IS,2,XP218-PLR,4,B,1,1,1,FALSE,0,373,NA,NA,NA,NA,Late regeneration,15,15,FALSE,FALSE,FALSE,0.52,155,0,386,0,0.01,0.01010445534001279
BP-MT1-P14,BP,1,XP218-PLR,4,B,1,1,1,FALSE,0,1,NA,NA,NA,NA,Late regeneration,15,15,FALSE,FALSE,FALSE,0.52,155,0,386,0,0.01,0.01010445534001279
DC-MT2-P35,DC,2,XP218-PLR,4,B,3,3,1,FALSE,0,1,NA,NA,NA,NA,Late regeneration,15,15,FALSE,FALSE,FALSE,0.52,155,0,386,0,0.01,0.01010445534001279
MC-MT2-P37,MC,2,XP218-PLR,4,B,4,3,17.5,FALSE,0,182,NA,NA,NA,NA,Late regeneration,15,15,FALSE,FALSE,FALSE,0.52,155,0,386,1,0.175,0.1750692816030697
BG-MT4-P37,BG,4,XP218-PLR,4,B,17,3,0.5,FALSE,0,182,NA,NA,NA,NA,Late regeneration,15,15,FALSE,FALSE,FALSE,0.52,155,0,386,14,0.005,0.005105521210829247
OP-MT2-P10,OP,2,XP218-PLR,4,B,NA,NA,NA,FALSE,0,373,NA,NA,NA,NA,Late regeneration,15,15,FALSE,FALSE,FALSE,0.52,155,0,386,NA,NA,NA
CP-MT1-P48,CP,1,XP218-PLR,4,B,4,4,1,FALSE,0,182,NA,NA,NA,NA,Late regeneration,15,15,FALSE,FALSE,FALSE,0.52,155,0,386,0,0.01,0.01010445534001279
BS-MT5-P27,BS,5,XP218-PLR,4,B,4,1,1,FALSE,0,182,NA,NA,NA,NA,Late regeneration,15,15,FALSE,FALSE,FALSE,0.52,155,0,386,3,0.01,0.01010445534001279
BU-MT3-P1,BU,3,XP218-PLR,4,B,3,0,0,FALSE,0,182,NA,NA,NA,NA,Late regeneration,15,15,FALSE,FALSE,FALSE,0.52,155,0,386,3,0,1.0658708164570453e-4
EA-MT5-P67,EA,5,XP218-PLR,4,B,16,9,2.5,FALSE,0,133,NA,NA,NA,NA,Late regeneration,15,15,FALSE,FALSE,FALSE,0.52,155,0,386,7,0.025,0.025101257727563418
CH-MT3-P86,CH,3,XP218-PLR,4,B,3,2,1,FALSE,0,182,NA,NA,NA,NA,Late regeneration,15,15,FALSE,FALSE,FALSE,0.52,155,0,386,1,0.01,0.01010445534001279
PA-MT6-P13,PA,6,XP218-PLR,4,B,7,4,25,FALSE,0,133,NA,NA,NA,NA,Late regeneration,15,15,FALSE,FALSE,FALSE,0.52,155,0,386,3,0.25,0.25005329354082284
PG-MT5-P45,PG,5,XP218-PLR,4,B,4,0,0,FALSE,0,1,NA,NA,NA,NA,Late regeneration,15,15,FALSE,FALSE,FALSE,0.52,155,0,386,4,0,1.0658708164570453e-4
AE-MT3-P42,AE,3,XP218-PLR,4,B,9,6,1,FALSE,0,1,NA,NA,NA,NA,Late regeneration,15,15,FALSE,FALSE,FALSE,0.52,155,0,386,3,0.01,0.01010445534001279
VB-MT2-P36,VB,2,XP218-PLR,4,B,7,5,50,FALSE,0,1,NA,NA,NA,NA,Late regeneration,15,15,FALSE,FALSE,FALSE,0.52,155,0,386,2,0.5,0.5
BP-MT3-P1,BP,3,XP218-PLR,4,C,1,1,0.5,FALSE,0,1,NA,NA,NA,NA,Late regeneration,15,15,FALSE,FALSE,FALSE,0.52,155,0,386,0,0.005,0.005105521210829247
EA-MT5-P19,EA,5,XP218-PLR,4,C,26,10,1,FALSE,0,133,4.475,36.342945335872045,1.849,0.616,Late regeneration,15,15,FALSE,FALSE,FALSE,0.52,155,0,386,16,0.01,0.01010445534001279
BU-MT5-P56,BU,5,XP218-PLR,4,C,5,3,1,FALSE,0,182,3.16,30.001510966254557,1.594,0.448,Late regeneration,15,15,FALSE,FALSE,FALSE,0.52,155,0,386,2,0.01,0.01010445534001279
OP-MT7-P5,OP,7,XP218-PLR,4,C,NA,NA,NA,FALSE,1,190,NA,NA,NA,NA,Late regeneration,15,15,FALSE,FALSE,FALSE,0.52,155,0,386,NA,NA,NA
OP-MT6-P63,OP,6,XP218-PLR,4,C,3,1,30,FALSE,0,1,NA,NA,NA,NA,Late regeneration,15,15,FALSE,FALSE,FALSE,0.52,155,0,386,2,0.3,0.3000426348326583
CH-MT1-P28,CH,1,XP218-PLR,4,C,4,2,5,FALSE,0,323,NA,NA,NA,NA,Late regeneration,15,15,FALSE,FALSE,FALSE,0.52,155,0,386,2,0.05,0.05009592837348113
VB-MT5-P58,VB,5,XP218-PLR,4,C,5,4,10,FALSE,0,1,1.3225,23.728019056994462,0.497,0.067,Late regeneration,15,15,FALSE,FALSE,FALSE,0.52,155,0,386,1,0.1,0.10008526966531657
PG-MT4-P17,PG,4,XP218-PLR,4,C,5,3,10,FALSE,0,1,NA,NA,NA,NA,Late regeneration,15,15,FALSE,FALSE,FALSE,0.52,155,0,386,2,0.1,0.10008526966531657
BG-MT4-P9,BG,4,XP218-PLR,4,C,25,3,0.5,FALSE,0,182,1.6925,26.291439444841277,0.376,0.07,Late regeneration,15,15,FALSE,FALSE,FALSE,0.52,155,0,386,22,0.005,0.005105521210829247
IS-MT5-P18,IS,5,XP218-PLR,4,C,1,1,5,FALSE,0,373,2.3325,27.095737685052324,0.134,0.045,Late regeneration,15,15,FALSE,FALSE,FALSE,0.52,155,0,386,0,0.05,0.05009592837348113
PA-MT6-P16,PA,6,XP218-PLR,4,C,7,5,2.5,FALSE,0,323,0.8875,18.85619587602308,0.162,0.016,Late regeneration,15,15,FALSE,FALSE,FALSE,0.52,155,0,386,2,0.025,0.025101257727563418
AE-MT2-P32,AE,2,XP218-PLR,4,C,6,4,10,FALSE,0,1,NA,NA,NA,NA,Late regeneration,15,15,FALSE,FALSE,FALSE,0.52,155,0,386,2,0.1,0.10008526966531657
BS-MT1-P76,BS,1,XP218-PLR,4,C,3,3,1,FALSE,0,133,NA,NA,NA,NA,Late regeneration,15,15,FALSE,FALSE,FALSE,0.52,155,0,386,0,0.01,0.01010445534001279
MC-MT2-P57,MC,2,XP218-PLR,4,C,2,1,40,FALSE,0,182,1.3925,26.90557283392639,0.534,0.098,Late regeneration,15,15,FALSE,FALSE,FALSE,0.52,155,0,386,1,0.4,0.4000213174163291
CP-MT5-P59,CP,5,XP218-PLR,4,C,3,2,5,FALSE,0,182,NA,NA,NA,NA,Late regeneration,15,15,FALSE,FALSE,FALSE,0.52,155,0,386,1,0.05,0.05009592837348113
DC-MT1-P70,DC,1,XP218-PLR,4,C,3,1,2.5,FALSE,0,182,NA,NA,NA,NA,Late regeneration,15,15,FALSE,FALSE,FALSE,0.52,155,0,386,2,0.025,0.025101257727563418
BU-MT4-P18,BU,4,XP218-PLR,5,A,NA,NA,NA,FALSE,0,182,NA,NA,NA,NA,Late regeneration,15,15,FALSE,FALSE,FALSE,0.52,155,0,386,NA,NA,NA
BG-MT2-P3,BG,2,XP218-PLR,5,A,NA,NA,NA,FALSE,0,182,NA,NA,NA,NA,Late regeneration,15,15,FALSE,FALSE,FALSE,0.52,155,0,386,NA,NA,NA
PG-MT1-P4,PG,1,XP218-PLR,5,A,NA,NA,NA,FALSE,0,1,NA,NA,NA,NA,Late regeneration,15,15,FALSE,FALSE,FALSE,0.52,155,0,386,NA,NA,NA
CH-MT2-P15,CH,2,XP218-PLR,5,A,NA,NA,NA,FALSE,0,182,NA,NA,NA,NA,Late regeneration,15,15,FALSE,FALSE,FALSE,0.52,155,0,386,NA,NA,NA
BP-MT5-P8,BP,5,XP218-PLR,5,A,NA,NA,NA,FALSE,0,1,NA,NA,NA,NA,Late regeneration,15,15,FALSE,FALSE,FALSE,0.52,155,0,386,NA,NA,NA
CP-MT1-P44,CP,1,XP218-PLR,5,A,NA,NA,NA,FALSE,0,182,NA,NA,NA,NA,Late regeneration,15,15,FALSE,FALSE,FALSE,0.52,155,0,386,NA,NA,NA
DC-MT1-P50,DC,1,XP218-PLR,5,A,NA,NA,NA,FALSE,1,182,NA,NA,NA,NA,Late regeneration,15,15,FALSE,FALSE,FALSE,0.52,155,0,386,NA,NA,NA
VB-MT5-P53,VB,5,XP218-PLR,5,A,NA,NA,NA,FALSE,0,1,NA,NA,NA,NA,Late regeneration,15,15,FALSE,FALSE,FALSE,0.52,155,0,386,NA,NA,NA
IS-MT4-P14,IS,4,XP218-PLR,5,A,NA,NA,NA,FALSE,0,133,NA,NA,NA,NA,Late regeneration,15,15,FALSE,FALSE,FALSE,0.52,155,0,386,NA,NA,NA
AE-MT4-P15,AE,4,XP218-PLR,5,A,NA,NA,NA,FALSE,0,1,NA,NA,NA,NA,Late regeneration,15,15,FALSE,FALSE,FALSE,0.52,155,0,386,NA,NA,NA
AE-MT3-P71,AE,3,XP218-PLR,5,B,NA,NA,NA,FALSE,0,1,NA,NA,NA,NA,Late regeneration,15,15,FALSE,FALSE,FALSE,0.52,155,0,386,NA,NA,NA
EA-MT1-P83,EA,1,XP218-PLR,5,B,NA,NA,NA,FALSE,0,1,NA,NA,NA,NA,Late regeneration,15,15,FALSE,FALSE,FALSE,0.52,155,0,386,NA,NA,NA
BG-MT4-P30,BG,4,XP218-PLR,5,B,NA,NA,NA,FALSE,0,182,NA,NA,NA,NA,Late regeneration,15,15,FALSE,FALSE,FALSE,0.52,155,0,386,NA,NA,NA
DC-MT4-P2,DC,4,XP218-PLR,5,B,NA,NA,NA,FALSE,1,182,NA,NA,NA,NA,Late regeneration,15,15,FALSE,FALSE,FALSE,0.52,155,0,386,NA,NA,NA
BP-MT3-P36,BP,3,XP218-PLR,5,B,NA,NA,NA,FALSE,0,1,NA,NA,NA,NA,Late regeneration,15,15,FALSE,FALSE,FALSE,0.52,155,0,386,NA,NA,NA
IS-MT2-P54,IS,2,XP218-PLR,5,B,NA,NA,NA,FALSE,0,133,NA,NA,NA,NA,Late regeneration,15,15,FALSE,FALSE,FALSE,0.52,155,0,386,NA,NA,NA
PG-MT3-P17,PG,3,XP218-PLR,5,B,NA,NA,NA,FALSE,0,1,NA,NA,NA,NA,Late regeneration,15,15,FALSE,FALSE,FALSE,0.52,155,0,386,NA,NA,NA
VB-MT3-P29,VB,3,XP218-PLR,5,B,NA,NA,NA,FALSE,0,1,NA,NA,NA,NA,Late regeneration,15,15,FALSE,FALSE,FALSE,0.52,155,0,386,NA,NA,NA
AE-MT1-P5,AE,1,XP218-PLR,5,C,NA,NA,NA,FALSE,0,1,NA,NA,NA,NA,Late regeneration,15,15,FALSE,FALSE,FALSE,0.52,155,0,386,NA,NA,NA
EA-MT5-P103,EA,5,XP218-PLR,5,C,NA,NA,NA,FALSE,0,1,NA,NA,NA,NA,Late regeneration,15,15,FALSE,FALSE,FALSE,0.52,155,0,386,NA,NA,NA
IS-MT3-P106,IS,3,XP218-PLR,5,C,NA,NA,NA,FALSE,0,1,NA,NA,NA,NA,Late regeneration,15,15,FALSE,FALSE,FALSE,0.52,155,0,386,NA,NA,NA
BS-MT7-P68,BS,7,XP218-PLR,5,C,NA,NA,NA,FALSE,0,1,NA,NA,NA,NA,Late regeneration,15,15,FALSE,FALSE,FALSE,0.52,155,0,386,NA,NA,NA
BP-MT4-P52,BP,4,XP218-PLR,5,C,NA,NA,NA,FALSE,0,1,NA,NA,NA,NA,Late regeneration,15,15,FALSE,FALSE,FALSE,0.52,155,0,386,NA,NA,NA
CH-MT4-P52,CH,4,XP218-PLR,5,C,NA,NA,NA,FALSE,1,182,NA,NA,NA,NA,Late regeneration,15,15,FALSE,FALSE,FALSE,0.52,155,0,386,NA,NA,NA
CH-MT5-P56,CH,5,XP218-PLR,5,C,NA,NA,NA,FALSE,0,1,NA,NA,NA,NA,Late regeneration,15,15,FALSE,FALSE,FALSE,0.52,155,0,386,NA,NA,NA
DC-MT5-P63,DC,5,XP218-PLR,5,C,NA,NA,NA,FALSE,1,182,NA,NA,NA,NA,Late regeneration,15,15,FALSE,FALSE,FALSE,0.52,155,0,386,NA,NA,NA
PG-MT4-P41,PG,4,XP218-PLR,5,C,NA,NA,NA,FALSE,0,1,NA,NA,NA,NA,Late regeneration,15,15,FALSE,FALSE,FALSE,0.52,155,0,386,NA,NA,NA
BG-MT5-P71,BG,5,XP218-PLR,5,C,NA,NA,NA,FALSE,0,182,NA,NA,NA,NA,Late regeneration,15,15,FALSE,FALSE,FALSE,0.52,155,0,386,NA,NA,NA
VB-MT2-P41,VB,2,XP218-PLR,5,C,NA,NA,NA,FALSE,0,1,NA,NA,NA,NA,Late regeneration,15,15,FALSE,FALSE,FALSE,0.52,155,0,386,NA,NA,NA
MC-MT2-P45,MC,2,XP219-PLR,1,A,6,5,15,FALSE,0,-210,NA,NA,NA,NA,Late regeneration,30,30,FALSE,FALSE,FALSE,0.71,44,0,261,1,0.15,0.150074610957152
CP-MT1-P19,CP,1,XP219-PLR,1,A,3,2,2.5,FALSE,0,-210,NA,NA,NA,NA,Late regeneration,30,30,FALSE,FALSE,FALSE,0.71,44,0,261,1,0.025,0.025101257727563418
BP-MT3-P17,BP,3,XP219-PLR,1,A,1,1,10,FALSE,0,-358,NA,NA,NA,NA,Late regeneration,30,30,FALSE,FALSE,FALSE,0.71,44,0,261,0,0.1,0.10008526966531657
AE-MT1-P7,AE,1,XP219-PLR,1,A,7,5,15,FALSE,0,-358,NA,NA,NA,NA,Late regeneration,30,30,FALSE,FALSE,FALSE,0.71,44,0,261,2,0.15,0.150074610957152
PG-MT4-P45,PG,4,XP219-PLR,1,A,5,1,0.5,FALSE,0,-358,NA,NA,NA,NA,Late regeneration,30,30,FALSE,FALSE,FALSE,0.71,44,0,261,4,0.005,0.005105521210829247
IS-MT3-P15,IS,3,XP219-PLR,1,A,3,2,15,FALSE,0,-380,NA,NA,NA,NA,Late regeneration,30,30,FALSE,FALSE,FALSE,0.71,44,0,261,1,0.15,0.150074610957152
OP-MT9-P55,OP,9,XP219-PLR,1,A,NA,NA,NA,FALSE,1,-380,NA,NA,NA,NA,Late regeneration,30,30,FALSE,FALSE,FALSE,0.71,44,0,261,NA,NA,NA
DC-MT4-P51,DC,4,XP219-PLR,1,A,NA,NA,NA,FALSE,1,-210,NA,NA,NA,NA,Late regeneration,30,30,FALSE,FALSE,FALSE,0.71,44,0,261,NA,NA,NA
BU-MT1-P48,BU,1,XP219-PLR,1,A,2,1,0.5,FALSE,0,-62,NA,NA,NA,NA,Late regeneration,30,30,FALSE,FALSE,FALSE,0.71,44,0,261,1,0.005,0.005105521210829247
EA-MT4-P25,EA,4,XP219-PLR,1,A,6,1,0.5,FALSE,0,-62,NA,NA,NA,NA,Late regeneration,30,30,FALSE,FALSE,FALSE,0.71,44,0,261,5,0.005,0.005105521210829247
VB-MT2-P27,VB,2,XP219-PLR,1,A,5,1,1,FALSE,0,-358,NA,NA,NA,NA,Late regeneration,30,30,FALSE,FALSE,FALSE,0.71,44,0,261,4,0.01,0.01010445534001279
PA-MT6-P80,PA,6,XP219-PLR,1,A,4,1,5,FALSE,0,-267,NA,NA,NA,NA,Late regeneration,30,30,FALSE,FALSE,FALSE,0.71,44,0,261,3,0.05,0.05009592837348113
BS-MT5-P66,BS,5,XP219-PLR,1,A,5,4,5,FALSE,0,-267,NA,NA,NA,NA,Late regeneration,30,30,FALSE,FALSE,FALSE,0.71,44,0,261,1,0.05,0.05009592837348113
BG-MT1-P33,BG,1,XP219-PLR,1,A,30,6,1,FALSE,0,-210,NA,NA,NA,NA,Late regeneration,30,30,FALSE,FALSE,FALSE,0.71,44,0,261,24,0.01,0.01010445534001279
CH-MT5-P64,CH,5,XP219-PLR,1,A,NA,NA,NA,FALSE,1,-210,NA,NA,NA,NA,Late regeneration,30,30,FALSE,FALSE,FALSE,0.71,44,0,261,NA,NA,NA
DC-MT5-P10,DC,5,XP219-PLR,1,B,NA,NA,NA,FALSE,1,-210,NA,NA,NA,NA,Late regeneration,30,30,FALSE,FALSE,FALSE,0.71,44,0,261,NA,NA,NA
MC-MT1-P4,MC,1,XP219-PLR,1,B,6,4,5,FALSE,0,-210,NA,NA,NA,NA,Late regeneration,30,30,FALSE,FALSE,FALSE,0.71,44,0,261,2,0.05,0.05009592837348113
CH-MT3-P32,CH,3,XP219-PLR,1,B,3,1,0.5,FALSE,0,-210,NA,NA,NA,NA,Late regeneration,30,30,FALSE,FALSE,FALSE,0.71,44,0,261,2,0.005,0.005105521210829247
BG-MT3-P77,BG,3,XP219-PLR,1,B,NA,NA,NA,FALSE,1,-210,NA,NA,NA,NA,Late regeneration,30,30,FALSE,FALSE,FALSE,0.71,44,0,261,NA,NA,NA
IS-MT1-P30,IS,1,XP219-PLR,1,B,4,2,1,FALSE,0,-62,NA,NA,NA,NA,Late regeneration,30,30,FALSE,FALSE,FALSE,0.71,44,0,261,2,0.01,0.01010445534001279
OP-MT2-P46,OP,2,XP219-PLR,1,B,NA,NA,NA,FALSE,1,-380,NA,NA,NA,NA,Late regeneration,30,30,FALSE,FALSE,FALSE,0.71,44,0,261,NA,NA,NA
OP-MT7-P65,OP,7,XP219-PLR,1,B,NA,NA,NA,FALSE,1,-267,NA,NA,NA,NA,Late regeneration,30,30,FALSE,FALSE,FALSE,0.71,44,0,261,NA,NA,NA
BP-MT4-P76,BP,4,XP219-PLR,1,B,NA,NA,NA,FALSE,1,-358,NA,NA,NA,NA,Late regeneration,30,30,FALSE,FALSE,FALSE,0.71,44,0,261,NA,NA,NA
VB-MT4-P92,VB,4,XP219-PLR,1,B,4,1,0.5,FALSE,0,-358,NA,NA,NA,NA,Late regeneration,30,30,FALSE,FALSE,FALSE,0.71,44,0,261,3,0.005,0.005105521210829247
CP-MT4-P31,CP,4,XP219-PLR,1,B,NA,NA,NA,FALSE,0,-62,NA,NA,NA,NA,Late regeneration,30,30,FALSE,FALSE,FALSE,0.71,44,0,261,NA,NA,NA
EA-MT5-P56,EA,5,XP219-PLR,1,B,11,8,5,FALSE,0,-267,NA,NA,NA,NA,Late regeneration,30,30,FALSE,FALSE,FALSE,0.71,44,0,261,3,0.05,0.05009592837348113
BS-MT5-P28,BS,5,XP219-PLR,1,B,3,1,1,FALSE,0,-210,NA,NA,NA,NA,Late regeneration,30,30,FALSE,FALSE,FALSE,0.71,44,0,261,2,0.01,0.01010445534001279
PG-MT2-P12,PG,2,XP219-PLR,1,B,3,0,0,FALSE,0,-358,NA,NA,NA,NA,Late regeneration,30,30,FALSE,FALSE,FALSE,0.71,44,0,261,3,0,1.0658708164570453e-4
AE-MT2-P46,AE,2,XP219-PLR,1,B,7,2,0.5,FALSE,0,-358,NA,NA,NA,NA,Late regeneration,30,30,FALSE,FALSE,FALSE,0.71,44,0,261,5,0.005,0.005105521210829247
BU-MT4-P39,BU,4,XP219-PLR,1,B,6,1,0.5,FALSE,0,-210,NA,NA,NA,NA,Late regeneration,30,30,FALSE,FALSE,FALSE,0.71,44,0,261,5,0.005,0.005105521210829247
VB-MT4-P6,VB,4,XP219-PLR,1,C,5,1,0.5,FALSE,0,-358,1.6949999999999998,20.814267358386022,0.495,0.067,Late regeneration,30,30,FALSE,FALSE,FALSE,0.71,44,0,261,4,0.005,0.005105521210829247
OP-MT8-P14,OP,8,XP219-PLR,1,C,NA,NA,NA,FALSE,1,-62,NA,NA,NA,NA,Late regeneration,30,30,FALSE,FALSE,FALSE,0.71,44,0,261,NA,NA,NA
OP-MT2-P77,OP,2,XP219-PLR,1,C,NA,NA,NA,FALSE,1,-267,NA,NA,NA,NA,Late regeneration,30,30,FALSE,FALSE,FALSE,0.71,44,0,261,NA,NA,NA
CH-MT4-P69,CH,4,XP219-PLR,1,C,3,2,15,FALSE,0,-210,NA,NA,NA,NA,Late regeneration,30,30,FALSE,FALSE,FALSE,0.71,44,0,261,1,0.15,0.150074610957152
BP-MT1-P8,BP,1,XP219-PLR,1,C,2,2,1,FALSE,0,-358,NA,NA,NA,NA,Late regeneration,30,30,FALSE,FALSE,FALSE,0.71,44,0,261,0,0.01,0.01010445534001279
PG-MT2-P45,PG,2,XP219-PLR,1,C,4,1,0.5,FALSE,0,-358,NA,NA,NA,NA,Late regeneration,30,30,FALSE,FALSE,FALSE,0.71,44,0,261,3,0.005,0.005105521210829247
MC-MT3-P6,MC,3,XP219-PLR,1,C,6,3,12.5,FALSE,0,-210,1.9875,22.690958363117087,0.929,0.171,Late regeneration,30,30,FALSE,FALSE,FALSE,0.71,44,0,261,3,0.125,0.1250799403112343
IS-MT2-P20,IS,2,XP219-PLR,1,C,7,3,1,FALSE,0,-267,2.54,16.83978360994938,0.458,0.109,Late regeneration,30,30,FALSE,FALSE,FALSE,0.71,44,0,261,4,0.01,0.01010445534001279
AE-MT5-P60,AE,5,XP219-PLR,1,C,7,4,0.5,FALSE,0,-358,NA,NA,NA,NA,Late regeneration,30,30,FALSE,FALSE,FALSE,0.71,44,0,261,3,0.005,0.005105521210829247
EA-MT4-P64,EA,4,XP219-PLR,1,C,12,8,7.5,FALSE,0,-358,3.925,22.962517748743743,0.5,0.146,Late regeneration,30,30,FALSE,FALSE,FALSE,0.71,44,0,261,4,0.075,0.07509059901939885
BG-MT4-P13,BG,4,XP219-PLR,1,C,15,6,0.5,FALSE,0,-210,1.6225,18.009754095556367,0.276,0.045,Late regeneration,30,30,FALSE,FALSE,FALSE,0.71,44,0,261,9,0.005,0.005105521210829247
PA-MT7-P32,PA,7,XP219-PLR,1,C,8,3,0.5,FALSE,0,-210,0.9525,12.18149413185554,0.657,0.082,Late regeneration,30,30,FALSE,FALSE,FALSE,0.71,44,0,261,5,0.005,0.005105521210829247
BS-MT1-P3,BS,1,XP219-PLR,1,C,3,1,0.5,FALSE,0,-210,NA,NA,NA,NA,Late regeneration,30,30,FALSE,FALSE,FALSE,0.71,44,0,261,2,0.005,0.005105521210829247
CP-MT1-P49,CP,1,XP219-PLR,1,C,5,5,5,FALSE,0,-210,NA,NA,NA,NA,Late regeneration,30,30,FALSE,FALSE,FALSE,0.71,44,0,261,0,0.05,0.05009592837348113
BU-MT4-P4,BU,4,XP219-PLR,1,C,4,2,0.5,FALSE,0,-210,1.5,16.006272579285906,0.488,0.143,Late regeneration,30,30,FALSE,FALSE,FALSE,0.71,44,0,261,2,0.005,0.005105521210829247
IS-MT2-P98,IS,2,XP219-PLR,2,A,3,3,2.5,FALSE,0,-380,NA,NA,NA,NA,Late regeneration,30,30,FALSE,FALSE,FALSE,0.71,44,0,261,0,0.025,0.025101257727563418
BS-MT1-P47,BS,1,XP219-PLR,2,A,5,3,5,FALSE,0,-267,NA,NA,NA,NA,Late regeneration,30,30,FALSE,FALSE,FALSE,0.71,44,0,261,2,0.05,0.05009592837348113
PG-MT4-P29,PG,4,XP219-PLR,2,A,3,3,2.5,FALSE,0,-358,NA,NA,NA,NA,Late regeneration,30,30,FALSE,FALSE,FALSE,0.71,44,0,261,0,0.025,0.025101257727563418
PA-MT3-P48,PA,3,XP219-PLR,2,A,25,5,1,FALSE,0,-380,NA,NA,NA,NA,Late regeneration,30,30,FALSE,FALSE,FALSE,0.71,44,0,261,20,0.01,0.01010445534001279
CH-MT1-P12,CH,1,XP219-PLR,2,A,NA,NA,NA,FALSE,1,-62,NA,NA,NA,NA,Late regeneration,30,30,FALSE,FALSE,FALSE,0.71,44,0,261,NA,NA,NA
EA-MT5-P46,EA,5,XP219-PLR,2,A,10,6,0.5,FALSE,0,-267,NA,NA,NA,NA,Late regeneration,30,30,FALSE,FALSE,FALSE,0.71,44,0,261,4,0.005,0.005105521210829247
DC-MT2-P45,DC,2,XP219-PLR,2,A,NA,NA,NA,FALSE,1,-210,NA,NA,NA,NA,Late regeneration,30,30,FALSE,FALSE,FALSE,0.71,44,0,261,NA,NA,NA
CP-MT3-P1,CP,3,XP219-PLR,2,A,NA,NA,NA,FALSE,1,-62,NA,NA,NA,NA,Late regeneration,30,30,FALSE,FALSE,FALSE,0.71,44,0,261,NA,NA,NA
BP-MT4-P34,BP,4,XP219-PLR,2,A,NA,NA,NA,FALSE,0,-358,NA,NA,NA,NA,Late regeneration,30,30,FALSE,FALSE,FALSE,0.71,44,0,261,NA,NA,NA
AE-MT2-P4,AE,2,XP219-PLR,2,A,7,1,0.5,FALSE,0,-358,NA,NA,NA,NA,Late regeneration,30,30,FALSE,FALSE,FALSE,0.71,44,0,261,6,0.005,0.005105521210829247
BU-MT3-P68,BU,3,XP219-PLR,2,A,6,2,2.5,FALSE,0,-210,NA,NA,NA,NA,Late regeneration,30,30,FALSE,FALSE,FALSE,0.71,44,0,261,4,0.025,0.025101257727563418
OP-MT2-P27,OP,2,XP219-PLR,2,A,NA,NA,NA,FALSE,1,-380,NA,NA,NA,NA,Late regeneration,30,30,FALSE,FALSE,FALSE,0.71,44,0,261,NA,NA,NA
BG-MT2-P54,BG,2,XP219-PLR,2,A,9,2,0.5,FALSE,0,-210,NA,NA,NA,NA,Late regeneration,30,30,FALSE,FALSE,FALSE,0.71,44,0,261,7,0.005,0.005105521210829247
VB-MT2-P53,VB,2,XP219-PLR,2,A,5,1,0.5,FALSE,0,-358,NA,NA,NA,NA,Late regeneration,30,30,FALSE,FALSE,FALSE,0.71,44,0,261,4,0.005,0.005105521210829247
VB-MT5-P63,VB,5,XP219-PLR,2,B,6,2,0.5,FALSE,0,-358,NA,NA,NA,NA,Late regeneration,30,30,FALSE,FALSE,FALSE,0.71,44,0,261,4,0.005,0.005105521210829247
BU-MT5-P38,BU,5,XP219-PLR,2,B,4,1,0.5,FALSE,0,-210,NA,NA,NA,NA,Late regeneration,30,30,FALSE,FALSE,FALSE,0.71,44,0,261,3,0.005,0.005105521210829247
BS-MT6-P40,BS,6,XP219-PLR,2,B,4,4,5,FALSE,0,-267,NA,NA,NA,NA,Late regeneration,30,30,FALSE,FALSE,FALSE,0.71,44,0,261,0,0.05,0.05009592837348113
IS-MT4-P36,IS,4,XP219-PLR,2,B,4,4,10,FALSE,0,-62,NA,NA,NA,NA,Late regeneration,30,30,FALSE,FALSE,FALSE,0.71,44,0,261,0,0.1,0.10008526966531657
BG-MT1-P51,BG,1,XP219-PLR,2,B,19,8,0.5,FALSE,0,-210,NA,NA,NA,NA,Late regeneration,30,30,FALSE,FALSE,FALSE,0.71,44,0,261,11,0.005,0.005105521210829247
AE-MT5-P29,AE,5,XP219-PLR,2,B,9,4,1,FALSE,0,-358,NA,NA,NA,NA,Late regeneration,30,30,FALSE,FALSE,FALSE,0.71,44,0,261,5,0.01,0.01010445534001279
DC-MT5-P60,DC,5,XP219-PLR,2,B,3,0,0,FALSE,0,-210,NA,NA,NA,NA,Late regeneration,30,30,FALSE,FALSE,FALSE,0.71,44,0,261,3,0,1.0658708164570453e-4
CP-MT2-P39,CP,2,XP219-PLR,2,B,4,3,1,FALSE,0,-62,NA,NA,NA,NA,Late regeneration,30,30,FALSE,FALSE,FALSE,0.71,44,0,261,1,0.01,0.01010445534001279
EA-MT1-P11,EA,1,XP219-PLR,2,B,7,5,2.5,FALSE,0,-267,NA,NA,NA,NA,Late regeneration,30,30,FALSE,FALSE,FALSE,0.71,44,0,261,2,0.025,0.025101257727563418
PG-MT5-P38,PG,5,XP219-PLR,2,B,1,1,1,FALSE,0,-358,NA,NA,NA,NA,Late regeneration,30,30,FALSE,FALSE,FALSE,0.71,44,0,261,0,0.01,0.01010445534001279
CH-MT1-P56,CH,1,XP219-PLR,2,B,NA,NA,NA,FALSE,1,-62,NA,NA,NA,NA,Late regeneration,30,30,FALSE,FALSE,FALSE,0.71,44,0,261,NA,NA,NA
MC-MT2-P61,MC,2,XP219-PLR,2,B,5,3,2.5,FALSE,0,-210,NA,NA,NA,NA,Late regeneration,30,30,FALSE,FALSE,FALSE,0.71,44,0,261,2,0.025,0.025101257727563418
BP-MT4-P8,BP,4,XP219-PLR,2,B,1,1,25,FALSE,0,-358,NA,NA,NA,NA,Late regeneration,30,30,FALSE,FALSE,FALSE,0.71,44,0,261,0,0.25,0.25005329354082284
IS-MT1-P21,IS,1,XP219-PLR,2,C,3,3,2.5,FALSE,0,-62,5.6025,30.39150407719546,1.82,0.653,Late regeneration,30,30,FALSE,FALSE,FALSE,0.71,44,0,261,0,0.025,0.025101257727563418
CH-MT5-P11,CH,5,XP219-PLR,2,C,6,4,20,FALSE,0,-210,NA,NA,NA,NA,Late regeneration,30,30,FALSE,FALSE,FALSE,0.71,44,0,261,2,0.2,0.20006395224898743
VB-MT5-P14,VB,5,XP219-PLR,2,C,6,4,1,FALSE,0,-358,1.595,15.762009308192015,0.497,0.077,Late regeneration,30,30,FALSE,FALSE,FALSE,0.71,44,0,261,2,0.01,0.01010445534001279
MC-MT1-P21,MC,1,XP219-PLR,2,C,12,3,0.5,FALSE,0,-210,1.6724999999999999,12.68268936214136,0.364,0.072,Late regeneration,30,30,FALSE,FALSE,FALSE,0.71,44,0,261,9,0.005,0.005105521210829247
PA-MT6-P18,PA,6,XP219-PLR,2,C,18,4,0.5,FALSE,0,-62,NA,NA,NA,NA,Late regeneration,30,30,FALSE,FALSE,FALSE,0.71,44,0,261,14,0.005,0.005105521210829247
EA-MT3-P21,EA,3,XP219-PLR,2,C,16,9,1,FALSE,0,-62,4.4174999999999995,25.675666954072543,1.07,0.396,Late regeneration,30,30,FALSE,FALSE,FALSE,0.71,44,0,261,7,0.01,0.01010445534001279
CP-MT5-P33,CP,5,XP219-PLR,2,C,3,3,5,FALSE,0,-210,NA,NA,NA,NA,Late regeneration,30,30,FALSE,FALSE,FALSE,0.71,44,0,261,0,0.05,0.05009592837348113
BP-MT1-P20,BP,1,XP219-PLR,2,C,1,1,10,FALSE,0,-358,NA,NA,NA,NA,Late regeneration,30,30,FALSE,FALSE,FALSE,0.71,44,0,261,0,0.1,0.10008526966531657
BU-MT3-P74,BU,3,XP219-PLR,2,C,4,1,2.5,FALSE,0,-210,2.6725,23.871178490832325,0.806,0.228,Late regeneration,30,30,FALSE,FALSE,FALSE,0.71,44,0,261,3,0.025,0.025101257727563418
OP-MT7-P25,OP,7,XP219-PLR,2,C,NA,NA,NA,FALSE,1,-62,NA,NA,NA,NA,Late regeneration,30,30,FALSE,FALSE,FALSE,0.71,44,0,261,NA,NA,NA
OP-MT9-P70,OP,9,XP219-PLR,2,C,NA,NA,NA,FALSE,1,-267,NA,NA,NA,NA,Late regeneration,30,30,FALSE,FALSE,FALSE,0.71,44,0,261,NA,NA,NA
PG-MT1-P70,PG,1,XP219-PLR,2,C,4,2,2.5,FALSE,0,-358,NA,NA,NA,NA,Late regeneration,30,30,FALSE,FALSE,FALSE,0.71,44,0,261,2,0.025,0.025101257727563418
DC-MT1-P71,DC,1,XP219-PLR,2,C,NA,NA,NA,FALSE,1,-210,NA,NA,NA,NA,Late regeneration,30,30,FALSE,FALSE,FALSE,0.71,44,0,261,NA,NA,NA
BS-MT1-P57,BS,1,XP219-PLR,2,C,1,1,50,FALSE,0,-267,NA,NA,NA,NA,Late regeneration,30,30,FALSE,FALSE,FALSE,0.71,44,0,261,0,0.5,0.5
BG-MT4-P41,BG,4,XP219-PLR,2,C,18,2,0.5,FALSE,0,-210,1.69,15.104118991508658,0.215,0.03,Late regeneration,30,30,FALSE,FALSE,FALSE,0.71,44,0,261,16,0.005,0.005105521210829247
AE-MT2-P25,AE,2,XP219-PLR,2,C,3,1,5,FALSE,0,-358,NA,NA,NA,NA,Late regeneration,30,30,FALSE,FALSE,FALSE,0.71,44,0,261,2,0.05,0.05009592837348113
BP-MT3-P46,BP,3,XP219-PLR,3,A,1,1,30,FALSE,0,-358,NA,NA,NA,NA,Late regeneration,30,30,FALSE,FALSE,FALSE,0.71,44,0,261,0,0.3,0.3000426348326583
IS-MT3-P24,IS,3,XP219-PLR,3,A,NA,NA,NA,FALSE,1,-380,NA,NA,NA,NA,Late regeneration,30,30,FALSE,FALSE,FALSE,0.71,44,0,261,NA,NA,NA
IS-MT2-P66,IS,2,XP219-PLR,3,A,3,3,15,FALSE,0,-358,NA,NA,NA,NA,Late regeneration,30,30,FALSE,FALSE,FALSE,0.71,44,0,261,0,0.15,0.150074610957152
BU-MT5-P40,BU,5,XP219-PLR,3,A,6,2,0.5,FALSE,0,-210,NA,NA,NA,NA,Late regeneration,30,30,FALSE,FALSE,FALSE,0.71,44,0,261,4,0.005,0.005105521210829247
VB-MT3-P11,VB,3,XP219-PLR,3,A,4,1,0.5,FALSE,0,-358,NA,NA,NA,NA,Late regeneration,30,30,FALSE,FALSE,FALSE,0.71,44,0,261,3,0.005,0.005105521210829247
EA-MT1-P105,EA,1,XP219-PLR,3,A,NA,NA,NA,FALSE,0,-358,NA,NA,NA,NA,Late regeneration,30,30,FALSE,FALSE,FALSE,0.71,44,0,261,NA,NA,NA
BS-MT6-P18,BS,6,XP219-PLR,3,A,3,2,7.5,FALSE,0,-210,NA,NA,NA,NA,Late regeneration,30,30,FALSE,FALSE,FALSE,0.71,44,0,261,1,0.075,0.07509059901939885
OP-MT6-P18,OP,6,XP219-PLR,3,A,NA,NA,NA,FALSE,1,-62,NA,NA,NA,NA,Late regeneration,30,30,FALSE,FALSE,FALSE,0.71,44,0,261,NA,NA,NA
MC-MT3-P29,MC,3,XP219-PLR,3,A,6,3,5,FALSE,0,-210,NA,NA,NA,NA,Late regeneration,30,30,FALSE,FALSE,FALSE,0.71,44,0,261,3,0.05,0.05009592837348113
AE-MT1-P55,AE,1,XP219-PLR,3,A,NA,NA,NA,FALSE,0,-358,NA,NA,NA,NA,Late regeneration,30,30,FALSE,FALSE,FALSE,0.71,44,0,261,NA,NA,NA
BG-MT1-P13,BG,1,XP219-PLR,3,A,7,1,5,FALSE,0,-210,NA,NA,NA,NA,Late regeneration,30,30,FALSE,FALSE,FALSE,0.71,44,0,261,6,0.05,0.05009592837348113
DC-MT2-P34,DC,2,XP219-PLR,3,A,1,1,1,FALSE,0,-358,NA,NA,NA,NA,Late regeneration,30,30,FALSE,FALSE,FALSE,0.71,44,0,261,0,0.01,0.01010445534001279
PG-MT3-P61,PG,3,XP219-PLR,3,A,6,2,0.5,FALSE,0,-358,NA,NA,NA,NA,Late regeneration,30,30,FALSE,FALSE,FALSE,0.71,44,0,261,4,0.005,0.005105521210829247
PA-MT7-P6,PA,7,XP219-PLR,3,A,5,2,0.5,FALSE,0,-210,NA,NA,NA,NA,Late regeneration,30,30,FALSE,FALSE,FALSE,0.71,44,0,261,3,0.005,0.005105521210829247
CP-MT5-P20,CP,5,XP219-PLR,3,A,5,5,5,FALSE,0,-210,NA,NA,NA,NA,Late regeneration,30,30,FALSE,FALSE,FALSE,0.71,44,0,261,0,0.05,0.05009592837348113
CH-MT3-P34,CH,3,XP219-PLR,3,A,1,1,50,FALSE,0,-210,NA,NA,NA,NA,Late regeneration,30,30,FALSE,FALSE,FALSE,0.71,44,0,261,0,0.5,0.5
AE-MT4-P89,AE,4,XP219-PLR,3,B,8,5,10,FALSE,0,-358,NA,NA,NA,NA,Late regeneration,30,30,FALSE,FALSE,FALSE,0.71,44,0,261,3,0.1,0.10008526966531657
VB-MT1-P5,VB,1,XP219-PLR,3,B,NA,NA,NA,FALSE,1,-210,NA,NA,NA,NA,Late regeneration,30,30,FALSE,FALSE,FALSE,0.71,44,0,261,NA,NA,NA
CP-MT2-P51,CP,2,XP219-PLR,3,B,1,1,5,FALSE,0,-62,NA,NA,NA,NA,Late regeneration,30,30,FALSE,FALSE,FALSE,0.71,44,0,261,0,0.05,0.05009592837348113
PG-MT3-P4,PG,3,XP219-PLR,3,B,5,2,0.5,FALSE,0,-358,NA,NA,NA,NA,Late regeneration,30,30,FALSE,FALSE,FALSE,0.71,44,0,261,3,0.005,0.005105521210829247
BS-MT7-P23,BS,7,XP219-PLR,3,B,3,2,50,FALSE,0,-210,NA,NA,NA,NA,Late regeneration,30,30,FALSE,FALSE,FALSE,0.71,44,0,261,1,0.5,0.5
OP-MT7-P3,OP,7,XP219-PLR,3,B,NA,NA,NA,FALSE,1,-62,NA,NA,NA,NA,Late regeneration,30,30,FALSE,FALSE,FALSE,0.71,44,0,261,NA,NA,NA
BP-MT5-P44,BP,5,XP219-PLR,3,B,NA,NA,NA,FALSE,1,-358,NA,NA,NA,NA,Late regeneration,30,30,FALSE,FALSE,FALSE,0.71,44,0,261,NA,NA,NA
BU-MT3-P9,BU,3,XP219-PLR,3,B,6,2,0.5,FALSE,0,-210,NA,NA,NA,NA,Late regeneration,30,30,FALSE,FALSE,FALSE,0.71,44,0,261,4,0.005,0.005105521210829247
PA-MT6-P91,PA,6,XP219-PLR,3,B,2,0,0,FALSE,0,-358,NA,NA,NA,NA,Late regeneration,30,30,FALSE,FALSE,FALSE,0.71,44,0,261,2,0,1.0658708164570453e-4
DC-MT3-P36,DC,3,XP219-PLR,3,B,NA,NA,NA,FALSE,0,-210,NA,NA,NA,NA,Late regeneration,30,30,FALSE,FALSE,FALSE,0.71,44,0,261,NA,NA,NA
IS-MT2-P72,IS,2,XP219-PLR,3,B,3,2,1,FALSE,0,-380,NA,NA,NA,NA,Late regeneration,30,30,FALSE,FALSE,FALSE,0.71,44,0,261,1,0.01,0.01010445534001279
BG-MT3-P24,BG,3,XP219-PLR,3,B,NA,NA,NA,FALSE,1,-210,NA,NA,NA,NA,Late regeneration,30,30,FALSE,FALSE,FALSE,0.71,44,0,261,NA,NA,NA
MC-MT1-P44,MC,1,XP219-PLR,3,B,5,3,20,FALSE,0,-210,NA,NA,NA,NA,Late regeneration,30,30,FALSE,FALSE,FALSE,0.71,44,0,261,2,0.2,0.20006395224898743
EA-MT1-P27,EA,1,XP219-PLR,3,B,2,2,5,FALSE,0,-267,NA,NA,NA,NA,Late regeneration,30,30,FALSE,FALSE,FALSE,0.71,44,0,261,0,0.05,0.05009592837348113
CH-MT2-P12,CH,2,XP219-PLR,3,B,3,0,0,FALSE,0,-210,NA,NA,NA,NA,Late regeneration,30,30,FALSE,FALSE,FALSE,0.71,44,0,261,3,0,1.0658708164570453e-4
IS-MT5-P68,IS,5,XP219-PLR,3,C,2,1,7.5,FALSE,0,-380,2.4050000000000002,37.832375296979436,0.672,0.228,Late regeneration,30,30,FALSE,FALSE,FALSE,0.71,44,0,261,1,0.075,0.07509059901939885
BP-MT2-P70,BP,2,XP219-PLR,3,C,1,1,0.5,FALSE,0,-358,NA,NA,NA,NA,Late regeneration,30,30,FALSE,FALSE,FALSE,0.71,44,0,261,0,0.005,0.005105521210829247
BS-MT7-P55,BS,7,XP219-PLR,3,C,2,2,2.5,FALSE,0,-267,NA,NA,NA,NA,Late regeneration,30,30,FALSE,FALSE,FALSE,0.71,44,0,261,0,0.025,0.025101257727563418
CP-MT3-P19,CP,3,XP219-PLR,3,C,2,2,2.5,FALSE,0,-62,NA,NA,NA,NA,Late regeneration,30,30,FALSE,FALSE,FALSE,0.71,44,0,261,0,0.025,0.025101257727563418
EA-MT2-P23,EA,2,XP219-PLR,3,C,13,7,2.5,FALSE,0,-62,3.77,26.807783456851006,1.002,0.37,Late regeneration,30,30,FALSE,FALSE,FALSE,0.71,44,0,261,6,0.025,0.025101257727563418
VB-MT1-P22,VB,1,XP219-PLR,3,C,8,3,0.5,FALSE,0,-210,1.3775,15.191139139798523,0.103,0.014,Late regeneration,30,30,FALSE,FALSE,FALSE,0.71,44,0,261,5,0.005,0.005105521210829247
OP-MT8-P33,OP,8,XP219-PLR,3,C,NA,NA,NA,FALSE,1,-62,NA,NA,NA,NA,Late regeneration,30,30,FALSE,FALSE,FALSE,0.71,44,0,261,NA,NA,NA
OP-MT7-P66,OP,7,XP219-PLR,3,C,NA,NA,NA,FALSE,1,-267,NA,NA,NA,NA,Late regeneration,30,30,FALSE,FALSE,FALSE,0.71,44,0,261,NA,NA,NA
BU-MT2-P7,BU,2,XP219-PLR,3,C,4,1,0.5,FALSE,0,-210,2.1625,30.717974895719287,1.152,0.327,Late regeneration,30,30,FALSE,FALSE,FALSE,0.71,44,0,261,3,0.005,0.005105521210829247
BG-MT5-P45,BG,5,XP219-PLR,3,C,21,7,0.5,FALSE,0,-210,1.6075,16.85307050968244,0.227,0.031,Late regeneration,30,30,FALSE,FALSE,FALSE,0.71,44,0,261,14,0.005,0.005105521210829247
AE-MT4-P21,AE,4,XP219-PLR,3,C,6,2,1,FALSE,0,-358,NA,NA,NA,NA,Late regeneration,30,30,FALSE,FALSE,FALSE,0.71,44,0,261,4,0.01,0.01010445534001279
DC-MT3-P8,DC,3,XP219-PLR,3,C,3,3,1,FALSE,0,-210,NA,NA,NA,NA,Late regeneration,30,30,FALSE,FALSE,FALSE,0.71,44,0,261,0,0.01,0.01010445534001279
PG-MT2-P2,PG,2,XP219-PLR,3,C,5,1,0.5,FALSE,0,-358,NA,NA,NA,NA,Late regeneration,30,30,FALSE,FALSE,FALSE,0.71,44,0,261,4,0.005,0.005105521210829247
CH-MT5-P45,CH,5,XP219-PLR,3,C,5,3,1,FALSE,0,-210,NA,NA,NA,NA,Late regeneration,30,30,FALSE,FALSE,FALSE,0.71,44,0,261,2,0.01,0.01010445534001279
OP-MT9-P47,OP,9,XP219-PLR,4,A,NA,NA,NA,FALSE,1,-380,NA,NA,NA,NA,Late regeneration,30,30,FALSE,FALSE,FALSE,0.71,44,0,261,NA,NA,NA
CP-MT1-P67,CP,1,XP219-PLR,4,A,6,5,0.5,FALSE,0,-210,NA,NA,NA,NA,Late regeneration,30,30,FALSE,FALSE,FALSE,0.71,44,0,261,1,0.005,0.005105521210829247
IS-MT5-P23,IS,5,XP219-PLR,4,A,1,1,35,FALSE,0,-380,NA,NA,NA,NA,Late regeneration,30,30,FALSE,FALSE,FALSE,0.71,44,0,261,0,0.35,0.3500319761244937
CH-MT4-P47,CH,4,XP219-PLR,4,A,2,1,0.5,FALSE,0,-210,NA,NA,NA,NA,Late regeneration,30,30,FALSE,FALSE,FALSE,0.71,44,0,261,1,0.005,0.005105521210829247
AE-MT1-P72,AE,1,XP219-PLR,4,A,7,5,0.5,FALSE,0,-358,NA,NA,NA,NA,Late regeneration,30,30,FALSE,FALSE,FALSE,0.71,44,0,261,2,0.005,0.005105521210829247
DC-MT1-P26,DC,1,XP219-PLR,4,A,NA,NA,NA,FALSE,1,-210,NA,NA,NA,NA,Late regeneration,30,30,FALSE,FALSE,FALSE,0.71,44,0,261,NA,NA,NA
BU-MT2-P43,BU,2,XP219-PLR,4,A,1,0,0,FALSE,0,-210,NA,NA,NA,NA,Late regeneration,30,30,FALSE,FALSE,FALSE,0.71,44,0,261,1,0,1.0658708164570453e-4
PA-MT3-P32,PA,3,XP219-PLR,4,A,4,1,0.5,FALSE,0,-380,NA,NA,NA,NA,Late regeneration,30,30,FALSE,FALSE,FALSE,0.71,44,0,261,3,0.005,0.005105521210829247
BP-MT1-P4,BP,1,XP219-PLR,4,A,NA,NA,NA,FALSE,1,-358,NA,NA,NA,NA,Late regeneration,30,30,FALSE,FALSE,FALSE,0.71,44,0,261,NA,NA,NA
EA-MT5-P59,EA,5,XP219-PLR,4,A,NA,NA,NA,FALSE,1,-267,NA,NA,NA,NA,Late regeneration,30,30,FALSE,FALSE,FALSE,0.71,44,0,261,NA,NA,NA
PG-MT1-P15,PG,1,XP219-PLR,4,A,3,1,0.5,FALSE,0,-358,NA,NA,NA,NA,Late regeneration,30,30,FALSE,FALSE,FALSE,0.71,44,0,261,2,0.005,0.005105521210829247
VB-MT2-P42,VB,2,XP219-PLR,4,A,1,0,0,FALSE,0,-358,NA,NA,NA,NA,Late regeneration,30,30,FALSE,FALSE,FALSE,0.71,44,0,261,1,0,1.0658708164570453e-4
BS-MT5-P14,BS,5,XP219-PLR,4,A,2,2,22.5,FALSE,0,-210,NA,NA,NA,NA,Late regeneration,30,30,FALSE,FALSE,FALSE,0.71,44,0,261,0,0.225,0.22505862289490514
BG-MT2-P55,BG,2,XP219-PLR,4,A,NA,NA,NA,FALSE,1,-210,NA,NA,NA,NA,Late regeneration,30,30,FALSE,FALSE,FALSE,0.71,44,0,261,NA,NA,NA
DC-MT4-P46,DC,4,XP219-PLR,4,B,NA,NA,NA,FALSE,1,-210,NA,NA,NA,NA,Late regeneration,30,30,FALSE,FALSE,FALSE,0.71,44,0,261,NA,NA,NA
AE-MT3-P41,AE,3,XP219-PLR,4,B,7,5,2.5,FALSE,0,-358,NA,NA,NA,NA,Late regeneration,30,30,FALSE,FALSE,FALSE,0.71,44,0,261,2,0.025,0.025101257727563418
PG-MT2-P33,PG,2,XP219-PLR,4,B,5,0,0,FALSE,0,-358,NA,NA,NA,NA,Late regeneration,30,30,FALSE,FALSE,FALSE,0.71,44,0,261,5,0,1.0658708164570453e-4
BG-MT5-P82,BG,5,XP219-PLR,4,B,22,3,0.5,FALSE,0,-210,NA,NA,NA,NA,Late regeneration,30,30,FALSE,FALSE,FALSE,0.71,44,0,261,19,0.005,0.005105521210829247
OP-MT6-P4,OP,6,XP219-PLR,4,B,NA,NA,NA,FALSE,1,-62,NA,NA,NA,NA,Late regeneration,30,30,FALSE,FALSE,FALSE,0.71,44,0,261,NA,NA,NA
OP-MT2-P78,OP,2,XP219-PLR,4,B,NA,NA,NA,FALSE,1,-267,NA,NA,NA,NA,Late regeneration,30,30,FALSE,FALSE,FALSE,0.71,44,0,261,NA,NA,NA
IS-MT2-P15,IS,2,XP219-PLR,4,B,3,3,12.5,FALSE,0,-267,NA,NA,NA,NA,Late regeneration,30,30,FALSE,FALSE,FALSE,0.71,44,0,261,0,0.125,0.1250799403112343
CP-MT5-P17,CP,5,XP219-PLR,4,B,NA,NA,NA,FALSE,1,-210,NA,NA,NA,NA,Late regeneration,30,30,FALSE,FALSE,FALSE,0.71,44,0,261,NA,NA,NA
EA-MT5-P12,EA,5,XP219-PLR,4,B,16,4,0.5,FALSE,0,-267,NA,NA,NA,NA,Late regeneration,30,30,FALSE,FALSE,FALSE,0.71,44,0,261,12,0.005,0.005105521210829247
BP-MT2-P7,BP,2,XP219-PLR,4,B,1,0,0,FALSE,0,-358,NA,NA,NA,NA,Late regeneration,30,30,FALSE,FALSE,FALSE,0.71,44,0,261,1,0,1.0658708164570453e-4
PA-MT6-P31,PA,6,XP219-PLR,4,B,5,1,5,FALSE,0,-62,NA,NA,NA,NA,Late regeneration,30,30,FALSE,FALSE,FALSE,0.71,44,0,261,4,0.05,0.05009592837348113
BS-MT1-P69,BS,1,XP219-PLR,4,B,3,2,10,FALSE,0,-267,NA,NA,NA,NA,Late regeneration,30,30,FALSE,FALSE,FALSE,0.71,44,0,261,1,0.1,0.10008526966531657
VB-MT4-P29,VB,4,XP219-PLR,4,B,2,1,2.5,FALSE,0,-358,NA,NA,NA,NA,Late regeneration,30,30,FALSE,FALSE,FALSE,0.71,44,0,261,1,0.025,0.025101257727563418
BU-MT4-P50,BU,4,XP219-PLR,4,B,6,0,0,FALSE,0,-210,NA,NA,NA,NA,Late regeneration,30,30,FALSE,FALSE,FALSE,0.71,44,0,261,6,0,1.0658708164570453e-4
CH-MT2-P62,CH,2,XP219-PLR,4,B,NA,NA,NA,FALSE,1,-210,NA,NA,NA,NA,Late regeneration,30,30,FALSE,FALSE,FALSE,0.71,44,0,261,NA,NA,NA
BU-MT1-P25,BU,1,XP219-PLR,4,C,6,0,0,FALSE,0,-62,2.5975,23.537679092085842,0.82,0.222,Late regeneration,30,30,FALSE,FALSE,FALSE,0.71,44,0,261,6,0,1.0658708164570453e-4
CP-MT4-P63,CP,4,XP219-PLR,4,C,0,0,0,FALSE,0,-62,NA,NA,NA,NA,Late regeneration,30,30,FALSE,FALSE,FALSE,0.71,44,0,261,0,0,1.0658708164570453e-4
PG-MT5-P51,PG,5,XP219-PLR,4,C,2,1,2.5,FALSE,0,-358,NA,NA,NA,NA,Late regeneration,30,30,FALSE,FALSE,FALSE,0.71,44,0,261,1,0.025,0.025101257727563418
VB-MT3-P93,VB,3,XP219-PLR,4,C,8,4,30,FALSE,0,-358,1.295,25.113537717710223,0.864,0.13,Late regeneration,30,30,FALSE,FALSE,FALSE,0.71,44,0,261,4,0.3,0.3000426348326583
BS-MT5-P41,BS,5,XP219-PLR,4,C,1,1,2.5,FALSE,0,-267,NA,NA,NA,NA,Late regeneration,30,30,FALSE,FALSE,FALSE,0.71,44,0,261,0,0.025,0.025101257727563418
EA-MT1-P79,EA,1,XP219-PLR,4,C,4,4,0.5,FALSE,0,-358,NA,NA,NA,NA,Late regeneration,30,30,FALSE,FALSE,FALSE,0.71,44,0,261,0,0.005,0.005105521210829247
IS-MT4-P54,IS,4,XP219-PLR,4,C,2,1,0.5,FALSE,0,-62,NA,NA,NA,NA,Late regeneration,30,30,FALSE,FALSE,FALSE,0.71,44,0,261,1,0.005,0.005105521210829247
DC-MT2-P22,DC,2,XP219-PLR,4,C,0,0,0,FALSE,0,-358,NA,NA,NA,NA,Late regeneration,30,30,FALSE,FALSE,FALSE,0.71,44,0,261,0,0,1.0658708164570453e-4
BG-MT3-P58,BG,3,XP219-PLR,4,C,28,2,0.5,FALSE,0,-210,NA,NA,NA,NA,Late regeneration,30,30,FALSE,FALSE,FALSE,0.71,44,0,261,26,0.005,0.005105521210829247
AE-MT5-P47,AE,5,XP219-PLR,4,C,5,0,0,FALSE,0,-358,NA,NA,NA,NA,Late regeneration,30,30,FALSE,FALSE,FALSE,0.71,44,0,261,5,0,1.0658708164570453e-4
MC-MT2-P30,MC,2,XP219-PLR,4,C,3,1,50,FALSE,0,-210,NA,NA,NA,NA,Late regeneration,30,30,FALSE,FALSE,FALSE,0.71,44,0,261,2,0.5,0.5
CH-MT4-P7,CH,4,XP219-PLR,4,C,4,2,2.5,FALSE,0,-210,NA,NA,NA,NA,Late regeneration,30,30,FALSE,FALSE,FALSE,0.71,44,0,261,2,0.025,0.025101257727563418
BP-MT2-P67,BP,2,XP219-PLR,4,C,2,2,50,FALSE,0,-358,NA,NA,NA,NA,Late regeneration,30,30,FALSE,FALSE,FALSE,0.71,44,0,261,0,0.5,0.5
PG-MT4-P16,PG,4,XP219-PLR,5,A,NA,NA,NA,FALSE,1,-358,NA,NA,NA,NA,Late regeneration,30,30,FALSE,FALSE,FALSE,0.71,44,0,261,NA,NA,NA
VB-MT4-P30,VB,4,XP219-PLR,5,A,NA,NA,NA,FALSE,0,-358,NA,NA,NA,NA,Late regeneration,30,30,FALSE,FALSE,FALSE,0.71,44,0,261,NA,NA,NA
BG-MT2-P6,BG,2,XP219-PLR,5,A,NA,NA,NA,FALSE,0,-210,NA,NA,NA,NA,Late regeneration,30,30,FALSE,FALSE,FALSE,0.71,44,0,261,NA,NA,NA
DC-MT5-P28,DC,5,XP219-PLR,5,A,NA,NA,NA,FALSE,0,-210,NA,NA,NA,NA,Late regeneration,30,30,FALSE,FALSE,FALSE,0.71,44,0,261,NA,NA,NA
BS-MT5-P85,BS,5,XP219-PLR,5,A,NA,NA,NA,FALSE,0,-358,NA,NA,NA,NA,Late regeneration,30,30,FALSE,FALSE,FALSE,0.71,44,0,261,NA,NA,NA
AE-MT3-P85,AE,3,XP219-PLR,5,A,NA,NA,NA,FALSE,0,-358,NA,NA,NA,NA,Late regeneration,30,30,FALSE,FALSE,FALSE,0.71,44,0,261,NA,NA,NA
IS-MT3-P109,IS,3,XP219-PLR,5,A,NA,NA,NA,FALSE,0,-358,NA,NA,NA,NA,Late regeneration,30,30,FALSE,FALSE,FALSE,0.71,44,0,261,NA,NA,NA
BP-MT3-P54,BP,3,XP219-PLR,5,A,NA,NA,NA,FALSE,0,-358,NA,NA,NA,NA,Late regeneration,30,30,FALSE,FALSE,FALSE,0.71,44,0,261,NA,NA,NA
EA-MT4-P46,EA,4,XP219-PLR,5,A,NA,NA,NA,FALSE,0,-358,NA,NA,NA,NA,Late regeneration,30,30,FALSE,FALSE,FALSE,0.71,44,0,261,NA,NA,NA
IS-MT3-P80,IS,3,XP219-PLR,5,B,NA,NA,NA,FALSE,0,-267,NA,NA,NA,NA,Late regeneration,30,30,FALSE,FALSE,FALSE,0.71,44,0,261,NA,NA,NA
IS-MT3-P80,IS,3,XP219-PLR,5,B,NA,NA,NA,FALSE,0,6,NA,NA,NA,NA,Late regeneration,30,30,FALSE,FALSE,FALSE,0.71,44,0,261,NA,NA,NA
BP-MT4-P1,BP,4,XP219-PLR,5,B,NA,NA,NA,FALSE,0,-358,NA,NA,NA,NA,Late regeneration,30,30,FALSE,FALSE,FALSE,0.71,44,0,261,NA,NA,NA
AE-MT1-P26,AE,1,XP219-PLR,5,B,NA,NA,NA,FALSE,0,-358,NA,NA,NA,NA,Late regeneration,30,30,FALSE,FALSE,FALSE,0.71,44,0,261,NA,NA,NA
PG-MT2-P42,PG,2,XP219-PLR,5,B,NA,NA,NA,FALSE,0,-358,NA,NA,NA,NA,Late regeneration,30,30,FALSE,FALSE,FALSE,0.71,44,0,261,NA,NA,NA
CH-MT3-P88,CH,3,XP219-PLR,5,B,NA,NA,NA,FALSE,0,-210,NA,NA,NA,NA,Late regeneration,30,30,FALSE,FALSE,FALSE,0.71,44,0,261,NA,NA,NA
BG-MT4-P26,BG,4,XP219-PLR,5,B,NA,NA,NA,FALSE,0,-210,NA,NA,NA,NA,Late regeneration,30,30,FALSE,FALSE,FALSE,0.71,44,0,261,NA,NA,NA
VB-MT4-P54,VB,4,XP219-PLR,5,B,NA,NA,NA,FALSE,0,-358,NA,NA,NA,NA,Late regeneration,30,30,FALSE,FALSE,FALSE,0.71,44,0,261,NA,NA,NA
DC-MT4-P11,DC,4,XP219-PLR,5,B,NA,NA,NA,FALSE,0,-210,NA,NA,NA,NA,Late regeneration,30,30,FALSE,FALSE,FALSE,0.71,44,0,261,NA,NA,NA
BU-MT5-P1,BU,5,XP219-PLR,5,C,NA,NA,NA,FALSE,0,-210,NA,NA,NA,NA,Late regeneration,30,30,FALSE,FALSE,FALSE,0.71,44,0,261,NA,NA,NA
DC-MT1-P9,DC,1,XP219-PLR,5,C,NA,NA,NA,FALSE,1,-210,NA,NA,NA,NA,Late regeneration,30,30,FALSE,FALSE,FALSE,0.71,44,0,261,NA,NA,NA
AE-MT4-P31,AE,4,XP219-PLR,5,C,NA,NA,NA,FALSE,0,-358,NA,NA,NA,NA,Late regeneration,30,30,FALSE,FALSE,FALSE,0.71,44,0,261,NA,NA,NA
VB-MT4-P12,VB,4,XP219-PLR,5,C,NA,NA,NA,FALSE,0,-358,NA,NA,NA,NA,Late regeneration,30,30,FALSE,FALSE,FALSE,0.71,44,0,261,NA,NA,NA
BG-MT5-P54,BG,5,XP219-PLR,5,C,NA,NA,NA,FALSE,0,-210,NA,NA,NA,NA,Late regeneration,30,30,FALSE,FALSE,FALSE,0.71,44,0,261,NA,NA,NA
BP-MT3-P26,BP,3,XP219-PLR,5,C,NA,NA,NA,FALSE,0,-358,NA,NA,NA,NA,Late regeneration,30,30,FALSE,FALSE,FALSE,0.71,44,0,261,NA,NA,NA
EA-MT2-P39,EA,2,XP219-PLR,5,C,NA,NA,NA,FALSE,0,-358,NA,NA,NA,NA,Late regeneration,30,30,FALSE,FALSE,FALSE,0.71,44,0,261,NA,NA,NA
CH-MT5-P30,CH,5,XP219-PLR,5,C,NA,NA,NA,FALSE,0,-210,NA,NA,NA,NA,Late regeneration,30,30,FALSE,FALSE,FALSE,0.71,44,0,261,NA,NA,NA
CH-MT5-P30,CH,5,XP219-PLR,5,C,NA,NA,NA,FALSE,0,215,NA,NA,NA,NA,Late regeneration,30,30,FALSE,FALSE,FALSE,0.71,44,0,261,NA,NA,NA
CP-MT5-P57,CP,5,XP219-PLR,5,C,NA,NA,NA,FALSE,0,-210,NA,NA,NA,NA,Late regeneration,30,30,FALSE,FALSE,FALSE,0.71,44,0,261,NA,NA,NA
PG-MT5-P75,PG,5,XP219-PLR,5,C,NA,NA,NA,FALSE,0,-358,NA,NA,NA,NA,Late regeneration,30,30,FALSE,FALSE,FALSE,0.71,44,0,261,NA,NA,NA
CH-MT2-P16,CH,2,XP222-OG,1,A,NA,NA,NA,FALSE,1,215,NA,NA,NA,NA,Old-Growth,50,NA,FALSE,FALSE,FALSE,0.75,0,166,328,NA,NA,NA
CP-MT3-P37,CP,3,XP222-OG,1,A,2,2,5,FALSE,0,306,NA,NA,NA,NA,Old-Growth,50,NA,FALSE,FALSE,FALSE,0.75,0,166,328,0,0.05,0.05009592837348113
BS-MT6-P23,BS,6,XP222-OG,1,A,NA,NA,NA,FALSE,1,215,NA,NA,NA,NA,Old-Growth,50,NA,FALSE,FALSE,FALSE,0.75,0,166,328,NA,NA,NA
EA-MT2-P37,EA,2,XP222-OG,1,A,15,14,5,FALSE,0,47,NA,NA,NA,NA,Old-Growth,50,NA,FALSE,FALSE,FALSE,0.75,0,166,328,1,0.05,0.05009592837348113
PG-MT3-P35,PG,3,XP222-OG,1,A,3,2,15,FALSE,0,47,NA,NA,NA,NA,Old-Growth,50,NA,FALSE,FALSE,FALSE,0.75,0,166,328,1,0.15,0.150074610957152
BU-MT3-P69,BU,3,XP222-OG,1,A,3,2,0.5,FALSE,0,215,NA,NA,NA,NA,Old-Growth,50,NA,FALSE,FALSE,FALSE,0.75,0,166,328,1,0.005,0.005105521210829247
OP-MT9-P62,OP,9,XP222-OG,1,A,NA,NA,NA,FALSE,1,123,NA,NA,NA,NA,Old-Growth,50,NA,FALSE,FALSE,FALSE,0.75,0,166,328,NA,NA,NA
AE-MT4-P65,AE,4,XP222-OG,1,A,2,2,0.5,FALSE,0,47,NA,NA,NA,NA,Old-Growth,50,NA,FALSE,FALSE,FALSE,0.75,0,166,328,0,0.005,0.005105521210829247
BG-MT1-P77,BG,1,XP222-OG,1,A,NA,NA,NA,FALSE,1,215,NA,NA,NA,NA,Old-Growth,50,NA,FALSE,FALSE,FALSE,0.75,0,166,328,NA,NA,NA
DC-MT1-P80,DC,1,XP222-OG,1,A,5,5,20,FALSE,0,215,NA,NA,NA,NA,Old-Growth,50,NA,FALSE,FALSE,FALSE,0.75,0,166,328,0,0.2,0.20006395224898743
BP-MT3-P8,BP,3,XP222-OG,1,A,2,1,10,FALSE,0,47,NA,NA,NA,NA,Old-Growth,50,NA,FALSE,FALSE,FALSE,0.75,0,166,328,1,0.1,0.10008526966531657
EA-MT5-P86,EA,5,XP222-OG,1,B,10,7,1,FALSE,0,47,NA,NA,NA,NA,Old-Growth,50,NA,FALSE,FALSE,FALSE,0.75,0,166,328,3,0.01,0.01010445534001279
BG-MT3-P53,BG,3,XP222-OG,1,B,12,4,1,FALSE,0,215,NA,NA,NA,NA,Old-Growth,50,NA,FALSE,FALSE,FALSE,0.75,0,166,328,8,0.01,0.01010445534001279
BS-MT6-P42,BS,6,XP222-OG,1,B,3,1,10,FALSE,0,123,NA,NA,NA,NA,Old-Growth,50,NA,FALSE,FALSE,FALSE,0.75,0,166,328,2,0.1,0.10008526966531657
CH-MT1-P39,CH,1,XP222-OG,1,B,NA,NA,NA,FALSE,1,183,NA,NA,NA,NA,Old-Growth,50,NA,FALSE,FALSE,FALSE,0.75,0,166,328,NA,NA,NA
CH-MT3-P80,CH,3,XP222-OG,1,B,2,1,2.5,FALSE,0,47,NA,NA,NA,NA,Old-Growth,50,NA,FALSE,FALSE,FALSE,0.75,0,166,328,1,0.025,0.025101257727563418
BP-MT4-P47,BP,4,XP222-OG,1,B,1,1,0.5,FALSE,NA,NA,NA,NA,NA,NA,Old-Growth,50,NA,FALSE,FALSE,FALSE,0.75,0,166,328,0,0.005,0.005105521210829247
AE-MT3-P69,AE,3,XP222-OG,1,B,5,4,7.5,FALSE,0,47,NA,NA,NA,NA,Old-Growth,50,NA,FALSE,FALSE,FALSE,0.75,0,166,328,1,0.075,0.07509059901939885
VB-MT5-P17,VB,5,XP222-OG,1,B,4,2,1,FALSE,0,47,NA,NA,NA,NA,Old-Growth,50,NA,FALSE,FALSE,FALSE,0.75,0,166,328,2,0.01,0.01010445534001279
PG-MT4-P19,PG,4,XP222-OG,1,B,2,2,0.5,FALSE,0,47,NA,NA,NA,NA,Old-Growth,50,NA,FALSE,FALSE,FALSE,0.75,0,166,328,0,0.005,0.005105521210829247
BU-MT2-P27,BU,2,XP222-OG,1,B,4,2,0.5,FALSE,0,215,NA,NA,NA,NA,Old-Growth,50,NA,FALSE,FALSE,FALSE,0.75,0,166,328,2,0.005,0.005105521210829247
CP-MT1-P50,CP,1,XP222-OG,1,B,3,3,1,FALSE,0,215,NA,NA,NA,NA,Old-Growth,50,NA,FALSE,FALSE,FALSE,0.75,0,166,328,0,0.01,0.01010445534001279
DC-MT3-P32,DC,3,XP222-OG,1,B,6,5,2.5,FALSE,0,215,NA,NA,NA,NA,Old-Growth,50,NA,FALSE,FALSE,FALSE,0.75,0,166,328,1,0.025,0.025101257727563418
PG-MT3-P52,PG,3,XP222-OG,1,C,2,2,0.5,FALSE,0,47,NA,NA,NA,NA,Old-Growth,50,NA,FALSE,FALSE,FALSE,0.75,0,166,328,0,0.005,0.005105521210829247
DC-MT3-P47,DC,3,XP222-OG,1,C,4,4,1,FALSE,0,215,NA,NA,NA,NA,Old-Growth,50,NA,FALSE,FALSE,FALSE,0.75,0,166,328,0,0.01,0.01010445534001279
BG-MT2-P53,BG,2,XP222-OG,1,C,NA,NA,NA,FALSE,1,92,NA,NA,NA,NA,Old-Growth,50,NA,FALSE,FALSE,FALSE,0.75,0,166,328,NA,NA,NA
BG-MT1-P1,BG,1,XP222-OG,1,C,1,1,0.5,FALSE,0,47,NA,NA,NA,NA,Old-Growth,50,NA,FALSE,FALSE,FALSE,0.75,0,166,328,0,0.005,0.005105521210829247
BS-MT1-P54,BS,1,XP222-OG,1,C,4,2,25,FALSE,0,123,NA,NA,NA,NA,Old-Growth,50,NA,FALSE,FALSE,FALSE,0.75,0,166,328,2,0.25,0.25005329354082284
CP-MT4-P2,CP,4,XP222-OG,1,C,2,2,15,FALSE,0,306,NA,NA,NA,NA,Old-Growth,50,NA,FALSE,FALSE,FALSE,0.75,0,166,328,0,0.15,0.150074610957152
CH-MT1-P26,CH,1,XP222-OG,1,C,NA,NA,NA,FALSE,1,306,NA,NA,NA,NA,Old-Growth,50,NA,FALSE,FALSE,FALSE,0.75,0,166,328,NA,NA,NA
BP-MT5-P19,BP,5,XP222-OG,1,C,2,1,1,FALSE,0,47,NA,NA,NA,NA,Old-Growth,50,NA,FALSE,FALSE,FALSE,0.75,0,166,328,1,0.01,0.01010445534001279
BU-MT2-P3,BU,2,XP222-OG,1,C,NA,NA,NA,FALSE,1,215,NA,NA,NA,NA,Old-Growth,50,NA,FALSE,FALSE,FALSE,0.75,0,166,328,NA,NA,NA
AE-MT3-P10,AE,3,XP222-OG,1,C,7,7,2.5,FALSE,0,47,NA,NA,NA,NA,Old-Growth,50,NA,FALSE,FALSE,FALSE,0.75,0,166,328,0,0.025,0.025101257727563418
CP-MT2-P38,CP,2,XP222-OG,2,A,4,4,45,FALSE,0,306,NA,NA,NA,NA,Old-Growth,50,NA,FALSE,FALSE,FALSE,0.75,0,166,328,0,0.45,0.4500106587081646
BP-MT3-P25,BP,3,XP222-OG,2,A,5,3,20,FALSE,0,47,NA,NA,NA,NA,Old-Growth,50,NA,FALSE,FALSE,FALSE,0.75,0,166,328,2,0.2,0.20006395224898743
BU-MT1-P72,BU,1,XP222-OG,2,A,3,1,0.5,FALSE,0,306,NA,NA,NA,NA,Old-Growth,50,NA,FALSE,FALSE,FALSE,0.75,0,166,328,2,0.005,0.005105521210829247
CH-MT5-P65,CH,5,XP222-OG,2,A,5,3,10,FALSE,0,215,NA,NA,NA,NA,Old-Growth,50,NA,FALSE,FALSE,FALSE,0.75,0,166,328,2,0.1,0.10008526966531657
EA-MT5-P28,EA,5,XP222-OG,2,A,15,10,2.5,FALSE,0,123,NA,NA,NA,NA,Old-Growth,50,NA,FALSE,FALSE,FALSE,0.75,0,166,328,5,0.025,0.025101257727563418
PG-MT5-P23,PG,5,XP222-OG,2,A,3,3,1,FALSE,0,47,NA,NA,NA,NA,Old-Growth,50,NA,FALSE,FALSE,FALSE,0.75,0,166,328,0,0.01,0.01010445534001279
IS-MT5-P34,IS,5,XP222-OG,2,A,2,2,10,FALSE,0,123,NA,NA,NA,NA,Old-Growth,50,NA,FALSE,FALSE,FALSE,0.75,0,166,328,0,0.1,0.10008526966531657
VB-MT3-P69,VB,3,XP222-OG,2,A,1,0,0,FALSE,0,47,NA,NA,NA,NA,Old-Growth,50,NA,FALSE,FALSE,FALSE,0.75,0,166,328,1,0,1.0658708164570453e-4
OP-MT9-P10,OP,9,XP222-OG,2,A,5,4,20,FALSE,0,123,NA,NA,NA,NA,Old-Growth,50,NA,FALSE,FALSE,FALSE,0.75,0,166,328,1,0.2,0.20006395224898743
BG-MT4-P73,BG,4,XP222-OG,2,A,NA,NA,NA,FALSE,1,215,NA,NA,NA,NA,Old-Growth,50,NA,FALSE,FALSE,FALSE,0.75,0,166,328,NA,NA,NA
AE-MT2-P47,AE,2,XP222-OG,2,A,2,2,7.5,FALSE,NA,NA,NA,NA,NA,NA,Old-Growth,50,NA,FALSE,FALSE,FALSE,0.75,0,166,328,0,0.075,0.07509059901939885
BS-MT5-P61,BS,5,XP222-OG,2,A,4,3,10,FALSE,0,123,NA,NA,NA,NA,Old-Growth,50,NA,FALSE,FALSE,FALSE,0.75,0,166,328,1,0.1,0.10008526966531657
BS-MT1-P55,BS,1,XP222-OG,2,B,4,4,15,FALSE,0,123,NA,NA,NA,NA,Old-Growth,50,NA,FALSE,FALSE,FALSE,0.75,0,166,328,0,0.15,0.150074610957152
BG-MT3-P42,BG,3,XP222-OG,2,B,20,5,1,FALSE,0,215,NA,NA,NA,NA,Old-Growth,50,NA,FALSE,FALSE,FALSE,0.75,0,166,328,15,0.01,0.01010445534001279
OP-MT9-P69,OP,9,XP222-OG,2,B,NA,NA,NA,FALSE,1,123,NA,NA,NA,NA,Old-Growth,50,NA,FALSE,FALSE,FALSE,0.75,0,166,328,NA,NA,NA
PG-MT5-P50,PG,5,XP222-OG,2,B,5,2,1,FALSE,0,47,NA,NA,NA,NA,Old-Growth,50,NA,FALSE,FALSE,FALSE,0.75,0,166,328,3,0.01,0.01010445534001279
IS-MT5-P58,IS,5,XP222-OG,2,B,3,3,1,FALSE,0,123,NA,NA,NA,NA,Old-Growth,50,NA,FALSE,FALSE,FALSE,0.75,0,166,328,0,0.01,0.01010445534001279
BU-MT4-P82,BU,4,XP222-OG,2,B,NA,NA,NA,FALSE,0,215,NA,NA,NA,NA,Old-Growth,50,NA,FALSE,FALSE,FALSE,0.75,0,166,328,NA,NA,NA
VB-MT5-P22,VB,5,XP222-OG,2,B,4,4,5,FALSE,0,47,NA,NA,NA,NA,Old-Growth,50,NA,FALSE,FALSE,FALSE,0.75,0,166,328,0,0.05,0.05009592837348113
CP-MT2-P56,CP,2,XP222-OG,2,B,4,4,20,FALSE,0,306,NA,NA,NA,NA,Old-Growth,50,NA,FALSE,FALSE,FALSE,0.75,0,166,328,0,0.2,0.20006395224898743
AE-MT1-P3,AE,1,XP222-OG,2,B,8,2,0.5,FALSE,0,47,NA,NA,NA,NA,Old-Growth,50,NA,FALSE,FALSE,FALSE,0.75,0,166,328,6,0.005,0.005105521210829247
CH-MT4-P45,CH,4,XP222-OG,2,B,4,4,7.5,FALSE,0,215,NA,NA,NA,NA,Old-Growth,50,NA,FALSE,FALSE,FALSE,0.75,0,166,328,0,0.075,0.07509059901939885
DC-MT2-P28,DC,2,XP222-OG,2,B,NA,NA,NA,FALSE,1,215,NA,NA,NA,NA,Old-Growth,50,NA,FALSE,FALSE,FALSE,0.75,0,166,328,NA,NA,NA
PA-MT7-P60,PA,7,XP222-OG,2,B,6,6,15,FALSE,0,47,NA,NA,NA,NA,Old-Growth,50,NA,FALSE,FALSE,FALSE,0.75,0,166,328,0,0.15,0.150074610957152
EA-MT5-P70,EA,5,XP222-OG,2,B,15,14,10,FALSE,0,123,NA,NA,NA,NA,Old-Growth,50,NA,FALSE,FALSE,FALSE,0.75,0,166,328,1,0.1,0.10008526966531657
BP-MT2-P32,BP,2,XP222-OG,2,B,5,4,2.5,FALSE,0,47,NA,NA,NA,NA,Old-Growth,50,NA,FALSE,FALSE,FALSE,0.75,0,166,328,1,0.025,0.025101257727563418
BS-MT1-P17,BS,1,XP222-OG,2,C,2,2,25,FALSE,0,215,NA,NA,NA,NA,Old-Growth,50,NA,FALSE,FALSE,FALSE,0.75,0,166,328,0,0.25,0.25005329354082284
VB-MT2-P25,VB,2,XP222-OG,2,C,0,0,0,FALSE,0,47,NA,NA,NA,NA,Old-Growth,50,NA,FALSE,FALSE,FALSE,0.75,0,166,328,0,0,1.0658708164570453e-4
AE-MT5-P39,AE,5,XP222-OG,2,C,7,5,1,FALSE,0,47,NA,NA,NA,NA,Old-Growth,50,NA,FALSE,FALSE,FALSE,0.75,0,166,328,2,0.01,0.01010445534001279
DC-MT5-P21,DC,5,XP222-OG,2,C,4,3,15,FALSE,0,215,NA,NA,NA,NA,Old-Growth,50,NA,FALSE,FALSE,FALSE,0.75,0,166,328,1,0.15,0.150074610957152
CP-MT3-P34,CP,3,XP222-OG,2,C,NA,NA,NA,FALSE,1,306,NA,NA,NA,NA,Old-Growth,50,NA,FALSE,FALSE,FALSE,0.75,0,166,328,NA,NA,NA
BP-MT1-P29,BP,1,XP222-OG,2,C,NA,NA,NA,FALSE,0,47,NA,NA,NA,NA,Old-Growth,50,NA,FALSE,FALSE,FALSE,0.75,0,166,328,NA,NA,NA
BU-MT5-P39,BU,5,XP222-OG,2,C,6,1,0.5,FALSE,0,215,2.465,25.052280224939942,1.02,0.298,Old-Growth,50,NA,FALSE,FALSE,FALSE,0.75,0,166,328,5,0.005,0.005105521210829247
BG-MT1-P94,BG,1,XP222-OG,2,C,19,12,7.5,FALSE,0,215,4.93,32.19035557635539,3.583,0.446,Old-Growth,50,NA,FALSE,FALSE,FALSE,0.75,0,166,328,7,0.075,0.07509059901939885
EA-MT2-P34,EA,2,XP222-OG,2,C,17,14,5,FALSE,0,47,2.3674999999999997,27.74302545543293,0.802,0.171,Old-Growth,50,NA,FALSE,FALSE,FALSE,0.75,0,166,328,3,0.05,0.05009592837348113
PG-MT2-P15,PG,2,XP222-OG,2,C,3,3,10,FALSE,0,47,NA,NA,NA,NA,Old-Growth,50,NA,FALSE,FALSE,FALSE,0.75,0,166,328,0,0.1,0.10008526966531657
CP-MT4-P21,CP,4,XP222-OG,3,A,NA,NA,NA,FALSE,0,306,NA,NA,NA,NA,Old-Growth,50,NA,FALSE,FALSE,FALSE,0.75,0,166,328,NA,NA,NA
VB-MT3-P40,VB,3,XP222-OG,3,A,2,0,0,FALSE,0,47,NA,NA,NA,NA,Old-Growth,50,NA,FALSE,FALSE,FALSE,0.75,0,166,328,2,0,1.0658708164570453e-4
BS-MT1-P75,BS,1,XP222-OG,3,A,3,2,15,FALSE,0,123,NA,NA,NA,NA,Old-Growth,50,NA,FALSE,FALSE,FALSE,0.75,0,166,328,1,0.15,0.150074610957152
BP-MT2-P51,BP,2,XP222-OG,3,A,3,2,10,FALSE,0,47,NA,NA,NA,NA,Old-Growth,50,NA,FALSE,FALSE,FALSE,0.75,0,166,328,1,0.1,0.10008526966531657
CH-MT3-P57,CH,3,XP222-OG,3,A,NA,NA,NA,FALSE,1,215,NA,NA,NA,NA,Old-Growth,50,NA,FALSE,FALSE,FALSE,0.75,0,166,328,NA,NA,NA
EA-MT1-P47,EA,1,XP222-OG,3,A,4,1,5,FALSE,0,123,NA,NA,NA,NA,Old-Growth,50,NA,FALSE,FALSE,FALSE,0.75,0,166,328,3,0.05,0.05009592837348113
AE-MT2-P22,AE,2,XP222-OG,3,A,8,5,5,FALSE,0,47,NA,NA,NA,NA,Old-Growth,50,NA,FALSE,FALSE,FALSE,0.75,0,166,328,3,0.05,0.05009592837348113
BU-MT4-P25,BU,4,XP222-OG,3,A,5,2,7.5,FALSE,0,215,NA,NA,NA,NA,Old-Growth,50,NA,FALSE,FALSE,FALSE,0.75,0,166,328,3,0.075,0.07509059901939885
BG-MT4-P67,BG,4,XP222-OG,3,A,NA,NA,NA,FALSE,1,92,NA,NA,NA,NA,Old-Growth,50,NA,FALSE,FALSE,FALSE,0.75,0,166,328,NA,NA,NA
BG-MT1-P47,BG,1,XP222-OG,3,A,5,2,0.5,FALSE,0,47,NA,NA,NA,NA,Old-Growth,50,NA,FALSE,FALSE,FALSE,0.75,0,166,328,3,0.005,0.005105521210829247
PG-MT1-P8,PG,1,XP222-OG,3,A,1,1,2.5,FALSE,0,47,NA,NA,NA,NA,Old-Growth,50,NA,FALSE,FALSE,FALSE,0.75,0,166,328,0,0.025,0.025101257727563418
DC-MT3-P40,DC,3,XP222-OG,3,A,2,2,1,FALSE,0,47,NA,NA,NA,NA,Old-Growth,50,NA,FALSE,FALSE,FALSE,0.75,0,166,328,0,0.01,0.01010445534001279
CP-MT5-P31,CP,5,XP222-OG,3,B,4,4,20,FALSE,0,215,NA,NA,NA,NA,Old-Growth,50,NA,FALSE,FALSE,FALSE,0.75,0,166,328,0,0.2,0.20006395224898743
BP-MT4-P19,BP,4,XP222-OG,3,B,2,2,12.5,FALSE,0,47,NA,NA,NA,NA,Old-Growth,50,NA,FALSE,FALSE,FALSE,0.75,0,166,328,0,0.125,0.1250799403112343
BU-MT3-P3,BU,3,XP222-OG,3,B,2,1,0.5,FALSE,0,215,NA,NA,NA,NA,Old-Growth,50,NA,FALSE,FALSE,FALSE,0.75,0,166,328,1,0.005,0.005105521210829247
VB-MT4-P67,VB,4,XP222-OG,3,B,NA,NA,NA,FALSE,1,47,NA,NA,NA,NA,Old-Growth,50,NA,FALSE,FALSE,FALSE,0.75,0,166,328,NA,NA,NA
OP-MT6-P60,OP,6,XP222-OG,3,B,6,3,15,FALSE,0,47,NA,NA,NA,NA,Old-Growth,50,NA,FALSE,FALSE,FALSE,0.75,0,166,328,3,0.15,0.150074610957152
PG-MT4-P14,PG,4,XP222-OG,3,B,0,0,0,FALSE,0,47,NA,NA,NA,NA,Old-Growth,50,NA,FALSE,FALSE,FALSE,0.75,0,166,328,0,0,1.0658708164570453e-4
CH-MT3-P43,CH,3,XP222-OG,3,B,4,1,5,FALSE,0,215,NA,NA,NA,NA,Old-Growth,50,NA,FALSE,FALSE,FALSE,0.75,0,166,328,3,0.05,0.05009592837348113
BG-MT2-P26,BG,2,XP222-OG,3,B,NA,NA,NA,FALSE,1,215,NA,NA,NA,NA,Old-Growth,50,NA,FALSE,FALSE,FALSE,0.75,0,166,328,NA,NA,NA
AE-MT2-P18,AE,2,XP222-OG,3,B,2,2,15,FALSE,0,47,NA,NA,NA,NA,Old-Growth,50,NA,FALSE,FALSE,FALSE,0.75,0,166,328,0,0.15,0.150074610957152
DC-MT5-P61,DC,5,XP222-OG,3,B,NA,NA,NA,FALSE,1,215,NA,NA,NA,NA,Old-Growth,50,NA,FALSE,FALSE,FALSE,0.75,0,166,328,NA,NA,NA
BS-MT5-P19,BS,5,XP222-OG,3,B,1,1,2.5,FALSE,0,215,NA,NA,NA,NA,Old-Growth,50,NA,FALSE,FALSE,FALSE,0.75,0,166,328,0,0.025,0.025101257727563418
EA-MT1-P74,EA,1,XP222-OG,3,B,19,13,5,FALSE,0,123,NA,NA,NA,NA,Old-Growth,50,NA,FALSE,FALSE,FALSE,0.75,0,166,328,6,0.05,0.05009592837348113
PG-MT3-P27,PG,3,XP222-OG,3,C,3,3,5,FALSE,0,47,NA,NA,NA,NA,Old-Growth,50,NA,FALSE,FALSE,FALSE,0.75,0,166,328,0,0.05,0.05009592837348113
DC-MT2-P42,DC,2,XP222-OG,3,C,1,1,25,FALSE,0,47,NA,NA,NA,NA,Old-Growth,50,NA,FALSE,FALSE,FALSE,0.75,0,166,328,0,0.25,0.25005329354082284
BP-MT2-P30,BP,2,XP222-OG,3,C,NA,NA,NA,FALSE,0,47,NA,NA,NA,NA,Old-Growth,50,NA,FALSE,FALSE,FALSE,0.75,0,166,328,NA,NA,NA
BG-MT5-P47,BG,5,XP222-OG,3,C,NA,NA,NA,FALSE,1,215,NA,NA,NA,NA,Old-Growth,50,NA,FALSE,FALSE,FALSE,0.75,0,166,328,NA,NA,NA
VB-MT4-P50,VB,4,XP222-OG,3,C,8,2,2.5,FALSE,0,47,NA,NA,NA,NA,Old-Growth,50,NA,FALSE,FALSE,FALSE,0.75,0,166,328,6,0.025,0.025101257727563418
BS-MT6-P79,BS,6,XP222-OG,3,C,3,2,50,FALSE,0,123,NA,NA,NA,NA,Old-Growth,50,NA,FALSE,FALSE,FALSE,0.75,0,166,328,1,0.5,0.5
EA-MT1-P33,EA,1,XP222-OG,3,C,17,14,2.5,FALSE,0,123,4.92,47.55368775530796,1.225,0.205,Old-Growth,50,NA,FALSE,FALSE,FALSE,0.75,0,166,328,3,0.025,0.025101257727563418
CH-MT4-P95,CH,4,XP222-OG,3,C,NA,NA,NA,FALSE,0,215,NA,NA,NA,NA,Old-Growth,50,NA,FALSE,FALSE,FALSE,0.75,0,166,328,NA,NA,NA
BU-MT5-P48,BU,5,XP222-OG,3,C,3,1,0.5,FALSE,0,215,2.3800000000000003,34.55065733187559,0.598,0.18,Old-Growth,50,NA,FALSE,FALSE,FALSE,0.75,0,166,328,2,0.005,0.005105521210829247
AE-MT3-P15,AE,3,XP222-OG,3,C,6,5,1,FALSE,0,47,NA,NA,NA,NA,Old-Growth,50,NA,FALSE,FALSE,FALSE,0.75,0,166,328,1,0.01,0.01010445534001279
VB-MT4-P37,VB,4,XP222-OG,4,A,2,0,0,FALSE,0,47,NA,NA,NA,NA,Old-Growth,50,NA,FALSE,FALSE,FALSE,0.75,0,166,328,2,0,1.0658708164570453e-4
CH-MT2-P69,CH,2,XP222-OG,4,A,NA,NA,NA,FALSE,1,215,NA,NA,NA,NA,Old-Growth,50,NA,FALSE,FALSE,FALSE,0.75,0,166,328,NA,NA,NA
BS-MT7-P7,BS,7,XP222-OG,4,A,1,1,0.5,FALSE,0,215,NA,NA,NA,NA,Old-Growth,50,NA,FALSE,FALSE,FALSE,0.75,0,166,328,0,0.005,0.005105521210829247
CP-MT1-P27,CP,1,XP222-OG,4,A,3,3,1,FALSE,0,215,NA,NA,NA,NA,Old-Growth,50,NA,FALSE,FALSE,FALSE,0.75,0,166,328,0,0.01,0.01010445534001279
BU-MT5-P53,BU,5,XP222-OG,4,A,7,5,1,FALSE,0,215,NA,NA,NA,NA,Old-Growth,50,NA,FALSE,FALSE,FALSE,0.75,0,166,328,2,0.01,0.01010445534001279
AE-MT5-P57,AE,5,XP222-OG,4,A,7,6,2.5,FALSE,0,47,NA,NA,NA,NA,Old-Growth,50,NA,FALSE,FALSE,FALSE,0.75,0,166,328,1,0.025,0.025101257727563418
EA-MT1-P51,EA,1,XP222-OG,4,A,17,14,2.5,FALSE,0,123,NA,NA,NA,NA,Old-Growth,50,NA,FALSE,FALSE,FALSE,0.75,0,166,328,3,0.025,0.025101257727563418
BG-MT1-P41,BG,1,XP222-OG,4,A,NA,NA,NA,FALSE,1,112,NA,NA,NA,NA,Old-Growth,50,NA,FALSE,FALSE,FALSE,0.75,0,166,328,NA,NA,NA
BG-MT1-P85,BG,1,XP222-OG,4,A,6,2,0.5,FALSE,0,47,NA,NA,NA,NA,Old-Growth,50,NA,FALSE,FALSE,FALSE,0.75,0,166,328,4,0.005,0.005105521210829247
PG-MT3-P28,PG,3,XP222-OG,4,A,3,3,7.5,FALSE,0,47,NA,NA,NA,NA,Old-Growth,50,NA,FALSE,FALSE,FALSE,0.75,0,166,328,0,0.075,0.07509059901939885
BP-MT4-P90,BP,4,XP222-OG,4,A,NA,NA,NA,FALSE,0,47,NA,NA,NA,NA,Old-Growth,50,NA,FALSE,FALSE,FALSE,0.75,0,166,328,NA,NA,NA
DC-MT1-P79,DC,1,XP222-OG,4,A,3,1,0.5,FALSE,0,215,NA,NA,NA,NA,Old-Growth,50,NA,FALSE,FALSE,FALSE,0.75,0,166,328,2,0.005,0.005105521210829247
BG-MT5-P60,BG,5,XP222-OG,4,B,14,6,10,FALSE,0,215,NA,NA,NA,NA,Old-Growth,50,NA,FALSE,FALSE,FALSE,0.75,0,166,328,8,0.1,0.10008526966531657
BU-MT4-P44,BU,4,XP222-OG,4,B,5,1,0.5,FALSE,0,215,NA,NA,NA,NA,Old-Growth,50,NA,FALSE,FALSE,FALSE,0.75,0,166,328,4,0.005,0.005105521210829247
CH-MT4-P92,CH,4,XP222-OG,4,B,NA,NA,NA,FALSE,1,215,NA,NA,NA,NA,Old-Growth,50,NA,FALSE,FALSE,FALSE,0.75,0,166,328,NA,NA,NA
DC-MT4-P75,DC,4,XP222-OG,4,B,NA,NA,NA,FALSE,1,215,NA,NA,NA,NA,Old-Growth,50,NA,FALSE,FALSE,FALSE,0.75,0,166,328,NA,NA,NA
EA-MT2-P25,EA,2,XP222-OG,4,B,25,20,5,FALSE,0,306,NA,NA,NA,NA,Old-Growth,50,NA,FALSE,FALSE,FALSE,0.75,0,166,328,5,0.05,0.05009592837348113
CP-MT5-P26,CP,5,XP222-OG,4,B,4,4,5,FALSE,0,215,NA,NA,NA,NA,Old-Growth,50,NA,FALSE,FALSE,FALSE,0.75,0,166,328,0,0.05,0.05009592837348113
BS-MT6-P1,BS,6,XP222-OG,4,B,4,2,5,FALSE,0,215,NA,NA,NA,NA,Old-Growth,50,NA,FALSE,FALSE,FALSE,0.75,0,166,328,2,0.05,0.05009592837348113
VB-MT4-P18,VB,4,XP222-OG,4,B,4,1,1,FALSE,0,47,NA,NA,NA,NA,Old-Growth,50,NA,FALSE,FALSE,FALSE,0.75,0,166,328,3,0.01,0.01010445534001279
AE-MT1-P47,AE,1,XP222-OG,4,B,7,2,1,FALSE,0,47,NA,NA,NA,NA,Old-Growth,50,NA,FALSE,FALSE,FALSE,0.75,0,166,328,5,0.01,0.01010445534001279
BP-MT1-P21,BP,1,XP222-OG,4,B,3,3,10,FALSE,0,47,NA,NA,NA,NA,Old-Growth,50,NA,FALSE,FALSE,FALSE,0.75,0,166,328,0,0.1,0.10008526966531657
PG-MT4-P25,PG,4,XP222-OG,4,B,3,2,0.5,FALSE,0,47,NA,NA,NA,NA,Old-Growth,50,NA,FALSE,FALSE,FALSE,0.75,0,166,328,1,0.005,0.005105521210829247
AE-MT4-P18,AE,4,XP222-OG,4,C,10,3,5,FALSE,0,47,NA,NA,NA,NA,Old-Growth,50,NA,FALSE,FALSE,FALSE,0.75,0,166,328,7,0.05,0.05009592837348113
DC-MT4-P26,DC,4,XP222-OG,4,C,3,3,1,FALSE,0,215,NA,NA,NA,NA,Old-Growth,50,NA,FALSE,FALSE,FALSE,0.75,0,166,328,0,0.01,0.01010445534001279
VB-MT4-P9,VB,4,XP222-OG,4,C,4,1,2.5,FALSE,0,47,1.8475,22.39305325242631,0.88,0.135,Old-Growth,50,NA,FALSE,FALSE,FALSE,0.75,0,166,328,3,0.025,0.025101257727563418
CP-MT1-P28,CP,1,XP222-OG,4,C,4,3,0.5,FALSE,0,215,NA,NA,NA,NA,Old-Growth,50,NA,FALSE,FALSE,FALSE,0.75,0,166,328,1,0.005,0.005105521210829247
CH-MT5-P26,CH,5,XP222-OG,4,C,NA,NA,NA,FALSE,0,215,NA,NA,NA,NA,Old-Growth,50,NA,FALSE,FALSE,FALSE,0.75,0,166,328,NA,NA,NA
EA-MT3-P12,EA,3,XP222-OG,4,C,14,6,0.5,FALSE,0,306,4.5175,37.7105025385278,1.327,0.503,Old-Growth,50,NA,FALSE,FALSE,FALSE,0.75,0,166,328,8,0.005,0.005105521210829247
BU-MT1-P41,BU,1,XP222-OG,4,C,3,0,0,FALSE,0,306,2.6325,21.66582938372665,0.18,0.228,Old-Growth,50,NA,FALSE,FALSE,FALSE,0.75,0,166,328,3,0,1.0658708164570453e-4
BG-MT3-P80,BG,3,XP222-OG,4,C,20,9,1,FALSE,0,215,1.6800000000000002,25.754116919404094,0.329,0.053,Old-Growth,50,NA,FALSE,FALSE,FALSE,0.75,0,166,328,11,0.01,0.01010445534001279
PG-MT5-P20,PG,5,XP222-OG,4,C,4,3,1,FALSE,0,47,NA,NA,NA,NA,Old-Growth,50,NA,FALSE,FALSE,FALSE,0.75,0,166,328,1,0.01,0.01010445534001279
BS-MT7-P26,BS,7,XP222-OG,4,C,3,3,20,FALSE,0,123,NA,NA,NA,NA,Old-Growth,50,NA,FALSE,FALSE,FALSE,0.75,0,166,328,0,0.2,0.20006395224898743
BP-MT1-P70,BP,1,XP222-OG,4,C,1,1,1,FALSE,0,47,NA,NA,NA,NA,Old-Growth,50,NA,FALSE,FALSE,FALSE,0.75,0,166,328,0,0.01,0.01010445534001279
PA-MT3-P43,PA,3,XP222-OG,4,C,9,7,2.5,FALSE,0,123,1.5074999999999998,25.90756981785131,1.818,0.268,Old-Growth,50,NA,FALSE,FALSE,FALSE,0.75,0,166,328,2,0.025,0.025101257727563418
IS-MT5-P62,IS,5,XP222-OG,5,A,NA,NA,NA,FALSE,0,123,NA,NA,NA,NA,Old-Growth,50,NA,FALSE,FALSE,FALSE,0.75,0,166,328,NA,NA,NA
PG-MT1-P9,PG,1,XP222-OG,5,A,NA,NA,NA,FALSE,0,47,NA,NA,NA,NA,Old-Growth,50,NA,FALSE,FALSE,FALSE,0.75,0,166,328,NA,NA,NA
VB-MT4-P31,VB,4,XP222-OG,5,A,NA,NA,NA,FALSE,0,47,NA,NA,NA,NA,Old-Growth,50,NA,FALSE,FALSE,FALSE,0.75,0,166,328,NA,NA,NA
AE-MT3-P61,AE,3,XP222-OG,5,A,NA,NA,NA,FALSE,0,47,NA,NA,NA,NA,Old-Growth,50,NA,FALSE,FALSE,FALSE,0.75,0,166,328,NA,NA,NA
BG-MT4-P38,BG,4,XP222-OG,5,A,NA,NA,NA,FALSE,0,215,NA,NA,NA,NA,Old-Growth,50,NA,FALSE,FALSE,FALSE,0.75,0,166,328,NA,NA,NA
BP-MT4-P16,BP,4,XP222-OG,5,A,NA,NA,NA,FALSE,0,47,NA,NA,NA,NA,Old-Growth,50,NA,FALSE,FALSE,FALSE,0.75,0,166,328,NA,NA,NA
BU-MT3-P57,BU,3,XP222-OG,5,A,NA,NA,NA,FALSE,0,215,NA,NA,NA,NA,Old-Growth,50,NA,FALSE,FALSE,FALSE,0.75,0,166,328,NA,NA,NA
EA-MT3-P43,EA,3,XP222-OG,5,A,NA,NA,NA,FALSE,0,47,NA,NA,NA,NA,Old-Growth,50,NA,FALSE,FALSE,FALSE,0.75,0,166,328,NA,NA,NA
DC-MT5-P7,DC,5,XP222-OG,5,A,NA,NA,NA,FALSE,0,215,NA,NA,NA,NA,Old-Growth,50,NA,FALSE,FALSE,FALSE,0.75,0,166,328,NA,NA,NA
AE-MT1-P53,AE,1,XP222-OG,5,B,NA,NA,NA,FALSE,0,47,NA,NA,NA,NA,Old-Growth,50,NA,FALSE,FALSE,FALSE,0.75,0,166,328,NA,NA,NA
VB-MT3-P71,VB,3,XP222-OG,5,B,NA,NA,NA,FALSE,0,47,NA,NA,NA,NA,Old-Growth,50,NA,FALSE,FALSE,FALSE,0.75,0,166,328,NA,NA,NA
CH-MT3-P17,CH,3,XP222-OG,5,B,NA,NA,NA,FALSE,0,215,NA,NA,NA,NA,Old-Growth,50,NA,FALSE,FALSE,FALSE,0.75,0,166,328,NA,NA,NA
CP-MT5-P67,CP,5,XP222-OG,5,B,NA,NA,NA,FALSE,0,215,NA,NA,NA,NA,Old-Growth,50,NA,FALSE,FALSE,FALSE,0.75,0,166,328,NA,NA,NA
IS-MT3-P72,IS,3,XP222-OG,5,B,NA,NA,NA,FALSE,0,47,NA,NA,NA,NA,Old-Growth,50,NA,FALSE,FALSE,FALSE,0.75,0,166,328,NA,NA,NA
PG-MT3-P3,PG,3,XP222-OG,5,B,NA,NA,NA,FALSE,0,47,NA,NA,NA,NA,Old-Growth,50,NA,FALSE,FALSE,FALSE,0.75,0,166,328,NA,NA,NA
BG-MT5-P70,BG,5,XP222-OG,5,B,NA,NA,NA,FALSE,0,215,NA,NA,NA,NA,Old-Growth,50,NA,FALSE,FALSE,FALSE,0.75,0,166,328,NA,NA,NA
BP-MT4-P62,BP,4,XP222-OG,5,B,NA,NA,NA,FALSE,0,47,NA,NA,NA,NA,Old-Growth,50,NA,FALSE,FALSE,FALSE,0.75,0,166,328,NA,NA,NA
DC-MT4-P65,DC,4,XP222-OG,5,B,NA,NA,NA,FALSE,0,215,NA,NA,NA,NA,Old-Growth,50,NA,FALSE,FALSE,FALSE,0.75,0,166,328,NA,NA,NA
PG-MT4-P31,PG,4,XP222-OG,5,C,NA,NA,NA,FALSE,1,47,NA,NA,NA,NA,Old-Growth,50,NA,FALSE,FALSE,FALSE,0.75,0,166,328,NA,NA,NA
EA-MT1-P104,EA,1,XP222-OG,5,C,NA,NA,NA,FALSE,0,47,NA,NA,NA,NA,Old-Growth,50,NA,FALSE,FALSE,FALSE,0.75,0,166,328,NA,NA,NA
AE-MT4-P40,AE,4,XP222-OG,5,C,NA,NA,NA,FALSE,0,47,NA,NA,NA,NA,Old-Growth,50,NA,FALSE,FALSE,FALSE,0.75,0,166,328,NA,NA,NA
DC-MT1-P52,DC,1,XP222-OG,5,C,NA,NA,NA,FALSE,0,215,NA,NA,NA,NA,Old-Growth,50,NA,FALSE,FALSE,FALSE,0.75,0,166,328,NA,NA,NA
CH-MT5-P84,CH,5,XP222-OG,5,C,NA,NA,NA,FALSE,0,215,NA,NA,NA,NA,Old-Growth,50,NA,FALSE,FALSE,FALSE,0.75,0,166,328,NA,NA,NA
BP-MT4-P71,BP,4,XP222-OG,5,C,NA,NA,NA,FALSE,0,47,NA,NA,NA,NA,Old-Growth,50,NA,FALSE,FALSE,FALSE,0.75,0,166,328,NA,NA,NA
IS-MT2-P46,IS,2,XP222-OG,5,C,NA,NA,NA,FALSE,0,123,NA,NA,NA,NA,Old-Growth,50,NA,FALSE,FALSE,FALSE,0.75,0,166,328,NA,NA,NA
VB-MT2-P56,VB,2,XP222-OG,5,C,NA,NA,NA,FALSE,1,47,NA,NA,NA,NA,Old-Growth,50,NA,FALSE,FALSE,FALSE,0.75,0,166,328,NA,NA,NA
BG-MT2-P90,BG,2,XP222-OG,5,C,NA,NA,NA,FALSE,0,215,NA,NA,NA,NA,Old-Growth,50,NA,FALSE,FALSE,FALSE,0.75,0,166,328,NA,NA,NA
BS-MT7-P84,BS,7,XP222-OG,5,C,NA,NA,NA,FALSE,NA,NA,NA,NA,NA,NA,Old-Growth,50,NA,FALSE,FALSE,FALSE,0.75,0,166,328,NA,NA,NA
OP-MT9-P3,OP,9,XP224-OG,1,A,NA,NA,NA,FALSE,1,362,NA,NA,NA,NA,Old-Growth,50,NA,FALSE,FALSE,FALSE,0.76,0,102,346,NA,NA,NA
EA-MT1-P6,EA,1,XP224-OG,1,A,15,13,1,FALSE,0,126,NA,NA,NA,NA,Old-Growth,50,NA,FALSE,FALSE,FALSE,0.76,0,102,346,2,0.01,0.01010445534001279
PA-MT6-P83,PA,6,XP224-OG,1,A,27,23,2.5,FALSE,0,320,NA,NA,NA,NA,Old-Growth,50,NA,FALSE,FALSE,FALSE,0.76,0,102,346,4,0.025,0.025101257727563418
BP-MT3-P29,BP,3,XP224-OG,1,A,2,1,17.5,FALSE,0,6,NA,NA,NA,NA,Old-Growth,50,NA,FALSE,FALSE,FALSE,0.76,0,102,346,1,0.175,0.1750692816030697
BS-MT1-P22,BS,1,XP224-OG,1,A,3,3,10,FALSE,0,216,NA,NA,NA,NA,Old-Growth,50,NA,FALSE,FALSE,FALSE,0.76,0,102,346,0,0.1,0.10008526966531657
VB-MT3-P22,VB,3,XP224-OG,1,A,2,2,2.5,FALSE,0,6,NA,NA,NA,NA,Old-Growth,50,NA,FALSE,FALSE,FALSE,0.76,0,102,346,0,0.025,0.025101257727563418
IS-MT3-P39,IS,3,XP224-OG,1,A,3,3,2.5,FALSE,0,362,NA,NA,NA,NA,Old-Growth,50,NA,FALSE,FALSE,FALSE,0.76,0,102,346,0,0.025,0.025101257727563418
PG-MT2-P63,PG,2,XP224-OG,1,A,2,2,0.5,FALSE,0,6,NA,NA,NA,NA,Old-Growth,50,NA,FALSE,FALSE,FALSE,0.76,0,102,346,0,0.005,0.005105521210829247
AE-MT3-P63,AE,3,XP224-OG,1,A,0,0,0,FALSE,0,6,NA,NA,NA,NA,Old-Growth,50,NA,FALSE,FALSE,FALSE,0.76,0,102,346,0,0,1.0658708164570453e-4
BU-MT2-P18,BU,2,XP224-OG,1,A,NA,NA,NA,FALSE,1,216,NA,NA,NA,NA,Old-Growth,50,NA,FALSE,FALSE,FALSE,0.76,0,102,346,NA,NA,NA
CH-MT4-P58,CH,4,XP224-OG,1,A,5,4,1,FALSE,0,216,NA,NA,NA,NA,Old-Growth,50,NA,FALSE,FALSE,FALSE,0.76,0,102,346,1,0.01,0.01010445534001279
CP-MT1-P12,CP,1,XP224-OG,1,A,4,4,0.5,FALSE,0,216,NA,NA,NA,NA,Old-Growth,50,NA,FALSE,FALSE,FALSE,0.76,0,102,346,0,0.005,0.005105521210829247
MC-MT1-P15,MC,1,XP224-OG,1,A,NA,NA,NA,FALSE,1,90,NA,NA,NA,NA,Old-Growth,50,NA,FALSE,FALSE,FALSE,0.76,0,102,346,NA,NA,NA
MC-MT1-P3,MC,1,XP224-OG,1,A,6,5,2.5,FALSE,0,6,NA,NA,NA,NA,Old-Growth,50,NA,FALSE,FALSE,FALSE,0.76,0,102,346,1,0.025,0.025101257727563418
BG-MT1-P48,BG,1,XP224-OG,1,A,NA,NA,NA,FALSE,1,216,NA,NA,NA,NA,Old-Growth,50,NA,FALSE,FALSE,FALSE,0.76,0,102,346,NA,NA,NA
DC-MT5-P33,DC,5,XP224-OG,1,A,NA,NA,NA,FALSE,0,216,NA,NA,NA,NA,Old-Growth,50,NA,FALSE,FALSE,FALSE,0.76,0,102,346,NA,NA,NA
AE-MT5-P69,AE,5,XP224-OG,1,B,3,2,0.5,FALSE,0,6,NA,NA,NA,NA,Old-Growth,50,NA,FALSE,FALSE,FALSE,0.76,0,102,346,1,0.005,0.005105521210829247
IS-MT5-P73,IS,5,XP224-OG,1,B,2,2,10,FALSE,0,362,NA,NA,NA,NA,Old-Growth,50,NA,FALSE,FALSE,FALSE,0.76,0,102,346,0,0.1,0.10008526966531657
BP-MT2-P62,BP,2,XP224-OG,1,B,1,1,50,FALSE,0,6,NA,NA,NA,NA,Old-Growth,50,NA,FALSE,FALSE,FALSE,0.76,0,102,346,0,0.5,0.5
OP-MT2-P16,OP,2,XP224-OG,1,B,NA,NA,NA,FALSE,1,236,NA,NA,NA,NA,Old-Growth,50,NA,FALSE,FALSE,FALSE,0.76,0,102,346,NA,NA,NA
BS-MT7-P54,BS,7,XP224-OG,1,B,4,2,15,FALSE,0,126,NA,NA,NA,NA,Old-Growth,50,NA,FALSE,FALSE,FALSE,0.76,0,102,346,2,0.15,0.150074610957152
PA-MT6-P72,PA,6,XP224-OG,1,B,3,3,1,FALSE,0,126,NA,NA,NA,NA,Old-Growth,50,NA,FALSE,FALSE,FALSE,0.76,0,102,346,0,0.01,0.01010445534001279
EA-MT5-P4,EA,5,XP224-OG,1,B,6,6,0.5,FALSE,0,126,NA,NA,NA,NA,Old-Growth,50,NA,FALSE,FALSE,FALSE,0.76,0,102,346,0,0.005,0.005105521210829247
MC-MT3-P43,MC,3,XP224-OG,1,B,4,3,2.5,FALSE,0,216,NA,NA,NA,NA,Old-Growth,50,NA,FALSE,FALSE,FALSE,0.76,0,102,346,1,0.025,0.025101257727563418
CH-MT2-P51,CH,2,XP224-OG,1,B,NA,NA,NA,FALSE,1,90,NA,NA,NA,NA,Old-Growth,50,NA,FALSE,FALSE,FALSE,0.76,0,102,346,NA,NA,NA
CH-MT4-P18,CH,4,XP224-OG,1,B,0,0,0,FALSE,0,6,NA,NA,NA,NA,Old-Growth,50,NA,FALSE,FALSE,FALSE,0.76,0,102,346,0,0,1.0658708164570453e-4
CP-MT4-P12,CP,4,XP224-OG,1,B,2,1,0.5,FALSE,0,320,NA,NA,NA,NA,Old-Growth,50,NA,FALSE,FALSE,FALSE,0.76,0,102,346,1,0.005,0.005105521210829247
BU-MT1-P19,BU,1,XP224-OG,1,B,0,0,0,FALSE,0,320,NA,NA,NA,NA,Old-Growth,50,NA,FALSE,FALSE,FALSE,0.76,0,102,346,0,0,1.0658708164570453e-4
PG-MT1-P50,PG,1,XP224-OG,1,B,1,0,0,FALSE,0,6,NA,NA,NA,NA,Old-Growth,50,NA,FALSE,FALSE,FALSE,0.76,0,102,346,1,0,1.0658708164570453e-4
VB-MT1-P39,VB,1,XP224-OG,1,B,7,5,5,FALSE,0,216,NA,NA,NA,NA,Old-Growth,50,NA,FALSE,FALSE,FALSE,0.76,0,102,346,2,0.05,0.05009592837348113
BG-MT2-P32,BG,2,XP224-OG,1,B,NA,NA,NA,FALSE,1,216,NA,NA,NA,NA,Old-Growth,50,NA,FALSE,FALSE,FALSE,0.76,0,102,346,NA,NA,NA
DC-MT2-P27,DC,2,XP224-OG,1,B,3,3,1,FALSE,0,216,NA,NA,NA,NA,Old-Growth,50,NA,FALSE,FALSE,FALSE,0.76,0,102,346,0,0.01,0.01010445534001279
DC-MT4-P56,DC,4,XP224-OG,1,C,4,3,2.5,FALSE,0,216,NA,NA,NA,NA,Old-Growth,50,NA,FALSE,FALSE,FALSE,0.76,0,102,346,1,0.025,0.025101257727563418
CP-MT3-P2,CP,3,XP224-OG,1,C,3,2,0.5,FALSE,0,320,NA,NA,NA,NA,Old-Growth,50,NA,FALSE,FALSE,FALSE,0.76,0,102,346,1,0.005,0.005105521210829247
OP-MT6-P56,OP,6,XP224-OG,1,C,NA,NA,NA,FALSE,1,320,NA,NA,NA,NA,Old-Growth,50,NA,FALSE,FALSE,FALSE,0.76,0,102,346,NA,NA,NA
BG-MT1-P60,BG,1,XP224-OG,1,C,13,5,0.5,FALSE,0,216,NA,NA,NA,NA,Old-Growth,50,NA,FALSE,FALSE,FALSE,0.76,0,102,346,8,0.005,0.005105521210829247
CH-MT5-P23,CH,5,XP224-OG,1,C,2,2,40,FALSE,0,216,NA,NA,NA,NA,Old-Growth,50,NA,FALSE,FALSE,FALSE,0.76,0,102,346,0,0.4,0.4000213174163291
MC-MT3-P14,MC,3,XP224-OG,1,C,4,3,5,FALSE,0,216,NA,NA,NA,NA,Old-Growth,50,NA,FALSE,FALSE,FALSE,0.76,0,102,346,1,0.05,0.05009592837348113
EA-MT1-P41,EA,1,XP224-OG,1,C,12,9,5,FALSE,0,126,NA,NA,NA,NA,Old-Growth,50,NA,FALSE,FALSE,FALSE,0.76,0,102,346,3,0.05,0.05009592837348113
IS-MT3-P27,IS,3,XP224-OG,1,C,9,4,0.5,FALSE,0,126,NA,NA,NA,NA,Old-Growth,50,NA,FALSE,FALSE,FALSE,0.76,0,102,346,5,0.005,0.005105521210829247
BU-MT4-P58,BU,4,XP224-OG,1,C,2,0,0,FALSE,0,216,NA,NA,NA,NA,Old-Growth,50,NA,FALSE,FALSE,FALSE,0.76,0,102,346,2,0,1.0658708164570453e-4
VB-MT3-P7,VB,3,XP224-OG,1,C,3,3,1,FALSE,0,6,NA,NA,NA,NA,Old-Growth,50,NA,FALSE,FALSE,FALSE,0.76,0,102,346,0,0.01,0.01010445534001279
AE-MT1-P30,AE,1,XP224-OG,1,C,9,4,2.5,FALSE,0,6,NA,NA,NA,NA,Old-Growth,50,NA,FALSE,FALSE,FALSE,0.76,0,102,346,5,0.025,0.025101257727563418
BP-MT2-P19,BP,2,XP224-OG,1,C,1,1,0.5,FALSE,0,6,NA,NA,NA,NA,Old-Growth,50,NA,FALSE,FALSE,FALSE,0.76,0,102,346,0,0.005,0.005105521210829247
PG-MT4-P49,PG,4,XP224-OG,1,C,3,2,15,FALSE,0,6,NA,NA,NA,NA,Old-Growth,50,NA,FALSE,FALSE,FALSE,0.76,0,102,346,1,0.15,0.150074610957152
BS-MT6-P67,BS,6,XP224-OG,1,C,3,2,30,FALSE,0,126,NA,NA,NA,NA,Old-Growth,50,NA,FALSE,FALSE,FALSE,0.76,0,102,346,1,0.3,0.3000426348326583
BP-MT2-P26,BP,2,XP224-OG,2,A,2,3,10,TRUE,0,6,NA,NA,NA,NA,Old-Growth,50,NA,FALSE,FALSE,FALSE,0.76,0,102,346,0,0.1,0.10008526966531657
IS-MT3-P74,IS,3,XP224-OG,2,A,NA,NA,NA,FALSE,1,362,NA,NA,NA,NA,Old-Growth,50,NA,FALSE,FALSE,FALSE,0.76,0,102,346,NA,NA,NA
BS-MT5-P64,BS,5,XP224-OG,2,A,4,1,1,FALSE,0,126,NA,NA,NA,NA,Old-Growth,50,NA,FALSE,FALSE,FALSE,0.76,0,102,346,3,0.01,0.01010445534001279
CP-MT2-P10,CP,2,XP224-OG,2,A,4,4,0.5,FALSE,0,320,NA,NA,NA,NA,Old-Growth,50,NA,FALSE,FALSE,FALSE,0.76,0,102,346,0,0.005,0.005105521210829247
PA-MT3-P23,PA,3,XP224-OG,2,A,12,12,5,FALSE,0,362,NA,NA,NA,NA,Old-Growth,50,NA,FALSE,FALSE,FALSE,0.76,0,102,346,0,0.05,0.05009592837348113
OP-MT9-P22,OP,9,XP224-OG,2,A,NA,NA,NA,FALSE,1,236,NA,NA,NA,NA,Old-Growth,50,NA,FALSE,FALSE,FALSE,0.76,0,102,346,NA,NA,NA
CH-MT3-P51,CH,3,XP224-OG,2,A,NA,NA,NA,FALSE,1,216,NA,NA,NA,NA,Old-Growth,50,NA,FALSE,FALSE,FALSE,0.76,0,102,346,NA,NA,NA
EA-MT4-P18,EA,4,XP224-OG,2,A,13,7,1,FALSE,0,320,NA,NA,NA,NA,Old-Growth,50,NA,FALSE,FALSE,FALSE,0.76,0,102,346,6,0.01,0.01010445534001279
BU-MT2-P34,BU,2,XP224-OG,2,A,NA,NA,NA,FALSE,1,90,NA,NA,NA,NA,Old-Growth,50,NA,FALSE,FALSE,FALSE,0.76,0,102,346,NA,NA,NA
BU-MT2-P59,BU,2,XP224-OG,2,A,0,0,0,FALSE,0,6,NA,NA,NA,NA,Old-Growth,50,NA,FALSE,FALSE,FALSE,0.76,0,102,346,0,0,1.0658708164570453e-4
VB-MT4-P58,VB,4,XP224-OG,2,A,3,3,10,FALSE,0,6,NA,NA,NA,NA,Old-Growth,50,NA,FALSE,FALSE,FALSE,0.76,0,102,346,0,0.1,0.10008526966531657
AE-MT1-P39,AE,1,XP224-OG,2,A,2,1,5,FALSE,0,6,NA,NA,NA,NA,Old-Growth,50,NA,FALSE,FALSE,FALSE,0.76,0,102,346,1,0.05,0.05009592837348113
PG-MT1-P3,PG,1,XP224-OG,2,A,1,0,0,FALSE,0,6,NA,NA,NA,NA,Old-Growth,50,NA,FALSE,FALSE,FALSE,0.76,0,102,346,1,0,1.0658708164570453e-4
BG-MT3-P18,BG,3,XP224-OG,2,A,13,6,0.5,FALSE,0,216,NA,NA,NA,NA,Old-Growth,50,NA,FALSE,FALSE,FALSE,0.76,0,102,346,7,0.005,0.005105521210829247
DC-MT1-P77,DC,1,XP224-OG,2,A,2,2,1,FALSE,0,216,NA,NA,NA,NA,Old-Growth,50,NA,FALSE,FALSE,FALSE,0.76,0,102,346,0,0.01,0.01010445534001279
BP-MT4-P35,BP,4,XP224-OG,2,B,0,0,0,FALSE,0,6,NA,NA,NA,NA,Old-Growth,50,NA,FALSE,FALSE,FALSE,0.76,0,102,346,0,0,1.0658708164570453e-4
MC-MT1-P75,MC,1,XP224-OG,2,B,NA,NA,NA,FALSE,1,216,NA,NA,NA,NA,Old-Growth,50,NA,FALSE,FALSE,FALSE,0.76,0,102,346,NA,NA,NA
CH-MT1-P17,CH,1,XP224-OG,2,B,NA,NA,NA,FALSE,1,104,NA,NA,NA,NA,Old-Growth,50,NA,FALSE,FALSE,FALSE,0.76,0,102,346,NA,NA,NA
CH-MT2-P50,CH,2,XP224-OG,2,B,3,3,1,FALSE,0,6,NA,NA,NA,NA,Old-Growth,50,NA,FALSE,FALSE,FALSE,0.76,0,102,346,0,0.01,0.01010445534001279
VB-MT1-P19,VB,1,XP224-OG,2,B,12,3,1,FALSE,0,216,NA,NA,NA,NA,Old-Growth,50,NA,FALSE,FALSE,FALSE,0.76,0,102,346,9,0.01,0.01010445534001279
BG-MT2-P30,BG,2,XP224-OG,2,B,NA,NA,NA,FALSE,1,216,NA,NA,NA,NA,Old-Growth,50,NA,FALSE,FALSE,FALSE,0.76,0,102,346,NA,NA,NA
OP-MT6-P53,OP,6,XP224-OG,2,B,NA,NA,NA,FALSE,1,104,NA,NA,NA,NA,Old-Growth,50,NA,FALSE,FALSE,FALSE,0.76,0,102,346,NA,NA,NA
OP-MT9-P63,OP,9,XP224-OG,2,B,NA,NA,NA,FALSE,1,126,NA,NA,NA,NA,Old-Growth,50,NA,FALSE,FALSE,FALSE,0.76,0,102,346,NA,NA,NA
BU-MT1-P16,BU,1,XP224-OG,2,B,NA,NA,NA,FALSE,1,320,NA,NA,NA,NA,Old-Growth,50,NA,FALSE,FALSE,FALSE,0.76,0,102,346,NA,NA,NA
EA-MT3-P4,EA,3,XP224-OG,2,B,14,12,0.5,FALSE,0,320,NA,NA,NA,NA,Old-Growth,50,NA,FALSE,FALSE,FALSE,0.76,0,102,346,2,0.005,0.005105521210829247
CP-MT1-P47,CP,1,XP224-OG,2,B,0,0,0,FALSE,1,216,NA,NA,NA,NA,Old-Growth,50,NA,FALSE,FALSE,FALSE,0.76,0,102,346,0,0,1.0658708164570453e-4
BS-MT6-P81,BS,6,XP224-OG,2,B,1,0,0,FALSE,NA,NA,NA,NA,NA,NA,Old-Growth,50,NA,FALSE,FALSE,FALSE,0.76,0,102,346,1,0,1.0658708164570453e-4
IS-MT2-P10,IS,2,XP224-OG,2,B,NA,NA,NA,FALSE,1,362,NA,NA,NA,NA,Old-Growth,50,NA,FALSE,FALSE,FALSE,0.76,0,102,346,NA,NA,NA
AE-MT1-P63,AE,1,XP224-OG,2,B,5,4,0.5,FALSE,0,6,NA,NA,NA,NA,Old-Growth,50,NA,FALSE,FALSE,FALSE,0.76,0,102,346,1,0.005,0.005105521210829247
PG-MT4-P9,PG,4,XP224-OG,2,B,3,0,0,FALSE,0,6,NA,NA,NA,NA,Old-Growth,50,NA,FALSE,FALSE,FALSE,0.76,0,102,346,3,0,1.0658708164570453e-4
DC-MT5-P59,DC,5,XP224-OG,2,B,NA,NA,NA,FALSE,1,90,NA,NA,NA,NA,Old-Growth,50,NA,FALSE,FALSE,FALSE,0.76,0,102,346,NA,NA,NA
BG-MT1-P21,BG,1,XP224-OG,2,C,0,0,0,FALSE,1,216,NA,NA,NA,NA,Old-Growth,50,NA,FALSE,FALSE,FALSE,0.76,0,102,346,0,0,1.0658708164570453e-4
CP-MT4-P24,CP,4,XP224-OG,2,C,1,1,5,FALSE,0,320,NA,NA,NA,NA,Old-Growth,50,NA,FALSE,FALSE,FALSE,0.76,0,102,346,0,0.05,0.05009592837348113
PA-MT3-P75,PA,3,XP224-OG,2,C,3,3,30,FALSE,0,6,NA,NA,NA,NA,Old-Growth,50,NA,FALSE,FALSE,FALSE,0.76,0,102,346,0,0.3,0.3000426348326583
BU-MT5-P34,BU,5,XP224-OG,2,C,4,0,0,FALSE,0,216,NA,NA,NA,NA,Old-Growth,50,NA,FALSE,FALSE,FALSE,0.76,0,102,346,4,0,1.0658708164570453e-4
OP-MT7-P48,OP,7,XP224-OG,2,C,NA,NA,NA,FALSE,1,194,NA,NA,NA,NA,Old-Growth,50,NA,FALSE,FALSE,FALSE,0.76,0,102,346,NA,NA,NA
OP-MT6-P58,OP,6,XP224-OG,2,C,1,0,0,FALSE,0,6,NA,NA,NA,NA,Old-Growth,50,NA,FALSE,FALSE,FALSE,0.76,0,102,346,1,0,1.0658708164570453e-4
BS-MT5-P1,BS,5,XP224-OG,2,C,NA,NA,NA,FALSE,1,216,NA,NA,NA,NA,Old-Growth,50,NA,FALSE,FALSE,FALSE,0.76,0,102,346,NA,NA,NA
IS-MT2-P27,IS,2,XP224-OG,2,C,2,2,10,FALSE,0,320,NA,NA,NA,NA,Old-Growth,50,NA,FALSE,FALSE,FALSE,0.76,0,102,346,0,0.1,0.10008526966531657
BP-MT1-P30,BP,1,XP224-OG,2,C,1,0,0,FALSE,0,6,NA,NA,NA,NA,Old-Growth,50,NA,FALSE,FALSE,FALSE,0.76,0,102,346,1,0,1.0658708164570453e-4
CH-MT4-P82,CH,4,XP224-OG,2,C,4,3,1,FALSE,0,216,NA,NA,NA,NA,Old-Growth,50,NA,FALSE,FALSE,FALSE,0.76,0,102,346,1,0.01,0.01010445534001279
EA-MT1-P9,EA,1,XP224-OG,2,C,4,4,0.5,FALSE,0,126,NA,NA,NA,NA,Old-Growth,50,NA,FALSE,FALSE,FALSE,0.76,0,102,346,0,0.005,0.005105521210829247
AE-MT2-P16,AE,2,XP224-OG,2,C,2,1,0.5,FALSE,0,6,NA,NA,NA,NA,Old-Growth,50,NA,FALSE,FALSE,FALSE,0.76,0,102,346,1,0.005,0.005105521210829247
DC-MT5-P82,DC,5,XP224-OG,2,C,0,0,0,FALSE,0,6,NA,NA,NA,NA,Old-Growth,50,NA,FALSE,FALSE,FALSE,0.76,0,102,346,0,0,1.0658708164570453e-4
VB-MT5-P46,VB,5,XP224-OG,2,C,2,2,0.5,FALSE,0,6,NA,NA,NA,NA,Old-Growth,50,NA,FALSE,FALSE,FALSE,0.76,0,102,346,0,0.005,0.005105521210829247
PG-MT5-P60,PG,5,XP224-OG,2,C,2,2,0.5,FALSE,0,6,NA,NA,NA,NA,Old-Growth,50,NA,FALSE,FALSE,FALSE,0.76,0,102,346,0,0.005,0.005105521210829247
MC-MT3-P23,MC,3,XP224-OG,3,A,3,3,1,FALSE,0,216,NA,NA,NA,NA,Old-Growth,50,NA,FALSE,FALSE,FALSE,0.76,0,102,346,0,0.01,0.01010445534001279
EA-MT5-P9,EA,5,XP224-OG,3,A,21,8,0.5,FALSE,0,126,NA,NA,NA,NA,Old-Growth,50,NA,FALSE,FALSE,FALSE,0.76,0,102,346,13,0.005,0.005105521210829247
CP-MT5-P64,CP,5,XP224-OG,3,A,4,4,1,FALSE,0,216,NA,NA,NA,NA,Old-Growth,50,NA,FALSE,FALSE,FALSE,0.76,0,102,346,0,0.01,0.01010445534001279
AE-MT5-P45,AE,5,XP224-OG,3,A,4,1,1,FALSE,0,6,NA,NA,NA,NA,Old-Growth,50,NA,FALSE,FALSE,FALSE,0.76,0,102,346,3,0.01,0.01010445534001279
PA-MT6-P63,PA,6,XP224-OG,3,A,27,23,10,FALSE,0,320,NA,NA,NA,NA,Old-Growth,50,NA,FALSE,FALSE,FALSE,0.76,0,102,346,4,0.1,0.10008526966531657
PG-MT3-P8,PG,3,XP224-OG,3,A,6,0,0,FALSE,0,6,NA,NA,NA,NA,Old-Growth,50,NA,FALSE,FALSE,FALSE,0.76,0,102,346,6,0,1.0658708164570453e-4
OP-MT2-P54,OP,2,XP224-OG,3,A,NA,NA,NA,FALSE,0,362,NA,NA,NA,NA,Old-Growth,50,NA,FALSE,FALSE,FALSE,0.76,0,102,346,NA,NA,NA
VB-MT2-P5,VB,2,XP224-OG,3,A,3,1,0.5,FALSE,1,6,NA,NA,NA,NA,Old-Growth,50,NA,FALSE,FALSE,FALSE,0.76,0,102,346,2,0.005,0.005105521210829247
CH-MT3-P8,CH,3,XP224-OG,3,A,4,3,5,FALSE,0,216,NA,NA,NA,NA,Old-Growth,50,NA,FALSE,FALSE,FALSE,0.76,0,102,346,1,0.05,0.05009592837348113
BG-MT5-P65,BG,5,XP224-OG,3,A,21,15,2.5,FALSE,0,216,NA,NA,NA,NA,Old-Growth,50,NA,FALSE,FALSE,FALSE,0.76,0,102,346,6,0.025,0.025101257727563418
IS-MT4-P3,IS,4,XP224-OG,3,A,4,3,10,FALSE,0,320,NA,NA,NA,NA,Old-Growth,50,NA,FALSE,FALSE,FALSE,0.76,0,102,346,1,0.1,0.10008526966531657
BS-MT7-P10,BS,7,XP224-OG,3,A,2,2,20,FALSE,0,216,NA,NA,NA,NA,Old-Growth,50,NA,FALSE,FALSE,FALSE,0.76,0,102,346,0,0.2,0.20006395224898743
DC-MT5-P35,DC,5,XP224-OG,3,A,1,1,1,FALSE,0,6,NA,NA,NA,NA,Old-Growth,50,NA,FALSE,FALSE,FALSE,0.76,0,102,346,0,0.01,0.01010445534001279
BU-MT4-P11,BU,4,XP224-OG,3,A,1,1,1,FALSE,0,216,NA,NA,NA,NA,Old-Growth,50,NA,FALSE,FALSE,FALSE,0.76,0,102,346,0,0.01,0.01010445534001279
BP-MT4-P94,BP,4,XP224-OG,3,A,0,0,0,FALSE,0,6,NA,NA,NA,NA,Old-Growth,50,NA,FALSE,FALSE,FALSE,0.76,0,102,346,0,0,1.0658708164570453e-4
PA-MT7-P49,PA,7,XP224-OG,3,B,9,5,2.5,FALSE,0,216,NA,NA,NA,NA,Old-Growth,50,NA,FALSE,FALSE,FALSE,0.76,0,102,346,4,0.025,0.025101257727563418
BG-MT3-P62,BG,3,XP224-OG,3,B,1,0,0,FALSE,0,216,NA,NA,NA,NA,Old-Growth,50,NA,FALSE,FALSE,FALSE,0.76,0,102,346,1,0,1.0658708164570453e-4
BS-MT7-P32,BS,7,XP224-OG,3,B,4,3,25,FALSE,0,126,NA,NA,NA,NA,Old-Growth,50,NA,FALSE,FALSE,FALSE,0.76,0,102,346,1,0.25,0.25005329354082284
MC-MT1-P11,MC,1,XP224-OG,3,B,6,6,25,FALSE,0,216,NA,NA,NA,NA,Old-Growth,50,NA,FALSE,FALSE,FALSE,0.76,0,102,346,0,0.25,0.25005329354082284
AE-MT3-P29,AE,3,XP224-OG,3,B,8,3,5,FALSE,0,6,NA,NA,NA,NA,Old-Growth,50,NA,FALSE,FALSE,FALSE,0.76,0,102,346,5,0.05,0.05009592837348113
BU-MT3-P62,BU,3,XP224-OG,3,B,6,1,0.5,FALSE,0,216,NA,NA,NA,NA,Old-Growth,50,NA,FALSE,FALSE,FALSE,0.76,0,102,346,5,0.005,0.005105521210829247
PG-MT2-P38,PG,2,XP224-OG,3,B,5,2,10,FALSE,0,6,NA,NA,NA,NA,Old-Growth,50,NA,FALSE,FALSE,FALSE,0.76,0,102,346,3,0.1,0.10008526966531657
BP-MT3-P50,BP,3,XP224-OG,3,B,0,0,0,FALSE,0,6,NA,NA,NA,NA,Old-Growth,50,NA,FALSE,FALSE,FALSE,0.76,0,102,346,0,0,1.0658708164570453e-4
IS-MT4-P35,IS,4,XP224-OG,3,B,NA,NA,NA,FALSE,1,320,NA,NA,NA,NA,Old-Growth,50,NA,FALSE,FALSE,FALSE,0.76,0,102,346,NA,NA,NA
DC-MT3-P33,DC,3,XP224-OG,3,B,1,1,1,FALSE,0,216,NA,NA,NA,NA,Old-Growth,50,NA,FALSE,FALSE,FALSE,0.76,0,102,346,0,0.01,0.01010445534001279
EA-MT5-P88,EA,5,XP224-OG,3,B,8,6,15,FALSE,0,6,NA,NA,NA,NA,Old-Growth,50,NA,FALSE,FALSE,FALSE,0.76,0,102,346,2,0.15,0.150074610957152
CH-MT2-P20,CH,2,XP224-OG,3,B,0,0,0,FALSE,1,216,NA,NA,NA,NA,Old-Growth,50,NA,FALSE,FALSE,FALSE,0.76,0,102,346,0,0,1.0658708164570453e-4
CP-MT5-P11,CP,5,XP224-OG,3,B,2,2,0.5,FALSE,0,216,NA,NA,NA,NA,Old-Growth,50,NA,FALSE,FALSE,FALSE,0.76,0,102,346,0,0.005,0.005105521210829247
VB-MT5-P60,VB,5,XP224-OG,3,B,3,1,0.5,FALSE,0,6,NA,NA,NA,NA,Old-Growth,50,NA,FALSE,FALSE,FALSE,0.76,0,102,346,2,0.005,0.005105521210829247
BP-MT5-P26,BP,5,XP224-OG,3,C,2,2,2.5,FALSE,0,6,NA,NA,NA,NA,Old-Growth,50,NA,FALSE,FALSE,FALSE,0.76,0,102,346,0,0.025,0.025101257727563418
MC-MT2-P68,MC,2,XP224-OG,3,C,8,7,5,FALSE,0,216,NA,NA,NA,NA,Old-Growth,50,NA,FALSE,FALSE,FALSE,0.76,0,102,346,1,0.05,0.05009592837348113
EA-MT2-P63,EA,2,XP224-OG,3,C,7,7,2.5,FALSE,NA,NA,NA,NA,NA,NA,Old-Growth,50,NA,FALSE,FALSE,FALSE,0.76,0,102,346,0,0.025,0.025101257727563418
AE-MT5-P23,AE,5,XP224-OG,3,C,3,1,0.5,FALSE,0,6,NA,NA,NA,NA,Old-Growth,50,NA,FALSE,FALSE,FALSE,0.76,0,102,346,2,0.005,0.005105521210829247
IS-MT2-P5,IS,2,XP224-OG,3,C,2,2,17.5,FALSE,0,126,NA,NA,NA,NA,Old-Growth,50,NA,FALSE,FALSE,FALSE,0.76,0,102,346,0,0.175,0.1750692816030697
CP-MT2-P59,CP,2,XP224-OG,3,C,NA,NA,NA,FALSE,1,194,NA,NA,NA,NA,Old-Growth,50,NA,FALSE,FALSE,FALSE,0.76,0,102,346,NA,NA,NA
CP-MT5-P74,CP,5,XP224-OG,3,C,3,3,0.5,FALSE,0,6,NA,NA,NA,NA,Old-Growth,50,NA,FALSE,FALSE,FALSE,0.76,0,102,346,0,0.005,0.005105521210829247
BU-MT2-P60,BU,2,XP224-OG,3,C,0,0,0,FALSE,1,216,NA,NA,NA,NA,Old-Growth,50,NA,FALSE,FALSE,FALSE,0.76,0,102,346,0,0,1.0658708164570453e-4
CH-MT1-P42,CH,1,XP224-OG,3,C,NA,NA,NA,FALSE,1,194,NA,NA,NA,NA,Old-Growth,50,NA,FALSE,FALSE,FALSE,0.76,0,102,346,NA,NA,NA
CH-MT3-P50,CH,3,XP224-OG,3,C,0,0,0,FALSE,0,6,NA,NA,NA,NA,Old-Growth,50,NA,FALSE,FALSE,FALSE,0.76,0,102,346,0,0,1.0658708164570453e-4
PA-MT7-P16,PA,7,XP224-OG,3,C,6,6,10,FALSE,0,216,NA,NA,NA,NA,Old-Growth,50,NA,FALSE,FALSE,FALSE,0.76,0,102,346,0,0.1,0.10008526966531657
BS-MT5-P50,BS,5,XP224-OG,3,C,1,1,50,FALSE,0,126,NA,NA,NA,NA,Old-Growth,50,NA,FALSE,FALSE,FALSE,0.76,0,102,346,0,0.5,0.5
BG-MT3-P9,BG,3,XP224-OG,3,C,NA,NA,NA,FALSE,1,216,NA,NA,NA,NA,Old-Growth,50,NA,FALSE,FALSE,FALSE,0.76,0,102,346,NA,NA,NA
PG-MT5-P27,PG,5,XP224-OG,3,C,2,0,0,FALSE,0,6,NA,NA,NA,NA,Old-Growth,50,NA,FALSE,FALSE,FALSE,0.76,0,102,346,2,0,1.0658708164570453e-4
VB-MT3-P27,VB,3,XP224-OG,3,C,7,7,5,FALSE,0,6,NA,NA,NA,NA,Old-Growth,50,NA,FALSE,FALSE,FALSE,0.76,0,102,346,0,0.05,0.05009592837348113
BS-MT6-P20,BS,6,XP224-OG,4,A,4,2,50,FALSE,0,216,NA,NA,NA,NA,Old-Growth,50,NA,FALSE,FALSE,FALSE,0.76,0,102,346,2,0.5,0.5
MC-MT2-P16,MC,2,XP224-OG,4,A,3,2,5,FALSE,0,216,NA,NA,NA,NA,Old-Growth,50,NA,FALSE,FALSE,FALSE,0.76,0,102,346,1,0.05,0.05009592837348113
BU-MT3-P71,BU,3,XP224-OG,4,A,4,0,0,FALSE,0,216,NA,NA,NA,NA,Old-Growth,50,NA,FALSE,FALSE,FALSE,0.76,0,102,346,4,0,1.0658708164570453e-4
CP-MT3-P26,CP,3,XP224-OG,4,A,5,5,7.5,FALSE,0,320,NA,NA,NA,NA,Old-Growth,50,NA,FALSE,FALSE,FALSE,0.76,0,102,346,0,0.075,0.07509059901939885
IS-MT2-P44,IS,2,XP224-OG,4,A,3,2,15,FALSE,0,362,NA,NA,NA,NA,Old-Growth,50,NA,FALSE,FALSE,FALSE,0.76,0,102,346,1,0.15,0.150074610957152
OP-MT8-P24,OP,8,XP224-OG,4,A,NA,NA,NA,FALSE,1,320,NA,NA,NA,NA,Old-Growth,50,NA,FALSE,FALSE,FALSE,0.76,0,102,346,NA,NA,NA
PA-MT3-P14,PA,3,XP224-OG,4,A,9,6,2.5,FALSE,0,362,NA,NA,NA,NA,Old-Growth,50,NA,FALSE,FALSE,FALSE,0.76,0,102,346,3,0.025,0.025101257727563418
EA-MT1-P28,EA,1,XP224-OG,4,A,8,5,1,FALSE,0,126,NA,NA,NA,NA,Old-Growth,50,NA,FALSE,FALSE,FALSE,0.76,0,102,346,3,0.01,0.01010445534001279
BP-MT4-P74,BP,4,XP224-OG,4,A,1,1,20,FALSE,0,6,NA,NA,NA,NA,Old-Growth,50,NA,FALSE,FALSE,FALSE,0.76,0,102,346,0,0.2,0.20006395224898743
CH-MT4-P32,CH,4,XP224-OG,4,A,3,2,1,FALSE,0,216,NA,NA,NA,NA,Old-Growth,50,NA,FALSE,FALSE,FALSE,0.76,0,102,346,1,0.01,0.01010445534001279
DC-MT1-P6,DC,1,XP224-OG,4,A,NA,NA,NA,FALSE,1,90,NA,NA,NA,NA,Old-Growth,50,NA,FALSE,FALSE,FALSE,0.76,0,102,346,NA,NA,NA
VB-MT4-P51,VB,4,XP224-OG,4,A,5,3,1,FALSE,0,6,NA,NA,NA,NA,Old-Growth,50,NA,FALSE,FALSE,FALSE,0.76,0,102,346,2,0.01,0.01010445534001279
BG-MT4-P17,BG,4,XP224-OG,4,A,13,3,0.5,FALSE,0,216,NA,NA,NA,NA,Old-Growth,50,NA,FALSE,FALSE,FALSE,0.76,0,102,346,10,0.005,0.005105521210829247
AE-MT5-P55,AE,5,XP224-OG,4,A,4,1,0.5,FALSE,0,6,NA,NA,NA,NA,Old-Growth,50,NA,FALSE,FALSE,FALSE,0.76,0,102,346,3,0.005,0.005105521210829247
PG-MT5-P53,PG,5,XP224-OG,4,A,2,1,0.5,FALSE,0,6,NA,NA,NA,NA,Old-Growth,50,NA,FALSE,FALSE,FALSE,0.76,0,102,346,1,0.005,0.005105521210829247
IS-MT5-P8,IS,5,XP224-OG,4,B,1,1,2.5,FALSE,0,362,NA,NA,NA,NA,Old-Growth,50,NA,FALSE,FALSE,FALSE,0.76,0,102,346,0,0.025,0.025101257727563418
EA-MT2-P21,EA,2,XP224-OG,4,B,15,9,0.5,FALSE,0,320,NA,NA,NA,NA,Old-Growth,50,NA,FALSE,FALSE,FALSE,0.76,0,102,346,6,0.005,0.005105521210829247
CP-MT5-P40,CP,5,XP224-OG,4,B,5,4,1,FALSE,0,216,NA,NA,NA,NA,Old-Growth,50,NA,FALSE,FALSE,FALSE,0.76,0,102,346,1,0.01,0.01010445534001279
OP-MT7-P37,OP,7,XP224-OG,4,B,NA,NA,NA,FALSE,1,194,NA,NA,NA,NA,Old-Growth,50,NA,FALSE,FALSE,FALSE,0.76,0,102,346,NA,NA,NA
OP-MT6-P49,OP,6,XP224-OG,4,B,4,3,0.5,FALSE,0,6,NA,NA,NA,NA,Old-Growth,50,NA,FALSE,FALSE,FALSE,0.76,0,102,346,1,0.005,0.005105521210829247
CH-MT5-P55,CH,5,XP224-OG,4,B,NA,NA,NA,FALSE,0,216,NA,NA,NA,NA,Old-Growth,50,NA,FALSE,FALSE,FALSE,0.76,0,102,346,NA,NA,NA
DC-MT3-P9,DC,3,XP224-OG,4,B,1,1,0.5,FALSE,0,216,NA,NA,NA,NA,Old-Growth,50,NA,FALSE,FALSE,FALSE,0.76,0,102,346,0,0.005,0.005105521210829247
PG-MT2-P51,PG,2,XP224-OG,4,B,2,1,2.5,FALSE,0,6,NA,NA,NA,NA,Old-Growth,50,NA,FALSE,FALSE,FALSE,0.76,0,102,346,1,0.025,0.025101257727563418
BG-MT4-P72,BG,4,XP224-OG,4,B,NA,NA,NA,FALSE,1,216,NA,NA,NA,NA,Old-Growth,50,NA,FALSE,FALSE,FALSE,0.76,0,102,346,NA,NA,NA
BS-MT6-P19,BS,6,XP224-OG,4,B,3,2,40,FALSE,0,216,NA,NA,NA,NA,Old-Growth,50,NA,FALSE,FALSE,FALSE,0.76,0,102,346,1,0.4,0.4000213174163291
BP-MT1-P17,BP,1,XP224-OG,4,B,3,1,10,FALSE,0,6,NA,NA,NA,NA,Old-Growth,50,NA,FALSE,FALSE,FALSE,0.76,0,102,346,2,0.1,0.10008526966531657
AE-MT4-P47,AE,4,XP224-OG,4,B,1,1,1,FALSE,0,6,NA,NA,NA,NA,Old-Growth,50,NA,FALSE,FALSE,FALSE,0.76,0,102,346,0,0.01,0.01010445534001279
VB-MT2-P29,VB,2,XP224-OG,4,B,2,2,10,FALSE,0,6,NA,NA,NA,NA,Old-Growth,50,NA,FALSE,FALSE,FALSE,0.76,0,102,346,0,0.1,0.10008526966531657
BU-MT3-P5,BU,3,XP224-OG,4,B,4,1,2.5,FALSE,0,216,NA,NA,NA,NA,Old-Growth,50,NA,FALSE,FALSE,FALSE,0.76,0,102,346,3,0.025,0.025101257727563418
AE-MT4-P35,AE,4,XP224-OG,4,C,5,4,2.5,FALSE,0,6,NA,NA,NA,NA,Old-Growth,50,NA,FALSE,FALSE,FALSE,0.76,0,102,346,1,0.025,0.025101257727563418
CH-MT3-P54,CH,3,XP224-OG,4,C,NA,NA,NA,FALSE,1,90,NA,NA,NA,NA,Old-Growth,50,NA,FALSE,FALSE,FALSE,0.76,0,102,346,NA,NA,NA
CH-MT4-P59,CH,4,XP224-OG,4,C,0,0,0,FALSE,0,6,NA,NA,NA,NA,Old-Growth,50,NA,FALSE,FALSE,FALSE,0.76,0,102,346,0,0,1.0658708164570453e-4
EA-MT4-P68,EA,4,XP224-OG,4,C,11,10,1,FALSE,0,6,NA,NA,NA,NA,Old-Growth,50,NA,FALSE,FALSE,FALSE,0.76,0,102,346,1,0.01,0.01010445534001279
BG-MT5-P44,BG,5,XP224-OG,4,C,6,1,1,FALSE,0,216,NA,NA,NA,NA,Old-Growth,50,NA,FALSE,FALSE,FALSE,0.76,0,102,346,5,0.01,0.01010445534001279
VB-MT3-P9,VB,3,XP224-OG,4,C,3,2,2.5,FALSE,0,6,NA,NA,NA,NA,Old-Growth,50,NA,FALSE,FALSE,FALSE,0.76,0,102,346,1,0.025,0.025101257727563418
CP-MT5-P30,CP,5,XP224-OG,4,C,NA,NA,NA,FALSE,1,90,NA,NA,NA,NA,Old-Growth,50,NA,FALSE,FALSE,FALSE,0.76,0,102,346,NA,NA,NA
CP-MT2-P93,CP,2,XP224-OG,4,C,NA,NA,NA,FALSE,0,6,NA,NA,NA,NA,Old-Growth,50,NA,FALSE,FALSE,FALSE,0.76,0,102,346,NA,NA,NA
IS-MT1-P22,IS,1,XP224-OG,4,C,0,0,0,FALSE,0,320,NA,NA,NA,NA,Old-Growth,50,NA,FALSE,FALSE,FALSE,0.76,0,102,346,0,0,1.0658708164570453e-4
BU-MT5-P45,BU,5,XP224-OG,4,C,4,0,0,FALSE,0,216,NA,NA,NA,NA,Old-Growth,50,NA,FALSE,FALSE,FALSE,0.76,0,102,346,4,0,1.0658708164570453e-4
PG-MT1-P61,PG,1,XP224-OG,4,C,1,1,0.5,FALSE,0,6,NA,NA,NA,NA,Old-Growth,50,NA,FALSE,FALSE,FALSE,0.76,0,102,346,0,0.005,0.005105521210829247
OP-MT8-P49,OP,8,XP224-OG,4,C,NA,NA,NA,FALSE,1,320,NA,NA,NA,NA,Old-Growth,50,NA,FALSE,FALSE,FALSE,0.76,0,102,346,NA,NA,NA
BS-MT6-P45,BS,6,XP224-OG,4,C,3,3,5,FALSE,0,126,NA,NA,NA,NA,Old-Growth,50,NA,FALSE,FALSE,FALSE,0.76,0,102,346,0,0.05,0.05009592837348113
DC-MT4-P33,DC,4,XP224-OG,4,C,NA,NA,NA,FALSE,1,216,NA,NA,NA,NA,Old-Growth,50,NA,FALSE,FALSE,FALSE,0.76,0,102,346,NA,NA,NA
BP-MT1-P46,BP,1,XP224-OG,4,C,1,1,50,FALSE,0,6,NA,NA,NA,NA,Old-Growth,50,NA,FALSE,FALSE,FALSE,0.76,0,102,346,0,0.5,0.5
IS-MT4-P9,IS,4,XP224-OG,5,A,NA,NA,NA,FALSE,0,126,NA,NA,NA,NA,Old-Growth,50,NA,FALSE,FALSE,FALSE,0.76,0,102,346,NA,NA,NA
AE-MT3-P47,AE,3,XP224-OG,5,A,NA,NA,NA,FALSE,0,6,NA,NA,NA,NA,Old-Growth,50,NA,FALSE,FALSE,FALSE,0.76,0,102,346,NA,NA,NA
BP-MT3-P52,BP,3,XP224-OG,5,A,NA,NA,NA,FALSE,0,6,NA,NA,NA,NA,Old-Growth,50,NA,FALSE,FALSE,FALSE,0.76,0,102,346,NA,NA,NA
BG-MT5-P22,BG,5,XP224-OG,5,A,NA,NA,NA,FALSE,1,216,NA,NA,NA,NA,Old-Growth,50,NA,FALSE,FALSE,FALSE,0.76,0,102,346,NA,NA,NA
VB-MT5-P20,VB,5,XP224-OG,5,A,NA,NA,NA,FALSE,0,6,NA,NA,NA,NA,Old-Growth,50,NA,FALSE,FALSE,FALSE,0.76,0,102,346,NA,NA,NA
CH-MT4-P14,CH,4,XP224-OG,5,A,NA,NA,NA,FALSE,1,216,NA,NA,NA,NA,Old-Growth,50,NA,FALSE,FALSE,FALSE,0.76,0,102,346,NA,NA,NA
PG-MT2-P61,PG,2,XP224-OG,5,A,NA,NA,NA,FALSE,0,6,NA,NA,NA,NA,Old-Growth,50,NA,FALSE,FALSE,FALSE,0.76,0,102,346,NA,NA,NA
DC-MT5-P55,DC,5,XP224-OG,5,A,NA,NA,NA,FALSE,0,216,NA,NA,NA,NA,Old-Growth,50,NA,FALSE,FALSE,FALSE,0.76,0,102,346,NA,NA,NA
CP-MT1-P25,CP,1,XP224-OG,5,B,NA,NA,NA,FALSE,0,216,NA,NA,NA,NA,Old-Growth,50,NA,FALSE,FALSE,FALSE,0.76,0,102,346,NA,NA,NA
PG-MT4-P39,PG,4,XP224-OG,5,B,NA,NA,NA,FALSE,0,6,NA,NA,NA,NA,Old-Growth,50,NA,FALSE,FALSE,FALSE,0.76,0,102,346,NA,NA,NA
BS-MT1-P95,BS,1,XP224-OG,5,B,NA,NA,NA,FALSE,0,6,NA,NA,NA,NA,Old-Growth,50,NA,FALSE,FALSE,FALSE,0.76,0,102,346,NA,NA,NA
VB-MT2-P52,VB,2,XP224-OG,5,B,NA,NA,NA,FALSE,0,6,NA,NA,NA,NA,Old-Growth,50,NA,FALSE,FALSE,FALSE,0.76,0,102,346,NA,NA,NA
BU-MT4-P63,BU,4,XP224-OG,5,B,NA,NA,NA,FALSE,0,216,NA,NA,NA,NA,Old-Growth,50,NA,FALSE,FALSE,FALSE,0.76,0,102,346,NA,NA,NA
BG-MT2-P70,BG,2,XP224-OG,5,B,NA,NA,NA,FALSE,0,216,NA,NA,NA,NA,Old-Growth,50,NA,FALSE,FALSE,FALSE,0.76,0,102,346,NA,NA,NA
AE-MT2-P50,AE,2,XP224-OG,5,B,NA,NA,NA,FALSE,0,6,NA,NA,NA,NA,Old-Growth,50,NA,FALSE,FALSE,FALSE,0.76,0,102,346,NA,NA,NA
DC-MT1-P60,DC,1,XP224-OG,5,B,NA,NA,NA,FALSE,1,216,NA,NA,NA,NA,Old-Growth,50,NA,FALSE,FALSE,FALSE,0.76,0,102,346,NA,NA,NA
EA-MT3-P61,EA,3,XP224-OG,5,B,NA,NA,NA,FALSE,1,6,NA,NA,NA,NA,Old-Growth,50,NA,FALSE,FALSE,FALSE,0.76,0,102,346,NA,NA,NA
BP-MT5-P15,BP,5,XP224-OG,5,B,NA,NA,NA,FALSE,0,6,NA,NA,NA,NA,Old-Growth,50,NA,FALSE,FALSE,FALSE,0.76,0,102,346,NA,NA,NA
VB-MT2-P12,VB,2,XP224-OG,5,C,NA,NA,NA,FALSE,0,6,NA,NA,NA,NA,Old-Growth,50,NA,FALSE,FALSE,FALSE,0.76,0,102,346,NA,NA,NA
BG-MT4-P35,BG,4,XP224-OG,5,C,NA,NA,NA,FALSE,1,216,NA,NA,NA,NA,Old-Growth,50,NA,FALSE,FALSE,FALSE,0.76,0,102,346,NA,NA,NA
AE-MT1-P42,AE,1,XP224-OG,5,C,NA,NA,NA,FALSE,0,6,NA,NA,NA,NA,Old-Growth,50,NA,FALSE,FALSE,FALSE,0.76,0,102,346,NA,NA,NA
EA-MT2-P27,EA,2,XP224-OG,5,C,NA,NA,NA,FALSE,0,6,NA,NA,NA,NA,Old-Growth,50,NA,FALSE,FALSE,FALSE,0.76,0,102,346,NA,NA,NA
IS-MT2-P41,IS,2,XP224-OG,5,C,NA,NA,NA,FALSE,0,126,NA,NA,NA,NA,Old-Growth,50,NA,FALSE,FALSE,FALSE,0.76,0,102,346,NA,NA,NA
BP-MT4-P6,BP,4,XP224-OG,5,C,NA,NA,NA,FALSE,1,6,NA,NA,NA,NA,Old-Growth,50,NA,FALSE,FALSE,FALSE,0.76,0,102,346,NA,NA,NA
DC-MT2-P19,DC,2,XP224-OG,5,C,NA,NA,NA,FALSE,0,216,NA,NA,NA,NA,Old-Growth,50,NA,FALSE,FALSE,FALSE,0.76,0,102,346,NA,NA,NA
PG-MT3-P40,PG,3,XP224-OG,5,C,NA,NA,NA,FALSE,0,6,NA,NA,NA,NA,Old-Growth,50,NA,FALSE,FALSE,FALSE,0.76,0,102,346,NA,NA,NA
CH-MT2-P46,CH,2,XP224-OG,5,C,NA,NA,NA,FALSE,0,216,NA,NA,NA,NA,Old-Growth,50,NA,FALSE,FALSE,FALSE,0.76,0,102,346,NA,NA,NA
BU-MT1-P3,BU,1,XP225-OG,1,A,6,3,0.5,FALSE,0,321,NA,NA,NA,NA,Old-Growth,50,NA,FALSE,FALSE,FALSE,0.95,0,316,359,3,0.005,0.005105521210829247
CP-MT3-P77,CP,3,XP225-OG,1,A,NA,NA,NA,FALSE,1,321,NA,NA,NA,NA,Old-Growth,50,NA,FALSE,FALSE,FALSE,0.95,0,316,359,NA,NA,NA
MC-MT1-P54,MC,1,XP225-OG,1,A,6,5,10,FALSE,0,216,NA,NA,NA,NA,Old-Growth,50,NA,FALSE,FALSE,FALSE,0.95,0,316,359,1,0.1,0.10008526966531657
PG-MT3-P67,PG,3,XP225-OG,1,A,5,2,0.5,FALSE,0,6,NA,NA,NA,NA,Old-Growth,50,NA,FALSE,FALSE,FALSE,0.95,0,316,359,3,0.005,0.005105521210829247
CH-MT4-P11,CH,4,XP225-OG,1,A,NA,NA,NA,FALSE,1,216,NA,NA,NA,NA,Old-Growth,50,NA,FALSE,FALSE,FALSE,0.95,0,316,359,NA,NA,NA
VB-MT2-P40,VB,2,XP225-OG,1,A,3,2,10,FALSE,0,6,NA,NA,NA,NA,Old-Growth,50,NA,FALSE,FALSE,FALSE,0.95,0,316,359,1,0.1,0.10008526966531657
IS-MT2-P6,IS,2,XP225-OG,1,A,1,1,30,FALSE,0,127,NA,NA,NA,NA,Old-Growth,50,NA,FALSE,FALSE,FALSE,0.95,0,316,359,0,0.3,0.3000426348326583
DC-MT3-P64,DC,3,XP225-OG,1,A,1,1,25,FALSE,0,6,NA,NA,NA,NA,Old-Growth,50,NA,FALSE,FALSE,FALSE,0.95,0,316,359,0,0.25,0.25005329354082284
BG-MT5-P55,BG,5,XP225-OG,1,A,NA,NA,NA,FALSE,1,216,NA,NA,NA,NA,Old-Growth,50,NA,FALSE,FALSE,FALSE,0.95,0,316,359,NA,NA,NA
OP-MT9-P2,OP,9,XP225-OG,1,A,NA,NA,NA,FALSE,1,363,NA,NA,NA,NA,Old-Growth,50,NA,FALSE,FALSE,FALSE,0.95,0,316,359,NA,NA,NA
BS-MT1-P9,BS,1,XP225-OG,1,A,3,1,1,FALSE,0,216,NA,NA,NA,NA,Old-Growth,50,NA,FALSE,FALSE,FALSE,0.95,0,316,359,2,0.01,0.01010445534001279
AE-MT3-P51,AE,3,XP225-OG,1,A,3,2,1,FALSE,0,6,NA,NA,NA,NA,Old-Growth,50,NA,FALSE,FALSE,FALSE,0.95,0,316,359,1,0.01,0.01010445534001279
BP-MT1-P28,BP,1,XP225-OG,1,A,0,0,0,FALSE,0,6,NA,NA,NA,NA,Old-Growth,50,NA,FALSE,FALSE,FALSE,0.95,0,316,359,0,0,1.0658708164570453e-4
EA-MT5-P97,EA,5,XP225-OG,1,A,12,8,1,FALSE,0,6,NA,NA,NA,NA,Old-Growth,50,NA,FALSE,FALSE,FALSE,0.95,0,316,359,4,0.01,0.01010445534001279
OP-MT2-P39,OP,2,XP225-OG,1,B,NA,NA,NA,FALSE,1,147,NA,NA,NA,NA,Old-Growth,50,NA,FALSE,FALSE,FALSE,0.95,0,316,359,NA,NA,NA
OP-MT9-P61,OP,9,XP225-OG,1,B,0,0,0,FALSE,1,127,NA,NA,NA,NA,Old-Growth,50,NA,FALSE,FALSE,FALSE,0.95,0,316,359,0,0,1.0658708164570453e-4
DC-MT3-P49,DC,3,XP225-OG,1,B,2,2,7.5,FALSE,0,216,NA,NA,NA,NA,Old-Growth,50,NA,FALSE,FALSE,FALSE,0.95,0,316,359,0,0.075,0.07509059901939885
AE-MT2-P59,AE,2,XP225-OG,1,B,3,1,0.5,FALSE,0,6,NA,NA,NA,NA,Old-Growth,50,NA,FALSE,FALSE,FALSE,0.95,0,316,359,2,0.005,0.005105521210829247
IS-MT1-P2,IS,1,XP225-OG,1,B,3,3,30,FALSE,0,321,NA,NA,NA,NA,Old-Growth,50,NA,FALSE,FALSE,FALSE,0.95,0,316,359,0,0.3,0.3000426348326583
CH-MT2-P52,CH,2,XP225-OG,1,B,NA,NA,NA,FALSE,1,216,NA,NA,NA,NA,Old-Growth,50,NA,FALSE,FALSE,FALSE,0.95,0,316,359,NA,NA,NA
CP-MT1-P22,CP,1,XP225-OG,1,B,2,2,1,FALSE,0,216,NA,NA,NA,NA,Old-Growth,50,NA,FALSE,FALSE,FALSE,0.95,0,316,359,0,0.01,0.01010445534001279
BG-MT1-P32,BG,1,XP225-OG,1,B,NA,NA,NA,FALSE,1,216,NA,NA,NA,NA,Old-Growth,50,NA,FALSE,FALSE,FALSE,0.95,0,316,359,NA,NA,NA
EA-MT1-P13,EA,1,XP225-OG,1,B,18,6,0.5,FALSE,NA,NA,NA,NA,NA,NA,Old-Growth,50,NA,FALSE,FALSE,FALSE,0.95,0,316,359,12,0.005,0.005105521210829247
VB-MT3-P64,VB,3,XP225-OG,1,B,4,3,20,FALSE,0,6,NA,NA,NA,NA,Old-Growth,50,NA,FALSE,FALSE,FALSE,0.95,0,316,359,1,0.2,0.20006395224898743
BP-MT1-P48,BP,1,XP225-OG,1,B,0,0,0,FALSE,0,6,NA,NA,NA,NA,Old-Growth,50,NA,FALSE,FALSE,FALSE,0.95,0,316,359,0,0,1.0658708164570453e-4
PG-MT4-P36,PG,4,XP225-OG,1,B,1,0,0,FALSE,0,6,NA,NA,NA,NA,Old-Growth,50,NA,FALSE,FALSE,FALSE,0.95,0,316,359,1,0,1.0658708164570453e-4
BS-MT5-P4,BS,5,XP225-OG,1,B,4,3,40,FALSE,0,216,NA,NA,NA,NA,Old-Growth,50,NA,FALSE,FALSE,FALSE,0.95,0,316,359,1,0.4,0.4000213174163291
BU-MT2-P21,BU,2,XP225-OG,1,B,7,1,0.5,FALSE,0,216,NA,NA,NA,NA,Old-Growth,50,NA,FALSE,FALSE,FALSE,0.95,0,316,359,6,0.005,0.005105521210829247
PA-MT7-P19,PA,7,XP225-OG,1,B,12,8,5,FALSE,0,216,NA,NA,NA,NA,Old-Growth,50,NA,FALSE,FALSE,FALSE,0.95,0,316,359,4,0.05,0.05009592837348113
DC-MT5-P74,DC,5,XP225-OG,1,C,NA,NA,NA,FALSE,1,216,NA,NA,NA,NA,Old-Growth,50,NA,FALSE,FALSE,FALSE,0.95,0,316,359,NA,NA,NA
CP-MT2-P74,CP,2,XP225-OG,1,C,7,4,1,FALSE,0,321,NA,NA,NA,NA,Old-Growth,50,NA,FALSE,FALSE,FALSE,0.95,0,316,359,3,0.01,0.01010445534001279
PG-MT1-P45,PG,1,XP225-OG,1,C,1,0,0,FALSE,0,6,NA,NA,NA,NA,Old-Growth,50,NA,FALSE,FALSE,FALSE,0.95,0,316,359,1,0,1.0658708164570453e-4
AE-MT4-P44,AE,4,XP225-OG,1,C,0,0,0,FALSE,0,6,NA,NA,NA,NA,Old-Growth,50,NA,FALSE,FALSE,FALSE,0.95,0,316,359,0,0,1.0658708164570453e-4
BG-MT2-P64,BG,2,XP225-OG,1,C,NA,NA,NA,FALSE,1,216,NA,NA,NA,NA,Old-Growth,50,NA,FALSE,FALSE,FALSE,0.95,0,316,359,NA,NA,NA
EA-MT4-P47,EA,4,XP225-OG,1,C,2,2,0.5,FALSE,1,6,NA,NA,NA,NA,Old-Growth,50,NA,FALSE,FALSE,FALSE,0.95,0,316,359,0,0.005,0.005105521210829247
IS-MT2-P55,IS,2,XP225-OG,1,C,NA,NA,NA,FALSE,1,321,NA,NA,NA,NA,Old-Growth,50,NA,FALSE,FALSE,FALSE,0.95,0,316,359,NA,NA,NA
OP-MT8-P48,OP,8,XP225-OG,1,C,NA,NA,NA,FALSE,1,321,NA,NA,NA,NA,Old-Growth,50,NA,FALSE,FALSE,FALSE,0.95,0,316,359,NA,NA,NA
PA-MT6-P74,PA,6,XP225-OG,1,C,2,1,0.5,FALSE,0,6,NA,NA,NA,NA,Old-Growth,50,NA,FALSE,FALSE,FALSE,0.95,0,316,359,1,0.005,0.005105521210829247
BU-MT4-P60,BU,4,XP225-OG,1,C,3,2,0.5,FALSE,0,216,NA,NA,NA,NA,Old-Growth,50,NA,FALSE,FALSE,FALSE,0.95,0,316,359,1,0.005,0.005105521210829247
VB-MT4-P13,VB,4,XP225-OG,1,C,4,4,10,FALSE,0,6,NA,NA,NA,NA,Old-Growth,50,NA,FALSE,FALSE,FALSE,0.95,0,316,359,0,0.1,0.10008526966531657
BS-MT1-P77,BS,1,XP225-OG,1,C,3,2,1,FALSE,NA,NA,NA,NA,NA,NA,Old-Growth,50,NA,FALSE,FALSE,FALSE,0.95,0,316,359,1,0.01,0.01010445534001279
BP-MT4-P39,BP,4,XP225-OG,1,C,0,0,0,FALSE,0,6,NA,NA,NA,NA,Old-Growth,50,NA,FALSE,FALSE,FALSE,0.95,0,316,359,0,0,1.0658708164570453e-4
CH-MT3-P52,CH,3,XP225-OG,1,C,NA,NA,NA,FALSE,1,216,NA,NA,NA,NA,Old-Growth,50,NA,FALSE,FALSE,FALSE,0.95,0,316,359,NA,NA,NA
IS-MT5-P25,IS,5,XP225-OG,2,A,2,2,5,FALSE,0,363,NA,NA,NA,NA,Old-Growth,50,NA,FALSE,FALSE,FALSE,0.95,0,316,359,0,0.05,0.05009592837348113
PG-MT5-P8,PG,5,XP225-OG,2,A,2,1,0.5,FALSE,0,6,NA,NA,NA,NA,Old-Growth,50,NA,FALSE,FALSE,FALSE,0.95,0,316,359,1,0.005,0.005105521210829247
DC-MT2-P1,DC,2,XP225-OG,2,A,2,2,1,FALSE,0,216,NA,NA,NA,NA,Old-Growth,50,NA,FALSE,FALSE,FALSE,0.95,0,316,359,0,0.01,0.01010445534001279
CP-MT4-P79,CP,4,XP225-OG,2,A,3,0,0,FALSE,0,321,NA,NA,NA,NA,Old-Growth,50,NA,FALSE,FALSE,FALSE,0.95,0,316,359,3,0,1.0658708164570453e-4
OP-MT9-P20,OP,9,XP225-OG,2,A,NA,NA,NA,FALSE,1,363,NA,NA,NA,NA,Old-Growth,50,NA,FALSE,FALSE,FALSE,0.95,0,316,359,NA,NA,NA
CH-MT5-P52,CH,5,XP225-OG,2,A,5,4,1,FALSE,0,216,NA,NA,NA,NA,Old-Growth,50,NA,FALSE,FALSE,FALSE,0.95,0,316,359,1,0.01,0.01010445534001279
BU-MT5-P4,BU,5,XP225-OG,2,A,0,0,0,FALSE,1,216,NA,NA,NA,NA,Old-Growth,50,NA,FALSE,FALSE,FALSE,0.95,0,316,359,0,0,1.0658708164570453e-4
VB-MT4-P32,VB,4,XP225-OG,2,A,3,0,0,FALSE,0,6,NA,NA,NA,NA,Old-Growth,50,NA,FALSE,FALSE,FALSE,0.95,0,316,359,3,0,1.0658708164570453e-4
PA-MT3-P31,PA,3,XP225-OG,2,A,16,8,1,FALSE,0,363,NA,NA,NA,NA,Old-Growth,50,NA,FALSE,FALSE,FALSE,0.95,0,316,359,8,0.01,0.01010445534001279
EA-MT5-P60,EA,5,XP225-OG,2,A,11,4,1,FALSE,0,127,NA,NA,NA,NA,Old-Growth,50,NA,FALSE,FALSE,FALSE,0.95,0,316,359,7,0.01,0.01010445534001279
BS-MT6-P29,BS,6,XP225-OG,2,A,2,1,60,FALSE,0,216,NA,NA,NA,NA,Old-Growth,50,NA,FALSE,FALSE,FALSE,0.95,0,316,359,1,0.6,0.5999786825836708
BP-MT2-P64,BP,2,XP225-OG,2,A,2,2,45,FALSE,0,6,NA,NA,NA,NA,Old-Growth,50,NA,FALSE,FALSE,FALSE,0.95,0,316,359,0,0.45,0.4500106587081646
BG-MT2-P16,BG,2,XP225-OG,2,A,16,2,0.5,FALSE,0,216,NA,NA,NA,NA,Old-Growth,50,NA,FALSE,FALSE,FALSE,0.95,0,316,359,14,0.005,0.005105521210829247
AE-MT2-P23,AE,2,XP225-OG,2,A,0,0,0,FALSE,0,6,NA,NA,NA,NA,Old-Growth,50,NA,FALSE,FALSE,FALSE,0.95,0,316,359,0,0,1.0658708164570453e-4
OP-MT7-P44,OP,7,XP225-OG,2,B,NA,NA,NA,FALSE,1,321,NA,NA,NA,NA,Old-Growth,50,NA,FALSE,FALSE,FALSE,0.95,0,316,359,NA,NA,NA
BS-MT5-P72,BS,5,XP225-OG,2,B,3,3,30,FALSE,0,127,NA,NA,NA,NA,Old-Growth,50,NA,FALSE,FALSE,FALSE,0.95,0,316,359,0,0.3,0.3000426348326583
BG-MT4-P74,BG,4,XP225-OG,2,B,21,4,0.5,FALSE,0,216,NA,NA,NA,NA,Old-Growth,50,NA,FALSE,FALSE,FALSE,0.95,0,316,359,17,0.005,0.005105521210829247
PG-MT2-P43,PG,2,XP225-OG,2,B,4,3,0.5,FALSE,0,6,NA,NA,NA,NA,Old-Growth,50,NA,FALSE,FALSE,FALSE,0.95,0,316,359,1,0.005,0.005105521210829247
AE-MT4-P58,AE,4,XP225-OG,2,B,2,2,10,FALSE,0,6,NA,NA,NA,NA,Old-Growth,50,NA,FALSE,FALSE,FALSE,0.95,0,316,359,0,0.1,0.10008526966531657
DC-MT1-P39,DC,1,XP225-OG,2,B,2,2,5,FALSE,0,216,NA,NA,NA,NA,Old-Growth,50,NA,FALSE,FALSE,FALSE,0.95,0,316,359,0,0.05,0.05009592837348113
CP-MT5-P70,CP,5,XP225-OG,2,B,4,2,0.5,FALSE,0,216,NA,NA,NA,NA,Old-Growth,50,NA,FALSE,FALSE,FALSE,0.95,0,316,359,2,0.005,0.005105521210829247
MC-MT1-P56,MC,1,XP225-OG,2,B,4,2,7.5,FALSE,0,216,NA,NA,NA,NA,Old-Growth,50,NA,FALSE,FALSE,FALSE,0.95,0,316,359,2,0.075,0.07509059901939885
VB-MT2-P2,VB,2,XP225-OG,2,B,3,3,1,FALSE,0,6,NA,NA,NA,NA,Old-Growth,50,NA,FALSE,FALSE,FALSE,0.95,0,316,359,0,0.01,0.01010445534001279
IS-MT4-P52,IS,4,XP225-OG,2,B,0,0,0,FALSE,0,321,NA,NA,NA,NA,Old-Growth,50,NA,FALSE,FALSE,FALSE,0.95,0,316,359,0,0,1.0658708164570453e-4
BU-MT5-P26,BU,5,XP225-OG,2,B,4,1,2.5,FALSE,0,216,NA,NA,NA,NA,Old-Growth,50,NA,FALSE,FALSE,FALSE,0.95,0,316,359,3,0.025,0.025101257727563418
BP-MT5-P48,BP,5,XP225-OG,2,B,2,2,1,FALSE,0,6,NA,NA,NA,NA,Old-Growth,50,NA,FALSE,FALSE,FALSE,0.95,0,316,359,0,0.01,0.01010445534001279
CH-MT2-P44,CH,2,XP225-OG,2,B,NA,NA,NA,FALSE,1,216,NA,NA,NA,NA,Old-Growth,50,NA,FALSE,FALSE,FALSE,0.95,0,316,359,NA,NA,NA
EA-MT5-P38,EA,5,XP225-OG,2,B,8,6,0.5,FALSE,0,127,NA,NA,NA,NA,Old-Growth,50,NA,FALSE,FALSE,FALSE,0.95,0,316,359,2,0.005,0.005105521210829247
IS-MT4-P57,IS,4,XP225-OG,2,C,NA,NA,NA,FALSE,1,321,NA,NA,NA,NA,Old-Growth,50,NA,FALSE,FALSE,FALSE,0.95,0,316,359,NA,NA,NA
PA-MT6-P51,PA,6,XP225-OG,2,C,NA,NA,NA,FALSE,1,321,NA,NA,NA,NA,Old-Growth,50,NA,FALSE,FALSE,FALSE,0.95,0,316,359,NA,NA,NA
PG-MT3-P22,PG,3,XP225-OG,2,C,1,1,0.5,FALSE,0,6,NA,NA,NA,NA,Old-Growth,50,NA,FALSE,FALSE,FALSE,0.95,0,316,359,0,0.005,0.005105521210829247
VB-MT5-P33,VB,5,XP225-OG,2,C,2,1,2.5,FALSE,0,6,NA,NA,NA,NA,Old-Growth,50,NA,FALSE,FALSE,FALSE,0.95,0,316,359,1,0.025,0.025101257727563418
OP-MT6-P14,OP,6,XP225-OG,2,C,NA,NA,NA,FALSE,1,105,NA,NA,NA,NA,Old-Growth,50,NA,FALSE,FALSE,FALSE,0.95,0,316,359,NA,NA,NA
OP-MT9-P12,OP,9,XP225-OG,2,C,0,0,0,FALSE,1,127,NA,NA,NA,NA,Old-Growth,50,NA,FALSE,FALSE,FALSE,0.95,0,316,359,0,0,1.0658708164570453e-4
AE-MT4-P53,AE,4,XP225-OG,2,C,1,1,5,FALSE,0,6,NA,NA,NA,NA,Old-Growth,50,NA,FALSE,FALSE,FALSE,0.95,0,316,359,0,0.05,0.05009592837348113
CP-MT3-P32,CP,3,XP225-OG,2,C,NA,NA,NA,FALSE,1,321,NA,NA,NA,NA,Old-Growth,50,NA,FALSE,FALSE,FALSE,0.95,0,316,359,NA,NA,NA
BU-MT3-P53,BU,3,XP225-OG,2,C,3,1,0.5,FALSE,0,216,NA,NA,NA,NA,Old-Growth,50,NA,FALSE,FALSE,FALSE,0.95,0,316,359,2,0.005,0.005105521210829247
MC-MT3-P17,MC,3,XP225-OG,2,C,3,1,0.5,FALSE,0,216,NA,NA,NA,NA,Old-Growth,50,NA,FALSE,FALSE,FALSE,0.95,0,316,359,2,0.005,0.005105521210829247
BS-MT5-P16,BS,5,XP225-OG,2,C,2,1,5,FALSE,0,216,NA,NA,NA,NA,Old-Growth,50,NA,FALSE,FALSE,FALSE,0.95,0,316,359,1,0.05,0.05009592837348113
EA-MT1-P17,EA,1,XP225-OG,2,C,18,4,0.5,FALSE,0,127,NA,NA,NA,NA,Old-Growth,50,NA,FALSE,FALSE,FALSE,0.95,0,316,359,14,0.005,0.005105521210829247
BG-MT4-P14,BG,4,XP225-OG,2,C,NA,NA,NA,FALSE,1,216,NA,NA,NA,NA,Old-Growth,50,NA,FALSE,FALSE,FALSE,0.95,0,316,359,NA,NA,NA
BP-MT3-P30,BP,3,XP225-OG,2,C,0,0,0,FALSE,0,6,NA,NA,NA,NA,Old-Growth,50,NA,FALSE,FALSE,FALSE,0.95,0,316,359,0,0,1.0658708164570453e-4
CH-MT4-P36,CH,4,XP225-OG,2,C,7,6,2.5,FALSE,0,216,NA,NA,NA,NA,Old-Growth,50,NA,FALSE,FALSE,FALSE,0.95,0,316,359,1,0.025,0.025101257727563418
DC-MT3-P15,DC,3,XP225-OG,2,C,3,3,7.5,FALSE,0,216,NA,NA,NA,NA,Old-Growth,50,NA,FALSE,FALSE,FALSE,0.95,0,316,359,0,0.075,0.07509059901939885
CH-MT1-P13,CH,1,XP225-OG,3,A,NA,NA,NA,FALSE,1,321,NA,NA,NA,NA,Old-Growth,50,NA,FALSE,FALSE,FALSE,0.95,0,316,359,NA,NA,NA
EA-MT2-P28,EA,2,XP225-OG,3,A,6,6,5,FALSE,0,6,NA,NA,NA,NA,Old-Growth,50,NA,FALSE,FALSE,FALSE,0.95,0,316,359,0,0.05,0.05009592837348113
PA-MT3-P4,PA,3,XP225-OG,3,A,7,7,10,FALSE,0,363,NA,NA,NA,NA,Old-Growth,50,NA,FALSE,FALSE,FALSE,0.95,0,316,359,0,0.1,0.10008526966531657
OP-MT2-P33,OP,2,XP225-OG,3,A,NA,NA,NA,FALSE,1,42,NA,NA,NA,NA,Old-Growth,50,NA,FALSE,FALSE,FALSE,0.95,0,316,359,NA,NA,NA
OP-MT6-P57,OP,6,XP225-OG,3,A,0,0,0,FALSE,0,6,NA,NA,NA,NA,Old-Growth,50,NA,FALSE,FALSE,FALSE,0.95,0,316,359,0,0,1.0658708164570453e-4
CP-MT1-P58,CP,1,XP225-OG,3,A,3,3,2.5,FALSE,0,216,NA,NA,NA,NA,Old-Growth,50,NA,FALSE,FALSE,FALSE,0.95,0,316,359,0,0.025,0.025101257727563418
PG-MT1-P12,PG,1,XP225-OG,3,A,2,0,0,FALSE,0,6,NA,NA,NA,NA,Old-Growth,50,NA,FALSE,FALSE,FALSE,0.95,0,316,359,2,0,1.0658708164570453e-4
AE-MT1-P25,AE,1,XP225-OG,3,A,4,2,0.5,FALSE,0,6,NA,NA,NA,NA,Old-Growth,50,NA,FALSE,FALSE,FALSE,0.95,0,316,359,2,0.005,0.005105521210829247
MC-MT2-P19,MC,2,XP225-OG,3,A,2,2,1,FALSE,0,216,NA,NA,NA,NA,Old-Growth,50,NA,FALSE,FALSE,FALSE,0.95,0,316,359,0,0.01,0.01010445534001279
IS-MT3-P12,IS,3,XP225-OG,3,A,1,1,1,FALSE,0,363,NA,NA,NA,NA,Old-Growth,50,NA,FALSE,FALSE,FALSE,0.95,0,316,359,0,0.01,0.01010445534001279
BP-MT1-P74,BP,1,XP225-OG,3,A,1,0,0,FALSE,0,6,NA,NA,NA,NA,Old-Growth,50,NA,FALSE,FALSE,FALSE,0.95,0,316,359,1,0,1.0658708164570453e-4
DC-MT4-P7,DC,4,XP225-OG,3,A,NA,NA,NA,FALSE,1,89,NA,NA,NA,NA,Old-Growth,50,NA,FALSE,FALSE,FALSE,0.95,0,316,359,NA,NA,NA
BU-MT4-P7,BU,4,XP225-OG,3,A,4,1,10,FALSE,0,216,NA,NA,NA,NA,Old-Growth,50,NA,FALSE,FALSE,FALSE,0.95,0,316,359,3,0.1,0.10008526966531657
VB-MT5-P64,VB,5,XP225-OG,3,A,3,0,0,FALSE,0,NA,NA,NA,NA,NA,Old-Growth,50,NA,FALSE,FALSE,FALSE,0.95,0,316,359,3,0,1.0658708164570453e-4
VB-MT5-P64,VB,5,XP225-OG,3,A,3,0,0,FALSE,0,6,NA,NA,NA,NA,Old-Growth,50,NA,FALSE,FALSE,FALSE,0.95,0,316,359,3,0,1.0658708164570453e-4
BG-MT3-P20,BG,3,XP225-OG,3,A,15,6,2.5,FALSE,0,216,NA,NA,NA,NA,Old-Growth,50,NA,FALSE,FALSE,FALSE,0.95,0,316,359,9,0.025,0.025101257727563418
BS-MT6-P70,BS,6,XP225-OG,3,A,2,2,5,FALSE,0,127,NA,NA,NA,NA,Old-Growth,50,NA,FALSE,FALSE,FALSE,0.95,0,316,359,0,0.05,0.05009592837348113
PA-MT3-P47,PA,3,XP225-OG,3,B,6,4,10,FALSE,0,127,NA,NA,NA,NA,Old-Growth,50,NA,FALSE,FALSE,FALSE,0.95,0,316,359,2,0.1,0.10008526966531657
BU-MT3-P22,BU,3,XP225-OG,3,B,9,4,1,FALSE,0,216,NA,NA,NA,NA,Old-Growth,50,NA,FALSE,FALSE,FALSE,0.95,0,316,359,5,0.01,0.01010445534001279
AE-MT5-P30,AE,5,XP225-OG,3,B,5,1,0.5,FALSE,0,6,NA,NA,NA,NA,Old-Growth,50,NA,FALSE,FALSE,FALSE,0.95,0,316,359,4,0.005,0.005105521210829247
BG-MT1-P70,BG,1,XP225-OG,3,B,22,5,1,FALSE,0,216,NA,NA,NA,NA,Old-Growth,50,NA,FALSE,FALSE,FALSE,0.95,0,316,359,17,0.01,0.01010445534001279
VB-MT1-P34,VB,1,XP225-OG,3,B,12,6,5,FALSE,0,216,NA,NA,NA,NA,Old-Growth,50,NA,FALSE,FALSE,FALSE,0.95,0,316,359,6,0.05,0.05009592837348113
CH-MT4-P89,CH,4,XP225-OG,3,B,NA,NA,NA,FALSE,1,216,NA,NA,NA,NA,Old-Growth,50,NA,FALSE,FALSE,FALSE,0.95,0,316,359,NA,NA,NA
PG-MT4-P28,PG,4,XP225-OG,3,B,2,2,0.5,FALSE,0,6,NA,NA,NA,NA,Old-Growth,50,NA,FALSE,FALSE,FALSE,0.95,0,316,359,0,0.005,0.005105521210829247
OP-MT7-P50,OP,7,XP225-OG,3,B,NA,NA,NA,FALSE,1,105,NA,NA,NA,NA,Old-Growth,50,NA,FALSE,FALSE,FALSE,0.95,0,316,359,NA,NA,NA
OP-MT6-P64,OP,6,XP225-OG,3,B,2,2,5,FALSE,0,6,NA,NA,NA,NA,Old-Growth,50,NA,FALSE,FALSE,FALSE,0.95,0,316,359,0,0.05,0.05009592837348113
IS-MT2-P48,IS,2,XP225-OG,3,B,4,3,20,FALSE,0,363,NA,NA,NA,NA,Old-Growth,50,NA,FALSE,FALSE,FALSE,0.95,0,316,359,1,0.2,0.20006395224898743
EA-MT4-P13,EA,4,XP225-OG,3,B,16,5,2.5,FALSE,0,321,NA,NA,NA,NA,Old-Growth,50,NA,FALSE,FALSE,FALSE,0.95,0,316,359,11,0.025,0.025101257727563418
MC-MT3-P48,MC,3,XP225-OG,3,B,3,3,20,FALSE,0,216,NA,NA,NA,NA,Old-Growth,50,NA,FALSE,FALSE,FALSE,0.95,0,316,359,0,0.2,0.20006395224898743
DC-MT5-P5,DC,5,XP225-OG,3,B,3,2,10,FALSE,0,216,NA,NA,NA,NA,Old-Growth,50,NA,FALSE,FALSE,FALSE,0.95,0,316,359,1,0.1,0.10008526966531657
CP-MT1-P39,CP,1,XP225-OG,3,B,3,2,0.5,FALSE,0,216,NA,NA,NA,NA,Old-Growth,50,NA,FALSE,FALSE,FALSE,0.95,0,316,359,1,0.005,0.005105521210829247
BP-MT3-P28,BP,3,XP225-OG,3,B,0,0,0,FALSE,0,6,NA,NA,NA,NA,Old-Growth,50,NA,FALSE,FALSE,FALSE,0.95,0,316,359,0,0,1.0658708164570453e-4
BS-MT6-P61,BS,6,XP225-OG,3,B,3,1,10,FALSE,NA,NA,NA,NA,NA,NA,Old-Growth,50,NA,FALSE,FALSE,FALSE,0.95,0,316,359,2,0.1,0.10008526966531657
AE-MT2-P63,AE,2,XP225-OG,3,C,3,1,1,FALSE,0,6,NA,NA,NA,NA,Old-Growth,50,NA,FALSE,FALSE,FALSE,0.95,0,316,359,2,0.01,0.01010445534001279
BU-MT2-P2,BU,2,XP225-OG,3,C,NA,NA,NA,FALSE,1,89,NA,NA,NA,NA,Old-Growth,50,NA,FALSE,FALSE,FALSE,0.95,0,316,359,NA,NA,NA
BU-MT2-P15,BU,2,XP225-OG,3,C,0,0,0,FALSE,0,6,NA,NA,NA,NA,Old-Growth,50,NA,FALSE,FALSE,FALSE,0.95,0,316,359,0,0,1.0658708164570453e-4
CP-MT5-P69,CP,5,XP225-OG,3,C,2,2,0.5,FALSE,0,216,NA,NA,NA,NA,Old-Growth,50,NA,FALSE,FALSE,FALSE,0.95,0,316,359,0,0.005,0.005105521210829247
IS-MT3-P50,IS,3,XP225-OG,3,C,2,2,5,FALSE,0,127,NA,NA,NA,NA,Old-Growth,50,NA,FALSE,FALSE,FALSE,0.95,0,316,359,0,0.05,0.05009592837348113
MC-MT3-P25,MC,3,XP225-OG,3,C,3,2,20,FALSE,0,216,NA,NA,NA,NA,Old-Growth,50,NA,FALSE,FALSE,FALSE,0.95,0,316,359,1,0.2,0.20006395224898743
VB-MT4-P66,VB,4,XP225-OG,3,C,2,2,10,FALSE,0,6,NA,NA,NA,NA,Old-Growth,50,NA,FALSE,FALSE,FALSE,0.95,0,316,359,0,0.1,0.10008526966531657
CH-MT1-P37,CH,1,XP225-OG,3,C,NA,NA,NA,FALSE,1,321,NA,NA,NA,NA,Old-Growth,50,NA,FALSE,FALSE,FALSE,0.95,0,316,359,NA,NA,NA
EA-MT1-P44,EA,1,XP225-OG,3,C,12,6,0.5,FALSE,0,127,NA,NA,NA,NA,Old-Growth,50,NA,FALSE,FALSE,FALSE,0.95,0,316,359,6,0.005,0.005105521210829247
PG-MT5-P66,PG,5,XP225-OG,3,C,3,0,0,FALSE,0,6,NA,NA,NA,NA,Old-Growth,50,NA,FALSE,FALSE,FALSE,0.95,0,316,359,3,0,1.0658708164570453e-4
BS-MT1-P40,BS,1,XP225-OG,3,C,2,2,25,FALSE,NA,NA,NA,NA,NA,NA,Old-Growth,50,NA,FALSE,FALSE,FALSE,0.95,0,316,359,0,0.25,0.25005329354082284
BG-MT5-P35,BG,5,XP225-OG,3,C,11,4,0.5,FALSE,0,216,NA,NA,NA,NA,Old-Growth,50,NA,FALSE,FALSE,FALSE,0.95,0,316,359,7,0.005,0.005105521210829247
BP-MT4-P60,BP,4,XP225-OG,3,C,2,2,15,FALSE,0,6,NA,NA,NA,NA,Old-Growth,50,NA,FALSE,FALSE,FALSE,0.95,0,316,359,0,0.15,0.150074610957152
DC-MT4-P30,DC,4,XP225-OG,4,A,4,4,2.5,FALSE,0,216,NA,NA,NA,NA,Old-Growth,50,NA,FALSE,FALSE,FALSE,0.95,0,316,359,0,0.025,0.025101257727563418
CH-MT3-P18,CH,3,XP225-OG,4,A,NA,NA,NA,FALSE,1,216,NA,NA,NA,NA,Old-Growth,50,NA,FALSE,FALSE,FALSE,0.95,0,316,359,NA,NA,NA
IS-MT3-P1,IS,3,XP225-OG,4,A,2,2,30,FALSE,0,363,NA,NA,NA,NA,Old-Growth,50,NA,FALSE,FALSE,FALSE,0.95,0,316,359,0,0.3,0.3000426348326583
VB-MT4-P3,VB,4,XP225-OG,4,A,7,2,10,FALSE,0,6,NA,NA,NA,NA,Old-Growth,50,NA,FALSE,FALSE,FALSE,0.95,0,316,359,5,0.1,0.10008526966531657
BS-MT7-P22,BS,7,XP225-OG,4,A,3,3,10,FALSE,0,216,NA,NA,NA,NA,Old-Growth,50,NA,FALSE,FALSE,FALSE,0.95,0,316,359,0,0.1,0.10008526966531657
CP-MT4-P41,CP,4,XP225-OG,4,A,4,4,0.5,FALSE,0,321,NA,NA,NA,NA,Old-Growth,50,NA,FALSE,FALSE,FALSE,0.95,0,316,359,0,0.005,0.005105521210829247
BP-MT2-P52,BP,2,XP225-OG,4,A,0,0,0,FALSE,0,6,NA,NA,NA,NA,Old-Growth,50,NA,FALSE,FALSE,FALSE,0.95,0,316,359,0,0,1.0658708164570453e-4
OP-MT6-P11,OP,6,XP225-OG,4,A,NA,NA,NA,FALSE,NA,NA,NA,NA,NA,NA,Old-Growth,50,NA,FALSE,FALSE,FALSE,0.95,0,316,359,NA,NA,NA
OP-MT6-P61,OP,6,XP225-OG,4,A,0,0,0,FALSE,1,6,NA,NA,NA,NA,Old-Growth,50,NA,FALSE,FALSE,FALSE,0.95,0,316,359,0,0,1.0658708164570453e-4
BU-MT1-P2,BU,1,XP225-OG,4,A,NA,NA,NA,FALSE,1,321,NA,NA,NA,NA,Old-Growth,50,NA,FALSE,FALSE,FALSE,0.95,0,316,359,NA,NA,NA
AE-MT3-P39,AE,3,XP225-OG,4,A,0,0,0,FALSE,0,6,NA,NA,NA,NA,Old-Growth,50,NA,FALSE,FALSE,FALSE,0.95,0,316,359,0,0,1.0658708164570453e-4
EA-MT1-P35,EA,1,XP225-OG,4,A,1,0,0,FALSE,0,127,NA,NA,NA,NA,Old-Growth,50,NA,FALSE,FALSE,FALSE,0.95,0,316,359,1,0,1.0658708164570453e-4
PG-MT2-P18,PG,2,XP225-OG,4,A,2,0,0,FALSE,0,6,NA,NA,NA,NA,Old-Growth,50,NA,FALSE,FALSE,FALSE,0.95,0,316,359,2,0,1.0658708164570453e-4
BG-MT1-P53,BG,1,XP225-OG,4,A,18,4,0.5,FALSE,0,216,NA,NA,NA,NA,Old-Growth,50,NA,FALSE,FALSE,FALSE,0.95,0,316,359,14,0.005,0.005105521210829247
MC-MT1-P59,MC,1,XP225-OG,4,B,6,4,10,FALSE,0,216,NA,NA,NA,NA,Old-Growth,50,NA,FALSE,FALSE,FALSE,0.95,0,316,359,2,0.1,0.10008526966531657
BP-MT4-P86,BP,4,XP225-OG,4,B,3,2,10,FALSE,0,6,NA,NA,NA,NA,Old-Growth,50,NA,FALSE,FALSE,FALSE,0.95,0,316,359,1,0.1,0.10008526966531657
BS-MT7-P33,BS,7,XP225-OG,4,B,3,3,30,FALSE,0,127,NA,NA,NA,NA,Old-Growth,50,NA,FALSE,FALSE,FALSE,0.95,0,316,359,0,0.3,0.3000426348326583
AE-MT1-P35,AE,1,XP225-OG,4,B,3,0,0,FALSE,0,6,NA,NA,NA,NA,Old-Growth,50,NA,FALSE,FALSE,FALSE,0.95,0,316,359,3,0,1.0658708164570453e-4
PA-MT6-P79,PA,6,XP225-OG,4,B,5,3,0.5,FALSE,0,321,NA,NA,NA,NA,Old-Growth,50,NA,FALSE,FALSE,FALSE,0.95,0,316,359,2,0.005,0.005105521210829247
PG-MT3-P69,PG,3,XP225-OG,4,B,5,3,2.5,FALSE,0,6,NA,NA,NA,NA,Old-Growth,50,NA,FALSE,FALSE,FALSE,0.95,0,316,359,2,0.025,0.025101257727563418
IS-MT2-P2,IS,2,XP225-OG,4,B,2,2,50,FALSE,0,363,NA,NA,NA,NA,Old-Growth,50,NA,FALSE,FALSE,FALSE,0.95,0,316,359,0,0.5,0.5
EA-MT3-P58,EA,3,XP225-OG,4,B,20,4,1,FALSE,0,321,NA,NA,NA,NA,Old-Growth,50,NA,FALSE,FALSE,FALSE,0.95,0,316,359,16,0.01,0.01010445534001279
OP-MT8-P46,OP,8,XP225-OG,4,B,NA,NA,NA,FALSE,1,321,NA,NA,NA,NA,Old-Growth,50,NA,FALSE,FALSE,FALSE,0.95,0,316,359,NA,NA,NA
CH-MT5-P12,CH,5,XP225-OG,4,B,0,0,0,FALSE,1,216,NA,NA,NA,NA,Old-Growth,50,NA,FALSE,FALSE,FALSE,0.95,0,316,359,0,0,1.0658708164570453e-4
BG-MT3-P73,BG,3,XP225-OG,4,B,40,7,0.5,FALSE,0,216,NA,NA,NA,NA,Old-Growth,50,NA,FALSE,FALSE,FALSE,0.95,0,316,359,33,0.005,0.005105521210829247
CP-MT2-P27,CP,2,XP225-OG,4,B,3,2,0.5,FALSE,0,321,NA,NA,NA,NA,Old-Growth,50,NA,FALSE,FALSE,FALSE,0.95,0,316,359,1,0.005,0.005105521210829247
DC-MT1-P81,DC,1,XP225-OG,4,B,NA,NA,NA,FALSE,1,216,NA,NA,NA,NA,Old-Growth,50,NA,FALSE,FALSE,FALSE,0.95,0,316,359,NA,NA,NA
VB-MT2-P16,VB,2,XP225-OG,4,B,2,2,50,FALSE,0,6,NA,NA,NA,NA,Old-Growth,50,NA,FALSE,FALSE,FALSE,0.95,0,316,359,0,0.5,0.5
BU-MT4-P6,BU,4,XP225-OG,4,B,6,2,0.5,FALSE,0,216,NA,NA,NA,NA,Old-Growth,50,NA,FALSE,FALSE,FALSE,0.95,0,316,359,4,0.005,0.005105521210829247
BU-MT3-P15,BU,3,XP225-OG,4,C,6,1,0.5,FALSE,0,216,NA,NA,NA,NA,Old-Growth,50,NA,FALSE,FALSE,FALSE,0.95,0,316,359,5,0.005,0.005105521210829247
EA-MT2-P22,EA,2,XP225-OG,4,C,6,4,1,FALSE,0,321,NA,NA,NA,NA,Old-Growth,50,NA,FALSE,FALSE,FALSE,0.95,0,316,359,2,0.01,0.01010445534001279
CP-MT5-P53,CP,5,XP225-OG,4,C,3,3,2.5,FALSE,0,216,NA,NA,NA,NA,Old-Growth,50,NA,FALSE,FALSE,FALSE,0.95,0,316,359,0,0.025,0.025101257727563418
BP-MT2-P43,BP,2,XP225-OG,4,C,0,0,0,FALSE,0,6,NA,NA,NA,NA,Old-Growth,50,NA,FALSE,FALSE,FALSE,0.95,0,316,359,0,0,1.0658708164570453e-4
IS-MT5-P21,IS,5,XP225-OG,4,C,3,3,10,FALSE,0,363,NA,NA,NA,NA,Old-Growth,50,NA,FALSE,FALSE,FALSE,0.95,0,316,359,0,0.1,0.10008526966531657
BG-MT3-P41,BG,3,XP225-OG,4,C,0,0,0,FALSE,1,216,NA,NA,NA,NA,Old-Growth,50,NA,FALSE,FALSE,FALSE,0.95,0,316,359,0,0,1.0658708164570453e-4
VB-MT1-P30,VB,1,XP225-OG,4,C,14,5,2.5,FALSE,0,216,NA,NA,NA,NA,Old-Growth,50,NA,FALSE,FALSE,FALSE,0.95,0,316,359,9,0.025,0.025101257727563418
BS-MT1-P29,BS,1,XP225-OG,4,C,2,1,85,FALSE,0,127,NA,NA,NA,NA,Old-Growth,50,NA,FALSE,FALSE,FALSE,0.95,0,316,359,1,0.85,0.849925389042848
MC-MT2-P70,MC,2,XP225-OG,4,C,6,4,10,FALSE,0,216,NA,NA,NA,NA,Old-Growth,50,NA,FALSE,FALSE,FALSE,0.95,0,316,359,2,0.1,0.10008526966531657
PA-MT7-P3,PA,7,XP225-OG,4,C,8,4,10,FALSE,0,216,NA,NA,NA,NA,Old-Growth,50,NA,FALSE,FALSE,FALSE,0.95,0,316,359,4,0.1,0.10008526966531657
DC-MT3-P75,DC,3,XP225-OG,4,C,0,0,0,FALSE,0,6,NA,NA,NA,NA,Old-Growth,50,NA,FALSE,FALSE,FALSE,0.95,0,316,359,0,0,1.0658708164570453e-4
AE-MT4-P37,AE,4,XP225-OG,4,C,1,1,2.5,FALSE,0,6,NA,NA,NA,NA,Old-Growth,50,NA,FALSE,FALSE,FALSE,0.95,0,316,359,0,0.025,0.025101257727563418
CH-MT4-P31,CH,4,XP225-OG,4,C,2,2,10,FALSE,0,216,NA,NA,NA,NA,Old-Growth,50,NA,FALSE,FALSE,FALSE,0.95,0,316,359,0,0.1,0.10008526966531657
PG-MT2-P50,PG,2,XP225-OG,4,C,3,1,0.5,FALSE,0,6,NA,NA,NA,NA,Old-Growth,50,NA,FALSE,FALSE,FALSE,0.95,0,316,359,2,0.005,0.005105521210829247
IS-MT3-P92,IS,3,XP225-OG,5,A,NA,NA,NA,FALSE,0,6,NA,NA,NA,NA,Old-Growth,50,NA,FALSE,FALSE,FALSE,0.95,0,316,359,NA,NA,NA
AE-MT2-P40,AE,2,XP225-OG,5,A,NA,NA,NA,FALSE,0,6,NA,NA,NA,NA,Old-Growth,50,NA,FALSE,FALSE,FALSE,0.95,0,316,359,NA,NA,NA
BG-MT4-P23,BG,4,XP225-OG,5,A,NA,NA,NA,FALSE,0,216,NA,NA,NA,NA,Old-Growth,50,NA,FALSE,FALSE,FALSE,0.95,0,316,359,NA,NA,NA
PG-MT5-P2,PG,5,XP225-OG,5,A,NA,NA,NA,FALSE,0,6,NA,NA,NA,NA,Old-Growth,50,NA,FALSE,FALSE,FALSE,0.95,0,316,359,NA,NA,NA
BP-MT4-P61,BP,4,XP225-OG,5,A,NA,NA,NA,FALSE,0,6,NA,NA,NA,NA,Old-Growth,50,NA,FALSE,FALSE,FALSE,0.95,0,316,359,NA,NA,NA
DC-MT5-P52,DC,5,XP225-OG,5,A,NA,NA,NA,FALSE,0,216,NA,NA,NA,NA,Old-Growth,50,NA,FALSE,FALSE,FALSE,0.95,0,316,359,NA,NA,NA
EA-MT3-P38,EA,3,XP225-OG,5,A,NA,NA,NA,FALSE,1,6,NA,NA,NA,NA,Old-Growth,50,NA,FALSE,FALSE,FALSE,0.95,0,316,359,NA,NA,NA
BU-MT5-P41,BU,5,XP225-OG,5,A,NA,NA,NA,FALSE,0,216,NA,NA,NA,NA,Old-Growth,50,NA,FALSE,FALSE,FALSE,0.95,0,316,359,NA,NA,NA
VB-MT2-P50,VB,2,XP225-OG,5,A,NA,NA,NA,FALSE,0,6,NA,NA,NA,NA,Old-Growth,50,NA,FALSE,FALSE,FALSE,0.95,0,316,359,NA,NA,NA
IS-MT1-P18,IS,1,XP225-OG,5,B,NA,NA,NA,FALSE,NA,NA,NA,NA,NA,NA,Old-Growth,50,NA,FALSE,FALSE,FALSE,0.95,0,316,359,NA,NA,NA
BS-MT6-P88,BS,6,XP225-OG,5,B,NA,NA,NA,FALSE,0,6,NA,NA,NA,NA,Old-Growth,50,NA,FALSE,FALSE,FALSE,0.95,0,316,359,NA,NA,NA
AE-MT3-P68,AE,3,XP225-OG,5,B,NA,NA,NA,FALSE,0,6,NA,NA,NA,NA,Old-Growth,50,NA,FALSE,FALSE,FALSE,0.95,0,316,359,NA,NA,NA
BG-MT5-P30,BG,5,XP225-OG,5,B,NA,NA,NA,FALSE,0,216,NA,NA,NA,NA,Old-Growth,50,NA,FALSE,FALSE,FALSE,0.95,0,316,359,NA,NA,NA
BP-MT3-P39,BP,3,XP225-OG,5,B,NA,NA,NA,FALSE,0,6,NA,NA,NA,NA,Old-Growth,50,NA,FALSE,FALSE,FALSE,0.95,0,316,359,NA,NA,NA
CP-MT5-P35,CP,5,XP225-OG,5,B,NA,NA,NA,FALSE,0,216,NA,NA,NA,NA,Old-Growth,50,NA,FALSE,FALSE,FALSE,0.95,0,316,359,NA,NA,NA
DC-MT1-P57,DC,1,XP225-OG,5,B,NA,NA,NA,FALSE,0,216,NA,NA,NA,NA,Old-Growth,50,NA,FALSE,FALSE,FALSE,0.95,0,316,359,NA,NA,NA
VB-MT3-P66,VB,3,XP225-OG,5,B,NA,NA,NA,FALSE,0,6,NA,NA,NA,NA,Old-Growth,50,NA,FALSE,FALSE,FALSE,0.95,0,316,359,NA,NA,NA
CH-MT3-P22,CH,3,XP225-OG,5,B,NA,NA,NA,FALSE,0,216,NA,NA,NA,NA,Old-Growth,50,NA,FALSE,FALSE,FALSE,0.95,0,316,359,NA,NA,NA
PG-MT1-P56,PG,1,XP225-OG,5,B,NA,NA,NA,FALSE,0,6,NA,NA,NA,NA,Old-Growth,50,NA,FALSE,FALSE,FALSE,0.95,0,316,359,NA,NA,NA
BG-MT2-P13,BG,2,XP225-OG,5,C,NA,NA,NA,FALSE,0,216,NA,NA,NA,NA,Old-Growth,50,NA,FALSE,FALSE,FALSE,0.95,0,316,359,NA,NA,NA
EA-MT4-P72,EA,4,XP225-OG,5,C,NA,NA,NA,FALSE,0,6,NA,NA,NA,NA,Old-Growth,50,NA,FALSE,FALSE,FALSE,0.95,0,316,359,NA,NA,NA
VB-MT2-P34,VB,2,XP225-OG,5,C,NA,NA,NA,FALSE,0,6,NA,NA,NA,NA,Old-Growth,50,NA,FALSE,FALSE,FALSE,0.95,0,316,359,NA,NA,NA
DC-MT4-P24,DC,4,XP225-OG,5,C,NA,NA,NA,FALSE,0,NA,NA,NA,NA,NA,Old-Growth,50,NA,FALSE,FALSE,FALSE,0.95,0,316,359,NA,NA,NA
DC-MT4-P24,DC,4,XP225-OG,5,C,NA,NA,NA,FALSE,1,216,NA,NA,NA,NA,Old-Growth,50,NA,FALSE,FALSE,FALSE,0.95,0,316,359,NA,NA,NA
BP-MT4-P78,BP,4,XP225-OG,5,C,NA,NA,NA,FALSE,0,6,NA,NA,NA,NA,Old-Growth,50,NA,FALSE,FALSE,FALSE,0.95,0,316,359,NA,NA,NA
CH-MT5-P38,CH,5,XP225-OG,5,C,NA,NA,NA,FALSE,0,216,NA,NA,NA,NA,Old-Growth,50,NA,FALSE,FALSE,FALSE,0.95,0,316,359,NA,NA,NA
AE-MT5-P11,AE,5,XP225-OG,5,C,NA,NA,NA,FALSE,0,6,NA,NA,NA,NA,Old-Growth,50,NA,FALSE,FALSE,FALSE,0.95,0,316,359,NA,NA,NA
PG-MT4-P69,PG,4,XP225-OG,5,C,NA,NA,NA,FALSE,NA,NA,NA,NA,NA,NA,Old-Growth,50,NA,FALSE,FALSE,FALSE,0.95,0,316,359,NA,NA,NA
IS-MT2-P57,IS,2,XP225-OG,5,C,NA,NA,NA,FALSE,NA,NA,NA,NA,NA,NA,Old-Growth,50,NA,FALSE,FALSE,FALSE,0.95,0,316,359,NA,NA,NA
CH-MT1-P20,CH,1,XP223-OG,1,A,0,0,0,FALSE,1,-72,NA,NA,NA,NA,Old-Growth,50,NA,FALSE,FALSE,FALSE,0.87,0,215,422,0,0,1.0658708164570453e-4
AE-MT5-P17,AE,5,XP223-OG,1,A,5,1,0.5,FALSE,0,NA,NA,NA,NA,NA,Old-Growth,50,NA,FALSE,FALSE,FALSE,0.87,0,215,422,4,0.005,0.005105521210829247
BU-MT2-P56,BU,2,XP223-OG,1,A,1,1,2.5,FALSE,0,-174,NA,NA,NA,NA,Old-Growth,50,NA,FALSE,FALSE,FALSE,0.87,0,215,422,0,0.025,0.025101257727563418
EA-MT2-P6,EA,2,XP223-OG,1,A,10,9,1,FALSE,0,-72,NA,NA,NA,NA,Old-Growth,50,NA,FALSE,FALSE,FALSE,0.87,0,215,422,1,0.01,0.01010445534001279
MC-MT1-P47,MC,1,XP223-OG,1,A,7,6,2.5,FALSE,0,-174,NA,NA,NA,NA,Old-Growth,50,NA,FALSE,FALSE,FALSE,0.87,0,215,422,1,0.025,0.025101257727563418
IS-MT2-P87,IS,2,XP223-OG,1,A,1,1,25,FALSE,0,-22,NA,NA,NA,NA,Old-Growth,50,NA,FALSE,FALSE,FALSE,0.87,0,215,422,0,0.25,0.25005329354082284
BG-MT5-P80,BG,5,XP223-OG,1,A,NA,NA,NA,FALSE,1,-174,NA,NA,NA,NA,Old-Growth,50,NA,FALSE,FALSE,FALSE,0.87,0,215,422,NA,NA,NA
BG-MT1-P64,BG,1,XP223-OG,1,A,14,0,0,FALSE,0,NA,NA,NA,NA,NA,Old-Growth,50,NA,FALSE,FALSE,FALSE,0.87,0,215,422,14,0,1.0658708164570453e-4
VB-MT4-P23,VB,4,XP223-OG,1,A,NA,NA,NA,FALSE,0,NA,NA,NA,NA,NA,Old-Growth,50,NA,FALSE,FALSE,FALSE,0.87,0,215,422,NA,NA,NA
PA-MT3-P46,PA,3,XP223-OG,1,A,0,0,0,FALSE,0,-22,NA,NA,NA,NA,Old-Growth,50,NA,FALSE,FALSE,FALSE,0.87,0,215,422,0,0,1.0658708164570453e-4
OP-MT9-P72,OP,9,XP223-OG,1,A,NA,NA,NA,FALSE,1,-22,NA,NA,NA,NA,Old-Growth,50,NA,FALSE,FALSE,FALSE,0.87,0,215,422,NA,NA,NA
OP-MT9-P34,OP,9,XP223-OG,1,A,NA,NA,NA,FALSE,1,-280,NA,NA,NA,NA,Old-Growth,50,NA,FALSE,FALSE,FALSE,0.87,0,215,422,NA,NA,NA
BP-MT2-P29,BP,2,XP223-OG,1,A,1,1,5,FALSE,0,NA,NA,NA,NA,NA,Old-Growth,50,NA,FALSE,FALSE,FALSE,0.87,0,215,422,0,0.05,0.05009592837348113
CP-MT5-P49,CP,5,XP223-OG,1,A,5,4,7.5,FALSE,0,-174,NA,NA,NA,NA,Old-Growth,50,NA,FALSE,FALSE,FALSE,0.87,0,215,422,1,0.075,0.07509059901939885
BS-MT6-P71,BS,6,XP223-OG,1,A,4,4,10,FALSE,0,-280,NA,NA,NA,NA,Old-Growth,50,NA,FALSE,FALSE,FALSE,0.87,0,215,422,0,0.1,0.10008526966531657
DC-MT3-P14,DC,3,XP223-OG,1,A,3,2,2.5,FALSE,0,-174,NA,NA,NA,NA,Old-Growth,50,NA,FALSE,FALSE,FALSE,0.87,0,215,422,1,0.025,0.025101257727563418
PG-MT1-P38,PG,1,XP223-OG,1,A,2,2,0.5,FALSE,0,NA,NA,NA,NA,NA,Old-Growth,50,NA,FALSE,FALSE,FALSE,0.87,0,215,422,0,0.005,0.005105521210829247
BG-MT3-P56,BG,3,XP223-OG,1,B,NA,NA,NA,FALSE,1,-174,NA,NA,NA,NA,Old-Growth,50,NA,FALSE,FALSE,FALSE,0.87,0,215,422,NA,NA,NA
MC-MT3-P67,MC,3,XP223-OG,1,B,NA,NA,NA,FALSE,1,-174,NA,NA,NA,NA,Old-Growth,50,NA,FALSE,FALSE,FALSE,0.87,0,215,422,NA,NA,NA
MC-MT2-P27,MC,2,XP223-OG,1,B,6,4,5,FALSE,0,NA,NA,NA,NA,NA,Old-Growth,50,NA,FALSE,FALSE,FALSE,0.87,0,215,422,2,0.05,0.05009592837348113
BU-MT1-P68,BU,1,XP223-OG,1,B,5,0,0,FALSE,0,-72,NA,NA,NA,NA,Old-Growth,50,NA,FALSE,FALSE,FALSE,0.87,0,215,422,5,0,1.0658708164570453e-4
OP-MT2-P53,OP,2,XP223-OG,1,B,NA,NA,NA,FALSE,1,-22,NA,NA,NA,NA,Old-Growth,50,NA,FALSE,FALSE,FALSE,0.87,0,215,422,NA,NA,NA
OP-MT9-P35,OP,9,XP223-OG,1,B,NA,NA,NA,FALSE,0,-280,NA,NA,NA,NA,Old-Growth,50,NA,FALSE,FALSE,FALSE,0.87,0,215,422,NA,NA,NA
PG-MT2-P53,PG,2,XP223-OG,1,B,2,0,0,FALSE,0,NA,NA,NA,NA,NA,Old-Growth,50,NA,FALSE,FALSE,FALSE,0.87,0,215,422,2,0,1.0658708164570453e-4
CP-MT1-P65,CP,1,XP223-OG,1,B,5,5,5,FALSE,0,NA,NA,NA,NA,NA,Old-Growth,50,NA,FALSE,FALSE,FALSE,0.87,0,215,422,0,0.05,0.05009592837348113
AE-MT4-P25,AE,4,XP223-OG,1,B,6,3,0.5,FALSE,0,NA,NA,NA,NA,NA,Old-Growth,50,NA,FALSE,FALSE,FALSE,0.87,0,215,422,3,0.005,0.005105521210829247
BS-MT6-P9,BS,6,XP223-OG,1,B,3,3,37.5,FALSE,0,-174,NA,NA,NA,NA,Old-Growth,50,NA,FALSE,FALSE,FALSE,0.87,0,215,422,0,0.375,0.3750266467704114
PA-MT6-P53,PA,6,XP223-OG,1,B,0,0,0,FALSE,1,-72,NA,NA,NA,NA,Old-Growth,50,NA,FALSE,FALSE,FALSE,0.87,0,215,422,0,0,1.0658708164570453e-4
EA-MT5-P58,EA,5,XP223-OG,1,B,15,12,5,FALSE,0,-280,NA,NA,NA,NA,Old-Growth,50,NA,FALSE,FALSE,FALSE,0.87,0,215,422,3,0.05,0.05009592837348113
CH-MT5-P51,CH,5,XP223-OG,1,B,NA,NA,NA,FALSE,1,-174,NA,NA,NA,NA,Old-Growth,50,NA,FALSE,FALSE,FALSE,0.87,0,215,422,NA,NA,NA
CH-MT5-P69,CH,5,XP223-OG,1,B,2,2,10,FALSE,0,NA,NA,NA,NA,NA,Old-Growth,50,NA,FALSE,FALSE,FALSE,0.87,0,215,422,0,0.1,0.10008526966531657
IS-MT5-P6,IS,5,XP223-OG,1,B,3,2,25,FALSE,0,-22,NA,NA,NA,NA,Old-Growth,50,NA,FALSE,FALSE,FALSE,0.87,0,215,422,1,0.25,0.25005329354082284
VB-MT1-P11,VB,1,XP223-OG,1,B,0,0,0,FALSE,0,-174,NA,NA,NA,NA,Old-Growth,50,NA,FALSE,FALSE,FALSE,0.87,0,215,422,0,0,1.0658708164570453e-4
BP-MT1-P56,BP,1,XP223-OG,1,B,2,2,0.5,FALSE,0,NA,NA,NA,NA,NA,Old-Growth,50,NA,FALSE,FALSE,FALSE,0.87,0,215,422,0,0.005,0.005105521210829247
DC-MT2-P36,DC,2,XP223-OG,1,B,2,2,7.5,FALSE,0,NA,NA,NA,NA,NA,Old-Growth,50,NA,FALSE,FALSE,FALSE,0.87,0,215,422,0,0.075,0.07509059901939885
OP-MT6-P5,OP,6,XP223-OG,1,C,NA,NA,NA,FALSE,1,-72,NA,NA,NA,NA,Old-Growth,50,NA,FALSE,FALSE,FALSE,0.87,0,215,422,NA,NA,NA
OP-MT9-P65,OP,9,XP223-OG,1,C,0,0,0,FALSE,1,-280,NA,NA,NA,NA,Old-Growth,50,NA,FALSE,FALSE,FALSE,0.87,0,215,422,0,0,1.0658708164570453e-4
BU-MT4-P81,BU,4,XP223-OG,1,C,3,2,0.5,FALSE,0,-174,NA,NA,NA,NA,Old-Growth,50,NA,FALSE,FALSE,FALSE,0.87,0,215,422,1,0.005,0.005105521210829247
VB-MT3-P63,VB,3,XP223-OG,1,C,0,0,0,FALSE,0,NA,2.5575,29.753688021727392,1.169,0.323,Old-Growth,50,NA,FALSE,FALSE,FALSE,0.87,0,215,422,0,0,1.0658708164570453e-4
BG-MT2-P46,BG,2,XP223-OG,1,C,0,0,0,FALSE,1,-174,NA,NA,NA,NA,Old-Growth,50,NA,FALSE,FALSE,FALSE,0.87,0,215,422,0,0,1.0658708164570453e-4
CP-MT1-P23,CP,1,XP223-OG,1,C,4,4,1,FALSE,0,-174,NA,NA,NA,NA,Old-Growth,50,NA,FALSE,FALSE,FALSE,0.87,0,215,422,0,0.01,0.01010445534001279
CH-MT4-P60,CH,4,XP223-OG,1,C,0,0,0,FALSE,0,-174,NA,NA,NA,NA,Old-Growth,50,NA,FALSE,FALSE,FALSE,0.87,0,215,422,0,0,1.0658708164570453e-4
MC-MT1-P43,MC,1,XP223-OG,1,C,0,0,0,FALSE,1,-174,NA,NA,NA,NA,Old-Growth,50,NA,FALSE,FALSE,FALSE,0.87,0,215,422,0,0,1.0658708164570453e-4
DC-MT5-P32,DC,5,XP223-OG,1,C,NA,NA,NA,FALSE,1,-174,NA,NA,NA,NA,Old-Growth,50,NA,FALSE,FALSE,FALSE,0.87,0,215,422,NA,NA,NA
IS-MT4-P13,IS,4,XP223-OG,1,C,NA,NA,NA,FALSE,1,-72,NA,NA,NA,NA,Old-Growth,50,NA,FALSE,FALSE,FALSE,0.87,0,215,422,NA,NA,NA
BP-MT3-P12,BP,3,XP223-OG,1,C,2,1,2.5,FALSE,0,NA,NA,NA,NA,NA,Old-Growth,50,NA,FALSE,FALSE,FALSE,0.87,0,215,422,1,0.025,0.025101257727563418
AE-MT3-P9,AE,3,XP223-OG,1,C,6,5,15,FALSE,0,NA,NA,NA,NA,NA,Old-Growth,50,NA,FALSE,FALSE,FALSE,0.87,0,215,422,1,0.15,0.150074610957152
EA-MT5-P23,EA,5,XP223-OG,1,C,10,6,0.5,FALSE,0,-280,4.779999999999999,37.62814501881059,0.536,0.185,Old-Growth,50,NA,FALSE,FALSE,FALSE,0.87,0,215,422,4,0.005,0.005105521210829247
BS-MT1-P35,BS,1,XP223-OG,1,C,3,1,10,FALSE,0,-280,NA,NA,NA,NA,Old-Growth,50,NA,FALSE,FALSE,FALSE,0.87,0,215,422,2,0.1,0.10008526966531657
PG-MT2-P70,PG,2,XP223-OG,1,C,2,1,0.5,FALSE,0,NA,NA,NA,NA,NA,Old-Growth,50,NA,FALSE,FALSE,FALSE,0.87,0,215,422,1,0.005,0.005105521210829247
EA-MT4-P24,EA,4,XP223-OG,2,A,5,4,7.5,FALSE,0,-72,NA,NA,NA,NA,Old-Growth,50,NA,FALSE,FALSE,FALSE,0.87,0,215,422,1,0.075,0.07509059901939885
BG-MT1-P65,BG,1,XP223-OG,2,A,12,6,1,FALSE,0,-174,NA,NA,NA,NA,Old-Growth,50,NA,FALSE,FALSE,FALSE,0.87,0,215,422,6,0.01,0.01010445534001279
VB-MT4-P65,VB,4,XP223-OG,2,A,0,0,0,FALSE,0,NA,NA,NA,NA,NA,Old-Growth,50,NA,FALSE,FALSE,FALSE,0.87,0,215,422,0,0,1.0658708164570453e-4
DC-MT5-P51,DC,5,XP223-OG,2,A,0,0,0,FALSE,1,-174,NA,NA,NA,NA,Old-Growth,50,NA,FALSE,FALSE,FALSE,0.87,0,215,422,0,0,1.0658708164570453e-4
CP-MT1-P51,CP,1,XP223-OG,2,A,4,4,7.5,FALSE,0,-174,NA,NA,NA,NA,Old-Growth,50,NA,FALSE,FALSE,FALSE,0.87,0,215,422,0,0.075,0.07509059901939885
BU-MT2-P40,BU,2,XP223-OG,2,A,0,0,0,FALSE,1,-174,NA,NA,NA,NA,Old-Growth,50,NA,FALSE,FALSE,FALSE,0.87,0,215,422,0,0,1.0658708164570453e-4
PG-MT4-P70,PG,4,XP223-OG,2,A,3,1,0.5,FALSE,0,NA,NA,NA,NA,NA,Old-Growth,50,NA,FALSE,FALSE,FALSE,0.87,0,215,422,2,0.005,0.005105521210829247
OP-MT9-P31,OP,9,XP223-OG,2,A,NA,NA,NA,FALSE,1,-22,NA,NA,NA,NA,Old-Growth,50,NA,FALSE,FALSE,FALSE,0.87,0,215,422,NA,NA,NA
OP-MT9-P66,OP,9,XP223-OG,2,A,NA,NA,NA,FALSE,0,-280,NA,NA,NA,NA,Old-Growth,50,NA,FALSE,FALSE,FALSE,0.87,0,215,422,NA,NA,NA
BP-MT1-P11,BP,1,XP223-OG,2,A,NA,NA,NA,FALSE,0,NA,NA,NA,NA,NA,Old-Growth,50,NA,FALSE,FALSE,FALSE,0.87,0,215,422,NA,NA,NA
IS-MT3-P62,IS,3,XP223-OG,2,A,1,1,0.5,FALSE,0,-22,NA,NA,NA,NA,Old-Growth,50,NA,FALSE,FALSE,FALSE,0.87,0,215,422,0,0.005,0.005105521210829247
AE-MT3-P33,AE,3,XP223-OG,2,A,5,2,1,FALSE,0,NA,NA,NA,NA,NA,Old-Growth,50,NA,FALSE,FALSE,FALSE,0.87,0,215,422,3,0.01,0.01010445534001279
PA-MT7-P42,PA,7,XP223-OG,2,A,NA,NA,NA,FALSE,0,-174,NA,NA,NA,NA,Old-Growth,50,NA,FALSE,FALSE,FALSE,0.87,0,215,422,NA,NA,NA
MC-MT3-P10,MC,3,XP223-OG,2,A,4,4,2.5,FALSE,0,-174,NA,NA,NA,NA,Old-Growth,50,NA,FALSE,FALSE,FALSE,0.87,0,215,422,0,0.025,0.025101257727563418
CH-MT3-P46,CH,3,XP223-OG,2,A,NA,NA,NA,FALSE,1,-174,NA,NA,NA,NA,Old-Growth,50,NA,FALSE,FALSE,FALSE,0.87,0,215,422,NA,NA,NA
CH-MT4-P4,CH,4,XP223-OG,2,A,2,1,1,FALSE,0,NA,NA,NA,NA,NA,Old-Growth,50,NA,FALSE,FALSE,FALSE,0.87,0,215,422,1,0.01,0.01010445534001279
BS-MT1-P24,BS,1,XP223-OG,2,A,NA,NA,NA,FALSE,1,-174,NA,NA,NA,NA,Old-Growth,50,NA,FALSE,FALSE,FALSE,0.87,0,215,422,NA,NA,NA
BS-MT1-P91,BS,1,XP223-OG,2,A,3,1,10,FALSE,0,NA,NA,NA,NA,NA,Old-Growth,50,NA,FALSE,FALSE,FALSE,0.87,0,215,422,2,0.1,0.10008526966531657
EA-MT1-P68,EA,1,XP223-OG,2,B,15,15,10,FALSE,0,-280,NA,NA,NA,NA,Old-Growth,50,NA,FALSE,FALSE,FALSE,0.87,0,215,422,0,0.1,0.10008526966531657
IS-MT5-P86,IS,5,XP223-OG,2,B,NA,NA,NA,FALSE,1,-22,NA,NA,NA,NA,Old-Growth,50,NA,FALSE,FALSE,FALSE,0.87,0,215,422,NA,NA,NA
IS-MT5-P78,IS,5,XP223-OG,2,B,2,1,0.5,FALSE,0,NA,NA,NA,NA,NA,Old-Growth,50,NA,FALSE,FALSE,FALSE,0.87,0,215,422,1,0.005,0.005105521210829247
AE-MT5-P15,AE,5,XP223-OG,2,B,6,6,2.5,FALSE,0,NA,NA,NA,NA,NA,Old-Growth,50,NA,FALSE,FALSE,FALSE,0.87,0,215,422,0,0.025,0.025101257727563418
DC-MT4-P57,DC,4,XP223-OG,2,B,NA,NA,NA,FALSE,0,NA,NA,NA,NA,NA,Old-Growth,50,NA,FALSE,FALSE,FALSE,0.87,0,215,422,NA,NA,NA
OP-MT7-P11,OP,7,XP223-OG,2,B,NA,NA,NA,FALSE,1,-72,NA,NA,NA,NA,Old-Growth,50,NA,FALSE,FALSE,FALSE,0.87,0,215,422,NA,NA,NA
CP-MT5-P18,CP,5,XP223-OG,2,B,1,1,0.5,FALSE,0,-174,NA,NA,NA,NA,Old-Growth,50,NA,FALSE,FALSE,FALSE,0.87,0,215,422,0,0.005,0.005105521210829247
BP-MT1-P73,BP,1,XP223-OG,2,B,2,2,30,FALSE,0,NA,NA,NA,NA,NA,Old-Growth,50,NA,FALSE,FALSE,FALSE,0.87,0,215,422,0,0.3,0.3000426348326583
CH-MT5-P22,CH,5,XP223-OG,2,B,8,5,25,FALSE,0,-174,NA,NA,NA,NA,Old-Growth,50,NA,FALSE,FALSE,FALSE,0.87,0,215,422,3,0.25,0.25005329354082284
PG-MT2-P62,PG,2,XP223-OG,2,B,4,3,5,FALSE,0,NA,NA,NA,NA,NA,Old-Growth,50,NA,FALSE,FALSE,FALSE,0.87,0,215,422,1,0.05,0.05009592837348113
BS-MT7-P57,BS,7,XP223-OG,2,B,2,1,0.5,FALSE,0,-280,NA,NA,NA,NA,Old-Growth,50,NA,FALSE,FALSE,FALSE,0.87,0,215,422,1,0.005,0.005105521210829247
MC-MT2-P32,MC,2,XP223-OG,2,B,6,4,1,FALSE,0,-174,NA,NA,NA,NA,Old-Growth,50,NA,FALSE,FALSE,FALSE,0.87,0,215,422,2,0.01,0.01010445534001279
BU-MT3-P45,BU,3,XP223-OG,2,B,5,2,2.5,FALSE,0,-174,NA,NA,NA,NA,Old-Growth,50,NA,FALSE,FALSE,FALSE,0.87,0,215,422,3,0.025,0.025101257727563418
VB-MT2-P48,VB,2,XP223-OG,2,B,5,1,0.5,FALSE,0,NA,NA,NA,NA,NA,Old-Growth,50,NA,FALSE,FALSE,FALSE,0.87,0,215,422,4,0.005,0.005105521210829247
BG-MT4-P27,BG,4,XP223-OG,2,B,20,4,0.5,FALSE,0,-174,NA,NA,NA,NA,Old-Growth,50,NA,FALSE,FALSE,FALSE,0.87,0,215,422,16,0.005,0.005105521210829247
OP-MT6-P54,OP,6,XP223-OG,2,C,NA,NA,NA,FALSE,1,-72,NA,NA,NA,NA,Old-Growth,50,NA,FALSE,FALSE,FALSE,0.87,0,215,422,NA,NA,NA
OP-MT6-P62,OP,6,XP223-OG,2,C,4,3,10,FALSE,0,NA,NA,NA,NA,NA,Old-Growth,50,NA,FALSE,FALSE,FALSE,0.87,0,215,422,1,0.1,0.10008526966531657
IS-MT4-P32,IS,4,XP223-OG,2,C,1,0,0,FALSE,0,-72,NA,NA,NA,NA,Old-Growth,50,NA,FALSE,FALSE,FALSE,0.87,0,215,422,1,0,1.0658708164570453e-4
BG-MT4-P36,BG,4,XP223-OG,2,C,0,0,0,FALSE,1,-174,NA,NA,NA,NA,Old-Growth,50,NA,FALSE,FALSE,FALSE,0.87,0,215,422,0,0,1.0658708164570453e-4
BP-MT3-P4,BP,3,XP223-OG,2,C,2,2,2.5,FALSE,0,NA,NA,NA,NA,NA,Old-Growth,50,NA,FALSE,FALSE,FALSE,0.87,0,215,422,0,0.025,0.025101257727563418
BS-MT6-P58,BS,6,XP223-OG,2,C,1,1,60,FALSE,0,-280,NA,NA,NA,NA,Old-Growth,50,NA,FALSE,FALSE,FALSE,0.87,0,215,422,0,0.6,0.5999786825836708
CP-MT2-P67,CP,2,XP223-OG,2,C,NA,NA,NA,FALSE,1,-72,NA,NA,NA,NA,Old-Growth,50,NA,FALSE,FALSE,FALSE,0.87,0,215,422,NA,NA,NA
BU-MT1-P53,BU,1,XP223-OG,2,C,3,0,0,FALSE,0,-72,1.5150000000000001,26.244519388308113,0.184,0.042,Old-Growth,50,NA,FALSE,FALSE,FALSE,0.87,0,215,422,3,0,1.0658708164570453e-4
AE-MT2-P67,AE,2,XP223-OG,2,C,4,2,1,FALSE,0,NA,1.8475000000000001,19.102910209915564,0.284,0.049,Old-Growth,50,NA,FALSE,FALSE,FALSE,0.87,0,215,422,2,0.01,0.01010445534001279
EA-MT5-P85,EA,5,XP223-OG,2,C,13,4,1,FALSE,0,NA,3.3425,29.2530917415511,0.746,0.265,Old-Growth,50,NA,FALSE,FALSE,FALSE,0.87,0,215,422,9,0.01,0.01010445534001279
PG-MT3-P45,PG,3,XP223-OG,2,C,3,3,5,FALSE,0,NA,NA,NA,NA,NA,Old-Growth,50,NA,FALSE,FALSE,FALSE,0.87,0,215,422,0,0.05,0.05009592837348113
CH-MT3-P24,CH,3,XP223-OG,2,C,4,4,12.5,FALSE,0,-174,NA,NA,NA,NA,Old-Growth,50,NA,FALSE,FALSE,FALSE,0.87,0,215,422,0,0.125,0.1250799403112343
MC-MT1-P38,MC,1,XP223-OG,2,C,6,5,7.5,FALSE,0,-174,1.46,23.93143910615626,0.64,0.133,Old-Growth,50,NA,FALSE,FALSE,FALSE,0.87,0,215,422,1,0.075,0.07509059901939885
VB-MT3-P73,VB,3,XP223-OG,2,C,0,0,0,FALSE,0,NA,NA,NA,NA,NA,Old-Growth,50,NA,FALSE,FALSE,FALSE,0.87,0,215,422,0,0,1.0658708164570453e-4
PA-MT3-P20,PA,3,XP223-OG,2,C,10,4,15,FALSE,0,-280,NA,NA,NA,NA,Old-Growth,50,NA,FALSE,FALSE,FALSE,0.87,0,215,422,6,0.15,0.150074610957152
AE-MT2-P53,AE,2,XP223-OG,3,A,7,6,1,FALSE,0,NA,NA,NA,NA,NA,Old-Growth,50,NA,FALSE,FALSE,FALSE,0.87,0,215,422,1,0.01,0.01010445534001279
VB-MT3-P2,VB,3,XP223-OG,3,A,4,0,0,FALSE,0,NA,NA,NA,NA,NA,Old-Growth,50,NA,FALSE,FALSE,FALSE,0.87,0,215,422,4,0,1.0658708164570453e-4
BG-MT5-P64,BG,5,XP223-OG,3,A,22,12,2.5,FALSE,0,-174,NA,NA,NA,NA,Old-Growth,50,NA,FALSE,FALSE,FALSE,0.87,0,215,422,10,0.025,0.025101257727563418
CP-MT3-P53,CP,3,XP223-OG,3,A,5,5,1,FALSE,0,-72,NA,NA,NA,NA,Old-Growth,50,NA,FALSE,FALSE,FALSE,0.87,0,215,422,0,0.01,0.01010445534001279
OP-MT9-P60,OP,9,XP223-OG,3,A,NA,NA,NA,FALSE,0,-280,NA,NA,NA,NA,Old-Growth,50,NA,FALSE,FALSE,FALSE,0.87,0,215,422,NA,NA,NA
PA-MT3-P55,PA,3,XP223-OG,3,A,NA,NA,NA,FALSE,0,-22,NA,NA,NA,NA,Old-Growth,50,NA,FALSE,FALSE,FALSE,0.87,0,215,422,NA,NA,NA
DC-MT3-P38,DC,3,XP223-OG,3,A,0,0,0,FALSE,0,-174,NA,NA,NA,NA,Old-Growth,50,NA,FALSE,FALSE,FALSE,0.87,0,215,422,0,0,1.0658708164570453e-4
BU-MT5-P43,BU,5,XP223-OG,3,A,2,2,0.5,FALSE,0,-174,NA,NA,NA,NA,Old-Growth,50,NA,FALSE,FALSE,FALSE,0.87,0,215,422,0,0.005,0.005105521210829247
BP-MT4-P4,BP,4,XP223-OG,3,A,3,2,2.5,FALSE,0,NA,NA,NA,NA,NA,Old-Growth,50,NA,FALSE,FALSE,FALSE,0.87,0,215,422,1,0.025,0.025101257727563418
EA-MT4-P33,EA,4,XP223-OG,3,A,2,2,2.5,FALSE,0,NA,NA,NA,NA,NA,Old-Growth,50,NA,FALSE,FALSE,FALSE,0.87,0,215,422,0,0.025,0.025101257727563418
BS-MT1-P58,BS,1,XP223-OG,3,A,4,4,10,FALSE,0,-280,NA,NA,NA,NA,Old-Growth,50,NA,FALSE,FALSE,FALSE,0.87,0,215,422,0,0.1,0.10008526966531657
IS-MT2-P26,IS,2,XP223-OG,3,A,3,3,10,FALSE,0,-280,NA,NA,NA,NA,Old-Growth,50,NA,FALSE,FALSE,FALSE,0.87,0,215,422,0,0.1,0.10008526966531657
CH-MT2-P5,CH,2,XP223-OG,3,A,4,2,0.5,FALSE,0,-174,NA,NA,NA,NA,Old-Growth,50,NA,FALSE,FALSE,FALSE,0.87,0,215,422,2,0.005,0.005105521210829247
PG-MT2-P28,PG,2,XP223-OG,3,A,1,0,0,FALSE,0,NA,NA,NA,NA,NA,Old-Growth,50,NA,FALSE,FALSE,FALSE,0.87,0,215,422,1,0,1.0658708164570453e-4
BG-MT3-P10,BG,3,XP223-OG,3,B,7,1,0.5,FALSE,1,-174,NA,NA,NA,NA,Old-Growth,50,NA,FALSE,FALSE,FALSE,0.87,0,215,422,6,0.005,0.005105521210829247
PG-MT5-P9,PG,5,XP223-OG,3,B,1,1,10,FALSE,0,NA,NA,NA,NA,NA,Old-Growth,50,NA,FALSE,FALSE,FALSE,0.87,0,215,422,0,0.1,0.10008526966531657
CH-MT3-P77,CH,3,XP223-OG,3,B,NA,NA,NA,FALSE,1,-174,NA,NA,NA,NA,Old-Growth,50,NA,FALSE,FALSE,FALSE,0.87,0,215,422,NA,NA,NA
CH-MT5-P67,CH,5,XP223-OG,3,B,7,3,15,FALSE,0,NA,NA,NA,NA,NA,Old-Growth,50,NA,FALSE,FALSE,FALSE,0.87,0,215,422,4,0.15,0.150074610957152
IS-MT1-P10,IS,1,XP223-OG,3,B,3,2,2.5,FALSE,0,-72,NA,NA,NA,NA,Old-Growth,50,NA,FALSE,FALSE,FALSE,0.87,0,215,422,1,0.025,0.025101257727563418
OP-MT7-P1,OP,7,XP223-OG,3,B,NA,NA,NA,FALSE,1,-72,NA,NA,NA,NA,Old-Growth,50,NA,FALSE,FALSE,FALSE,0.87,0,215,422,NA,NA,NA
CP-MT3-P50,CP,3,XP223-OG,3,B,7,7,15,FALSE,0,-72,NA,NA,NA,NA,Old-Growth,50,NA,FALSE,FALSE,FALSE,0.87,0,215,422,0,0.15,0.150074610957152
BP-MT2-P61,BP,2,XP223-OG,3,B,5,5,7.5,FALSE,0,NA,NA,NA,NA,NA,Old-Growth,50,NA,FALSE,FALSE,FALSE,0.87,0,215,422,0,0.075,0.07509059901939885
AE-MT3-P24,AE,3,XP223-OG,3,B,7,3,1,FALSE,0,NA,NA,NA,NA,NA,Old-Growth,50,NA,FALSE,FALSE,FALSE,0.87,0,215,422,4,0.01,0.01010445534001279
BU-MT3-P72,BU,3,XP223-OG,3,B,2,1,0.5,FALSE,0,-174,NA,NA,NA,NA,Old-Growth,50,NA,FALSE,FALSE,FALSE,0.87,0,215,422,1,0.005,0.005105521210829247
BS-MT5-P59,BS,5,XP223-OG,3,B,5,1,7.5,FALSE,0,-280,NA,NA,NA,NA,Old-Growth,50,NA,FALSE,FALSE,FALSE,0.87,0,215,422,4,0.075,0.07509059901939885
DC-MT4-P77,DC,4,XP223-OG,3,B,6,5,2.5,FALSE,0,-174,NA,NA,NA,NA,Old-Growth,50,NA,FALSE,FALSE,FALSE,0.87,0,215,422,1,0.025,0.025101257727563418
EA-MT5-P5,EA,5,XP223-OG,3,B,20,17,10,FALSE,0,-280,NA,NA,NA,NA,Old-Growth,50,NA,FALSE,FALSE,FALSE,0.87,0,215,422,3,0.1,0.10008526966531657
VB-MT3-P72,VB,3,XP223-OG,3,B,0,0,0,FALSE,0,NA,NA,NA,NA,NA,Old-Growth,50,NA,FALSE,FALSE,FALSE,0.87,0,215,422,0,0,1.0658708164570453e-4
PA-MT7-P26,PA,7,XP223-OG,3,B,9,8,12.5,FALSE,0,-174,NA,NA,NA,NA,Old-Growth,50,NA,FALSE,FALSE,FALSE,0.87,0,215,422,1,0.125,0.1250799403112343
DC-MT1-P2,DC,1,XP223-OG,3,C,5,4,25,FALSE,0,-174,NA,NA,NA,NA,Old-Growth,50,NA,FALSE,FALSE,FALSE,0.87,0,215,422,1,0.25,0.25005329354082284
VB-MT5-P26,VB,5,XP223-OG,3,C,7,2,10,FALSE,0,NA,NA,29.8361428546619,NA,NA,Old-Growth,50,NA,FALSE,FALSE,FALSE,0.87,0,215,422,5,0.1,0.10008526966531657
MC-MT2-P53,MC,2,XP223-OG,3,C,7,5,20,FALSE,0,-174,2.025,27.91632496871039,0.703,0.161,Old-Growth,50,NA,FALSE,FALSE,FALSE,0.87,0,215,422,2,0.2,0.20006395224898743
BS-MT5-P11,BS,5,XP223-OG,3,C,3,2,30,FALSE,0,-174,NA,NA,NA,NA,Old-Growth,50,NA,FALSE,FALSE,FALSE,0.87,0,215,422,1,0.3,0.3000426348326583
IS-MT5-P26,IS,5,XP223-OG,3,C,4,4,10,FALSE,0,-280,2.855,27.310293501384123,1.499,0.145,Old-Growth,50,NA,FALSE,FALSE,FALSE,0.87,0,215,422,0,0.1,0.10008526966531657
AE-MT4-P72,AE,4,XP223-OG,3,C,7,5,2.5,FALSE,0,NA,NA,NA,NA,NA,Old-Growth,50,NA,FALSE,FALSE,FALSE,0.87,0,215,422,2,0.025,0.025101257727563418
EA-MT3-P9,EA,3,XP223-OG,3,C,11,11,15,FALSE,0,-72,3.8775000000000004,24.667416250205243,2.051,0.752,Old-Growth,50,NA,FALSE,FALSE,FALSE,0.87,0,215,422,0,0.15,0.150074610957152
PG-MT4-P54,PG,4,XP223-OG,3,C,6,3,10,FALSE,0,NA,NA,NA,NA,NA,Old-Growth,50,NA,FALSE,FALSE,FALSE,0.87,0,215,422,3,0.1,0.10008526966531657
BG-MT2-P9,BG,2,XP223-OG,3,C,12,6,1,FALSE,0,-174,1.9325,23.684132404396145,0.308,0.055,Old-Growth,50,NA,FALSE,FALSE,FALSE,0.87,0,215,422,6,0.01,0.01010445534001279
BP-MT4-P14,BP,4,XP223-OG,3,C,1,1,25,FALSE,0,NA,NA,NA,NA,NA,Old-Growth,50,NA,FALSE,FALSE,FALSE,0.87,0,215,422,0,0.25,0.25005329354082284
CH-MT2-P23,CH,2,XP223-OG,3,C,NA,NA,NA,FALSE,1,-174,NA,NA,NA,NA,Old-Growth,50,NA,FALSE,FALSE,FALSE,0.87,0,215,422,NA,NA,NA
CP-MT5-P66,CP,5,XP223-OG,3,C,2,1,2.5,FALSE,0,-174,NA,NA,NA,NA,Old-Growth,50,NA,FALSE,FALSE,FALSE,0.87,0,215,422,1,0.025,0.025101257727563418
BU-MT5-P6,BU,5,XP223-OG,3,C,4,1,1,FALSE,0,-174,2.4975,30.1448258634398,0.567,0.058,Old-Growth,50,NA,FALSE,FALSE,FALSE,0.87,0,215,422,3,0.01,0.01010445534001279
PA-MT7-P54,PA,7,XP223-OG,3,C,10,5,17.5,FALSE,0,NA,1.295,23.863668764078696,1.118,0.172,Old-Growth,50,NA,FALSE,FALSE,FALSE,0.87,0,215,422,5,0.175,0.1750692816030697
BS-MT7-P2,BS,7,XP223-OG,4,A,2,2,50,FALSE,0,-174,NA,NA,NA,NA,Old-Growth,50,NA,FALSE,FALSE,FALSE,0.87,0,215,422,0,0.5,0.5
OP-MT8-P39,OP,8,XP223-OG,4,A,NA,NA,NA,FALSE,1,-72,NA,NA,NA,NA,Old-Growth,50,NA,FALSE,FALSE,FALSE,0.87,0,215,422,NA,NA,NA
OP-MT9-P59,OP,9,XP223-OG,4,A,NA,NA,NA,FALSE,1,-280,NA,NA,NA,NA,Old-Growth,50,NA,FALSE,FALSE,FALSE,0.87,0,215,422,NA,NA,NA
IS-MT3-P29,IS,3,XP223-OG,4,A,2,1,7.5,FALSE,0,-22,NA,NA,NA,NA,Old-Growth,50,NA,FALSE,FALSE,FALSE,0.87,0,215,422,1,0.075,0.07509059901939885
CP-MT4-P17,CP,4,XP223-OG,4,A,5,4,0.5,FALSE,0,-72,NA,NA,NA,NA,Old-Growth,50,NA,FALSE,FALSE,FALSE,0.87,0,215,422,1,0.005,0.005105521210829247
BU-MT4-P74,BU,4,XP223-OG,4,A,3,1,0.5,FALSE,0,-174,NA,NA,NA,NA,Old-Growth,50,NA,FALSE,FALSE,FALSE,0.87,0,215,422,2,0.005,0.005105521210829247
DC-MT1-P25,DC,1,XP223-OG,4,A,6,6,5,FALSE,0,-174,NA,NA,NA,NA,Old-Growth,50,NA,FALSE,FALSE,FALSE,0.87,0,215,422,0,0.05,0.05009592837348113
PG-MT1-P30,PG,1,XP223-OG,4,A,3,2,0.5,FALSE,0,NA,NA,NA,NA,NA,Old-Growth,50,NA,FALSE,FALSE,FALSE,0.87,0,215,422,1,0.005,0.005105521210829247
BP-MT4-P70,BP,4,XP223-OG,4,A,3,2,0.5,FALSE,0,NA,NA,NA,NA,NA,Old-Growth,50,NA,FALSE,FALSE,FALSE,0.87,0,215,422,1,0.005,0.005105521210829247
VB-MT1-P20,VB,1,XP223-OG,4,A,12,7,10,FALSE,0,-174,NA,NA,NA,NA,Old-Growth,50,NA,FALSE,FALSE,FALSE,0.87,0,215,422,5,0.1,0.10008526966531657
BG-MT1-P6,BG,1,XP223-OG,4,A,0,0,0,FALSE,1,-174,NA,NA,NA,NA,Old-Growth,50,NA,FALSE,FALSE,FALSE,0.87,0,215,422,0,0,1.0658708164570453e-4
AE-MT1-P18,AE,1,XP223-OG,4,A,10,7,10,FALSE,0,NA,NA,NA,NA,NA,Old-Growth,50,NA,FALSE,FALSE,FALSE,0.87,0,215,422,3,0.1,0.10008526966531657
EA-MT1-P75,EA,1,XP223-OG,4,A,16,11,20,FALSE,0,-280,NA,NA,NA,NA,Old-Growth,50,NA,FALSE,FALSE,FALSE,0.87,0,215,422,5,0.2,0.20006395224898743
BP-MT5-P41,BP,5,XP223-OG,4,B,3,3,30,FALSE,0,NA,NA,NA,NA,NA,Old-Growth,50,NA,FALSE,FALSE,FALSE,0.87,0,215,422,0,0.3,0.3000426348326583
EA-MT3-P62,EA,3,XP223-OG,4,B,9,6,1,FALSE,0,NA,NA,NA,NA,NA,Old-Growth,50,NA,FALSE,FALSE,FALSE,0.87,0,215,422,3,0.01,0.01010445534001279
CP-MT4-P38,CP,4,XP223-OG,4,B,3,3,0.5,FALSE,0,-72,NA,NA,NA,NA,Old-Growth,50,NA,FALSE,FALSE,FALSE,0.87,0,215,422,0,0.005,0.005105521210829247
BG-MT3-P89,BG,3,XP223-OG,4,B,0,0,0,FALSE,1,-174,NA,NA,NA,NA,Old-Growth,50,NA,FALSE,FALSE,FALSE,0.87,0,215,422,0,0,1.0658708164570453e-4
CH-MT1-P10,CH,1,XP223-OG,4,B,2,2,45,FALSE,0,-72,NA,NA,NA,NA,Old-Growth,50,NA,FALSE,FALSE,FALSE,0.87,0,215,422,0,0.45,0.4500106587081646
IS-MT2-P85,IS,2,XP223-OG,4,B,3,3,0.5,FALSE,0,-22,NA,NA,NA,NA,Old-Growth,50,NA,FALSE,FALSE,FALSE,0.87,0,215,422,0,0.005,0.005105521210829247
DC-MT4-P1,DC,4,XP223-OG,4,B,3,2,10,FALSE,0,-174,NA,NA,NA,NA,Old-Growth,50,NA,FALSE,FALSE,FALSE,0.87,0,215,422,1,0.1,0.10008526966531657
PG-MT5-P18,PG,5,XP223-OG,4,B,5,3,5,FALSE,0,NA,NA,NA,NA,NA,Old-Growth,50,NA,FALSE,FALSE,FALSE,0.87,0,215,422,2,0.05,0.05009592837348113
OP-MT8-P36,OP,8,XP223-OG,4,B,NA,NA,NA,FALSE,1,-72,NA,NA,NA,NA,Old-Growth,50,NA,FALSE,FALSE,FALSE,0.87,0,215,422,NA,NA,NA
VB-MT4-P14,VB,4,XP223-OG,4,B,5,1,0.5,FALSE,0,NA,NA,NA,NA,NA,Old-Growth,50,NA,FALSE,FALSE,FALSE,0.87,0,215,422,4,0.005,0.005105521210829247
PA-MT6-P22,PA,6,XP223-OG,4,B,11,11,25,FALSE,0,-72,NA,NA,NA,NA,Old-Growth,50,NA,FALSE,FALSE,FALSE,0.87,0,215,422,0,0.25,0.25005329354082284
BS-MT6-P66,BS,6,XP223-OG,4,B,4,4,1,FALSE,0,-280,NA,NA,NA,NA,Old-Growth,50,NA,FALSE,FALSE,FALSE,0.87,0,215,422,0,0.01,0.01010445534001279
BU-MT3-P33,BU,3,XP223-OG,4,B,7,4,2.5,FALSE,0,-174,NA,NA,NA,NA,Old-Growth,50,NA,FALSE,FALSE,FALSE,0.87,0,215,422,3,0.025,0.025101257727563418
AE-MT4-P22,AE,4,XP223-OG,4,B,9,8,10,FALSE,0,NA,NA,NA,NA,NA,Old-Growth,50,NA,FALSE,FALSE,FALSE,0.87,0,215,422,1,0.1,0.10008526966531657
BS-MT5-P31,BS,5,XP223-OG,4,C,3,3,40,FALSE,0,-174,NA,NA,NA,NA,Old-Growth,50,NA,FALSE,FALSE,FALSE,0.87,0,215,422,0,0.4,0.4000213174163291
BU-MT4-P78,BU,4,XP223-OG,4,C,3,1,10,FALSE,0,-174,NA,27.601073129002067,NA,NA,Old-Growth,50,NA,FALSE,FALSE,FALSE,0.87,0,215,422,2,0.1,0.10008526966531657
BG-MT1-P68,BG,1,XP223-OG,4,C,NA,NA,NA,FALSE,1,-174,NA,NA,NA,NA,Old-Growth,50,NA,FALSE,FALSE,FALSE,0.87,0,215,422,NA,NA,NA
BG-MT1-P90,BG,1,XP223-OG,4,C,7,1,1,FALSE,0,NA,NA,NA,NA,NA,Old-Growth,50,NA,FALSE,FALSE,FALSE,0.87,0,215,422,6,0.01,0.01010445534001279
EA-MT1-P53,EA,1,XP223-OG,4,C,0,0,0,FALSE,0,-280,NA,NA,NA,NA,Old-Growth,50,NA,FALSE,FALSE,FALSE,0.87,0,215,422,0,0,1.0658708164570453e-4
MC-MT2-P11,MC,2,XP223-OG,4,C,4,2,1,FALSE,0,-174,1.5174999999999998,24.426153105235468,0.486,0.09,Old-Growth,50,NA,FALSE,FALSE,FALSE,0.87,0,215,422,2,0.01,0.01010445534001279
AE-MT1-P70,AE,1,XP223-OG,4,C,5,0,0,FALSE,0,NA,NA,NA,NA,NA,Old-Growth,50,NA,FALSE,FALSE,FALSE,0.87,0,215,422,5,0,1.0658708164570453e-4
CH-MT4-P88,CH,4,XP223-OG,4,C,NA,NA,NA,FALSE,0,-174,NA,NA,NA,NA,Old-Growth,50,NA,FALSE,FALSE,FALSE,0.87,0,215,422,NA,NA,NA
DC-MT2-P11,DC,2,XP223-OG,4,C,5,4,5,FALSE,0,-174,NA,NA,NA,NA,Old-Growth,50,NA,FALSE,FALSE,FALSE,0.87,0,215,422,1,0.05,0.05009592837348113
PG-MT5-P64,PG,5,XP223-OG,4,C,5,4,1,FALSE,0,NA,NA,NA,NA,NA,Old-Growth,50,NA,FALSE,FALSE,FALSE,0.87,0,215,422,1,0.01,0.01010445534001279
IS-MT1-P63,IS,1,XP223-OG,4,C,0,0,0,FALSE,0,-72,NA,NA,NA,NA,Old-Growth,50,NA,FALSE,FALSE,FALSE,0.87,0,215,422,0,0,1.0658708164570453e-4
CP-MT1-P1,CP,1,XP223-OG,4,C,2,2,10,FALSE,0,-174,NA,NA,NA,NA,Old-Growth,50,NA,FALSE,FALSE,FALSE,0.87,0,215,422,0,0.1,0.10008526966531657
BP-MT2-P58,BP,2,XP223-OG,4,C,2,2,7.5,FALSE,0,NA,NA,NA,NA,NA,Old-Growth,50,NA,FALSE,FALSE,FALSE,0.87,0,215,422,0,0.075,0.07509059901939885
VB-MT3-P12,VB,3,XP223-OG,4,C,4,2,7.5,FALSE,0,NA,1.145,18.26034287597767,0.233,0.027,Old-Growth,50,NA,FALSE,FALSE,FALSE,0.87,0,215,422,2,0.075,0.07509059901939885
VB-MT5-P66,VB,5,XP223-OG,5,A,NA,NA,NA,FALSE,0,NA,NA,NA,NA,NA,Old-Growth,50,NA,FALSE,FALSE,FALSE,0.87,0,215,422,NA,NA,NA
BU-MT4-P36,BU,4,XP223-OG,5,A,NA,NA,NA,FALSE,NA,NA,NA,NA,NA,NA,Old-Growth,50,NA,FALSE,FALSE,FALSE,0.87,0,215,422,NA,NA,NA
BU-MT4-P24,BU,4,XP223-OG,5,A,NA,NA,NA,FALSE,0,NA,NA,NA,NA,NA,Old-Growth,50,NA,FALSE,FALSE,FALSE,0.87,0,215,422,NA,NA,NA
BP-MT3-P11,BP,3,XP223-OG,5,A,NA,NA,NA,FALSE,0,NA,NA,NA,NA,NA,Old-Growth,50,NA,FALSE,FALSE,FALSE,0.87,0,215,422,NA,NA,NA
IS-MT3-P73,IS,3,XP223-OG,5,A,NA,NA,NA,FALSE,0,NA,NA,NA,NA,NA,Old-Growth,50,NA,FALSE,FALSE,FALSE,0.87,0,215,422,NA,NA,NA
IS-MT3-P73,IS,3,XP223-OG,5,A,NA,NA,NA,FALSE,0,-280,NA,NA,NA,NA,Old-Growth,50,NA,FALSE,FALSE,FALSE,0.87,0,215,422,NA,NA,NA
PG-MT3-P21,PG,3,XP223-OG,5,A,NA,NA,NA,FALSE,0,NA,NA,NA,NA,NA,Old-Growth,50,NA,FALSE,FALSE,FALSE,0.87,0,215,422,NA,NA,NA
AE-MT5-P3,AE,5,XP223-OG,5,A,NA,NA,NA,FALSE,0,NA,NA,NA,NA,NA,Old-Growth,50,NA,FALSE,FALSE,FALSE,0.87,0,215,422,NA,NA,NA
BG-MT5-P67,BG,5,XP223-OG,5,A,NA,NA,NA,FALSE,0,-174,NA,NA,NA,NA,Old-Growth,50,NA,FALSE,FALSE,FALSE,0.87,0,215,422,NA,NA,NA
DC-MT5-P22,DC,5,XP223-OG,5,A,NA,NA,NA,FALSE,1,-174,NA,NA,NA,NA,Old-Growth,50,NA,FALSE,FALSE,FALSE,0.87,0,215,422,NA,NA,NA
CH-MT2-P73,CH,2,XP223-OG,5,A,NA,NA,NA,FALSE,0,-174,NA,NA,NA,NA,Old-Growth,50,NA,FALSE,FALSE,FALSE,0.87,0,215,422,NA,NA,NA
BP-MT4-P57,BP,4,XP223-OG,5,B,NA,NA,NA,FALSE,0,NA,NA,NA,NA,NA,Old-Growth,50,NA,FALSE,FALSE,FALSE,0.87,0,215,422,NA,NA,NA
DC-MT1-P37,DC,1,XP223-OG,5,B,NA,NA,NA,FALSE,0,-174,NA,NA,NA,NA,Old-Growth,50,NA,FALSE,FALSE,FALSE,0.87,0,215,422,NA,NA,NA
PG-MT1-P18,PG,1,XP223-OG,5,B,NA,NA,NA,FALSE,0,NA,NA,NA,NA,NA,Old-Growth,50,NA,FALSE,FALSE,FALSE,0.87,0,215,422,NA,NA,NA
BS-MT1-P92,BS,1,XP223-OG,5,B,NA,NA,NA,FALSE,0,NA,NA,NA,NA,NA,Old-Growth,50,NA,FALSE,FALSE,FALSE,0.87,0,215,422,NA,NA,NA
CH-MT4-P75,CH,4,XP223-OG,5,B,NA,NA,NA,FALSE,0,-174,NA,NA,NA,NA,Old-Growth,50,NA,FALSE,FALSE,FALSE,0.87,0,215,422,NA,NA,NA
AE-MT2-P11,AE,2,XP223-OG,5,B,NA,NA,NA,FALSE,0,NA,NA,NA,NA,NA,Old-Growth,50,NA,FALSE,FALSE,FALSE,0.87,0,215,422,NA,NA,NA
VB-MT4-P8,VB,4,XP223-OG,5,B,NA,NA,NA,FALSE,0,NA,NA,NA,NA,NA,Old-Growth,50,NA,FALSE,FALSE,FALSE,0.87,0,215,422,NA,NA,NA
BG-MT2-P51,BG,2,XP223-OG,5,B,NA,NA,NA,FALSE,0,-174,NA,NA,NA,NA,Old-Growth,50,NA,FALSE,FALSE,FALSE,0.87,0,215,422,NA,NA,NA
EA-MT3-P27,EA,3,XP223-OG,5,B,NA,NA,NA,FALSE,0,NA,NA,NA,NA,NA,Old-Growth,50,NA,FALSE,FALSE,FALSE,0.87,0,215,422,NA,NA,NA
IS-MT2-P58,IS,2,XP223-OG,5,B,NA,NA,NA,FALSE,0,-280,NA,NA,NA,NA,Old-Growth,50,NA,FALSE,FALSE,FALSE,0.87,0,215,422,NA,NA,NA
CP-MT5-P10,CP,5,XP223-OG,5,B,NA,NA,NA,FALSE,0,-174,NA,NA,NA,NA,Old-Growth,50,NA,FALSE,FALSE,FALSE,0.87,0,215,422,NA,NA,NA
PG-MT3-P64,PG,3,XP223-OG,5,C,NA,NA,NA,FALSE,0,NA,NA,NA,NA,NA,Old-Growth,50,NA,FALSE,FALSE,FALSE,0.87,0,215,422,NA,NA,NA
DC-MT4-P60,DC,4,XP223-OG,5,C,NA,NA,NA,FALSE,0,-174,NA,NA,NA,NA,Old-Growth,50,NA,FALSE,FALSE,FALSE,0.87,0,215,422,NA,NA,NA
EA-MT4-P41,EA,4,XP223-OG,5,C,NA,NA,NA,FALSE,0,NA,NA,NA,NA,NA,Old-Growth,50,NA,FALSE,FALSE,FALSE,0.87,0,215,422,NA,NA,NA
BG-MT4-P45,BG,4,XP223-OG,5,C,NA,NA,NA,FALSE,0,-174,NA,NA,NA,NA,Old-Growth,50,NA,FALSE,FALSE,FALSE,0.87,0,215,422,NA,NA,NA
BP-MT4-P42,BP,4,XP223-OG,5,C,NA,NA,NA,FALSE,0,NA,NA,NA,NA,NA,Old-Growth,50,NA,FALSE,FALSE,FALSE,0.87,0,215,422,NA,NA,NA
VB-MT3-P1,VB,3,XP223-OG,5,C,NA,NA,NA,FALSE,0,NA,NA,NA,NA,NA,Old-Growth,50,NA,FALSE,FALSE,FALSE,0.87,0,215,422,NA,NA,NA
AE-MT4-P42,AE,4,XP223-OG,5,C,NA,NA,NA,FALSE,0,NA,NA,NA,NA,NA,Old-Growth,50,NA,FALSE,FALSE,FALSE,0.87,0,215,422,NA,NA,NA
IS-MT3-P76,IS,3,XP223-OG,5,C,NA,NA,NA,FALSE,0,NA,NA,NA,NA,NA,Old-Growth,50,NA,FALSE,FALSE,FALSE,0.87,0,215,422,NA,NA,NA
PG-MT2-P19,PG,2,XP214-PR,1,A,3,0,0,FALSE,0,20,NA,NA,NA,NA,Early regeneration,5,5,FALSE,FALSE,FALSE,0.57,115,0,185,3,0,1.0658708164570453e-4
CH-MT1-P49,CH,1,XP214-PR,1,A,NA,NA,NA,FALSE,1,280,NA,NA,NA,NA,Early regeneration,5,5,FALSE,FALSE,FALSE,0.57,115,0,185,NA,NA,NA
IS-MT2-P21,IS,2,XP214-PR,1,A,4,4,1,FALSE,0,322,NA,NA,NA,NA,Early regeneration,5,5,FALSE,FALSE,FALSE,0.57,115,0,185,0,0.01,0.01010445534001279
OP-MT9-P13,OP,9,XP214-PR,1,A,84,64,40,FALSE,0,322,NA,NA,NA,NA,Early regeneration,5,5,FALSE,FALSE,FALSE,0.57,115,0,185,20,0.4,0.4000213174163291
MC-MT2-P38,MC,2,XP214-PR,1,A,14,6,1,FALSE,0,167,NA,NA,NA,NA,Early regeneration,5,5,FALSE,FALSE,FALSE,0.57,115,0,185,8,0.01,0.01010445534001279
BP-MT2-P44,BP,2,XP214-PR,1,A,NA,NA,NA,FALSE,0,20,NA,NA,NA,NA,Early regeneration,5,5,FALSE,FALSE,FALSE,0.57,115,0,185,NA,NA,NA
DC-MT4-P55,DC,4,XP214-PR,1,A,5,5,2.5,FALSE,0,167,NA,NA,NA,NA,Early regeneration,5,5,FALSE,FALSE,FALSE,0.57,115,0,185,0,0.025,0.025101257727563418
PA-MT6-P36,PA,6,XP214-PR,1,A,219,69,1,FALSE,0,280,NA,NA,NA,NA,Early regeneration,5,5,FALSE,FALSE,FALSE,0.57,115,0,185,150,0.01,0.01010445534001279
BU-MT4-P53,BU,4,XP214-PR,1,A,3,2,0.5,FALSE,0,167,NA,NA,NA,NA,Early regeneration,5,5,FALSE,FALSE,FALSE,0.57,115,0,185,1,0.005,0.005105521210829247
BG-MT1-P11,BG,1,XP214-PR,1,A,79,7,0.5,FALSE,0,167,NA,NA,NA,NA,Early regeneration,5,5,FALSE,FALSE,FALSE,0.57,115,0,185,72,0.005,0.005105521210829247
CP-MT1-P21,CP,1,XP214-PR,1,A,2,2,1,FALSE,0,167,NA,NA,NA,NA,Early regeneration,5,5,FALSE,FALSE,FALSE,0.57,115,0,185,0,0.01,0.01010445534001279
VB-MT1-P29,VB,1,XP214-PR,1,A,516,113,1,FALSE,0,167,NA,NA,NA,NA,Early regeneration,5,5,FALSE,FALSE,FALSE,0.57,115,0,185,403,0.01,0.01010445534001279
AE-MT3-P70,AE,3,XP214-PR,1,A,10,3,10,FALSE,0,20,NA,NA,NA,NA,Early regeneration,5,5,FALSE,FALSE,FALSE,0.57,115,0,185,7,0.1,0.10008526966531657
MC-MT1-P64,MC,1,XP214-PR,1,B,22,13,0.5,FALSE,0,167,NA,NA,NA,NA,Early regeneration,5,5,FALSE,FALSE,FALSE,0.57,115,0,185,9,0.005,0.005105521210829247
PA-MT7-P33,PA,7,XP214-PR,1,B,24,6,0.5,FALSE,0,167,NA,NA,NA,NA,Early regeneration,5,5,FALSE,FALSE,FALSE,0.57,115,0,185,18,0.005,0.005105521210829247
VB-MT5-P21,VB,5,XP214-PR,1,B,32,1,0.5,FALSE,0,20,NA,NA,NA,NA,Early regeneration,5,5,FALSE,FALSE,FALSE,0.57,115,0,185,31,0.005,0.005105521210829247
BU-MT3-P49,BU,3,XP214-PR,1,B,3,0,0,FALSE,0,167,NA,NA,NA,NA,Early regeneration,5,5,FALSE,FALSE,FALSE,0.57,115,0,185,3,0,1.0658708164570453e-4
AE-MT1-P2,AE,1,XP214-PR,1,B,6,2,0.5,FALSE,0,20,NA,NA,NA,NA,Early regeneration,5,5,FALSE,FALSE,FALSE,0.57,115,0,185,4,0.005,0.005105521210829247
IS-MT1-P42,IS,1,XP214-PR,1,B,4,4,2.5,FALSE,0,280,NA,NA,NA,NA,Early regeneration,5,5,FALSE,FALSE,FALSE,0.57,115,0,185,0,0.025,0.025101257727563418
BP-MT1-P59,BP,1,XP214-PR,1,B,4,3,15,FALSE,0,20,NA,NA,NA,NA,Early regeneration,5,5,FALSE,FALSE,FALSE,0.57,115,0,185,1,0.15,0.150074610957152
BG-MT2-P60,BG,2,XP214-PR,1,B,80,8,0.5,FALSE,0,167,NA,NA,NA,NA,Early regeneration,5,5,FALSE,FALSE,FALSE,0.57,115,0,185,72,0.005,0.005105521210829247
CH-MT2-P71,CH,2,XP214-PR,1,B,4,3,5,FALSE,0,167,NA,NA,NA,NA,Early regeneration,5,5,FALSE,FALSE,FALSE,0.57,115,0,185,1,0.05,0.05009592837348113
OP-MT8-P12,OP,8,XP214-PR,1,B,56,31,30,FALSE,0,280,NA,NA,NA,NA,Early regeneration,5,5,FALSE,FALSE,FALSE,0.57,115,0,185,25,0.3,0.3000426348326583
CP-MT1-P60,CP,1,XP214-PR,1,B,0,0,0,FALSE,0,167,NA,NA,NA,NA,Early regeneration,5,5,FALSE,FALSE,FALSE,0.57,115,0,185,0,0,1.0658708164570453e-4
DC-MT1-P1,DC,1,XP214-PR,1,B,1,1,2.5,FALSE,0,167,NA,NA,NA,NA,Early regeneration,5,5,FALSE,FALSE,FALSE,0.57,115,0,185,0,0.025,0.025101257727563418
PG-MT5-P11,PG,5,XP214-PR,1,B,5,2,1,FALSE,0,20,NA,NA,NA,NA,Early regeneration,5,5,FALSE,FALSE,FALSE,0.57,115,0,185,3,0.01,0.01010445534001279
BS-MT7-P18,BS,7,XP214-PR,1,B,NA,NA,NA,FALSE,1,167,NA,NA,NA,NA,Early regeneration,5,5,FALSE,FALSE,FALSE,0.57,115,0,185,NA,NA,NA
PG-MT4-P61,PG,4,XP214-PR,1,C,4,1,0.5,FALSE,0,20,NA,NA,NA,NA,Early regeneration,5,5,FALSE,FALSE,FALSE,0.57,115,0,185,3,0.005,0.005105521210829247
VB-MT4-P71,VB,4,XP214-PR,1,C,16,1,0.5,FALSE,0,20,NA,NA,NA,NA,Early regeneration,5,5,FALSE,FALSE,FALSE,0.57,115,0,185,15,0.005,0.005105521210829247
PA-MT3-P59,PA,3,XP214-PR,1,C,6,2,5,FALSE,0,20,NA,NA,NA,NA,Early regeneration,5,5,FALSE,FALSE,FALSE,0.57,115,0,185,4,0.05,0.05009592837348113
CH-MT3-P66,CH,3,XP214-PR,1,C,19,13,1,FALSE,0,167,NA,NA,NA,NA,Early regeneration,5,5,FALSE,FALSE,FALSE,0.57,115,0,185,6,0.01,0.01010445534001279
OP-MT7-P45,OP,7,XP214-PR,1,C,54,36,5,FALSE,0,280,NA,NA,NA,NA,Early regeneration,5,5,FALSE,FALSE,FALSE,0.57,115,0,185,18,0.05,0.05009592837348113
AE-MT5-P38,AE,5,XP214-PR,1,C,10,1,0.5,FALSE,0,20,NA,NA,NA,NA,Early regeneration,5,5,FALSE,FALSE,FALSE,0.57,115,0,185,9,0.005,0.005105521210829247
DC-MT2-P47,DC,2,XP214-PR,1,C,1,1,0.5,FALSE,0,167,NA,NA,NA,NA,Early regeneration,5,5,FALSE,FALSE,FALSE,0.57,115,0,185,0,0.005,0.005105521210829247
EA-MT5-P96,EA,5,XP214-PR,1,C,16,8,0.5,FALSE,0,20,NA,NA,NA,NA,Early regeneration,5,5,FALSE,FALSE,FALSE,0.57,115,0,185,8,0.005,0.005105521210829247
CP-MT4-P44,CP,4,XP214-PR,1,C,8,5,0.5,FALSE,0,280,NA,NA,NA,NA,Early regeneration,5,5,FALSE,FALSE,FALSE,0.57,115,0,185,3,0.005,0.005105521210829247
BU-MT5-P50,BU,5,XP214-PR,1,C,0,0,0,FALSE,0,167,NA,NA,NA,NA,Early regeneration,5,5,FALSE,FALSE,FALSE,0.57,115,0,185,0,0,1.0658708164570453e-4
BP-MT3-P20,BP,3,XP214-PR,1,C,3,2,1,FALSE,0,20,NA,NA,NA,NA,Early regeneration,5,5,FALSE,FALSE,FALSE,0.57,115,0,185,1,0.01,0.01010445534001279
BG-MT3-P63,BG,3,XP214-PR,1,C,92,3,0.5,FALSE,0,167,NA,NA,NA,NA,Early regeneration,5,5,FALSE,FALSE,FALSE,0.57,115,0,185,89,0.005,0.005105521210829247
MC-MT1-P55,MC,1,XP214-PR,1,C,33,16,1,FALSE,0,167,NA,NA,NA,NA,Early regeneration,5,5,FALSE,FALSE,FALSE,0.57,115,0,185,17,0.01,0.01010445534001279
CP-MT2-P94,CP,2,XP214-PR,2,A,10,7,1,FALSE,0,280,NA,NA,NA,NA,Early regeneration,5,5,FALSE,FALSE,FALSE,0.57,115,0,185,3,0.01,0.01010445534001279
BS-MT6-P7,BS,6,XP214-PR,2,A,4,4,2.5,FALSE,0,167,NA,NA,NA,NA,Early regeneration,5,5,FALSE,FALSE,FALSE,0.57,115,0,185,0,0.025,0.025101257727563418
OP-MT9-P57,OP,9,XP214-PR,2,A,78,44,1,FALSE,0,322,NA,NA,NA,NA,Early regeneration,5,5,FALSE,FALSE,FALSE,0.57,115,0,185,34,0.01,0.01010445534001279
VB-MT1-P60,VB,1,XP214-PR,2,A,469,23,0.5,FALSE,0,167,NA,NA,NA,NA,Early regeneration,5,5,FALSE,FALSE,FALSE,0.57,115,0,185,446,0.005,0.005105521210829247
MC-MT3-P44,MC,3,XP214-PR,2,A,29,11,1,FALSE,0,167,NA,NA,NA,NA,Early regeneration,5,5,FALSE,FALSE,FALSE,0.57,115,0,185,18,0.01,0.01010445534001279
BP-MT4-P64,BP,4,XP214-PR,2,A,1,0,0,FALSE,0,20,NA,NA,NA,NA,Early regeneration,5,5,FALSE,FALSE,FALSE,0.57,115,0,185,1,0,1.0658708164570453e-4
PA-MT3-P45,PA,3,XP214-PR,2,A,220,56,1,FALSE,0,322,NA,NA,NA,NA,Early regeneration,5,5,FALSE,FALSE,FALSE,0.57,115,0,185,164,0.01,0.01010445534001279
AE-MT4-P1,AE,4,XP214-PR,2,A,21,1,0.5,FALSE,0,20,NA,NA,NA,NA,Early regeneration,5,5,FALSE,FALSE,FALSE,0.57,115,0,185,20,0.005,0.005105521210829247
BU-MT2-P44,BU,2,XP214-PR,2,A,NA,NA,NA,FALSE,1,167,NA,NA,NA,NA,Early regeneration,5,5,FALSE,FALSE,FALSE,0.57,115,0,185,NA,NA,NA
DC-MT1-P86,DC,1,XP214-PR,2,A,NA,NA,NA,FALSE,1,20,NA,NA,NA,NA,Early regeneration,5,5,FALSE,FALSE,FALSE,0.57,115,0,185,NA,NA,NA
IS-MT3-P31,IS,3,XP214-PR,2,A,NA,NA,NA,FALSE,1,322,NA,NA,NA,NA,Early regeneration,5,5,FALSE,FALSE,FALSE,0.57,115,0,185,NA,NA,NA
CH-MT4-P27,CH,4,XP214-PR,2,A,6,5,0.5,FALSE,0,167,NA,NA,NA,NA,Early regeneration,5,5,FALSE,FALSE,FALSE,0.57,115,0,185,1,0.005,0.005105521210829247
BG-MT5-P61,BG,5,XP214-PR,2,A,170,2,0.5,FALSE,0,167,NA,NA,NA,NA,Early regeneration,5,5,FALSE,FALSE,FALSE,0.57,115,0,185,168,0.005,0.005105521210829247
PG-MT3-P11,PG,3,XP214-PR,2,A,4,1,0.5,FALSE,0,20,NA,NA,NA,NA,Early regeneration,5,5,FALSE,FALSE,FALSE,0.57,115,0,185,3,0.005,0.005105521210829247
BG-MT1-P5,BG,1,XP214-PR,2,B,60,9,0.5,FALSE,0,167,NA,NA,NA,NA,Early regeneration,5,5,FALSE,FALSE,FALSE,0.57,115,0,185,51,0.005,0.005105521210829247
OP-MT2-P47,OP,2,XP214-PR,2,B,52,45,1,FALSE,0,322,NA,NA,NA,NA,Early regeneration,5,5,FALSE,FALSE,FALSE,0.57,115,0,185,7,0.01,0.01010445534001279
CH-MT4-P26,CH,4,XP214-PR,2,B,9,8,0.5,FALSE,0,167,NA,NA,NA,NA,Early regeneration,5,5,FALSE,FALSE,FALSE,0.57,115,0,185,1,0.005,0.005105521210829247
BP-MT1-P57,BP,1,XP214-PR,2,B,5,2,0.5,FALSE,0,20,NA,NA,NA,NA,Early regeneration,5,5,FALSE,FALSE,FALSE,0.57,115,0,185,3,0.005,0.005105521210829247
IS-MT2-P38,IS,2,XP214-PR,2,B,11,11,0.5,FALSE,0,322,NA,NA,NA,NA,Early regeneration,5,5,FALSE,FALSE,FALSE,0.57,115,0,185,0,0.005,0.005105521210829247
AE-MT3-P13,AE,3,XP214-PR,2,B,10,5,5,FALSE,0,20,NA,NA,NA,NA,Early regeneration,5,5,FALSE,FALSE,FALSE,0.57,115,0,185,5,0.05,0.05009592837348113
CP-MT4-P4,CP,4,XP214-PR,2,B,11,3,0.5,FALSE,0,280,NA,NA,NA,NA,Early regeneration,5,5,FALSE,FALSE,FALSE,0.57,115,0,185,8,0.005,0.005105521210829247
PG-MT5-P28,PG,5,XP214-PR,2,B,4,2,2.5,FALSE,0,20,NA,NA,NA,NA,Early regeneration,5,5,FALSE,FALSE,FALSE,0.57,115,0,185,2,0.025,0.025101257727563418
DC-MT3-P56,DC,3,XP214-PR,2,B,1,1,0.5,FALSE,0,167,NA,NA,NA,NA,Early regeneration,5,5,FALSE,FALSE,FALSE,0.57,115,0,185,0,0.005,0.005105521210829247
BU-MT5-P33,BU,5,XP214-PR,2,B,2,1,0.5,FALSE,0,167,NA,NA,NA,NA,Early regeneration,5,5,FALSE,FALSE,FALSE,0.57,115,0,185,1,0.005,0.005105521210829247
VB-MT3-P31,VB,3,XP214-PR,2,B,47,2,0.5,FALSE,0,20,NA,NA,NA,NA,Early regeneration,5,5,FALSE,FALSE,FALSE,0.57,115,0,185,45,0.005,0.005105521210829247
DC-MT1-P15,DC,1,XP214-PR,2,C,4,4,7.5,FALSE,0,20,NA,NA,NA,NA,Early regeneration,5,5,FALSE,FALSE,FALSE,0.57,115,0,185,0,0.075,0.07509059901939885
VB-MT3-P19,VB,3,XP214-PR,2,C,26,8,0.5,FALSE,0,20,NA,NA,NA,NA,Early regeneration,5,5,FALSE,FALSE,FALSE,0.57,115,0,185,18,0.005,0.005105521210829247
CH-MT3-P40,CH,3,XP214-PR,2,C,21,19,5,FALSE,0,167,NA,NA,NA,NA,Early regeneration,5,5,FALSE,FALSE,FALSE,0.57,115,0,185,2,0.05,0.05009592837348113
AE-MT5-P68,AE,5,XP214-PR,2,C,23,3,0.5,FALSE,0,20,NA,NA,NA,NA,Early regeneration,5,5,FALSE,FALSE,FALSE,0.57,115,0,185,20,0.005,0.005105521210829247
BG-MT1-P50,BG,1,XP214-PR,2,C,54,5,0.5,FALSE,0,167,NA,NA,NA,NA,Early regeneration,5,5,FALSE,FALSE,FALSE,0.57,115,0,185,49,0.005,0.005105521210829247
OP-MT6-P37,OP,6,XP214-PR,2,C,35,21,1,FALSE,0,280,NA,NA,NA,NA,Early regeneration,5,5,FALSE,FALSE,FALSE,0.57,115,0,185,14,0.01,0.01010445534001279
BU-MT1-P77,BU,1,XP214-PR,2,C,6,2,0.5,FALSE,0,280,NA,NA,NA,NA,Early regeneration,5,5,FALSE,FALSE,FALSE,0.57,115,0,185,4,0.005,0.005105521210829247
CP-MT3-P76,CP,3,XP214-PR,2,C,6,6,0.5,FALSE,0,280,NA,NA,NA,NA,Early regeneration,5,5,FALSE,FALSE,FALSE,0.57,115,0,185,0,0.005,0.005105521210829247
BP-MT3-P53,BP,3,XP214-PR,2,C,13,3,0.5,FALSE,0,20,NA,NA,NA,NA,Early regeneration,5,5,FALSE,FALSE,FALSE,0.57,115,0,185,10,0.005,0.005105521210829247
PG-MT3-P16,PG,3,XP214-PR,2,C,5,1,2.5,FALSE,0,20,NA,NA,NA,NA,Early regeneration,5,5,FALSE,FALSE,FALSE,0.57,115,0,185,4,0.025,0.025101257727563418
MC-MT3-P8,MC,3,XP214-PR,2,C,13,4,2.5,FALSE,0,167,NA,NA,NA,NA,Early regeneration,5,5,FALSE,FALSE,FALSE,0.57,115,0,185,9,0.025,0.025101257727563418
BU-MT4-P59,BU,4,XP214-PR,3,A,2,1,0.5,FALSE,0,167,NA,NA,NA,NA,Early regeneration,5,5,FALSE,FALSE,FALSE,0.57,115,0,185,1,0.005,0.005105521210829247
IS-MT3-P14,IS,3,XP214-PR,3,A,5,5,1,FALSE,0,322,NA,NA,NA,NA,Early regeneration,5,5,FALSE,FALSE,FALSE,0.57,115,0,185,0,0.01,0.01010445534001279
BP-MT1-P10,BP,1,XP214-PR,3,A,NA,NA,NA,FALSE,0,20,NA,NA,NA,NA,Early regeneration,5,5,FALSE,FALSE,FALSE,0.57,115,0,185,NA,NA,NA
CH-MT4-P51,CH,4,XP214-PR,3,A,20,14,2.5,FALSE,0,167,NA,NA,NA,NA,Early regeneration,5,5,FALSE,FALSE,FALSE,0.57,115,0,185,6,0.025,0.025101257727563418
DC-MT4-P47,DC,4,XP214-PR,3,A,NA,NA,NA,FALSE,1,167,NA,NA,NA,NA,Early regeneration,5,5,FALSE,FALSE,FALSE,0.57,115,0,185,NA,NA,NA
MC-MT2-P56,MC,2,XP214-PR,3,A,37,16,2.5,FALSE,0,167,NA,NA,NA,NA,Early regeneration,5,5,FALSE,FALSE,FALSE,0.57,115,0,185,21,0.025,0.025101257727563418
AE-MT5-P12,AE,5,XP214-PR,3,A,6,3,5,FALSE,0,20,NA,NA,NA,NA,Early regeneration,5,5,FALSE,FALSE,FALSE,0.57,115,0,185,3,0.05,0.05009592837348113
BS-MT5-P35,BS,5,XP214-PR,3,A,4,3,12.5,FALSE,0,167,NA,NA,NA,NA,Early regeneration,5,5,FALSE,FALSE,FALSE,0.57,115,0,185,1,0.125,0.1250799403112343
PG-MT4-P55,PG,4,XP214-PR,3,A,3,3,20,FALSE,0,20,NA,NA,NA,NA,Early regeneration,5,5,FALSE,FALSE,FALSE,0.57,115,0,185,0,0.2,0.20006395224898743
VB-MT2-P96,VB,2,XP214-PR,3,A,32,5,1,FALSE,0,20,NA,NA,NA,NA,Early regeneration,5,5,FALSE,FALSE,FALSE,0.57,115,0,185,27,0.01,0.01010445534001279
BG-MT5-P39,BG,5,XP214-PR,3,A,25,3,0.5,FALSE,0,167,NA,NA,NA,NA,Early regeneration,5,5,FALSE,FALSE,FALSE,0.57,115,0,185,22,0.005,0.005105521210829247
CP-MT5-P12,CP,5,XP214-PR,3,A,1,1,1,FALSE,0,167,NA,NA,NA,NA,Early regeneration,5,5,FALSE,FALSE,FALSE,0.57,115,0,185,0,0.01,0.01010445534001279
CH-MT5-P5,CH,5,XP214-PR,3,B,6,5,5,FALSE,0,167,NA,NA,NA,NA,Early regeneration,5,5,FALSE,FALSE,FALSE,0.57,115,0,185,1,0.05,0.05009592837348113
BG-MT3-P68,BG,3,XP214-PR,3,B,92,7,25,FALSE,0,167,NA,NA,NA,NA,Early regeneration,5,5,FALSE,FALSE,FALSE,0.57,115,0,185,85,0.25,0.25005329354082284
IS-MT5-P79,IS,5,XP214-PR,3,B,3,2,15,FALSE,0,322,NA,NA,NA,NA,Early regeneration,5,5,FALSE,FALSE,FALSE,0.57,115,0,185,1,0.15,0.150074610957152
OP-MT7-P56,OP,7,XP214-PR,3,B,34,15,50,FALSE,0,280,NA,NA,NA,NA,Early regeneration,5,5,FALSE,FALSE,FALSE,0.57,115,0,185,19,0.5,0.5
CP-MT5-P48,CP,5,XP214-PR,3,B,0,0,0,FALSE,0,167,NA,NA,NA,NA,Early regeneration,5,5,FALSE,FALSE,FALSE,0.57,115,0,185,0,0,1.0658708164570453e-4
BU-MT2-P14,BU,2,XP214-PR,3,B,NA,NA,NA,FALSE,1,167,NA,NA,NA,NA,Early regeneration,5,5,FALSE,FALSE,FALSE,0.57,115,0,185,NA,NA,NA
PG-MT1-P41,PG,1,XP214-PR,3,B,3,3,1,FALSE,0,20,NA,NA,NA,NA,Early regeneration,5,5,FALSE,FALSE,FALSE,0.57,115,0,185,0,0.01,0.01010445534001279
PA-MT7-P17,PA,7,XP214-PR,3,B,45,18,1,FALSE,0,167,NA,NA,NA,NA,Early regeneration,5,5,FALSE,FALSE,FALSE,0.57,115,0,185,27,0.01,0.01010445534001279
EA-MT3-P16,EA,3,XP214-PR,3,B,18,0,0,FALSE,0,280,NA,NA,NA,NA,Early regeneration,5,5,FALSE,FALSE,FALSE,0.57,115,0,185,18,0,1.0658708164570453e-4
BP-MT5-P14,BP,5,XP214-PR,3,B,0,0,0,FALSE,0,20,NA,NA,NA,NA,Early regeneration,5,5,FALSE,FALSE,FALSE,0.57,115,0,185,0,0,1.0658708164570453e-4
AE-MT2-P13,AE,2,XP214-PR,3,B,15,5,2.5,FALSE,0,20,NA,NA,NA,NA,Early regeneration,5,5,FALSE,FALSE,FALSE,0.57,115,0,185,10,0.025,0.025101257727563418
BS-MT1-P6,BS,1,XP214-PR,3,B,6,6,10,FALSE,0,167,NA,NA,NA,NA,Early regeneration,5,5,FALSE,FALSE,FALSE,0.57,115,0,185,0,0.1,0.10008526966531657
DC-MT5-P36,DC,5,XP214-PR,3,B,5,2,1,FALSE,0,167,NA,NA,NA,NA,Early regeneration,5,5,FALSE,FALSE,FALSE,0.57,115,0,185,3,0.01,0.01010445534001279
VB-MT4-P62,VB,4,XP214-PR,3,B,31,3,0.5,FALSE,0,20,NA,NA,NA,NA,Early regeneration,5,5,FALSE,FALSE,FALSE,0.57,115,0,185,28,0.005,0.005105521210829247
CH-MT5-P29,CH,5,XP214-PR,3,C,8,8,5,FALSE,0,167,NA,NA,NA,NA,Early regeneration,5,5,FALSE,FALSE,FALSE,0.57,115,0,185,0,0.05,0.05009592837348113
PG-MT5-P72,PG,5,XP214-PR,3,C,5,1,0.5,FALSE,0,20,NA,NA,NA,NA,Early regeneration,5,5,FALSE,FALSE,FALSE,0.57,115,0,185,4,0.005,0.005105521210829247
BU-MT1-P80,BU,1,XP214-PR,3,C,NA,NA,NA,FALSE,0,280,NA,NA,NA,NA,Early regeneration,5,5,FALSE,FALSE,FALSE,0.57,115,0,185,NA,NA,NA
BG-MT4-P65,BG,4,XP214-PR,3,C,24,2,1,FALSE,0,167,NA,NA,NA,NA,Early regeneration,5,5,FALSE,FALSE,FALSE,0.57,115,0,185,22,0.01,0.01010445534001279
OP-MT6-P32,OP,6,XP214-PR,3,C,13,10,40,FALSE,0,280,NA,NA,NA,NA,Early regeneration,5,5,FALSE,FALSE,FALSE,0.57,115,0,185,3,0.4,0.4000213174163291
VB-MT3-P49,VB,3,XP214-PR,3,C,19,4,0.5,FALSE,0,20,NA,NA,NA,NA,Early regeneration,5,5,FALSE,FALSE,FALSE,0.57,115,0,185,15,0.005,0.005105521210829247
PA-MT6-P58,PA,6,XP214-PR,3,C,72,15,0.5,FALSE,0,280,NA,NA,NA,NA,Early regeneration,5,5,FALSE,FALSE,FALSE,0.57,115,0,185,57,0.005,0.005105521210829247
IS-MT4-P45,IS,4,XP214-PR,3,C,4,2,0.5,FALSE,0,280,NA,NA,NA,NA,Early regeneration,5,5,FALSE,FALSE,FALSE,0.57,115,0,185,2,0.005,0.005105521210829247
DC-MT5-P20,DC,5,XP214-PR,3,C,NA,NA,NA,FALSE,1,167,NA,NA,NA,NA,Early regeneration,5,5,FALSE,FALSE,FALSE,0.57,115,0,185,NA,NA,NA
BP-MT2-P37,BP,2,XP214-PR,3,C,3,0,0,FALSE,0,20,NA,NA,NA,NA,Early regeneration,5,5,FALSE,FALSE,FALSE,0.57,115,0,185,3,0,1.0658708164570453e-4
AE-MT1-P37,AE,1,XP214-PR,3,C,8,1,0.5,FALSE,0,20,NA,NA,NA,NA,Early regeneration,5,5,FALSE,FALSE,FALSE,0.57,115,0,185,7,0.005,0.005105521210829247
MC-MT3-P32,MC,3,XP214-PR,3,C,NA,NA,NA,FALSE,0,NA,NA,NA,NA,NA,Early regeneration,5,5,FALSE,FALSE,FALSE,0.57,115,0,185,NA,NA,NA
MC-MT2-P6,MC,2,XP214-PR,3,C,10,4,2.5,FALSE,0,20,NA,NA,NA,NA,Early regeneration,5,5,FALSE,FALSE,FALSE,0.57,115,0,185,6,0.025,0.025101257727563418
VB-MT4-P38,VB,4,XP214-PR,4,A,52,4,0.5,FALSE,0,20,NA,NA,NA,NA,Early regeneration,5,5,FALSE,FALSE,FALSE,0.57,115,0,185,48,0.005,0.005105521210829247
MC-MT1-P27,MC,1,XP214-PR,4,A,54,8,0.5,FALSE,0,167,NA,NA,NA,NA,Early regeneration,5,5,FALSE,FALSE,FALSE,0.57,115,0,185,46,0.005,0.005105521210829247
BG-MT3-P86,BG,3,XP214-PR,4,A,187,4,2.5,FALSE,0,167,NA,NA,NA,NA,Early regeneration,5,5,FALSE,FALSE,FALSE,0.57,115,0,185,183,0.025,0.025101257727563418
CH-MT1-P57,CH,1,XP214-PR,4,A,NA,NA,NA,FALSE,0,280,NA,NA,NA,NA,Early regeneration,5,5,FALSE,FALSE,FALSE,0.57,115,0,185,NA,NA,NA
CH-MT3-P76,CH,3,XP214-PR,4,A,2,0,0,FALSE,0,20,NA,NA,NA,NA,Early regeneration,5,5,FALSE,FALSE,FALSE,0.57,115,0,185,2,0,1.0658708164570453e-4
EA-MT2-P5,EA,2,XP214-PR,4,A,10,6,5,FALSE,0,280,NA,NA,NA,NA,Early regeneration,5,5,FALSE,FALSE,FALSE,0.57,115,0,185,4,0.05,0.05009592837348113
OP-MT2-P35,OP,2,XP214-PR,4,A,21,6,0.5,FALSE,0,322,NA,NA,NA,NA,Early regeneration,5,5,FALSE,FALSE,FALSE,0.57,115,0,185,15,0.005,0.005105521210829247
BS-MT6-P3,BS,6,XP214-PR,4,A,NA,NA,NA,FALSE,1,167,NA,NA,NA,NA,Early regeneration,5,5,FALSE,FALSE,FALSE,0.57,115,0,185,NA,NA,NA
PA-MT3-P74,PA,3,XP214-PR,4,A,85,11,0.5,FALSE,0,322,NA,NA,NA,NA,Early regeneration,5,5,FALSE,FALSE,FALSE,0.57,115,0,185,74,0.005,0.005105521210829247
DC-MT3-P3,DC,3,XP214-PR,4,A,NA,NA,NA,FALSE,1,167,NA,NA,NA,NA,Early regeneration,5,5,FALSE,FALSE,FALSE,0.57,115,0,185,NA,NA,NA
IS-MT5-P39,IS,5,XP214-PR,4,A,10,6,0.5,FALSE,0,322,NA,NA,NA,NA,Early regeneration,5,5,FALSE,FALSE,FALSE,0.57,115,0,185,4,0.005,0.005105521210829247
BU-MT3-P61,BU,3,XP214-PR,4,A,NA,NA,NA,FALSE,1,167,NA,NA,NA,NA,Early regeneration,5,5,FALSE,FALSE,FALSE,0.57,115,0,185,NA,NA,NA
AE-MT4-P55,AE,4,XP214-PR,4,A,3,0,0,FALSE,0,20,NA,NA,NA,NA,Early regeneration,5,5,FALSE,FALSE,FALSE,0.57,115,0,185,3,0,1.0658708164570453e-4
PG-MT1-P22,PG,1,XP214-PR,4,A,2,0,0,FALSE,0,20,NA,NA,NA,NA,Early regeneration,5,5,FALSE,FALSE,FALSE,0.57,115,0,185,2,0,1.0658708164570453e-4
BP-MT2-P20,BP,2,XP214-PR,4,A,2,1,0.5,FALSE,0,20,NA,NA,NA,NA,Early regeneration,5,5,FALSE,FALSE,FALSE,0.57,115,0,185,1,0.005,0.005105521210829247
BP-MT4-P13,BP,4,XP214-PR,4,B,NA,NA,NA,FALSE,1,20,NA,NA,NA,NA,Early regeneration,5,5,FALSE,FALSE,FALSE,0.57,115,0,185,NA,NA,NA
PG-MT2-P48,PG,2,XP214-PR,4,B,4,1,0.5,FALSE,0,20,NA,NA,NA,NA,Early regeneration,5,5,FALSE,FALSE,FALSE,0.57,115,0,185,3,0.005,0.005105521210829247
MC-MT2-P47,MC,2,XP214-PR,4,B,52,14,0.5,FALSE,0,167,NA,NA,NA,NA,Early regeneration,5,5,FALSE,FALSE,FALSE,0.57,115,0,185,38,0.005,0.005105521210829247
BG-MT2-P42,BG,2,XP214-PR,4,B,14,0,0,FALSE,0,167,NA,NA,NA,NA,Early regeneration,5,5,FALSE,FALSE,FALSE,0.57,115,0,185,14,0,1.0658708164570453e-4
CP-MT3-P48,CP,3,XP214-PR,4,B,2,1,2.5,FALSE,0,280,NA,NA,NA,NA,Early regeneration,5,5,FALSE,FALSE,FALSE,0.57,115,0,185,1,0.025,0.025101257727563418
AE-MT3-P67,AE,3,XP214-PR,4,B,7,2,5,FALSE,0,20,NA,NA,NA,NA,Early regeneration,5,5,FALSE,FALSE,FALSE,0.57,115,0,185,5,0.05,0.05009592837348113
EA-MT4-P31,EA,4,XP214-PR,4,B,12,2,15,FALSE,0,20,NA,NA,NA,NA,Early regeneration,5,5,FALSE,FALSE,FALSE,0.57,115,0,185,10,0.15,0.150074610957152
OP-MT8-P28,OP,8,XP214-PR,4,B,11,1,30,FALSE,0,280,NA,NA,NA,NA,Early regeneration,5,5,FALSE,FALSE,FALSE,0.57,115,0,185,10,0.3,0.3000426348326583
IS-MT4-P47,IS,4,XP214-PR,4,B,4,1,0.5,FALSE,0,280,NA,NA,NA,NA,Early regeneration,5,5,FALSE,FALSE,FALSE,0.57,115,0,185,3,0.005,0.005105521210829247
CH-MT2-P2,CH,2,XP214-PR,4,B,4,3,0.5,FALSE,0,167,NA,NA,NA,NA,Early regeneration,5,5,FALSE,FALSE,FALSE,0.57,115,0,185,1,0.005,0.005105521210829247
BU-MT4-P65,BU,4,XP214-PR,4,B,2,1,0.5,FALSE,0,167,NA,NA,NA,NA,Early regeneration,5,5,FALSE,FALSE,FALSE,0.57,115,0,185,1,0.005,0.005105521210829247
VB-MT3-P16,VB,3,XP214-PR,4,B,16,3,0.5,FALSE,0,20,NA,NA,NA,NA,Early regeneration,5,5,FALSE,FALSE,FALSE,0.57,115,0,185,13,0.005,0.005105521210829247
DC-MT1-P65,DC,1,XP214-PR,4,B,NA,NA,NA,FALSE,1,167,NA,NA,NA,NA,Early regeneration,5,5,FALSE,FALSE,FALSE,0.57,115,0,185,NA,NA,NA
IS-MT1-P52,IS,1,XP214-PR,4,C,6,4,0.5,FALSE,0,280,NA,NA,NA,NA,Early regeneration,5,5,FALSE,FALSE,FALSE,0.57,115,0,185,2,0.005,0.005105521210829247
VB-MT5-P23,VB,5,XP214-PR,4,C,43,2,0.5,FALSE,0,20,NA,NA,NA,NA,Early regeneration,5,5,FALSE,FALSE,FALSE,0.57,115,0,185,41,0.005,0.005105521210829247
CP-MT2-P92,CP,2,XP214-PR,4,C,3,2,0.5,FALSE,0,280,NA,NA,NA,NA,Early regeneration,5,5,FALSE,FALSE,FALSE,0.57,115,0,185,1,0.005,0.005105521210829247
CH-MT4-P17,CH,4,XP214-PR,4,C,9,8,0.5,FALSE,0,167,NA,NA,NA,NA,Early regeneration,5,5,FALSE,FALSE,FALSE,0.57,115,0,185,1,0.005,0.005105521210829247
BG-MT4-P61,BG,4,XP214-PR,4,C,8,6,5,FALSE,0,167,NA,NA,NA,NA,Early regeneration,5,5,FALSE,FALSE,FALSE,0.57,115,0,185,2,0.05,0.05009592837348113
BP-MT4-P55,BP,4,XP214-PR,4,C,NA,NA,NA,FALSE,0,20,NA,NA,NA,NA,Early regeneration,5,5,FALSE,FALSE,FALSE,0.57,115,0,185,NA,NA,NA
EA-MT4-P71,EA,4,XP214-PR,4,C,59,17,0.5,FALSE,0,280,NA,NA,NA,NA,Early regeneration,5,5,FALSE,FALSE,FALSE,0.57,115,0,185,42,0.005,0.005105521210829247
PG-MT2-P32,PG,2,XP214-PR,4,C,3,2,25,FALSE,0,20,NA,NA,NA,NA,Early regeneration,5,5,FALSE,FALSE,FALSE,0.57,115,0,185,1,0.25,0.25005329354082284
AE-MT2-P10,AE,2,XP214-PR,4,C,8,1,0.5,FALSE,0,20,NA,NA,NA,NA,Early regeneration,5,5,FALSE,FALSE,FALSE,0.57,115,0,185,7,0.005,0.005105521210829247
BU-MT3-P83,BU,3,XP214-PR,4,C,8,1,0.5,FALSE,0,167,NA,NA,NA,NA,Early regeneration,5,5,FALSE,FALSE,FALSE,0.57,115,0,185,7,0.005,0.005105521210829247
OP-MT9-P16,OP,9,XP214-PR,5,A,NA,NA,NA,FALSE,0,322,NA,NA,NA,NA,Early regeneration,5,5,FALSE,FALSE,FALSE,0.57,115,0,185,NA,NA,NA
PA-MT3-P42,PA,3,XP214-PR,5,A,NA,NA,NA,FALSE,0,322,NA,NA,NA,NA,Early regeneration,5,5,FALSE,FALSE,FALSE,0.57,115,0,185,NA,NA,NA
CP-MT4-P57,CP,4,XP214-PR,5,A,NA,NA,NA,FALSE,0,280,NA,NA,NA,NA,Early regeneration,5,5,FALSE,FALSE,FALSE,0.57,115,0,185,NA,NA,NA
IS-MT3-P99,IS,3,XP214-PR,5,A,NA,NA,NA,FALSE,0,20,NA,NA,NA,NA,Early regeneration,5,5,FALSE,FALSE,FALSE,0.57,115,0,185,NA,NA,NA
BU-MT1-P17,BU,1,XP214-PR,5,A,NA,NA,NA,FALSE,1,280,NA,NA,NA,NA,Early regeneration,5,5,FALSE,FALSE,FALSE,0.57,115,0,185,NA,NA,NA
AE-MT3-P17,AE,3,XP214-PR,5,A,NA,NA,NA,FALSE,0,20,NA,NA,NA,NA,Early regeneration,5,5,FALSE,FALSE,FALSE,0.57,115,0,185,NA,NA,NA
BG-MT5-P50,BG,5,XP214-PR,5,A,NA,NA,NA,FALSE,0,167,NA,NA,NA,NA,Early regeneration,5,5,FALSE,FALSE,FALSE,0.57,115,0,185,NA,NA,NA
DC-MT4-P19,DC,4,XP214-PR,5,A,NA,NA,NA,FALSE,1,167,NA,NA,NA,NA,Early regeneration,5,5,FALSE,FALSE,FALSE,0.57,115,0,185,NA,NA,NA
PG-MT1-P34,PG,1,XP214-PR,5,A,NA,NA,NA,FALSE,0,20,NA,NA,NA,NA,Early regeneration,5,5,FALSE,FALSE,FALSE,0.57,115,0,185,NA,NA,NA
IS-MT2-P56,IS,2,XP214-PR,5,B,NA,NA,NA,FALSE,1,322,NA,NA,NA,NA,Early regeneration,5,5,FALSE,FALSE,FALSE,0.57,115,0,185,NA,NA,NA
CP-MT2-P88,CP,2,XP214-PR,5,B,NA,NA,NA,FALSE,0,280,NA,NA,NA,NA,Early regeneration,5,5,FALSE,FALSE,FALSE,0.57,115,0,185,NA,NA,NA
PA-MT6-P20,PA,6,XP214-PR,5,B,NA,NA,NA,FALSE,0,280,NA,NA,NA,NA,Early regeneration,5,5,FALSE,FALSE,FALSE,0.57,115,0,185,NA,NA,NA
DC-MT1-P53,DC,1,XP214-PR,5,B,NA,NA,NA,FALSE,0,167,NA,NA,NA,NA,Early regeneration,5,5,FALSE,FALSE,FALSE,0.57,115,0,185,NA,NA,NA
AE-MT5-P73,AE,5,XP214-PR,5,B,NA,NA,NA,FALSE,0,20,NA,NA,NA,NA,Early regeneration,5,5,FALSE,FALSE,FALSE,0.57,115,0,185,NA,NA,NA
BG-MT4-P31,BG,4,XP214-PR,5,B,NA,NA,NA,FALSE,0,167,NA,NA,NA,NA,Early regeneration,5,5,FALSE,FALSE,FALSE,0.57,115,0,185,NA,NA,NA
CH-MT3-P15,CH,3,XP214-PR,5,B,NA,NA,NA,FALSE,0,167,NA,NA,NA,NA,Early regeneration,5,5,FALSE,FALSE,FALSE,0.57,115,0,185,NA,NA,NA
PG-MT4-P20,PG,4,XP214-PR,5,B,NA,NA,NA,FALSE,0,20,NA,NA,NA,NA,Early regeneration,5,5,FALSE,FALSE,FALSE,0.57,115,0,185,NA,NA,NA
CP-MT2-P83,CP,2,XP214-PR,5,C,NA,NA,NA,FALSE,0,280,NA,NA,NA,NA,Early regeneration,5,5,FALSE,FALSE,FALSE,0.57,115,0,185,NA,NA,NA
OP-MT7-P38,OP,7,XP214-PR,5,C,NA,NA,NA,FALSE,0,280,NA,NA,NA,NA,Early regeneration,5,5,FALSE,FALSE,FALSE,0.57,115,0,185,NA,NA,NA
PG-MT4-P38,PG,4,XP214-PR,5,C,NA,NA,NA,FALSE,0,20,NA,NA,NA,NA,Early regeneration,5,5,FALSE,FALSE,FALSE,0.57,115,0,185,NA,NA,NA
AE-MT1-P49,AE,1,XP214-PR,5,C,NA,NA,NA,FALSE,0,20,NA,NA,NA,NA,Early regeneration,5,5,FALSE,FALSE,FALSE,0.57,115,0,185,NA,NA,NA
BG-MT2-P86,BG,2,XP214-PR,5,C,NA,NA,NA,FALSE,0,167,NA,NA,NA,NA,Early regeneration,5,5,FALSE,FALSE,FALSE,0.57,115,0,185,NA,NA,NA
IS-MT3-P86,IS,3,XP214-PR,5,C,NA,NA,NA,FALSE,0,20,NA,NA,NA,NA,Early regeneration,5,5,FALSE,FALSE,FALSE,0.57,115,0,185,NA,NA,NA
CH-MT2-P75,CH,2,XP214-PR,5,C,NA,NA,NA,FALSE,1,167,NA,NA,NA,NA,Early regeneration,5,5,FALSE,FALSE,FALSE,0.57,115,0,185,NA,NA,NA
DC-MT5-P17,DC,5,XP214-PR,5,C,NA,NA,NA,FALSE,1,167,NA,NA,NA,NA,Early regeneration,5,5,FALSE,FALSE,FALSE,0.57,115,0,185,NA,NA,NA
CP-MT3-P10,CP,3,XP215-PR,1,A,8,7,5,FALSE,0,281,NA,NA,NA,NA,Early regeneration,3,3,FALSE,FALSE,FALSE,0.52,27,0,248,1,0.05,0.05009592837348113
PG-MT2-P20,PG,2,XP215-PR,1,A,3,1,0.5,FALSE,0,18,NA,NA,NA,NA,Early regeneration,3,3,FALSE,FALSE,FALSE,0.52,27,0,248,2,0.005,0.005105521210829247
CH-MT2-P18,CH,2,XP215-PR,1,A,8,5,0.5,FALSE,0,166,NA,NA,NA,NA,Early regeneration,3,3,FALSE,FALSE,FALSE,0.52,27,0,248,3,0.005,0.005105521210829247
IS-MT2-P69,IS,2,XP215-PR,1,A,4,4,5,FALSE,0,323,NA,NA,NA,NA,Early regeneration,3,3,FALSE,FALSE,FALSE,0.52,27,0,248,0,0.05,0.05009592837348113
PA-MT3-P2,PA,3,XP215-PR,1,A,536,237,0.5,FALSE,0,323,NA,NA,NA,NA,Early regeneration,3,3,FALSE,FALSE,FALSE,0.52,27,0,248,299,0.005,0.005105521210829247
OP-MT2-P5,OP,2,XP215-PR,1,A,55,34,5,FALSE,0,323,NA,NA,NA,NA,Early regeneration,3,3,FALSE,FALSE,FALSE,0.52,27,0,248,21,0.05,0.05009592837348113
BG-MT4-P22,BG,4,XP215-PR,1,A,47,1,0.5,FALSE,0,166,NA,NA,NA,NA,Early regeneration,3,3,FALSE,FALSE,FALSE,0.52,27,0,248,46,0.005,0.005105521210829247
BU-MT4-P32,BU,4,XP215-PR,1,A,NA,NA,NA,FALSE,1,166,NA,NA,NA,NA,Early regeneration,3,3,FALSE,FALSE,FALSE,0.52,27,0,248,NA,NA,NA
BS-MT7-P24,BS,7,XP215-PR,1,A,2,2,1,FALSE,0,166,NA,NA,NA,NA,Early regeneration,3,3,FALSE,FALSE,FALSE,0.52,27,0,248,0,0.01,0.01010445534001279
BP-MT2-P73,BP,2,XP215-PR,1,A,NA,NA,NA,FALSE,1,18,NA,NA,NA,NA,Early regeneration,3,3,FALSE,FALSE,FALSE,0.52,27,0,248,NA,NA,NA
AE-MT4-P46,AE,4,XP215-PR,1,A,13,3,0.5,FALSE,0,18,NA,NA,NA,NA,Early regeneration,3,3,FALSE,FALSE,FALSE,0.52,27,0,248,10,0.005,0.005105521210829247
VB-MT2-P46,VB,2,XP215-PR,1,A,20,0,0,FALSE,0,18,NA,NA,NA,NA,Early regeneration,3,3,FALSE,FALSE,FALSE,0.52,27,0,248,20,0,1.0658708164570453e-4
DC-MT2-P7,DC,2,XP215-PR,1,B,NA,NA,NA,FALSE,1,166,NA,NA,NA,NA,Early regeneration,3,3,FALSE,FALSE,FALSE,0.52,27,0,248,NA,NA,NA
IS-MT5-P69,IS,5,XP215-PR,1,B,4,3,2.5,FALSE,0,323,NA,NA,NA,NA,Early regeneration,3,3,FALSE,FALSE,FALSE,0.52,27,0,248,1,0.025,0.025101257727563418
OP-MT6-P41,OP,6,XP215-PR,1,B,68,56,10,FALSE,0,281,NA,NA,NA,NA,Early regeneration,3,3,FALSE,FALSE,FALSE,0.52,27,0,248,12,0.1,0.10008526966531657
VB-MT3-P60,VB,3,XP215-PR,1,B,30,2,0.5,FALSE,0,18,NA,NA,NA,NA,Early regeneration,3,3,FALSE,FALSE,FALSE,0.52,27,0,248,28,0.005,0.005105521210829247
BP-MT1-P60,BP,1,XP215-PR,1,B,1,1,30,FALSE,0,18,NA,NA,NA,NA,Early regeneration,3,3,FALSE,FALSE,FALSE,0.52,27,0,248,0,0.3,0.3000426348326583
PG-MT5-P58,PG,5,XP215-PR,1,B,3,1,0.5,FALSE,0,18,NA,NA,NA,NA,Early regeneration,3,3,FALSE,FALSE,FALSE,0.52,27,0,248,2,0.005,0.005105521210829247
EA-MT4-P29,EA,4,XP215-PR,1,B,6,1,0.5,FALSE,0,18,NA,NA,NA,NA,Early regeneration,3,3,FALSE,FALSE,FALSE,0.52,27,0,248,5,0.005,0.005105521210829247
CH-MT1-P31,CH,1,XP215-PR,1,B,NA,NA,NA,FALSE,1,281,NA,NA,NA,NA,Early regeneration,3,3,FALSE,FALSE,FALSE,0.52,27,0,248,NA,NA,NA
BG-MT3-P85,BG,3,XP215-PR,1,B,91,3,0.5,FALSE,0,166,NA,NA,NA,NA,Early regeneration,3,3,FALSE,FALSE,FALSE,0.52,27,0,248,88,0.005,0.005105521210829247
AE-MT1-P67,AE,1,XP215-PR,1,B,26,5,1,FALSE,0,18,NA,NA,NA,NA,Early regeneration,3,3,FALSE,FALSE,FALSE,0.52,27,0,248,21,0.01,0.01010445534001279
BU-MT4-P22,BU,4,XP215-PR,1,B,2,0,0,FALSE,0,166,NA,NA,NA,NA,Early regeneration,3,3,FALSE,FALSE,FALSE,0.52,27,0,248,2,0,1.0658708164570453e-4
DC-MT3-P26,DC,3,XP215-PR,1,C,NA,NA,NA,FALSE,1,166,NA,NA,NA,NA,Early regeneration,3,3,FALSE,FALSE,FALSE,0.52,27,0,248,NA,NA,NA
AE-MT2-P36,AE,2,XP215-PR,1,C,7,0,0,FALSE,0,18,NA,NA,NA,NA,Early regeneration,3,3,FALSE,FALSE,FALSE,0.52,27,0,248,7,0,1.0658708164570453e-4
PA-MT7-P28,PA,7,XP215-PR,1,C,68,22,0.5,FALSE,0,166,NA,NA,NA,NA,Early regeneration,3,3,FALSE,FALSE,FALSE,0.52,27,0,248,46,0.005,0.005105521210829247
OP-MT6-P19,OP,6,XP215-PR,1,C,46,46,7.5,FALSE,0,281,NA,NA,NA,NA,Early regeneration,3,3,FALSE,FALSE,FALSE,0.52,27,0,248,0,0.075,0.07509059901939885
VB-MT1-P54,VB,1,XP215-PR,1,C,28,3,0.5,FALSE,0,166,NA,NA,NA,NA,Early regeneration,3,3,FALSE,FALSE,FALSE,0.52,27,0,248,25,0.005,0.005105521210829247
CH-MT4-P21,CH,4,XP215-PR,1,C,9,5,0.5,FALSE,0,166,NA,NA,NA,NA,Early regeneration,3,3,FALSE,FALSE,FALSE,0.52,27,0,248,4,0.005,0.005105521210829247
CP-MT4-P35,CP,4,XP215-PR,1,C,6,4,0.5,FALSE,0,281,NA,NA,NA,NA,Early regeneration,3,3,FALSE,FALSE,FALSE,0.52,27,0,248,2,0.005,0.005105521210829247
EA-MT4-P3,EA,4,XP215-PR,1,C,34,19,0.5,FALSE,0,281,NA,NA,NA,NA,Early regeneration,3,3,FALSE,FALSE,FALSE,0.52,27,0,248,15,0.005,0.005105521210829247
BS-MT6-P33,BS,6,XP215-PR,1,C,2,2,45,FALSE,0,166,NA,NA,NA,NA,Early regeneration,3,3,FALSE,FALSE,FALSE,0.52,27,0,248,0,0.45,0.4500106587081646
BU-MT4-P62,BU,4,XP215-PR,1,C,5,1,0.5,FALSE,0,166,NA,NA,NA,NA,Early regeneration,3,3,FALSE,FALSE,FALSE,0.52,27,0,248,4,0.005,0.005105521210829247
MC-MT3-P24,MC,3,XP215-PR,1,C,NA,NA,NA,FALSE,0,NA,NA,NA,NA,NA,Early regeneration,3,3,FALSE,FALSE,FALSE,0.52,27,0,248,NA,NA,NA
MC-MT2-P20,MC,2,XP215-PR,1,C,7,4,7.5,FALSE,0,18,NA,NA,NA,NA,Early regeneration,3,3,FALSE,FALSE,FALSE,0.52,27,0,248,3,0.075,0.07509059901939885
BG-MT5-P91,BG,5,XP215-PR,1,C,66,8,0.5,FALSE,0,166,NA,NA,NA,NA,Early regeneration,3,3,FALSE,FALSE,FALSE,0.52,27,0,248,58,0.005,0.005105521210829247
BP-MT2-P54,BP,2,XP215-PR,1,C,NA,NA,NA,FALSE,0,18,NA,NA,NA,NA,Early regeneration,3,3,FALSE,FALSE,FALSE,0.52,27,0,248,NA,NA,NA
PG-MT3-P18,PG,3,XP215-PR,1,C,NA,NA,NA,FALSE,1,18,NA,NA,NA,NA,Early regeneration,3,3,FALSE,FALSE,FALSE,0.52,27,0,248,NA,NA,NA
IS-MT2-P42,IS,2,XP215-PR,2,A,6,6,2.5,FALSE,0,323,NA,NA,NA,NA,Early regeneration,3,3,FALSE,FALSE,FALSE,0.52,27,0,248,0,0.025,0.025101257727563418
CH-MT4-P67,CH,4,XP215-PR,2,A,7,6,2.5,FALSE,0,166,NA,NA,NA,NA,Early regeneration,3,3,FALSE,FALSE,FALSE,0.52,27,0,248,1,0.025,0.025101257727563418
DC-MT1-P18,DC,1,XP215-PR,2,A,NA,NA,NA,FALSE,1,166,NA,NA,NA,NA,Early regeneration,3,3,FALSE,FALSE,FALSE,0.52,27,0,248,NA,NA,NA
OP-MT2-P50,OP,2,XP215-PR,2,A,52,24,2.5,FALSE,0,323,NA,NA,NA,NA,Early regeneration,3,3,FALSE,FALSE,FALSE,0.52,27,0,248,28,0.025,0.025101257727563418
CP-MT2-P17,CP,2,XP215-PR,2,A,0,0,0,FALSE,0,281,NA,NA,NA,NA,Early regeneration,3,3,FALSE,FALSE,FALSE,0.52,27,0,248,0,0,1.0658708164570453e-4
PA-MT3-P7,PA,3,XP215-PR,2,A,150,53,0.5,FALSE,0,323,NA,NA,NA,NA,Early regeneration,3,3,FALSE,FALSE,FALSE,0.52,27,0,248,97,0.005,0.005105521210829247
PG-MT2-P21,PG,2,XP215-PR,2,A,NA,NA,NA,FALSE,0,18,NA,NA,NA,NA,Early regeneration,3,3,FALSE,FALSE,FALSE,0.52,27,0,248,NA,NA,NA
AE-MT5-P31,AE,5,XP215-PR,2,A,20,1,0.5,FALSE,0,18,NA,NA,NA,NA,Early regeneration,3,3,FALSE,FALSE,FALSE,0.52,27,0,248,19,0.005,0.005105521210829247
BG-MT5-P10,BG,5,XP215-PR,2,A,0,0,0,FALSE,0,166,NA,NA,NA,NA,Early regeneration,3,3,FALSE,FALSE,FALSE,0.52,27,0,248,0,0,1.0658708164570453e-4
BP-MT4-P63,BP,4,XP215-PR,2,A,NA,NA,NA,FALSE,1,18,NA,NA,NA,NA,Early regeneration,3,3,FALSE,FALSE,FALSE,0.52,27,0,248,NA,NA,NA
VB-MT2-P49,VB,2,XP215-PR,2,A,0,0,0,FALSE,0,18,NA,NA,NA,NA,Early regeneration,3,3,FALSE,FALSE,FALSE,0.52,27,0,248,0,0,1.0658708164570453e-4
BU-MT3-P17,BU,3,XP215-PR,2,A,0,0,0,FALSE,0,166,NA,NA,NA,NA,Early regeneration,3,3,FALSE,FALSE,FALSE,0.52,27,0,248,0,0,1.0658708164570453e-4
BG-MT1-P88,BG,1,XP215-PR,2,B,NA,NA,NA,FALSE,1,166,NA,NA,NA,NA,Early regeneration,3,3,FALSE,FALSE,FALSE,0.52,27,0,248,NA,NA,NA
DC-MT2-P39,DC,2,XP215-PR,2,B,3,3,2.5,FALSE,0,18,NA,NA,NA,NA,Early regeneration,3,3,FALSE,FALSE,FALSE,0.52,27,0,248,0,0.025,0.025101257727563418
CH-MT5-P61,CH,5,XP215-PR,2,B,NA,NA,NA,FALSE,0,166,NA,NA,NA,NA,Early regeneration,3,3,FALSE,FALSE,FALSE,0.52,27,0,248,NA,NA,NA
PG-MT4-P24,PG,4,XP215-PR,2,B,2,1,0.5,FALSE,0,18,NA,NA,NA,NA,Early regeneration,3,3,FALSE,FALSE,FALSE,0.52,27,0,248,1,0.005,0.005105521210829247
BU-MT2-P49,BU,2,XP215-PR,2,B,3,0,0,FALSE,0,166,NA,NA,NA,NA,Early regeneration,3,3,FALSE,FALSE,FALSE,0.52,27,0,248,3,0,1.0658708164570453e-4
BP-MT3-P38,BP,3,XP215-PR,2,B,NA,NA,NA,FALSE,0,18,NA,NA,NA,NA,Early regeneration,3,3,FALSE,FALSE,FALSE,0.52,27,0,248,NA,NA,NA
IS-MT5-P67,IS,5,XP215-PR,2,B,6,5,0.5,FALSE,0,323,NA,NA,NA,NA,Early regeneration,3,3,FALSE,FALSE,FALSE,0.52,27,0,248,1,0.005,0.005105521210829247
OP-MT8-P25,OP,8,XP215-PR,2,B,44,18,2.5,FALSE,0,281,NA,NA,NA,NA,Early regeneration,3,3,FALSE,FALSE,FALSE,0.52,27,0,248,26,0.025,0.025101257727563418
CP-MT1-P38,CP,1,XP215-PR,2,B,4,3,5,FALSE,0,166,NA,NA,NA,NA,Early regeneration,3,3,FALSE,FALSE,FALSE,0.52,27,0,248,1,0.05,0.05009592837348113
MC-MT3-P16,MC,3,XP215-PR,2,B,18,11,1,FALSE,0,166,NA,NA,NA,NA,Early regeneration,3,3,FALSE,FALSE,FALSE,0.52,27,0,248,7,0.01,0.01010445534001279
VB-MT3-P35,VB,3,XP215-PR,2,B,15,5,1,FALSE,0,18,NA,NA,NA,NA,Early regeneration,3,3,FALSE,FALSE,FALSE,0.52,27,0,248,10,0.01,0.01010445534001279
AE-MT3-P6,AE,3,XP215-PR,2,B,9,6,1,FALSE,0,18,NA,NA,NA,NA,Early regeneration,3,3,FALSE,FALSE,FALSE,0.52,27,0,248,3,0.01,0.01010445534001279
BG-MT3-P46,BG,3,XP215-PR,2,C,41,1,0.5,FALSE,0,166,NA,NA,NA,NA,Early regeneration,3,3,FALSE,FALSE,FALSE,0.52,27,0,248,40,0.005,0.005105521210829247
PA-MT6-P55,PA,6,XP215-PR,2,C,148,35,0.5,FALSE,0,281,NA,NA,NA,NA,Early regeneration,3,3,FALSE,FALSE,FALSE,0.52,27,0,248,113,0.005,0.005105521210829247
CH-MT5-P14,CH,5,XP215-PR,2,C,8,8,2.5,FALSE,0,166,NA,NA,NA,NA,Early regeneration,3,3,FALSE,FALSE,FALSE,0.52,27,0,248,0,0.025,0.025101257727563418
DC-MT4-P79,DC,4,XP215-PR,2,C,NA,NA,NA,FALSE,1,166,NA,NA,NA,NA,Early regeneration,3,3,FALSE,FALSE,FALSE,0.52,27,0,248,NA,NA,NA
PG-MT2-P26,PG,2,XP215-PR,2,C,2,2,0.5,FALSE,0,NA,NA,NA,NA,NA,Early regeneration,3,3,FALSE,FALSE,FALSE,0.52,27,0,248,0,0.005,0.005105521210829247
PG-MT2-P26,PG,2,XP215-PR,2,C,2,2,0.5,FALSE,0,18,NA,NA,NA,NA,Early regeneration,3,3,FALSE,FALSE,FALSE,0.52,27,0,248,0,0.005,0.005105521210829247
CP-MT4-P54,CP,4,XP215-PR,2,C,10,5,1,FALSE,0,281,NA,NA,NA,NA,Early regeneration,3,3,FALSE,FALSE,FALSE,0.52,27,0,248,5,0.01,0.01010445534001279
OP-MT8-P45,OP,8,XP215-PR,2,C,NA,NA,NA,FALSE,1,281,NA,NA,NA,NA,Early regeneration,3,3,FALSE,FALSE,FALSE,0.52,27,0,248,NA,NA,NA
IS-MT4-P22,IS,4,XP215-PR,2,C,8,5,10,FALSE,0,281,NA,NA,NA,NA,Early regeneration,3,3,FALSE,FALSE,FALSE,0.52,27,0,248,3,0.1,0.10008526966531657
MC-MT1-P35,MC,1,XP215-PR,2,C,26,10,5,FALSE,0,166,NA,NA,NA,NA,Early regeneration,3,3,FALSE,FALSE,FALSE,0.52,27,0,248,16,0.05,0.05009592837348113
BP-MT5-P5,BP,5,XP215-PR,2,C,5,3,2.5,FALSE,0,18,NA,NA,NA,NA,Early regeneration,3,3,FALSE,FALSE,FALSE,0.52,27,0,248,2,0.025,0.025101257727563418
VB-MT2-P17,VB,2,XP215-PR,2,C,41,10,1,FALSE,0,18,NA,NA,NA,NA,Early regeneration,3,3,FALSE,FALSE,FALSE,0.52,27,0,248,31,0.01,0.01010445534001279
BU-MT3-P52,BU,3,XP215-PR,2,C,2,0,0,FALSE,0,166,NA,NA,NA,NA,Early regeneration,3,3,FALSE,FALSE,FALSE,0.52,27,0,248,2,0,1.0658708164570453e-4
AE-MT1-P48,AE,1,XP215-PR,2,C,20,3,1,FALSE,0,18,NA,NA,NA,NA,Early regeneration,3,3,FALSE,FALSE,FALSE,0.52,27,0,248,17,0.01,0.01010445534001279
MC-MT2-P69,MC,2,XP215-PR,3,A,22,14,7.5,FALSE,0,166,NA,NA,NA,NA,Early regeneration,3,3,FALSE,FALSE,FALSE,0.52,27,0,248,8,0.075,0.07509059901939885
VB-MT2-P14,VB,2,XP215-PR,3,A,29,4,0.5,FALSE,0,18,NA,NA,NA,NA,Early regeneration,3,3,FALSE,FALSE,FALSE,0.52,27,0,248,25,0.005,0.005105521210829247
EA-MT2-P3,EA,2,XP215-PR,3,A,48,36,1,FALSE,0,281,NA,NA,NA,NA,Early regeneration,3,3,FALSE,FALSE,FALSE,0.52,27,0,248,12,0.01,0.01010445534001279
CP-MT5-P42,CP,5,XP215-PR,3,A,5,5,5,FALSE,0,166,NA,NA,NA,NA,Early regeneration,3,3,FALSE,FALSE,FALSE,0.52,27,0,248,0,0.05,0.05009592837348113
CH-MT2-P7,CH,2,XP215-PR,3,A,8,7,0.5,FALSE,0,NA,NA,NA,NA,NA,Early regeneration,3,3,FALSE,FALSE,FALSE,0.52,27,0,248,1,0.005,0.005105521210829247
BG-MT4-P33,BG,4,XP215-PR,3,A,61,11,0.5,FALSE,0,166,NA,NA,NA,NA,Early regeneration,3,3,FALSE,FALSE,FALSE,0.52,27,0,248,50,0.005,0.005105521210829247
PG-MT5-P57,PG,5,XP215-PR,3,A,6,4,0.5,FALSE,0,18,NA,NA,NA,NA,Early regeneration,3,3,FALSE,FALSE,FALSE,0.52,27,0,248,2,0.005,0.005105521210829247
DC-MT5-P12,DC,5,XP215-PR,3,A,2,2,0.5,FALSE,0,166,NA,NA,NA,NA,Early regeneration,3,3,FALSE,FALSE,FALSE,0.52,27,0,248,0,0.005,0.005105521210829247
IS-MT3-P68,IS,3,XP215-PR,3,A,4,4,0.5,FALSE,0,323,NA,NA,NA,NA,Early regeneration,3,3,FALSE,FALSE,FALSE,0.52,27,0,248,0,0.005,0.005105521210829247
OP-MT9-P27,OP,9,XP215-PR,3,A,77,65,7.5,FALSE,0,323,NA,NA,NA,NA,Early regeneration,3,3,FALSE,FALSE,FALSE,0.52,27,0,248,12,0.075,0.07509059901939885
BU-MT1-P28,BU,1,XP215-PR,3,A,9,2,0.5,FALSE,0,281,NA,NA,NA,NA,Early regeneration,3,3,FALSE,FALSE,FALSE,0.52,27,0,248,7,0.005,0.005105521210829247
AE-MT2-P2,AE,2,XP215-PR,3,A,8,5,5,FALSE,0,18,NA,NA,NA,NA,Early regeneration,3,3,FALSE,FALSE,FALSE,0.52,27,0,248,3,0.05,0.05009592837348113
BP-MT4-P26,BP,4,XP215-PR,3,A,4,4,1,FALSE,0,18,NA,NA,NA,NA,Early regeneration,3,3,FALSE,FALSE,FALSE,0.52,27,0,248,0,0.01,0.01010445534001279
CH-MT3-P41,CH,3,XP215-PR,3,B,8,3,0.5,FALSE,0,166,NA,NA,NA,NA,Early regeneration,3,3,FALSE,FALSE,FALSE,0.52,27,0,248,5,0.005,0.005105521210829247
CP-MT2-P1,CP,2,XP215-PR,3,B,10,7,1,FALSE,0,281,NA,NA,NA,NA,Early regeneration,3,3,FALSE,FALSE,FALSE,0.52,27,0,248,3,0.01,0.01010445534001279
OP-MT7-P27,OP,7,XP215-PR,3,B,43,21,1,FALSE,0,281,NA,NA,NA,NA,Early regeneration,3,3,FALSE,FALSE,FALSE,0.52,27,0,248,22,0.01,0.01010445534001279
BG-MT2-P81,BG,2,XP215-PR,3,B,90,5,0.5,FALSE,0,166,NA,NA,NA,NA,Early regeneration,3,3,FALSE,FALSE,FALSE,0.52,27,0,248,85,0.005,0.005105521210829247
VB-MT1-P6,VB,1,XP215-PR,3,B,243,97,1,FALSE,0,166,NA,NA,NA,NA,Early regeneration,3,3,FALSE,FALSE,FALSE,0.52,27,0,248,146,0.01,0.01010445534001279
PG-MT2-P41,PG,2,XP215-PR,3,B,4,1,0.5,FALSE,0,18,NA,NA,NA,NA,Early regeneration,3,3,FALSE,FALSE,FALSE,0.52,27,0,248,3,0.005,0.005105521210829247
BU-MT1-P45,BU,1,XP215-PR,3,B,NA,NA,NA,FALSE,0,281,NA,NA,NA,NA,Early regeneration,3,3,FALSE,FALSE,FALSE,0.52,27,0,248,NA,NA,NA
DC-MT1-P19,DC,1,XP215-PR,3,B,4,3,1,FALSE,0,166,NA,NA,NA,NA,Early regeneration,3,3,FALSE,FALSE,FALSE,0.52,27,0,248,1,0.01,0.01010445534001279
MC-MT2-P55,MC,2,XP215-PR,3,B,13,13,2.5,FALSE,0,166,NA,NA,NA,NA,Early regeneration,3,3,FALSE,FALSE,FALSE,0.52,27,0,248,0,0.025,0.025101257727563418
IS-MT1-P1,IS,1,XP215-PR,3,B,7,4,2.5,FALSE,0,281,NA,NA,NA,NA,Early regeneration,3,3,FALSE,FALSE,FALSE,0.52,27,0,248,3,0.025,0.025101257727563418
AE-MT3-P28,AE,3,XP215-PR,3,B,9,5,5,FALSE,0,18,NA,NA,NA,NA,Early regeneration,3,3,FALSE,FALSE,FALSE,0.52,27,0,248,4,0.05,0.05009592837348113
PA-MT7-P9,PA,7,XP215-PR,3,B,80,24,0.5,FALSE,0,166,NA,NA,NA,NA,Early regeneration,3,3,FALSE,FALSE,FALSE,0.52,27,0,248,56,0.005,0.005105521210829247
BP-MT2-P45,BP,2,XP215-PR,3,B,3,1,1,FALSE,0,18,NA,NA,NA,NA,Early regeneration,3,3,FALSE,FALSE,FALSE,0.52,27,0,248,2,0.01,0.01010445534001279
EA-MT3-P33,EA,3,XP215-PR,3,C,18,13,5,FALSE,0,18,NA,NA,NA,NA,Early regeneration,3,3,FALSE,FALSE,FALSE,0.52,27,0,248,5,0.05,0.05009592837348113
DC-MT3-P63,DC,3,XP215-PR,3,C,3,3,2.5,FALSE,0,18,NA,NA,NA,NA,Early regeneration,3,3,FALSE,FALSE,FALSE,0.52,27,0,248,0,0.025,0.025101257727563418
MC-MT3-P54,MC,3,XP215-PR,3,C,8,5,1,FALSE,0,166,NA,NA,NA,NA,Early regeneration,3,3,FALSE,FALSE,FALSE,0.52,27,0,248,3,0.01,0.01010445534001279
CP-MT3-P74,CP,3,XP215-PR,3,C,9,9,1,FALSE,0,281,NA,NA,NA,NA,Early regeneration,3,3,FALSE,FALSE,FALSE,0.52,27,0,248,0,0.01,0.01010445534001279
VB-MT5-P55,VB,5,XP215-PR,3,C,24,7,0.5,FALSE,0,18,NA,NA,NA,NA,Early regeneration,3,3,FALSE,FALSE,FALSE,0.52,27,0,248,17,0.005,0.005105521210829247
IS-MT1-P25,IS,1,XP215-PR,3,C,3,3,0.5,FALSE,0,281,NA,NA,NA,NA,Early regeneration,3,3,FALSE,FALSE,FALSE,0.52,27,0,248,0,0.005,0.005105521210829247
AE-MT3-P26,AE,3,XP215-PR,3,C,11,5,0.5,FALSE,0,18,NA,NA,NA,NA,Early regeneration,3,3,FALSE,FALSE,FALSE,0.52,27,0,248,6,0.005,0.005105521210829247
BS-MT5-P23,BS,5,XP215-PR,3,C,5,3,5,FALSE,0,166,NA,NA,NA,NA,Early regeneration,3,3,FALSE,FALSE,FALSE,0.52,27,0,248,2,0.05,0.05009592837348113
BG-MT3-P79,BG,3,XP215-PR,3,C,50,8,0.5,FALSE,0,166,NA,NA,NA,NA,Early regeneration,3,3,FALSE,FALSE,FALSE,0.52,27,0,248,42,0.005,0.005105521210829247
BP-MT4-P69,BP,4,XP215-PR,3,C,NA,NA,NA,FALSE,0,18,NA,NA,NA,NA,Early regeneration,3,3,FALSE,FALSE,FALSE,0.52,27,0,248,NA,NA,NA
PG-MT3-P37,PG,3,XP215-PR,3,C,6,3,7.5,FALSE,0,18,NA,NA,NA,NA,Early regeneration,3,3,FALSE,FALSE,FALSE,0.52,27,0,248,3,0.075,0.07509059901939885
CH-MT3-P26,CH,3,XP215-PR,3,C,9,9,35,FALSE,0,166,NA,NA,NA,NA,Early regeneration,3,3,FALSE,FALSE,FALSE,0.52,27,0,248,0,0.35,0.3500319761244937
BU-MT2-P16,BU,2,XP215-PR,3,C,5,0,0,FALSE,0,166,NA,NA,NA,NA,Early regeneration,3,3,FALSE,FALSE,FALSE,0.52,27,0,248,5,0,1.0658708164570453e-4
BU-MT3-P24,BU,3,XP215-PR,4,A,NA,NA,NA,FALSE,1,166,NA,NA,NA,NA,Early regeneration,3,3,FALSE,FALSE,FALSE,0.52,27,0,248,NA,NA,NA
CH-MT3-P42,CH,3,XP215-PR,4,A,10,3,0.5,FALSE,0,166,NA,NA,NA,NA,Early regeneration,3,3,FALSE,FALSE,FALSE,0.52,27,0,248,7,0.005,0.005105521210829247
DC-MT4-P25,DC,4,XP215-PR,4,A,0,0,0,FALSE,0,166,NA,NA,NA,NA,Early regeneration,3,3,FALSE,FALSE,FALSE,0.52,27,0,248,0,0,1.0658708164570453e-4
BP-MT3-P49,BP,3,XP215-PR,4,A,NA,NA,NA,FALSE,0,18,NA,NA,NA,NA,Early regeneration,3,3,FALSE,FALSE,FALSE,0.52,27,0,248,NA,NA,NA
IS-MT3-P66,IS,3,XP215-PR,4,A,4,4,0.5,FALSE,0,323,NA,NA,NA,NA,Early regeneration,3,3,FALSE,FALSE,FALSE,0.52,27,0,248,0,0.005,0.005105521210829247
CP-MT5-P3,CP,5,XP215-PR,4,A,3,2,0.5,FALSE,0,166,NA,NA,NA,NA,Early regeneration,3,3,FALSE,FALSE,FALSE,0.52,27,0,248,1,0.005,0.005105521210829247
OP-MT9-P54,OP,9,XP215-PR,4,A,10,2,0.5,FALSE,0,323,NA,NA,NA,NA,Early regeneration,3,3,FALSE,FALSE,FALSE,0.52,27,0,248,8,0.005,0.005105521210829247
AE-MT4-P59,AE,4,XP215-PR,4,A,4,3,10,FALSE,0,18,NA,NA,NA,NA,Early regeneration,3,3,FALSE,FALSE,FALSE,0.52,27,0,248,1,0.1,0.10008526966531657
MC-MT1-P13,MC,1,XP215-PR,4,A,33,20,10,FALSE,0,166,NA,NA,NA,NA,Early regeneration,3,3,FALSE,FALSE,FALSE,0.52,27,0,248,13,0.1,0.10008526966531657
BG-MT1-P91,BG,1,XP215-PR,4,A,61,5,0.5,FALSE,0,166,NA,NA,NA,NA,Early regeneration,3,3,FALSE,FALSE,FALSE,0.52,27,0,248,56,0.005,0.005105521210829247
PA-MT3-P71,PA,3,XP215-PR,4,A,5,2,1,FALSE,0,18,NA,NA,NA,NA,Early regeneration,3,3,FALSE,FALSE,FALSE,0.52,27,0,248,3,0.01,0.01010445534001279
PG-MT3-P60,PG,3,XP215-PR,4,A,3,1,0.5,FALSE,0,18,NA,NA,NA,NA,Early regeneration,3,3,FALSE,FALSE,FALSE,0.52,27,0,248,2,0.005,0.005105521210829247
VB-MT2-P69,VB,2,XP215-PR,4,A,12,4,0.5,FALSE,0,18,NA,NA,NA,NA,Early regeneration,3,3,FALSE,FALSE,FALSE,0.52,27,0,248,8,0.005,0.005105521210829247
BG-MT2-P56,BG,2,XP215-PR,4,B,55,1,0.5,FALSE,0,166,NA,NA,NA,NA,Early regeneration,3,3,FALSE,FALSE,FALSE,0.52,27,0,248,54,0.005,0.005105521210829247
VB-MT5-P48,VB,5,XP215-PR,4,B,26,1,0.5,FALSE,0,18,NA,NA,NA,NA,Early regeneration,3,3,FALSE,FALSE,FALSE,0.52,27,0,248,25,0.005,0.005105521210829247
AE-MT1-P8,AE,1,XP215-PR,4,B,5,2,1,FALSE,0,18,NA,NA,NA,NA,Early regeneration,3,3,FALSE,FALSE,FALSE,0.52,27,0,248,3,0.01,0.01010445534001279
CH-MT4-P85,CH,4,XP215-PR,4,B,11,10,2.5,FALSE,0,166,NA,NA,NA,NA,Early regeneration,3,3,FALSE,FALSE,FALSE,0.52,27,0,248,1,0.025,0.025101257727563418
PG-MT5-P43,PG,5,XP215-PR,4,B,3,1,0.5,FALSE,0,18,NA,NA,NA,NA,Early regeneration,3,3,FALSE,FALSE,FALSE,0.52,27,0,248,2,0.005,0.005105521210829247
CP-MT3-P84,CP,3,XP215-PR,4,B,3,2,1,FALSE,0,18,NA,NA,NA,NA,Early regeneration,3,3,FALSE,FALSE,FALSE,0.52,27,0,248,1,0.01,0.01010445534001279
EA-MT3-P15,EA,3,XP215-PR,4,B,31,10,1,FALSE,0,281,NA,NA,NA,NA,Early regeneration,3,3,FALSE,FALSE,FALSE,0.52,27,0,248,21,0.01,0.01010445534001279
MC-MT1-P14,MC,1,XP215-PR,4,B,26,14,7.5,FALSE,0,166,NA,NA,NA,NA,Early regeneration,3,3,FALSE,FALSE,FALSE,0.52,27,0,248,12,0.075,0.07509059901939885
IS-MT4-P55,IS,4,XP215-PR,4,B,3,2,0.5,FALSE,0,281,NA,NA,NA,NA,Early regeneration,3,3,FALSE,FALSE,FALSE,0.52,27,0,248,1,0.005,0.005105521210829247
BU-MT5-P23,BU,5,XP215-PR,4,B,3,0,0,FALSE,0,166,NA,NA,NA,NA,Early regeneration,3,3,FALSE,FALSE,FALSE,0.52,27,0,248,3,0,1.0658708164570453e-4
BS-MT5-P15,BS,5,XP215-PR,4,B,5,4,5,FALSE,0,166,NA,NA,NA,NA,Early regeneration,3,3,FALSE,FALSE,FALSE,0.52,27,0,248,1,0.05,0.05009592837348113
BP-MT1-P37,BP,1,XP215-PR,4,B,NA,NA,NA,FALSE,1,18,NA,NA,NA,NA,Early regeneration,3,3,FALSE,FALSE,FALSE,0.52,27,0,248,NA,NA,NA
DC-MT3-P42,DC,3,XP215-PR,4,B,NA,NA,NA,FALSE,1,166,NA,NA,NA,NA,Early regeneration,3,3,FALSE,FALSE,FALSE,0.52,27,0,248,NA,NA,NA
CP-MT1-P9,CP,1,XP215-PR,4,C,4,2,1,FALSE,0,166,NA,NA,NA,NA,Early regeneration,3,3,FALSE,FALSE,FALSE,0.52,27,0,248,2,0.01,0.01010445534001279
BP-MT1-P52,BP,1,XP215-PR,4,C,0,0,0,FALSE,0,18,NA,NA,NA,NA,Early regeneration,3,3,FALSE,FALSE,FALSE,0.52,27,0,248,0,0,1.0658708164570453e-4
VB-MT3-P24,VB,3,XP215-PR,4,C,9,2,2.5,FALSE,0,18,NA,NA,NA,NA,Early regeneration,3,3,FALSE,FALSE,FALSE,0.52,27,0,248,7,0.025,0.025101257727563418
BS-MT1-P20,BS,1,XP215-PR,4,C,2,2,7.5,FALSE,0,166,NA,NA,NA,NA,Early regeneration,3,3,FALSE,FALSE,FALSE,0.52,27,0,248,0,0.075,0.07509059901939885
BG-MT1-P92,BG,1,XP215-PR,4,C,80,4,0.5,FALSE,0,166,NA,NA,NA,NA,Early regeneration,3,3,FALSE,FALSE,FALSE,0.52,27,0,248,76,0.005,0.005105521210829247
AE-MT2-P65,AE,2,XP215-PR,4,C,9,4,1,FALSE,0,18,NA,NA,NA,NA,Early regeneration,3,3,FALSE,FALSE,FALSE,0.52,27,0,248,5,0.01,0.01010445534001279
CH-MT1-P18,CH,1,XP215-PR,4,C,NA,NA,NA,FALSE,0,281,NA,NA,NA,NA,Early regeneration,3,3,FALSE,FALSE,FALSE,0.52,27,0,248,NA,NA,NA
PA-MT6-P7,PA,6,XP215-PR,4,C,98,37,1,FALSE,0,281,NA,NA,NA,NA,Early regeneration,3,3,FALSE,FALSE,FALSE,0.52,27,0,248,61,0.01,0.01010445534001279
MC-MT2-P23,MC,2,XP215-PR,4,C,14,6,0.5,FALSE,0,166,NA,NA,NA,NA,Early regeneration,3,3,FALSE,FALSE,FALSE,0.52,27,0,248,8,0.005,0.005105521210829247
OP-MT7-P58,OP,7,XP215-PR,4,C,52,32,2.5,FALSE,0,281,NA,NA,NA,NA,Early regeneration,3,3,FALSE,FALSE,FALSE,0.52,27,0,248,20,0.025,0.025101257727563418
DC-MT5-P54,DC,5,XP215-PR,4,C,NA,NA,NA,FALSE,1,166,NA,NA,NA,NA,Early regeneration,3,3,FALSE,FALSE,FALSE,0.52,27,0,248,NA,NA,NA
EA-MT4-P54,EA,4,XP215-PR,4,C,9,5,0.5,FALSE,0,18,NA,NA,NA,NA,Early regeneration,3,3,FALSE,FALSE,FALSE,0.52,27,0,248,4,0.005,0.005105521210829247
PG-MT1-P57,PG,1,XP215-PR,4,C,4,1,5,FALSE,0,18,NA,NA,NA,NA,Early regeneration,3,3,FALSE,FALSE,FALSE,0.52,27,0,248,3,0.05,0.05009592837348113
BU-MT5-P3,BU,5,XP215-PR,4,C,5,3,1,FALSE,0,166,NA,NA,NA,NA,Early regeneration,3,3,FALSE,FALSE,FALSE,0.52,27,0,248,2,0.01,0.01010445534001279
CP-MT4-P14,CP,4,XP215-PR,5,A,NA,NA,NA,FALSE,0,NA,NA,NA,NA,NA,Early regeneration,3,3,FALSE,FALSE,FALSE,0.52,27,0,248,NA,NA,NA
PA-MT6-P44,PA,6,XP215-PR,5,A,NA,NA,NA,FALSE,0,281,NA,NA,NA,NA,Early regeneration,3,3,FALSE,FALSE,FALSE,0.52,27,0,248,NA,NA,NA
OP-MT8-P31,OP,8,XP215-PR,5,A,NA,NA,NA,FALSE,0,NA,NA,NA,NA,NA,Early regeneration,3,3,FALSE,FALSE,FALSE,0.52,27,0,248,NA,NA,NA
PG-MT4-P74,PG,4,XP215-PR,5,A,NA,NA,NA,FALSE,0,18,NA,NA,NA,NA,Early regeneration,3,3,FALSE,FALSE,FALSE,0.52,27,0,248,NA,NA,NA
CH-MT2-P29,CH,2,XP215-PR,5,A,NA,NA,NA,FALSE,0,166,NA,NA,NA,NA,Early regeneration,3,3,FALSE,FALSE,FALSE,0.52,27,0,248,NA,NA,NA
BG-MT2-P52,BG,2,XP215-PR,5,A,NA,NA,NA,FALSE,0,166,NA,NA,NA,NA,Early regeneration,3,3,FALSE,FALSE,FALSE,0.52,27,0,248,NA,NA,NA
DC-MT5-P46,DC,5,XP215-PR,5,A,NA,NA,NA,FALSE,0,166,NA,NA,NA,NA,Early regeneration,3,3,FALSE,FALSE,FALSE,0.52,27,0,248,NA,NA,NA
AE-MT5-P61,AE,5,XP215-PR,5,A,NA,NA,NA,FALSE,0,18,NA,NA,NA,NA,Early regeneration,3,3,FALSE,FALSE,FALSE,0.52,27,0,248,NA,NA,NA
IS-MT3-P93,IS,3,XP215-PR,5,A,NA,NA,NA,FALSE,0,18,NA,NA,NA,NA,Early regeneration,3,3,FALSE,FALSE,FALSE,0.52,27,0,248,NA,NA,NA
IS-MT3-P51,IS,3,XP215-PR,5,B,NA,NA,NA,FALSE,0,323,NA,NA,NA,NA,Early regeneration,3,3,FALSE,FALSE,FALSE,0.52,27,0,248,NA,NA,NA
CP-MT2-P61,CP,2,XP215-PR,5,B,NA,NA,NA,FALSE,0,281,NA,NA,NA,NA,Early regeneration,3,3,FALSE,FALSE,FALSE,0.52,27,0,248,NA,NA,NA
OP-MT6-P16,OP,6,XP215-PR,5,B,NA,NA,NA,FALSE,0,281,NA,NA,NA,NA,Early regeneration,3,3,FALSE,FALSE,FALSE,0.52,27,0,248,NA,NA,NA
BU-MT1-P52,BU,1,XP215-PR,5,B,NA,NA,NA,FALSE,0,281,NA,NA,NA,NA,Early regeneration,3,3,FALSE,FALSE,FALSE,0.52,27,0,248,NA,NA,NA
PG-MT3-P58,PG,3,XP215-PR,5,B,NA,NA,NA,FALSE,0,18,NA,NA,NA,NA,Early regeneration,3,3,FALSE,FALSE,FALSE,0.52,27,0,248,NA,NA,NA
DC-MT4-P14,DC,4,XP215-PR,5,B,NA,NA,NA,FALSE,1,166,NA,NA,NA,NA,Early regeneration,3,3,FALSE,FALSE,FALSE,0.52,27,0,248,NA,NA,NA
BG-MT5-P66,BG,5,XP215-PR,5,B,NA,NA,NA,FALSE,0,166,NA,NA,NA,NA,Early regeneration,3,3,FALSE,FALSE,FALSE,0.52,27,0,248,NA,NA,NA
AE-MT1-P16,AE,1,XP215-PR,5,B,NA,NA,NA,FALSE,0,18,NA,NA,NA,NA,Early regeneration,3,3,FALSE,FALSE,FALSE,0.52,27,0,248,NA,NA,NA
OP-MT2-P18,OP,2,XP215-PR,5,C,NA,NA,NA,FALSE,0,323,NA,NA,NA,NA,Early regeneration,3,3,FALSE,FALSE,FALSE,0.52,27,0,248,NA,NA,NA
CP-MT3-P27,CP,3,XP215-PR,5,C,NA,NA,NA,FALSE,0,281,NA,NA,NA,NA,Early regeneration,3,3,FALSE,FALSE,FALSE,0.52,27,0,248,NA,NA,NA
IS-MT3-P94,IS,3,XP215-PR,5,C,NA,NA,NA,FALSE,0,18,NA,NA,NA,NA,Early regeneration,3,3,FALSE,FALSE,FALSE,0.52,27,0,248,NA,NA,NA
DC-MT1-P20,DC,1,XP215-PR,5,C,NA,NA,NA,FALSE,0,166,NA,NA,NA,NA,Early regeneration,3,3,FALSE,FALSE,FALSE,0.52,27,0,248,NA,NA,NA
AE-MT5-P59,AE,5,XP215-PR,5,C,NA,NA,NA,FALSE,0,18,NA,NA,NA,NA,Early regeneration,3,3,FALSE,FALSE,FALSE,0.52,27,0,248,NA,NA,NA
PG-MT5-P54,PG,5,XP215-PR,5,C,NA,NA,NA,FALSE,0,18,NA,NA,NA,NA,Early regeneration,3,3,FALSE,FALSE,FALSE,0.52,27,0,248,NA,NA,NA
BG-MT4-P78,BG,4,XP215-PR,5,C,NA,NA,NA,FALSE,0,166,NA,NA,NA,NA,Early regeneration,3,3,FALSE,FALSE,FALSE,0.52,27,0,248,NA,NA,NA
CH-MT4-P86,CH,4,XP215-PR,5,C,NA,NA,NA,FALSE,0,166,NA,NA,NA,NA,Early regeneration,3,3,FALSE,FALSE,FALSE,0.52,27,0,248,NA,NA,NA
BU-MT1-P13,BU,1,XP220-PLR,1,A,7,3,1,FALSE,0,-84,NA,NA,NA,NA,Late regeneration,50,NA,FALSE,TRUE,TRUE,0.58,75,0,194,4,0.01,0.01010445534001279
EA-MT3-P23,EA,3,XP220-PLR,1,A,24,9,1,FALSE,0,-84,NA,NA,NA,NA,Late regeneration,50,NA,FALSE,TRUE,TRUE,0.58,75,0,194,15,0.01,0.01010445534001279
BP-MT2-P15,BP,2,XP220-PLR,1,A,3,2,15,FALSE,0,-345,NA,NA,NA,NA,Late regeneration,50,NA,FALSE,TRUE,TRUE,0.58,75,0,194,1,0.15,0.150074610957152
AE-MT5-P58,AE,5,XP220-PLR,1,A,7,5,10,FALSE,0,-345,NA,NA,NA,NA,Late regeneration,50,NA,FALSE,TRUE,TRUE,0.58,75,0,194,2,0.1,0.10008526966531657
OP-MT9-P11,OP,9,XP220-PLR,1,A,NA,NA,NA,FALSE,1,-43,NA,NA,NA,NA,Late regeneration,50,NA,FALSE,TRUE,TRUE,0.58,75,0,194,NA,NA,NA
VB-MT2-P24,VB,2,XP220-PLR,1,A,0,0,0,FALSE,0,-345,NA,NA,NA,NA,Late regeneration,50,NA,FALSE,TRUE,TRUE,0.58,75,0,194,0,0,1.0658708164570453e-4
PA-MT3-P10,PA,3,XP220-PLR,1,A,7,5,2.5,FALSE,0,-43,NA,NA,NA,NA,Late regeneration,50,NA,FALSE,TRUE,TRUE,0.58,75,0,194,2,0.025,0.025101257727563418
CH-MT4-P57,CH,4,XP220-PLR,1,A,2,2,NA,FALSE,0,-196,NA,NA,NA,NA,Late regeneration,50,NA,FALSE,TRUE,TRUE,0.58,75,0,194,0,NA,NA
CP-MT2-P52,CP,2,XP220-PLR,1,A,5,5,2.5,FALSE,0,-84,NA,NA,NA,NA,Late regeneration,50,NA,FALSE,TRUE,TRUE,0.58,75,0,194,0,0.025,0.025101257727563418
IS-MT2-P71,IS,2,XP220-PLR,1,A,5,4,2.5,FALSE,0,-43,NA,NA,NA,NA,Late regeneration,50,NA,FALSE,TRUE,TRUE,0.58,75,0,194,1,0.025,0.025101257727563418
MC-MT1-P79,MC,1,XP220-PLR,1,A,9,7,5,FALSE,0,-196,NA,NA,NA,NA,Late regeneration,50,NA,FALSE,TRUE,TRUE,0.58,75,0,194,2,0.05,0.05009592837348113
BS-MT1-P23,BS,1,XP220-PLR,1,A,2,2,75,FALSE,0,-196,NA,NA,NA,NA,Late regeneration,50,NA,FALSE,TRUE,TRUE,0.58,75,0,194,0,0.75,0.7499467064591772
BG-MT4-P11,BG,4,XP220-PLR,1,A,35,12,1,FALSE,0,-196,NA,NA,NA,NA,Late regeneration,50,NA,FALSE,TRUE,TRUE,0.58,75,0,194,23,0.01,0.01010445534001279
DC-MT4-P36,DC,4,XP220-PLR,1,A,4,4,1,FALSE,0,-196,NA,NA,NA,NA,Late regeneration,50,NA,FALSE,TRUE,TRUE,0.58,75,0,194,0,0.01,0.01010445534001279
PG-MT4-P72,PG,4,XP220-PLR,1,A,4,4,1,FALSE,0,-345,NA,NA,NA,NA,Late regeneration,50,NA,FALSE,TRUE,TRUE,0.58,75,0,194,0,0.01,0.01010445534001279
BS-MT6-P34,BS,6,XP220-PLR,1,B,3,3,30,FALSE,0,-196,NA,NA,NA,NA,Late regeneration,50,NA,FALSE,TRUE,TRUE,0.58,75,0,194,0,0.3,0.3000426348326583
OP-MT2-P75,OP,2,XP220-PLR,1,B,NA,NA,NA,FALSE,1,-43,NA,NA,NA,NA,Late regeneration,50,NA,FALSE,TRUE,TRUE,0.58,75,0,194,NA,NA,NA
CH-MT4-P79,CH,4,XP220-PLR,1,B,4,3,15,FALSE,0,-196,NA,NA,NA,NA,Late regeneration,50,NA,FALSE,TRUE,TRUE,0.58,75,0,194,1,0.15,0.150074610957152
PG-MT1-P60,PG,1,XP220-PLR,1,B,6,5,5,FALSE,0,-345,NA,NA,NA,NA,Late regeneration,50,NA,FALSE,TRUE,TRUE,0.58,75,0,194,1,0.05,0.05009592837348113
IS-MT5-P16,IS,5,XP220-PLR,1,B,5,5,10,FALSE,0,-43,NA,NA,NA,NA,Late regeneration,50,NA,FALSE,TRUE,TRUE,0.58,75,0,194,0,0.1,0.10008526966531657
BP-MT2-P47,BP,2,XP220-PLR,1,B,NA,NA,NA,FALSE,0,-345,NA,NA,NA,NA,Late regeneration,50,NA,FALSE,TRUE,TRUE,0.58,75,0,194,NA,NA,NA
VB-MT2-P43,VB,2,XP220-PLR,1,B,4,2,10,FALSE,0,-345,NA,NA,NA,NA,Late regeneration,50,NA,FALSE,TRUE,TRUE,0.58,75,0,194,2,0.1,0.10008526966531657
DC-MT2-P53,DC,2,XP220-PLR,1,B,3,3,2.5,FALSE,0,-345,NA,NA,NA,NA,Late regeneration,50,NA,FALSE,TRUE,TRUE,0.58,75,0,194,0,0.025,0.025101257727563418
BU-MT5-P44,BU,5,XP220-PLR,1,B,4,4,0.5,FALSE,0,-196,NA,NA,NA,NA,Late regeneration,50,NA,FALSE,TRUE,TRUE,0.58,75,0,194,0,0.005,0.005105521210829247
AE-MT3-P32,AE,3,XP220-PLR,1,B,7,6,20,FALSE,0,-345,NA,NA,NA,NA,Late regeneration,50,NA,FALSE,TRUE,TRUE,0.58,75,0,194,1,0.2,0.20006395224898743
BG-MT2-P19,BG,2,XP220-PLR,1,B,18,9,2.5,FALSE,0,-196,NA,NA,NA,NA,Late regeneration,50,NA,FALSE,TRUE,TRUE,0.58,75,0,194,9,0.025,0.025101257727563418
CP-MT5-P60,CP,5,XP220-PLR,1,B,4,4,20,FALSE,0,-196,NA,NA,NA,NA,Late regeneration,50,NA,FALSE,TRUE,TRUE,0.58,75,0,194,0,0.2,0.20006395224898743
CP-MT3-P30,CP,3,XP220-PLR,1,C,3,3,1,FALSE,0,-84,NA,NA,NA,NA,Late regeneration,50,NA,FALSE,TRUE,TRUE,0.58,75,0,194,0,0.01,0.01010445534001279
CH-MT4-P46,CH,4,XP220-PLR,1,C,3,2,0.5,FALSE,0,-196,NA,NA,NA,NA,Late regeneration,50,NA,FALSE,TRUE,TRUE,0.58,75,0,194,1,0.005,0.005105521210829247
BP-MT4-P41,BP,4,XP220-PLR,1,C,3,2,1,FALSE,0,-345,NA,NA,NA,NA,Late regeneration,50,NA,FALSE,TRUE,TRUE,0.58,75,0,194,1,0.01,0.01010445534001279
OP-MT8-P11,OP,8,XP220-PLR,1,C,NA,NA,NA,FALSE,1,-84,NA,NA,NA,NA,Late regeneration,50,NA,FALSE,TRUE,TRUE,0.58,75,0,194,NA,NA,NA
IS-MT1-P40,IS,1,XP220-PLR,1,C,5,4,12.5,FALSE,0,-84,NA,NA,NA,NA,Late regeneration,50,NA,FALSE,TRUE,TRUE,0.58,75,0,194,1,0.125,0.1250799403112343
DC-MT5-P80,DC,5,XP220-PLR,1,C,NA,NA,NA,FALSE,1,-196,NA,NA,NA,NA,Late regeneration,50,NA,FALSE,TRUE,TRUE,0.58,75,0,194,NA,NA,NA
VB-MT3-P67,VB,3,XP220-PLR,1,C,5,3,60,FALSE,0,-345,NA,NA,NA,NA,Late regeneration,50,NA,FALSE,TRUE,TRUE,0.58,75,0,194,2,0.6,0.5999786825836708
PG-MT3-P54,PG,3,XP220-PLR,1,C,4,3,2.5,FALSE,0,-345,NA,NA,NA,NA,Late regeneration,50,NA,FALSE,TRUE,TRUE,0.58,75,0,194,1,0.025,0.025101257727563418
BG-MT5-P26,BG,5,XP220-PLR,1,C,24,12,1,FALSE,0,-196,NA,NA,NA,NA,Late regeneration,50,NA,FALSE,TRUE,TRUE,0.58,75,0,194,12,0.01,0.01010445534001279
AE-MT2-P68,AE,2,XP220-PLR,1,C,10,8,10,FALSE,0,-345,NA,NA,NA,NA,Late regeneration,50,NA,FALSE,TRUE,TRUE,0.58,75,0,194,2,0.1,0.10008526966531657
BU-MT3-P40,BU,3,XP220-PLR,1,C,4,2,0.5,FALSE,0,-196,NA,NA,NA,NA,Late regeneration,50,NA,FALSE,TRUE,TRUE,0.58,75,0,194,2,0.005,0.005105521210829247
PG-MT2-P72,PG,2,XP220-PLR,2,A,5,3,0.5,FALSE,0,-345,NA,NA,NA,NA,Late regeneration,50,NA,FALSE,TRUE,TRUE,0.58,75,0,194,2,0.005,0.005105521210829247
OP-MT8-P20,OP,8,XP220-PLR,2,A,NA,NA,NA,FALSE,1,-84,NA,NA,NA,NA,Late regeneration,50,NA,FALSE,TRUE,TRUE,0.58,75,0,194,NA,NA,NA
VB-MT2-P59,VB,2,XP220-PLR,2,A,6,3,0.5,FALSE,0,-345,NA,NA,NA,NA,Late regeneration,50,NA,FALSE,TRUE,TRUE,0.58,75,0,194,3,0.005,0.005105521210829247
CH-MT2-P17,CH,2,XP220-PLR,2,A,4,4,25,FALSE,0,-196,NA,NA,NA,NA,Late regeneration,50,NA,FALSE,TRUE,TRUE,0.58,75,0,194,0,0.25,0.25005329354082284
AE-MT5-P27,AE,5,XP220-PLR,2,A,7,4,1,FALSE,0,-345,NA,NA,NA,NA,Late regeneration,50,NA,FALSE,TRUE,TRUE,0.58,75,0,194,3,0.01,0.01010445534001279
PA-MT3-P54,PA,3,XP220-PLR,2,A,5,4,5,FALSE,0,-43,NA,NA,NA,NA,Late regeneration,50,NA,FALSE,TRUE,TRUE,0.58,75,0,194,1,0.05,0.05009592837348113
IS-MT3-P43,IS,3,XP220-PLR,2,A,3,3,35,FALSE,0,-43,NA,NA,NA,NA,Late regeneration,50,NA,FALSE,TRUE,TRUE,0.58,75,0,194,0,0.35,0.3500319761244937
EA-MT4-P74,EA,4,XP220-PLR,2,A,21,7,1,FALSE,0,-84,NA,NA,NA,NA,Late regeneration,50,NA,FALSE,TRUE,TRUE,0.58,75,0,194,14,0.01,0.01010445534001279
BP-MT1-P5,BP,1,XP220-PLR,2,A,2,1,5,FALSE,0,-345,NA,NA,NA,NA,Late regeneration,50,NA,FALSE,TRUE,TRUE,0.58,75,0,194,1,0.05,0.05009592837348113
CP-MT3-P49,CP,3,XP220-PLR,2,A,5,4,15,FALSE,0,-84,NA,NA,NA,NA,Late regeneration,50,NA,FALSE,TRUE,TRUE,0.58,75,0,194,1,0.15,0.150074610957152
BU-MT4-P68,BU,4,XP220-PLR,2,A,3,2,5,FALSE,0,-196,NA,NA,NA,NA,Late regeneration,50,NA,FALSE,TRUE,TRUE,0.58,75,0,194,1,0.05,0.05009592837348113
MC-MT3-P7,MC,3,XP220-PLR,2,A,NA,NA,NA,FALSE,1,-196,NA,NA,NA,NA,Late regeneration,50,NA,FALSE,TRUE,TRUE,0.58,75,0,194,NA,NA,NA
BG-MT2-P72,BG,2,XP220-PLR,2,A,NA,NA,NA,FALSE,1,-196,NA,NA,NA,NA,Late regeneration,50,NA,FALSE,TRUE,TRUE,0.58,75,0,194,NA,NA,NA
EA-MT2-P44,EA,2,XP220-PLR,2,B,2,1,20,FALSE,0,-345,NA,NA,NA,NA,Late regeneration,50,NA,FALSE,TRUE,TRUE,0.58,75,0,194,1,0.2,0.20006395224898743
BU-MT4-P1,BU,4,XP220-PLR,2,B,7,4,2.5,FALSE,0,-196,NA,NA,NA,NA,Late regeneration,50,NA,FALSE,TRUE,TRUE,0.58,75,0,194,3,0.025,0.025101257727563418
MC-MT1-P76,MC,1,XP220-PLR,2,B,4,4,22.5,FALSE,0,-196,NA,NA,NA,NA,Late regeneration,50,NA,FALSE,TRUE,TRUE,0.58,75,0,194,0,0.225,0.22505862289490514
PG-MT1-P69,PG,1,XP220-PLR,2,B,1,0,0,FALSE,0,-345,NA,NA,NA,NA,Late regeneration,50,NA,FALSE,TRUE,TRUE,0.58,75,0,194,1,0,1.0658708164570453e-4
PA-MT7-P30,PA,7,XP220-PLR,2,B,13,11,7.5,FALSE,0,-196,NA,NA,NA,NA,Late regeneration,50,NA,FALSE,TRUE,TRUE,0.58,75,0,194,2,0.075,0.07509059901939885
CH-MT5-P4,CH,5,XP220-PLR,2,B,4,4,5,FALSE,0,-196,NA,NA,NA,NA,Late regeneration,50,NA,FALSE,TRUE,TRUE,0.58,75,0,194,0,0.05,0.05009592837348113
OP-MT6-P43,OP,6,XP220-PLR,2,B,NA,NA,NA,FALSE,0,-84,NA,NA,NA,NA,Late regeneration,50,NA,FALSE,TRUE,TRUE,0.58,75,0,194,NA,NA,NA
VB-MT2-P61,VB,2,XP220-PLR,2,B,8,5,25,FALSE,0,-345,NA,NA,NA,NA,Late regeneration,50,NA,FALSE,TRUE,TRUE,0.58,75,0,194,3,0.25,0.25005329354082284
BP-MT1-P58,BP,1,XP220-PLR,2,B,2,1,0.5,FALSE,0,-345,NA,NA,NA,NA,Late regeneration,50,NA,FALSE,TRUE,TRUE,0.58,75,0,194,1,0.005,0.005105521210829247
BG-MT3-P3,BG,3,XP220-PLR,2,B,NA,NA,NA,FALSE,1,-196,NA,NA,NA,NA,Late regeneration,50,NA,FALSE,TRUE,TRUE,0.58,75,0,194,NA,NA,NA
DC-MT5-P6,DC,5,XP220-PLR,2,B,3,3,1,FALSE,0,-196,NA,NA,NA,NA,Late regeneration,50,NA,FALSE,TRUE,TRUE,0.58,75,0,194,0,0.01,0.01010445534001279
CP-MT1-P7,CP,1,XP220-PLR,2,B,2,2,7.5,FALSE,0,-196,NA,NA,NA,NA,Late regeneration,50,NA,FALSE,TRUE,TRUE,0.58,75,0,194,0,0.075,0.07509059901939885
AE-MT5-P28,AE,5,XP220-PLR,2,B,6,4,0.5,FALSE,0,-345,NA,NA,NA,NA,Late regeneration,50,NA,FALSE,TRUE,TRUE,0.58,75,0,194,2,0.005,0.005105521210829247
BU-MT5-P22,BU,5,XP220-PLR,2,C,4,1,0.5,FALSE,0,-196,NA,NA,NA,NA,Late regeneration,50,NA,FALSE,TRUE,TRUE,0.58,75,0,194,3,0.005,0.005105521210829247
CH-MT1-P2,CH,1,XP220-PLR,2,C,NA,NA,NA,FALSE,1,-84,NA,NA,NA,NA,Late regeneration,50,NA,FALSE,TRUE,TRUE,0.58,75,0,194,NA,NA,NA
BP-MT5-P46,BP,5,XP220-PLR,2,C,2,1,25,FALSE,0,-345,NA,NA,NA,NA,Late regeneration,50,NA,FALSE,TRUE,TRUE,0.58,75,0,194,1,0.25,0.25005329354082284
PA-MT6-P9,PA,6,XP220-PLR,2,C,12,9,1,FALSE,0,-84,NA,NA,NA,NA,Late regeneration,50,NA,FALSE,TRUE,TRUE,0.58,75,0,194,3,0.01,0.01010445534001279
CP-MT4-P34,CP,4,XP220-PLR,2,C,3,3,1,FALSE,0,-84,NA,NA,NA,NA,Late regeneration,50,NA,FALSE,TRUE,TRUE,0.58,75,0,194,0,0.01,0.01010445534001279
DC-MT1-P30,DC,1,XP220-PLR,2,C,3,2,5,FALSE,0,-196,NA,NA,NA,NA,Late regeneration,50,NA,FALSE,TRUE,TRUE,0.58,75,0,194,1,0.05,0.05009592837348113
AE-MT2-P15,AE,2,XP220-PLR,2,C,11,2,5,FALSE,0,-345,NA,NA,NA,NA,Late regeneration,50,NA,FALSE,TRUE,TRUE,0.58,75,0,194,9,0.05,0.05009592837348113
VB-MT4-P45,VB,4,XP220-PLR,2,C,8,5,0.5,FALSE,0,-345,NA,NA,NA,NA,Late regeneration,50,NA,FALSE,TRUE,TRUE,0.58,75,0,194,3,0.005,0.005105521210829247
BG-MT5-P52,BG,5,XP220-PLR,2,C,24,7,0.5,FALSE,0,-196,NA,NA,NA,NA,Late regeneration,50,NA,FALSE,TRUE,TRUE,0.58,75,0,194,17,0.005,0.005105521210829247
PG-MT3-P49,PG,3,XP220-PLR,2,C,4,3,1,FALSE,0,-345,NA,NA,NA,NA,Late regeneration,50,NA,FALSE,TRUE,TRUE,0.58,75,0,194,1,0.01,0.01010445534001279
BU-MT1-P8,BU,1,XP220-PLR,3,A,5,3,2.5,FALSE,0,-84,NA,NA,NA,NA,Late regeneration,50,NA,FALSE,TRUE,TRUE,0.58,75,0,194,2,0.025,0.025101257727563418
EA-MT1-P92,EA,1,XP220-PLR,3,A,17,11,1,FALSE,0,-345,NA,NA,NA,NA,Late regeneration,50,NA,FALSE,TRUE,TRUE,0.58,75,0,194,6,0.01,0.01010445534001279
BS-MT7-P19,BS,7,XP220-PLR,3,A,4,3,30,FALSE,0,-196,NA,NA,NA,NA,Late regeneration,50,NA,FALSE,TRUE,TRUE,0.58,75,0,194,1,0.3,0.3000426348326583
BP-MT3-P15,BP,3,XP220-PLR,3,A,3,3,7.5,FALSE,0,-345,NA,NA,NA,NA,Late regeneration,50,NA,FALSE,TRUE,TRUE,0.58,75,0,194,0,0.075,0.07509059901939885
MC-MT2-P39,MC,2,XP220-PLR,3,A,7,6,2.5,FALSE,0,-196,NA,NA,NA,NA,Late regeneration,50,NA,FALSE,TRUE,TRUE,0.58,75,0,194,1,0.025,0.025101257727563418
AE-MT1-P57,AE,1,XP220-PLR,3,A,8,5,0.5,FALSE,0,-345,NA,NA,NA,NA,Late regeneration,50,NA,FALSE,TRUE,TRUE,0.58,75,0,194,3,0.005,0.005105521210829247
PA-MT7-P4,PA,7,XP220-PLR,3,A,12,8,10,FALSE,0,-196,NA,NA,NA,NA,Late regeneration,50,NA,FALSE,TRUE,TRUE,0.58,75,0,194,4,0.1,0.10008526966531657
OP-MT2-P17,OP,2,XP220-PLR,3,A,NA,NA,NA,FALSE,1,-43,NA,NA,NA,NA,Late regeneration,50,NA,FALSE,TRUE,TRUE,0.58,75,0,194,NA,NA,NA
IS-MT3-P17,IS,3,XP220-PLR,3,A,3,3,5,FALSE,0,-43,NA,NA,NA,NA,Late regeneration,50,NA,FALSE,TRUE,TRUE,0.58,75,0,194,0,0.05,0.05009592837348113
VB-MT4-P25,VB,4,XP220-PLR,3,A,4,0,0,FALSE,0,-345,NA,NA,NA,NA,Late regeneration,50,NA,FALSE,TRUE,TRUE,0.58,75,0,194,4,0,1.0658708164570453e-4
CP-MT5-P68,CP,5,XP220-PLR,3,A,4,4,1,FALSE,0,-196,NA,NA,NA,NA,Late regeneration,50,NA,FALSE,TRUE,TRUE,0.58,75,0,194,0,0.01,0.01010445534001279
DC-MT1-P64,DC,1,XP220-PLR,3,A,NA,NA,NA,FALSE,1,-196,NA,NA,NA,NA,Late regeneration,50,NA,FALSE,TRUE,TRUE,0.58,75,0,194,NA,NA,NA
CH-MT3-P73,CH,3,XP220-PLR,3,A,5,5,5,FALSE,0,-196,NA,NA,NA,NA,Late regeneration,50,NA,FALSE,TRUE,TRUE,0.58,75,0,194,0,0.05,0.05009592837348113
BG-MT3-P33,BG,3,XP220-PLR,3,A,26,7,1,FALSE,0,-196,NA,NA,NA,NA,Late regeneration,50,NA,FALSE,TRUE,TRUE,0.58,75,0,194,19,0.01,0.01010445534001279
PG-MT1-P73,PG,1,XP220-PLR,3,A,4,1,0.5,FALSE,0,-345,NA,NA,NA,NA,Late regeneration,50,NA,FALSE,TRUE,TRUE,0.58,75,0,194,3,0.005,0.005105521210829247
BG-MT1-P2,BG,1,XP220-PLR,3,B,NA,NA,NA,FALSE,1,-196,NA,NA,NA,NA,Late regeneration,50,NA,FALSE,TRUE,TRUE,0.58,75,0,194,NA,NA,NA
BU-MT2-P17,BU,2,XP220-PLR,3,B,6,2,0.5,FALSE,0,-196,NA,NA,NA,NA,Late regeneration,50,NA,FALSE,TRUE,TRUE,0.58,75,0,194,4,0.005,0.005105521210829247
OP-MT7-P30,OP,7,XP220-PLR,3,B,0,0,0,FALSE,0,-84,NA,NA,NA,NA,Late regeneration,50,NA,FALSE,TRUE,TRUE,0.58,75,0,194,0,0,1.0658708164570453e-4
BP-MT1-P16,BP,1,XP220-PLR,3,B,1,1,10,FALSE,0,-345,NA,NA,NA,NA,Late regeneration,50,NA,FALSE,TRUE,TRUE,0.58,75,0,194,0,0.1,0.10008526966531657
CP-MT4-P56,CP,4,XP220-PLR,3,B,5,1,0.5,FALSE,0,-84,NA,NA,NA,NA,Late regeneration,50,NA,FALSE,TRUE,TRUE,0.58,75,0,194,4,0.005,0.005105521210829247
DC-MT3-P76,DC,3,XP220-PLR,3,B,3,2,2.5,FALSE,0,-196,NA,NA,NA,NA,Late regeneration,50,NA,FALSE,TRUE,TRUE,0.58,75,0,194,1,0.025,0.025101257727563418
VB-MT5-P18,VB,5,XP220-PLR,3,B,8,4,0.5,FALSE,0,-345,NA,NA,NA,NA,Late regeneration,50,NA,FALSE,TRUE,TRUE,0.58,75,0,194,4,0.005,0.005105521210829247
PG-MT5-P4,PG,5,XP220-PLR,3,B,5,3,1,FALSE,0,-345,NA,NA,NA,NA,Late regeneration,50,NA,FALSE,TRUE,TRUE,0.58,75,0,194,2,0.01,0.01010445534001279
EA-MT1-P80,EA,1,XP220-PLR,3,B,14,6,1,FALSE,0,-345,NA,NA,NA,NA,Late regeneration,50,NA,FALSE,TRUE,TRUE,0.58,75,0,194,8,0.01,0.01010445534001279
IS-MT2-P19,IS,2,XP220-PLR,3,B,2,2,5,FALSE,0,-43,NA,NA,NA,NA,Late regeneration,50,NA,FALSE,TRUE,TRUE,0.58,75,0,194,0,0.05,0.05009592837348113
AE-MT4-P38,AE,4,XP220-PLR,3,B,8,5,1,FALSE,0,-345,NA,NA,NA,NA,Late regeneration,50,NA,FALSE,TRUE,TRUE,0.58,75,0,194,3,0.01,0.01010445534001279
CH-MT3-P74,CH,3,XP220-PLR,3,B,1,1,0.5,FALSE,0,-196,NA,NA,NA,NA,Late regeneration,50,NA,FALSE,TRUE,TRUE,0.58,75,0,194,0,0.005,0.005105521210829247
MC-MT3-P9,MC,3,XP220-PLR,3,B,6,6,15,FALSE,0,-196,NA,NA,NA,NA,Late regeneration,50,NA,FALSE,TRUE,TRUE,0.58,75,0,194,0,0.15,0.150074610957152
BP-MT2-P16,BP,2,XP220-PLR,3,C,2,2,30,FALSE,0,-345,NA,NA,NA,NA,Late regeneration,50,NA,FALSE,TRUE,TRUE,0.58,75,0,194,0,0.3,0.3000426348326583
IS-MT5-P63,IS,5,XP220-PLR,3,C,4,4,2.5,FALSE,0,-43,NA,NA,NA,NA,Late regeneration,50,NA,FALSE,TRUE,TRUE,0.58,75,0,194,0,0.025,0.025101257727563418
BU-MT3-P26,BU,3,XP220-PLR,3,C,7,5,1,FALSE,0,-196,NA,NA,NA,NA,Late regeneration,50,NA,FALSE,TRUE,TRUE,0.58,75,0,194,2,0.01,0.01010445534001279
BG-MT1-P30,BG,1,XP220-PLR,3,C,17,3,0.5,FALSE,0,-196,NA,NA,NA,NA,Late regeneration,50,NA,FALSE,TRUE,TRUE,0.58,75,0,194,14,0.005,0.005105521210829247
PG-MT5-P31,PG,5,XP220-PLR,3,C,5,2,0.5,FALSE,0,-345,NA,NA,NA,NA,Late regeneration,50,NA,FALSE,TRUE,TRUE,0.58,75,0,194,3,0.005,0.005105521210829247
DC-MT3-P68,DC,3,XP220-PLR,3,C,5,2,0.5,FALSE,0,-196,NA,NA,NA,NA,Late regeneration,50,NA,FALSE,TRUE,TRUE,0.58,75,0,194,3,0.005,0.005105521210829247
PA-MT6-P101,PA,6,XP220-PLR,3,C,5,3,30,FALSE,0,-345,NA,NA,NA,NA,Late regeneration,50,NA,FALSE,TRUE,TRUE,0.58,75,0,194,2,0.3,0.3000426348326583
CH-MT5-P59,CH,5,XP220-PLR,3,C,3,3,15,FALSE,0,-196,NA,NA,NA,NA,Late regeneration,50,NA,FALSE,TRUE,TRUE,0.58,75,0,194,0,0.15,0.150074610957152
MC-MT2-P64,MC,2,XP220-PLR,3,C,10,7,0.5,FALSE,0,-196,NA,NA,NA,NA,Late regeneration,50,NA,FALSE,TRUE,TRUE,0.58,75,0,194,3,0.005,0.005105521210829247
BS-MT5-P8,BS,5,XP220-PLR,3,C,3,3,5,FALSE,0,-196,NA,NA,NA,NA,Late regeneration,50,NA,FALSE,TRUE,TRUE,0.58,75,0,194,0,0.05,0.05009592837348113
VB-MT1-P14,VB,1,XP220-PLR,3,C,19,8,1,FALSE,0,-196,NA,NA,NA,NA,Late regeneration,50,NA,FALSE,TRUE,TRUE,0.58,75,0,194,11,0.01,0.01010445534001279
CP-MT5-P8,CP,5,XP220-PLR,3,C,3,2,0.5,FALSE,0,-196,NA,NA,NA,NA,Late regeneration,50,NA,FALSE,TRUE,TRUE,0.58,75,0,194,1,0.005,0.005105521210829247
AE-MT3-P12,AE,3,XP220-PLR,3,C,10,6,2.5,FALSE,0,-345,NA,NA,NA,NA,Late regeneration,50,NA,FALSE,TRUE,TRUE,0.58,75,0,194,4,0.025,0.025101257727563418
BU-MT4-P33,BU,4,XP220-PLR,4,A,4,1,0.5,FALSE,0,-196,NA,NA,NA,NA,Late regeneration,50,NA,FALSE,TRUE,TRUE,0.58,75,0,194,3,0.005,0.005105521210829247
DC-MT3-P66,DC,3,XP220-PLR,4,A,0,0,0,FALSE,0,-345,NA,NA,NA,NA,Late regeneration,50,NA,FALSE,TRUE,TRUE,0.58,75,0,194,0,0,1.0658708164570453e-4
BG-MT3-P44,BG,3,XP220-PLR,4,A,16,8,5,FALSE,0,-196,NA,NA,NA,NA,Late regeneration,50,NA,FALSE,TRUE,TRUE,0.58,75,0,194,8,0.05,0.05009592837348113
CP-MT5-P39,CP,5,XP220-PLR,4,A,5,4,2.5,FALSE,0,-196,NA,NA,NA,NA,Late regeneration,50,NA,FALSE,TRUE,TRUE,0.58,75,0,194,1,0.025,0.025101257727563418
BP-MT4-P21,BP,4,XP220-PLR,4,A,1,1,5,FALSE,0,-345,NA,NA,NA,NA,Late regeneration,50,NA,FALSE,TRUE,TRUE,0.58,75,0,194,0,0.05,0.05009592837348113
OP-MT9-P6,OP,9,XP220-PLR,4,A,NA,NA,NA,FALSE,1,-43,NA,NA,NA,NA,Late regeneration,50,NA,FALSE,TRUE,TRUE,0.58,75,0,194,NA,NA,NA
AE-MT1-P14,AE,1,XP220-PLR,4,A,10,6,12.5,FALSE,0,-345,NA,NA,NA,NA,Late regeneration,50,NA,FALSE,TRUE,TRUE,0.58,75,0,194,4,0.125,0.1250799403112343
PG-MT3-P47,PG,3,XP220-PLR,4,A,5,4,1,FALSE,0,-345,NA,NA,NA,NA,Late regeneration,50,NA,FALSE,TRUE,TRUE,0.58,75,0,194,1,0.01,0.01010445534001279
VB-MT5-P7,VB,5,XP220-PLR,4,A,8,7,10,FALSE,0,-345,NA,NA,NA,NA,Late regeneration,50,NA,FALSE,TRUE,TRUE,0.58,75,0,194,1,0.1,0.10008526966531657
CH-MT5-P33,CH,5,XP220-PLR,4,A,4,4,7.5,FALSE,0,-196,NA,NA,NA,NA,Late regeneration,50,NA,FALSE,TRUE,TRUE,0.58,75,0,194,0,0.075,0.07509059901939885
BS-MT5-P26,BS,5,XP220-PLR,4,A,2,2,50,FALSE,0,-196,NA,NA,NA,NA,Late regeneration,50,NA,FALSE,TRUE,TRUE,0.58,75,0,194,0,0.5,0.5
MC-MT1-P67,MC,1,XP220-PLR,4,B,5,4,10,FALSE,0,-196,NA,NA,NA,NA,Late regeneration,50,NA,FALSE,TRUE,TRUE,0.58,75,0,194,1,0.1,0.10008526966531657
BP-MT3-P44,BP,3,XP220-PLR,4,B,3,1,0.5,FALSE,0,-345,NA,NA,NA,NA,Late regeneration,50,NA,FALSE,TRUE,TRUE,0.58,75,0,194,2,0.005,0.005105521210829247
CP-MT2-P19,CP,2,XP220-PLR,4,B,4,4,40,FALSE,0,-84,NA,NA,NA,NA,Late regeneration,50,NA,FALSE,TRUE,TRUE,0.58,75,0,194,0,0.4,0.4000213174163291
OP-MT7-P46,OP,7,XP220-PLR,4,B,6,3,1,FALSE,0,-84,NA,NA,NA,NA,Late regeneration,50,NA,FALSE,TRUE,TRUE,0.58,75,0,194,3,0.01,0.01010445534001279
IS-MT4-P53,IS,4,XP220-PLR,4,B,6,6,25,FALSE,0,-84,NA,NA,NA,NA,Late regeneration,50,NA,FALSE,TRUE,TRUE,0.58,75,0,194,0,0.25,0.25005329354082284
BG-MT1-P27,BG,1,XP220-PLR,4,B,21,9,2.5,FALSE,0,-196,NA,NA,NA,NA,Late regeneration,50,NA,FALSE,TRUE,TRUE,0.58,75,0,194,12,0.025,0.025101257727563418
PA-MT6-P42,PA,6,XP220-PLR,4,B,10,8,25,FALSE,0,-84,NA,NA,NA,NA,Late regeneration,50,NA,FALSE,TRUE,TRUE,0.58,75,0,194,2,0.25,0.25005329354082284
EA-MT2-P10,EA,2,XP220-PLR,4,B,22,13,1,FALSE,0,-84,NA,NA,NA,NA,Late regeneration,50,NA,FALSE,TRUE,TRUE,0.58,75,0,194,9,0.01,0.01010445534001279
AE-MT2-P56,AE,2,XP220-PLR,4,B,7,5,50,FALSE,0,-345,NA,NA,NA,NA,Late regeneration,50,NA,FALSE,TRUE,TRUE,0.58,75,0,194,2,0.5,0.5
CH-MT1-P41,CH,1,XP220-PLR,4,B,4,2,5,FALSE,0,-84,NA,NA,NA,NA,Late regeneration,50,NA,FALSE,TRUE,TRUE,0.58,75,0,194,2,0.05,0.05009592837348113
DC-MT4-P62,DC,4,XP220-PLR,4,B,3,3,2.5,FALSE,0,-196,NA,NA,NA,NA,Late regeneration,50,NA,FALSE,TRUE,TRUE,0.58,75,0,194,0,0.025,0.025101257727563418
BU-MT3-P29,BU,3,XP220-PLR,4,B,5,1,0.5,FALSE,0,-196,NA,NA,NA,NA,Late regeneration,50,NA,FALSE,TRUE,TRUE,0.58,75,0,194,4,0.005,0.005105521210829247
PG-MT2-P1,PG,2,XP220-PLR,4,B,4,3,1,FALSE,0,-345,NA,NA,NA,NA,Late regeneration,50,NA,FALSE,TRUE,TRUE,0.58,75,0,194,1,0.01,0.01010445534001279
VB-MT5-P61,VB,5,XP220-PLR,4,B,18,0,0,FALSE,0,-345,NA,NA,NA,NA,Late regeneration,50,NA,FALSE,TRUE,TRUE,0.58,75,0,194,18,0,1.0658708164570453e-4
CH-MT2-P9,CH,2,XP220-PLR,4,C,2,0,0,FALSE,0,-196,NA,NA,NA,NA,Late regeneration,50,NA,FALSE,TRUE,TRUE,0.58,75,0,194,2,0,1.0658708164570453e-4
IS-MT4-P24,IS,4,XP220-PLR,4,C,5,5,10,FALSE,0,-84,NA,NA,NA,NA,Late regeneration,50,NA,FALSE,TRUE,TRUE,0.58,75,0,194,0,0.1,0.10008526966531657
BP-MT4-P43,BP,4,XP220-PLR,4,C,1,1,1,FALSE,0,-345,NA,NA,NA,NA,Late regeneration,50,NA,FALSE,TRUE,TRUE,0.58,75,0,194,0,0.01,0.01010445534001279
VB-MT1-P13,VB,1,XP220-PLR,4,C,NA,NA,NA,FALSE,1,-196,NA,NA,NA,NA,Late regeneration,50,NA,FALSE,TRUE,TRUE,0.58,75,0,194,NA,NA,NA
OP-MT6-P28,OP,6,XP220-PLR,4,C,NA,NA,NA,FALSE,1,-84,NA,NA,NA,NA,Late regeneration,50,NA,FALSE,TRUE,TRUE,0.58,75,0,194,NA,NA,NA
MC-MT2-P49,MC,2,XP220-PLR,4,C,5,4,5,FALSE,0,-196,NA,NA,NA,NA,Late regeneration,50,NA,FALSE,TRUE,TRUE,0.58,75,0,194,1,0.05,0.05009592837348113
BU-MT2-P28,BU,2,XP220-PLR,4,C,6,2,2.5,FALSE,0,-196,NA,NA,NA,NA,Late regeneration,50,NA,FALSE,TRUE,TRUE,0.58,75,0,194,4,0.025,0.025101257727563418
PG-MT2-P71,PG,2,XP220-PLR,4,C,5,2,0.5,FALSE,0,-345,NA,NA,NA,NA,Late regeneration,50,NA,FALSE,TRUE,TRUE,0.58,75,0,194,3,0.005,0.005105521210829247
BG-MT4-P5,BG,4,XP220-PLR,4,C,31,20,2.5,FALSE,0,-196,NA,NA,NA,NA,Late regeneration,50,NA,FALSE,TRUE,TRUE,0.58,75,0,194,11,0.025,0.025101257727563418
AE-MT3-P64,AE,3,XP220-PLR,4,C,10,7,15,FALSE,0,-345,NA,NA,NA,NA,Late regeneration,50,NA,FALSE,TRUE,TRUE,0.58,75,0,194,3,0.15,0.150074610957152
DC-MT2-P18,DC,2,XP220-PLR,4,C,2,2,0.5,FALSE,0,-196,NA,NA,NA,NA,Late regeneration,50,NA,FALSE,TRUE,TRUE,0.58,75,0,194,0,0.005,0.005105521210829247
CP-MT1-P13,CP,1,XP220-PLR,4,C,3,3,5,FALSE,0,-196,NA,NA,NA,NA,Late regeneration,50,NA,FALSE,TRUE,TRUE,0.58,75,0,194,0,0.05,0.05009592837348113
EA-MT2-P32,EA,2,XP220-PLR,5,A,NA,NA,NA,FALSE,0,-345,NA,NA,NA,NA,Late regeneration,50,NA,FALSE,TRUE,TRUE,0.58,75,0,194,NA,NA,NA
AE-MT3-P44,AE,3,XP220-PLR,5,A,NA,NA,NA,FALSE,0,-345,NA,NA,NA,NA,Late regeneration,50,NA,FALSE,TRUE,TRUE,0.58,75,0,194,NA,NA,NA
BP-MT4-P10,BP,4,XP220-PLR,5,A,NA,NA,NA,FALSE,0,-345,NA,NA,NA,NA,Late regeneration,50,NA,FALSE,TRUE,TRUE,0.58,75,0,194,NA,NA,NA
VB-MT3-P26,VB,3,XP220-PLR,5,A,NA,NA,NA,FALSE,0,-345,NA,NA,NA,NA,Late regeneration,50,NA,FALSE,TRUE,TRUE,0.58,75,0,194,NA,NA,NA
PG-MT5-P68,PG,5,XP220-PLR,5,A,NA,NA,NA,FALSE,0,-345,NA,NA,NA,NA,Late regeneration,50,NA,FALSE,TRUE,TRUE,0.58,75,0,194,NA,NA,NA
CH-MT3-P6,CH,3,XP220-PLR,5,A,NA,NA,NA,FALSE,0,-196,NA,NA,NA,NA,Late regeneration,50,NA,FALSE,TRUE,TRUE,0.58,75,0,194,NA,NA,NA
IS-MT3-P105,IS,3,XP220-PLR,5,A,NA,NA,NA,FALSE,0,-345,NA,NA,NA,NA,Late regeneration,50,NA,FALSE,TRUE,TRUE,0.58,75,0,194,NA,NA,NA
BG-MT4-P79,BG,4,XP220-PLR,5,A,NA,NA,NA,FALSE,0,-196,NA,NA,NA,NA,Late regeneration,50,NA,FALSE,TRUE,TRUE,0.58,75,0,194,NA,NA,NA
DC-MT5-P2,DC,5,XP220-PLR,5,A,NA,NA,NA,FALSE,0,-196,NA,NA,NA,NA,Late regeneration,50,NA,FALSE,TRUE,TRUE,0.58,75,0,194,NA,NA,NA
VB-MT5-P30,VB,5,XP220-PLR,5,B,NA,NA,NA,FALSE,0,-345,NA,NA,NA,NA,Late regeneration,50,NA,FALSE,TRUE,TRUE,0.58,75,0,194,NA,NA,NA
AE-MT1-P34,AE,1,XP220-PLR,5,B,NA,NA,NA,FALSE,0,-345,NA,NA,NA,NA,Late regeneration,50,NA,FALSE,TRUE,TRUE,0.58,75,0,194,NA,NA,NA
DC-MT1-P56,DC,1,XP220-PLR,5,B,NA,NA,NA,FALSE,0,-196,NA,NA,NA,NA,Late regeneration,50,NA,FALSE,TRUE,TRUE,0.58,75,0,194,NA,NA,NA
BG-MT5-P68,BG,5,XP220-PLR,5,B,NA,NA,NA,FALSE,0,-196,NA,NA,NA,NA,Late regeneration,50,NA,FALSE,TRUE,TRUE,0.58,75,0,194,NA,NA,NA
CP-MT1-P8,CP,1,XP220-PLR,5,B,NA,NA,NA,FALSE,0,-196,NA,NA,NA,NA,Late regeneration,50,NA,FALSE,TRUE,TRUE,0.58,75,0,194,NA,NA,NA
BP-MT5-P47,BP,5,XP220-PLR,5,B,NA,NA,NA,FALSE,0,-345,NA,NA,NA,NA,Late regeneration,50,NA,FALSE,TRUE,TRUE,0.58,75,0,194,NA,NA,NA
PG-MT4-P59,PG,4,XP220-PLR,5,B,NA,NA,NA,FALSE,0,-345,NA,NA,NA,NA,Late regeneration,50,NA,FALSE,TRUE,TRUE,0.58,75,0,194,NA,NA,NA
CH-MT4-P41,CH,4,XP220-PLR,5,B,NA,NA,NA,FALSE,0,-196,NA,NA,NA,NA,Late regeneration,50,NA,FALSE,TRUE,TRUE,0.58,75,0,194,NA,NA,NA
VB-MT4-P42,VB,4,XP220-PLR,5,C,NA,NA,NA,FALSE,0,-345,NA,NA,NA,NA,Late regeneration,50,NA,FALSE,TRUE,TRUE,0.58,75,0,194,NA,NA,NA
AE-MT4-P73,AE,4,XP220-PLR,5,C,NA,NA,NA,FALSE,0,-345,NA,NA,NA,NA,Late regeneration,50,NA,FALSE,TRUE,TRUE,0.58,75,0,194,NA,NA,NA
EA-MT3-P48,EA,3,XP220-PLR,5,C,NA,NA,NA,FALSE,0,-345,NA,NA,NA,NA,Late regeneration,50,NA,FALSE,TRUE,TRUE,0.58,75,0,194,NA,NA,NA
BU-MT2-P19,BU,2,XP220-PLR,5,C,NA,NA,NA,FALSE,0,-196,NA,NA,NA,NA,Late regeneration,50,NA,FALSE,TRUE,TRUE,0.58,75,0,194,NA,NA,NA
BS-MT6-P92,BS,6,XP220-PLR,5,C,NA,NA,NA,FALSE,0,-345,NA,NA,NA,NA,Late regeneration,50,NA,FALSE,TRUE,TRUE,0.58,75,0,194,NA,NA,NA
BP-MT5-P35,BP,5,XP220-PLR,5,C,NA,NA,NA,FALSE,0,-345,NA,NA,NA,NA,Late regeneration,50,NA,FALSE,TRUE,TRUE,0.58,75,0,194,NA,NA,NA
DC-MT4-P67,DC,4,XP220-PLR,5,C,NA,NA,NA,FALSE,0,-196,NA,NA,NA,NA,Late regeneration,50,NA,FALSE,TRUE,TRUE,0.58,75,0,194,NA,NA,NA
BG-MT2-P44,BG,2,XP220-PLR,5,C,NA,NA,NA,FALSE,0,-196,NA,NA,NA,NA,Late regeneration,50,NA,FALSE,TRUE,TRUE,0.58,75,0,194,NA,NA,NA
PG-MT1-P48,PG,1,XP220-PLR,5,C,NA,NA,NA,FALSE,0,-345,NA,NA,NA,NA,Late regeneration,50,NA,FALSE,TRUE,TRUE,0.58,75,0,194,NA,NA,NA
IS-MT5-P15,IS,5,XP221-OG,1,A,3,3,20,FALSE,0,322,NA,NA,NA,NA,Old-Growth,50,NA,FALSE,FALSE,FALSE,0.71,0,36,374,0,0.2,0.20006395224898743
OP-MT7-P19,OP,7,XP221-OG,1,A,NA,NA,NA,FALSE,1,281,NA,NA,NA,NA,Old-Growth,50,NA,FALSE,FALSE,FALSE,0.71,0,36,374,NA,NA,NA
CP-MT4-P11,CP,4,XP221-OG,1,A,3,3,2.5,FALSE,0,281,NA,NA,NA,NA,Old-Growth,50,NA,FALSE,FALSE,FALSE,0.71,0,36,374,0,0.025,0.025101257727563418
VB-MT3-P10,VB,3,XP221-OG,1,A,2,2,0.5,FALSE,0,20,NA,NA,NA,NA,Old-Growth,50,NA,FALSE,FALSE,FALSE,0.71,0,36,374,0,0.005,0.005105521210829247
MC-MT3-P35,MC,3,XP221-OG,1,A,4,2,15,FALSE,1,170,NA,NA,NA,NA,Old-Growth,50,NA,FALSE,FALSE,FALSE,0.71,0,36,374,2,0.15,0.150074610957152
CH-MT2-P65,CH,2,XP221-OG,1,A,NA,NA,NA,FALSE,0,170,NA,NA,NA,NA,Old-Growth,50,NA,FALSE,FALSE,FALSE,0.71,0,36,374,NA,NA,NA
BP-MT1-P39,BP,1,XP221-OG,1,A,1,1,0.5,FALSE,0,20,NA,NA,NA,NA,Old-Growth,50,NA,FALSE,FALSE,FALSE,0.71,0,36,374,0,0.005,0.005105521210829247
BG-MT1-P71,BG,1,XP221-OG,1,A,NA,NA,NA,FALSE,1,170,NA,NA,NA,NA,Old-Growth,50,NA,FALSE,FALSE,FALSE,0.71,0,36,374,NA,NA,NA
PA-MT6-P50,PA,6,XP221-OG,1,A,8,4,10,FALSE,0,281,NA,NA,NA,NA,Old-Growth,50,NA,FALSE,FALSE,FALSE,0.71,0,36,374,4,0.1,0.10008526966531657
PG-MT4-P52,PG,4,XP221-OG,1,A,3,1,0.5,FALSE,0,20,NA,NA,NA,NA,Old-Growth,50,NA,FALSE,FALSE,FALSE,0.71,0,36,374,2,0.005,0.005105521210829247
BU-MT3-P27,BU,3,XP221-OG,1,A,3,1,2.5,FALSE,0,170,NA,NA,NA,NA,Old-Growth,50,NA,FALSE,FALSE,FALSE,0.71,0,36,374,2,0.025,0.025101257727563418
AE-MT2-P72,AE,2,XP221-OG,1,A,8,7,5,FALSE,0,20,NA,NA,NA,NA,Old-Growth,50,NA,FALSE,FALSE,FALSE,0.71,0,36,374,1,0.05,0.05009592837348113
DC-MT2-P43,DC,2,XP221-OG,1,A,3,2,5,FALSE,0,20,NA,NA,NA,NA,Old-Growth,50,NA,FALSE,FALSE,FALSE,0.71,0,36,374,1,0.05,0.05009592837348113
BG-MT3-P1,BG,3,XP221-OG,1,B,13,7,2.5,FALSE,0,170,NA,NA,NA,NA,Old-Growth,50,NA,FALSE,FALSE,FALSE,0.71,0,36,374,6,0.025,0.025101257727563418
CH-MT1-P55,CH,1,XP221-OG,1,B,NA,NA,NA,FALSE,0,281,NA,NA,NA,NA,Old-Growth,50,NA,FALSE,FALSE,FALSE,0.71,0,36,374,NA,NA,NA
CH-MT3-P75,CH,3,XP221-OG,1,B,4,4,2.5,FALSE,0,20,NA,NA,NA,NA,Old-Growth,50,NA,FALSE,FALSE,FALSE,0.71,0,36,374,0,0.025,0.025101257727563418
DC-MT1-P43,DC,1,XP221-OG,1,B,NA,NA,NA,FALSE,0,170,NA,NA,NA,NA,Old-Growth,50,NA,FALSE,FALSE,FALSE,0.71,0,36,374,NA,NA,NA
PG-MT3-P29,PG,3,XP221-OG,1,B,2,1,0.5,FALSE,0,20,NA,NA,NA,NA,Old-Growth,50,NA,FALSE,FALSE,FALSE,0.71,0,36,374,1,0.005,0.005105521210829247
VB-MT4-P64,VB,4,XP221-OG,1,B,0,0,0,FALSE,0,20,NA,NA,NA,NA,Old-Growth,50,NA,FALSE,FALSE,FALSE,0.71,0,36,374,0,0,1.0658708164570453e-4
AE-MT4-P74,AE,4,XP221-OG,1,B,7,4,7.5,FALSE,0,20,NA,NA,NA,NA,Old-Growth,50,NA,FALSE,FALSE,FALSE,0.71,0,36,374,3,0.075,0.07509059901939885
BP-MT2-P42,BP,2,XP221-OG,1,B,NA,NA,NA,FALSE,1,20,NA,NA,NA,NA,Old-Growth,50,NA,FALSE,FALSE,FALSE,0.71,0,36,374,NA,NA,NA
CP-MT5-P44,CP,5,XP221-OG,1,B,1,0,0,FALSE,0,170,NA,NA,NA,NA,Old-Growth,50,NA,FALSE,FALSE,FALSE,0.71,0,36,374,1,0,1.0658708164570453e-4
BU-MT5-P18,BU,5,XP221-OG,1,B,7,1,5,FALSE,0,170,NA,NA,NA,NA,Old-Growth,50,NA,FALSE,FALSE,FALSE,0.71,0,36,374,6,0.05,0.05009592837348113
CH-MT4-P90,CH,4,XP221-OG,1,C,5,4,5,FALSE,0,170,NA,NA,NA,NA,Old-Growth,50,NA,FALSE,FALSE,FALSE,0.71,0,36,374,1,0.05,0.05009592837348113
BG-MT5-P58,BG,5,XP221-OG,1,C,6,2,0.5,FALSE,0,170,NA,NA,NA,NA,Old-Growth,50,NA,FALSE,FALSE,FALSE,0.71,0,36,374,4,0.005,0.005105521210829247
PG-MT4-P42,PG,4,XP221-OG,1,C,5,4,0.5,FALSE,0,20,NA,NA,NA,NA,Old-Growth,50,NA,FALSE,FALSE,FALSE,0.71,0,36,374,1,0.005,0.005105521210829247
MC-MT3-P52,MC,3,XP221-OG,1,C,6,4,20,FALSE,0,217,NA,NA,NA,NA,Old-Growth,50,NA,FALSE,FALSE,FALSE,0.71,0,36,374,2,0.2,0.20006395224898743
MC-MT3-P52,MC,3,XP221-OG,1,C,6,4,20,FALSE,0,170,NA,NA,NA,NA,Old-Growth,50,NA,FALSE,FALSE,FALSE,0.71,0,36,374,2,0.2,0.20006395224898743
BS-MT7-P1,BS,7,XP221-OG,1,C,4,3,15,FALSE,0,170,NA,NA,NA,NA,Old-Growth,50,NA,FALSE,FALSE,FALSE,0.71,0,36,374,1,0.15,0.150074610957152
OP-MT8-P19,OP,8,XP221-OG,1,C,NA,NA,NA,FALSE,0,281,NA,NA,NA,NA,Old-Growth,50,NA,FALSE,FALSE,FALSE,0.71,0,36,374,NA,NA,NA
VB-MT2-P28,VB,2,XP221-OG,1,C,5,2,0.5,FALSE,0,20,NA,NA,NA,NA,Old-Growth,50,NA,FALSE,FALSE,FALSE,0.71,0,36,374,3,0.005,0.005105521210829247
CP-MT2-P8,CP,2,XP221-OG,1,C,2,2,1,FALSE,0,281,NA,NA,NA,NA,Old-Growth,50,NA,FALSE,FALSE,FALSE,0.71,0,36,374,0,0.01,0.01010445534001279
DC-MT5-P37,DC,5,XP221-OG,1,C,NA,NA,NA,FALSE,0,170,NA,NA,NA,NA,Old-Growth,50,NA,FALSE,FALSE,FALSE,0.71,0,36,374,NA,NA,NA
BU-MT2-P53,BU,2,XP221-OG,1,C,3,0,0,FALSE,0,170,NA,NA,NA,NA,Old-Growth,50,NA,FALSE,FALSE,FALSE,0.71,0,36,374,3,0,1.0658708164570453e-4
BP-MT4-P79,BP,4,XP221-OG,1,C,NA,NA,NA,FALSE,1,20,NA,NA,NA,NA,Old-Growth,50,NA,FALSE,FALSE,FALSE,0.71,0,36,374,NA,NA,NA
AE-MT5-P40,AE,5,XP221-OG,1,C,12,8,2.5,FALSE,0,20,NA,NA,NA,NA,Old-Growth,50,NA,FALSE,FALSE,FALSE,0.71,0,36,374,4,0.025,0.025101257727563418
BP-MT1-P35,BP,1,XP221-OG,2,A,4,3,15,FALSE,0,20,NA,NA,NA,NA,Old-Growth,50,NA,FALSE,FALSE,FALSE,0.71,0,36,374,1,0.15,0.150074610957152
AE-MT1-P20,AE,1,XP221-OG,2,A,9,7,30,FALSE,0,20,NA,NA,NA,NA,Old-Growth,50,NA,FALSE,FALSE,FALSE,0.71,0,36,374,2,0.3,0.3000426348326583
OP-MT2-P13,OP,2,XP221-OG,2,A,NA,NA,NA,FALSE,1,322,NA,NA,NA,NA,Old-Growth,50,NA,FALSE,FALSE,FALSE,0.71,0,36,374,NA,NA,NA
PG-MT5-P48,PG,5,XP221-OG,2,A,5,4,1,FALSE,0,20,NA,NA,NA,NA,Old-Growth,50,NA,FALSE,FALSE,FALSE,0.71,0,36,374,1,0.01,0.01010445534001279
VB-MT4-P43,VB,4,XP221-OG,2,A,NA,NA,NA,FALSE,0,20,NA,NA,NA,NA,Old-Growth,50,NA,FALSE,FALSE,FALSE,0.71,0,36,374,NA,NA,NA
IS-MT3-P57,IS,3,XP221-OG,2,A,5,5,5,FALSE,0,322,NA,NA,NA,NA,Old-Growth,50,NA,FALSE,FALSE,FALSE,0.71,0,36,374,0,0.05,0.05009592837348113
MC-MT3-P58,MC,3,XP221-OG,2,A,9,6,0.5,FALSE,0,170,NA,NA,NA,NA,Old-Growth,50,NA,FALSE,FALSE,FALSE,0.71,0,36,374,3,0.005,0.005105521210829247
CP-MT3-P64,CP,3,XP221-OG,2,A,2,2,5,FALSE,0,281,NA,NA,NA,NA,Old-Growth,50,NA,FALSE,FALSE,FALSE,0.71,0,36,374,0,0.05,0.05009592837348113
EA-MT2-P8,EA,2,XP221-OG,2,A,16,12,1,FALSE,0,281,NA,NA,NA,NA,Old-Growth,50,NA,FALSE,FALSE,FALSE,0.71,0,36,374,4,0.01,0.01010445534001279
BG-MT4-P3,BG,4,XP221-OG,2,A,18,7,5,FALSE,0,170,NA,NA,NA,NA,Old-Growth,50,NA,FALSE,FALSE,FALSE,0.71,0,36,374,11,0.05,0.05009592837348113
DC-MT5-P85,DC,5,XP221-OG,2,A,4,3,2.5,FALSE,0,20,NA,NA,NA,NA,Old-Growth,50,NA,FALSE,FALSE,FALSE,0.71,0,36,374,1,0.025,0.025101257727563418
CH-MT4-P68,CH,4,XP221-OG,2,A,NA,NA,NA,FALSE,0,170,NA,NA,NA,NA,Old-Growth,50,NA,FALSE,FALSE,FALSE,0.71,0,36,374,NA,NA,NA
BU-MT5-P54,BU,5,XP221-OG,2,A,4,4,2.5,FALSE,0,170,NA,NA,NA,NA,Old-Growth,50,NA,FALSE,FALSE,FALSE,0.71,0,36,374,0,0.025,0.025101257727563418
CH-MT1-P36,CH,1,XP221-OG,2,B,NA,NA,NA,FALSE,0,281,NA,NA,NA,NA,Old-Growth,50,NA,FALSE,FALSE,FALSE,0.71,0,36,374,NA,NA,NA
CH-MT3-P82,CH,3,XP221-OG,2,B,0,0,0,FALSE,0,20,NA,NA,NA,NA,Old-Growth,50,NA,FALSE,FALSE,FALSE,0.71,0,36,374,0,0,1.0658708164570453e-4
BU-MT3-P36,BU,3,XP221-OG,2,B,5,2,5,FALSE,0,170,NA,NA,NA,NA,Old-Growth,50,NA,FALSE,FALSE,FALSE,0.71,0,36,374,3,0.05,0.05009592837348113
AE-MT2-P61,AE,2,XP221-OG,2,B,8,6,5,FALSE,0,20,NA,NA,NA,NA,Old-Growth,50,NA,FALSE,FALSE,FALSE,0.71,0,36,374,2,0.05,0.05009592837348113
MC-MT2-P51,MC,2,XP221-OG,2,B,6,5,20,FALSE,0,170,NA,NA,NA,NA,Old-Growth,50,NA,FALSE,FALSE,FALSE,0.71,0,36,374,1,0.2,0.20006395224898743
PA-MT7-P1,PA,7,XP221-OG,2,B,3,2,1,FALSE,0,170,NA,NA,NA,NA,Old-Growth,50,NA,FALSE,FALSE,FALSE,0.71,0,36,374,1,0.01,0.01010445534001279
BP-MT3-P59,BP,3,XP221-OG,2,B,3,3,1,FALSE,0,20,NA,NA,NA,NA,Old-Growth,50,NA,FALSE,FALSE,FALSE,0.71,0,36,374,0,0.01,0.01010445534001279
PG-MT3-P12,PG,3,XP221-OG,2,B,4,2,1,FALSE,0,20,NA,NA,NA,NA,Old-Growth,50,NA,FALSE,FALSE,FALSE,0.71,0,36,374,2,0.01,0.01010445534001279
CP-MT2-P45,CP,2,XP221-OG,2,B,4,4,20,FALSE,0,281,NA,NA,NA,NA,Old-Growth,50,NA,FALSE,FALSE,FALSE,0.71,0,36,374,0,0.2,0.20006395224898743
VB-MT2-P13,VB,2,XP221-OG,2,B,4,3,30,FALSE,0,20,NA,NA,NA,NA,Old-Growth,50,NA,FALSE,FALSE,FALSE,0.71,0,36,374,1,0.3,0.3000426348326583
EA-MT4-P37,EA,4,XP221-OG,2,B,8,8,25,FALSE,0,20,NA,NA,NA,NA,Old-Growth,50,NA,FALSE,FALSE,FALSE,0.71,0,36,374,0,0.25,0.25005329354082284
IS-MT2-P35,IS,2,XP221-OG,2,B,5,5,15,FALSE,0,322,NA,NA,NA,NA,Old-Growth,50,NA,FALSE,FALSE,FALSE,0.71,0,36,374,0,0.15,0.150074610957152
BG-MT4-P1,BG,4,XP221-OG,2,B,29,11,1,FALSE,0,170,NA,NA,NA,NA,Old-Growth,50,NA,FALSE,FALSE,FALSE,0.71,0,36,374,18,0.01,0.01010445534001279
DC-MT1-P8,DC,1,XP221-OG,2,B,NA,NA,NA,FALSE,1,170,NA,NA,NA,NA,Old-Growth,50,NA,FALSE,FALSE,FALSE,0.71,0,36,374,NA,NA,NA
VB-MT1-P9,VB,1,XP221-OG,2,C,9,5,25,FALSE,0,170,NA,NA,NA,NA,Old-Growth,50,NA,FALSE,FALSE,FALSE,0.71,0,36,374,4,0.25,0.25005329354082284
BU-MT2-P47,BU,2,XP221-OG,2,C,3,1,2.5,FALSE,0,170,NA,NA,NA,NA,Old-Growth,50,NA,FALSE,FALSE,FALSE,0.71,0,36,374,2,0.025,0.025101257727563418
DC-MT4-P42,DC,4,XP221-OG,2,C,NA,NA,NA,FALSE,1,170,NA,NA,NA,NA,Old-Growth,50,NA,FALSE,FALSE,FALSE,0.71,0,36,374,NA,NA,NA
AE-MT4-P67,AE,4,XP221-OG,2,C,10,7,1,FALSE,0,20,NA,NA,NA,NA,Old-Growth,50,NA,FALSE,FALSE,FALSE,0.71,0,36,374,3,0.01,0.01010445534001279
OP-MT8-P37,OP,8,XP221-OG,2,C,NA,NA,NA,FALSE,1,281,NA,NA,NA,NA,Old-Growth,50,NA,FALSE,FALSE,FALSE,0.71,0,36,374,NA,NA,NA
PG-MT1-P6,PG,1,XP221-OG,2,C,3,2,5,FALSE,0,20,NA,NA,NA,NA,Old-Growth,50,NA,FALSE,FALSE,FALSE,0.71,0,36,374,1,0.05,0.05009592837348113
CH-MT5-P68,CH,5,XP221-OG,2,C,NA,NA,NA,FALSE,0,170,NA,NA,NA,NA,Old-Growth,50,NA,FALSE,FALSE,FALSE,0.71,0,36,374,NA,NA,NA
IS-MT1-P49,IS,1,XP221-OG,2,C,NA,NA,NA,FALSE,1,281,NA,NA,NA,NA,Old-Growth,50,NA,FALSE,FALSE,FALSE,0.71,0,36,374,NA,NA,NA
CP-MT5-P54,CP,5,XP221-OG,2,C,2,2,50,FALSE,0,170,NA,NA,NA,NA,Old-Growth,50,NA,FALSE,FALSE,FALSE,0.71,0,36,374,0,0.5,0.5
BP-MT1-P71,BP,1,XP221-OG,2,C,0,0,0,FALSE,0,20,NA,NA,NA,NA,Old-Growth,50,NA,FALSE,FALSE,FALSE,0.71,0,36,374,0,0,1.0658708164570453e-4
BG-MT3-P76,BG,3,XP221-OG,2,C,0,0,0,FALSE,0,170,NA,NA,NA,NA,Old-Growth,50,NA,FALSE,FALSE,FALSE,0.71,0,36,374,0,0,1.0658708164570453e-4
BS-MT1-P25,BS,1,XP221-OG,3,A,3,2,10,FALSE,0,170,NA,NA,NA,NA,Old-Growth,50,NA,FALSE,FALSE,FALSE,0.71,0,36,374,1,0.1,0.10008526966531657
VB-MT4-P47,VB,4,XP221-OG,3,A,0,0,0,FALSE,0,20,NA,NA,NA,NA,Old-Growth,50,NA,FALSE,FALSE,FALSE,0.71,0,36,374,0,0,1.0658708164570453e-4
OP-MT9-P71,OP,9,XP221-OG,3,A,NA,NA,NA,FALSE,1,322,NA,NA,NA,NA,Old-Growth,50,NA,FALSE,FALSE,FALSE,0.71,0,36,374,NA,NA,NA
PA-MT3-P35,PA,3,XP221-OG,3,A,6,2,0.5,FALSE,0,322,NA,NA,NA,NA,Old-Growth,50,NA,FALSE,FALSE,FALSE,0.71,0,36,374,4,0.005,0.005105521210829247
IS-MT3-P18,IS,3,XP221-OG,3,A,5,4,2.5,FALSE,0,322,NA,NA,NA,NA,Old-Growth,50,NA,FALSE,FALSE,FALSE,0.71,0,36,374,1,0.025,0.025101257727563418
CP-MT5-P29,CP,5,XP221-OG,3,A,2,2,5,FALSE,0,170,NA,NA,NA,NA,Old-Growth,50,NA,FALSE,FALSE,FALSE,0.71,0,36,374,0,0.05,0.05009592837348113
AE-MT1-P24,AE,1,XP221-OG,3,A,4,3,7.5,FALSE,0,20,NA,NA,NA,NA,Old-Growth,50,NA,FALSE,FALSE,FALSE,0.71,0,36,374,1,0.075,0.07509059901939885
BP-MT2-P9,BP,2,XP221-OG,3,A,2,1,0.5,FALSE,0,20,NA,NA,NA,NA,Old-Growth,50,NA,FALSE,FALSE,FALSE,0.71,0,36,374,1,0.005,0.005105521210829247
BU-MT1-P42,BU,1,XP221-OG,3,A,7,5,7.5,FALSE,0,281,NA,NA,NA,NA,Old-Growth,50,NA,FALSE,FALSE,FALSE,0.71,0,36,374,2,0.075,0.07509059901939885
EA-MT4-P12,EA,4,XP221-OG,3,A,7,6,5,FALSE,0,281,NA,NA,NA,NA,Old-Growth,50,NA,FALSE,FALSE,FALSE,0.71,0,36,374,1,0.05,0.05009592837348113
BG-MT2-P35,BG,2,XP221-OG,3,A,11,5,5,FALSE,0,170,NA,NA,NA,NA,Old-Growth,50,NA,FALSE,FALSE,FALSE,0.71,0,36,374,6,0.05,0.05009592837348113
DC-MT2-P10,DC,2,XP221-OG,3,A,NA,NA,NA,FALSE,0,170,NA,NA,NA,NA,Old-Growth,50,NA,FALSE,FALSE,FALSE,0.71,0,36,374,NA,NA,NA
CH-MT5-P37,CH,5,XP221-OG,3,A,4,2,0.5,FALSE,0,170,NA,NA,NA,NA,Old-Growth,50,NA,FALSE,FALSE,FALSE,0.71,0,36,374,2,0.005,0.005105521210829247
PG-MT4-P21,PG,4,XP221-OG,3,A,5,3,0.5,FALSE,0,20,NA,NA,NA,NA,Old-Growth,50,NA,FALSE,FALSE,FALSE,0.71,0,36,374,2,0.005,0.005105521210829247
BS-MT5-P34,BS,5,XP221-OG,3,B,2,1,10,FALSE,0,170,NA,NA,NA,NA,Old-Growth,50,NA,FALSE,FALSE,FALSE,0.71,0,36,374,1,0.1,0.10008526966531657
BU-MT1-P79,BU,1,XP221-OG,3,B,3,0,0,FALSE,0,281,NA,NA,NA,NA,Old-Growth,50,NA,FALSE,FALSE,FALSE,0.71,0,36,374,3,0,1.0658708164570453e-4
CP-MT5-P2,CP,5,XP221-OG,3,B,3,3,1,FALSE,0,170,NA,NA,NA,NA,Old-Growth,50,NA,FALSE,FALSE,FALSE,0.71,0,36,374,0,0.01,0.01010445534001279
PA-MT7-P11,PA,7,XP221-OG,3,B,16,11,5,FALSE,0,170,NA,NA,NA,NA,Old-Growth,50,NA,FALSE,FALSE,FALSE,0.71,0,36,374,5,0.05,0.05009592837348113
IS-MT5-P49,IS,5,XP221-OG,3,B,1,1,0.5,FALSE,0,322,NA,NA,NA,NA,Old-Growth,50,NA,FALSE,FALSE,FALSE,0.71,0,36,374,0,0.005,0.005105521210829247
BG-MT1-P10,BG,1,XP221-OG,3,B,NA,NA,NA,FALSE,1,170,NA,NA,NA,NA,Old-Growth,50,NA,FALSE,FALSE,FALSE,0.71,0,36,374,NA,NA,NA
PG-MT2-P31,PG,2,XP221-OG,3,B,5,2,0.5,FALSE,0,20,NA,NA,NA,NA,Old-Growth,50,NA,FALSE,FALSE,FALSE,0.71,0,36,374,3,0.005,0.005105521210829247
VB-MT3-P23,VB,3,XP221-OG,3,B,13,6,1,FALSE,0,20,NA,NA,NA,NA,Old-Growth,50,NA,FALSE,FALSE,FALSE,0.71,0,36,374,7,0.01,0.01010445534001279
AE-MT1-P45,AE,1,XP221-OG,3,B,10,9,2.5,FALSE,0,20,NA,NA,NA,NA,Old-Growth,50,NA,FALSE,FALSE,FALSE,0.71,0,36,374,1,0.025,0.025101257727563418
OP-MT7-P39,OP,7,XP221-OG,3,B,NA,NA,NA,FALSE,1,281,NA,NA,NA,NA,Old-Growth,50,NA,FALSE,FALSE,FALSE,0.71,0,36,374,NA,NA,NA
EA-MT4-P50,EA,4,XP221-OG,3,B,9,8,5,FALSE,0,20,NA,NA,NA,NA,Old-Growth,50,NA,FALSE,FALSE,FALSE,0.71,0,36,374,1,0.05,0.05009592837348113
BP-MT4-P30,BP,4,XP221-OG,3,B,1,1,30,FALSE,0,20,NA,NA,NA,NA,Old-Growth,50,NA,FALSE,FALSE,FALSE,0.71,0,36,374,0,0.3,0.3000426348326583
MC-MT1-P58,MC,1,XP221-OG,3,B,11,9,10,FALSE,0,170,NA,NA,NA,NA,Old-Growth,50,NA,FALSE,FALSE,FALSE,0.71,0,36,374,2,0.1,0.10008526966531657
CH-MT3-P29,CH,3,XP221-OG,3,B,5,5,17.5,FALSE,0,170,NA,NA,NA,NA,Old-Growth,50,NA,FALSE,FALSE,FALSE,0.71,0,36,374,0,0.175,0.1750692816030697
CP-MT1-P5,CP,1,XP221-OG,3,C,1,1,5,FALSE,0,170,NA,NA,NA,NA,Old-Growth,50,NA,FALSE,FALSE,FALSE,0.71,0,36,374,0,0.05,0.05009592837348113
OP-MT6-P35,OP,6,XP221-OG,3,C,NA,NA,NA,FALSE,0,281,NA,NA,NA,NA,Old-Growth,50,NA,FALSE,FALSE,FALSE,0.71,0,36,374,NA,NA,NA
IS-MT4-P31,IS,4,XP221-OG,3,C,4,4,30,FALSE,0,281,NA,NA,NA,NA,Old-Growth,50,NA,FALSE,FALSE,FALSE,0.71,0,36,374,0,0.3,0.3000426348326583
PA-MT3-P73,PA,3,XP221-OG,3,C,6,1,0.5,FALSE,0,20,NA,NA,NA,NA,Old-Growth,50,NA,FALSE,FALSE,FALSE,0.71,0,36,374,5,0.005,0.005105521210829247
VB-MT3-P70,VB,3,XP221-OG,3,C,4,2,2.5,FALSE,0,20,NA,NA,NA,NA,Old-Growth,50,NA,FALSE,FALSE,FALSE,0.71,0,36,374,2,0.025,0.025101257727563418
CH-MT4-P5,CH,4,XP221-OG,3,C,4,3,15,FALSE,0,170,NA,NA,NA,NA,Old-Growth,50,NA,FALSE,FALSE,FALSE,0.71,0,36,374,1,0.15,0.150074610957152
PG-MT5-P10,PG,5,XP221-OG,3,C,3,3,2.5,FALSE,0,20,NA,NA,NA,NA,Old-Growth,50,NA,FALSE,FALSE,FALSE,0.71,0,36,374,0,0.025,0.025101257727563418
DC-MT3-P7,DC,3,XP221-OG,3,C,4,4,5,FALSE,0,170,NA,NA,NA,NA,Old-Growth,50,NA,FALSE,FALSE,FALSE,0.71,0,36,374,0,0.05,0.05009592837348113
BG-MT5-P6,BG,5,XP221-OG,3,C,18,14,5,FALSE,0,170,NA,NA,NA,NA,Old-Growth,50,NA,FALSE,FALSE,FALSE,0.71,0,36,374,4,0.05,0.05009592837348113
AE-MT5-P1,AE,5,XP221-OG,3,C,10,8,5,FALSE,0,20,NA,NA,NA,NA,Old-Growth,50,NA,FALSE,FALSE,FALSE,0.71,0,36,374,2,0.05,0.05009592837348113
BU-MT4-P40,BU,4,XP221-OG,3,C,4,1,0.5,FALSE,0,170,NA,NA,NA,NA,Old-Growth,50,NA,FALSE,FALSE,FALSE,0.71,0,36,374,3,0.005,0.005105521210829247
BP-MT5-P28,BP,5,XP221-OG,3,C,2,2,22.5,FALSE,0,20,NA,NA,NA,NA,Old-Growth,50,NA,FALSE,FALSE,FALSE,0.71,0,36,374,0,0.225,0.22505862289490514
BS-MT5-P24,BS,5,XP221-OG,3,C,4,2,5,FALSE,0,170,NA,NA,NA,NA,Old-Growth,50,NA,FALSE,FALSE,FALSE,0.71,0,36,374,2,0.05,0.05009592837348113
BU-MT3-P30,BU,3,XP221-OG,4,A,6,5,2.5,FALSE,0,170,NA,NA,NA,NA,Old-Growth,50,NA,FALSE,FALSE,FALSE,0.71,0,36,374,1,0.025,0.025101257727563418
PG-MT4-P34,PG,4,XP221-OG,4,A,4,2,5,FALSE,0,20,NA,NA,NA,NA,Old-Growth,50,NA,FALSE,FALSE,FALSE,0.71,0,36,374,2,0.05,0.05009592837348113
OP-MT9-P17,OP,9,XP221-OG,4,A,NA,NA,NA,FALSE,1,322,NA,NA,NA,NA,Old-Growth,50,NA,FALSE,FALSE,FALSE,0.71,0,36,374,NA,NA,NA
BG-MT3-P51,BG,3,XP221-OG,4,A,NA,NA,NA,FALSE,1,170,NA,NA,NA,NA,Old-Growth,50,NA,FALSE,FALSE,FALSE,0.71,0,36,374,NA,NA,NA
CH-MT3-P45,CH,3,XP221-OG,4,A,3,2,25,FALSE,0,170,NA,NA,NA,NA,Old-Growth,50,NA,FALSE,FALSE,FALSE,0.71,0,36,374,1,0.25,0.25005329354082284
PA-MT3-P60,PA,3,XP221-OG,4,A,17,13,5,FALSE,0,322,NA,NA,NA,NA,Old-Growth,50,NA,FALSE,FALSE,FALSE,0.71,0,36,374,4,0.05,0.05009592837348113
CP-MT4-P50,CP,4,XP221-OG,4,A,1,1,25,FALSE,0,281,NA,NA,NA,NA,Old-Growth,50,NA,FALSE,FALSE,FALSE,0.71,0,36,374,0,0.25,0.25005329354082284
MC-MT1-P31,MC,1,XP221-OG,4,A,4,4,35,FALSE,0,170,NA,NA,NA,NA,Old-Growth,50,NA,FALSE,FALSE,FALSE,0.71,0,36,374,0,0.35,0.3500319761244937
BP-MT3-P14,BP,3,XP221-OG,4,A,2,2,5,FALSE,0,20,NA,NA,NA,NA,Old-Growth,50,NA,FALSE,FALSE,FALSE,0.71,0,36,374,0,0.05,0.05009592837348113
IS-MT2-P33,IS,2,XP221-OG,4,A,3,3,40,FALSE,0,322,NA,NA,NA,NA,Old-Growth,50,NA,FALSE,FALSE,FALSE,0.71,0,36,374,0,0.4,0.4000213174163291
EA-MT3-P24,EA,3,XP221-OG,4,A,18,15,2.5,FALSE,0,281,NA,NA,NA,NA,Old-Growth,50,NA,FALSE,FALSE,FALSE,0.71,0,36,374,3,0.025,0.025101257727563418
AE-MT2-P1,AE,2,XP221-OG,4,A,7,6,10,FALSE,0,20,NA,NA,NA,NA,Old-Growth,50,NA,FALSE,FALSE,FALSE,0.71,0,36,374,1,0.1,0.10008526966531657
DC-MT3-P48,DC,3,XP221-OG,4,A,3,3,0.5,FALSE,0,170,NA,NA,NA,NA,Old-Growth,50,NA,FALSE,FALSE,FALSE,0.71,0,36,374,0,0.005,0.005105521210829247
VB-MT3-P36,VB,3,XP221-OG,4,A,6,4,15,FALSE,0,20,NA,NA,NA,NA,Old-Growth,50,NA,FALSE,FALSE,FALSE,0.71,0,36,374,2,0.15,0.150074610957152
BU-MT4-P38,BU,4,XP221-OG,4,B,4,2,5,FALSE,0,170,NA,NA,NA,NA,Old-Growth,50,NA,FALSE,FALSE,FALSE,0.71,0,36,374,2,0.05,0.05009592837348113
MC-MT1-P72,MC,1,XP221-OG,4,B,6,6,20,FALSE,0,170,NA,NA,NA,NA,Old-Growth,50,NA,FALSE,FALSE,FALSE,0.71,0,36,374,0,0.2,0.20006395224898743
VB-MT3-P53,VB,3,XP221-OG,4,B,6,2,1,FALSE,0,20,NA,NA,NA,NA,Old-Growth,50,NA,FALSE,FALSE,FALSE,0.71,0,36,374,4,0.01,0.01010445534001279
IS-MT4-P15,IS,4,XP221-OG,4,B,2,2,7.5,FALSE,0,281,NA,NA,NA,NA,Old-Growth,50,NA,FALSE,FALSE,FALSE,0.71,0,36,374,0,0.075,0.07509059901939885
DC-MT4-P3,DC,4,XP221-OG,4,B,1,1,1,FALSE,0,170,NA,NA,NA,NA,Old-Growth,50,NA,FALSE,FALSE,FALSE,0.71,0,36,374,0,0.01,0.01010445534001279
CH-MT2-P25,CH,2,XP221-OG,4,B,3,3,5,FALSE,0,170,NA,NA,NA,NA,Old-Growth,50,NA,FALSE,FALSE,FALSE,0.71,0,36,374,0,0.05,0.05009592837348113
AE-MT2-P5,AE,2,XP221-OG,4,B,8,7,5,FALSE,0,20,NA,NA,NA,NA,Old-Growth,50,NA,FALSE,FALSE,FALSE,0.71,0,36,374,1,0.05,0.05009592837348113
PA-MT6-P90,PA,6,XP221-OG,4,B,7,5,10,FALSE,0,281,NA,NA,NA,NA,Old-Growth,50,NA,FALSE,FALSE,FALSE,0.71,0,36,374,2,0.1,0.10008526966531657
OP-MT2-P19,OP,2,XP221-OG,4,B,NA,NA,NA,FALSE,0,322,NA,NA,NA,NA,Old-Growth,50,NA,FALSE,FALSE,FALSE,0.71,0,36,374,NA,NA,NA
OP-MT9-P87,OP,9,XP221-OG,4,B,NA,NA,NA,FALSE,0,20,NA,NA,NA,NA,Old-Growth,50,NA,FALSE,FALSE,FALSE,0.71,0,36,374,NA,NA,NA
BG-MT1-P29,BG,1,XP221-OG,4,B,3,3,10,FALSE,0,170,NA,NA,NA,NA,Old-Growth,50,NA,FALSE,FALSE,FALSE,0.71,0,36,374,0,0.1,0.10008526966531657
BP-MT4-P80,BP,4,XP221-OG,4,B,3,1,1,FALSE,0,20,NA,NA,NA,NA,Old-Growth,50,NA,FALSE,FALSE,FALSE,0.71,0,36,374,2,0.01,0.01010445534001279
CP-MT1-P45,CP,1,XP221-OG,4,B,2,2,15,FALSE,0,170,NA,NA,NA,NA,Old-Growth,50,NA,FALSE,FALSE,FALSE,0.71,0,36,374,0,0.15,0.150074610957152
EA-MT2-P45,EA,2,XP221-OG,4,B,13,8,2.5,FALSE,0,20,NA,NA,NA,NA,Old-Growth,50,NA,FALSE,FALSE,FALSE,0.71,0,36,374,5,0.025,0.025101257727563418
PG-MT5-P61,PG,5,XP221-OG,4,B,5,2,0.5,FALSE,0,20,NA,NA,NA,NA,Old-Growth,50,NA,FALSE,FALSE,FALSE,0.71,0,36,374,3,0.005,0.005105521210829247
BS-MT6-P6,BS,6,XP221-OG,4,B,3,1,2.5,FALSE,0,170,NA,NA,NA,NA,Old-Growth,50,NA,FALSE,FALSE,FALSE,0.71,0,36,374,2,0.025,0.025101257727563418
IS-MT1-P14,IS,1,XP221-OG,4,C,3,3,12.5,FALSE,0,281,NA,NA,NA,NA,Old-Growth,50,NA,FALSE,FALSE,FALSE,0.71,0,36,374,0,0.125,0.1250799403112343
AE-MT4-P57,AE,4,XP221-OG,4,C,5,5,2.5,FALSE,0,20,NA,NA,NA,NA,Old-Growth,50,NA,FALSE,FALSE,FALSE,0.71,0,36,374,0,0.025,0.025101257727563418
BU-MT4-P5,BU,4,XP221-OG,4,C,4,3,15,FALSE,0,170,NA,NA,NA,NA,Old-Growth,50,NA,FALSE,FALSE,FALSE,0.71,0,36,374,1,0.15,0.150074610957152
CH-MT2-P41,CH,2,XP221-OG,4,C,NA,NA,NA,FALSE,1,170,NA,NA,NA,NA,Old-Growth,50,NA,FALSE,FALSE,FALSE,0.71,0,36,374,NA,NA,NA
BP-MT2-P12,BP,2,XP221-OG,4,C,1,1,5,FALSE,0,20,NA,NA,NA,NA,Old-Growth,50,NA,FALSE,FALSE,FALSE,0.71,0,36,374,0,0.05,0.05009592837348113
OP-MT6-P27,OP,6,XP221-OG,4,C,NA,NA,NA,FALSE,0,281,NA,NA,NA,NA,Old-Growth,50,NA,FALSE,FALSE,FALSE,0.71,0,36,374,NA,NA,NA
CP-MT3-P70,CP,3,XP221-OG,4,C,NA,NA,NA,FALSE,1,281,NA,NA,NA,NA,Old-Growth,50,NA,FALSE,FALSE,FALSE,0.71,0,36,374,NA,NA,NA
BG-MT2-P75,BG,2,XP221-OG,4,C,13,4,0.5,FALSE,0,170,NA,NA,NA,NA,Old-Growth,50,NA,FALSE,FALSE,FALSE,0.71,0,36,374,9,0.005,0.005105521210829247
MC-MT2-P72,MC,2,XP221-OG,4,C,6,4,10,FALSE,0,170,NA,NA,NA,NA,Old-Growth,50,NA,FALSE,FALSE,FALSE,0.71,0,36,374,2,0.1,0.10008526966531657
VB-MT1-P10,VB,1,XP221-OG,4,C,6,5,25,FALSE,0,170,NA,NA,NA,NA,Old-Growth,50,NA,FALSE,FALSE,FALSE,0.71,0,36,374,1,0.25,0.25005329354082284
PG-MT1-P74,PG,1,XP221-OG,4,C,2,1,2.5,FALSE,0,20,NA,NA,NA,NA,Old-Growth,50,NA,FALSE,FALSE,FALSE,0.71,0,36,374,1,0.025,0.025101257727563418
DC-MT5-P14,DC,5,XP221-OG,4,C,NA,NA,NA,FALSE,0,170,NA,NA,NA,NA,Old-Growth,50,NA,FALSE,FALSE,FALSE,0.71,0,36,374,NA,NA,NA
VB-MT4-P11,VB,4,XP221-OG,5,A,NA,NA,NA,FALSE,0,20,NA,NA,NA,NA,Old-Growth,50,NA,FALSE,FALSE,FALSE,0.71,0,36,374,NA,NA,NA
CH-MT3-P84,CH,3,XP221-OG,5,A,NA,NA,NA,FALSE,0,170,NA,NA,NA,NA,Old-Growth,50,NA,FALSE,FALSE,FALSE,0.71,0,36,374,NA,NA,NA
AE-MT5-P2,AE,5,XP221-OG,5,A,NA,NA,NA,FALSE,0,20,NA,NA,NA,NA,Old-Growth,50,NA,FALSE,FALSE,FALSE,0.71,0,36,374,NA,NA,NA
BG-MT5-P28,BG,5,XP221-OG,5,A,NA,NA,NA,FALSE,0,170,NA,NA,NA,NA,Old-Growth,50,NA,FALSE,FALSE,FALSE,0.71,0,36,374,NA,NA,NA
PG-MT1-P44,PG,1,XP221-OG,5,A,NA,NA,NA,FALSE,0,20,NA,NA,NA,NA,Old-Growth,50,NA,FALSE,FALSE,FALSE,0.71,0,36,374,NA,NA,NA
CP-MT1-P3,CP,1,XP221-OG,5,A,NA,NA,NA,FALSE,0,170,NA,NA,NA,NA,Old-Growth,50,NA,FALSE,FALSE,FALSE,0.71,0,36,374,NA,NA,NA
EA-MT4-P49,EA,4,XP221-OG,5,A,NA,NA,NA,FALSE,0,20,NA,NA,NA,NA,Old-Growth,50,NA,FALSE,FALSE,FALSE,0.71,0,36,374,NA,NA,NA
BP-MT3-P22,BP,3,XP221-OG,5,A,NA,NA,NA,FALSE,0,20,NA,NA,NA,NA,Old-Growth,50,NA,FALSE,FALSE,FALSE,0.71,0,36,374,NA,NA,NA
BU-MT5-P47,BU,5,XP221-OG,5,A,NA,NA,NA,FALSE,0,170,NA,NA,NA,NA,Old-Growth,50,NA,FALSE,FALSE,FALSE,0.71,0,36,374,NA,NA,NA
DC-MT5-P27,DC,5,XP221-OG,5,A,NA,NA,NA,FALSE,1,170,NA,NA,NA,NA,Old-Growth,50,NA,FALSE,FALSE,FALSE,0.71,0,36,374,NA,NA,NA
PG-MT2-P13,PG,2,XP221-OG,5,B,NA,NA,NA,FALSE,0,20,NA,NA,NA,NA,Old-Growth,50,NA,FALSE,FALSE,FALSE,0.71,0,36,374,NA,NA,NA
BP-MT3-P32,BP,3,XP221-OG,5,B,NA,NA,NA,FALSE,0,20,NA,NA,NA,NA,Old-Growth,50,NA,FALSE,FALSE,FALSE,0.71,0,36,374,NA,NA,NA
CH-MT5-P24,CH,5,XP221-OG,5,B,NA,NA,NA,FALSE,0,170,NA,NA,NA,NA,Old-Growth,50,NA,FALSE,FALSE,FALSE,0.71,0,36,374,NA,NA,NA
VB-MT2-P15,VB,2,XP221-OG,5,B,NA,NA,NA,FALSE,0,20,NA,NA,NA,NA,Old-Growth,50,NA,FALSE,FALSE,FALSE,0.71,0,36,374,NA,NA,NA
BG-MT2-P21,BG,2,XP221-OG,5,B,NA,NA,NA,FALSE,0,170,NA,NA,NA,NA,Old-Growth,50,NA,FALSE,FALSE,FALSE,0.71,0,36,374,NA,NA,NA
DC-MT1-P34,DC,1,XP221-OG,5,B,NA,NA,NA,FALSE,0,170,NA,NA,NA,NA,Old-Growth,50,NA,FALSE,FALSE,FALSE,0.71,0,36,374,NA,NA,NA
AE-MT3-P2,AE,3,XP221-OG,5,B,NA,NA,NA,FALSE,0,20,NA,NA,NA,NA,Old-Growth,50,NA,FALSE,FALSE,FALSE,0.71,0,36,374,NA,NA,NA
BS-MT1-P96,BS,1,XP221-OG,5,C,NA,NA,NA,FALSE,0,20,NA,NA,NA,NA,Old-Growth,50,NA,FALSE,FALSE,FALSE,0.71,0,36,374,NA,NA,NA
VB-MT2-P4,VB,2,XP221-OG,5,C,NA,NA,NA,FALSE,0,20,NA,NA,NA,NA,Old-Growth,50,NA,FALSE,FALSE,FALSE,0.71,0,36,374,NA,NA,NA
IS-MT3-P97,IS,3,XP221-OG,5,C,NA,NA,NA,FALSE,0,20,NA,NA,NA,NA,Old-Growth,50,NA,FALSE,FALSE,FALSE,0.71,0,36,374,NA,NA,NA
EA-MT3-P69,EA,3,XP221-OG,5,C,NA,NA,NA,FALSE,0,20,NA,NA,NA,NA,Old-Growth,50,NA,FALSE,FALSE,FALSE,0.71,0,36,374,NA,NA,NA
DC-MT2-P29,DC,2,XP221-OG,5,C,NA,NA,NA,FALSE,1,170,NA,NA,NA,NA,Old-Growth,50,NA,FALSE,FALSE,FALSE,0.71,0,36,374,NA,NA,NA
AE-MT5-P20,AE,5,XP221-OG,5,C,NA,NA,NA,FALSE,0,20,NA,NA,NA,NA,Old-Growth,50,NA,FALSE,FALSE,FALSE,0.71,0,36,374,NA,NA,NA
BP-MT4-P84,BP,4,XP221-OG,5,C,NA,NA,NA,FALSE,0,20,NA,NA,NA,NA,Old-Growth,50,NA,FALSE,FALSE,FALSE,0.71,0,36,374,NA,NA,NA
PG-MT2-P54,PG,2,XP221-OG,5,C,NA,NA,NA,FALSE,0,20,NA,NA,NA,NA,Old-Growth,50,NA,FALSE,FALSE,FALSE,0.71,0,36,374,NA,NA,NA
BG-MT4-P69,BG,4,XP221-OG,5,C,NA,NA,NA,FALSE,0,170,NA,NA,NA,NA,Old-Growth,50,NA,FALSE,FALSE,FALSE,0.71,0,36,374,NA,NA,NA
