unique_code,species_acronym,mother_tree,plot_id,block,subblock,died,date_mortality,days_at_risk,species_id_flag,risk_time_flag,plot_control_date_flag
CH-MT4-P29,CH,4,XP201-PR,1,A,0,NA,201,FALSE,FALSE,FALSE
PA-MT3-P12,PA,3,XP201-PR,1,A,0,NA,344,FALSE,FALSE,FALSE
OP-MT9-P38,OP,9,XP201-PR,1,A,0,NA,344,FALSE,FALSE,FALSE
BG-MT5-P4,BG,5,XP201-PR,1,A,0,NA,35,FALSE,FALSE,FALSE
EA-MT5-P33,EA,5,XP201-PR,1,A,0,NA,104,FALSE,FALSE,FALSE
IS-MT2-P61,IS,2,XP201-PR,1,A,0,NA,344,FALSE,FALSE,FALSE
AE-MT4-P24,AE,4,XP201-PR,1,A,0,NA,35,FALSE,FALSE,FALSE
BS-MT5-P38,BS,5,XP201-PR,1,A,0,NA,104,FALSE,FALSE,FALSE
BU-MT1-P7,BU,1,XP201-PR,1,A,0,NA,294,FALSE,FALSE,FALSE
VB-MT4-P16,VB,4,XP201-PR,1,A,0,NA,35,FALSE,FALSE,FALSE
BG-MT1-P12,BG,1,XP201-PR,1,A,1,2026-02-25,201,FALSE,FALSE,FALSE
PG-MT5-P41,PG,5,XP201-PR,1,A,0,NA,35,FALSE,FALSE,FALSE
CP-MT3-P3,CP,3,XP201-PR,1,B,0,NA,294,FALSE,FALSE,FALSE
PA-MT6-P102,PA,6,XP201-PR,1,B,0,NA,35,FALSE,FALSE,FALSE
IS-MT5-P2,IS,5,XP201-PR,1,B,0,NA,344,FALSE,FALSE,FALSE
BU-MT1-P22,BU,1,XP201-PR,1,B,0,NA,294,FALSE,FALSE,FALSE
CH-MT2-P11,CH,2,XP201-PR,1,B,0,NA,201,FALSE,FALSE,FALSE
OP-MT7-P13,OP,7,XP201-PR,1,B,0,NA,294,FALSE,FALSE,FALSE
BP-MT1-P18,BP,1,XP201-PR,1,B,0,NA,35,FALSE,FALSE,FALSE
AE-MT2-P17,AE,2,XP201-PR,1,B,0,NA,35,FALSE,FALSE,FALSE
BS-MT6-P8,BS,6,XP201-PR,1,B,0,NA,201,FALSE,FALSE,FALSE
EA-MT1-P34,EA,1,XP201-PR,1,B,0,NA,104,FALSE,FALSE,FALSE
BG-MT3-P21,BG,3,XP201-PR,1,B,0,NA,201,FALSE,FALSE,FALSE
VB-MT3-P20,VB,3,XP201-PR,1,B,0,NA,35,FALSE,FALSE,FALSE
DC-MT5-P76,DC,5,XP201-PR,1,B,0,NA,35,FALSE,FALSE,FALSE
PG-MT4-P89,PG,4,XP201-PR,1,B,0,NA,35,FALSE,FALSE,FALSE
AE-MT4-P27,AE,4,XP201-PR,1,C,0,NA,35,FALSE,FALSE,FALSE
BG-MT4-P15,BG,4,XP201-PR,1,C,0,NA,201,FALSE,FALSE,FALSE
DC-MT3-P29,DC,3,XP201-PR,1,C,0,NA,201,FALSE,FALSE,FALSE
BS-MT7-P13,BS,7,XP201-PR,1,C,0,NA,201,FALSE,FALSE,FALSE
CH-MT4-P61,CH,4,XP201-PR,1,C,0,NA,201,FALSE,FALSE,FALSE
IS-MT4-P56,IS,4,XP201-PR,1,C,0,NA,294,FALSE,FALSE,FALSE
PA-MT6-P30,PA,6,XP201-PR,1,C,0,NA,294,FALSE,FALSE,FALSE
CP-MT1-P46,CP,1,XP201-PR,1,C,0,NA,201,FALSE,FALSE,FALSE
VB-MT5-P12,VB,5,XP201-PR,1,C,0,NA,35,FALSE,FALSE,FALSE
MC-MT1-P6,MC,1,XP201-PR,1,C,0,NA,201,FALSE,FALSE,FALSE
BU-MT1-P20,BU,1,XP201-PR,1,C,0,NA,104,FALSE,FALSE,FALSE
BP-MT2-P53,BP,2,XP201-PR,1,C,1,2026-02-25,35,FALSE,FALSE,FALSE
PG-MT3-P62,PG,3,XP201-PR,1,C,0,NA,35,FALSE,FALSE,FALSE
EA-MT5-P82,EA,5,XP201-PR,1,C,0,NA,35,FALSE,FALSE,FALSE
BG-MT3-P75,BG,3,XP201-PR,2,A,0,NA,201,FALSE,FALSE,FALSE
BS-MT5-P21,BS,5,XP201-PR,2,A,0,NA,201,FALSE,FALSE,FALSE
AE-MT5-P50,AE,5,XP201-PR,2,A,0,NA,35,FALSE,FALSE,FALSE
DC-MT4-P10,DC,4,XP201-PR,2,A,0,NA,201,FALSE,FALSE,FALSE
EA-MT4-P14,EA,4,XP201-PR,2,A,0,NA,294,FALSE,FALSE,FALSE
OP-MT2-P7,OP,2,XP201-PR,2,A,0,NA,344,FALSE,FALSE,FALSE
IS-MT3-P3,IS,3,XP201-PR,2,A,0,NA,344,FALSE,FALSE,FALSE
PG-MT2-P69,PG,2,XP201-PR,2,A,1,2026-02-25,35,FALSE,FALSE,FALSE
CH-MT3-P55,CH,3,XP201-PR,2,A,0,NA,201,FALSE,FALSE,FALSE
CP-MT4-P13,CP,4,XP201-PR,2,A,0,NA,294,FALSE,FALSE,FALSE
VB-MT1-P28,VB,1,XP201-PR,2,A,0,NA,201,FALSE,FALSE,FALSE
BP-MT4-P31,BP,4,XP201-PR,2,A,0,NA,35,FALSE,FALSE,FALSE
BU-MT1-P38,BU,1,XP201-PR,2,A,0,NA,104,FALSE,FALSE,FALSE
DC-MT4-P20,DC,4,XP201-PR,2,B,0,NA,201,FALSE,FALSE,FALSE
EA-MT5-P10,EA,5,XP201-PR,2,B,0,NA,104,FALSE,FALSE,FALSE
PG-MT3-P59,PG,3,XP201-PR,2,B,0,NA,35,FALSE,FALSE,FALSE
CP-MT2-P49,CP,2,XP201-PR,2,B,0,NA,294,FALSE,FALSE,FALSE
BG-MT5-P14,BG,5,XP201-PR,2,B,0,NA,201,FALSE,FALSE,FALSE
OP-MT6-P3,OP,6,XP201-PR,2,B,1,2025-08-08,93,FALSE,FALSE,FALSE
OP-MT7-P4,OP,7,XP201-PR,2,B,0,NA,104,FALSE,FALSE,FALSE
BP-MT3-P42,BP,3,XP201-PR,2,B,0,NA,35,FALSE,FALSE,FALSE
PA-MT6-P61,PA,6,XP201-PR,2,B,0,NA,294,FALSE,FALSE,FALSE
MC-MT1-P19,MC,1,XP201-PR,2,B,0,NA,201,FALSE,FALSE,FALSE
IS-MT1-P5,IS,1,XP201-PR,2,B,0,NA,294,FALSE,FALSE,FALSE
CH-MT5-P31,CH,5,XP201-PR,2,B,0,NA,201,FALSE,FALSE,FALSE
BS-MT6-P56,BS,6,XP201-PR,2,B,0,NA,104,FALSE,FALSE,FALSE
VB-MT2-P19,VB,2,XP201-PR,2,B,0,NA,35,FALSE,FALSE,FALSE
BU-MT2-P1,BU,2,XP201-PR,2,B,0,NA,201,FALSE,FALSE,FALSE
AE-MT2-P30,AE,2,XP201-PR,2,B,0,NA,35,FALSE,FALSE,FALSE
BP-MT1-P7,BP,1,XP201-PR,2,C,0,NA,35,FALSE,FALSE,FALSE
BG-MT1-P75,BG,1,XP201-PR,2,C,0,NA,201,FALSE,FALSE,FALSE
PG-MT2-P16,PG,2,XP201-PR,2,C,0,NA,35,FALSE,FALSE,FALSE
IS-MT1-P57,IS,1,XP201-PR,2,C,0,NA,294,FALSE,FALSE,FALSE
BU-MT3-P75,BU,3,XP201-PR,2,C,0,NA,201,FALSE,FALSE,FALSE
DC-MT3-P51,DC,3,XP201-PR,2,C,0,NA,201,FALSE,FALSE,FALSE
EA-MT5-P71,EA,5,XP201-PR,2,C,0,NA,104,FALSE,FALSE,FALSE
VB-MT2-P62,VB,2,XP201-PR,2,C,0,NA,35,FALSE,FALSE,FALSE
OP-MT7-P2,OP,7,XP201-PR,2,C,0,NA,294,FALSE,FALSE,FALSE
CH-MT1-P16,CH,1,XP201-PR,2,C,1,2025-08-08,93,FALSE,FALSE,FALSE
CH-MT2-P60,CH,2,XP201-PR,2,C,0,NA,35,FALSE,FALSE,FALSE
CP-MT5-P13,CP,5,XP201-PR,2,C,0,NA,201,FALSE,FALSE,FALSE
AE-MT3-P48,AE,3,XP201-PR,2,C,0,NA,35,FALSE,FALSE,FALSE
BS-MT5-P56,BS,5,XP201-PR,2,C,0,NA,104,FALSE,FALSE,FALSE
PG-MT1-P10,PG,1,XP201-PR,3,A,0,NA,35,FALSE,FALSE,FALSE
VB-MT5-P68,VB,5,XP201-PR,3,A,0,NA,35,FALSE,FALSE,FALSE
DC-MT2-P21,DC,2,XP201-PR,3,A,1,2026-02-25,201,FALSE,FALSE,FALSE
AE-MT3-P1,AE,3,XP201-PR,3,A,0,NA,35,FALSE,FALSE,FALSE
MC-MT3-P46,MC,3,XP201-PR,3,A,0,NA,201,FALSE,FALSE,FALSE
IS-MT2-P60,IS,2,XP201-PR,3,A,0,NA,344,FALSE,FALSE,FALSE
OP-MT2-P45,OP,2,XP201-PR,3,A,0,NA,344,FALSE,FALSE,FALSE
CH-MT1-P45,CH,1,XP201-PR,3,A,1,2026-02-25,294,FALSE,FALSE,FALSE
EA-MT2-P16,EA,2,XP201-PR,3,A,0,NA,294,FALSE,FALSE,FALSE
CP-MT4-P23,CP,4,XP201-PR,3,A,0,NA,294,FALSE,FALSE,FALSE
BG-MT5-P15,BG,5,XP201-PR,3,A,0,NA,201,FALSE,FALSE,FALSE
BS-MT1-P46,BS,1,XP201-PR,3,A,0,NA,104,FALSE,FALSE,FALSE
BU-MT3-P13,BU,3,XP201-PR,3,A,0,NA,35,FALSE,FALSE,FALSE
BP-MT2-P31,BP,2,XP201-PR,3,A,0,NA,35,FALSE,FALSE,FALSE
BU-MT4-P31,BU,4,XP201-PR,3,B,0,NA,201,FALSE,FALSE,FALSE
BG-MT2-P39,BG,2,XP201-PR,3,B,0,NA,201,FALSE,FALSE,FALSE
OP-MT8-P23,OP,8,XP201-PR,3,B,0,NA,294,FALSE,FALSE,FALSE
BS-MT5-P81,BS,5,XP201-PR,3,B,1,2026-02-25,35,FALSE,FALSE,FALSE
IS-MT5-P14,IS,5,XP201-PR,3,B,0,NA,344,FALSE,FALSE,FALSE
VB-MT3-P39,VB,3,XP201-PR,3,B,0,NA,35,FALSE,FALSE,FALSE
PG-MT2-P39,PG,2,XP201-PR,3,B,0,NA,35,FALSE,FALSE,FALSE
EA-MT2-P60,EA,2,XP201-PR,3,B,0,NA,294,FALSE,FALSE,FALSE
MC-MT2-P4,MC,2,XP201-PR,3,B,0,NA,201,FALSE,FALSE,FALSE
CP-MT1-P36,CP,1,XP201-PR,3,B,0,NA,201,FALSE,FALSE,FALSE
AE-MT5-P51,AE,5,XP201-PR,3,B,0,NA,35,FALSE,FALSE,FALSE
BP-MT1-P19,BP,1,XP201-PR,3,B,1,2026-02-25,35,FALSE,FALSE,FALSE
PA-MT7-P48,PA,7,XP201-PR,3,B,0,NA,201,FALSE,FALSE,FALSE
CH-MT2-P76,CH,2,XP201-PR,3,B,0,NA,201,FALSE,FALSE,FALSE
DC-MT1-P3,DC,1,XP201-PR,3,B,1,2026-02-25,201,FALSE,FALSE,FALSE
EA-MT2-P33,EA,2,XP201-PR,3,C,0,NA,35,FALSE,FALSE,FALSE
DC-MT5-P71,DC,5,XP201-PR,3,C,0,NA,201,FALSE,FALSE,FALSE
BG-MT3-P15,BG,3,XP201-PR,3,C,0,NA,201,FALSE,FALSE,FALSE
PA-MT3-P38,PA,3,XP201-PR,3,C,0,NA,104,FALSE,FALSE,FALSE
BP-MT2-P59,BP,2,XP201-PR,3,C,0,NA,35,FALSE,FALSE,FALSE
BU-MT3-P31,BU,3,XP201-PR,3,C,0,NA,201,FALSE,FALSE,FALSE
CP-MT5-P6,CP,5,XP201-PR,3,C,1,2025-11-13,97,FALSE,FALSE,FALSE
CP-MT5-P6,CP,5,XP201-PR,3,C,0,NA,35,FALSE,FALSE,FALSE
PG-MT5-P62,PG,5,XP201-PR,3,C,0,NA,35,FALSE,FALSE,FALSE
IS-MT4-P8,IS,4,XP201-PR,3,C,0,NA,294,FALSE,FALSE,FALSE
CH-MT3-P59,CH,3,XP201-PR,3,C,0,NA,201,FALSE,FALSE,FALSE
BS-MT7-P48,BS,7,XP201-PR,3,C,0,NA,104,FALSE,FALSE,FALSE
AE-MT1-P65,AE,1,XP201-PR,3,C,0,NA,35,FALSE,FALSE,FALSE
VB-MT2-P100,VB,2,XP201-PR,3,C,0,NA,35,FALSE,FALSE,FALSE
PA-MT3-P52,PA,3,XP201-PR,4,A,0,NA,344,FALSE,FALSE,FALSE
BP-MT3-P61,BP,3,XP201-PR,4,A,0,NA,35,FALSE,FALSE,FALSE
BS-MT1-P4,BS,1,XP201-PR,4,A,0,NA,201,FALSE,FALSE,FALSE
AE-MT4-P9,AE,4,XP201-PR,4,A,0,NA,35,FALSE,FALSE,FALSE
IS-MT3-P55,IS,3,XP201-PR,4,A,0,NA,344,FALSE,FALSE,FALSE
CP-MT3-P35,CP,3,XP201-PR,4,A,0,NA,294,FALSE,FALSE,FALSE
BU-MT5-P27,BU,5,XP201-PR,4,A,0,NA,201,FALSE,FALSE,FALSE
PG-MT4-P60,PG,4,XP201-PR,4,A,0,NA,35,FALSE,FALSE,FALSE
EA-MT5-P20,EA,5,XP201-PR,4,A,0,NA,104,FALSE,FALSE,FALSE
BG-MT2-P50,BG,2,XP201-PR,4,A,0,NA,201,FALSE,FALSE,FALSE
OP-MT9-P9,OP,9,XP201-PR,4,A,0,NA,344,FALSE,FALSE,FALSE
CH-MT4-P10,CH,4,XP201-PR,4,A,0,NA,201,FALSE,FALSE,FALSE
VB-MT5-P9,VB,5,XP201-PR,4,A,0,NA,35,FALSE,FALSE,FALSE
DC-MT1-P66,DC,1,XP201-PR,4,A,0,NA,201,FALSE,FALSE,FALSE
BU-MT5-P10,BU,5,XP201-PR,4,B,0,NA,201,FALSE,FALSE,FALSE
VB-MT1-P15,VB,1,XP201-PR,4,B,0,NA,201,FALSE,FALSE,FALSE
CP-MT2-P66,CP,2,XP201-PR,4,B,0,NA,294,FALSE,FALSE,FALSE
BG-MT4-P59,BG,4,XP201-PR,4,B,0,NA,201,FALSE,FALSE,FALSE
BS-MT5-P68,BS,5,XP201-PR,4,B,0,NA,104,FALSE,FALSE,FALSE
DC-MT5-P75,DC,5,XP201-PR,4,B,0,NA,35,FALSE,FALSE,FALSE
CH-MT5-P60,CH,5,XP201-PR,4,B,0,NA,201,FALSE,FALSE,FALSE
OP-MT6-P50,OP,6,XP201-PR,4,B,0,NA,294,FALSE,FALSE,FALSE
EA-MT2-P61,EA,2,XP201-PR,4,B,0,NA,35,FALSE,FALSE,FALSE
PG-MT1-P11,PG,1,XP201-PR,4,B,0,NA,35,FALSE,FALSE,FALSE
BP-MT4-P54,BP,4,XP201-PR,4,B,0,NA,35,FALSE,FALSE,FALSE
MC-MT3-P65,MC,3,XP201-PR,4,B,0,NA,201,FALSE,FALSE,FALSE
AE-MT2-P14,AE,2,XP201-PR,4,B,0,NA,35,FALSE,FALSE,FALSE
IS-MT2-P12,IS,2,XP201-PR,4,B,0,NA,104,FALSE,FALSE,FALSE
OP-MT8-P55,OP,8,XP201-PR,4,C,0,NA,294,FALSE,FALSE,FALSE
PG-MT1-P35,PG,1,XP201-PR,4,C,0,NA,35,FALSE,FALSE,FALSE
PA-MT7-P36,PA,7,XP201-PR,4,C,0,NA,201,FALSE,FALSE,FALSE
BS-MT5-P69,BS,5,XP201-PR,4,C,1,2026-02-25,104,FALSE,FALSE,FALSE
BU-MT4-P12,BU,4,XP201-PR,4,C,1,2025-11-13,97,FALSE,FALSE,FALSE
BU-MT3-P84,BU,3,XP201-PR,4,C,0,NA,35,FALSE,FALSE,FALSE
BP-MT4-P83,BP,4,XP201-PR,4,C,0,NA,35,FALSE,FALSE,FALSE
MC-MT2-P50,MC,2,XP201-PR,4,C,0,NA,201,FALSE,FALSE,FALSE
CH-MT5-P85,CH,5,XP201-PR,4,C,0,NA,35,FALSE,FALSE,FALSE
BG-MT1-P66,BG,1,XP201-PR,4,C,0,NA,201,FALSE,FALSE,FALSE
IS-MT3-P49,IS,3,XP201-PR,4,C,0,NA,104,FALSE,FALSE,FALSE
EA-MT5-P21,EA,5,XP201-PR,4,C,0,NA,104,FALSE,FALSE,FALSE
CP-MT3-P60,CP,3,XP201-PR,4,C,0,NA,35,FALSE,FALSE,FALSE
DC-MT5-P45,DC,5,XP201-PR,4,C,1,2025-11-13,97,FALSE,FALSE,FALSE
AE-MT1-P100,AE,1,XP201-PR,4,C,0,NA,35,FALSE,FALSE,FALSE
VB-MT2-P63,VB,2,XP201-PR,4,C,0,NA,35,FALSE,FALSE,FALSE
CH-MT3-P63,CH,3,XP202-PR,1,A,0,NA,174,FALSE,FALSE,FALSE
BG-MT5-P27,BG,5,XP202-PR,1,A,1,2025-12-03,89,FALSE,FALSE,FALSE
BG-MT1-P62,BG,1,XP202-PR,1,A,0,NA,NA,FALSE,FALSE,FALSE
AE-MT5-P44,AE,5,XP202-PR,1,A,0,NA,NA,FALSE,FALSE,FALSE
PG-MT3-P24,PG,3,XP202-PR,1,A,0,NA,NA,FALSE,FALSE,FALSE
PA-MT3-P58,PA,3,XP202-PR,1,A,0,NA,343,FALSE,FALSE,FALSE
EA-MT1-P50,EA,1,XP202-PR,1,A,0,NA,85,FALSE,FALSE,FALSE
BP-MT3-P23,BP,3,XP202-PR,1,A,0,NA,NA,FALSE,FALSE,FALSE
IS-MT5-P54,IS,5,XP202-PR,1,A,0,NA,343,FALSE,FALSE,FALSE
OP-MT6-P48,OP,6,XP202-PR,1,A,0,NA,293,FALSE,FALSE,FALSE
CP-MT1-P55,CP,1,XP202-PR,1,A,0,NA,174,FALSE,FALSE,FALSE
VB-MT1-P36,VB,1,XP202-PR,1,A,1,2025-12-03,89,FALSE,FALSE,FALSE
VB-MT1-P35,VB,1,XP202-PR,1,A,0,NA,NA,FALSE,FALSE,FALSE
BS-MT1-P72,BS,1,XP202-PR,1,A,0,NA,85,FALSE,FALSE,FALSE
BU-MT4-P56,BU,4,XP202-PR,1,A,0,NA,174,FALSE,FALSE,FALSE
AE-MT3-P60,AE,3,XP202-PR,1,B,0,NA,NA,FALSE,FALSE,FALSE
CH-MT4-P76,CH,4,XP202-PR,1,B,0,NA,174,FALSE,FALSE,FALSE
PG-MT5-P55,PG,5,XP202-PR,1,B,0,NA,NA,FALSE,FALSE,FALSE
BP-MT5-P22,BP,5,XP202-PR,1,B,0,NA,NA,FALSE,FALSE,FALSE
EA-MT4-P2,EA,4,XP202-PR,1,B,0,NA,293,FALSE,FALSE,FALSE
BS-MT6-P65,BS,6,XP202-PR,1,B,0,NA,85,FALSE,FALSE,FALSE
DC-MT5-P31,DC,5,XP202-PR,1,B,0,NA,174,FALSE,FALSE,FALSE
VB-MT3-P50,VB,3,XP202-PR,1,B,0,NA,NA,FALSE,FALSE,FALSE
BG-MT2-P27,BG,2,XP202-PR,1,B,0,NA,174,FALSE,FALSE,FALSE
IS-MT4-P17,IS,4,XP202-PR,1,B,0,NA,293,FALSE,FALSE,FALSE
BU-MT3-P19,BU,3,XP202-PR,1,B,1,2025-12-03,89,FALSE,FALSE,FALSE
BU-MT3-P34,BU,3,XP202-PR,1,B,0,NA,NA,FALSE,FALSE,FALSE
IS-MT4-P51,IS,4,XP202-PR,1,C,0,NA,293,FALSE,FALSE,FALSE
CP-MT3-P52,CP,3,XP202-PR,1,C,0,NA,293,FALSE,FALSE,FALSE
DC-MT4-P29,DC,4,XP202-PR,1,C,0,NA,174,FALSE,FALSE,FALSE
MC-MT3-P28,MC,3,XP202-PR,1,C,0,NA,174,FALSE,FALSE,FALSE
AE-MT1-P64,AE,1,XP202-PR,1,C,0,NA,NA,FALSE,FALSE,FALSE
BP-MT1-P83,BP,1,XP202-PR,1,C,0,NA,NA,FALSE,FALSE,FALSE
BU-MT1-P10,BU,1,XP202-PR,1,C,0,NA,293,FALSE,FALSE,FALSE
PG-MT4-P65,PG,4,XP202-PR,1,C,0,NA,NA,FALSE,FALSE,FALSE
VB-MT4-P48,VB,4,XP202-PR,1,C,0,NA,NA,FALSE,FALSE,FALSE
EA-MT1-P1,EA,1,XP202-PR,1,C,0,NA,85,FALSE,FALSE,FALSE
OP-MT7-P54,OP,7,XP202-PR,1,C,0,NA,293,FALSE,FALSE,FALSE
BS-MT1-P16,BS,1,XP202-PR,1,C,0,NA,174,FALSE,FALSE,FALSE
CH-MT2-P64,CH,2,XP202-PR,1,C,0,NA,174,FALSE,FALSE,FALSE
BG-MT1-P95,BG,1,XP202-PR,1,C,1,2025-12-03,89,FALSE,FALSE,FALSE
BG-MT1-P24,BG,1,XP202-PR,1,C,0,NA,NA,FALSE,FALSE,FALSE
PA-MT6-P28,PA,6,XP202-PR,1,C,0,NA,85,FALSE,FALSE,FALSE
IS-MT2-P80,IS,2,XP202-PR,2,A,0,NA,343,FALSE,FALSE,FALSE
AE-MT4-P98,AE,4,XP202-PR,2,A,0,NA,NA,FALSE,FALSE,FALSE
PA-MT7-P55,PA,7,XP202-PR,2,A,0,NA,NA,FALSE,FALSE,FALSE
DC-MT3-P2,DC,3,XP202-PR,2,A,0,NA,174,FALSE,FALSE,FALSE
CP-MT1-P42,CP,1,XP202-PR,2,A,0,NA,174,FALSE,FALSE,FALSE
MC-MT1-P71,MC,1,XP202-PR,2,A,0,NA,174,FALSE,FALSE,FALSE
VB-MT4-P5,VB,4,XP202-PR,2,A,0,NA,NA,FALSE,FALSE,FALSE
BU-MT3-P39,BU,3,XP202-PR,2,A,0,NA,174,FALSE,FALSE,FALSE
BG-MT3-P36,BG,3,XP202-PR,2,A,0,NA,174,FALSE,FALSE,FALSE
EA-MT3-P3,EA,3,XP202-PR,2,A,0,NA,293,FALSE,FALSE,FALSE
CH-MT5-P17,CH,5,XP202-PR,2,A,0,NA,174,FALSE,FALSE,FALSE
PG-MT2-P44,PG,2,XP202-PR,2,A,0,NA,NA,FALSE,FALSE,FALSE
BS-MT6-P31,BS,6,XP202-PR,2,A,1,2026-02-26,174,FALSE,FALSE,FALSE
BP-MT2-P75,BP,2,XP202-PR,2,A,0,NA,NA,FALSE,FALSE,FALSE
DC-MT1-P29,DC,1,XP202-PR,2,B,0,NA,174,FALSE,FALSE,FALSE
CP-MT3-P24,CP,3,XP202-PR,2,B,0,NA,293,FALSE,FALSE,FALSE
VB-MT4-P24,VB,4,XP202-PR,2,B,0,NA,NA,FALSE,FALSE,FALSE
BS-MT7-P45,BS,7,XP202-PR,2,B,0,NA,85,FALSE,FALSE,FALSE
CH-MT4-P81,CH,4,XP202-PR,2,B,0,NA,174,FALSE,FALSE,FALSE
OP-MT6-P23,OP,6,XP202-PR,2,B,0,NA,293,FALSE,FALSE,FALSE
BP-MT4-P95,BP,4,XP202-PR,2,B,0,NA,NA,FALSE,FALSE,FALSE
AE-MT1-P22,AE,1,XP202-PR,2,B,0,NA,NA,FALSE,FALSE,FALSE
BG-MT4-P28,BG,4,XP202-PR,2,B,0,NA,174,FALSE,FALSE,FALSE
IS-MT5-P19,IS,5,XP202-PR,2,B,0,NA,343,FALSE,FALSE,FALSE
EA-MT5-P52,EA,5,XP202-PR,2,B,0,NA,85,FALSE,FALSE,FALSE
BU-MT5-P2,BU,5,XP202-PR,2,B,0,NA,174,FALSE,FALSE,FALSE
PA-MT7-P23,PA,7,XP202-PR,2,B,0,NA,174,FALSE,FALSE,FALSE
PG-MT2-P26,PG,2,XP202-PR,2,B,0,NA,NA,FALSE,FALSE,FALSE
BP-MT2-P77,BP,2,XP202-PR,2,C,0,NA,NA,FALSE,FALSE,FALSE
PG-MT1-P80,PG,1,XP202-PR,2,C,0,NA,NA,FALSE,FALSE,FALSE
IS-MT1-P64,IS,1,XP202-PR,2,C,0,NA,293,FALSE,FALSE,FALSE
BS-MT7-P28,BS,7,XP202-PR,2,C,0,NA,85,FALSE,FALSE,FALSE
DC-MT3-P62,DC,3,XP202-PR,2,C,0,NA,NA,FALSE,FALSE,FALSE
BU-MT5-P20,BU,5,XP202-PR,2,C,0,NA,174,FALSE,FALSE,FALSE
CH-MT4-P87,CH,4,XP202-PR,2,C,0,NA,174,FALSE,FALSE,FALSE
OP-MT8-P26,OP,8,XP202-PR,2,C,0,NA,293,FALSE,FALSE,FALSE
CP-MT4-P10,CP,4,XP202-PR,2,C,0,NA,293,FALSE,FALSE,FALSE
VB-MT3-P46,VB,3,XP202-PR,2,C,0,NA,NA,FALSE,FALSE,FALSE
EA-MT4-P57,EA,4,XP202-PR,2,C,0,NA,NA,FALSE,FALSE,FALSE
BG-MT1-P3,BG,1,XP202-PR,2,C,0,NA,174,FALSE,FALSE,FALSE
AE-MT5-P64,AE,5,XP202-PR,2,C,0,NA,NA,FALSE,FALSE,FALSE
AE-MT3-P53,AE,3,XP202-PR,3,A,0,NA,NA,FALSE,FALSE,FALSE
PA-MT3-P17,PA,3,XP202-PR,3,A,0,NA,343,FALSE,FALSE,FALSE
OP-MT9-P64,OP,9,XP202-PR,3,A,0,NA,343,FALSE,FALSE,FALSE
DC-MT2-P9,DC,2,XP202-PR,3,A,0,NA,174,FALSE,FALSE,FALSE
VB-MT4-P44,VB,4,XP202-PR,3,A,0,NA,NA,FALSE,FALSE,FALSE
IS-MT3-P10,IS,3,XP202-PR,3,A,0,NA,343,FALSE,FALSE,FALSE
CH-MT1-P38,CH,1,XP202-PR,3,A,1,2026-02-26,293,FALSE,FALSE,FALSE
BU-MT2-P45,BU,2,XP202-PR,3,A,1,2026-02-26,174,FALSE,FALSE,FALSE
MC-MT2-P65,MC,2,XP202-PR,3,A,0,NA,174,FALSE,FALSE,FALSE
CP-MT2-P28,CP,2,XP202-PR,3,A,0,NA,293,FALSE,FALSE,FALSE
BS-MT6-P52,BS,6,XP202-PR,3,A,0,NA,85,FALSE,FALSE,FALSE
PG-MT3-P55,PG,3,XP202-PR,3,A,0,NA,NA,FALSE,FALSE,FALSE
BP-MT4-P82,BP,4,XP202-PR,3,A,0,NA,NA,FALSE,FALSE,FALSE
BG-MT3-P43,BG,3,XP202-PR,3,A,0,NA,174,FALSE,FALSE,FALSE
EA-MT5-P7,EA,5,XP202-PR,3,A,0,NA,85,FALSE,FALSE,FALSE
VB-MT3-P18,VB,3,XP202-PR,3,B,0,NA,NA,FALSE,FALSE,FALSE
AE-MT4-P61,AE,4,XP202-PR,3,B,0,NA,NA,FALSE,FALSE,FALSE
PG-MT3-P31,PG,3,XP202-PR,3,B,0,NA,NA,FALSE,FALSE,FALSE
CH-MT5-P3,CH,5,XP202-PR,3,B,0,NA,174,FALSE,FALSE,FALSE
BG-MT3-P59,BG,3,XP202-PR,3,B,0,NA,174,FALSE,FALSE,FALSE
PA-MT6-P60,PA,6,XP202-PR,3,B,0,NA,293,FALSE,FALSE,FALSE
IS-MT1-P19,IS,1,XP202-PR,3,B,0,NA,293,FALSE,FALSE,FALSE
BS-MT5-P10,BS,5,XP202-PR,3,B,0,NA,174,FALSE,FALSE,FALSE
MC-MT1-P28,MC,1,XP202-PR,3,B,0,NA,174,FALSE,FALSE,FALSE
OP-MT2-P6,OP,2,XP202-PR,3,B,0,NA,343,FALSE,FALSE,FALSE
BP-MT1-P1,BP,1,XP202-PR,3,B,0,NA,NA,FALSE,FALSE,FALSE
DC-MT4-P18,DC,4,XP202-PR,3,B,0,NA,174,FALSE,FALSE,FALSE
CP-MT5-P14,CP,5,XP202-PR,3,B,0,NA,174,FALSE,FALSE,FALSE
BU-MT4-P19,BU,4,XP202-PR,3,B,0,NA,174,FALSE,FALSE,FALSE
EA-MT5-P55,EA,5,XP202-PR,3,B,0,NA,85,FALSE,FALSE,FALSE
EA-MT3-P68,EA,3,XP202-PR,3,C,1,2026-02-26,NA,FALSE,FALSE,FALSE
DC-MT3-P50,DC,3,XP202-PR,3,C,0,NA,174,FALSE,FALSE,FALSE
CH-MT2-P10,CH,2,XP202-PR,3,C,1,2025-12-03,89,FALSE,FALSE,FALSE
CH-MT3-81,CH,3,XP202-PR,3,C,0,NA,NA,FALSE,FALSE,FALSE
CP-MT4-P5,CP,4,XP202-PR,3,C,0,NA,293,FALSE,FALSE,FALSE
VB-MT4-P20,VB,4,XP202-PR,3,C,0,NA,NA,FALSE,FALSE,FALSE
BG-MT4-P18,BG,4,XP202-PR,3,C,1,2026-02-26,174,FALSE,FALSE,FALSE
OP-MT8-P29,OP,8,XP202-PR,3,C,0,NA,293,FALSE,FALSE,FALSE
BU-MT1-P1,BU,1,XP202-PR,3,C,0,NA,293,FALSE,FALSE,FALSE
BP-MT2-P65,BP,2,XP202-PR,3,C,0,NA,NA,FALSE,FALSE,FALSE
AE-MT5-P33,AE,5,XP202-PR,3,C,0,NA,NA,FALSE,FALSE,FALSE
IS-MT5-P38,IS,5,XP202-PR,3,C,1,2026-02-26,85,FALSE,FALSE,FALSE
BS-MT6-P41,BS,6,XP202-PR,3,C,0,NA,85,FALSE,FALSE,FALSE
PG-MT4-P30,PG,4,XP202-PR,3,C,0,NA,NA,FALSE,FALSE,FALSE
IS-MT3-P71,IS,3,XP202-PR,4,A,0,NA,343,FALSE,FALSE,FALSE
DC-MT5-P18,DC,5,XP202-PR,4,A,1,2025-12-03,89,FALSE,FALSE,FALSE
OP-MT9-P74,OP,9,XP202-PR,4,A,0,NA,343,FALSE,FALSE,FALSE
CP-MT5-P25,CP,5,XP202-PR,4,A,0,NA,174,FALSE,FALSE,FALSE
BS-MT5-P71,BS,5,XP202-PR,4,A,0,NA,85,FALSE,FALSE,FALSE
AE-MT1-P9,AE,1,XP202-PR,4,A,0,NA,NA,FALSE,FALSE,FALSE
EA-MT2-P62,EA,2,XP202-PR,4,A,0,NA,NA,FALSE,FALSE,FALSE
PG-MT2-P66,PG,2,XP202-PR,4,A,0,NA,NA,FALSE,FALSE,FALSE
MC-MT1-P60,MC,1,XP202-PR,4,A,0,NA,174,FALSE,FALSE,FALSE
CH-MT3-P62,CH,3,XP202-PR,4,A,0,NA,174,FALSE,FALSE,FALSE
BU-MT4-P9,BU,4,XP202-PR,4,A,0,NA,174,FALSE,FALSE,FALSE
BP-MT1-P36,BP,1,XP202-PR,4,A,0,NA,NA,FALSE,FALSE,FALSE
BG-MT2-P77,BG,2,XP202-PR,4,A,0,NA,174,FALSE,FALSE,FALSE
VB-MT1-P26,VB,1,XP202-PR,4,A,0,NA,174,FALSE,FALSE,FALSE
OP-MT2-P56,OP,2,XP202-PR,4,B,0,NA,343,FALSE,FALSE,FALSE
BS-MT7-P14,BS,7,XP202-PR,4,B,0,NA,174,FALSE,FALSE,FALSE
MC-MT3-P57,MC,3,XP202-PR,4,B,0,NA,174,FALSE,FALSE,FALSE
IS-MT2-P89,IS,2,XP202-PR,4,B,0,NA,343,FALSE,FALSE,FALSE
PA-MT7-P34,PA,7,XP202-PR,4,B,0,NA,174,FALSE,FALSE,FALSE
AE-MT3-P35,AE,3,XP202-PR,4,B,0,NA,NA,FALSE,FALSE,FALSE
PG-MT4-P62,PG,4,XP202-PR,4,B,0,NA,NA,FALSE,FALSE,FALSE
EA-MT2-P19,EA,2,XP202-PR,4,B,0,NA,293,FALSE,FALSE,FALSE
DC-MT5-P68,DC,5,XP202-PR,4,B,0,NA,NA,FALSE,FALSE,FALSE
VB-MT4-P72,VB,4,XP202-PR,4,B,0,NA,NA,FALSE,FALSE,FALSE
CH-MT3-P70,CH,3,XP202-PR,4,B,0,NA,174,FALSE,FALSE,FALSE
BG-MT5-P7,BG,5,XP202-PR,4,B,0,NA,174,FALSE,FALSE,FALSE
BU-MT3-P32,BU,3,XP202-PR,4,B,1,2026-02-26,174,FALSE,FALSE,FALSE
BP-MT4-P27,BP,4,XP202-PR,4,B,0,NA,NA,FALSE,FALSE,FALSE
CP-MT2-P20,CP,2,XP202-PR,4,B,0,NA,NA,FALSE,FALSE,FALSE
CH-MT1-P44,CH,1,XP202-PR,4,C,1,2026-02-26,293,FALSE,FALSE,FALSE
BS-MT5-P13,BS,5,XP202-PR,4,C,0,NA,174,FALSE,FALSE,FALSE
BP-MT3-P35,BP,3,XP202-PR,4,C,0,NA,NA,FALSE,FALSE,FALSE
CP-MT2-P11,CP,2,XP202-PR,4,C,0,NA,293,FALSE,FALSE,FALSE
VB-MT4-P21,VB,4,XP202-PR,4,C,0,NA,NA,FALSE,FALSE,FALSE
EA-MT1-P70,EA,1,XP202-PR,4,C,0,NA,85,FALSE,FALSE,FALSE
BG-MT1-P67,BG,1,XP202-PR,4,C,0,NA,174,FALSE,FALSE,FALSE
PG-MT5-P24,PG,5,XP202-PR,4,C,0,NA,NA,FALSE,FALSE,FALSE
BU-MT2-P51,BU,2,XP202-PR,4,C,0,NA,174,FALSE,FALSE,FALSE
PA-MT6-P3,PA,6,XP202-PR,4,C,0,NA,293,FALSE,FALSE,FALSE
OP-MT7-P41,OP,7,XP202-PR,4,C,0,NA,293,FALSE,FALSE,FALSE
DC-MT1-P27,DC,1,XP202-PR,4,C,1,2025-12-03,89,FALSE,FALSE,FALSE
IS-MT5-P57,IS,5,XP202-PR,4,C,0,NA,85,FALSE,FALSE,FALSE
MC-MT2-P8,MC,2,XP202-PR,4,C,0,NA,174,FALSE,FALSE,FALSE
AE-MT5-P67,AE,5,XP202-PR,4,C,0,NA,NA,FALSE,FALSE,FALSE
OP-MT9-P76,OP,9,XP202-PR,5,A,0,NA,343,FALSE,FALSE,FALSE
CP-MT4-P60,CP,4,XP202-PR,5,A,1,2026-02-26,293,FALSE,FALSE,FALSE
PA-MT6-P17,PA,6,XP202-PR,5,A,1,2026-02-26,293,FALSE,FALSE,FALSE
IS-MT3-P82,IS,3,XP202-PR,5,A,0,NA,NA,FALSE,FALSE,FALSE
VB-MT5-P64,VB,5,XP202-PR,5,A,0,NA,NA,FALSE,FALSE,FALSE
BG-MT4-P76,BG,4,XP202-PR,5,A,0,NA,174,FALSE,FALSE,FALSE
BP-MT5-P45,BP,5,XP202-PR,5,A,0,NA,NA,FALSE,FALSE,FALSE
DC-MT4-P40,DC,4,XP202-PR,5,A,0,NA,174,FALSE,FALSE,FALSE
CH-MT2-P22,CH,2,XP202-PR,5,A,0,NA,174,FALSE,FALSE,FALSE
AE-MT4-P52,AE,4,XP202-PR,5,A,0,NA,NA,FALSE,FALSE,FALSE
PG-MT5-P16,PG,5,XP202-PR,5,A,0,NA,NA,FALSE,FALSE,FALSE
EA-MT4-P58,EA,4,XP202-PR,5,A,0,NA,NA,FALSE,FALSE,FALSE
IS-MT5-P11,IS,5,XP202-PR,5,B,1,2026-02-26,343,FALSE,FALSE,FALSE
CP-MT2-P4,CP,2,XP202-PR,5,B,1,2026-02-26,293,FALSE,FALSE,FALSE
OP-MT7-P28,OP,7,XP202-PR,5,B,1,2026-02-26,293,FALSE,FALSE,FALSE
BS-MT5-P82,BS,5,XP202-PR,5,B,0,NA,NA,FALSE,FALSE,FALSE
BP-MT5-P40,BP,5,XP202-PR,5,B,0,NA,NA,FALSE,FALSE,FALSE
DC-MT1-P84,DC,1,XP202-PR,5,B,0,NA,174,FALSE,FALSE,FALSE
BG-MT5-P53,BG,5,XP202-PR,5,B,0,NA,174,FALSE,FALSE,FALSE
VB-MT3-P4,VB,3,XP202-PR,5,B,0,NA,NA,FALSE,FALSE,FALSE
AE-MT2-P42,AE,2,XP202-PR,5,B,0,NA,NA,FALSE,FALSE,FALSE
EA-MT4-P48,EA,4,XP202-PR,5,B,0,NA,NA,FALSE,FALSE,FALSE
PG-MT3-P70,PG,3,XP202-PR,5,B,1,2026-02-26,NA,FALSE,FALSE,FALSE
CP-MT3-P8,CP,3,XP202-PR,5,C,0,NA,293,FALSE,FALSE,FALSE
OP-MT8-P41,OP,8,XP202-PR,5,C,1,2026-02-26,293,FALSE,FALSE,FALSE
BU-MT1-P36,BU,1,XP202-PR,5,C,1,2026-02-26,293,FALSE,FALSE,FALSE
CH-MT5-P19,CH,5,XP202-PR,5,C,0,NA,174,FALSE,FALSE,FALSE
IS-MT2-P63,IS,2,XP202-PR,5,C,0,NA,85,FALSE,FALSE,FALSE
DC-MT3-P35,DC,3,XP202-PR,5,C,1,2026-02-26,174,FALSE,FALSE,FALSE
PG-MT4-P57,PG,4,XP202-PR,5,C,0,NA,NA,FALSE,FALSE,FALSE
VB-MT3-P17,VB,3,XP202-PR,5,C,0,NA,NA,FALSE,FALSE,FALSE
BG-MT2-P87,BG,2,XP202-PR,5,C,1,2026-02-26,174,FALSE,FALSE,FALSE
AE-MT3-P36,AE,3,XP202-PR,5,C,0,NA,NA,FALSE,FALSE,FALSE
BP-MT4-P32,BP,4,XP202-PR,5,C,0,NA,NA,FALSE,FALSE,FALSE
BU-MT3-P34,BU,3,XP202-PR,1,B,0,NA,NA,FALSE,FALSE,FALSE
MC-MT3-P70,MC,3,XP203-PR,1,A,0,NA,217,FALSE,FALSE,FALSE
BG-MT1-P42,BG,1,XP203-PR,1,A,0,NA,217,FALSE,FALSE,FALSE
VB-MT3-P14,VB,3,XP203-PR,1,A,0,NA,NA,FALSE,FALSE,FALSE
BP-MT4-P56,BP,4,XP203-PR,1,A,1,2026-03-30,NA,FALSE,FALSE,FALSE
BU-MT3-P12,BU,3,XP203-PR,1,A,0,NA,217,FALSE,FALSE,FALSE
DC-MT1-P78,DC,1,XP203-PR,1,A,0,NA,217,FALSE,FALSE,FALSE
BS-MT5-P44,BS,5,XP203-PR,1,A,0,NA,125,FALSE,FALSE,FALSE
IS-MT3-P20,IS,3,XP203-PR,1,A,0,NA,370,FALSE,FALSE,FALSE
OP-MT8-P40,OP,8,XP203-PR,1,A,0,NA,320,FALSE,FALSE,FALSE
PA-MT3-P49,PA,3,XP203-PR,1,A,0,NA,370,FALSE,FALSE,FALSE
EA-MT4-P40,EA,4,XP203-PR,1,A,0,NA,NA,FALSE,FALSE,FALSE
CH-MT2-P37,CH,2,XP203-PR,1,A,0,NA,217,FALSE,FALSE,FALSE
PG-MT2-P34,PG,2,XP203-PR,1,A,0,NA,NA,FALSE,FALSE,FALSE
AE-MT2-P41,AE,2,XP203-PR,1,A,0,NA,NA,FALSE,FALSE,FALSE
EA-MT1-P52,EA,1,XP203-PR,1,B,0,NA,125,FALSE,FALSE,FALSE
VB-MT3-P41,VB,3,XP203-PR,1,B,0,NA,NA,FALSE,FALSE,FALSE
IS-MT4-P42,IS,4,XP203-PR,1,B,0,NA,320,FALSE,FALSE,FALSE
BS-MT5-P60,BS,5,XP203-PR,1,B,0,NA,125,FALSE,FALSE,FALSE
BP-MT3-P41,BP,3,XP203-PR,1,B,0,NA,NA,FALSE,FALSE,FALSE
AE-MT1-P19,AE,1,XP203-PR,1,B,0,NA,NA,FALSE,FALSE,FALSE
CH-MT1-P15,CH,1,XP203-PR,1,B,1,2026-03-30,320,FALSE,FALSE,FALSE
BU-MT3-P8,BU,3,XP203-PR,1,B,0,NA,217,FALSE,FALSE,FALSE
PG-MT1-P55,PG,1,XP203-PR,1,B,0,NA,NA,FALSE,FALSE,FALSE
CP-MT4-P67,CP,4,XP203-PR,1,B,0,NA,320,FALSE,FALSE,FALSE
DC-MT1-P11,DC,1,XP203-PR,1,B,0,NA,217,FALSE,FALSE,FALSE
BG-MT4-P19,BG,4,XP203-PR,1,B,0,NA,217,FALSE,FALSE,FALSE
MC-MT1-P52,MC,1,XP203-PR,1,C,0,NA,217,FALSE,FALSE,FALSE
IS-MT1-P17,IS,1,XP203-PR,1,C,0,NA,320,FALSE,FALSE,FALSE
BP-MT2-P50,BP,2,XP203-PR,1,C,0,NA,NA,FALSE,FALSE,FALSE
CH-MT1-P47,CH,1,XP203-PR,1,C,1,2025-08-25,103,FALSE,FALSE,FALSE
CH-MT3-P21,CH,3,XP203-PR,1,C,0,NA,NA,FALSE,FALSE,FALSE
VB-MT5-P50,VB,5,XP203-PR,1,C,0,NA,NA,FALSE,FALSE,FALSE
BU-MT1-P14,BU,1,XP203-PR,1,C,1,2026-03-30,320,FALSE,FALSE,FALSE
PA-MT6-P6,PA,6,XP203-PR,1,C,0,NA,320,FALSE,FALSE,FALSE
OP-MT8-P35,OP,8,XP203-PR,1,C,1,2025-08-25,103,FALSE,FALSE,FALSE
OP-MT8-P47,OP,8,XP203-PR,1,C,0,NA,125,FALSE,FALSE,FALSE
DC-MT2-P8,DC,2,XP203-PR,1,C,0,NA,NA,FALSE,FALSE,FALSE
PG-MT5-P3,PG,5,XP203-PR,1,C,0,NA,NA,FALSE,FALSE,FALSE
BG-MT2-P62,BG,2,XP203-PR,1,C,0,NA,217,FALSE,FALSE,FALSE
EA-MT1-P26,EA,1,XP203-PR,1,C,0,NA,125,FALSE,FALSE,FALSE
BS-MT7-P61,BS,7,XP203-PR,1,C,0,NA,125,FALSE,FALSE,FALSE
CP-MT5-P16,CP,5,XP203-PR,1,C,0,NA,217,FALSE,FALSE,FALSE
AE-MT2-P12,AE,2,XP203-PR,1,C,0,NA,NA,FALSE,FALSE,FALSE
BP-MT3-P37,BP,3,XP203-PR,2,A,0,NA,NA,FALSE,FALSE,FALSE
BS-MT6-P82,BS,6,XP203-PR,2,A,0,NA,125,FALSE,FALSE,FALSE
PA-MT7-P22,PA,7,XP203-PR,2,A,0,NA,217,FALSE,FALSE,FALSE
BG-MT4-P39,BG,4,XP203-PR,2,A,0,NA,217,FALSE,FALSE,FALSE
DC-MT5-P11,DC,5,XP203-PR,2,A,0,NA,217,FALSE,FALSE,FALSE
IS-MT2-P49,IS,2,XP203-PR,2,A,0,NA,370,FALSE,FALSE,FALSE
CH-MT5-P15,CH,5,XP203-PR,2,A,0,NA,217,FALSE,FALSE,FALSE
OP-MT2-P24,OP,2,XP203-PR,2,A,0,NA,370,FALSE,FALSE,FALSE
EA-MT4-P4,EA,4,XP203-PR,2,A,0,NA,320,FALSE,FALSE,FALSE
AE-MT3-P73,AE,3,XP203-PR,2,A,0,NA,NA,FALSE,FALSE,FALSE
VB-MT3-P13,VB,3,XP203-PR,2,A,0,NA,NA,FALSE,FALSE,FALSE
CP-MT5-P52,CP,5,XP203-PR,2,A,0,NA,217,FALSE,FALSE,FALSE
PG-MT1-P36,PG,1,XP203-PR,2,A,0,NA,NA,FALSE,FALSE,FALSE
BU-MT2-P52,BU,2,XP203-PR,2,A,0,NA,217,FALSE,FALSE,FALSE
MC-MT2-P5,MC,2,XP203-PR,2,A,0,NA,217,FALSE,FALSE,FALSE
IS-MT5-P24,IS,5,XP203-PR,2,B,0,NA,370,FALSE,FALSE,FALSE
CH-MT5-P54,CH,5,XP203-PR,2,B,0,NA,217,FALSE,FALSE,FALSE
OP-MT2-P60,OP,2,XP203-PR,2,B,0,NA,125,FALSE,FALSE,FALSE
PG-MT2-P52,PG,2,XP203-PR,2,B,0,NA,NA,FALSE,FALSE,FALSE
BU-MT1-P37,BU,1,XP203-PR,2,B,0,NA,320,FALSE,FALSE,FALSE
AE-MT4-P63,AE,4,XP203-PR,2,B,0,NA,NA,FALSE,FALSE,FALSE
CP-MT1-P11,CP,1,XP203-PR,2,B,0,NA,217,FALSE,FALSE,FALSE
BS-MT7-P16,BS,7,XP203-PR,2,B,0,NA,217,FALSE,FALSE,FALSE
VB-MT4-P59,VB,4,XP203-PR,2,B,0,NA,NA,FALSE,FALSE,FALSE
DC-MT3-P53,DC,3,XP203-PR,2,B,0,NA,217,FALSE,FALSE,FALSE
BP-MT5-P10,BP,5,XP203-PR,2,B,1,2026-03-30,NA,FALSE,FALSE,FALSE
BG-MT3-P29,BG,3,XP203-PR,2,B,0,NA,217,FALSE,FALSE,FALSE
EA-MT1-P97,EA,1,XP203-PR,2,B,0,NA,125,FALSE,FALSE,FALSE
OP-MT7-P31,OP,7,XP203-PR,2,C,0,NA,320,FALSE,FALSE,FALSE
CP-MT2-P6,CP,2,XP203-PR,2,C,0,NA,320,FALSE,FALSE,FALSE
PG-MT3-P39,PG,3,XP203-PR,2,C,0,NA,NA,FALSE,FALSE,FALSE
AE-MT3-P58,AE,3,XP203-PR,2,C,0,NA,NA,FALSE,FALSE,FALSE
IS-MT1-P35,IS,1,XP203-PR,2,C,0,NA,320,FALSE,FALSE,FALSE
DC-MT1-P72,DC,1,XP203-PR,2,C,0,NA,NA,FALSE,FALSE,FALSE
BS-MT6-P11,BS,6,XP203-PR,2,C,0,NA,217,FALSE,FALSE,FALSE
BP-MT1-P42,BP,1,XP203-PR,2,C,0,NA,NA,FALSE,FALSE,FALSE
VB-MT3-P44,VB,3,XP203-PR,2,C,0,NA,NA,FALSE,FALSE,FALSE
BG-MT5-P88,BG,5,XP203-PR,2,C,0,NA,217,FALSE,FALSE,FALSE
BU-MT4-P8,BU,4,XP203-PR,2,C,0,NA,217,FALSE,FALSE,FALSE
EA-MT4-P53,EA,4,XP203-PR,2,C,0,NA,NA,FALSE,FALSE,FALSE
CH-MT4-P96,CH,4,XP203-PR,2,C,0,NA,217,FALSE,FALSE,FALSE
MC-MT1-P29,MC,1,XP203-PR,2,C,0,NA,217,FALSE,FALSE,FALSE
IS-MT3-P56,IS,3,XP203-PR,3,A,1,2026-03-30,370,FALSE,FALSE,FALSE
EA-MT5-P61,EA,5,XP203-PR,3,A,0,NA,125,FALSE,FALSE,FALSE
AE-MT5-P19,AE,5,XP203-PR,3,A,0,NA,NA,FALSE,FALSE,FALSE
PG-MT4-P10,PG,4,XP203-PR,3,A,0,NA,NA,FALSE,FALSE,FALSE
DC-MT4-P81,DC,4,XP203-PR,3,A,0,NA,217,FALSE,FALSE,FALSE
CH-MT4-P6,CH,4,XP203-PR,3,A,0,NA,217,FALSE,FALSE,FALSE
CP-MT3-P31,CP,3,XP203-PR,3,A,0,NA,320,FALSE,FALSE,FALSE
OP-MT9-P18,OP,9,XP203-PR,3,A,0,NA,370,FALSE,FALSE,FALSE
BS-MT1-P52,BS,1,XP203-PR,3,A,0,NA,125,FALSE,FALSE,FALSE
VB-MT1-P25,VB,1,XP203-PR,3,A,0,NA,217,FALSE,FALSE,FALSE
BP-MT1-P6,BP,1,XP203-PR,3,A,0,NA,NA,FALSE,FALSE,FALSE
PA-MT3-P53,PA,3,XP203-PR,3,A,0,NA,125,FALSE,FALSE,FALSE
BG-MT2-P37,BG,2,XP203-PR,3,A,0,NA,217,FALSE,FALSE,FALSE
BU-MT5-P31,BU,5,XP203-PR,3,A,0,NA,217,FALSE,FALSE,FALSE
OP-MT2-P20,OP,2,XP203-PR,3,B,0,NA,370,FALSE,FALSE,FALSE
BG-MT3-P72,BG,3,XP203-PR,3,B,0,NA,217,FALSE,FALSE,FALSE
IS-MT5-P46,IS,5,XP203-PR,3,B,0,NA,370,FALSE,FALSE,FALSE
PA-MT3-P69,PA,3,XP203-PR,3,B,0,NA,NA,FALSE,FALSE,FALSE
AE-MT4-P19,AE,4,XP203-PR,3,B,0,NA,NA,FALSE,FALSE,FALSE
CP-MT1-P52,CP,1,XP203-PR,3,B,1,2025-11-25,92,FALSE,FALSE,FALSE
CP-MT1-P52,CP,1,XP203-PR,3,B,0,NA,NA,FALSE,FALSE,FALSE
MC-MT1-P49,MC,1,XP203-PR,3,B,0,NA,217,FALSE,FALSE,FALSE
BS-MT1-P7,BS,1,XP203-PR,3,B,0,NA,217,FALSE,FALSE,FALSE
EA-MT1-P64,EA,1,XP203-PR,3,B,0,NA,125,FALSE,FALSE,FALSE
PG-MT3-P51,PG,3,XP203-PR,3,B,0,NA,NA,FALSE,FALSE,FALSE
VB-MT2-P21,VB,2,XP203-PR,3,B,0,NA,NA,FALSE,FALSE,FALSE
BU-MT4-P72,BU,4,XP203-PR,3,B,0,NA,217,FALSE,FALSE,FALSE
BP-MT4-P58,BP,4,XP203-PR,3,B,1,2026-03-30,NA,FALSE,FALSE,FALSE
CH-MT3-P58,CH,3,XP203-PR,3,B,0,NA,217,FALSE,FALSE,FALSE
PG-MT5-P19,PG,5,XP203-PR,3,C,0,NA,NA,FALSE,FALSE,FALSE
VB-MT2-P65,VB,2,XP203-PR,3,C,0,NA,NA,FALSE,FALSE,FALSE
CP-MT2-P9,CP,2,XP203-PR,3,C,0,NA,320,FALSE,FALSE,FALSE
AE-MT5-P54,AE,5,XP203-PR,3,C,0,NA,NA,FALSE,FALSE,FALSE
BG-MT3-P70,BG,3,XP203-PR,3,C,0,NA,217,FALSE,FALSE,FALSE
EA-MT3-P17,EA,3,XP203-PR,3,C,1,2025-08-25,103,FALSE,FALSE,FALSE
EA-MT1-P98,EA,1,XP203-PR,3,C,0,NA,125,FALSE,FALSE,FALSE
BP-MT2-P22,BP,2,XP203-PR,3,C,0,NA,NA,FALSE,FALSE,FALSE
CH-MT5-P16,CH,5,XP203-PR,3,C,0,NA,217,FALSE,FALSE,FALSE
MC-MT2-P22,MC,2,XP203-PR,3,C,1,2026-03-30,217,FALSE,FALSE,FALSE
OP-MT6-P33,OP,6,XP203-PR,3,C,0,NA,320,FALSE,FALSE,FALSE
BS-MT5-P18,BS,5,XP203-PR,3,C,0,NA,217,FALSE,FALSE,FALSE
BU-MT5-P25,BU,5,XP203-PR,3,C,1,2025-11-25,92,FALSE,FALSE,FALSE
BU-MT4-P48,BU,4,XP203-PR,3,C,0,NA,NA,FALSE,FALSE,FALSE
DC-MT4-P68,DC,4,XP203-PR,3,C,0,NA,217,FALSE,FALSE,FALSE
IS-MT3-P25,IS,3,XP203-PR,3,C,0,NA,125,FALSE,FALSE,FALSE
DC-MT3-P21,DC,3,XP203-PR,4,A,1,2026-03-30,217,FALSE,FALSE,FALSE
IS-MT2-P62,IS,2,XP203-PR,4,A,0,NA,370,FALSE,FALSE,FALSE
CP-MT3-P5,CP,3,XP203-PR,4,A,0,NA,320,FALSE,FALSE,FALSE
CH-MT2-P6,CH,2,XP203-PR,4,A,0,NA,217,FALSE,FALSE,FALSE
PG-MT4-P50,PG,4,XP203-PR,4,A,0,NA,NA,FALSE,FALSE,FALSE
AE-MT4-P36,AE,4,XP203-PR,4,A,0,NA,NA,FALSE,FALSE,FALSE
BG-MT1-P98,BG,1,XP203-PR,4,A,0,NA,217,FALSE,FALSE,FALSE
OP-MT9-P21,OP,9,XP203-PR,4,A,1,2025-05-14,50,FALSE,FALSE,FALSE
OP-MT9-P19,OP,9,XP203-PR,4,A,0,NA,125,FALSE,FALSE,FALSE
PA-MT3-P11,PA,3,XP203-PR,4,A,0,NA,370,FALSE,FALSE,FALSE
BP-MT1-P72,BP,1,XP203-PR,4,A,1,2026-03-30,NA,FALSE,FALSE,FALSE
BU-MT3-P50,BU,3,XP203-PR,4,A,0,NA,217,FALSE,FALSE,FALSE
MC-MT3-P52,MC,3,XP203-PR,4,A,0,NA,217,FALSE,FALSE,FALSE
EA-MT1-P96,EA,1,XP203-PR,4,A,0,NA,NA,FALSE,FALSE,FALSE
BS-MT5-P9,BS,5,XP203-PR,4,A,0,NA,217,FALSE,FALSE,FALSE
VB-MT5-P45,VB,5,XP203-PR,4,A,0,NA,NA,FALSE,FALSE,FALSE
DC-MT2-P17,DC,2,XP203-PR,4,B,0,NA,217,FALSE,FALSE,FALSE
IS-MT4-P11,IS,4,XP203-PR,4,B,0,NA,320,FALSE,FALSE,FALSE
PA-MT7-P46,PA,7,XP203-PR,4,B,0,NA,217,FALSE,FALSE,FALSE
PG-MT5-P37,PG,5,XP203-PR,4,B,0,NA,NA,FALSE,FALSE,FALSE
CP-MT2-P73,CP,2,XP203-PR,4,B,0,NA,NA,FALSE,FALSE,FALSE
BS-MT1-P63,BS,1,XP203-PR,4,B,1,2026-03-30,125,FALSE,FALSE,FALSE
MC-MT2-P63,MC,2,XP203-PR,4,B,1,2025-11-25,92,FALSE,FALSE,FALSE
MC-MT2-P35,MC,2,XP203-PR,4,B,0,NA,NA,FALSE,FALSE,FALSE
VB-MT4-P39,VB,4,XP203-PR,4,B,0,NA,NA,FALSE,FALSE,FALSE
CH-MT3-P48,CH,3,XP203-PR,4,B,0,NA,217,FALSE,FALSE,FALSE
OP-MT7-P23,OP,7,XP203-PR,4,B,0,NA,320,FALSE,FALSE,FALSE
AE-MT3-P52,AE,3,XP203-PR,4,B,0,NA,NA,FALSE,FALSE,FALSE
EA-MT2-P9,EA,2,XP203-PR,4,B,0,NA,320,FALSE,FALSE,FALSE
BG-MT5-P33,BG,5,XP203-PR,4,B,0,NA,217,FALSE,FALSE,FALSE
BU-MT2-P6,BU,2,XP203-PR,4,B,0,NA,217,FALSE,FALSE,FALSE
BP-MT2-P6,BP,2,XP203-PR,4,B,1,2026-03-30,NA,FALSE,FALSE,FALSE
VB-MT1-P46,VB,1,XP203-PR,4,C,0,NA,217,FALSE,FALSE,FALSE
CP-MT4-P47,CP,4,XP203-PR,4,C,0,NA,320,FALSE,FALSE,FALSE
AE-MT5-P36,AE,5,XP203-PR,4,C,0,NA,NA,FALSE,FALSE,FALSE
EA-MT5-P13,EA,5,XP203-PR,4,C,0,NA,125,FALSE,FALSE,FALSE
PG-MT1-P29,PG,1,XP203-PR,4,C,0,NA,NA,FALSE,FALSE,FALSE
OP-MT6-P6,OP,6,XP203-PR,4,C,1,2025-11-25,195,FALSE,FALSE,FALSE
OP-MT6-P67,OP,6,XP203-PR,4,C,0,NA,NA,FALSE,FALSE,FALSE
DC-MT5-P79,DC,5,XP203-PR,4,C,0,NA,217,FALSE,FALSE,FALSE
CH-MT4-P83,CH,4,XP203-PR,4,C,0,NA,217,FALSE,FALSE,FALSE
PA-MT6-P69,PA,6,XP203-PR,4,C,0,NA,320,FALSE,FALSE,FALSE
BS-MT6-P80,BS,6,XP203-PR,4,C,0,NA,125,FALSE,FALSE,FALSE
BU-MT2-P35,BU,2,XP203-PR,4,C,1,2025-11-25,92,FALSE,FALSE,FALSE
BU-MT2-P62,BU,2,XP203-PR,4,C,0,NA,NA,FALSE,FALSE,FALSE
BP-MT4-P77,BP,4,XP203-PR,4,C,0,NA,NA,FALSE,FALSE,FALSE
IS-MT2-P23,IS,2,XP203-PR,4,C,0,NA,125,FALSE,FALSE,FALSE
BG-MT1-P97,BG,1,XP203-PR,4,C,0,NA,217,FALSE,FALSE,FALSE
OP-MT2-P9,OP,2,XP203-PR,5,A,0,NA,370,FALSE,FALSE,FALSE
CP-MT3-P42,CP,3,XP203-PR,5,A,1,2026-03-30,320,FALSE,FALSE,FALSE
DC-MT4-P12,DC,4,XP203-PR,5,A,0,NA,217,FALSE,FALSE,FALSE
IS-MT3-P100,IS,3,XP203-PR,5,A,0,NA,NA,FALSE,FALSE,FALSE
BG-MT5-P46,BG,5,XP203-PR,5,A,0,NA,217,FALSE,FALSE,FALSE
CH-MT3-P35,CH,3,XP203-PR,5,A,0,NA,217,FALSE,FALSE,FALSE
PG-MT3-P63,PG,3,XP203-PR,5,A,0,NA,NA,FALSE,FALSE,FALSE
AE-MT1-P21,AE,1,XP203-PR,5,A,0,NA,NA,FALSE,FALSE,FALSE
CP-MT2-P48,CP,2,XP203-PR,5,B,1,2025-08-25,103,FALSE,FALSE,FALSE
CP-MT2-P82,CP,2,XP203-PR,5,B,0,NA,NA,FALSE,FALSE,FALSE
OP-MT7-P12,OP,7,XP203-PR,5,B,0,NA,320,FALSE,FALSE,FALSE
PA-MT6-P77,PA,6,XP203-PR,5,B,0,NA,320,FALSE,FALSE,FALSE
BU-MT1-P18,BU,1,XP203-PR,5,B,1,2026-03-30,320,FALSE,FALSE,FALSE
AE-MT1-P46,AE,1,XP203-PR,5,B,1,2026-03-30,NA,FALSE,FALSE,FALSE
PG-MT4-P4,PG,4,XP203-PR,5,B,0,NA,NA,FALSE,FALSE,FALSE
CH-MT4-P20,CH,4,XP203-PR,5,B,0,NA,217,FALSE,FALSE,FALSE
BG-MT2-P84,BG,2,XP203-PR,5,B,0,NA,217,FALSE,FALSE,FALSE
DC-MT1-P44,DC,1,XP203-PR,5,B,0,NA,217,FALSE,FALSE,FALSE
IS-MT3-P70,IS,3,XP203-PR,5,B,0,NA,NA,FALSE,FALSE,FALSE
IS-MT3-P54,IS,3,XP203-PR,5,C,0,NA,370,FALSE,FALSE,FALSE
CP-MT4-P1,CP,4,XP203-PR,5,C,0,NA,320,FALSE,FALSE,FALSE
PG-MT2-P74,PG,2,XP203-PR,5,C,1,2026-03-30,NA,FALSE,FALSE,FALSE
DC-MT5-P25,DC,5,XP203-PR,5,C,0,NA,217,FALSE,FALSE,FALSE
AE-MT2-P48,AE,2,XP203-PR,5,C,0,NA,NA,FALSE,FALSE,FALSE
BG-MT4-P60,BG,4,XP203-PR,5,C,0,NA,217,FALSE,FALSE,FALSE
VB-MT5-P39,VB,5,XP204-PR,1,A,0,NA,NA,FALSE,FALSE,FALSE
BG-MT4-P7,BG,4,XP204-PR,1,A,0,NA,217,FALSE,FALSE,FALSE
DC-MT5-P43,DC,5,XP204-PR,1,A,0,NA,217,FALSE,FALSE,FALSE
PA-MT3-P40,PA,3,XP204-PR,1,A,0,NA,371,FALSE,FALSE,FALSE
BS-MT7-P9,BS,7,XP204-PR,1,A,0,NA,217,FALSE,FALSE,FALSE
IS-MT5-P85,IS,5,XP204-PR,1,A,0,NA,371,FALSE,FALSE,FALSE
CP-MT5-P37,CP,5,XP204-PR,1,A,0,NA,217,FALSE,FALSE,FALSE
OP-MT9-P32,OP,9,XP204-PR,1,A,1,2025-05-14,50,FALSE,FALSE,FALSE
OP-MT7-P59,OP,7,XP204-PR,1,A,0,NA,126,FALSE,FALSE,FALSE
EA-MT5-P92,EA,5,XP204-PR,1,A,0,NA,NA,FALSE,FALSE,FALSE
PG-MT1-P7,PG,1,XP204-PR,1,A,0,NA,NA,FALSE,FALSE,FALSE
BU-MT3-P46,BU,3,XP204-PR,1,A,0,NA,217,FALSE,FALSE,FALSE
BP-MT2-P57,BP,2,XP204-PR,1,A,0,NA,NA,FALSE,FALSE,FALSE
AE-MT2-P8,AE,2,XP204-PR,1,A,0,NA,NA,FALSE,FALSE,FALSE
CH-MT2-P72,CH,2,XP204-PR,1,A,0,NA,217,FALSE,FALSE,FALSE
BP-MT3-P51,BP,3,XP204-PR,1,B,1,2026-03-31,NA,FALSE,FALSE,FALSE
OP-MT8-P64,OP,8,XP204-PR,1,B,0,NA,321,FALSE,FALSE,FALSE
CH-MT5-P40,CH,5,XP204-PR,1,B,0,NA,217,FALSE,FALSE,FALSE
EA-MT5-P11,EA,5,XP204-PR,1,B,0,NA,126,FALSE,FALSE,FALSE
CP-MT5-P50,CP,5,XP204-PR,1,B,0,NA,217,FALSE,FALSE,FALSE
BU-MT5-P66,BU,5,XP204-PR,1,B,0,NA,217,FALSE,FALSE,FALSE
AE-MT2-P26,AE,2,XP204-PR,1,B,0,NA,NA,FALSE,FALSE,FALSE
VB-MT4-P63,VB,4,XP204-PR,1,B,0,NA,NA,FALSE,FALSE,FALSE
IS-MT4-P48,IS,4,XP204-PR,1,B,0,NA,321,FALSE,FALSE,FALSE
BS-MT1-P81,BS,1,XP204-PR,1,B,0,NA,126,FALSE,FALSE,FALSE
MC-MT2-P44,MC,2,XP204-PR,1,B,0,NA,217,FALSE,FALSE,FALSE
BG-MT5-P75,BG,5,XP204-PR,1,B,0,NA,217,FALSE,FALSE,FALSE
PG-MT5-P67,PG,5,XP204-PR,1,B,0,NA,NA,FALSE,FALSE,FALSE
DC-MT3-P52,DC,3,XP204-PR,1,B,1,2025-11-25,91,FALSE,FALSE,FALSE
BG-MT2-P59,BG,2,XP204-PR,1,C,0,NA,217,FALSE,FALSE,FALSE
DC-MT3-P6,DC,3,XP204-PR,1,C,0,NA,217,FALSE,FALSE,FALSE
BP-MT1-P31,BP,1,XP204-PR,1,C,1,2026-03-31,NA,FALSE,FALSE,FALSE
VB-MT5-P71,VB,5,XP204-PR,1,C,0,NA,NA,FALSE,FALSE,FALSE
BU-MT4-P20,BU,4,XP204-PR,1,C,0,NA,217,FALSE,FALSE,FALSE
AE-MT1-P13,AE,1,XP204-PR,1,C,0,NA,NA,FALSE,FALSE,FALSE
IS-MT3-P41,IS,3,XP204-PR,1,C,0,NA,126,FALSE,FALSE,FALSE
OP-MT6-P9,OP,6,XP204-PR,1,C,0,NA,321,FALSE,FALSE,FALSE
CP-MT2-P33,CP,2,XP204-PR,1,C,0,NA,321,FALSE,FALSE,FALSE
EA-MT3-P1,EA,3,XP204-PR,1,C,0,NA,321,FALSE,FALSE,FALSE
BS-MT6-P49,BS,6,XP204-PR,1,C,0,NA,126,FALSE,FALSE,FALSE
CH-MT2-P66,CH,2,XP204-PR,1,C,0,NA,217,FALSE,FALSE,FALSE
PG-MT1-P27,PG,1,XP204-PR,1,C,1,2026-03-31,NA,FALSE,FALSE,FALSE
OP-MT2-P68,OP,2,XP204-PR,2,A,1,2025-05-14,50,FALSE,FALSE,FALSE
OP-MT8-P54,OP,8,XP204-PR,2,A,0,NA,126,FALSE,FALSE,FALSE
BP-MT2-P25,BP,2,XP204-PR,2,A,0,NA,NA,FALSE,FALSE,FALSE
CH-MT1-P43,CH,1,XP204-PR,2,A,1,2025-08-26,104,FALSE,FALSE,FALSE
CH-MT3-P31,CH,3,XP204-PR,2,A,0,NA,NA,FALSE,FALSE,FALSE
IS-MT3-P77,IS,3,XP204-PR,2,A,0,NA,371,FALSE,FALSE,FALSE
DC-MT1-P74,DC,1,XP204-PR,2,A,1,2026-03-31,217,FALSE,FALSE,FALSE
BS-MT6-P28,BS,6,XP204-PR,2,A,0,NA,217,FALSE,FALSE,FALSE
BU-MT1-P47,BU,1,XP204-PR,2,A,0,NA,321,FALSE,FALSE,FALSE
PG-MT5-P65,PG,5,XP204-PR,2,A,0,NA,NA,FALSE,FALSE,FALSE
EA-MT5-P50,EA,5,XP204-PR,2,A,1,2026-03-31,126,FALSE,FALSE,FALSE
CP-MT4-P15,CP,4,XP204-PR,2,A,0,NA,321,FALSE,FALSE,FALSE
PA-MT3-P41,PA,3,XP204-PR,2,A,0,NA,371,FALSE,FALSE,FALSE
VB-MT5-P52,VB,5,XP204-PR,2,A,0,NA,NA,FALSE,FALSE,FALSE
BG-MT3-P71,BG,3,XP204-PR,2,A,0,NA,217,FALSE,FALSE,FALSE
AE-MT3-P18,AE,3,XP204-PR,2,A,0,NA,NA,FALSE,FALSE,FALSE
BG-MT1-P57,BG,1,XP204-PR,2,B,0,NA,217,FALSE,FALSE,FALSE
VB-MT4-P36,VB,4,XP204-PR,2,B,0,NA,NA,FALSE,FALSE,FALSE
IS-MT2-P94,IS,2,XP204-PR,2,B,0,NA,371,FALSE,FALSE,FALSE
MC-MT1-P42,MC,1,XP204-PR,2,B,0,NA,217,FALSE,FALSE,FALSE
EA-MT1-P60,EA,1,XP204-PR,2,B,0,NA,126,FALSE,FALSE,FALSE
BP-MT2-P35,BP,2,XP204-PR,2,B,0,NA,NA,FALSE,FALSE,FALSE
DC-MT5-P69,DC,5,XP204-PR,2,B,1,2026-03-31,217,FALSE,FALSE,FALSE
BS-MT5-P75,BS,5,XP204-PR,2,B,0,NA,126,FALSE,FALSE,FALSE
CH-MT3-P9,CH,3,XP204-PR,2,B,1,2026-03-31,217,FALSE,FALSE,FALSE
CP-MT4-P58,CP,4,XP204-PR,2,B,0,NA,321,FALSE,FALSE,FALSE
BU-MT2-P42,BU,2,XP204-PR,2,B,1,2026-03-31,217,FALSE,FALSE,FALSE
PG-MT4-P43,PG,4,XP204-PR,2,B,0,NA,NA,FALSE,FALSE,FALSE
AE-MT3-P72,AE,3,XP204-PR,2,B,1,2026-03-31,NA,FALSE,FALSE,FALSE
BS-MT1-P36,BS,1,XP204-PR,2,C,1,2026-03-31,126,FALSE,FALSE,FALSE
CH-MT2-P8,CH,2,XP204-PR,2,C,0,NA,217,FALSE,FALSE,FALSE
BP-MT4-P3,BP,4,XP204-PR,2,C,0,NA,NA,FALSE,FALSE,FALSE
AE-MT5-P63,AE,5,XP204-PR,2,C,0,NA,NA,FALSE,FALSE,FALSE
BU-MT1-P50,BU,1,XP204-PR,2,C,1,2025-08-26,104,FALSE,FALSE,FALSE
BU-MT1-P30,BU,1,XP204-PR,2,C,0,NA,126,FALSE,FALSE,FALSE
DC-MT4-P43,DC,4,XP204-PR,2,C,1,2025-11-25,91,FALSE,FALSE,FALSE
MC-MT3-P39,MC,3,XP204-PR,2,C,0,NA,217,FALSE,FALSE,FALSE
PG-MT4-P23,PG,4,XP204-PR,2,C,0,NA,NA,FALSE,FALSE,FALSE
EA-MT5-P27,EA,5,XP204-PR,2,C,1,2026-03-31,126,FALSE,FALSE,FALSE
PA-MT6-P73,PA,6,XP204-PR,2,C,0,NA,126,FALSE,FALSE,FALSE
CP-MT1-P37,CP,1,XP204-PR,2,C,0,NA,217,FALSE,FALSE,FALSE
VB-MT3-P37,VB,3,XP204-PR,2,C,0,NA,NA,FALSE,FALSE,FALSE
BG-MT4-P84,BG,4,XP204-PR,2,C,0,NA,217,FALSE,FALSE,FALSE
IS-MT5-P83,IS,5,XP204-PR,2,C,0,NA,126,FALSE,FALSE,FALSE
EA-MT4-P19,EA,4,XP204-PR,3,A,0,NA,321,FALSE,FALSE,FALSE
PA-MT6-P25,PA,6,XP204-PR,3,A,0,NA,321,FALSE,FALSE,FALSE
VB-MT5-P32,VB,5,XP204-PR,3,A,0,NA,NA,FALSE,FALSE,FALSE
MC-MT1-P81,MC,1,XP204-PR,3,A,0,NA,217,FALSE,FALSE,FALSE
BP-MT3-P7,BP,3,XP204-PR,3,A,0,NA,NA,FALSE,FALSE,FALSE
PG-MT2-P73,PG,2,XP204-PR,3,A,0,NA,NA,FALSE,FALSE,FALSE
CP-MT3-P9,CP,3,XP204-PR,3,A,0,NA,321,FALSE,FALSE,FALSE
BG-MT2-P58,BG,2,XP204-PR,3,A,0,NA,217,FALSE,FALSE,FALSE
IS-MT3-P26,IS,3,XP204-PR,3,A,1,2026-03-31,371,FALSE,FALSE,FALSE
BU-MT5-P11,BU,5,XP204-PR,3,A,0,NA,217,FALSE,FALSE,FALSE
OP-MT9-P58,OP,9,XP204-PR,3,A,0,NA,371,FALSE,FALSE,FALSE
AE-MT1-P54,AE,1,XP204-PR,3,A,0,NA,NA,FALSE,FALSE,FALSE
CH-MT4-P30,CH,4,XP204-PR,3,A,0,NA,217,FALSE,FALSE,FALSE
BS-MT1-P1,BS,1,XP204-PR,3,A,0,NA,217,FALSE,FALSE,FALSE
DC-MT5-P87,DC,5,XP204-PR,3,A,0,NA,NA,FALSE,FALSE,FALSE
BS-MT7-P30,BS,7,XP204-PR,3,B,1,2026-03-31,126,FALSE,FALSE,FALSE
BG-MT5-P94,BG,5,XP204-PR,3,B,0,NA,217,FALSE,FALSE,FALSE
IS-MT2-P93,IS,2,XP204-PR,3,B,0,NA,371,FALSE,FALSE,FALSE
EA-MT4-P67,EA,4,XP204-PR,3,B,0,NA,NA,FALSE,FALSE,FALSE
CP-MT2-P29,CP,2,XP204-PR,3,B,1,2025-08-26,104,FALSE,FALSE,FALSE
CP-MT1-P66,CP,1,XP204-PR,3,B,0,NA,NA,FALSE,FALSE,FALSE
BP-MT4-P72,BP,4,XP204-PR,3,B,0,NA,NA,FALSE,FALSE,FALSE
OP-MT8-P22,OP,8,XP204-PR,3,B,1,2025-08-26,104,FALSE,FALSE,FALSE
OP-MT2-P64,OP,2,XP204-PR,3,B,0,NA,126,FALSE,FALSE,FALSE
CH-MT5-P87,CH,5,XP204-PR,3,B,0,NA,217,FALSE,FALSE,FALSE
PG-MT1-P65,PG,1,XP204-PR,3,B,0,NA,NA,FALSE,FALSE,FALSE
VB-MT1-P32,VB,1,XP204-PR,3,B,0,NA,217,FALSE,FALSE,FALSE
DC-MT4-P8,DC,4,XP204-PR,3,B,0,NA,217,FALSE,FALSE,FALSE
BU-MT2-P9,BU,2,XP204-PR,3,B,0,NA,217,FALSE,FALSE,FALSE
PA-MT7-P7,PA,7,XP204-PR,3,B,0,NA,217,FALSE,FALSE,FALSE
AE-MT4-P34,AE,4,XP204-PR,3,B,0,NA,NA,FALSE,FALSE,FALSE
IS-MT5-P91,IS,5,XP204-PR,3,C,1,2025-08-26,154,FALSE,FALSE,FALSE
IS-MT5-P1,IS,5,XP204-PR,3,C,0,NA,126,FALSE,FALSE,FALSE
BU-MT2-P46,BU,2,XP204-PR,3,C,0,NA,217,FALSE,FALSE,FALSE
EA-MT5-P79,EA,5,XP204-PR,3,C,0,NA,NA,FALSE,FALSE,FALSE
PG-MT3-P20,PG,3,XP204-PR,3,C,0,NA,NA,FALSE,FALSE,FALSE
CH-MT1-P35,CH,1,XP204-PR,3,C,1,2025-08-26,104,FALSE,FALSE,FALSE
CH-MT2-P59,CH,2,XP204-PR,3,C,0,NA,NA,FALSE,FALSE,FALSE
OP-MT7-P40,OP,7,XP204-PR,3,C,0,NA,321,FALSE,FALSE,FALSE
BS-MT5-P25,BS,5,XP204-PR,3,C,1,2026-03-31,217,FALSE,FALSE,FALSE
AE-MT2-P54,AE,2,XP204-PR,3,C,0,NA,NA,FALSE,FALSE,FALSE
BG-MT1-P83,BG,1,XP204-PR,3,C,0,NA,217,FALSE,FALSE,FALSE
VB-MT1-P50,VB,1,XP204-PR,3,C,0,NA,217,FALSE,FALSE,FALSE
BP-MT5-P33,BP,5,XP204-PR,3,C,1,2026-03-31,NA,FALSE,FALSE,FALSE
PA-MT6-P92,PA,6,XP204-PR,3,C,0,NA,NA,FALSE,FALSE,FALSE
VB-MT2-P67,VB,2,XP204-PR,4,A,0,NA,NA,FALSE,FALSE,FALSE
OP-MT2-P31,OP,2,XP204-PR,4,A,0,NA,371,FALSE,FALSE,FALSE
MC-MT2-P58,MC,2,XP204-PR,4,A,0,NA,217,FALSE,FALSE,FALSE
AE-MT4-P50,AE,4,XP204-PR,4,A,0,NA,NA,FALSE,FALSE,FALSE
IS-MT4-P29,IS,4,XP204-PR,4,A,0,NA,321,FALSE,FALSE,FALSE
BU-MT3-P23,BU,3,XP204-PR,4,A,0,NA,217,FALSE,FALSE,FALSE
DC-MT2-P3,DC,2,XP204-PR,4,A,0,NA,217,FALSE,FALSE,FALSE
BG-MT1-P19,BG,1,XP204-PR,4,A,0,NA,217,FALSE,FALSE,FALSE
EA-MT5-P24,EA,5,XP204-PR,4,A,0,NA,126,FALSE,FALSE,FALSE
PA-MT7-P40,PA,7,XP204-PR,4,A,0,NA,217,FALSE,FALSE,FALSE
CH-MT4-P73,CH,4,XP204-PR,4,A,0,NA,217,FALSE,FALSE,FALSE
BP-MT4-P59,BP,4,XP204-PR,4,A,0,NA,NA,FALSE,FALSE,FALSE
PG-MT2-P35,PG,2,XP204-PR,4,A,0,NA,NA,FALSE,FALSE,FALSE
BS-MT5-P77,BS,5,XP204-PR,4,A,0,NA,126,FALSE,FALSE,FALSE
CP-MT1-P59,CP,1,XP204-PR,4,A,0,NA,217,FALSE,FALSE,FALSE
PA-MT6-P45,PA,6,XP204-PR,4,B,0,NA,321,FALSE,FALSE,FALSE
AE-MT2-P51,AE,2,XP204-PR,4,B,0,NA,NA,FALSE,FALSE,FALSE
MC-MT3-P60,MC,3,XP204-PR,4,B,0,NA,217,FALSE,FALSE,FALSE
BP-MT1-P43,BP,1,XP204-PR,4,B,0,NA,NA,FALSE,FALSE,FALSE
CH-MT3-P89,CH,3,XP204-PR,4,B,0,NA,217,FALSE,FALSE,FALSE
IS-MT1-P61,IS,1,XP204-PR,4,B,0,NA,321,FALSE,FALSE,FALSE
CP-MT3-P18,CP,3,XP204-PR,4,B,0,NA,321,FALSE,FALSE,FALSE
BS-MT5-P33,BS,5,XP204-PR,4,B,0,NA,217,FALSE,FALSE,FALSE
BU-MT3-P38,BU,3,XP204-PR,4,B,0,NA,217,FALSE,FALSE,FALSE
EA-MT2-P17,EA,2,XP204-PR,4,B,0,NA,321,FALSE,FALSE,FALSE
OP-MT6-P26,OP,6,XP204-PR,4,B,0,NA,321,FALSE,FALSE,FALSE
PG-MT4-P56,PG,4,XP204-PR,4,B,0,NA,NA,FALSE,FALSE,FALSE
VB-MT3-P68,VB,3,XP204-PR,4,B,0,NA,NA,FALSE,FALSE,FALSE
DC-MT3-P71,DC,3,XP204-PR,4,B,0,NA,NA,FALSE,FALSE,FALSE
BG-MT3-P93,BG,3,XP204-PR,4,B,0,NA,217,FALSE,FALSE,FALSE
IS-MT1-P33,IS,1,XP204-PR,4,C,0,NA,321,FALSE,FALSE,FALSE
AE-MT1-P56,AE,1,XP204-PR,4,C,0,NA,NA,FALSE,FALSE,FALSE
BU-MT4-P14,BU,4,XP204-PR,4,C,0,NA,217,FALSE,FALSE,FALSE
PG-MT5-P5,PG,5,XP204-PR,4,C,0,NA,NA,FALSE,FALSE,FALSE
CH-MT4-P94,CH,4,XP204-PR,4,C,0,NA,217,FALSE,FALSE,FALSE
DC-MT1-P82,DC,1,XP204-PR,4,C,0,NA,217,FALSE,FALSE,FALSE
VB-MT4-P70,VB,4,XP204-PR,4,C,0,NA,NA,FALSE,FALSE,FALSE
OP-MT7-P34,OP,7,XP204-PR,4,C,0,NA,321,FALSE,FALSE,FALSE
MC-MT1-P68,MC,1,XP204-PR,4,C,0,NA,217,FALSE,FALSE,FALSE
BS-MT7-P47,BS,7,XP204-PR,4,C,0,NA,126,FALSE,FALSE,FALSE
BP-MT1-P27,BP,1,XP204-PR,4,C,0,NA,NA,FALSE,FALSE,FALSE
BG-MT3-P16,BG,3,XP204-PR,4,C,0,NA,217,FALSE,FALSE,FALSE
EA-MT1-P55,EA,1,XP204-PR,4,C,1,2026-03-31,126,FALSE,FALSE,FALSE
IS-MT3-P5,IS,3,XP204-PR,5,A,1,2026-03-31,371,FALSE,FALSE,FALSE
OP-MT9-P53,OP,9,XP204-PR,5,A,1,2026-03-31,371,FALSE,FALSE,FALSE
CP-MT3-P43,CP,3,XP204-PR,5,A,0,NA,321,FALSE,FALSE,FALSE
BU-MT1-P35,BU,1,XP204-PR,5,A,0,NA,321,FALSE,FALSE,FALSE
PA-MT6-P40,PA,6,XP204-PR,5,A,0,NA,321,FALSE,FALSE,FALSE
BG-MT4-P71,BG,4,XP204-PR,5,A,0,NA,217,FALSE,FALSE,FALSE
DC-MT3-P46,DC,3,XP204-PR,5,A,1,2026-03-31,217,FALSE,FALSE,FALSE
PG-MT1-P31,PG,1,XP204-PR,5,A,0,NA,NA,FALSE,FALSE,FALSE
AE-MT2-P34,AE,2,XP204-PR,5,A,0,NA,NA,FALSE,FALSE,FALSE
PA-MT3-P57,PA,3,XP204-PR,5,B,1,2026-03-31,371,FALSE,FALSE,FALSE
CP-MT4-P61,CP,4,XP204-PR,5,B,0,NA,321,FALSE,FALSE,FALSE
IS-MT3-P73,IS,3,XP204-PR,5,B,0,NA,NA,FALSE,FALSE,FALSE
OP-MT7-P22,OP,7,XP204-PR,5,B,1,2025-11-25,195,FALSE,FALSE,FALSE
CH-MT5-P63,CH,5,XP204-PR,5,B,0,NA,217,FALSE,FALSE,FALSE
PG-MT2-P30,PG,2,XP204-PR,5,B,0,NA,NA,FALSE,FALSE,FALSE
BG-MT5-P85,BG,5,XP204-PR,5,B,0,NA,217,FALSE,FALSE,FALSE
AE-MT5-P46,AE,5,XP204-PR,5,B,0,NA,NA,FALSE,FALSE,FALSE
DC-MT4-P73,DC,4,XP204-PR,5,B,0,NA,217,FALSE,FALSE,FALSE
CP-MT2-P7,CP,2,XP204-PR,5,C,0,NA,321,FALSE,FALSE,FALSE
BG-MT2-P47,BG,2,XP204-PR,5,C,0,NA,217,FALSE,FALSE,FALSE
AE-MT3-P19,AE,3,XP204-PR,5,C,0,NA,NA,FALSE,FALSE,FALSE
PG-MT1-P68,PG,1,XP204-PR,5,C,0,NA,NA,FALSE,FALSE,FALSE
DC-MT1-P40,DC,1,XP204-PR,5,C,1,2025-11-25,91,FALSE,FALSE,FALSE
IS-MT3-P101,IS,3,XP204-PR,5,C,0,NA,NA,FALSE,FALSE,FALSE
CH-MT3-P36,CH,3,XP204-PR,5,C,0,NA,217,FALSE,FALSE,FALSE
CP-MT4-P40,CP,4,XP205-PR,1,A,1,2026-03-10,306,FALSE,FALSE,FALSE
BS-MT6-P62,BS,6,XP205-PR,1,A,0,NA,111,FALSE,FALSE,FALSE
BP-MT2-P3,BP,2,XP205-PR,1,A,0,NA,5,FALSE,FALSE,FALSE
VB-MT4-P69,VB,4,XP205-PR,1,A,0,NA,5,FALSE,FALSE,FALSE
EA-MT1-P58,EA,1,XP205-PR,1,A,0,NA,111,FALSE,FALSE,FALSE
AE-MT4-P5,AE,4,XP205-PR,1,A,0,NA,5,FALSE,FALSE,FALSE
BG-MT3-P67,BG,3,XP205-PR,1,A,0,NA,208,FALSE,FALSE,FALSE
CH-MT1-P29,CH,1,XP205-PR,1,A,1,2026-03-10,306,FALSE,FALSE,FALSE
DC-MT4-P31,DC,4,XP205-PR,1,A,0,NA,208,FALSE,FALSE,FALSE
IS-MT2-P96,IS,2,XP205-PR,1,A,1,2026-03-05,-14,FALSE,TRUE,FALSE
IS-MT5-P72,IS,5,XP205-PR,1,A,0,NA,5,FALSE,FALSE,FALSE
OP-MT8-P44,OP,8,XP205-PR,1,A,0,NA,306,FALSE,FALSE,FALSE
MC-MT3-P30,MC,3,XP205-PR,1,A,0,NA,208,FALSE,FALSE,FALSE
BU-MT5-P7,BU,5,XP205-PR,1,A,0,NA,208,FALSE,FALSE,FALSE
PA-MT7-P44,PA,7,XP205-PR,1,A,0,NA,5,FALSE,FALSE,FALSE
PG-MT5-P13,PG,5,XP205-PR,1,A,0,NA,5,FALSE,FALSE,FALSE
OP-MT6-P20,OP,6,XP205-PR,1,B,0,NA,306,FALSE,FALSE,FALSE
MC-MT2-P54,MC,2,XP205-PR,1,B,0,NA,208,FALSE,FALSE,FALSE
AE-MT5-P65,AE,5,XP205-PR,1,B,0,NA,5,FALSE,FALSE,FALSE
CP-MT1-P24,CP,1,XP205-PR,1,B,1,2026-03-05,203,FALSE,FALSE,FALSE
BG-MT5-P57,BG,5,XP205-PR,1,B,0,NA,208,FALSE,FALSE,FALSE
DC-MT3-P54,DC,3,XP205-PR,1,B,0,NA,5,FALSE,FALSE,FALSE
VB-MT3-P54,VB,3,XP205-PR,1,B,0,NA,5,FALSE,FALSE,FALSE
CH-MT4-P42,CH,4,XP205-PR,1,B,0,NA,208,FALSE,FALSE,FALSE
PA-MT6-P32,PA,6,XP205-PR,1,B,0,NA,111,FALSE,FALSE,FALSE
BS-MT1-P15,BS,1,XP205-PR,1,B,0,NA,208,FALSE,FALSE,FALSE
IS-MT5-P12,IS,5,XP205-PR,1,B,1,2026-03-10,-9,FALSE,TRUE,FALSE
EA-MT1-P57,EA,1,XP205-PR,1,B,0,NA,111,FALSE,FALSE,FALSE
BP-MT4-P73,BP,4,XP205-PR,1,B,0,NA,5,FALSE,FALSE,FALSE
PG-MT3-P33,PG,3,XP205-PR,1,B,0,NA,5,FALSE,FALSE,FALSE
BU-MT3-P16,BU,3,XP205-PR,1,B,0,NA,208,FALSE,FALSE,FALSE
CP-MT5-P58,CP,5,XP205-PR,1,C,0,NA,208,FALSE,FALSE,FALSE
CH-MT5-P43,CH,5,XP205-PR,1,C,0,NA,208,FALSE,FALSE,FALSE
BU-MT5-P65,BU,5,XP205-PR,1,C,0,NA,208,FALSE,FALSE,FALSE
PG-MT5-P36,PG,5,XP205-PR,1,C,0,NA,5,FALSE,FALSE,FALSE
DC-MT4-P45,DC,4,XP205-PR,1,C,0,NA,5,FALSE,FALSE,FALSE
BG-MT2-P88,BG,2,XP205-PR,1,C,0,NA,208,FALSE,FALSE,FALSE
AE-MT1-P11,AE,1,XP205-PR,1,C,0,NA,5,FALSE,FALSE,FALSE
VB-MT1-P45,VB,1,XP205-PR,1,C,0,NA,208,FALSE,FALSE,FALSE
IS-MT1-P54,IS,1,XP205-PR,1,C,0,NA,306,FALSE,FALSE,FALSE
BP-MT1-P66,BP,1,XP205-PR,1,C,0,NA,5,FALSE,FALSE,FALSE
EA-MT2-P35,EA,2,XP205-PR,1,C,0,NA,5,FALSE,FALSE,FALSE
BS-MT7-P34,BS,7,XP205-PR,1,C,0,NA,111,FALSE,FALSE,FALSE
BG-MT5-P59,BG,5,XP205-PR,2,A,0,NA,208,FALSE,FALSE,FALSE
PG-MT3-P38,PG,3,XP205-PR,2,A,0,NA,5,FALSE,FALSE,FALSE
PA-MT3-P33,PA,3,XP205-PR,2,A,0,NA,-9,FALSE,TRUE,FALSE
CP-MT2-P37,CP,2,XP205-PR,2,A,0,NA,306,FALSE,FALSE,FALSE
IS-MT3-P30,IS,3,XP205-PR,2,A,0,NA,-9,FALSE,TRUE,FALSE
EA-MT1-P3,EA,1,XP205-PR,2,A,0,NA,111,FALSE,FALSE,FALSE
BU-MT2-P38,BU,2,XP205-PR,2,A,1,2025-11-19,97,FALSE,FALSE,FALSE
BU-MT3-P41,BU,3,XP205-PR,2,A,0,NA,5,FALSE,FALSE,FALSE
OP-MT9-P15,OP,9,XP205-PR,2,A,0,NA,-9,FALSE,TRUE,FALSE
AE-MT5-P49,AE,5,XP205-PR,2,A,0,NA,5,FALSE,FALSE,FALSE
BP-MT2-P55,BP,2,XP205-PR,2,A,0,NA,5,FALSE,FALSE,FALSE
BS-MT6-P4,BS,6,XP205-PR,2,A,0,NA,208,FALSE,FALSE,FALSE
CH-MT4-P9,CH,4,XP205-PR,2,A,0,NA,208,FALSE,FALSE,FALSE
VB-MT4-P33,VB,4,XP205-PR,2,A,0,NA,5,FALSE,FALSE,FALSE
BP-MT3-P33,BP,3,XP205-PR,2,B,0,NA,5,FALSE,FALSE,FALSE
DC-MT2-P26,DC,2,XP205-PR,2,B,1,2025-11-19,97,FALSE,FALSE,FALSE
BS-MT7-P4,BS,7,XP205-PR,2,B,0,NA,208,FALSE,FALSE,FALSE
CH-MT3-P5,CH,3,XP205-PR,2,B,0,NA,208,FALSE,FALSE,FALSE
EA-MT2-P31,EA,2,XP205-PR,2,B,0,NA,5,FALSE,FALSE,FALSE
IS-MT3-P44,IS,3,XP205-PR,2,B,0,NA,111,FALSE,FALSE,FALSE
BU-MT2-P41,BU,2,XP205-PR,2,B,0,NA,208,FALSE,FALSE,FALSE
CP-MT2-P24,CP,2,XP205-PR,2,B,0,NA,306,FALSE,FALSE,FALSE
BG-MT4-P66,BG,4,XP205-PR,2,B,0,NA,208,FALSE,FALSE,FALSE
MC-MT2-P31,MC,2,XP205-PR,2,B,0,NA,208,FALSE,FALSE,FALSE
OP-MT2-P71,OP,2,XP205-PR,2,B,0,NA,-9,FALSE,TRUE,FALSE
PG-MT1-P23,PG,1,XP205-PR,2,B,0,NA,5,FALSE,FALSE,FALSE
VB-MT2-P64,VB,2,XP205-PR,2,B,0,NA,5,FALSE,FALSE,FALSE
AE-MT2-P49,AE,2,XP205-PR,2,B,0,NA,5,FALSE,FALSE,FALSE
MC-MT1-P66,MC,1,XP205-PR,2,C,0,NA,208,FALSE,FALSE,FALSE
DC-MT5-P47,DC,5,XP205-PR,2,C,1,2026-03-10,208,FALSE,FALSE,FALSE
CP-MT3-P16,CP,3,XP205-PR,2,C,0,NA,306,FALSE,FALSE,FALSE
PG-MT5-P15,PG,5,XP205-PR,2,C,0,NA,5,FALSE,FALSE,FALSE
BS-MT6-P35,BS,6,XP205-PR,2,C,0,NA,208,FALSE,FALSE,FALSE
VB-MT2-P71,VB,2,XP205-PR,2,C,0,NA,5,FALSE,FALSE,FALSE
IS-MT4-P21,IS,4,XP205-PR,2,C,0,NA,306,FALSE,FALSE,FALSE
AE-MT1-P62,AE,1,XP205-PR,2,C,0,NA,5,FALSE,FALSE,FALSE
CH-MT2-P27,CH,2,XP205-PR,2,C,0,NA,208,FALSE,FALSE,FALSE
OP-MT7-P24,OP,7,XP205-PR,2,C,0,NA,306,FALSE,FALSE,FALSE
BU-MT4-P37,BU,4,XP205-PR,2,C,0,NA,208,FALSE,FALSE,FALSE
EA-MT1-P12,EA,1,XP205-PR,2,C,0,NA,111,FALSE,FALSE,FALSE
PA-MT7-P25,PA,7,XP205-PR,2,C,0,NA,208,FALSE,FALSE,FALSE
BP-MT5-P11,BP,5,XP205-PR,2,C,0,NA,5,FALSE,FALSE,FALSE
BG-MT1-P81,BG,1,XP205-PR,2,C,0,NA,208,FALSE,FALSE,FALSE
DC-MT1-P63,DC,1,XP205-PR,3,A,0,NA,208,FALSE,FALSE,FALSE
VB-MT4-P57,VB,4,XP205-PR,3,A,0,NA,5,FALSE,FALSE,FALSE
CP-MT5-P36,CP,5,XP205-PR,3,A,0,NA,208,FALSE,FALSE,FALSE
BG-MT2-P29,BG,2,XP205-PR,3,A,1,2025-11-19,97,FALSE,FALSE,FALSE
BG-MT1-P93,BG,1,XP205-PR,3,A,0,NA,5,FALSE,FALSE,FALSE
BU-MT1-P63,BU,1,XP205-PR,3,A,0,NA,306,FALSE,FALSE,FALSE
BP-MT1-P44,BP,1,XP205-PR,3,A,0,NA,5,FALSE,FALSE,FALSE
EA-MT3-P13,EA,3,XP205-PR,3,A,0,NA,-9,FALSE,TRUE,FALSE
BS-MT6-P43,BS,6,XP205-PR,3,A,0,NA,111,FALSE,FALSE,FALSE
OP-MT6-P30,OP,6,XP205-PR,3,A,1,2025-08-14,98,FALSE,FALSE,FALSE
OP-MT9-P28,OP,9,XP205-PR,3,A,0,NA,111,FALSE,FALSE,FALSE
AE-MT3-P49,AE,3,XP205-PR,3,A,0,NA,5,FALSE,FALSE,FALSE
EA-MT1-P38,EA,1,XP205-PR,3,A,1,2026-03-10,111,FALSE,FALSE,FALSE
PG-MT2-P60,PG,2,XP205-PR,3,A,0,NA,5,FALSE,FALSE,FALSE
CH-MT3-P64,CH,3,XP205-PR,3,A,0,NA,208,FALSE,FALSE,FALSE
BP-MT4-P44,BP,4,XP205-PR,3,B,0,NA,5,FALSE,FALSE,FALSE
CH-MT1-P6,CH,1,XP205-PR,3,B,1,2025-08-14,98,FALSE,FALSE,FALSE
CH-MT3-P78,CH,3,XP205-PR,3,B,0,NA,5,FALSE,FALSE,FALSE
VB-MT1-P59,VB,1,XP205-PR,3,B,0,NA,208,FALSE,FALSE,FALSE
IS-MT2-P4,IS,2,XP205-PR,3,B,0,NA,111,FALSE,FALSE,FALSE
MC-MT3-P36,MC,3,XP205-PR,3,B,0,NA,208,FALSE,FALSE,FALSE
EA-MT4-P15,EA,4,XP205-PR,3,B,0,NA,306,FALSE,FALSE,FALSE
PA-MT7-P24,PA,7,XP205-PR,3,B,0,NA,208,FALSE,FALSE,FALSE
CP-MT3-P7,CP,3,XP205-PR,3,B,0,NA,306,FALSE,FALSE,FALSE
BG-MT1-P99,BG,1,XP205-PR,3,B,0,NA,208,FALSE,FALSE,FALSE
AE-MT4-P14,AE,4,XP205-PR,3,B,0,NA,5,FALSE,FALSE,FALSE
BS-MT1-P45,BS,1,XP205-PR,3,B,0,NA,111,FALSE,FALSE,FALSE
BU-MT4-P83,BU,4,XP205-PR,3,B,0,NA,208,FALSE,FALSE,FALSE
DC-MT1-P83,DC,1,XP205-PR,3,B,1,2025-11-19,97,FALSE,FALSE,FALSE
PG-MT3-P66,PG,3,XP205-PR,3,B,0,NA,5,FALSE,FALSE,FALSE
MC-MT1-P82,MC,1,XP205-PR,3,C,0,NA,208,FALSE,FALSE,FALSE
IS-MT4-P19,IS,4,XP205-PR,3,C,0,NA,306,FALSE,FALSE,FALSE
PG-MT1-P37,PG,1,XP205-PR,3,C,0,NA,5,FALSE,FALSE,FALSE
CP-MT1-P14,CP,1,XP205-PR,3,C,0,NA,208,FALSE,FALSE,FALSE
DC-MT4-P69,DC,4,XP205-PR,3,C,0,NA,208,FALSE,FALSE,FALSE
OP-MT7-P7,OP,7,XP205-PR,3,C,0,NA,306,FALSE,FALSE,FALSE
VB-MT5-P37,VB,5,XP205-PR,3,C,0,NA,5,FALSE,FALSE,FALSE
BG-MT3-P40,BG,3,XP205-PR,3,C,0,NA,208,FALSE,FALSE,FALSE
BS-MT6-P74,BS,6,XP205-PR,3,C,0,NA,111,FALSE,FALSE,FALSE
BU-MT1-P11,BU,1,XP205-PR,3,C,0,NA,306,FALSE,FALSE,FALSE
CH-MT4-P97,CH,4,XP205-PR,3,C,0,NA,208,FALSE,FALSE,FALSE
EA-MT1-P82,EA,1,XP205-PR,3,C,0,NA,5,FALSE,FALSE,FALSE
AE-MT4-P8,AE,4,XP205-PR,3,C,0,NA,5,FALSE,FALSE,FALSE
BP-MT3-P3,BP,3,XP205-PR,3,C,0,NA,5,FALSE,FALSE,FALSE
BG-MT4-P43,BG,4,XP205-PR,4,A,0,NA,208,FALSE,FALSE,FALSE
AE-MT1-P27,AE,1,XP205-PR,4,A,0,NA,5,FALSE,FALSE,FALSE
OP-MT9-P23,OP,9,XP205-PR,4,A,0,NA,-9,FALSE,TRUE,FALSE
IS-MT2-P37,IS,2,XP205-PR,4,A,0,NA,-9,FALSE,TRUE,FALSE
EA-MT3-P11,EA,3,XP205-PR,4,A,1,2025-11-19,195,FALSE,FALSE,FALSE
EA-MT5-P81,EA,5,XP205-PR,4,A,0,NA,5,FALSE,FALSE,FALSE
BP-MT4-P75,BP,4,XP205-PR,4,A,0,NA,5,FALSE,FALSE,FALSE
CH-MT5-P35,CH,5,XP205-PR,4,A,0,NA,208,FALSE,FALSE,FALSE
VB-MT2-P74,VB,2,XP205-PR,4,A,0,NA,5,FALSE,FALSE,FALSE
DC-MT3-P23,DC,3,XP205-PR,4,A,1,2025-11-19,97,FALSE,FALSE,FALSE
PG-MT3-P78,PG,3,XP205-PR,4,A,0,NA,5,FALSE,FALSE,FALSE
PA-MT3-P64,PA,3,XP205-PR,4,A,0,NA,-9,FALSE,TRUE,FALSE
MC-MT2-P74,MC,2,XP205-PR,4,A,1,2026-03-10,208,FALSE,FALSE,FALSE
BS-MT7-P35,BS,7,XP205-PR,4,A,0,NA,111,FALSE,FALSE,FALSE
BU-MT3-P2,BU,3,XP205-PR,4,A,0,NA,208,FALSE,FALSE,FALSE
BP-MT2-P38,BP,2,XP205-PR,4,B,0,NA,5,FALSE,FALSE,FALSE
VB-MT5-P40,VB,5,XP205-PR,4,B,0,NA,5,FALSE,FALSE,FALSE
IS-MT5-P28,IS,5,XP205-PR,4,B,1,2026-03-05,-14,FALSE,TRUE,FALSE
BG-MT1-87,BG,1,XP205-PR,4,B,0,NA,5,FALSE,FALSE,FALSE
BS-MT5-P17,BS,5,XP205-PR,4,B,0,NA,208,FALSE,FALSE,FALSE
CH-MT5-P49,CH,5,XP205-PR,4,B,0,NA,208,FALSE,FALSE,FALSE
CP-MT4-P28,CP,4,XP205-PR,4,B,1,2026-03-05,301,FALSE,FALSE,FALSE
DC-MT3-P78,DC,3,XP205-PR,4,B,1,2026-03-05,203,FALSE,FALSE,FALSE
MC-MT1-P46,MC,1,XP205-PR,4,B,0,NA,208,FALSE,FALSE,FALSE
OP-MT2-P49,OP,2,XP205-PR,4,B,1,2025-08-14,-217,FALSE,TRUE,FALSE
OP-MT7-P60,OP,7,XP205-PR,4,B,0,NA,111,FALSE,FALSE,FALSE
PA-MT6-P62,PA,6,XP205-PR,4,B,0,NA,306,FALSE,FALSE,FALSE
IS-MT5-P12,IS,5,XP205-PR,4,B,0,NA,-9,FALSE,TRUE,FALSE
PG-MT5-P74,PG,5,XP205-PR,4,B,0,NA,5,FALSE,FALSE,FALSE
BU-MT3-P59,BU,3,XP205-PR,4,B,0,NA,208,FALSE,FALSE,FALSE
EA-MT1-P45,EA,1,XP205-PR,4,B,0,NA,111,FALSE,FALSE,FALSE
AE-MT3-P23,AE,3,XP205-PR,4,B,0,NA,5,FALSE,FALSE,FALSE
PA-MT6-P23,PA,6,XP205-PR,4,C,0,NA,306,FALSE,FALSE,FALSE
EA-MT2-P7,EA,2,XP205-PR,4,C,0,NA,306,FALSE,FALSE,FALSE
BU-MT4-P80,BU,4,XP205-PR,4,C,1,2026-03-05,203,FALSE,FALSE,FALSE
BP-MT1-P47,BP,1,XP205-PR,4,C,0,NA,5,FALSE,FALSE,FALSE
AE-MT1-P38,AE,1,XP205-PR,4,C,0,NA,5,FALSE,FALSE,FALSE
BG-MT3-P4,BG,3,XP205-PR,4,C,1,2026-03-05,203,FALSE,FALSE,FALSE
VB-MT4-P7,VB,4,XP205-PR,4,C,0,NA,5,FALSE,FALSE,FALSE
BS-MT6-P86,BS,6,XP205-PR,4,C,0,NA,111,FALSE,FALSE,FALSE
CH-MT2-P33,CH,2,XP205-PR,4,C,0,NA,208,FALSE,FALSE,FALSE
OP-MT8-P34,OP,8,XP205-PR,4,C,1,2025-08-14,98,FALSE,FALSE,FALSE
OP-MT8-P57,OP,8,XP205-PR,4,C,0,NA,111,FALSE,FALSE,FALSE
IS-MT1-P32,IS,1,XP205-PR,4,C,0,NA,306,FALSE,FALSE,FALSE
CP-MT3-P63,CP,3,XP205-PR,4,C,0,NA,5,FALSE,FALSE,FALSE
PG-MT4-P35,PG,4,XP205-PR,4,C,0,NA,5,FALSE,FALSE,FALSE
DC-MT5-P70,DC,5,XP205-PR,4,C,1,2025-11-19,97,FALSE,FALSE,FALSE
MC-MT3-P64,MC,3,XP205-PR,4,C,1,2026-03-05,203,FALSE,FALSE,FALSE
CP-MT2-P18,CP,2,XP205-PR,5,A,0,NA,306,FALSE,FALSE,FALSE
IS-MT1-P59,IS,1,XP205-PR,5,A,0,NA,306,FALSE,FALSE,FALSE
OP-MT8-P50,OP,8,XP205-PR,5,A,0,NA,306,FALSE,FALSE,FALSE
BS-MT7-P73,BS,7,XP205-PR,5,A,0,NA,5,FALSE,FALSE,FALSE
CH-MT3-P49,CH,3,XP205-PR,5,A,0,NA,208,FALSE,FALSE,FALSE
BP-MT5-P32,BP,5,XP205-PR,5,A,0,NA,5,FALSE,FALSE,FALSE
AE-MT4-P7,AE,4,XP205-PR,5,A,0,NA,5,FALSE,FALSE,FALSE
BG-MT4-P40,BG,4,XP205-PR,5,A,0,NA,208,FALSE,FALSE,FALSE
DC-MT4-P50,DC,4,XP205-PR,5,A,1,2026-03-10,208,FALSE,FALSE,FALSE
PG-MT2-P3,PG,2,XP205-PR,5,A,0,NA,5,FALSE,FALSE,FALSE
VB-MT2-P38,VB,2,XP205-PR,5,A,0,NA,5,FALSE,FALSE,FALSE
IS-MT5-P3,IS,5,XP205-PR,5,B,0,NA,-9,FALSE,TRUE,FALSE
CP-MT4-P51,CP,4,XP205-PR,5,B,0,NA,306,FALSE,FALSE,FALSE
EA-MT3-P10,EA,3,XP205-PR,5,B,0,NA,5,FALSE,FALSE,FALSE
PG-MT2-P56,PG,2,XP205-PR,5,B,0,NA,5,FALSE,FALSE,FALSE
DC-MT1-P42,DC,1,XP205-PR,5,B,1,2025-11-19,97,FALSE,FALSE,FALSE
AE-MT5-P21,AE,5,XP205-PR,5,B,0,NA,5,FALSE,FALSE,FALSE
BP-MT5-P2,BP,5,XP205-PR,5,B,0,NA,5,FALSE,FALSE,FALSE
VB-MT3-P32,VB,3,XP205-PR,5,B,0,NA,5,FALSE,FALSE,FALSE
BG-MT5-P90,BG,5,XP205-PR,5,B,0,NA,208,FALSE,FALSE,FALSE
OP-MT9-P41,OP,9,XP205-PR,5,C,0,NA,-9,FALSE,TRUE,FALSE
CP-MT2-P63,CP,2,XP205-PR,5,C,1,2026-03-10,306,FALSE,FALSE,FALSE
PA-MT6-P57,PA,6,XP205-PR,5,C,1,2026-03-10,306,FALSE,FALSE,FALSE
BU-MT1-P21,BU,1,XP205-PR,5,C,0,NA,306,FALSE,FALSE,FALSE
DC-MT5-P73,DC,5,XP205-PR,5,C,1,2026-03-05,203,FALSE,FALSE,FALSE
VB-MT2-P22,VB,2,XP205-PR,5,C,0,NA,5,FALSE,FALSE,FALSE
BG-MT2-P98,BG,2,XP205-PR,5,C,0,NA,208,FALSE,FALSE,FALSE
BP-MT4-P5,BP,4,XP205-PR,5,C,0,NA,5,FALSE,FALSE,FALSE
IS-MT3-P95,IS,3,XP205-PR,5,C,0,NA,5,FALSE,FALSE,FALSE
PG-MT3-P23,PG,3,XP205-PR,5,C,0,NA,5,FALSE,FALSE,FALSE
CH-MT2-P42,CH,2,XP205-PR,5,C,1,2026-03-10,208,FALSE,FALSE,FALSE
EA-MT4-P63,EA,4,XP205-PR,5,C,0,NA,5,FALSE,FALSE,FALSE
AE-MT5-P43,AE,5,XP205-PR,5,C,0,NA,5,FALSE,FALSE,FALSE
IS-MT3-P23,IS,3,XP206-PR,1,A,1,2025-11-20,-119,FALSE,TRUE,FALSE
IS-MT2-P14,IS,2,XP206-PR,1,A,0,NA,18,FALSE,FALSE,FALSE
VB-MT1-P38,VB,1,XP206-PR,1,A,0,NA,222,FALSE,FALSE,FALSE
DC-MT5-P86,DC,5,XP206-PR,1,A,0,NA,18,FALSE,FALSE,FALSE
PG-MT1-P20,PG,1,XP206-PR,1,A,0,NA,18,FALSE,FALSE,FALSE
BU-MT1-P56,BU,1,XP206-PR,1,A,1,2026-03-06,303,FALSE,FALSE,FALSE
OP-MT9-P56,OP,9,XP206-PR,1,A,1,2026-03-06,-13,FALSE,TRUE,FALSE
AE-MT2-P75,AE,2,XP206-PR,1,A,1,2026-03-24,18,FALSE,FALSE,FALSE
MC-MT2-P66,MC,2,XP206-PR,1,A,0,NA,222,FALSE,FALSE,FALSE
CH-MT3-P47,CH,3,XP206-PR,1,A,0,NA,222,FALSE,FALSE,FALSE
CP-MT3-P14,CP,3,XP206-PR,1,A,0,NA,321,FALSE,FALSE,FALSE
BP-MT4-P24,BP,4,XP206-PR,1,A,1,2026-03-24,18,FALSE,FALSE,FALSE
BS-MT1-P78,BS,1,XP206-PR,1,A,0,NA,124,FALSE,FALSE,FALSE
EA-MT5-P44,EA,5,XP206-PR,1,A,0,NA,124,FALSE,FALSE,FALSE
BG-MT5-P56,BG,5,XP206-PR,1,A,0,NA,222,FALSE,FALSE,FALSE
BP-MT3-P65,BP,3,XP206-PR,1,B,1,2026-03-24,18,FALSE,FALSE,FALSE
PG-MT4-P73,PG,4,XP206-PR,1,B,1,2026-03-24,18,FALSE,FALSE,FALSE
BU-MT4-P41,BU,4,XP206-PR,1,B,1,2025-11-20,98,FALSE,FALSE,FALSE
BU-MT3-P79,BU,3,XP206-PR,1,B,1,2026-03-24,18,FALSE,FALSE,FALSE
BG-MT4-P62,BG,4,XP206-PR,1,B,0,NA,222,FALSE,FALSE,FALSE
AE-MT2-P28,AE,2,XP206-PR,1,B,0,NA,18,FALSE,FALSE,FALSE
CP-MT4-P27,CP,4,XP206-PR,1,B,1,2026-03-24,321,FALSE,FALSE,FALSE
IS-MT5-P35,IS,5,XP206-PR,1,B,0,NA,5,FALSE,FALSE,FALSE
BS-MT1-P59,BS,1,XP206-PR,1,B,0,NA,124,FALSE,FALSE,FALSE
CH-MT5-P78,CH,5,XP206-PR,1,B,0,NA,321,FALSE,FALSE,FALSE
OP-MT8-P10,OP,8,XP206-PR,1,B,0,NA,321,FALSE,FALSE,FALSE
MC-MT1-P57,MC,1,XP206-PR,1,B,0,NA,222,FALSE,FALSE,FALSE
DC-MT4-P61,DC,4,XP206-PR,1,B,1,2025-11-20,98,FALSE,FALSE,FALSE
VB-MT4-P61,VB,4,XP206-PR,1,B,0,NA,18,FALSE,FALSE,FALSE
EA-MT2-P64,EA,2,XP206-PR,1,B,0,NA,18,FALSE,FALSE,FALSE
AE-MT3-P30,AE,3,XP206-PR,1,C,0,NA,18,FALSE,FALSE,FALSE
PA-MT6-P14,PA,6,XP206-PR,1,C,0,NA,321,FALSE,FALSE,FALSE
DC-MT5-P26,DC,5,XP206-PR,1,C,1,2025-11-20,98,FALSE,FALSE,FALSE
EA-MT5-P32,EA,5,XP206-PR,1,C,0,NA,124,FALSE,FALSE,FALSE
CH-MT4-P62,CH,4,XP206-PR,1,C,0,NA,222,FALSE,FALSE,FALSE
CP-MT2-P15,CP,2,XP206-PR,1,C,0,NA,321,FALSE,FALSE,FALSE
IS-MT1-P12,IS,1,XP206-PR,1,C,0,NA,321,FALSE,FALSE,FALSE
VB-MT5-P34,VB,5,XP206-PR,1,C,0,NA,18,FALSE,FALSE,FALSE
PG-MT4-P71,PG,4,XP206-PR,1,C,1,2026-03-24,18,FALSE,FALSE,FALSE
BU-MT3-P55,BU,3,XP206-PR,1,C,0,NA,222,FALSE,FALSE,FALSE
BS-MT5-P53,BS,5,XP206-PR,1,C,0,NA,124,FALSE,FALSE,FALSE
MC-MT2-P36,MC,2,XP206-PR,1,C,0,NA,222,FALSE,FALSE,FALSE
BG-MT1-P46,BG,1,XP206-PR,1,C,0,NA,222,FALSE,FALSE,FALSE
BP-MT1-P40,BP,1,XP206-PR,1,C,1,2026-03-24,18,FALSE,FALSE,FALSE
VB-MT2-P39,VB,2,XP206-PR,2,A,0,NA,18,FALSE,FALSE,FALSE
CH-MT3-P44,CH,3,XP206-PR,2,A,0,NA,222,FALSE,FALSE,FALSE
BP-MT2-P71,BP,2,XP206-PR,2,A,1,2026-03-24,18,FALSE,FALSE,FALSE
BG-MT5-P18,BG,5,XP206-PR,2,A,0,NA,222,FALSE,FALSE,FALSE
EA-MT4-P22,EA,4,XP206-PR,2,A,0,NA,321,FALSE,FALSE,FALSE
AE-MT2-P64,AE,2,XP206-PR,2,A,1,2026-03-24,18,FALSE,FALSE,FALSE
PA-MT3-P68,PA,3,XP206-PR,2,A,0,NA,5,FALSE,FALSE,FALSE
PG-MT4-P2,PG,4,XP206-PR,2,A,1,2026-03-24,18,FALSE,FALSE,FALSE
IS-MT3-P48,IS,3,XP206-PR,2,A,0,NA,5,FALSE,FALSE,FALSE
BS-MT5-P32,BS,5,XP206-PR,2,A,1,2026-03-06,204,FALSE,FALSE,FALSE
CP-MT5-P45,CP,5,XP206-PR,2,A,1,2026-03-06,204,FALSE,FALSE,FALSE
BU-MT3-P48,BU,3,XP206-PR,2,A,1,2026-03-06,204,FALSE,FALSE,FALSE
IS-MT2-P91,IS,2,XP206-PR,2,B,0,NA,5,FALSE,FALSE,FALSE
DC-MT4-P44,DC,4,XP206-PR,2,B,1,2026-03-06,204,FALSE,FALSE,FALSE
CP-MT1-P6,CP,1,XP206-PR,2,B,0,NA,222,FALSE,FALSE,FALSE
PA-MT7-P21,PA,7,XP206-PR,2,B,0,NA,222,FALSE,FALSE,FALSE
BS-MT7-P5,BS,7,XP206-PR,2,B,1,2026-03-06,204,FALSE,FALSE,FALSE
PG-MT5-P6,PG,5,XP206-PR,2,B,0,NA,18,FALSE,FALSE,FALSE
CH-MT5-P18,CH,5,XP206-PR,2,B,0,NA,222,FALSE,FALSE,FALSE
EA-MT2-P24,EA,2,XP206-PR,2,B,0,NA,321,FALSE,FALSE,FALSE
BU-MT3-P60,BU,3,XP206-PR,2,B,0,NA,222,FALSE,FALSE,FALSE
OP-MT7-P33,OP,7,XP206-PR,2,B,0,NA,321,FALSE,FALSE,FALSE
BG-MT3-P81,BG,3,XP206-PR,2,B,0,NA,222,FALSE,FALSE,FALSE
VB-MT3-P5,VB,3,XP206-PR,2,B,0,NA,18,FALSE,FALSE,FALSE
AE-MT5-P4,AE,5,XP206-PR,2,B,0,NA,18,FALSE,FALSE,FALSE
BP-MT5-P21,BP,5,XP206-PR,2,B,1,2026-03-24,18,FALSE,FALSE,FALSE
IS-MT4-P49,IS,4,XP206-PR,2,C,1,2026-03-06,303,FALSE,FALSE,FALSE
OP-MT6-P36,OP,6,XP206-PR,2,C,0,NA,321,FALSE,FALSE,FALSE
CH-MT4-P15,CH,4,XP206-PR,2,C,0,NA,222,FALSE,FALSE,FALSE
EA-MT5-P74,EA,5,XP206-PR,2,C,0,NA,124,FALSE,FALSE,FALSE
BP-MT1-P25,BP,1,XP206-PR,2,C,0,NA,18,FALSE,FALSE,FALSE
VB-MT2-P54,VB,2,XP206-PR,2,C,0,NA,18,FALSE,FALSE,FALSE
PA-MT6-P59,PA,6,XP206-PR,2,C,1,2026-03-06,106,FALSE,FALSE,FALSE
BG-MT3-P27,BG,3,XP206-PR,2,C,1,2026-03-06,204,FALSE,FALSE,FALSE
MC-MT1-P74,MC,1,XP206-PR,2,C,0,NA,222,FALSE,FALSE,FALSE
BU-MT4-P77,BU,4,XP206-PR,2,C,0,NA,222,FALSE,FALSE,FALSE
AE-MT4-P64,AE,4,XP206-PR,2,C,0,NA,18,FALSE,FALSE,FALSE
DC-MT2-P15,DC,2,XP206-PR,2,C,0,NA,18,FALSE,FALSE,FALSE
BS-MT6-P25,BS,6,XP206-PR,2,C,0,NA,222,FALSE,FALSE,FALSE
PG-MT1-P19,PG,1,XP206-PR,2,C,1,2026-03-24,18,FALSE,FALSE,FALSE
IS-MT1-P11,IS,1,XP206-PR,3,A,0,NA,321,FALSE,FALSE,FALSE
DC-MT3-P43,DC,3,XP206-PR,3,A,1,2026-03-24,222,FALSE,FALSE,FALSE
PG-MT2-P36,PG,2,XP206-PR,3,A,1,2026-03-24,18,FALSE,FALSE,FALSE
VB-MT5-P65,VB,5,XP206-PR,3,A,0,NA,18,FALSE,FALSE,FALSE
CH-MT5-P77,CH,5,XP206-PR,3,A,0,NA,222,FALSE,FALSE,FALSE
BP-MT3-P40,BP,3,XP206-PR,3,A,0,NA,18,FALSE,FALSE,FALSE
OP-MT2-P25,OP,2,XP206-PR,3,A,0,NA,5,FALSE,FALSE,FALSE
AE-MT2-P33,AE,2,XP206-PR,3,A,0,NA,18,FALSE,FALSE,FALSE
BS-MT1-P34,BS,1,XP206-PR,3,A,0,NA,124,FALSE,FALSE,FALSE
BG-MT4-P20,BG,4,XP206-PR,3,A,0,NA,222,FALSE,FALSE,FALSE
MC-MT3-P55,MC,3,XP206-PR,3,A,0,NA,222,FALSE,FALSE,FALSE
BU-MT2-P25,BU,2,XP206-PR,3,A,1,2025-11-20,98,FALSE,FALSE,FALSE
BU-MT2-P57,BU,2,XP206-PR,3,A,0,NA,18,FALSE,FALSE,FALSE
EA-MT4-P70,EA,4,XP206-PR,3,A,0,NA,18,FALSE,FALSE,FALSE
VB-MT5-P4,VB,5,XP206-PR,3,B,0,NA,18,FALSE,FALSE,FALSE
MC-MT1-P41,MC,1,XP206-PR,3,B,0,NA,222,FALSE,FALSE,FALSE
EA-MT1-P36,EA,1,XP206-PR,3,B,0,NA,124,FALSE,FALSE,FALSE
PG-MT1-P5,PG,1,XP206-PR,3,B,0,NA,18,FALSE,FALSE,FALSE
CP-MT3-P17,CP,3,XP206-PR,3,B,0,NA,321,FALSE,FALSE,FALSE
DC-MT1-P10,DC,1,XP206-PR,3,B,0,NA,222,FALSE,FALSE,FALSE
CH-MT1-P5,CH,1,XP206-PR,3,B,0,NA,321,FALSE,FALSE,FALSE
PA-MT7-P29,PA,7,XP206-PR,3,B,0,NA,222,FALSE,FALSE,FALSE
OP-MT7-P43,OP,7,XP206-PR,3,B,0,NA,321,FALSE,FALSE,FALSE
IS-MT4-P6,IS,4,XP206-PR,3,B,0,NA,321,FALSE,FALSE,FALSE
BU-MT5-P42,BU,5,XP206-PR,3,B,1,2025-11-20,98,FALSE,FALSE,FALSE
BU-MT4-P30,BU,4,XP206-PR,3,B,0,NA,18,FALSE,FALSE,FALSE
BG-MT3-P54,BG,3,XP206-PR,3,B,0,NA,222,FALSE,FALSE,FALSE
BS-MT7-P46,BS,7,XP206-PR,3,B,0,NA,124,FALSE,FALSE,FALSE
AE-MT5-P8,AE,5,XP206-PR,3,B,0,NA,18,FALSE,FALSE,FALSE
BP-MT4-P36,BP,4,XP206-PR,3,B,1,2026-03-24,18,FALSE,FALSE,FALSE
PG-MT5-P39,PG,5,XP206-PR,3,C,1,2026-03-24,18,FALSE,FALSE,FALSE
EA-MT1-P66,EA,1,XP206-PR,3,C,0,NA,124,FALSE,FALSE,FALSE
BP-MT4-P2,BP,4,XP206-PR,3,C,1,2026-03-24,18,FALSE,FALSE,FALSE
IS-MT5-P56,IS,5,XP206-PR,3,C,0,NA,124,FALSE,FALSE,FALSE
MC-MT3-P69,MC,3,XP206-PR,3,C,0,NA,222,FALSE,FALSE,FALSE
OP-MT6-P51,OP,6,XP206-PR,3,C,0,NA,321,FALSE,FALSE,FALSE
VB-MT5-P15,VB,5,XP206-PR,3,C,0,NA,18,FALSE,FALSE,FALSE
BU-MT5-P28,BU,5,XP206-PR,3,C,1,2026-03-06,204,FALSE,FALSE,FALSE
DC-MT2-P24,DC,2,XP206-PR,3,C,1,2025-11-20,98,FALSE,FALSE,FALSE
CP-MT2-P60,CP,2,XP206-PR,3,C,0,NA,321,FALSE,FALSE,FALSE
BG-MT1-P26,BG,1,XP206-PR,3,C,1,2025-11-20,98,FALSE,FALSE,FALSE
BG-MT1-P8,BG,1,XP206-PR,3,C,0,NA,18,FALSE,FALSE,FALSE
AE-MT3-P57,AE,3,XP206-PR,3,C,1,2026-03-24,18,FALSE,FALSE,FALSE
CH-MT5-P39,CH,5,XP206-PR,3,C,0,NA,222,FALSE,FALSE,FALSE
BS-MT7-P40,BS,7,XP206-PR,3,C,1,2026-03-06,106,FALSE,FALSE,FALSE
DC-MT3-P39,DC,3,XP206-PR,4,A,1,2025-11-20,98,FALSE,FALSE,FALSE
EA-MT1-P46,EA,1,XP206-PR,4,A,0,NA,124,FALSE,FALSE,FALSE
PA-MT3-P3,PA,3,XP206-PR,4,A,0,NA,5,FALSE,FALSE,FALSE
CH-MT4-P37,CH,4,XP206-PR,4,A,0,NA,18,FALSE,FALSE,FALSE
BG-MT2-P25,BG,2,XP206-PR,4,A,0,NA,222,FALSE,FALSE,FALSE
AE-MT4-P68,AE,4,XP206-PR,4,A,0,NA,18,FALSE,FALSE,FALSE
OP-MT9-P52,OP,9,XP206-PR,4,A,0,NA,5,FALSE,FALSE,FALSE
BU-MT1-P4,BU,1,XP206-PR,4,A,0,NA,321,FALSE,FALSE,FALSE
CP-MT1-P33,CP,1,XP206-PR,4,A,0,NA,222,FALSE,FALSE,FALSE
IS-MT2-P86,IS,2,XP206-PR,4,A,0,NA,5,FALSE,FALSE,FALSE
PG-MT2-P5,PG,2,XP206-PR,4,A,0,NA,18,FALSE,FALSE,FALSE
VB-MT1-P21,VB,1,XP206-PR,4,A,0,NA,222,FALSE,FALSE,FALSE
BS-MT1-P5,BS,1,XP206-PR,4,A,1,2025-11-20,98,FALSE,FALSE,FALSE
BS-MT1-P89,BS,1,XP206-PR,4,A,0,NA,18,FALSE,FALSE,FALSE
BP-MT1-P77,BP,1,XP206-PR,4,A,0,NA,18,FALSE,FALSE,FALSE
VB-MT3-P15,VB,3,XP206-PR,4,B,0,NA,18,FALSE,FALSE,FALSE
DC-MT1-P59,DC,1,XP206-PR,4,B,1,2025-11-20,98,FALSE,FALSE,FALSE
IS-MT5-P45,IS,5,XP206-PR,4,B,0,NA,5,FALSE,FALSE,FALSE
EA-MT3-P25,EA,3,XP206-PR,4,B,0,NA,321,FALSE,FALSE,FALSE
OP-MT2-P37,OP,2,XP206-PR,4,B,0,NA,5,FALSE,FALSE,FALSE
CH-MT2-P74,CH,2,XP206-PR,4,B,0,NA,222,FALSE,FALSE,FALSE
BG-MT2-P43,BG,2,XP206-PR,4,B,1,2025-11-20,98,FALSE,FALSE,FALSE
BG-MT1-P9,BG,1,XP206-PR,4,B,0,NA,18,FALSE,FALSE,FALSE
AE-MT1-P28,AE,1,XP206-PR,4,B,0,NA,18,FALSE,FALSE,FALSE
PG-MT1-P32,PG,1,XP206-PR,4,B,0,NA,18,FALSE,FALSE,FALSE
BS-MT7-P58,BS,7,XP206-PR,4,B,0,NA,124,FALSE,FALSE,FALSE
CP-MT5-P23,CP,5,XP206-PR,4,B,0,NA,222,FALSE,FALSE,FALSE
BP-MT2-P49,BP,2,XP206-PR,4,B,0,NA,18,FALSE,FALSE,FALSE
BU-MT4-P2,BU,4,XP206-PR,4,B,1,2025-11-20,98,FALSE,FALSE,FALSE
BU-MT3-P80,BU,3,XP206-PR,4,B,0,NA,18,FALSE,FALSE,FALSE
PA-MT7-P59,PA,7,XP206-PR,4,B,0,NA,18,FALSE,FALSE,FALSE
BS-MT6-P17,BS,6,XP206-PR,4,C,0,NA,222,FALSE,FALSE,FALSE
OP-MT8-P13,OP,8,XP206-PR,4,C,0,NA,321,FALSE,FALSE,FALSE
DC-MT5-P41,DC,5,XP206-PR,4,C,0,NA,222,FALSE,FALSE,FALSE
AE-MT3-P66,AE,3,XP206-PR,4,C,0,NA,18,FALSE,FALSE,FALSE
CP-MT4-P39,CP,4,XP206-PR,4,C,0,NA,321,FALSE,FALSE,FALSE
BU-MT2-P39,BU,2,XP206-PR,4,C,0,NA,222,FALSE,FALSE,FALSE
CH-MT2-P4,CH,2,XP206-PR,4,C,0,NA,222,FALSE,FALSE,FALSE
PA-MT6-P33,PA,6,XP206-PR,4,C,0,NA,321,FALSE,FALSE,FALSE
VB-MT4-P4,VB,4,XP206-PR,4,C,0,NA,18,FALSE,FALSE,FALSE
IS-MT5-P50,IS,5,XP206-PR,4,C,0,NA,124,FALSE,FALSE,FALSE
EA-MT3-P55,EA,3,XP206-PR,4,C,0,NA,18,FALSE,FALSE,FALSE
BG-MT1-P15,BG,1,XP206-PR,4,C,0,NA,222,FALSE,FALSE,FALSE
PG-MT2-P40,PG,2,XP206-PR,4,C,0,NA,18,FALSE,FALSE,FALSE
BP-MT2-P2,BP,2,XP206-PR,4,C,1,2026-03-24,18,FALSE,FALSE,FALSE
CP-MT2-P21,CP,2,XP206-PR,5,A,1,2026-03-24,321,FALSE,FALSE,FALSE
BU-MT1-P66,BU,1,XP206-PR,5,A,1,2026-03-24,321,FALSE,FALSE,FALSE
PG-MT3-P19,PG,3,XP206-PR,5,A,0,NA,18,FALSE,FALSE,FALSE
DC-MT4-P64,DC,4,XP206-PR,5,A,1,2026-03-24,222,FALSE,FALSE,FALSE
IS-MT3-P96,IS,3,XP206-PR,5,A,0,NA,18,FALSE,FALSE,FALSE
AE-MT1-P12,AE,1,XP206-PR,5,A,0,NA,18,FALSE,FALSE,FALSE
BG-MT2-P33,BG,2,XP206-PR,5,A,1,2026-03-24,222,FALSE,FALSE,FALSE
CP-MT2-P30,CP,2,XP206-PR,5,B,0,NA,321,FALSE,FALSE,FALSE
DC-MT1-P5,DC,1,XP206-PR,5,B,1,2026-03-24,222,FALSE,FALSE,FALSE
CH-MT5-P66,CH,5,XP206-PR,5,B,0,NA,222,FALSE,FALSE,FALSE
BG-MT5-P93,BG,5,XP206-PR,5,B,1,2026-03-24,222,FALSE,FALSE,FALSE
IS-MT3-P107,IS,3,XP206-PR,5,B,0,NA,18,FALSE,FALSE,FALSE
PG-MT4-P7,PG,4,XP206-PR,5,B,0,NA,18,FALSE,FALSE,FALSE
AE-MT1-P50,AE,1,XP206-PR,5,B,0,NA,18,FALSE,FALSE,FALSE
IS-MT2-P52,IS,2,XP206-PR,5,C,1,2026-03-24,5,FALSE,FALSE,FALSE
OP-MT2-P38,OP,2,XP206-PR,5,C,0,NA,5,FALSE,FALSE,FALSE
CP-MT4-P8,CP,4,XP206-PR,5,C,0,NA,321,FALSE,FALSE,FALSE
PA-MT6-P34,PA,6,XP206-PR,5,C,1,2026-03-24,321,FALSE,FALSE,FALSE
BG-MT4-P25,BG,4,XP206-PR,5,C,0,NA,222,FALSE,FALSE,FALSE
AE-MT2-P29,AE,2,XP206-PR,5,C,0,NA,18,FALSE,FALSE,FALSE
DC-MT5-P42,DC,5,XP206-PR,5,C,1,2026-03-24,222,FALSE,FALSE,FALSE
PG-MT4-P12,PG,4,XP206-PR,5,C,1,2026-03-24,18,FALSE,FALSE,FALSE
CH-MT3-P19,CH,3,XP206-PR,5,C,0,NA,222,FALSE,FALSE,FALSE
PG-MT3-P15,PG,3,XP207-PR,1,A,0,NA,14,FALSE,FALSE,FALSE
OP-MT9-P77,OP,9,XP207-PR,1,A,0,NA,381,FALSE,FALSE,FALSE
IS-MT5-P27,IS,5,XP207-PR,1,A,0,NA,381,FALSE,FALSE,FALSE
BG-MT2-P69,BG,2,XP207-PR,1,A,0,NA,238,FALSE,FALSE,FALSE
EA-MT3-P19,EA,3,XP207-PR,1,A,0,NA,330,FALSE,FALSE,FALSE
AE-MT4-P33,AE,4,XP207-PR,1,A,0,NA,14,FALSE,FALSE,FALSE
VB-MT1-P49,VB,1,XP207-PR,1,A,0,NA,238,FALSE,FALSE,FALSE
BP-MT5-P42,BP,5,XP207-PR,1,A,1,2026-04-02,14,FALSE,FALSE,FALSE
CH-MT2-P3,CH,2,XP207-PR,1,A,1,2025-11-11,96,FALSE,FALSE,FALSE
CH-MT4-P38,CH,4,XP207-PR,1,A,0,NA,14,FALSE,FALSE,FALSE
DC-MT3-P11,DC,3,XP207-PR,1,A,0,NA,238,FALSE,FALSE,FALSE
BS-MT1-P48,BS,1,XP207-PR,1,A,0,NA,142,FALSE,FALSE,FALSE
CP-MT5-P46,CP,5,XP207-PR,1,A,0,NA,238,FALSE,FALSE,FALSE
BU-MT5-P9,BU,5,XP207-PR,1,A,1,2026-04-02,238,FALSE,FALSE,FALSE
VB-MT5-P44,VB,5,XP207-PR,1,B,0,NA,14,FALSE,FALSE,FALSE
OP-MT7-P52,OP,7,XP207-PR,1,B,0,NA,330,FALSE,FALSE,FALSE
BU-MT4-P51,BU,4,XP207-PR,1,B,0,NA,238,FALSE,FALSE,FALSE
BS-MT5-P36,BS,5,XP207-PR,1,B,0,NA,238,FALSE,FALSE,FALSE
CP-MT4-P25,CP,4,XP207-PR,1,B,1,2026-04-02,330,FALSE,FALSE,FALSE
PG-MT5-P30,PG,5,XP207-PR,1,B,0,NA,14,FALSE,FALSE,FALSE
CH-MT4-P49,CH,4,XP207-PR,1,B,0,NA,238,FALSE,FALSE,FALSE
IS-MT4-P60,IS,4,XP207-PR,1,B,0,NA,330,FALSE,FALSE,FALSE
EA-MT3-P26,EA,3,XP207-PR,1,B,0,NA,14,FALSE,FALSE,FALSE
BG-MT1-P22,BG,1,XP207-PR,1,B,0,NA,238,FALSE,FALSE,FALSE
DC-MT5-P78,DC,5,XP207-PR,1,B,0,NA,14,FALSE,FALSE,FALSE
AE-MT5-P5,AE,5,XP207-PR,1,B,0,NA,14,FALSE,FALSE,FALSE
BP-MT2-P66,BP,2,XP207-PR,1,B,0,NA,14,FALSE,FALSE,FALSE
MC-MT2-P34,MC,2,XP207-PR,1,B,1,2025-11-11,96,FALSE,FALSE,FALSE
MC-MT1-P80,MC,1,XP207-PR,1,B,0,NA,14,FALSE,FALSE,FALSE
AE-MT3-P31,AE,3,XP207-PR,1,C,0,NA,14,FALSE,FALSE,FALSE
OP-MT7-P17,OP,7,XP207-PR,1,C,0,NA,330,FALSE,FALSE,FALSE
BU-MT5-P57,BU,5,XP207-PR,1,C,0,NA,238,FALSE,FALSE,FALSE
CP-MT2-P3,CP,2,XP207-PR,1,C,0,NA,330,FALSE,FALSE,FALSE
IS-MT1-P3,IS,1,XP207-PR,1,C,1,2026-04-02,330,FALSE,FALSE,FALSE
PA-MT3-P72,PA,3,XP207-PR,1,C,0,NA,14,FALSE,FALSE,FALSE
BP-MT4-P7,BP,4,XP207-PR,1,C,0,NA,14,FALSE,FALSE,FALSE
PG-MT3-P43,PG,3,XP207-PR,1,C,0,NA,14,FALSE,FALSE,FALSE
BS-MT7-P29,BS,7,XP207-PR,1,C,0,NA,142,FALSE,FALSE,FALSE
DC-MT3-P17,DC,3,XP207-PR,1,C,0,NA,238,FALSE,FALSE,FALSE
CH-MT3-P56,CH,3,XP207-PR,1,C,1,2025-11-11,96,FALSE,FALSE,FALSE
CH-MT5-P1,CH,5,XP207-PR,1,C,0,NA,14,FALSE,FALSE,FALSE
EA-MT1-P29,EA,1,XP207-PR,1,C,0,NA,142,FALSE,FALSE,FALSE
BG-MT1-P72,BG,1,XP207-PR,1,C,0,NA,238,FALSE,FALSE,FALSE
VB-MT1-P40,VB,1,XP207-PR,1,C,0,NA,238,FALSE,FALSE,FALSE
CH-MT2-P32,CH,2,XP207-PR,2,A,0,NA,238,FALSE,FALSE,FALSE
OP-MT2-P4,OP,2,XP207-PR,2,A,1,2026-04-02,381,FALSE,FALSE,FALSE
AE-MT4-P56,AE,4,XP207-PR,2,A,0,NA,14,FALSE,FALSE,FALSE
IS-MT3-P85,IS,3,XP207-PR,2,A,0,NA,381,FALSE,FALSE,FALSE
CP-MT2-P44,CP,2,XP207-PR,2,A,1,2025-11-11,188,FALSE,FALSE,FALSE
CP-MT1-P64,CP,1,XP207-PR,2,A,0,NA,14,FALSE,FALSE,FALSE
EA-MT5-P25,EA,5,XP207-PR,2,A,0,NA,142,FALSE,FALSE,FALSE
BU-MT4-P34,BU,4,XP207-PR,2,A,0,NA,238,FALSE,FALSE,FALSE
PG-MT4-P27,PG,4,XP207-PR,2,A,0,NA,14,FALSE,FALSE,FALSE
MC-MT1-P33,MC,1,XP207-PR,2,A,0,NA,238,FALSE,FALSE,FALSE
VB-MT4-P28,VB,4,XP207-PR,2,A,0,NA,14,FALSE,FALSE,FALSE
BP-MT2-P34,BP,2,XP207-PR,2,A,0,NA,14,FALSE,FALSE,FALSE
BG-MT5-P76,BG,5,XP207-PR,2,A,0,NA,238,FALSE,FALSE,FALSE
BS-MT1-P39,BS,1,XP207-PR,2,A,0,NA,142,FALSE,FALSE,FALSE
DC-MT1-P67,DC,1,XP207-PR,2,A,1,2025-11-11,96,FALSE,FALSE,FALSE
PA-MT6-P12,PA,6,XP207-PR,2,B,0,NA,330,FALSE,FALSE,FALSE
PG-MT5-P63,PG,5,XP207-PR,2,B,0,NA,14,FALSE,FALSE,FALSE
BG-MT4-P21,BG,4,XP207-PR,2,B,0,NA,238,FALSE,FALSE,FALSE
AE-MT2-P35,AE,2,XP207-PR,2,B,0,NA,14,FALSE,FALSE,FALSE
IS-MT2-P73,IS,2,XP207-PR,2,B,1,2026-04-02,381,FALSE,FALSE,FALSE
IS-MT2-P18,IS,2,XP207-PR,2,B,1,2026-04-02,142,FALSE,FALSE,FALSE
OP-MT6-P15,OP,6,XP207-PR,2,B,0,NA,330,FALSE,FALSE,FALSE
DC-MT1-P13,DC,1,XP207-PR,2,B,1,2025-11-11,96,FALSE,FALSE,FALSE
EA-MT1-P4,EA,1,XP207-PR,2,B,0,NA,142,FALSE,FALSE,FALSE
CH-MT4-P98,CH,4,XP207-PR,2,B,0,NA,238,FALSE,FALSE,FALSE
BU-MT3-P67,BU,3,XP207-PR,2,B,0,NA,238,FALSE,FALSE,FALSE
BP-MT4-P88,BP,4,XP207-PR,2,B,0,NA,14,FALSE,FALSE,FALSE
BS-MT6-P27,BS,6,XP207-PR,2,B,0,NA,238,FALSE,FALSE,FALSE
VB-MT2-P73,VB,2,XP207-PR,2,B,0,NA,14,FALSE,FALSE,FALSE
EA-MT1-P94,EA,1,XP207-PR,2,C,0,NA,14,FALSE,FALSE,FALSE
AE-MT3-P16,AE,3,XP207-PR,2,C,0,NA,14,FALSE,FALSE,FALSE
CP-MT3-P29,CP,3,XP207-PR,2,C,0,NA,330,FALSE,FALSE,FALSE
BS-MT5-P49,BS,5,XP207-PR,2,C,0,NA,142,FALSE,FALSE,FALSE
PA-MT7-P34,PA,7,XP207-PR,2,C,0,NA,238,FALSE,FALSE,FALSE
BP-MT3-P66,BP,3,XP207-PR,2,C,0,NA,14,FALSE,FALSE,FALSE
IS-MT4-P44,IS,4,XP207-PR,2,C,0,NA,330,FALSE,FALSE,FALSE
BU-MT1-P23,BU,1,XP207-PR,2,C,0,NA,330,FALSE,FALSE,FALSE
MC-MT3-P34,MC,3,XP207-PR,2,C,0,NA,238,FALSE,FALSE,FALSE
CH-MT5-P58,CH,5,XP207-PR,2,C,0,NA,238,FALSE,FALSE,FALSE
DC-MT4-P27,DC,4,XP207-PR,2,C,1,2026-04-02,238,FALSE,FALSE,FALSE
BG-MT1-P31,BG,1,XP207-PR,2,C,1,2025-11-11,96,FALSE,FALSE,FALSE
BG-MT1-P80,BG,1,XP207-PR,2,C,0,NA,14,FALSE,FALSE,FALSE
VB-MT5-P10,VB,5,XP207-PR,2,C,0,NA,14,FALSE,FALSE,FALSE
PG-MT1-P16,PG,1,XP207-PR,2,C,0,NA,14,FALSE,FALSE,FALSE
EA-MT4-P59,EA,4,XP207-PR,3,A,0,NA,14,FALSE,FALSE,FALSE
AE-MT3-P59,AE,3,XP207-PR,3,A,0,NA,14,FALSE,FALSE,FALSE
BU-MT3-P42,BU,3,XP207-PR,3,A,0,NA,238,FALSE,FALSE,FALSE
CH-MT1-P46,CH,1,XP207-PR,3,A,1,2025-08-07,92,FALSE,FALSE,FALSE
CH-MT3-P30,CH,3,XP207-PR,3,A,0,NA,14,FALSE,FALSE,FALSE
CP-MT1-P34,CP,1,XP207-PR,3,A,0,NA,238,FALSE,FALSE,FALSE
BS-MT7-P15,BS,7,XP207-PR,3,A,1,2025-11-11,96,FALSE,FALSE,FALSE
BS-MT1-P90,BS,1,XP207-PR,3,A,0,NA,14,FALSE,FALSE,FALSE
IS-MT2-P92,IS,2,XP207-PR,3,A,1,2026-03-20,368,FALSE,FALSE,FALSE
VB-MT5-P8,VB,5,XP207-PR,3,A,0,NA,14,FALSE,FALSE,FALSE
PA-MT3-P63,PA,3,XP207-PR,3,A,0,NA,381,FALSE,FALSE,FALSE
DC-MT4-P21,DC,4,XP207-PR,3,A,0,NA,238,FALSE,FALSE,FALSE
PG-MT2-P14,PG,2,XP207-PR,3,A,0,NA,14,FALSE,FALSE,FALSE
BP-MT2-P74,BP,2,XP207-PR,3,A,0,NA,14,FALSE,FALSE,FALSE
BG-MT5-P41,BG,5,XP207-PR,3,A,0,NA,238,FALSE,FALSE,FALSE
MC-MT1-P73,MC,1,XP207-PR,3,A,1,2025-11-11,96,FALSE,FALSE,FALSE
MC-MT1-P83,MC,1,XP207-PR,3,A,0,NA,14,FALSE,FALSE,FALSE
AE-MT2-P74,AE,2,XP207-PR,3,B,0,NA,14,FALSE,FALSE,FALSE
IS-MT5-P82,IS,5,XP207-PR,3,B,0,NA,381,FALSE,FALSE,FALSE
VB-MT2-P6,VB,2,XP207-PR,3,B,0,NA,14,FALSE,FALSE,FALSE
CP-MT1-P10,CP,1,XP207-PR,3,B,0,NA,238,FALSE,FALSE,FALSE
BU-MT2-P11,BU,2,XP207-PR,3,B,0,NA,238,FALSE,FALSE,FALSE
OP-MT6-P22,OP,6,XP207-PR,3,B,0,NA,330,FALSE,FALSE,FALSE
BG-MT3-P5,BG,3,XP207-PR,3,B,1,2026-03-20,225,FALSE,FALSE,FALSE
EA-MT1-P24,EA,1,XP207-PR,3,B,0,NA,142,FALSE,FALSE,FALSE
BS-MT7-P63,BS,7,XP207-PR,3,B,0,NA,14,FALSE,FALSE,FALSE
BP-MT4-P89,BP,4,XP207-PR,3,B,0,NA,14,FALSE,FALSE,FALSE
PG-MT5-P25,PG,5,XP207-PR,3,B,0,NA,14,FALSE,FALSE,FALSE
CH-MT4-P50,CH,4,XP207-PR,3,B,0,NA,238,FALSE,FALSE,FALSE
BP-MT1-P23,BP,1,XP207-PR,3,C,0,NA,14,FALSE,FALSE,FALSE
VB-MT2-P3,VB,2,XP207-PR,3,C,0,NA,14,FALSE,FALSE,FALSE
EA-MT2-P15,EA,2,XP207-PR,3,C,0,NA,330,FALSE,FALSE,FALSE
BU-MT1-P33,BU,1,XP207-PR,3,C,0,NA,142,FALSE,FALSE,FALSE
PG-MT4-P58,PG,4,XP207-PR,3,C,0,NA,14,FALSE,FALSE,FALSE
MC-MT2-P13,MC,2,XP207-PR,3,C,0,NA,238,FALSE,FALSE,FALSE
IS-MT1-P45,IS,1,XP207-PR,3,C,0,NA,330,FALSE,FALSE,FALSE
CP-MT2-P26,CP,2,XP207-PR,3,C,0,NA,14,FALSE,FALSE,FALSE
BG-MT3-P22,BG,3,XP207-PR,3,C,0,NA,238,FALSE,FALSE,FALSE
OP-MT8-P15,OP,8,XP207-PR,3,C,1,2025-08-07,92,FALSE,FALSE,FALSE
OP-MT2-P66,OP,2,XP207-PR,3,C,0,NA,142,FALSE,FALSE,FALSE
BS-MT1-P14,BS,1,XP207-PR,3,C,1,2025-11-11,96,FALSE,FALSE,FALSE
BS-MT1-P70,BS,1,XP207-PR,3,C,0,NA,14,FALSE,FALSE,FALSE
CH-MT1-P9,CH,1,XP207-PR,3,C,1,2026-03-20,317,FALSE,FALSE,FALSE
PA-MT7-P20,PA,7,XP207-PR,3,C,0,NA,238,FALSE,FALSE,FALSE
DC-MT1-P36,DC,1,XP207-PR,3,C,0,NA,14,FALSE,FALSE,FALSE
AE-MT4-P70,AE,4,XP207-PR,3,C,0,NA,14,FALSE,FALSE,FALSE
IS-MT3-P83,IS,3,XP207-PR,4,A,0,NA,381,FALSE,FALSE,FALSE
OP-MT9-P29,OP,9,XP207-PR,4,A,0,NA,381,FALSE,FALSE,FALSE
PG-MT3-P25,PG,3,XP207-PR,4,A,0,NA,14,FALSE,FALSE,FALSE
BS-MT5-P70,BS,5,XP207-PR,4,A,0,NA,142,FALSE,FALSE,FALSE
CP-MT3-P44,CP,3,XP207-PR,4,A,0,NA,330,FALSE,FALSE,FALSE
DC-MT5-P53,DC,5,XP207-PR,4,A,1,2025-11-11,96,FALSE,FALSE,FALSE
PA-MT3-P67,PA,3,XP207-PR,4,A,0,NA,381,FALSE,FALSE,FALSE
CH-MT5-P73,CH,5,XP207-PR,4,A,0,NA,14,FALSE,FALSE,FALSE
BU-MT2-P61,BU,2,XP207-PR,4,A,0,NA,238,FALSE,FALSE,FALSE
EA-MT4-P11,EA,4,XP207-PR,4,A,0,NA,330,FALSE,FALSE,FALSE
BP-MT1-P38,BP,1,XP207-PR,4,A,0,NA,14,FALSE,FALSE,FALSE
BG-MT2-P66,BG,2,XP207-PR,4,A,1,2025-11-11,96,FALSE,FALSE,FALSE
BG-MT1-P17,BG,1,XP207-PR,4,A,0,NA,14,FALSE,FALSE,FALSE
AE-MT1-P68,AE,1,XP207-PR,4,A,0,NA,14,FALSE,FALSE,FALSE
VB-MT5-P38,VB,5,XP207-PR,4,A,0,NA,14,FALSE,FALSE,FALSE
BU-MT1-P51,BU,1,XP207-PR,4,B,0,NA,142,FALSE,FALSE,FALSE
PA-MT6-P59,PA,6,XP207-PR,4,B,0,NA,330,FALSE,FALSE,FALSE
BP-MT1-P54,BP,1,XP207-PR,4,B,0,NA,14,FALSE,FALSE,FALSE
VB-MT2-P10,VB,2,XP207-PR,4,B,0,NA,14,FALSE,FALSE,FALSE
EA-MT5-P51,EA,5,XP207-PR,4,B,0,NA,142,FALSE,FALSE,FALSE
PG-MT3-P1,PG,3,XP207-PR,4,B,0,NA,14,FALSE,FALSE,FALSE
DC-MT5-P3,DC,5,XP207-PR,4,B,1,2025-11-11,96,FALSE,FALSE,FALSE
IS-MT5-P53,IS,5,XP207-PR,4,B,0,NA,142,FALSE,FALSE,FALSE
CP-MT5-P24,CP,5,XP207-PR,4,B,0,NA,238,FALSE,FALSE,FALSE
CH-MT5-P44,CH,5,XP207-PR,4,B,0,NA,238,FALSE,FALSE,FALSE
OP-MT2-P69,OP,2,XP207-PR,4,B,0,NA,381,FALSE,FALSE,FALSE
BG-MT3-P49,BG,3,XP207-PR,4,B,1,2025-11-11,96,FALSE,FALSE,FALSE
BG-MT1-P54,BG,1,XP207-PR,4,B,0,NA,14,FALSE,FALSE,FALSE
AE-MT5-P26,AE,5,XP207-PR,4,B,0,NA,14,FALSE,FALSE,FALSE
MC-MT3-P31,MC,3,XP207-PR,4,B,0,NA,238,FALSE,FALSE,FALSE
BS-MT5-P67,BS,5,XP207-PR,4,B,0,NA,142,FALSE,FALSE,FALSE
AE-MT1-P29,AE,1,XP207-PR,4,C,0,NA,14,FALSE,FALSE,FALSE
BG-MT4-P24,BG,4,XP207-PR,4,C,0,NA,238,FALSE,FALSE,FALSE
BP-MT3-P18,BP,3,XP207-PR,4,C,0,NA,14,FALSE,FALSE,FALSE
CP-MT4-P36,CP,4,XP207-PR,4,C,0,NA,330,FALSE,FALSE,FALSE
BU-MT1-P34,BU,1,XP207-PR,4,C,1,2026-03-20,317,FALSE,FALSE,FALSE
PG-MT4-P32,PG,4,XP207-PR,4,C,0,NA,14,FALSE,FALSE,FALSE
OP-MT8-P21,OP,8,XP207-PR,4,C,1,2025-08-07,92,FALSE,FALSE,FALSE
OP-MT7-P61,OP,7,XP207-PR,4,C,0,NA,142,FALSE,FALSE,FALSE
VB-MT2-P35,VB,2,XP207-PR,4,C,0,NA,14,FALSE,FALSE,FALSE
PA-MT6-P65,PA,6,XP207-PR,4,C,0,NA,142,FALSE,FALSE,FALSE
BS-MT7-P43,BS,7,XP207-PR,4,C,0,NA,142,FALSE,FALSE,FALSE
CH-MT3-P10,CH,3,XP207-PR,4,C,0,NA,238,FALSE,FALSE,FALSE
EA-MT5-P62,EA,5,XP207-PR,4,C,0,NA,142,FALSE,FALSE,FALSE
IS-MT3-P52,IS,3,XP207-PR,4,C,0,NA,142,FALSE,FALSE,FALSE
DC-MT2-P5,DC,2,XP207-PR,4,C,0,NA,238,FALSE,FALSE,FALSE
IS-MT2-P75,IS,2,XP207-PR,5,A,0,NA,381,FALSE,FALSE,FALSE
CP-MT3-P58,CP,3,XP207-PR,5,A,0,NA,330,FALSE,FALSE,FALSE
OP-MT8-P52,OP,8,XP207-PR,5,A,0,NA,330,FALSE,FALSE,FALSE
PA-MT6-P43,PA,6,XP207-PR,5,A,1,2025-11-11,188,FALSE,FALSE,FALSE
PA-MT7-P51,PA,7,XP207-PR,5,A,0,NA,14,FALSE,FALSE,FALSE
PG-MT3-P57,PG,3,XP207-PR,5,A,0,NA,14,FALSE,FALSE,FALSE
BP-MT4-P25,BP,4,XP207-PR,5,A,0,NA,14,FALSE,FALSE,FALSE
BG-MT5-P81,BG,5,XP207-PR,5,A,0,NA,238,FALSE,FALSE,FALSE
AE-MT2-P45,AE,2,XP207-PR,5,A,0,NA,14,FALSE,FALSE,FALSE
CH-MT4-P22,CH,4,XP207-PR,5,A,0,NA,238,FALSE,FALSE,FALSE
MC-MT2-P9,MC,2,XP207-PR,5,A,0,NA,238,FALSE,FALSE,FALSE
DC-MT5-P48,DC,5,XP207-PR,5,A,1,2026-03-20,225,FALSE,FALSE,FALSE
VB-MT5-P70,VB,5,XP207-PR,5,A,0,NA,14,FALSE,FALSE,FALSE
BU-MT4-P75,BU,4,XP207-PR,5,A,0,NA,238,FALSE,FALSE,FALSE
BS-MT6-P91,BS,6,XP207-PR,5,A,0,NA,14,FALSE,FALSE,FALSE
OP-MT9-P73,OP,9,XP207-PR,5,B,0,NA,381,FALSE,FALSE,FALSE
CP-MT4-P32,CP,4,XP207-PR,5,B,1,2026-03-20,317,FALSE,FALSE,FALSE
PG-MT1-P51,PG,1,XP207-PR,5,B,0,NA,14,FALSE,FALSE,FALSE
VB-MT4-P40,VB,4,XP207-PR,5,B,0,NA,14,FALSE,FALSE,FALSE
MC-MT1-P23,MC,1,XP207-PR,5,B,1,2025-11-11,96,FALSE,FALSE,FALSE
MC-MT2-P25,MC,2,XP207-PR,5,B,0,NA,14,FALSE,FALSE,FALSE
CH-MT2-P34,CH,2,XP207-PR,5,B,1,2025-11-11,96,FALSE,FALSE,FALSE
CH-MT5-P57,CH,5,XP207-PR,5,B,0,NA,14,FALSE,FALSE,FALSE
DC-MT1-P38,DC,1,XP207-PR,5,B,0,NA,238,FALSE,FALSE,FALSE
BG-MT2-P63,BG,2,XP207-PR,5,B,0,NA,238,FALSE,FALSE,FALSE
EA-MT3-P60,EA,3,XP207-PR,5,B,0,NA,14,FALSE,FALSE,FALSE
IS-MT5-P60,IS,5,XP207-PR,5,B,0,NA,142,FALSE,FALSE,FALSE
AE-MT4-P26,AE,4,XP207-PR,5,B,0,NA,14,FALSE,FALSE,FALSE
BS-MT6-P16,BS,6,XP207-PR,5,B,1,2026-03-20,225,FALSE,FALSE,FALSE
BP-MT4-P49,BP,4,XP207-PR,5,B,0,NA,14,FALSE,FALSE,FALSE
BU-MT3-P63,BU,3,XP207-PR,5,B,1,2025-11-11,96,FALSE,FALSE,FALSE
BU-MT4-P29,BU,4,XP207-PR,5,B,0,NA,14,FALSE,FALSE,FALSE
CP-MT2-P5,CP,2,XP207-PR,5,C,1,2025-11-11,188,FALSE,FALSE,FALSE
CP-MT2-P86,CP,2,XP207-PR,5,C,0,NA,14,FALSE,FALSE,FALSE
IS-MT3-P91,IS,3,XP207-PR,5,C,0,NA,14,FALSE,FALSE,FALSE
OP-MT6-P34,OP,6,XP207-PR,5,C,1,2026-03-20,317,FALSE,FALSE,FALSE
BU-MT1-P29,BU,1,XP207-PR,5,C,1,2026-03-20,317,FALSE,FALSE,FALSE
EA-MT4-P39,EA,4,XP207-PR,5,C,0,NA,14,FALSE,FALSE,FALSE
AE-MT5-P71,AE,5,XP207-PR,5,C,0,NA,14,FALSE,FALSE,FALSE
PG-MT2-P67,PG,2,XP207-PR,5,C,0,NA,14,FALSE,FALSE,FALSE
BP-MT4-P9,BP,4,XP207-PR,5,C,0,NA,14,FALSE,FALSE,FALSE
VB-MT2-P30,VB,2,XP207-PR,5,C,0,NA,14,FALSE,FALSE,FALSE
DC-MT4-P80,DC,4,XP207-PR,5,C,0,NA,238,FALSE,FALSE,FALSE
CH-MT3-P13,CH,3,XP207-PR,5,C,0,NA,238,FALSE,FALSE,FALSE
BG-MT4-P48,BG,4,XP207-PR,5,C,0,NA,238,FALSE,FALSE,FALSE
MC-MT2-P14,MC,2,XP208-PR,1,A,0,NA,183,FALSE,FALSE,FALSE
VB-MT5-P67,VB,5,XP208-PR,1,A,0,NA,7,FALSE,FALSE,FALSE
PA-MT3-P9,PA,3,XP208-PR,1,A,0,NA,367,FALSE,FALSE,FALSE
CP-MT4-P26,CP,4,XP208-PR,1,A,1,2026-03-26,318,FALSE,FALSE,FALSE
BU-MT1-P43,BU,1,XP208-PR,1,A,0,NA,318,FALSE,FALSE,FALSE
IS-MT5-P64,IS,5,XP208-PR,1,A,0,NA,367,FALSE,FALSE,FALSE
AE-MT3-P55,AE,3,XP208-PR,1,A,0,NA,7,FALSE,FALSE,FALSE
BS-MT6-P36,BS,6,XP208-PR,1,A,1,2026-03-26,183,FALSE,FALSE,FALSE
EA-MT5-P17,EA,5,XP208-PR,1,A,0,NA,111,FALSE,FALSE,FALSE
OP-MT2-P28,OP,2,XP208-PR,1,A,1,2026-03-26,367,FALSE,FALSE,FALSE
DC-MT1-P32,DC,1,XP208-PR,1,A,0,NA,183,FALSE,FALSE,FALSE
CH-MT3-P12,CH,3,XP208-PR,1,A,0,NA,183,FALSE,FALSE,FALSE
BG-MT2-P74,BG,2,XP208-PR,1,A,0,NA,183,FALSE,FALSE,FALSE
PG-MT5-P1,PG,5,XP208-PR,1,A,0,NA,7,FALSE,FALSE,FALSE
BP-MT2-P36,BP,2,XP208-PR,1,A,1,2026-03-26,7,FALSE,FALSE,FALSE
MC-MT2-P41,MC,2,XP208-PR,1,B,0,NA,183,FALSE,FALSE,FALSE
IS-MT4-P46,IS,4,XP208-PR,1,B,0,NA,318,FALSE,FALSE,FALSE
CP-MT2-P54,CP,2,XP208-PR,1,B,0,NA,318,FALSE,FALSE,FALSE
OP-MT6-P40,OP,6,XP208-PR,1,B,0,NA,318,FALSE,FALSE,FALSE
BG-MT1-P89,BG,1,XP208-PR,1,B,0,NA,183,FALSE,FALSE,FALSE
DC-MT5-P66,DC,5,XP208-PR,1,B,1,2026-03-26,183,FALSE,FALSE,FALSE
AE-MT1-P36,AE,1,XP208-PR,1,B,0,NA,7,FALSE,FALSE,FALSE
PA-MT6-P46,PA,6,XP208-PR,1,B,0,NA,318,FALSE,FALSE,FALSE
EA-MT5-P105,EA,5,XP208-PR,1,B,0,NA,7,FALSE,FALSE,FALSE
CH-MT1-P4,CH,1,XP208-PR,1,B,0,NA,318,FALSE,FALSE,FALSE
BP-MT1-P69,BP,1,XP208-PR,1,B,0,NA,7,FALSE,FALSE,FALSE
VB-MT1-P41,VB,1,XP208-PR,1,B,0,NA,183,FALSE,FALSE,FALSE
BU-MT4-P16,BU,4,XP208-PR,1,B,0,NA,183,FALSE,FALSE,FALSE
BS-MT1-P65,BS,1,XP208-PR,1,B,0,NA,111,FALSE,FALSE,FALSE
PG-MT1-P53,PG,1,XP208-PR,1,B,0,NA,7,FALSE,FALSE,FALSE
PG-MT2-P57,PG,2,XP208-PR,1,C,0,NA,7,FALSE,FALSE,FALSE
VB-MT3-P25,VB,3,XP208-PR,1,C,0,NA,7,FALSE,FALSE,FALSE
EA-MT1-P32,EA,1,XP208-PR,1,C,0,NA,111,FALSE,FALSE,FALSE
CP-MT5-P21,CP,5,XP208-PR,1,C,0,NA,183,FALSE,FALSE,FALSE
BP-MT4-P67,BP,4,XP208-PR,1,C,0,NA,7,FALSE,FALSE,FALSE
IS-MT1-P44,IS,1,XP208-PR,1,C,0,NA,318,FALSE,FALSE,FALSE
AE-MT5-P62,AE,5,XP208-PR,1,C,0,NA,7,FALSE,FALSE,FALSE
BG-MT3-P31,BG,3,XP208-PR,1,C,0,NA,183,FALSE,FALSE,FALSE
BU-MT1-P57,BU,1,XP208-PR,1,C,0,NA,318,FALSE,FALSE,FALSE
CH-MT4-P77,CH,4,XP208-PR,1,C,0,NA,183,FALSE,FALSE,FALSE
PA-MT7-P50,PA,7,XP208-PR,1,C,0,NA,183,FALSE,FALSE,FALSE
BS-MT1-P74,BS,1,XP208-PR,1,C,0,NA,183,FALSE,FALSE,FALSE
MC-MT3-P22,MC,3,XP208-PR,1,C,0,NA,183,FALSE,FALSE,FALSE
OP-MT2-P63,OP,2,XP208-PR,2,A,0,NA,367,FALSE,FALSE,FALSE
IS-MT3-P21,IS,3,XP208-PR,2,A,0,NA,367,FALSE,FALSE,FALSE
BG-MT4-P55,BG,4,XP208-PR,2,A,0,NA,183,FALSE,FALSE,FALSE
BU-MT3-P65,BU,3,XP208-PR,2,A,0,NA,183,FALSE,FALSE,FALSE
BP-MT3-P56,BP,3,XP208-PR,2,A,0,NA,7,FALSE,FALSE,FALSE
PA-MT3-P34,PA,3,XP208-PR,2,A,0,NA,367,FALSE,FALSE,FALSE
CH-MT5-P48,CH,5,XP208-PR,2,A,0,NA,183,FALSE,FALSE,FALSE
PG-MT5-P44,PG,5,XP208-PR,2,A,0,NA,7,FALSE,FALSE,FALSE
AE-MT2-P21,AE,2,XP208-PR,2,A,0,NA,7,FALSE,FALSE,FALSE
DC-MT3-P67,DC,3,XP208-PR,2,A,0,NA,7,FALSE,FALSE,FALSE
VB-MT4-P22,VB,4,XP208-PR,2,A,0,NA,7,FALSE,FALSE,FALSE
BS-MT5-P22,BS,5,XP208-PR,2,A,0,NA,183,FALSE,FALSE,FALSE
EA-MT5-P16,EA,5,XP208-PR,2,A,0,NA,7,FALSE,FALSE,FALSE
CP-MT1-P57,CP,1,XP208-PR,2,A,0,NA,183,FALSE,FALSE,FALSE
MC-MT1-P65,MC,1,XP208-PR,2,A,0,NA,183,FALSE,FALSE,FALSE
AE-MT5-P13,AE,5,XP208-PR,2,B,0,NA,7,FALSE,FALSE,FALSE
CP-MT3-P40,CP,3,XP208-PR,2,B,1,2026-03-26,7,FALSE,FALSE,FALSE
CH-MT4-P91,CH,4,XP208-PR,2,B,1,2026-03-26,183,FALSE,FALSE,FALSE
CH-MT5-P74,CH,5,XP208-PR,2,B,1,2026-03-26,7,FALSE,FALSE,FALSE
VB-MT3-P91,VB,3,XP208-PR,2,B,0,NA,7,FALSE,FALSE,FALSE
IS-MT2-P74,IS,2,XP208-PR,2,B,1,2026-03-26,367,FALSE,FALSE,FALSE
BP-MT5-P12,BP,5,XP208-PR,2,B,1,2026-03-26,7,FALSE,FALSE,FALSE
DC-MT3-P5,DC,3,XP208-PR,2,B,1,2025-12-05,72,FALSE,FALSE,FALSE
OP-MT6-P7,OP,6,XP208-PR,2,B,0,NA,318,FALSE,FALSE,FALSE
MC-MT2-P10,MC,2,XP208-PR,2,B,0,NA,7,FALSE,FALSE,FALSE
EA-MT1-P78,EA,1,XP208-PR,2,B,0,NA,111,FALSE,FALSE,FALSE
PG-MT2-P24,PG,2,XP208-PR,2,B,0,NA,7,FALSE,FALSE,FALSE
BU-MT2-P30,BU,2,XP208-PR,2,B,0,NA,183,FALSE,FALSE,FALSE
BG-MT4-P42,BG,4,XP208-PR,2,B,0,NA,183,FALSE,FALSE,FALSE
BS-MT6-P57,BS,6,XP208-PR,2,B,0,NA,111,FALSE,FALSE,FALSE
AE-MT4-P29,AE,4,XP208-PR,2,C,0,NA,7,FALSE,FALSE,FALSE
BU-MT4-P15,BU,4,XP208-PR,2,C,1,2025-12-05,72,FALSE,FALSE,FALSE
BU-MT3-P81,BU,3,XP208-PR,2,C,0,NA,7,FALSE,FALSE,FALSE
OP-MT7-P15,OP,7,XP208-PR,2,C,1,2025-09-24,135,FALSE,FALSE,FALSE
OP-MT8-P58,OP,8,XP208-PR,2,C,0,NA,111,FALSE,FALSE,FALSE
MC-MT3-P77,MC,3,XP208-PR,2,C,0,NA,NA,FALSE,FALSE,FALSE
EA-MT5-P77,EA,5,XP208-PR,2,C,0,NA,111,FALSE,FALSE,FALSE
IS-MT5-P88,IS,5,XP208-PR,2,C,1,2025-05-13,50,FALSE,FALSE,FALSE
IS-MT3-P19,IS,3,XP208-PR,2,C,0,NA,111,FALSE,FALSE,FALSE
CP-MT2-P58,CP,2,XP208-PR,2,C,1,2025-09-24,135,FALSE,FALSE,FALSE
CP-MT5-P73,CP,5,XP208-PR,2,C,0,NA,7,FALSE,FALSE,FALSE
BP-MT4-P51,BP,4,XP208-PR,2,C,0,NA,7,FALSE,FALSE,FALSE
BG-MT5-P48,BG,5,XP208-PR,2,C,0,NA,183,FALSE,FALSE,FALSE
DC-MT4-P48,DC,4,XP208-PR,2,C,1,2025-12-05,72,FALSE,FALSE,FALSE
BS-MT5-P30,BS,5,XP208-PR,2,C,0,NA,183,FALSE,FALSE,FALSE
VB-MT5-P6,VB,5,XP208-PR,2,C,0,NA,7,FALSE,FALSE,FALSE
PG-MT3-P9,PG,3,XP208-PR,2,C,0,NA,7,FALSE,FALSE,FALSE
CH-MT2-P47,CH,2,XP208-PR,2,C,0,NA,183,FALSE,FALSE,FALSE
MC-MT1-P40,MC,1,XP208-PR,3,A,0,NA,183,FALSE,FALSE,FALSE
BS-MT6-P76,BS,6,XP208-PR,3,A,0,NA,111,FALSE,FALSE,FALSE
PA-MT6-P10,PA,6,XP208-PR,3,A,0,NA,318,FALSE,FALSE,FALSE
IS-MT5-P66,IS,5,XP208-PR,3,A,0,NA,111,FALSE,FALSE,FALSE
BU-MT5-P13,BU,5,XP208-PR,3,A,0,NA,183,FALSE,FALSE,FALSE
BP-MT1-P33,BP,1,XP208-PR,3,A,1,2026-03-26,7,FALSE,FALSE,FALSE
DC-MT1-P17,DC,1,XP208-PR,3,A,1,2026-03-26,183,FALSE,FALSE,FALSE
AE-MT3-P27,AE,3,XP208-PR,3,A,0,NA,7,FALSE,FALSE,FALSE
OP-MT9-P26,OP,9,XP208-PR,3,A,0,NA,367,FALSE,FALSE,FALSE
PG-MT4-P53,PG,4,XP208-PR,3,A,0,NA,7,FALSE,FALSE,FALSE
EA-MT2-P4,EA,2,XP208-PR,3,A,0,NA,318,FALSE,FALSE,FALSE
BG-MT3-P48,BG,3,XP208-PR,3,A,0,NA,183,FALSE,FALSE,FALSE
CH-MT3-P4,CH,3,XP208-PR,3,A,0,NA,183,FALSE,FALSE,FALSE
VB-MT1-P1,VB,1,XP208-PR,3,A,0,NA,183,FALSE,FALSE,FALSE
AE-MT5-P52,AE,5,XP208-PR,3,B,0,NA,7,FALSE,FALSE,FALSE
IS-MT1-P6,IS,1,XP208-PR,3,B,0,NA,318,FALSE,FALSE,FALSE
DC-MT3-P57,DC,3,XP208-PR,3,B,1,2026-03-26,7,FALSE,FALSE,FALSE
BS-MT1-P80,BS,1,XP208-PR,3,B,0,NA,111,FALSE,FALSE,FALSE
BU-MT3-P58,BU,3,XP208-PR,3,B,0,NA,183,FALSE,FALSE,FALSE
CP-MT5-P43,CP,5,XP208-PR,3,B,0,NA,183,FALSE,FALSE,FALSE
EA-MT3-P18,EA,3,XP208-PR,3,B,1,2025-09-24,135,FALSE,FALSE,FALSE
EA-MT1-P100,EA,1,XP208-PR,3,B,0,NA,111,FALSE,FALSE,FALSE
CH-MT1-P40,CH,1,XP208-PR,3,B,1,2026-03-26,318,FALSE,FALSE,FALSE
BG-MT1-P44,BG,1,XP208-PR,3,B,0,NA,183,FALSE,FALSE,FALSE
OP-MT8-P43,OP,8,XP208-PR,3,B,0,NA,318,FALSE,FALSE,FALSE
PG-MT3-P14,PG,3,XP208-PR,3,B,0,NA,7,FALSE,FALSE,FALSE
MC-MT1-P39,MC,1,XP208-PR,3,B,0,NA,183,FALSE,FALSE,FALSE
BP-MT2-P24,BP,2,XP208-PR,3,B,0,NA,7,FALSE,FALSE,FALSE
VB-MT5-P72,VB,5,XP208-PR,3,B,0,NA,7,FALSE,FALSE,FALSE
VB-MT2-P33,VB,2,XP208-PR,3,C,0,NA,7,FALSE,FALSE,FALSE
BP-MT2-P17,BP,2,XP208-PR,3,C,1,2026-03-26,7,FALSE,FALSE,FALSE
PG-MT1-P64,PG,1,XP208-PR,3,C,0,NA,7,FALSE,FALSE,FALSE
BS-MT6-P44,BS,6,XP208-PR,3,C,0,NA,111,FALSE,FALSE,FALSE
DC-MT5-P16,DC,5,XP208-PR,3,C,0,NA,183,FALSE,FALSE,FALSE
BG-MT1-P45,BG,1,XP208-PR,3,C,0,NA,183,FALSE,FALSE,FALSE
AE-MT3-P65,AE,3,XP208-PR,3,C,0,NA,7,FALSE,FALSE,FALSE
IS-MT4-P2,IS,4,XP208-PR,3,C,0,NA,318,FALSE,FALSE,FALSE
CP-MT3-P28,CP,3,XP208-PR,3,C,0,NA,318,FALSE,FALSE,FALSE
CH-MT5-P79,CH,5,XP208-PR,3,C,0,NA,183,FALSE,FALSE,FALSE
EA-MT1-P22,EA,1,XP208-PR,3,C,0,NA,111,FALSE,FALSE,FALSE
BU-MT5-P14,BU,5,XP208-PR,3,C,0,NA,183,FALSE,FALSE,FALSE
PA-MT6-P88,PA,6,XP208-PR,4,A,0,NA,7,FALSE,FALSE,FALSE
OP-MT9-P36,OP,9,XP208-PR,4,A,1,2025-05-13,50,FALSE,FALSE,FALSE
OP-MT2-P67,OP,2,XP208-PR,4,A,1,2026-03-26,111,FALSE,FALSE,FALSE
BU-MT3-P6,BU,3,XP208-PR,4,A,0,NA,183,FALSE,FALSE,FALSE
IS-MT3-P28,IS,3,XP208-PR,4,A,0,NA,367,FALSE,FALSE,FALSE
BG-MT2-P12,BG,2,XP208-PR,4,A,0,NA,183,FALSE,FALSE,FALSE
EA-MT5-P6,EA,5,XP208-PR,4,A,0,NA,111,FALSE,FALSE,FALSE
AE-MT5-P32,AE,5,XP208-PR,4,A,0,NA,7,FALSE,FALSE,FALSE
CP-MT4-P20,CP,4,XP208-PR,4,A,0,NA,318,FALSE,FALSE,FALSE
CH-MT2-P57,CH,2,XP208-PR,4,A,1,2026-03-26,NA,FALSE,FALSE,FALSE
CH-MT4-P64,CH,4,XP208-PR,4,A,0,NA,7,FALSE,FALSE,FALSE
VB-MT4-P74,VB,4,XP208-PR,4,A,0,NA,7,FALSE,FALSE,FALSE
PG-MT3-P65,PG,3,XP208-PR,4,A,0,NA,7,FALSE,FALSE,FALSE
BP-MT3-P34,BP,3,XP208-PR,4,A,0,NA,7,FALSE,FALSE,FALSE
BS-MT5-P57,BS,5,XP208-PR,4,A,0,NA,111,FALSE,FALSE,FALSE
DC-MT4-P6,DC,4,XP208-PR,4,A,0,NA,183,FALSE,FALSE,FALSE
DC-MT3-P10,DC,3,XP208-PR,4,B,1,2026-03-26,183,FALSE,FALSE,FALSE
EA-MT4-P21,EA,4,XP208-PR,4,B,0,NA,318,FALSE,FALSE,FALSE
CP-MT3-P22,CP,3,XP208-PR,4,B,1,2025-09-24,135,FALSE,FALSE,FALSE
CP-MT5-P80,CP,5,XP208-PR,4,B,0,NA,7,FALSE,FALSE,FALSE
IS-MT2-P45,IS,2,XP208-PR,4,B,0,NA,367,FALSE,FALSE,FALSE
AE-MT2-P93,AE,2,XP208-PR,4,B,0,NA,7,FALSE,FALSE,FALSE
CH-MT4-P34,CH,4,XP208-PR,4,B,0,NA,183,FALSE,FALSE,FALSE
PG-MT2-P7,PG,2,XP208-PR,4,B,0,NA,7,FALSE,FALSE,FALSE
BP-MT4-P40,BP,4,XP208-PR,4,B,0,NA,7,FALSE,FALSE,FALSE
OP-MT8-P51,OP,8,XP208-PR,4,B,0,NA,318,FALSE,FALSE,FALSE
BG-MT5-P72,BG,5,XP208-PR,4,B,1,2026-03-26,183,FALSE,FALSE,FALSE
PA-MT7-P15,PA,7,XP208-PR,4,B,0,NA,183,FALSE,FALSE,FALSE
BS-MT7-P6,BS,7,XP208-PR,4,B,0,NA,183,FALSE,FALSE,FALSE
VB-MT3-P65,VB,3,XP208-PR,4,B,0,NA,7,FALSE,FALSE,FALSE
BU-MT4-P52,BU,4,XP208-PR,4,B,0,NA,183,FALSE,FALSE,FALSE
MC-MT3-P20,MC,3,XP208-PR,4,B,0,NA,183,FALSE,FALSE,FALSE
VB-MT2-P8,VB,2,XP208-PR,4,C,0,NA,7,FALSE,FALSE,FALSE
AE-MT4-P62,AE,4,XP208-PR,4,C,0,NA,7,FALSE,FALSE,FALSE
BS-MT6-P59,BS,6,XP208-PR,4,C,0,NA,111,FALSE,FALSE,FALSE
IS-MT5-P48,IS,5,XP208-PR,4,C,0,NA,111,FALSE,FALSE,FALSE
PG-MT5-P26,PG,5,XP208-PR,4,C,0,NA,7,FALSE,FALSE,FALSE
CP-MT1-P17,CP,1,XP208-PR,4,C,0,NA,183,FALSE,FALSE,FALSE
BP-MT1-P22,BP,1,XP208-PR,4,C,1,2026-03-26,7,FALSE,FALSE,FALSE
MC-MT3-P26,MC,3,XP208-PR,4,C,0,NA,183,FALSE,FALSE,FALSE
PA-MT6-P68,PA,6,XP208-PR,4,C,0,NA,111,FALSE,FALSE,FALSE
EA-MT2-P55,EA,2,XP208-PR,4,C,0,NA,7,FALSE,FALSE,FALSE
BG-MT3-P37,BG,3,XP208-PR,4,C,0,NA,183,FALSE,FALSE,FALSE
OP-MT7-P35,OP,7,XP208-PR,4,C,0,NA,318,FALSE,FALSE,FALSE
DC-MT2-P30,DC,2,XP208-PR,4,C,0,NA,183,FALSE,FALSE,FALSE
CH-MT5-P41,CH,5,XP208-PR,4,C,0,NA,183,FALSE,FALSE,FALSE
BU-MT2-P22,BU,2,XP208-PR,4,C,0,NA,183,FALSE,FALSE,FALSE
CP-MT4-P9,CP,4,XP208-PR,5,A,0,NA,318,FALSE,FALSE,FALSE
BU-MT1-P60,BU,1,XP208-PR,5,A,0,NA,318,FALSE,FALSE,FALSE
BG-MT2-P73,BG,2,XP208-PR,5,A,0,NA,183,FALSE,FALSE,FALSE
PG-MT1-P49,PG,1,XP208-PR,5,A,0,NA,7,FALSE,FALSE,FALSE
AE-MT2-P9,AE,2,XP208-PR,5,A,0,NA,7,FALSE,FALSE,FALSE
DC-MT1-P31,DC,1,XP208-PR,5,A,1,2026-03-26,183,FALSE,FALSE,FALSE
IS-MT3-P108,IS,3,XP208-PR,5,A,0,NA,7,FALSE,FALSE,FALSE
CH-MT3-P14,CH,3,XP208-PR,5,A,1,2026-03-26,183,FALSE,FALSE,FALSE
OP-MT9-P14,OP,9,XP208-PR,5,B,1,2026-03-26,367,FALSE,FALSE,FALSE
CP-MT3-P57,CP,3,XP208-PR,5,B,0,NA,318,FALSE,FALSE,FALSE
PG-MT4-P67,PG,4,XP208-PR,5,B,0,NA,7,FALSE,FALSE,FALSE
BG-MT4-P12,BG,4,XP208-PR,5,B,0,NA,183,FALSE,FALSE,FALSE
AE-MT3-P81,AE,3,XP208-PR,5,B,0,NA,7,FALSE,FALSE,FALSE
DC-MT5-P29,DC,5,XP208-PR,5,B,1,2026-03-26,NA,FALSE,FALSE,FALSE
IS-MT3-P87,IS,3,XP208-PR,5,B,0,NA,7,FALSE,FALSE,FALSE
IS-MT5-P76,IS,5,XP208-PR,5,C,0,NA,367,FALSE,FALSE,FALSE
CP-MT2-P43,CP,2,XP208-PR,5,C,1,2026-03-26,318,FALSE,FALSE,FALSE
OP-MT6-P24,OP,6,XP208-PR,5,C,0,NA,318,FALSE,FALSE,FALSE
PA-MT6-P19,PA,6,XP208-PR,5,C,0,NA,318,FALSE,FALSE,FALSE
PG-MT5-P52,PG,5,XP208-PR,5,C,0,NA,7,FALSE,FALSE,FALSE
BG-MT5-P51,BG,5,XP208-PR,5,C,0,NA,183,FALSE,FALSE,FALSE
DC-MT4-P32,DC,4,XP208-PR,5,C,0,NA,183,FALSE,FALSE,FALSE
AE-MT1-P43,AE,1,XP208-PR,5,C,0,NA,7,FALSE,FALSE,FALSE
CH-MT4-P71,CH,4,XP208-PR,5,C,0,NA,183,FALSE,FALSE,FALSE
CP-MT2-P95,CP,2,XP209-PR,1,A,0,NA,-346,FALSE,TRUE,TRUE
BU-MT5-P46,BU,5,XP209-PR,1,A,0,NA,-165,FALSE,TRUE,TRUE
CH-MT2-P68,CH,2,XP209-PR,1,A,0,NA,-165,FALSE,TRUE,TRUE
VB-MT4-P26,VB,4,XP209-PR,1,A,0,NA,-346,FALSE,TRUE,TRUE
AE-MT4-P30,AE,4,XP209-PR,1,A,0,NA,-346,FALSE,TRUE,TRUE
PA-MT6-P49,PA,6,XP209-PR,1,A,0,NA,-72,FALSE,TRUE,TRUE
BG-MT3-P60,BG,3,XP209-PR,1,A,0,NA,-165,FALSE,TRUE,TRUE
PG-MT4-P1,PG,4,XP209-PR,1,A,0,NA,-346,FALSE,TRUE,TRUE
DC-MT4-P63,DC,4,XP209-PR,1,A,0,NA,-165,FALSE,TRUE,TRUE
IS-MT3-P79,IS,3,XP209-PR,1,A,0,NA,-21,FALSE,TRUE,TRUE
OP-MT9-P24,OP,9,XP209-PR,1,A,0,NA,-21,FALSE,TRUE,TRUE
EA-MT3-P39,EA,3,XP209-PR,1,A,0,NA,-346,FALSE,TRUE,TRUE
BS-MT1-P42,BS,1,XP209-PR,1,A,0,NA,-259,FALSE,TRUE,TRUE
BP-MT5-P62,BP,5,XP209-PR,1,A,0,NA,-346,FALSE,TRUE,TRUE
BP-MT4-P18,BP,4,XP209-PR,1,B,0,NA,-346,FALSE,TRUE,TRUE
EA-MT4-P17,EA,4,XP209-PR,1,B,1,2025-11-10,-72,FALSE,TRUE,TRUE
EA-MT5-P78,EA,5,XP209-PR,1,B,0,NA,-346,FALSE,TRUE,TRUE
AE-MT1-P51,AE,1,XP209-PR,1,B,0,NA,-346,FALSE,TRUE,TRUE
IS-MT2-P68,IS,2,XP209-PR,1,B,0,NA,-21,FALSE,TRUE,TRUE
BG-MT3-P69,BG,3,XP209-PR,1,B,0,NA,-165,FALSE,TRUE,TRUE
OP-MT2-P12,OP,2,XP209-PR,1,B,0,NA,-21,FALSE,TRUE,TRUE
PG-MT2-P4,PG,2,XP209-PR,1,B,0,NA,-346,FALSE,TRUE,TRUE
BS-MT6-P53,BS,6,XP209-PR,1,B,0,NA,-259,FALSE,TRUE,TRUE
CH-MT3-P67,CH,3,XP209-PR,1,B,0,NA,-165,FALSE,TRUE,TRUE
VB-MT2-P20,VB,2,XP209-PR,1,B,0,NA,-346,FALSE,TRUE,TRUE
PA-MT7-P45,PA,7,XP209-PR,1,B,0,NA,-165,FALSE,TRUE,TRUE
DC-MT1-P85,DC,1,XP209-PR,1,B,0,NA,-165,FALSE,TRUE,TRUE
BU-MT3-P21,BU,3,XP209-PR,1,C,0,NA,-165,FALSE,TRUE,TRUE
PG-MT1-P26,PG,1,XP209-PR,1,C,0,NA,-346,FALSE,TRUE,TRUE
MC-MT2-P46,MC,2,XP209-PR,1,C,0,NA,-165,FALSE,TRUE,TRUE
IS-MT2-P8,IS,2,XP209-PR,1,C,0,NA,-259,FALSE,TRUE,TRUE
BP-MT2-P28,BP,2,XP209-PR,1,C,1,2025-02-24,-346,FALSE,TRUE,TRUE
CH-MT4-P1,CH,4,XP209-PR,1,C,0,NA,-165,FALSE,TRUE,TRUE
DC-MT2-P52,DC,2,XP209-PR,1,C,0,NA,-346,FALSE,TRUE,TRUE
BS-MT1-P60,BS,1,XP209-PR,1,C,0,NA,-259,FALSE,TRUE,TRUE
OP-MT8-P4,OP,8,XP209-PR,1,C,0,NA,-72,FALSE,TRUE,TRUE
AE-MT1-P33,AE,1,XP209-PR,1,C,0,NA,-346,FALSE,TRUE,TRUE
CP-MT4-P19,CP,4,XP209-PR,1,C,0,NA,-72,FALSE,TRUE,TRUE
EA-MT1-P72,EA,1,XP209-PR,1,C,0,NA,-259,FALSE,TRUE,TRUE
VB-MT3-P45,VB,3,XP209-PR,1,C,0,NA,-346,FALSE,TRUE,TRUE
BG-MT2-P92,BG,2,XP209-PR,1,C,0,NA,-165,FALSE,TRUE,TRUE
BG-MT1-P86,BG,1,XP209-PR,2,A,0,NA,-165,FALSE,TRUE,TRUE
AE-MT4-P28,AE,4,XP209-PR,2,A,0,NA,-346,FALSE,TRUE,TRUE
EA-MT3-P14,EA,3,XP209-PR,2,A,1,2025-08-08,-72,FALSE,TRUE,TRUE
EA-MT2-P99,EA,2,XP209-PR,2,A,0,NA,-259,FALSE,TRUE,TRUE
BU-MT2-P33,BU,2,XP209-PR,2,A,0,NA,-165,FALSE,TRUE,TRUE
PG-MT1-P81,PG,1,XP209-PR,2,A,0,NA,-346,FALSE,TRUE,TRUE
IS-MT3-P38,IS,3,XP209-PR,2,A,0,NA,-21,FALSE,TRUE,TRUE
VB-MT2-P37,VB,2,XP209-PR,2,A,0,NA,-346,FALSE,TRUE,TRUE
BP-MT1-P3,BP,1,XP209-PR,2,A,0,NA,-346,FALSE,TRUE,TRUE
CP-MT3-P13,CP,3,XP209-PR,2,A,0,NA,-72,FALSE,TRUE,TRUE
OP-MT7-P49,OP,7,XP209-PR,2,A,0,NA,-72,FALSE,TRUE,TRUE
PA-MT3-P27,PA,3,XP209-PR,2,A,0,NA,-21,FALSE,TRUE,TRUE
CH-MT5-P36,CH,5,XP209-PR,2,A,0,NA,-165,FALSE,TRUE,TRUE
DC-MT4-P9,DC,4,XP209-PR,2,A,1,2025-11-10,-165,FALSE,TRUE,TRUE
BS-MT1-P27,BS,1,XP209-PR,2,A,0,NA,-259,FALSE,TRUE,TRUE
DC-MT1-P12,DC,1,XP209-PR,2,B,0,NA,-165,FALSE,TRUE,TRUE
BP-MT2-P10,BP,2,XP209-PR,2,B,0,NA,-346,FALSE,TRUE,TRUE
BU-MT1-P15,BU,1,XP209-PR,2,B,0,NA,-72,FALSE,TRUE,TRUE
OP-MT6-P47,OP,6,XP209-PR,2,B,0,NA,-72,FALSE,TRUE,TRUE
IS-MT2-P77,IS,2,XP209-PR,2,B,0,NA,-21,FALSE,TRUE,TRUE
BS-MT7-P12,BS,7,XP209-PR,2,B,0,NA,-165,FALSE,TRUE,TRUE
VB-MT4-P17,VB,4,XP209-PR,2,B,0,NA,-346,FALSE,TRUE,TRUE
EA-MT1-P71,EA,1,XP209-PR,2,B,0,NA,-259,FALSE,TRUE,TRUE
AE-MT2-P57,AE,2,XP209-PR,2,B,0,NA,-346,FALSE,TRUE,TRUE
BG-MT3-P35,BG,3,XP209-PR,2,B,0,NA,-165,FALSE,TRUE,TRUE
PG-MT2-P6,PG,2,XP209-PR,2,B,0,NA,-346,FALSE,TRUE,TRUE
CP-MT1-P16,CP,1,XP209-PR,2,B,0,NA,-165,FALSE,TRUE,TRUE
BP-MT4-P20,BP,4,XP209-PR,2,C,0,NA,-346,FALSE,TRUE,TRUE
BS-MT7-P49,BS,7,XP209-PR,2,C,0,NA,-259,FALSE,TRUE,TRUE
VB-MT4-P49,VB,4,XP209-PR,2,C,0,NA,-346,FALSE,TRUE,TRUE
PA-MT7-P57,PA,7,XP209-PR,2,C,0,NA,-346,FALSE,TRUE,TRUE
IS-MT5-P51,IS,5,XP209-PR,2,C,0,NA,-21,FALSE,TRUE,TRUE
AE-MT4-P71,AE,4,XP209-PR,2,C,0,NA,-346,FALSE,TRUE,TRUE
BU-MT4-P17,BU,4,XP209-PR,2,C,0,NA,-165,FALSE,TRUE,TRUE
EA-MT2-P13,EA,2,XP209-PR,2,C,0,NA,-72,FALSE,TRUE,TRUE
PG-MT1-P46,PG,1,XP209-PR,2,C,0,NA,-346,FALSE,TRUE,TRUE
CH-MT4-P93,CH,4,XP209-PR,2,C,0,NA,-165,FALSE,TRUE,TRUE
DC-MT2-P48,DC,2,XP209-PR,2,C,0,NA,-346,FALSE,TRUE,TRUE
BG-MT5-P43,BG,5,XP209-PR,2,C,0,NA,-165,FALSE,TRUE,TRUE
CP-MT1-P54,CP,1,XP209-PR,2,C,0,NA,-165,FALSE,TRUE,TRUE
MC-MT3-P63,MC,3,XP209-PR,2,C,0,NA,-165,FALSE,TRUE,TRUE
BU-MT4-P76,BU,4,XP209-PR,3,A,0,NA,-165,FALSE,TRUE,TRUE
IS-MT1-P34,IS,1,XP209-PR,3,A,0,NA,-72,FALSE,TRUE,TRUE
DC-MT5-P40,DC,5,XP209-PR,3,A,0,NA,-165,FALSE,TRUE,TRUE
BP-MT2-P63,BP,2,XP209-PR,3,A,0,NA,-346,FALSE,TRUE,TRUE
OP-MT6-P55,OP,6,XP209-PR,3,A,0,NA,-72,FALSE,TRUE,TRUE
BS-MT6-P87,BS,6,XP209-PR,3,A,0,NA,-346,FALSE,TRUE,TRUE
BG-MT2-P23,BG,2,XP209-PR,3,A,0,NA,-165,FALSE,TRUE,TRUE
PG-MT2-P68,PG,2,XP209-PR,3,A,0,NA,-346,FALSE,TRUE,TRUE
VB-MT2-P60,VB,2,XP209-PR,3,A,0,NA,-346,FALSE,TRUE,TRUE
CP-MT2-P53,CP,2,XP209-PR,3,A,1,2025-11-10,-72,FALSE,TRUE,TRUE
CP-MT5-P72,CP,5,XP209-PR,3,A,0,NA,-346,FALSE,TRUE,TRUE
MC-MT1-P53,MC,1,XP209-PR,3,A,0,NA,-165,FALSE,TRUE,TRUE
CH-MT5-P20,CH,5,XP209-PR,3,A,0,NA,-165,FALSE,TRUE,TRUE
AE-MT3-P20,AE,3,XP209-PR,3,A,0,NA,-346,FALSE,TRUE,TRUE
EA-MT4-P73,EA,4,XP209-PR,3,A,0,NA,-346,FALSE,TRUE,TRUE
DC-MT5-P44,DC,5,XP209-PR,3,B,0,NA,-165,FALSE,TRUE,TRUE
BS-MT1-P21,BS,1,XP209-PR,3,B,0,NA,-165,FALSE,TRUE,TRUE
AE-MT4-P23,AE,4,XP209-PR,3,B,0,NA,-346,FALSE,TRUE,TRUE
PG-MT5-P71,PG,5,XP209-PR,3,B,0,NA,-346,FALSE,TRUE,TRUE
BU-MT1-P26,BU,1,XP209-PR,3,B,0,NA,-72,FALSE,TRUE,TRUE
CP-MT2-P42,CP,2,XP209-PR,3,B,0,NA,-72,FALSE,TRUE,TRUE
PA-MT6-P81,PA,6,XP209-PR,3,B,0,NA,-259,FALSE,TRUE,TRUE
VB-MT1-P42,VB,1,XP209-PR,3,B,0,NA,-165,FALSE,TRUE,TRUE
IS-MT4-P10,IS,4,XP209-PR,3,B,0,NA,-72,FALSE,TRUE,TRUE
CH-MT1-P25,CH,1,XP209-PR,3,B,1,2025-02-24,-72,FALSE,TRUE,TRUE
BP-MT1-P63,BP,1,XP209-PR,3,B,0,NA,-346,FALSE,TRUE,TRUE
EA-MT5-P68,EA,5,XP209-PR,3,B,0,NA,-259,FALSE,TRUE,TRUE
BG-MT4-P63,BG,4,XP209-PR,3,B,0,NA,-165,FALSE,TRUE,TRUE
CP-MT3-P55,CP,3,XP209-PR,3,C,0,NA,-72,FALSE,TRUE,TRUE
BU-MT3-P14,BU,3,XP209-PR,3,C,0,NA,-165,FALSE,TRUE,TRUE
PG-MT4-P63,PG,4,XP209-PR,3,C,0,NA,-346,FALSE,TRUE,TRUE
BS-MT1-P50,BS,1,XP209-PR,3,C,0,NA,NA,FALSE,FALSE,TRUE
IS-MT1-P38,IS,1,XP209-PR,3,C,0,NA,-72,FALSE,TRUE,TRUE
OP-MT7-P10,OP,7,XP209-PR,3,C,0,NA,-72,FALSE,TRUE,TRUE
AE-MT1-P58,AE,1,XP209-PR,3,C,0,NA,-346,FALSE,TRUE,TRUE
VB-MT4-P46,VB,4,XP209-PR,3,C,0,NA,-346,FALSE,TRUE,TRUE
DC-MT3-P37,DC,3,XP209-PR,3,C,0,NA,-165,FALSE,TRUE,TRUE
CH-MT1-P30,CH,1,XP209-PR,3,C,1,2025-08-08,-72,FALSE,TRUE,TRUE
CH-MT2-P54,CH,2,XP209-PR,3,C,0,NA,-346,FALSE,TRUE,TRUE
BG-MT4-P4,BG,4,XP209-PR,3,C,0,NA,-165,FALSE,TRUE,TRUE
BP-MT3-P47,BP,3,XP209-PR,3,C,0,NA,-346,FALSE,TRUE,TRUE
MC-MT3-P27,MC,3,XP209-PR,3,C,0,NA,-165,FALSE,TRUE,TRUE
EA-MT1-P10,EA,1,XP209-PR,3,C,0,NA,-259,FALSE,TRUE,TRUE
IS-MT5-P47,IS,5,XP209-PR,4,A,0,NA,-21,FALSE,TRUE,TRUE
EA-MT1-P43,EA,1,XP209-PR,4,A,0,NA,-259,FALSE,TRUE,TRUE
VB-MT5-P36,VB,5,XP209-PR,4,A,0,NA,-346,FALSE,TRUE,TRUE
CP-MT5-P51,CP,5,XP209-PR,4,A,0,NA,-165,FALSE,TRUE,TRUE
MC-MT2-P15,MC,2,XP209-PR,4,A,0,NA,-165,FALSE,TRUE,TRUE
PA-MT3-P70,PA,3,XP209-PR,4,A,0,NA,-21,FALSE,TRUE,TRUE
BU-MT2-P32,BU,2,XP209-PR,4,A,0,NA,-165,FALSE,TRUE,TRUE
BG-MT1-P7,BG,1,XP209-PR,4,A,0,NA,-165,FALSE,TRUE,TRUE
OP-MT9-P68,OP,9,XP209-PR,4,A,0,NA,-21,FALSE,TRUE,TRUE
AE-MT5-P48,AE,5,XP209-PR,4,A,0,NA,-346,FALSE,TRUE,TRUE
CH-MT4-P54,CH,4,XP209-PR,4,A,0,NA,-165,FALSE,TRUE,TRUE
PG-MT3-P36,PG,3,XP209-PR,4,A,0,NA,-346,FALSE,TRUE,TRUE
BS-MT6-P37,BS,6,XP209-PR,4,A,0,NA,-165,FALSE,TRUE,TRUE
BP-MT4-P66,BP,4,XP209-PR,4,A,0,NA,-346,FALSE,TRUE,TRUE
PG-MT1-P13,PG,1,XP209-PR,4,B,0,NA,-346,FALSE,TRUE,TRUE
EA-MT1-P40,EA,1,XP209-PR,4,B,0,NA,-259,FALSE,TRUE,TRUE
CH-MT3-P85,CH,3,XP209-PR,4,B,0,NA,-165,FALSE,TRUE,TRUE
AE-MT2-P62,AE,2,XP209-PR,4,B,0,NA,-346,FALSE,TRUE,TRUE
IS-MT4-P20,IS,4,XP209-PR,4,B,0,NA,-72,FALSE,TRUE,TRUE
BS-MT5-P5,BS,5,XP209-PR,4,B,0,NA,-165,FALSE,TRUE,TRUE
CP-MT4-P7,CP,4,XP209-PR,4,B,0,NA,-72,FALSE,TRUE,TRUE
MC-MT1-P45,MC,1,XP209-PR,4,B,0,NA,-165,FALSE,TRUE,TRUE
PA-MT6-P39,PA,6,XP209-PR,4,B,0,NA,-72,FALSE,TRUE,TRUE
BU-MT5-P19,BU,5,XP209-PR,4,B,0,NA,-165,FALSE,TRUE,TRUE
OP-MT2-P74,OP,2,XP209-PR,4,B,0,NA,-21,FALSE,TRUE,TRUE
BG-MT1-P23,BG,1,XP209-PR,4,B,0,NA,-165,FALSE,TRUE,TRUE
VB-MT3-P74,VB,3,XP209-PR,4,B,0,NA,-346,FALSE,TRUE,TRUE
DC-MT2-P2,DC,2,XP209-PR,4,B,0,NA,-165,FALSE,TRUE,TRUE
BP-MT3-P43,BP,3,XP209-PR,4,B,0,NA,-346,FALSE,TRUE,TRUE
IS-MT3-P42,IS,3,XP209-PR,4,C,0,NA,-259,FALSE,TRUE,TRUE
BP-MT1-P2,BP,1,XP209-PR,4,C,0,NA,-346,FALSE,TRUE,TRUE
BS-MT1-P38,BS,1,XP209-PR,4,C,0,NA,-259,FALSE,TRUE,TRUE
DC-MT3-P73,DC,3,XP209-PR,4,C,0,NA,-165,FALSE,TRUE,TRUE
EA-MT2-P48,EA,2,XP209-PR,4,C,0,NA,-346,FALSE,TRUE,TRUE
AE-MT2-P24,AE,2,XP209-PR,4,C,0,NA,-346,FALSE,TRUE,TRUE
PG-MT3-P74,PG,3,XP209-PR,4,C,0,NA,-346,FALSE,TRUE,TRUE
OP-MT8-P5,OP,8,XP209-PR,4,C,0,NA,-72,FALSE,TRUE,TRUE
VB-MT1-P44,VB,1,XP209-PR,4,C,0,NA,-165,FALSE,TRUE,TRUE
BG-MT5-P69,BG,5,XP209-PR,4,C,0,NA,-165,FALSE,TRUE,TRUE
CH-MT2-P70,CH,2,XP209-PR,4,C,0,NA,-165,FALSE,TRUE,TRUE
PA-MT7-P37,PA,7,XP209-PR,4,C,0,NA,-165,FALSE,TRUE,TRUE
IS-MT2-P97,IS,2,XP209-PR,5,A,1,2025-02-24,-21,FALSE,TRUE,TRUE
CP-MT3-P61,CP,3,XP209-PR,5,A,0,NA,-72,FALSE,TRUE,TRUE
OP-MT7-P36,OP,7,XP209-PR,5,A,0,NA,-72,FALSE,TRUE,TRUE
PA-MT6-P48,PA,6,XP209-PR,5,A,0,NA,-72,FALSE,TRUE,TRUE
BU-MT4-P79,BU,4,XP209-PR,5,A,0,NA,-165,FALSE,TRUE,TRUE
AE-MT3-P5,AE,3,XP209-PR,5,A,0,NA,-346,FALSE,TRUE,TRUE
DC-MT2-P16,DC,2,XP209-PR,5,A,0,NA,-165,FALSE,TRUE,TRUE
BP-MT4-P92,BP,4,XP209-PR,5,A,0,NA,-346,FALSE,TRUE,TRUE
EA-MT4-P20,EA,4,XP209-PR,5,A,0,NA,-346,FALSE,TRUE,TRUE
PG-MT4-P8,PG,4,XP209-PR,5,A,0,NA,-346,FALSE,TRUE,TRUE
BS-MT5-P80,BS,5,XP209-PR,5,A,0,NA,-346,FALSE,TRUE,TRUE
BG-MT5-P11,BG,5,XP209-PR,5,A,0,NA,-165,FALSE,TRUE,TRUE
VB-MT2-P70,VB,2,XP209-PR,5,A,0,NA,-346,FALSE,TRUE,TRUE
CH-MT3-P68,CH,3,XP209-PR,5,A,0,NA,-165,FALSE,TRUE,TRUE
OP-MT9-P75,OP,9,XP209-PR,5,B,0,NA,-21,FALSE,TRUE,TRUE
CP-MT4-P53,CP,4,XP209-PR,5,B,0,NA,-72,FALSE,TRUE,TRUE
PG-MT3-P44,PG,3,XP209-PR,5,B,0,NA,-346,FALSE,TRUE,TRUE
BU-MT1-P40,BU,1,XP209-PR,5,B,0,NA,-72,FALSE,TRUE,TRUE
AE-MT5-P37,AE,5,XP209-PR,5,B,0,NA,-346,FALSE,TRUE,TRUE
VB-MT2-P23,VB,2,XP209-PR,5,B,0,NA,-346,FALSE,TRUE,TRUE
BP-MT4-P22,BP,4,XP209-PR,5,B,0,NA,-346,FALSE,TRUE,TRUE
IS-MT3-P102,IS,3,XP209-PR,5,B,0,NA,-346,FALSE,TRUE,TRUE
DC-MT4-P35,DC,4,XP209-PR,5,B,1,2025-02-24,-165,FALSE,TRUE,TRUE
BG-MT2-P48,BG,2,XP209-PR,5,B,0,NA,-165,FALSE,TRUE,TRUE
CH-MT5-P62,CH,5,XP209-PR,5,B,0,NA,-165,FALSE,TRUE,TRUE
BS-MT6-P13,BS,6,XP209-PR,5,B,0,NA,-165,FALSE,TRUE,TRUE
CP-MT2-P2,CP,2,XP209-PR,5,C,0,NA,-72,FALSE,TRUE,TRUE
EA-MT1-P86,EA,1,XP209-PR,5,C,0,NA,-346,FALSE,TRUE,TRUE
OP-MT6-P13,OP,6,XP209-PR,5,C,0,NA,-72,FALSE,TRUE,TRUE
DC-MT1-P28,DC,1,XP209-PR,5,C,0,NA,-165,FALSE,TRUE,TRUE
BG-MT4-P93,BG,4,XP209-PR,5,C,0,NA,-165,FALSE,TRUE,TRUE
BS-MT1-P50,BS,1,XP209-PR,5,C,1,2025-02-24,-259,FALSE,TRUE,TRUE
AE-MT1-P32,AE,1,XP209-PR,5,C,0,NA,-346,FALSE,TRUE,TRUE
CH-MT2-P19,CH,2,XP209-PR,5,C,0,NA,-165,FALSE,TRUE,TRUE
BU-MT3-P47,BU,3,XP209-PR,5,C,0,NA,-165,FALSE,TRUE,TRUE
IS-MT5-P61,IS,5,XP209-PR,5,C,1,2025-02-24,-259,FALSE,TRUE,TRUE
VB-MT5-P41,VB,5,XP209-PR,5,C,0,NA,-346,FALSE,TRUE,TRUE
BP-MT4-P97,BP,4,XP209-PR,5,C,0,NA,-346,FALSE,TRUE,TRUE
PG-MT5-P7,PG,5,XP209-PR,5,C,0,NA,-346,FALSE,TRUE,TRUE
BU-MT1-P67,BU,1,XP210-PR,1,A,1,2025-12-11,209,FALSE,FALSE,FALSE
BU-MT2-P58,BU,2,XP210-PR,1,A,0,NA,8,FALSE,FALSE,FALSE
EA-MT4-P1,EA,4,XP210-PR,1,A,0,NA,299,FALSE,FALSE,FALSE
OP-MT8-P38,OP,8,XP210-PR,1,A,0,NA,299,FALSE,FALSE,FALSE
BS-MT6-P75,BS,6,XP210-PR,1,A,0,NA,90,FALSE,FALSE,FALSE
IS-MT3-P53,IS,3,XP210-PR,1,A,0,NA,344,FALSE,FALSE,FALSE
AE-MT1-P69,AE,1,XP210-PR,1,A,0,NA,8,FALSE,FALSE,FALSE
VB-MT1-P48,VB,1,XP210-PR,1,A,0,NA,162,FALSE,FALSE,FALSE
MC-MT1-P10,MC,1,XP210-PR,1,A,0,NA,162,FALSE,FALSE,FALSE
DC-MT5-P56,DC,5,XP210-PR,1,A,1,2026-03-11,NA,FALSE,FALSE,FALSE
PG-MT4-P66,PG,4,XP210-PR,1,A,0,NA,8,FALSE,FALSE,FALSE
CP-MT5-P41,CP,5,XP210-PR,1,A,0,NA,162,FALSE,FALSE,FALSE
BG-MT1-P43,BG,1,XP210-PR,1,A,0,NA,162,FALSE,FALSE,FALSE
CH-MT4-P3,CH,4,XP210-PR,1,A,0,NA,162,FALSE,FALSE,FALSE
BP-MT2-P8,BP,2,XP210-PR,1,A,0,NA,8,FALSE,FALSE,FALSE
PA-MT7-P27,PA,7,XP210-PR,1,A,0,NA,162,FALSE,FALSE,FALSE
OP-MT7-P26,OP,7,XP210-PR,1,B,0,NA,299,FALSE,FALSE,FALSE
DC-MT3-P18,DC,3,XP210-PR,1,B,1,2025-12-11,72,FALSE,FALSE,FALSE
BS-MT7-P21,BS,7,XP210-PR,1,B,0,NA,162,FALSE,FALSE,FALSE
CH-MT2-P61,CH,2,XP210-PR,1,B,0,NA,162,FALSE,FALSE,FALSE
BG-MT5-P92,BG,5,XP210-PR,1,B,0,NA,162,FALSE,FALSE,FALSE
AE-MT5-P66,AE,5,XP210-PR,1,B,0,NA,8,FALSE,FALSE,FALSE
CP-MT4-P49,CP,4,XP210-PR,1,B,1,2026-03-11,299,FALSE,FALSE,FALSE
BP-MT5-P52,BP,5,XP210-PR,1,B,0,NA,8,FALSE,FALSE,FALSE
PA-MT6-P8,PA,6,XP210-PR,1,B,0,NA,299,FALSE,FALSE,FALSE
MC-MT1-P32,MC,1,XP210-PR,1,B,1,2025-12-11,72,FALSE,FALSE,FALSE
MC-MT1-P5,MC,1,XP210-PR,1,B,0,NA,8,FALSE,FALSE,FALSE
IS-MT3-P8,IS,3,XP210-PR,1,B,0,NA,90,FALSE,FALSE,FALSE
BU-MT2-P5,BU,2,XP210-PR,1,B,1,2026-03-11,162,FALSE,FALSE,FALSE
EA-MT1-P65,EA,1,XP210-PR,1,B,0,NA,90,FALSE,FALSE,FALSE
PG-MT2-P58,PG,2,XP210-PR,1,B,0,NA,8,FALSE,FALSE,FALSE
VB-MT4-P60,VB,4,XP210-PR,1,B,0,NA,8,FALSE,FALSE,FALSE
CH-MT4-P39,CH,4,XP210-PR,1,C,0,NA,162,FALSE,FALSE,FALSE
CP-MT1-P20,CP,1,XP210-PR,1,C,0,NA,162,FALSE,FALSE,FALSE
DC-MT2-P51,DC,2,XP210-PR,1,C,0,NA,162,FALSE,FALSE,FALSE
IS-MT4-P18,IS,4,XP210-PR,1,C,0,NA,299,FALSE,FALSE,FALSE
BP-MT3-P58,BP,3,XP210-PR,1,C,0,NA,8,FALSE,FALSE,FALSE
BS-MT6-P39,BS,6,XP210-PR,1,C,1,2026-03-11,90,FALSE,FALSE,FALSE
AE-MT3-P40,AE,3,XP210-PR,1,C,1,2026-03-11,8,FALSE,FALSE,FALSE
BG-MT3-P55,BG,3,XP210-PR,1,C,0,NA,162,FALSE,FALSE,FALSE
OP-MT8-P7,OP,8,XP210-PR,1,C,0,NA,299,FALSE,FALSE,FALSE
BU-MT4-P64,BU,4,XP210-PR,1,C,0,NA,162,FALSE,FALSE,FALSE
VB-MT2-P7,VB,2,XP210-PR,1,C,0,NA,8,FALSE,FALSE,FALSE
PG-MT5-P49,PG,5,XP210-PR,1,C,0,NA,8,FALSE,FALSE,FALSE
EA-MT2-P38,EA,2,XP210-PR,1,C,0,NA,8,FALSE,FALSE,FALSE
BS-MT7-P60,BS,7,XP210-PR,2,A,0,NA,90,FALSE,FALSE,FALSE
BG-MT4-P16,BG,4,XP210-PR,2,A,0,NA,162,FALSE,FALSE,FALSE
VB-MT1-P37,VB,1,XP210-PR,2,A,0,NA,162,FALSE,FALSE,FALSE
DC-MT4-P66,DC,4,XP210-PR,2,A,0,NA,162,FALSE,FALSE,FALSE
MC-MT2-P17,MC,2,XP210-PR,2,A,0,NA,162,FALSE,FALSE,FALSE
CP-MT2-P62,CP,2,XP210-PR,2,A,1,2025-09-30,137,FALSE,FALSE,FALSE
CP-MT5-P77,CP,5,XP210-PR,2,A,0,NA,8,FALSE,FALSE,FALSE
CH-MT1-P19,CH,1,XP210-PR,2,A,0,NA,299,FALSE,FALSE,FALSE
OP-MT9-P43,OP,9,XP210-PR,2,A,0,NA,344,FALSE,FALSE,FALSE
PA-MT3-P8,PA,3,XP210-PR,2,A,0,NA,344,FALSE,FALSE,FALSE
PG-MT5-P40,PG,5,XP210-PR,2,A,0,NA,8,FALSE,FALSE,FALSE
IS-MT2-P32,IS,2,XP210-PR,2,A,1,2025-05-16,45,FALSE,FALSE,FALSE
IS-MT1-P8,IS,1,XP210-PR,2,A,0,NA,90,FALSE,FALSE,FALSE
AE-MT4-P16,AE,4,XP210-PR,2,A,0,NA,8,FALSE,FALSE,FALSE
BP-MT3-P16,BP,3,XP210-PR,2,A,1,2026-03-11,8,FALSE,FALSE,FALSE
EA-MT5-P72,EA,5,XP210-PR,2,A,0,NA,90,FALSE,FALSE,FALSE
BU-MT5-P24,BU,5,XP210-PR,2,A,0,NA,162,FALSE,FALSE,FALSE
BU-MT4-P28,BU,4,XP210-PR,2,B,0,NA,162,FALSE,FALSE,FALSE
MC-MT3-P5,MC,3,XP210-PR,2,B,1,2026-03-11,162,FALSE,FALSE,FALSE
BG-MT2-P7,BG,2,XP210-PR,2,B,0,NA,162,FALSE,FALSE,FALSE
IS-MT5-P92,IS,5,XP210-PR,2,B,0,NA,344,FALSE,FALSE,FALSE
BS-MT5-P29,BS,5,XP210-PR,2,B,0,NA,162,FALSE,FALSE,FALSE
CH-MT3-P23,CH,3,XP210-PR,2,B,0,NA,162,FALSE,FALSE,FALSE
VB-MT2-P11,VB,2,XP210-PR,2,B,0,NA,8,FALSE,FALSE,FALSE
PG-MT2-P75,PG,2,XP210-PR,2,B,0,NA,8,FALSE,FALSE,FALSE
OP-MT2-P40,OP,2,XP210-PR,2,B,1,2025-05-16,45,FALSE,FALSE,FALSE
OP-MT9-P50,OP,9,XP210-PR,2,B,0,NA,90,FALSE,FALSE,FALSE
CP-MT2-P64,CP,2,XP210-PR,2,B,1,2025-09-30,137,FALSE,FALSE,FALSE
CP-MT5-P75,CP,5,XP210-PR,2,B,0,NA,8,FALSE,FALSE,FALSE
EA-MT1-P73,EA,1,XP210-PR,2,B,0,NA,90,FALSE,FALSE,FALSE
DC-MT1-P23,DC,1,XP210-PR,2,B,0,NA,162,FALSE,FALSE,FALSE
AE-MT3-P46,AE,3,XP210-PR,2,B,0,NA,8,FALSE,FALSE,FALSE
BP-MT1-P32,BP,1,XP210-PR,2,B,0,NA,8,FALSE,FALSE,FALSE
OP-MT6-P10,OP,6,XP210-PR,2,C,0,NA,299,FALSE,FALSE,FALSE
PG-MT1-P21,PG,1,XP210-PR,2,C,0,NA,8,FALSE,FALSE,FALSE
AE-MT2-P44,AE,2,XP210-PR,2,C,0,NA,8,FALSE,FALSE,FALSE
BU-MT2-P20,BU,2,XP210-PR,2,C,1,2026-03-11,162,FALSE,FALSE,FALSE
CH-MT3-P83,CH,3,XP210-PR,2,C,0,NA,162,FALSE,FALSE,FALSE
IS-MT1-P26,IS,1,XP210-PR,2,C,0,NA,299,FALSE,FALSE,FALSE
EA-MT1-P59,EA,1,XP210-PR,2,C,0,NA,90,FALSE,FALSE,FALSE
CP-MT3-P38,CP,3,XP210-PR,2,C,0,NA,299,FALSE,FALSE,FALSE
BP-MT1-P67,BP,1,XP210-PR,2,C,0,NA,8,FALSE,FALSE,FALSE
VB-MT2-P57,VB,2,XP210-PR,2,C,0,NA,8,FALSE,FALSE,FALSE
BG-MT2-P79,BG,2,XP210-PR,2,C,0,NA,162,FALSE,FALSE,FALSE
BS-MT1-P73,BS,1,XP210-PR,2,C,0,NA,90,FALSE,FALSE,FALSE
PA-MT6-P24,PA,6,XP210-PR,3,A,0,NA,299,FALSE,FALSE,FALSE
BS-MT6-P22,BS,6,XP210-PR,3,A,0,NA,162,FALSE,FALSE,FALSE
IS-MT1-P65,IS,1,XP210-PR,3,A,0,NA,299,FALSE,FALSE,FALSE
CP-MT3-P36,CP,3,XP210-PR,3,A,0,NA,299,FALSE,FALSE,FALSE
DC-MT1-P41,DC,1,XP210-PR,3,A,1,2025-12-11,72,FALSE,FALSE,FALSE
VB-MT5-P24,VB,5,XP210-PR,3,A,0,NA,8,FALSE,FALSE,FALSE
CH-MT5-P2,CH,5,XP210-PR,3,A,0,NA,162,FALSE,FALSE,FALSE
BP-MT1-P55,BP,1,XP210-PR,3,A,0,NA,8,FALSE,FALSE,FALSE
AE-MT5-P72,AE,5,XP210-PR,3,A,0,NA,8,FALSE,FALSE,FALSE
OP-MT9-P8,OP,9,XP210-PR,3,A,0,NA,344,FALSE,FALSE,FALSE
MC-MT3-P42,MC,3,XP210-PR,3,A,1,2026-03-11,162,FALSE,FALSE,FALSE
MC-MT2-P48,MC,2,XP210-PR,3,A,0,NA,8,FALSE,FALSE,FALSE
BG-MT5-P89,BG,5,XP210-PR,3,A,0,NA,162,FALSE,FALSE,FALSE
EA-MT2-P46,EA,2,XP210-PR,3,A,0,NA,8,FALSE,FALSE,FALSE
BU-MT5-P12,BU,5,XP210-PR,3,A,0,NA,162,FALSE,FALSE,FALSE
PG-MT4-P51,PG,4,XP210-PR,3,A,0,NA,8,FALSE,FALSE,FALSE
CP-MT3-P72,CP,3,XP210-PR,3,B,0,NA,8,FALSE,FALSE,FALSE
EA-MT1-P54,EA,1,XP210-PR,3,B,0,NA,90,FALSE,FALSE,FALSE
PA-MT6-P86,PA,6,XP210-PR,3,B,0,NA,8,FALSE,FALSE,FALSE
BU-MT1-P9,BU,1,XP210-PR,3,B,1,2025-12-11,209,FALSE,FALSE,FALSE
BU-MT2-P23,BU,2,XP210-PR,3,B,0,NA,8,FALSE,FALSE,FALSE
AE-MT3-P25,AE,3,XP210-PR,3,B,0,NA,8,FALSE,FALSE,FALSE
MC-MT3-P62,MC,3,XP210-PR,3,B,1,2025-12-11,72,FALSE,FALSE,FALSE
MC-MT2-P3,MC,2,XP210-PR,3,B,0,NA,8,FALSE,FALSE,FALSE
CH-MT4-P74,CH,4,XP210-PR,3,B,0,NA,162,FALSE,FALSE,FALSE
OP-MT7-P53,OP,7,XP210-PR,3,B,0,NA,299,FALSE,FALSE,FALSE
DC-MT5-P39,DC,5,XP210-PR,3,B,1,2026-03-11,162,FALSE,FALSE,FALSE
BP-MT4-P93,BP,4,XP210-PR,3,B,0,NA,8,FALSE,FALSE,FALSE
IS-MT4-P50,IS,4,XP210-PR,3,B,0,NA,299,FALSE,FALSE,FALSE
BS-MT1-P12,BS,1,XP210-PR,3,B,0,NA,162,FALSE,FALSE,FALSE
PG-MT4-P33,PG,4,XP210-PR,3,B,0,NA,8,FALSE,FALSE,FALSE
BG-MT3-P84,BG,3,XP210-PR,3,B,0,NA,162,FALSE,FALSE,FALSE
VB-MT4-P68,VB,4,XP210-PR,3,B,0,NA,8,FALSE,FALSE,FALSE
PA-MT7-P47,PA,7,XP210-PR,3,C,0,NA,162,FALSE,FALSE,FALSE
MC-MT2-P33,MC,2,XP210-PR,3,C,1,2025-12-11,72,FALSE,FALSE,FALSE
MC-MT1-P78,MC,1,XP210-PR,3,C,0,NA,8,FALSE,FALSE,FALSE
CH-MT2-P28,CH,2,XP210-PR,3,C,0,NA,162,FALSE,FALSE,FALSE
BG-MT1-P100,BG,1,XP210-PR,3,C,0,NA,162,FALSE,FALSE,FALSE
DC-MT3-P12,DC,3,XP210-PR,3,C,0,NA,162,FALSE,FALSE,FALSE
AE-MT4-P2,AE,4,XP210-PR,3,C,0,NA,8,FALSE,FALSE,FALSE
EA-MT1-P16,EA,1,XP210-PR,3,C,0,NA,90,FALSE,FALSE,FALSE
IS-MT5-P52,IS,5,XP210-PR,3,C,0,NA,90,FALSE,FALSE,FALSE
BP-MT4-P46,BP,4,XP210-PR,3,C,0,NA,8,FALSE,FALSE,FALSE
BS-MT7-P42,BS,7,XP210-PR,3,C,0,NA,90,FALSE,FALSE,FALSE
PG-MT5-P21,PG,5,XP210-PR,3,C,0,NA,8,FALSE,FALSE,FALSE
CP-MT1-P43,CP,1,XP210-PR,3,C,1,2025-12-11,72,FALSE,FALSE,FALSE
CP-MT1-P69,CP,1,XP210-PR,3,C,0,NA,8,FALSE,FALSE,FALSE
VB-MT2-P77,VB,2,XP210-PR,3,C,0,NA,8,FALSE,FALSE,FALSE
BU-MT3-P11,BU,3,XP210-PR,3,C,0,NA,162,FALSE,FALSE,FALSE
PA-MT3-P37,PA,3,XP210-PR,4,A,0,NA,344,FALSE,FALSE,FALSE
CH-MT3-P53,CH,3,XP210-PR,4,A,0,NA,162,FALSE,FALSE,FALSE
EA-MT3-P8,EA,3,XP210-PR,4,A,1,2025-09-30,137,FALSE,FALSE,FALSE
EA-MT1-P99,EA,1,XP210-PR,4,A,0,NA,90,FALSE,FALSE,FALSE
BP-MT2-P21,BP,2,XP210-PR,4,A,0,NA,8,FALSE,FALSE,FALSE
DC-MT3-P44,DC,3,XP210-PR,4,A,0,NA,8,FALSE,FALSE,FALSE
PG-MT3-P48,PG,3,XP210-PR,4,A,0,NA,8,FALSE,FALSE,FALSE
IS-MT3-P81,IS,3,XP210-PR,4,A,0,NA,344,FALSE,FALSE,FALSE
BG-MT1-P18,BG,1,XP210-PR,4,A,0,NA,162,FALSE,FALSE,FALSE
BU-MT4-P69,BU,4,XP210-PR,4,A,1,2026-03-03,154,FALSE,FALSE,FALSE
BU-MT4-P54,BU,4,XP210-PR,4,A,0,NA,8,FALSE,FALSE,FALSE
CP-MT5-P27,CP,5,XP210-PR,4,A,0,NA,162,FALSE,FALSE,FALSE
OP-MT2-P8,OP,2,XP210-PR,4,A,0,NA,344,FALSE,FALSE,FALSE
AE-MT3-P14,AE,3,XP210-PR,4,A,0,NA,8,FALSE,FALSE,FALSE
MC-MT1-P61,MC,1,XP210-PR,4,A,1,2025-12-11,72,FALSE,FALSE,FALSE
MC-MT1-P2,MC,1,XP210-PR,4,A,0,NA,8,FALSE,FALSE,FALSE
BS-MT1-P51,BS,1,XP210-PR,4,A,0,NA,90,FALSE,FALSE,FALSE
VB-MT5-P29,VB,5,XP210-PR,4,A,0,NA,8,FALSE,FALSE,FALSE
OP-MT6-P38,OP,6,XP210-PR,4,B,0,NA,299,FALSE,FALSE,FALSE
VB-MT5-P27,VB,5,XP210-PR,4,B,0,NA,8,FALSE,FALSE,FALSE
CH-MT1-P22,CH,1,XP210-PR,4,B,0,NA,299,FALSE,FALSE,FALSE
PA-MT6-P70,PA,6,XP210-PR,4,B,1,2026-03-11,90,FALSE,FALSE,FALSE
BG-MT3-P99,BG,3,XP210-PR,4,B,1,2026-03-03,154,FALSE,FALSE,FALSE
IS-MT2-P53,IS,2,XP210-PR,4,B,0,NA,344,FALSE,FALSE,FALSE
BP-MT4-P65,BP,4,XP210-PR,4,B,0,NA,8,FALSE,FALSE,FALSE
PG-MT1-P58,PG,1,XP210-PR,4,B,0,NA,8,FALSE,FALSE,FALSE
CP-MT4-P52,CP,4,XP210-PR,4,B,1,2026-03-11,299,FALSE,FALSE,FALSE
MC-MT2-P12,MC,2,XP210-PR,4,B,1,2026-03-03,154,FALSE,FALSE,FALSE
EA-MT1-P95,EA,1,XP210-PR,4,B,0,NA,8,FALSE,FALSE,FALSE
AE-MT5-P35,AE,5,XP210-PR,4,B,0,NA,8,FALSE,FALSE,FALSE
DC-MT4-P59,DC,4,XP210-PR,4,B,1,2026-03-03,154,FALSE,FALSE,FALSE
BU-MT3-P18,BU,3,XP210-PR,4,B,1,2026-03-03,154,FALSE,FALSE,FALSE
BS-MT6-P15,BS,6,XP210-PR,4,B,0,NA,162,FALSE,FALSE,FALSE
IS-MT5-P82,IS,5,XP210-PR,4,C,0,NA,344,FALSE,FALSE,FALSE
BP-MT2-P4,BP,2,XP210-PR,4,C,0,NA,8,FALSE,FALSE,FALSE
EA-MT2-P2,EA,2,XP210-PR,4,C,0,NA,299,FALSE,FALSE,FALSE
BS-MT1-P67,BS,1,XP210-PR,4,C,1,2026-03-03,82,FALSE,FALSE,FALSE
VB-MT4-P35,VB,4,XP210-PR,4,C,0,NA,8,FALSE,FALSE,FALSE
BU-MT3-P70,BU,3,XP210-PR,4,C,1,2026-03-03,154,FALSE,FALSE,FALSE
AE-MT2-P31,AE,2,XP210-PR,4,C,0,NA,8,FALSE,FALSE,FALSE
BG-MT4-P57,BG,4,XP210-PR,4,C,0,NA,162,FALSE,FALSE,FALSE
CP-MT2-P76,CP,2,XP210-PR,4,C,1,2026-03-11,8,FALSE,FALSE,FALSE
PG-MT2-P10,PG,2,XP210-PR,4,C,0,NA,8,FALSE,FALSE,FALSE
CH-MT5-P25,CH,5,XP210-PR,4,C,0,NA,162,FALSE,FALSE,FALSE
DC-MT2-P33,DC,2,XP210-PR,4,C,0,NA,8,FALSE,FALSE,FALSE
IS-MT5-P20,IS,5,XP210-PR,5,A,0,NA,344,FALSE,FALSE,FALSE
CP-MT4-P29,CP,4,XP210-PR,5,A,1,2026-03-11,299,FALSE,FALSE,FALSE
PA-MT6-P29,PA,6,XP210-PR,5,A,1,2026-03-11,299,FALSE,FALSE,FALSE
BG-MT2-P22,BG,2,XP210-PR,5,A,0,NA,162,FALSE,FALSE,FALSE
PG-MT2-P8,PG,2,XP210-PR,5,A,0,NA,8,FALSE,FALSE,FALSE
AE-MT1-P52,AE,1,XP210-PR,5,A,0,NA,8,FALSE,FALSE,FALSE
DC-MT5-P57,DC,5,XP210-PR,5,A,1,2026-03-11,162,FALSE,FALSE,FALSE
OP-MT2-P44,OP,2,XP210-PR,5,B,0,NA,344,FALSE,FALSE,FALSE
CP-MT2-P22,CP,2,XP210-PR,5,B,0,NA,299,FALSE,FALSE,FALSE
DC-MT3-P4,DC,3,XP210-PR,5,B,0,NA,162,FALSE,FALSE,FALSE
BU-MT1-P44,BU,1,XP210-PR,5,B,1,2026-03-11,299,FALSE,FALSE,FALSE
AE-MT1-P40,AE,1,XP210-PR,5,B,0,NA,8,FALSE,FALSE,FALSE
IS-MT3-P90,IS,3,XP210-PR,5,B,0,NA,8,FALSE,FALSE,FALSE
BG-MT4-P50,BG,4,XP210-PR,5,B,0,NA,162,FALSE,FALSE,FALSE
PG-MT3-P72,PG,3,XP210-PR,5,B,0,NA,8,FALSE,FALSE,FALSE
CH-MT4-P28,CH,4,XP210-PR,5,B,1,2026-03-11,162,FALSE,FALSE,FALSE
CP-MT2-P41,CP,2,XP210-PR,5,C,0,NA,299,FALSE,FALSE,FALSE
IS-MT1-P46,IS,1,XP210-PR,5,C,1,2026-03-11,299,FALSE,FALSE,FALSE
PG-MT4-P68,PG,4,XP210-PR,5,C,0,NA,8,FALSE,FALSE,FALSE
BG-MT5-P3,BG,5,XP210-PR,5,C,0,NA,162,FALSE,FALSE,FALSE
CH-MT2-P67,CH,2,XP210-PR,5,C,0,NA,162,FALSE,FALSE,FALSE
DC-MT1-P21,DC,1,XP210-PR,5,C,1,2026-03-11,162,FALSE,FALSE,FALSE
AE-MT5-P97,AE,5,XP210-PR,5,C,0,NA,8,FALSE,FALSE,FALSE
OP-MT2-P21,OP,2,XP211-PR,1,A,0,NA,347,FALSE,FALSE,FALSE
CH-MT1-P51,CH,1,XP211-PR,1,A,1,2025-12-09,201,FALSE,FALSE,FALSE
CH-MT3-P71,CH,3,XP211-PR,1,A,0,NA,32,FALSE,FALSE,FALSE
PG-MT1-P95,PG,1,XP211-PR,1,A,0,NA,32,FALSE,FALSE,FALSE
BU-MT4-P46,BU,4,XP211-PR,1,A,0,NA,152,FALSE,FALSE,FALSE
AE-MT1-P59,AE,1,XP211-PR,1,A,0,NA,32,FALSE,FALSE,FALSE
IS-MT3-P75,IS,3,XP211-PR,1,A,0,NA,347,FALSE,FALSE,FALSE
VB-MT4-P41,VB,4,XP211-PR,1,A,0,NA,32,FALSE,FALSE,FALSE
BP-MT1-P53,BP,1,XP211-PR,1,A,0,NA,32,FALSE,FALSE,FALSE
DC-MT3-P27,DC,3,XP211-PR,1,A,0,NA,152,FALSE,FALSE,FALSE
BS-MT7-P62,BS,7,XP211-PR,1,A,0,NA,98,FALSE,FALSE,FALSE
CP-MT1-P30,CP,1,XP211-PR,1,A,0,NA,152,FALSE,FALSE,FALSE
EA-MT3-P53,EA,3,XP211-PR,1,A,0,NA,32,FALSE,FALSE,FALSE
BG-MT3-P64,BG,3,XP211-PR,1,A,0,NA,152,FALSE,FALSE,FALSE
BG-MT1-P40,BG,1,XP211-PR,1,B,0,NA,152,FALSE,FALSE,FALSE
VB-MT1-P24,VB,1,XP211-PR,1,B,0,NA,152,FALSE,FALSE,FALSE
PA-MT7-P43,PA,7,XP211-PR,1,B,0,NA,152,FALSE,FALSE,FALSE
BS-MT7-P8,BS,7,XP211-PR,1,B,0,NA,152,FALSE,FALSE,FALSE
PG-MT3-P53,PG,3,XP211-PR,1,B,0,NA,32,FALSE,FALSE,FALSE
BP-MT2-P23,BP,2,XP211-PR,1,B,0,NA,32,FALSE,FALSE,FALSE
CP-MT3-P62,CP,3,XP211-PR,1,B,0,NA,299,FALSE,FALSE,FALSE
CH-MT3-P65,CH,3,XP211-PR,1,B,0,NA,152,FALSE,FALSE,FALSE
DC-MT5-P8,DC,5,XP211-PR,1,B,0,NA,152,FALSE,FALSE,FALSE
IS-MT3-P45,IS,3,XP211-PR,1,B,0,NA,98,FALSE,FALSE,FALSE
EA-MT2-P40,EA,2,XP211-PR,1,B,0,NA,32,FALSE,FALSE,FALSE
AE-MT4-P45,AE,4,XP211-PR,1,B,0,NA,32,FALSE,FALSE,FALSE
BU-MT3-P35,BU,3,XP211-PR,1,B,0,NA,152,FALSE,FALSE,FALSE
BU-MT1-P70,BU,1,XP211-PR,1,C,0,NA,299,FALSE,FALSE,FALSE
BS-MT1-P41,BS,1,XP211-PR,1,C,0,NA,98,FALSE,FALSE,FALSE
EA-MT2-P1,EA,2,XP211-PR,1,C,0,NA,299,FALSE,FALSE,FALSE
DC-MT4-P52,DC,4,XP211-PR,1,C,0,NA,152,FALSE,FALSE,FALSE
BG-MT5-P1,BG,5,XP211-PR,1,C,0,NA,152,FALSE,FALSE,FALSE
CP-MT4-P33,CP,4,XP211-PR,1,C,0,NA,299,FALSE,FALSE,FALSE
IS-MT1-P4,IS,1,XP211-PR,1,C,0,NA,299,FALSE,FALSE,FALSE
PA-MT6-P1,PA,6,XP211-PR,1,C,0,NA,299,FALSE,FALSE,FALSE
BP-MT4-P17,BP,4,XP211-PR,1,C,0,NA,32,FALSE,FALSE,FALSE
CH-MT1-P21,CH,1,XP211-PR,1,C,1,2026-03-17,299,FALSE,FALSE,FALSE
MC-MT2-P24,MC,2,XP211-PR,1,C,0,NA,152,FALSE,FALSE,FALSE
VB-MT3-P61,VB,3,XP211-PR,1,C,0,NA,32,FALSE,FALSE,FALSE
PG-MT5-P69,PG,5,XP211-PR,1,C,0,NA,32,FALSE,FALSE,FALSE
AE-MT2-P43,AE,2,XP211-PR,1,C,0,NA,32,FALSE,FALSE,FALSE
PG-MT3-P34,PG,3,XP211-PR,2,A,0,NA,32,FALSE,FALSE,FALSE
BU-MT2-P55,BU,2,XP211-PR,2,A,0,NA,152,FALSE,FALSE,FALSE
PA-MT6-P84,PA,6,XP211-PR,2,A,0,NA,98,FALSE,FALSE,FALSE
VB-MT2-P26,VB,2,XP211-PR,2,A,0,NA,32,FALSE,FALSE,FALSE
CH-MT5-P34,CH,5,XP211-PR,2,A,0,NA,152,FALSE,FALSE,FALSE
DC-MT4-P54,DC,4,XP211-PR,2,A,0,NA,32,FALSE,FALSE,FALSE
OP-MT9-P30,OP,9,XP211-PR,2,A,0,NA,347,FALSE,FALSE,FALSE
IS-MT3-P7,IS,3,XP211-PR,2,A,0,NA,347,FALSE,FALSE,FALSE
AE-MT1-P4,AE,1,XP211-PR,2,A,0,NA,32,FALSE,FALSE,FALSE
MC-MT3-P19,MC,3,XP211-PR,2,A,0,NA,152,FALSE,FALSE,FALSE
BS-MT6-P21,BS,6,XP211-PR,2,A,0,NA,152,FALSE,FALSE,FALSE
BG-MT4-P77,BG,4,XP211-PR,2,A,0,NA,152,FALSE,FALSE,FALSE
EA-MT5-P22,EA,5,XP211-PR,2,A,0,NA,98,FALSE,FALSE,FALSE
BP-MT5-P31,BP,5,XP211-PR,2,A,0,NA,32,FALSE,FALSE,FALSE
CP-MT5-P38,CP,5,XP211-PR,2,B,0,NA,152,FALSE,FALSE,FALSE
VB-MT2-P66,VB,2,XP211-PR,2,B,0,NA,32,FALSE,FALSE,FALSE
MC-MT1-P12,MC,1,XP211-PR,2,B,0,NA,152,FALSE,FALSE,FALSE
BP-MT1-P75,BP,1,XP211-PR,2,B,0,NA,32,FALSE,FALSE,FALSE
AE-MT3-P45,AE,3,XP211-PR,2,B,0,NA,32,FALSE,FALSE,FALSE
EA-MT3-P2,EA,3,XP211-PR,2,B,0,NA,299,FALSE,FALSE,FALSE
PG-MT3-P41,PG,3,XP211-PR,2,B,0,NA,32,FALSE,FALSE,FALSE
BG-MT2-P97,BG,2,XP211-PR,2,B,0,NA,152,FALSE,FALSE,FALSE
IS-MT5-P33,IS,5,XP211-PR,2,B,0,NA,347,FALSE,FALSE,FALSE
BU-MT5-P16,BU,5,XP211-PR,2,B,0,NA,152,FALSE,FALSE,FALSE
OP-MT8-P42,OP,8,XP211-PR,2,B,0,NA,299,FALSE,FALSE,FALSE
BS-MT7-P52,BS,7,XP211-PR,2,B,0,NA,98,FALSE,FALSE,FALSE
DC-MT4-P37,DC,4,XP211-PR,2,B,1,2026-03-17,152,FALSE,FALSE,FALSE
CH-MT4-P19,CH,4,XP211-PR,2,B,0,NA,152,FALSE,FALSE,FALSE
OP-MT7-P20,OP,7,XP211-PR,2,C,0,NA,299,FALSE,FALSE,FALSE
IS-MT4-P33,IS,4,XP211-PR,2,C,0,NA,299,FALSE,FALSE,FALSE
VB-MT5-P43,VB,5,XP211-PR,2,C,0,NA,32,FALSE,FALSE,FALSE
DC-MT3-P41,DC,3,XP211-PR,2,C,1,2025-12-09,54,FALSE,FALSE,FALSE
MC-MT3-P59,MC,3,XP211-PR,2,C,0,NA,152,FALSE,FALSE,FALSE
CH-MT4-P9,CH,4,XP211-PR,2,C,0,NA,152,FALSE,FALSE,FALSE
PG-MT1-P59,PG,1,XP211-PR,2,C,0,NA,32,FALSE,FALSE,FALSE
CP-MT2-P55,CP,2,XP211-PR,2,C,0,NA,299,FALSE,FALSE,FALSE
BP-MT3-P57,BP,3,XP211-PR,2,C,0,NA,32,FALSE,FALSE,FALSE
AE-MT5-P42,AE,5,XP211-PR,2,C,0,NA,32,FALSE,FALSE,FALSE
BS-MT6-P63,BS,6,XP211-PR,2,C,0,NA,98,FALSE,FALSE,FALSE
BU-MT5-P5,BU,5,XP211-PR,2,C,0,NA,152,FALSE,FALSE,FALSE
EA-MT5-P47,EA,5,XP211-PR,2,C,0,NA,98,FALSE,FALSE,FALSE
BG-MT3-P66,BG,3,XP211-PR,2,C,0,NA,152,FALSE,FALSE,FALSE
BU-MT1-P69,BU,1,XP211-PR,3,A,0,NA,299,FALSE,FALSE,FALSE
VB-MT2-P32,VB,2,XP211-PR,3,A,0,NA,32,FALSE,FALSE,FALSE
OP-MT8-P56,OP,8,XP211-PR,3,A,1,2025-10-16,147,FALSE,FALSE,FALSE
OP-MT7-P62,OP,7,XP211-PR,3,A,0,NA,98,FALSE,FALSE,FALSE
PA-MT3-P6,PA,3,XP211-PR,3,A,0,NA,347,FALSE,FALSE,FALSE
CH-MT3-P7,CH,3,XP211-PR,3,A,0,NA,152,FALSE,FALSE,FALSE
BG-MT1-P38,BG,1,XP211-PR,3,A,0,NA,152,FALSE,FALSE,FALSE
DC-MT5-P62,DC,5,XP211-PR,3,A,0,NA,32,FALSE,FALSE,FALSE
BS-MT1-P79,BS,1,XP211-PR,3,A,0,NA,98,FALSE,FALSE,FALSE
EA-MT1-P8,EA,1,XP211-PR,3,A,0,NA,98,FALSE,FALSE,FALSE
IS-MT2-P11,IS,2,XP211-PR,3,A,0,NA,347,FALSE,FALSE,FALSE
AE-MT5-P53,AE,5,XP211-PR,3,A,0,NA,32,FALSE,FALSE,FALSE
PG-MT5-P59,PG,5,XP211-PR,3,A,0,NA,32,FALSE,FALSE,FALSE
BP-MT4-P28,BP,4,XP211-PR,3,A,0,NA,32,FALSE,FALSE,FALSE
CP-MT1-P41,CP,1,XP211-PR,3,A,0,NA,152,FALSE,FALSE,FALSE
OP-MT6-P31,OP,6,XP211-PR,3,B,0,NA,299,FALSE,FALSE,FALSE
BU-MT4-P43,BU,4,XP211-PR,3,B,0,NA,152,FALSE,FALSE,FALSE
IS-MT5-P43,IS,5,XP211-PR,3,B,0,NA,347,FALSE,FALSE,FALSE
CH-MT2-P63,CH,2,XP211-PR,3,B,0,NA,152,FALSE,FALSE,FALSE
BP-MT1-P68,BP,1,XP211-PR,3,B,0,NA,32,FALSE,FALSE,FALSE
BS-MT1-P11,BS,1,XP211-PR,3,B,0,NA,152,FALSE,FALSE,FALSE
MC-MT3-P37,MC,3,XP211-PR,3,B,0,NA,152,FALSE,FALSE,FALSE
EA-MT5-P36,EA,5,XP211-PR,3,B,1,2026-03-17,98,FALSE,FALSE,FALSE
PG-MT1-P52,PG,1,XP211-PR,3,B,0,NA,32,FALSE,FALSE,FALSE
PA-MT6-P27,PA,6,XP211-PR,3,B,0,NA,299,FALSE,FALSE,FALSE
AE-MT3-P54,AE,3,XP211-PR,3,B,0,NA,32,FALSE,FALSE,FALSE
BG-MT5-P8,BG,5,XP211-PR,3,B,0,NA,152,FALSE,FALSE,FALSE
DC-MT1-P7,DC,1,XP211-PR,3,B,0,NA,152,FALSE,FALSE,FALSE
VB-MT5-P31,VB,5,XP211-PR,3,B,0,NA,32,FALSE,FALSE,FALSE
BU-MT2-P26,BU,2,XP211-PR,3,C,0,NA,152,FALSE,FALSE,FALSE
OP-MT6-P12,OP,6,XP211-PR,3,C,0,NA,299,FALSE,FALSE,FALSE
DC-MT5-P67,DC,5,XP211-PR,3,C,1,2026-03-17,152,FALSE,FALSE,FALSE
IS-MT1-P29,IS,1,XP211-PR,3,C,0,NA,299,FALSE,FALSE,FALSE
EA-MT5-P43,EA,5,XP211-PR,3,C,0,NA,98,FALSE,FALSE,FALSE
AE-MT4-P41,AE,4,XP211-PR,3,C,0,NA,32,FALSE,FALSE,FALSE
CP-MT2-P65,CP,2,XP211-PR,3,C,0,NA,299,FALSE,FALSE,FALSE
VB-MT5-P54,VB,5,XP211-PR,3,C,0,NA,32,FALSE,FALSE,FALSE
BG-MT1-P76,BG,1,XP211-PR,3,C,1,2026-03-17,152,FALSE,FALSE,FALSE
PG-MT4-P11,PG,4,XP211-PR,3,C,0,NA,32,FALSE,FALSE,FALSE
BP-MT3-P24,BP,3,XP211-PR,3,C,0,NA,32,FALSE,FALSE,FALSE
PA-MT7-P13,PA,7,XP211-PR,3,C,0,NA,152,FALSE,FALSE,FALSE
BS-MT6-P69,BS,6,XP211-PR,3,C,0,NA,98,FALSE,FALSE,FALSE
CH-MT3-P69,CH,3,XP211-PR,3,C,0,NA,152,FALSE,FALSE,FALSE
AE-MT4-P6,AE,4,XP211-PR,4,A,0,NA,32,FALSE,FALSE,FALSE
PG-MT5-P17,PG,5,XP211-PR,4,A,0,NA,32,FALSE,FALSE,FALSE
MC-MT1-P70,MC,1,XP211-PR,4,A,0,NA,152,FALSE,FALSE,FALSE
IS-MT2-P76,IS,2,XP211-PR,4,A,0,NA,347,FALSE,FALSE,FALSE
CP-MT3-P12,CP,3,XP211-PR,4,A,0,NA,299,FALSE,FALSE,FALSE
BS-MT5-P37,BS,5,XP211-PR,4,A,0,NA,152,FALSE,FALSE,FALSE
CH-MT4-P56,CH,4,XP211-PR,4,A,0,NA,152,FALSE,FALSE,FALSE
BP-MT4-P85,BP,4,XP211-PR,4,A,0,NA,32,FALSE,FALSE,FALSE
PA-MT3-P1,PA,3,XP211-PR,4,A,0,NA,347,FALSE,FALSE,FALSE
BU-MT4-P67,BU,4,XP211-PR,4,A,0,NA,152,FALSE,FALSE,FALSE
OP-MT9-P42,OP,9,XP211-PR,4,A,0,NA,347,FALSE,FALSE,FALSE
EA-MT4-P44,EA,4,XP211-PR,4,A,0,NA,32,FALSE,FALSE,FALSE
BG-MT2-P36,BG,2,XP211-PR,4,A,0,NA,152,FALSE,FALSE,FALSE
VB-MT2-P1,VB,2,XP211-PR,4,A,0,NA,32,FALSE,FALSE,FALSE
MC-MT1-P30,MC,1,XP211-PR,4,B,1,2026-03-17,152,FALSE,FALSE,FALSE
BU-MT3-P44,BU,3,XP211-PR,4,B,0,NA,152,FALSE,FALSE,FALSE
CP-MT4-P48,CP,4,XP211-PR,4,B,0,NA,299,FALSE,FALSE,FALSE
VB-MT3-P42,VB,3,XP211-PR,4,B,0,NA,32,FALSE,FALSE,FALSE
OP-MT2-P62,OP,2,XP211-PR,4,B,0,NA,347,FALSE,FALSE,FALSE
DC-MT1-P33,DC,1,XP211-PR,4,B,0,NA,152,FALSE,FALSE,FALSE
EA-MT5-P8,EA,5,XP211-PR,4,B,0,NA,98,FALSE,FALSE,FALSE
AE-MT5-P16,AE,5,XP211-PR,4,B,0,NA,32,FALSE,FALSE,FALSE
BP-MT2-P13,BP,2,XP211-PR,4,B,0,NA,32,FALSE,FALSE,FALSE
BS-MT1-P32,BS,1,XP211-PR,4,B,1,2026-03-17,98,FALSE,FALSE,FALSE
PG-MT5-P32,PG,5,XP211-PR,4,B,0,NA,32,FALSE,FALSE,FALSE
BG-MT3-P52,BG,3,XP211-PR,4,B,0,NA,152,FALSE,FALSE,FALSE
PA-MT3-P65,PA,3,XP211-PR,4,B,0,NA,32,FALSE,FALSE,FALSE
CH-MT5-P7,CH,5,XP211-PR,4,B,0,NA,152,FALSE,FALSE,FALSE
IS-MT5-P71,IS,5,XP211-PR,4,B,0,NA,98,FALSE,FALSE,FALSE
EA-MT4-P26,EA,4,XP211-PR,4,C,0,NA,299,FALSE,FALSE,FALSE
BS-MT5-P7,BS,5,XP211-PR,4,C,0,NA,152,FALSE,FALSE,FALSE
PG-MT1-P66,PG,1,XP211-PR,4,C,0,NA,32,FALSE,FALSE,FALSE
BP-MT2-P72,BP,2,XP211-PR,4,C,1,2026-03-17,32,FALSE,FALSE,FALSE
OP-MT7-P9,OP,7,XP211-PR,4,C,0,NA,299,FALSE,FALSE,FALSE
CH-MT2-P43,CH,2,XP211-PR,4,C,0,NA,152,FALSE,FALSE,FALSE
IS-MT4-P16,IS,4,XP211-PR,4,C,1,2025-10-16,147,FALSE,FALSE,FALSE
IS-MT4-P1,IS,4,XP211-PR,4,C,0,NA,98,FALSE,FALSE,FALSE
AE-MT3-P87,AE,3,XP211-PR,4,C,0,NA,32,FALSE,FALSE,FALSE
BG-MT4-P56,BG,4,XP211-PR,4,C,0,NA,152,FALSE,FALSE,FALSE
DC-MT2-P14,DC,2,XP211-PR,4,C,0,NA,152,FALSE,FALSE,FALSE
BU-MT3-P54,BU,3,XP211-PR,4,C,0,NA,152,FALSE,FALSE,FALSE
CP-MT5-P7,CP,5,XP211-PR,4,C,0,NA,152,FALSE,FALSE,FALSE
MC-MT2-P43,MC,2,XP211-PR,4,C,1,2026-03-17,152,FALSE,FALSE,FALSE
VB-MT1-P4,VB,1,XP211-PR,4,C,0,NA,152,FALSE,FALSE,FALSE
IS-MT2-P78,IS,2,XP211-PR,5,A,1,2026-03-17,347,FALSE,FALSE,FALSE
CP-MT3-P51,CP,3,XP211-PR,5,A,1,2026-03-17,299,FALSE,FALSE,FALSE
BU-MT1-P12,BU,1,XP211-PR,5,A,0,NA,299,FALSE,FALSE,FALSE
AE-MT2-P58,AE,2,XP211-PR,5,A,0,NA,32,FALSE,FALSE,FALSE
PG-MT3-P32,PG,3,XP211-PR,5,A,0,NA,32,FALSE,FALSE,FALSE
DC-MT4-P17,DC,4,XP211-PR,5,A,1,2026-03-17,152,FALSE,FALSE,FALSE
VB-MT3-P52,VB,3,XP211-PR,5,A,0,NA,32,FALSE,FALSE,FALSE
BP-MT5-P30,BP,5,XP211-PR,5,A,0,NA,32,FALSE,FALSE,FALSE
BG-MT4-P70,BG,4,XP211-PR,5,A,0,NA,152,FALSE,FALSE,FALSE
PA-MT3-P56,PA,3,XP211-PR,5,B,1,2026-03-17,347,FALSE,FALSE,FALSE
CP-MT2-P12,CP,2,XP211-PR,5,B,1,2026-03-17,299,FALSE,FALSE,FALSE
IS-MT1-P58,IS,1,XP211-PR,5,B,1,2026-03-17,299,FALSE,FALSE,FALSE
EA-MT5-P90,EA,5,XP211-PR,5,B,0,NA,32,FALSE,FALSE,FALSE
CH-MT2-P49,CH,2,XP211-PR,5,B,0,NA,152,FALSE,FALSE,FALSE
BG-MT5-P29,BG,5,XP211-PR,5,B,1,2026-03-17,152,FALSE,FALSE,FALSE
BP-MT3-P19,BP,3,XP211-PR,5,B,0,NA,32,FALSE,FALSE,FALSE
VB-MT4-P73,VB,4,XP211-PR,5,B,0,NA,32,FALSE,FALSE,FALSE
BS-MT6-P89,BS,6,XP211-PR,5,B,0,NA,32,FALSE,FALSE,FALSE
PG-MT2-P27,PG,2,XP211-PR,5,B,0,NA,32,FALSE,FALSE,FALSE
DC-MT1-P49,DC,1,XP211-PR,5,B,1,2026-03-17,152,FALSE,FALSE,FALSE
AE-MT1-P73,AE,1,XP211-PR,5,B,0,NA,32,FALSE,FALSE,FALSE
OP-MT9-P44,OP,9,XP211-PR,5,C,1,2026-03-17,347,FALSE,FALSE,FALSE
CP-MT4-P37,CP,4,XP211-PR,5,C,0,NA,299,FALSE,FALSE,FALSE
PA-MT6-P52,PA,6,XP211-PR,5,C,1,2026-03-17,299,FALSE,FALSE,FALSE
IS-MT3-P98,IS,3,XP211-PR,5,C,0,NA,32,FALSE,FALSE,FALSE
PG-MT4-P37,PG,4,XP211-PR,5,C,0,NA,32,FALSE,FALSE,FALSE
EA-MT5-P84,EA,5,XP211-PR,5,C,0,NA,32,FALSE,FALSE,FALSE
BP-MT5-P16,BP,5,XP211-PR,5,C,0,NA,32,FALSE,FALSE,FALSE
DC-MT3-P22,DC,3,XP211-PR,5,C,0,NA,152,FALSE,FALSE,FALSE
AE-MT4-P41,AE,4,XP211-PR,5,C,0,NA,32,FALSE,FALSE,FALSE
BG-MT2-P15,BG,2,XP211-PR,5,C,0,NA,152,FALSE,FALSE,FALSE
VB-MT4-P2,VB,4,XP211-PR,5,C,0,NA,32,FALSE,FALSE,FALSE
CH-MT4-P8,CH,4,XP211-PR,5,C,0,NA,152,FALSE,FALSE,FALSE
CH-MT5-P21,CH,5,XP212-PR,1,A,0,NA,155,FALSE,FALSE,FALSE
BS-MT5-P12,BS,5,XP212-PR,1,A,0,NA,155,FALSE,FALSE,FALSE
EA-MT4-P7,EA,4,XP212-PR,1,A,0,NA,304,FALSE,FALSE,FALSE
MC-MT3-P3,MC,3,XP212-PR,1,A,0,NA,155,FALSE,FALSE,FALSE
VB-MT4-P19,VB,4,XP212-PR,1,A,0,NA,6,FALSE,FALSE,FALSE
BP-MT1-P45,BP,1,XP212-PR,1,A,1,2026-03-19,6,FALSE,FALSE,FALSE
PA-MT6-P75,PA,6,XP212-PR,1,A,0,NA,304,FALSE,FALSE,FALSE
OP-MT2-P36,OP,2,XP212-PR,1,A,0,NA,-14,FALSE,TRUE,FALSE
IS-MT3-P37,IS,3,XP212-PR,1,A,1,2026-03-19,-14,FALSE,TRUE,FALSE
CP-MT3-P15,CP,3,XP212-PR,1,A,1,2025-10-15,149,FALSE,FALSE,FALSE
CP-MT5-P78,CP,5,XP212-PR,1,A,0,NA,6,FALSE,FALSE,FALSE
AE-MT1-P6,AE,1,XP212-PR,1,A,0,NA,6,FALSE,FALSE,FALSE
PG-MT2-P22,PG,2,XP212-PR,1,A,0,NA,6,FALSE,FALSE,FALSE
BG-MT4-P49,BG,4,XP212-PR,1,A,0,NA,155,FALSE,FALSE,FALSE
BU-MT2-P36,BU,2,XP212-PR,1,A,0,NA,155,FALSE,FALSE,FALSE
DC-MT4-P23,DC,4,XP212-PR,1,A,0,NA,155,FALSE,FALSE,FALSE
EA-MT2-P11,EA,2,XP212-PR,1,B,1,2025-10-15,149,FALSE,FALSE,FALSE
EA-MT2-P100,EA,2,XP212-PR,1,B,1,2026-03-19,100,FALSE,FALSE,FALSE
CP-MT5-P55,CP,5,XP212-PR,1,B,0,NA,155,FALSE,FALSE,FALSE
BU-MT3-P20,BU,3,XP212-PR,1,B,1,2025-12-09,55,FALSE,FALSE,FALSE
BU-MT3-P82,BU,3,XP212-PR,1,B,0,NA,6,FALSE,FALSE,FALSE
CH-MT4-P66,CH,4,XP212-PR,1,B,0,NA,155,FALSE,FALSE,FALSE
AE-MT2-P3,AE,2,XP212-PR,1,B,0,NA,6,FALSE,FALSE,FALSE
PA-MT6-P54,PA,6,XP212-PR,1,B,1,2025-10-15,149,FALSE,FALSE,FALSE
PA-MT6-P56,PA,6,XP212-PR,1,B,1,2026-03-19,100,FALSE,FALSE,FALSE
IS-MT2-P67,IS,2,XP212-PR,1,B,0,NA,-14,FALSE,TRUE,FALSE
PG-MT2-P49,PG,2,XP212-PR,1,B,1,2026-03-19,6,FALSE,FALSE,FALSE
OP-MT8-P67,OP,8,XP212-PR,1,B,1,2025-10-15,149,FALSE,FALSE,FALSE
OP-MT8-P60,OP,8,XP212-PR,1,B,0,NA,100,FALSE,FALSE,FALSE
VB-MT3-P33,VB,3,XP212-PR,1,B,0,NA,6,FALSE,FALSE,FALSE
BS-MT6-P14,BS,6,XP212-PR,1,B,0,NA,155,FALSE,FALSE,FALSE
DC-MT2-P12,DC,2,XP212-PR,1,B,1,2026-03-19,6,FALSE,FALSE,FALSE
BP-MT2-P11,BP,2,XP212-PR,1,B,0,NA,6,FALSE,FALSE,FALSE
BG-MT4-P54,BG,4,XP212-PR,1,B,1,2026-03-19,155,FALSE,FALSE,FALSE
CP-MT5-P32,CP,5,XP212-PR,1,C,0,NA,155,FALSE,FALSE,FALSE
BU-MT1-P39,BU,1,XP212-PR,1,C,1,2025-10-15,149,FALSE,FALSE,FALSE
BU-MT1-P64,BU,1,XP212-PR,1,C,0,NA,100,FALSE,FALSE,FALSE
AE-MT2-P42,AE,2,XP212-PR,1,C,0,NA,6,FALSE,FALSE,FALSE
EA-MT5-P31,EA,5,XP212-PR,1,C,0,NA,100,FALSE,FALSE,FALSE
CH-MT4-P70,CH,4,XP212-PR,1,C,0,NA,155,FALSE,FALSE,FALSE
IS-MT5-P44,IS,5,XP212-PR,1,C,1,2025-12-09,-114,FALSE,TRUE,FALSE
IS-MT5-P65,IS,5,XP212-PR,1,C,0,NA,6,FALSE,FALSE,FALSE
PG-MT4-P18,PG,4,XP212-PR,1,C,1,2026-03-19,6,FALSE,FALSE,FALSE
DC-MT5-P23,DC,5,XP212-PR,1,C,1,2025-12-09,55,FALSE,FALSE,FALSE
VB-MT3-P43,VB,3,XP212-PR,1,C,0,NA,6,FALSE,FALSE,FALSE
BP-MT2-P5,BP,2,XP212-PR,1,C,0,NA,6,FALSE,FALSE,FALSE
OP-MT6-P44,OP,6,XP212-PR,1,C,1,2025-10-15,149,FALSE,FALSE,FALSE
OP-MT2-P26,OP,2,XP212-PR,1,C,0,NA,100,FALSE,FALSE,FALSE
BS-MT6-P68,BS,6,XP212-PR,1,C,0,NA,100,FALSE,FALSE,FALSE
BG-MT5-P73,BG,5,XP212-PR,1,C,0,NA,155,FALSE,FALSE,FALSE
DC-MT3-P28,DC,3,XP212-PR,2,A,1,2025-12-09,55,FALSE,FALSE,FALSE
PG-MT3-P2,PG,3,XP212-PR,2,A,0,NA,6,FALSE,FALSE,FALSE
CP-MT1-P15,CP,1,XP212-PR,2,A,1,2026-03-19,155,FALSE,FALSE,FALSE
OP-MT9-P48,OP,9,XP212-PR,2,A,1,2025-05-16,-321,FALSE,TRUE,FALSE
OP-MT9-P51,OP,9,XP212-PR,2,A,0,NA,100,FALSE,FALSE,FALSE
BU-MT5-P15,BU,5,XP212-PR,2,A,0,NA,155,FALSE,FALSE,FALSE
BS-MT6-P26,BS,6,XP212-PR,2,A,0,NA,155,FALSE,FALSE,FALSE
MC-MT1-P62,MC,1,XP212-PR,2,A,0,NA,155,FALSE,FALSE,FALSE
BG-MT3-P57,BG,3,XP212-PR,2,A,0,NA,155,FALSE,FALSE,FALSE
BP-MT1-P64,BP,1,XP212-PR,2,A,0,NA,6,FALSE,FALSE,FALSE
IS-MT5-P17,IS,5,XP212-PR,2,A,0,NA,-14,FALSE,TRUE,FALSE
EA-MT1-P37,EA,1,XP212-PR,2,A,0,NA,100,FALSE,FALSE,FALSE
PA-MT3-P24,PA,3,XP212-PR,2,A,0,NA,-14,FALSE,TRUE,FALSE
AE-MT4-P60,AE,4,XP212-PR,2,A,0,NA,6,FALSE,FALSE,FALSE
VB-MT2-P55,VB,2,XP212-PR,2,A,0,NA,6,FALSE,FALSE,FALSE
CH-MT5-P32,CH,5,XP212-PR,2,A,1,2025-12-09,55,FALSE,FALSE,FALSE
CH-MT5-P53,CH,5,XP212-PR,2,A,0,NA,6,TRUE,FALSE,FALSE
BU-MT3-P66,BU,3,XP212-PR,2,B,0,NA,155,FALSE,FALSE,FALSE
CP-MT4-P42,CP,4,XP212-PR,2,B,1,2025-10-15,149,FALSE,FALSE,FALSE
CP-MT5-P81,CP,5,XP212-PR,2,B,0,NA,6,FALSE,FALSE,FALSE
VB-MT2-P75,VB,2,XP212-PR,2,B,1,2026-03-19,6,FALSE,FALSE,FALSE
BP-MT1-P12,BP,1,XP212-PR,2,B,0,NA,6,FALSE,FALSE,FALSE
DC-MT4-P41,DC,4,XP212-PR,2,B,1,2025-12-09,55,FALSE,FALSE,FALSE
BG-MT3-P83,BG,3,XP212-PR,2,B,0,NA,155,FALSE,FALSE,FALSE
PG-MT3-P46,PG,3,XP212-PR,2,B,0,NA,6,FALSE,FALSE,FALSE
MC-MT1-P25,MC,1,XP212-PR,2,B,0,NA,155,FALSE,FALSE,FALSE
CH-MT3-P1,CH,3,XP212-PR,2,B,0,NA,155,FALSE,FALSE,FALSE
IS-MT5-P13,IS,5,XP212-PR,2,B,0,NA,100,FALSE,FALSE,FALSE
BS-MT6-P51,BS,6,XP212-PR,2,B,0,NA,100,FALSE,FALSE,FALSE
AE-MT5-P25,AE,5,XP212-PR,2,B,0,NA,6,FALSE,FALSE,FALSE
EA-MT5-P30,EA,5,XP212-PR,2,B,0,NA,100,FALSE,FALSE,FALSE
CH-MT1-P24,CH,1,XP212-PR,2,C,0,NA,NA,FALSE,FALSE,FALSE
DC-MT1-P73,DC,1,XP212-PR,2,C,1,2026-03-19,6,FALSE,FALSE,FALSE
BU-MT4-P35,BU,4,XP212-PR,2,C,1,2025-12-09,55,FALSE,FALSE,FALSE
BU-MT3-P77,BU,3,XP212-PR,2,C,0,NA,6,FALSE,FALSE,FALSE
BS-MT7-P25,BS,7,XP212-PR,2,C,0,NA,155,FALSE,FALSE,FALSE
EA-MT5-P14,EA,5,XP212-PR,2,C,0,NA,100,FALSE,FALSE,FALSE
CH-MT1-P8,CH,1,XP212-PR,2,C,1,2025-10-15,149,FALSE,FALSE,FALSE
CH-MT3-P87,CH,3,XP212-PR,2,C,1,2026-03-19,6,FALSE,FALSE,FALSE
OP-MT7-P8,OP,7,XP212-PR,2,C,1,2025-10-15,149,FALSE,FALSE,FALSE
OP-MT7-P63,OP,7,XP212-PR,2,C,1,2026-03-19,100,FALSE,FALSE,FALSE
AE-MT2-P52,AE,2,XP212-PR,2,C,0,NA,6,FALSE,FALSE,FALSE
IS-MT4-P41,IS,4,XP212-PR,2,C,1,2025-10-15,149,FALSE,FALSE,FALSE
IS-MT5-P9,IS,5,XP212-PR,2,C,0,NA,100,FALSE,FALSE,FALSE
BG-MT2-P68,BG,2,XP212-PR,2,C,1,2026-03-19,155,FALSE,FALSE,FALSE
PG-MT4-P48,PG,4,XP212-PR,2,C,0,NA,6,FALSE,FALSE,FALSE
PA-MT7-P8,PA,7,XP212-PR,2,C,0,NA,155,FALSE,FALSE,FALSE
BP-MT4-P15,BP,4,XP212-PR,2,C,0,NA,6,FALSE,FALSE,FALSE
MC-MT3-P38,MC,3,XP212-PR,2,C,0,NA,155,FALSE,FALSE,FALSE
VB-MT1-P33,VB,1,XP212-PR,2,C,0,NA,155,FALSE,FALSE,FALSE
OP-MT9-P49,OP,9,XP212-PR,3,A,1,2025-12-09,-114,FALSE,TRUE,FALSE
BG-MT1-P36,BG,1,XP212-PR,3,A,0,NA,155,FALSE,FALSE,FALSE
BU-MT4-P47,BU,4,XP212-PR,3,A,0,NA,155,FALSE,FALSE,FALSE
VB-MT3-P76,VB,3,XP212-PR,3,A,0,NA,6,FALSE,FALSE,FALSE
EA-MT2-P43,EA,2,XP212-PR,3,A,0,NA,6,FALSE,FALSE,FALSE
PG-MT4-P15,PG,4,XP212-PR,3,A,0,NA,6,FALSE,FALSE,FALSE
CH-MT1-P24,CH,1,XP212-PR,3,A,1,2025-10-15,149,FALSE,FALSE,FALSE
CH-MT2-P49,CH,2,XP212-PR,3,A,0,NA,6,FALSE,FALSE,FALSE
PA-MT3-P19,PA,3,XP212-PR,3,A,0,NA,-14,FALSE,TRUE,FALSE
AE-MT3-P8,AE,3,XP212-PR,3,A,0,NA,6,FALSE,FALSE,FALSE
IS-MT3-P84,IS,3,XP212-PR,3,A,0,NA,-14,FALSE,TRUE,FALSE
CP-MT4-P64,CP,4,XP212-PR,3,A,1,2025-10-15,149,FALSE,FALSE,FALSE
CP-MT5-P83,CP,5,XP212-PR,3,A,1,2026-03-19,6,FALSE,FALSE,FALSE
BS-MT5-P51,BS,5,XP212-PR,3,A,0,NA,100,FALSE,FALSE,FALSE
DC-MT1-P68,DC,1,XP212-PR,3,A,1,2025-12-09,55,FALSE,FALSE,FALSE
CH-MT5-P53,CH,5,XP212-PR,3,A,0,NA,NA,TRUE,FALSE,FALSE
MC-MT1-P20,MC,1,XP212-PR,3,A,0,NA,155,FALSE,FALSE,FALSE
BP-MT2-P46,BP,2,XP212-PR,3,A,0,NA,6,FALSE,FALSE,FALSE
PG-MT3-P10,PG,3,XP212-PR,3,B,1,2026-03-19,6,FALSE,FALSE,FALSE
MC-MT3-P49,MC,3,XP212-PR,3,B,0,NA,155,FALSE,FALSE,FALSE
CH-MT2-P36,CH,2,XP212-PR,3,B,0,NA,155,FALSE,FALSE,FALSE
BG-MT1-P20,BG,1,XP212-PR,3,B,0,NA,155,FALSE,FALSE,FALSE
IS-MT2-P76,IS,2,XP212-PR,3,B,0,NA,-14,FALSE,TRUE,FALSE
AE-MT3-P50,AE,3,XP212-PR,3,B,0,NA,6,FALSE,FALSE,FALSE
CP-MT2-P36,CP,2,XP212-PR,3,B,0,NA,304,FALSE,FALSE,FALSE
EA-MT3-P22,EA,3,XP212-PR,3,B,0,NA,304,FALSE,FALSE,FALSE
DC-MT1-P14,DC,1,XP212-PR,3,B,1,2025-12-09,55,FALSE,FALSE,FALSE
BU-MT5-P8,BU,5,XP212-PR,3,B,0,NA,155,FALSE,FALSE,FALSE
VB-MT5-P57,VB,5,XP212-PR,3,B,0,NA,6,FALSE,FALSE,FALSE
BS-MT1-P64,BS,1,XP212-PR,3,B,0,NA,100,FALSE,FALSE,FALSE
PA-MT3-P62,PA,3,XP212-PR,3,B,0,NA,6,FALSE,FALSE,FALSE
BP-MT3-P31,BP,3,XP212-PR,3,B,1,2026-03-19,6,FALSE,FALSE,FALSE
CH-MT4-P84,CH,4,XP212-PR,3,C,0,NA,155,FALSE,FALSE,FALSE
CP-MT2-P31,CP,2,XP212-PR,3,C,0,NA,304,FALSE,FALSE,FALSE
BU-MT2-P12,BU,2,XP212-PR,3,C,0,NA,155,FALSE,FALSE,FALSE
EA-MT2-P26,EA,2,XP212-PR,3,C,0,NA,6,FALSE,FALSE,FALSE
OP-MT8-P18,OP,8,XP212-PR,3,C,0,NA,304,FALSE,FALSE,FALSE
BP-MT4-P37,BP,4,XP212-PR,3,C,0,NA,6,FALSE,FALSE,FALSE
BG-MT1-P39,BG,1,XP212-PR,3,C,0,NA,155,FALSE,FALSE,FALSE
MC-MT2-P59,MC,2,XP212-PR,3,C,0,NA,155,FALSE,FALSE,FALSE
AE-MT1-P60,AE,1,XP212-PR,3,C,0,NA,6,FALSE,FALSE,FALSE
IS-MT1-P7,IS,1,XP212-PR,3,C,0,NA,304,FALSE,FALSE,FALSE
BS-MT1-P62,BS,1,XP212-PR,3,C,0,NA,100,FALSE,FALSE,FALSE
DC-MT5-P13,DC,5,XP212-PR,3,C,0,NA,155,FALSE,FALSE,FALSE
PG-MT5-P33,PG,5,XP212-PR,3,C,0,NA,6,FALSE,FALSE,FALSE
VB-MT1-P43,VB,1,XP212-PR,3,C,0,NA,155,FALSE,FALSE,FALSE
VB-MT5-P69,VB,5,XP212-PR,4,A,0,NA,6,FALSE,FALSE,FALSE
CH-MT3-P79,CH,3,XP212-PR,4,A,0,NA,155,FALSE,FALSE,FALSE
IS-MT2-P3,IS,2,XP212-PR,4,A,0,NA,100,FALSE,FALSE,FALSE
AE-MT1-P10,AE,1,XP212-PR,4,A,0,NA,6,FALSE,FALSE,FALSE
OP-MT2-P32,OP,2,XP212-PR,4,A,0,NA,-14,FALSE,TRUE,FALSE
CP-MT1-P31,CP,1,XP212-PR,4,A,0,NA,155,FALSE,FALSE,FALSE
BU-MT1-P49,BU,1,XP212-PR,4,A,0,NA,304,FALSE,FALSE,FALSE
BS-MT6-P78,BS,6,XP212-PR,4,A,0,NA,100,FALSE,FALSE,FALSE
DC-MT3-P16,DC,3,XP212-PR,4,A,0,NA,155,FALSE,FALSE,FALSE
PA-MT3-P51,PA,3,XP212-PR,4,A,0,NA,100,FALSE,FALSE,FALSE
PG-MT5-P22,PG,5,XP212-PR,4,A,0,NA,6,FALSE,FALSE,FALSE
BP-MT4-P81,BP,4,XP212-PR,4,A,1,2026-03-19,6,FALSE,FALSE,FALSE
EA-MT1-P85,EA,1,XP212-PR,4,A,0,NA,6,FALSE,FALSE,FALSE
BG-MT5-P38,BG,5,XP212-PR,4,A,0,NA,155,FALSE,FALSE,FALSE
AE-MT4-P32,AE,4,XP212-PR,4,B,0,NA,6,FALSE,FALSE,FALSE
IS-MT1-P9,IS,1,XP212-PR,4,B,0,NA,304,FALSE,FALSE,FALSE
OP-MT6-P8,OP,6,XP212-PR,4,B,0,NA,304,FALSE,FALSE,FALSE
PG-MT1-P14,PG,1,XP212-PR,4,B,0,NA,6,FALSE,FALSE,FALSE
BS-MT1-P30,BS,1,XP212-PR,4,B,0,NA,100,FALSE,FALSE,FALSE
PA-MT7-P18,PA,7,XP212-PR,4,B,0,NA,155,FALSE,FALSE,FALSE
EA-MT1-P39,EA,1,XP212-PR,4,B,0,NA,100,FALSE,FALSE,FALSE
BP-MT3-P2,BP,3,XP212-PR,4,B,0,NA,6,FALSE,FALSE,FALSE
BG-MT2-P49,BG,2,XP212-PR,4,B,0,NA,155,FALSE,FALSE,FALSE
BU-MT3-P25,BU,3,XP212-PR,4,B,0,NA,155,FALSE,FALSE,FALSE
CH-MT5-P27,CH,5,XP212-PR,4,B,0,NA,155,FALSE,FALSE,FALSE
VB-MT3-P57,VB,3,XP212-PR,4,B,0,NA,6,FALSE,FALSE,FALSE
AE-MT5-P56,AE,5,XP212-PR,4,C,0,NA,6,FALSE,FALSE,FALSE
IS-MT4-P37,IS,4,XP212-PR,4,C,0,NA,304,FALSE,FALSE,FALSE
CH-MT2-P14,CH,2,XP212-PR,4,C,0,NA,155,FALSE,FALSE,FALSE
BP-MT5-P39,BP,5,XP212-PR,4,C,1,2026-03-19,6,FALSE,FALSE,FALSE
VB-MT2-P68,VB,2,XP212-PR,4,C,0,NA,6,FALSE,FALSE,FALSE
OP-MT7-P29,OP,7,XP212-PR,4,C,0,NA,304,FALSE,FALSE,FALSE
BU-MT4-P61,BU,4,XP212-PR,4,C,0,NA,155,FALSE,FALSE,FALSE
CP-MT3-P4,CP,3,XP212-PR,4,C,0,NA,304,FALSE,FALSE,FALSE
BG-MT3-P32,BG,3,XP212-PR,4,C,0,NA,155,FALSE,FALSE,FALSE
DC-MT2-P6,DC,2,XP212-PR,4,C,0,NA,155,FALSE,FALSE,FALSE
MC-MT2-P26,MC,2,XP212-PR,4,C,1,2026-03-19,155,FALSE,FALSE,FALSE
EA-MT5-P18,EA,5,XP212-PR,4,C,0,NA,100,FALSE,FALSE,FALSE
PG-MT2-P9,PG,2,XP212-PR,4,C,0,NA,6,FALSE,FALSE,FALSE
BS-MT1-P10,BS,1,XP212-PR,4,C,0,NA,155,FALSE,FALSE,FALSE
IS-MT3-P35,IS,3,XP212-PR,5,A,1,2026-03-19,-14,FALSE,TRUE,FALSE
CP-MT2-P57,CP,2,XP212-PR,5,A,1,2026-03-19,304,FALSE,FALSE,FALSE
OP-MT8-P27,OP,8,XP212-PR,5,A,1,2026-03-19,304,FALSE,FALSE,FALSE
BG-MT4-P75,BG,4,XP212-PR,5,A,1,2026-03-19,155,FALSE,FALSE,FALSE
DC-MT1-P55,DC,1,XP212-PR,5,A,1,2026-03-19,155,FALSE,FALSE,FALSE
PG-MT2-P11,PG,2,XP212-PR,5,A,0,NA,6,FALSE,FALSE,FALSE
AE-MT1-P44,AE,1,XP212-PR,5,A,0,NA,6,FALSE,FALSE,FALSE
CP-MT3-P54,CP,3,XP212-PR,5,B,1,2026-03-19,304,FALSE,FALSE,FALSE
IS-MT1-P66,IS,1,XP212-PR,5,B,1,2026-03-19,304,FALSE,FALSE,FALSE
OP-MT6-P2,OP,6,XP212-PR,5,B,1,2026-03-19,304,FALSE,FALSE,FALSE
BU-MT1-P6,BU,1,XP212-PR,5,B,1,2026-03-19,304,FALSE,FALSE,FALSE
PA-MT6-P11,PA,6,XP212-PR,5,B,1,2026-03-19,304,FALSE,FALSE,FALSE
PG-MT2-P64,PG,2,XP212-PR,5,B,0,NA,6,FALSE,FALSE,FALSE
DC-MT2-P23,DC,2,XP212-PR,5,B,1,2026-03-19,155,FALSE,FALSE,FALSE
BG-MT5-P63,BG,5,XP212-PR,5,B,0,NA,155,FALSE,FALSE,FALSE
CH-MT4-P78,CH,4,XP212-PR,5,B,1,2026-03-19,155,FALSE,FALSE,FALSE
AE-MT2-P7,AE,2,XP212-PR,5,B,0,NA,6,FALSE,FALSE,FALSE
OP-MT2-P51,OP,2,XP212-PR,5,C,1,2026-03-19,-14,FALSE,TRUE,FALSE
CP-MT4-P3,CP,4,XP212-PR,5,C,0,NA,304,FALSE,FALSE,FALSE
DC-MT5-P1,DC,5,XP212-PR,5,C,1,2026-03-19,155,FALSE,FALSE,FALSE
BG-MT2-P99,BG,2,XP212-PR,5,C,1,2026-03-19,155,FALSE,FALSE,FALSE
CH-MT3-P33,CH,3,XP212-PR,5,C,1,2026-03-19,155,FALSE,FALSE,FALSE
AE-MT5-P9,AE,5,XP212-PR,5,C,0,NA,6,FALSE,FALSE,FALSE
IS-MT3-P89,IS,3,XP212-PR,5,C,0,NA,6,FALSE,FALSE,FALSE
PG-MT4-P22,PG,4,XP212-PR,5,C,0,NA,6,FALSE,FALSE,FALSE
PG-MT5-P47,PG,5,XP213-PR,1,A,0,NA,5,FALSE,FALSE,FALSE
BP-MT4-P91,BP,4,XP213-PR,1,A,1,2026-03-25,5,FALSE,FALSE,FALSE
VB-MT5-P35,VB,5,XP213-PR,1,A,0,NA,5,FALSE,FALSE,FALSE
CH-MT2-P13,CH,2,XP213-PR,1,A,0,NA,162,FALSE,FALSE,FALSE
AE-MT4-P79,AE,4,XP213-PR,1,A,1,2026-03-25,5,FALSE,FALSE,FALSE
IS-MT3-P4,IS,3,XP213-PR,1,A,0,NA,NA,FALSE,FALSE,FALSE
PA-MT6-P26,PA,6,XP213-PR,1,A,0,NA,300,FALSE,FALSE,FALSE
EA-MT5-P35,EA,5,XP213-PR,1,A,0,NA,105,FALSE,FALSE,FALSE
DC-MT4-P16,DC,4,XP213-PR,1,A,1,2026-03-25,162,FALSE,FALSE,FALSE
OP-MT9-P40,OP,9,XP213-PR,1,A,0,NA,352,FALSE,FALSE,FALSE
CP-MT4-P16,CP,4,XP213-PR,1,A,0,NA,300,FALSE,FALSE,FALSE
MC-MT2-P21,MC,2,XP213-PR,1,A,0,NA,162,FALSE,FALSE,FALSE
BG-MT1-P16,BG,1,XP213-PR,1,A,0,NA,162,FALSE,FALSE,FALSE
BS-MT1-P61,BS,1,XP213-PR,1,A,1,2026-03-25,105,FALSE,FALSE,FALSE
BU-MT3-P7,BU,3,XP213-PR,1,A,0,NA,162,FALSE,FALSE,FALSE
MC-MT3-P11,MC,3,XP213-PR,1,B,0,NA,162,FALSE,FALSE,FALSE
BS-MT5-P3,BS,5,XP213-PR,1,B,0,NA,162,FALSE,FALSE,FALSE
BP-MT2-P40,BP,2,XP213-PR,1,B,1,2026-03-25,5,FALSE,FALSE,FALSE
CP-MT1-P18,CP,1,XP213-PR,1,B,0,NA,162,FALSE,FALSE,FALSE
AE-MT2-P20,AE,2,XP213-PR,1,B,0,NA,5,FALSE,FALSE,FALSE
PA-MT6-P4,PA,6,XP213-PR,1,B,0,NA,300,FALSE,FALSE,FALSE
BU-MT4-P10,BU,4,XP213-PR,1,B,0,NA,162,FALSE,FALSE,FALSE
OP-MT2-P34,OP,2,XP213-PR,1,B,0,NA,352,FALSE,FALSE,FALSE
EA-MT1-P103,EA,1,XP213-PR,1,B,1,2026-03-25,5,FALSE,FALSE,FALSE
BG-MT5-P31,BG,5,XP213-PR,1,B,1,2025-12-10,57,FALSE,FALSE,FALSE
BG-MT1-P63,BG,1,XP213-PR,1,B,0,NA,5,FALSE,FALSE,FALSE
PG-MT1-P24,PG,1,XP213-PR,1,B,0,NA,5,FALSE,FALSE,FALSE
VB-MT1-P7,VB,1,XP213-PR,1,B,0,NA,162,FALSE,FALSE,FALSE
CH-MT4-P16,CH,4,XP213-PR,1,B,0,NA,162,FALSE,FALSE,FALSE
IS-MT2-P79,IS,2,XP213-PR,1,B,0,NA,105,FALSE,FALSE,FALSE
EA-MT5-P69,EA,5,XP213-PR,1,C,0,NA,105,FALSE,FALSE,FALSE
OP-MT8-P53,OP,8,XP213-PR,1,C,0,NA,300,FALSE,FALSE,FALSE
BP-MT1-P61,BP,1,XP213-PR,1,C,1,2026-03-25,5,FALSE,FALSE,FALSE
AE-MT3-P21,AE,3,XP213-PR,1,C,0,NA,5,FALSE,FALSE,FALSE
CP-MT3-P39,CP,3,XP213-PR,1,C,0,NA,300,FALSE,FALSE,FALSE
IS-MT3-P40,IS,3,XP213-PR,1,C,0,NA,105,FALSE,FALSE,FALSE
BS-MT6-P64,BS,6,XP213-PR,1,C,0,NA,105,FALSE,FALSE,FALSE
PG-MT1-P47,PG,1,XP213-PR,1,C,0,NA,5,FALSE,FALSE,FALSE
CH-MT3-P3,CH,3,XP213-PR,1,C,0,NA,162,FALSE,FALSE,FALSE
BG-MT2-P78,BG,2,XP213-PR,1,C,0,NA,162,FALSE,FALSE,FALSE
MC-MT1-P50,MC,1,XP213-PR,1,C,1,2025-12-10,57,FALSE,FALSE,FALSE
MC-MT1-P9,MC,1,XP213-PR,1,C,0,NA,5,FALSE,FALSE,FALSE
BU-MT2-P31,BU,2,XP213-PR,1,C,0,NA,162,FALSE,FALSE,FALSE
DC-MT4-P4,DC,4,XP213-PR,1,C,0,NA,162,FALSE,FALSE,FALSE
VB-MT3-P28,VB,3,XP213-PR,1,C,0,NA,5,FALSE,FALSE,FALSE
OP-MT2-P55,OP,2,XP213-PR,2,A,0,NA,352,FALSE,FALSE,FALSE
MC-MT2-P29,MC,2,XP213-PR,2,A,0,NA,162,FALSE,FALSE,FALSE
PA-MT3-P5,PA,3,XP213-PR,2,A,0,NA,352,FALSE,FALSE,FALSE
CH-MT2-P39,CH,2,XP213-PR,2,A,0,NA,162,FALSE,FALSE,FALSE
AE-MT5-P34,AE,5,XP213-PR,2,A,0,NA,5,FALSE,FALSE,FALSE
CP-MT4-P62,CP,4,XP213-PR,2,A,0,NA,300,FALSE,FALSE,FALSE
BG-MT1-P84,BG,1,XP213-PR,2,A,0,NA,162,FALSE,FALSE,FALSE
DC-MT1-P46,DC,1,XP213-PR,2,A,0,NA,162,FALSE,FALSE,FALSE
IS-MT5-P75,IS,5,XP213-PR,2,A,0,NA,352,FALSE,FALSE,FALSE
EA-MT5-P83,EA,5,XP213-PR,2,A,0,NA,5,FALSE,FALSE,FALSE
PG-MT3-P26,PG,3,XP213-PR,2,A,0,NA,5,FALSE,FALSE,FALSE
VB-MT2-P9,VB,2,XP213-PR,2,A,0,NA,5,FALSE,FALSE,FALSE
BP-MT2-P69,BP,2,XP213-PR,2,A,1,2026-03-25,5,FALSE,FALSE,FALSE
BU-MT4-P85,BU,4,XP213-PR,2,A,0,NA,162,FALSE,FALSE,FALSE
BS-MT1-P13,BS,1,XP213-PR,2,A,0,NA,162,FALSE,FALSE,FALSE
IS-MT4-P28,IS,4,XP213-PR,2,B,0,NA,300,FALSE,FALSE,FALSE
MC-MT3-P15,MC,3,XP213-PR,2,B,0,NA,162,FALSE,FALSE,FALSE
CH-MT1-P27,CH,1,XP213-PR,2,B,0,NA,300,FALSE,FALSE,FALSE
PG-MT1-P54,PG,1,XP213-PR,2,B,1,2026-03-25,5,FALSE,FALSE,FALSE
DC-MT3-P31,DC,3,XP213-PR,2,B,1,2026-03-25,162,FALSE,FALSE,FALSE
EA-MT3-P7,EA,3,XP213-PR,2,B,0,NA,300,FALSE,FALSE,FALSE
BU-MT4-P26,BU,4,XP213-PR,2,B,0,NA,162,FALSE,FALSE,FALSE
BP-MT5-P29,BP,5,XP213-PR,2,B,1,2026-03-25,5,FALSE,FALSE,FALSE
AE-MT3-P56,AE,3,XP213-PR,2,B,0,NA,5,FALSE,FALSE,FALSE
CP-MT5-P61,CP,5,XP213-PR,2,B,0,NA,162,FALSE,FALSE,FALSE
BS-MT5-P48,BS,5,XP213-PR,2,B,0,NA,105,FALSE,FALSE,FALSE
VB-MT3-P62,VB,3,XP213-PR,2,B,0,NA,5,FALSE,FALSE,FALSE
BG-MT4-P10,BG,4,XP213-PR,2,B,0,NA,162,FALSE,FALSE,FALSE
PA-MT7-P38,PA,7,XP213-PR,2,B,0,NA,162,FALSE,FALSE,FALSE
IS-MT1-P37,IS,1,XP213-PR,2,C,0,NA,300,FALSE,FALSE,FALSE
EA-MT1-P23,EA,1,XP213-PR,2,C,0,NA,105,FALSE,FALSE,FALSE
BP-MT4-P23,BP,4,XP213-PR,2,C,1,2026-03-25,5,FALSE,FALSE,FALSE
BS-MT6-P38,BS,6,XP213-PR,2,C,0,NA,105,FALSE,FALSE,FALSE
BU-MT1-P24,BU,1,XP213-PR,2,C,1,2025-12-10,195,FALSE,FALSE,FALSE
BU-MT1-P78,BU,1,XP213-PR,2,C,0,NA,5,FALSE,FALSE,FALSE
CH-MT2-P40,CH,2,XP213-PR,2,C,0,NA,162,FALSE,FALSE,FALSE
AE-MT4-P13,AE,4,XP213-PR,2,C,1,2026-03-25,5,FALSE,FALSE,FALSE
OP-MT8-P59,OP,8,XP213-PR,2,C,0,NA,300,FALSE,FALSE,FALSE
PG-MT5-P12,PG,5,XP213-PR,2,C,0,NA,5,FALSE,FALSE,FALSE
VB-MT3-P59,VB,3,XP213-PR,2,C,0,NA,5,FALSE,FALSE,FALSE
BG-MT1-P35,BG,1,XP213-PR,2,C,0,NA,162,FALSE,FALSE,FALSE
CP-MT2-P80,CP,2,XP213-PR,2,C,0,NA,NA,FALSE,FALSE,FALSE
DC-MT5-P77,DC,5,XP213-PR,2,C,1,2026-03-25,5,FALSE,FALSE,FALSE
OP-MT9-P37,OP,9,XP213-PR,3,A,0,NA,352,FALSE,FALSE,FALSE
PG-MT1-P42,PG,1,XP213-PR,3,A,0,NA,5,FALSE,FALSE,FALSE
IS-MT2-P51,IS,2,XP213-PR,3,A,0,NA,352,FALSE,FALSE,FALSE
BG-MT3-P74,BG,3,XP213-PR,3,A,0,NA,162,FALSE,FALSE,FALSE
DC-MT3-P34,DC,3,XP213-PR,3,A,0,NA,162,FALSE,FALSE,FALSE
EA-MT4-P8,EA,4,XP213-PR,3,A,0,NA,300,FALSE,FALSE,FALSE
BS-MT6-P32,BS,6,XP213-PR,3,A,0,NA,162,FALSE,FALSE,FALSE
CH-MT4-P63,CH,4,XP213-PR,3,A,0,NA,162,FALSE,FALSE,FALSE
CP-MT3-P11,CP,3,XP213-PR,3,A,0,NA,300,FALSE,FALSE,FALSE
BP-MT1-P24,BP,1,XP213-PR,3,A,0,NA,5,FALSE,FALSE,FALSE
BU-MT5-P36,BU,5,XP213-PR,3,A,0,NA,162,FALSE,FALSE,FALSE
AE-MT1-P1,AE,1,XP213-PR,3,A,0,NA,5,FALSE,FALSE,FALSE
VB-MT1-P2,VB,1,XP213-PR,3,A,0,NA,162,FALSE,FALSE,FALSE
MC-MT1-P51,MC,1,XP213-PR,3,A,0,NA,162,FALSE,FALSE,FALSE
MC-MT1-P1,MC,1,XP213-PR,3,B,1,2026-03-25,162,FALSE,FALSE,FALSE
CP-MT2-P50,CP,2,XP213-PR,3,B,1,2025-12-10,195,FALSE,FALSE,FALSE
CP-MT1-P62,CP,1,XP213-PR,3,B,0,NA,5,FALSE,FALSE,FALSE
EA-MT5-P57,EA,5,XP213-PR,3,B,0,NA,105,FALSE,FALSE,FALSE
IS-MT5-P30,IS,5,XP213-PR,3,B,0,NA,352,FALSE,FALSE,FALSE
OP-MT7-P55,OP,7,XP213-PR,3,B,0,NA,300,FALSE,FALSE,FALSE
CH-MT4-P23,CH,4,XP213-PR,3,B,0,NA,162,FALSE,FALSE,FALSE
BS-MT7-P17,BS,7,XP213-PR,3,B,0,NA,162,FALSE,FALSE,FALSE
PG-MT2-P46,PG,2,XP213-PR,3,B,0,NA,5,FALSE,FALSE,FALSE
BU-MT3-P78,BU,3,XP213-PR,3,B,0,NA,162,FALSE,FALSE,FALSE
AE-MT3-P38,AE,3,XP213-PR,3,B,0,NA,5,FALSE,FALSE,FALSE
DC-MT2-P4,DC,2,XP213-PR,3,B,0,NA,162,FALSE,FALSE,FALSE
BP-MT1-P51,BP,1,XP213-PR,3,B,0,NA,5,FALSE,FALSE,FALSE
BG-MT2-P8,BG,2,XP213-PR,3,B,1,2026-03-25,162,FALSE,FALSE,FALSE
VB-MT5-P62,VB,5,XP213-PR,3,B,0,NA,5,FALSE,FALSE,FALSE
BS-MT5-P55,BS,5,XP213-PR,3,C,1,2026-03-25,105,FALSE,FALSE,FALSE
CH-MT5-P9,CH,5,XP213-PR,3,C,0,NA,162,FALSE,FALSE,FALSE
IS-MT4-P58,IS,4,XP213-PR,3,C,0,NA,300,FALSE,FALSE,FALSE
AE-MT1-P74,AE,1,XP213-PR,3,C,0,NA,5,FALSE,FALSE,FALSE
PG-MT1-P43,PG,1,XP213-PR,3,C,0,NA,5,FALSE,FALSE,FALSE
PA-MT7-P5,PA,7,XP213-PR,3,C,0,NA,162,FALSE,FALSE,FALSE
CP-MT1-P29,CP,1,XP213-PR,3,C,0,NA,162,FALSE,FALSE,FALSE
OP-MT6-P52,OP,6,XP213-PR,3,C,0,NA,300,FALSE,FALSE,FALSE
MC-MT3-P56,MC,3,XP213-PR,3,C,0,NA,162,FALSE,FALSE,FALSE
BG-MT3-P50,BG,3,XP213-PR,3,C,0,NA,162,FALSE,FALSE,FALSE
BP-MT3-P48,BP,3,XP213-PR,3,C,1,2026-03-25,5,FALSE,FALSE,FALSE
EA-MT1-P15,EA,1,XP213-PR,3,C,1,2026-03-25,105,FALSE,FALSE,FALSE
VB-MT5-P13,VB,5,XP213-PR,3,C,0,NA,5,FALSE,FALSE,FALSE
DC-MT1-P45,DC,1,XP213-PR,3,C,1,2026-03-25,162,FALSE,FALSE,FALSE
BU-MT2-P4,BU,2,XP213-PR,3,C,0,NA,162,FALSE,FALSE,FALSE
VB-MT3-P47,VB,3,XP213-PR,4,A,0,NA,5,FALSE,FALSE,FALSE
DC-MT3-P20,DC,3,XP213-PR,4,A,1,2026-03-25,5,FALSE,FALSE,FALSE
OP-MT6-P25,OP,6,XP213-PR,4,A,0,NA,300,FALSE,FALSE,FALSE
PA-MT3-P18,PA,3,XP213-PR,4,A,0,NA,352,FALSE,FALSE,FALSE
CP-MT2-P70,CP,2,XP213-PR,4,A,1,2026-03-25,300,FALSE,FALSE,FALSE
CP-MT2-P80,CP,2,XP213-PR,4,A,0,NA,5,FALSE,FALSE,FALSE
BG-MT5-P74,BG,5,XP213-PR,4,A,0,NA,162,FALSE,FALSE,FALSE
IS-MT3-P78,IS,3,XP213-PR,4,A,1,2026-03-25,352,FALSE,FALSE,FALSE
BU-MT5-P64,BU,5,XP213-PR,4,A,1,2026-03-25,162,FALSE,FALSE,FALSE
BP-MT4-P48,BP,4,XP213-PR,4,A,0,NA,5,FALSE,FALSE,FALSE
CH-MT3-P39,CH,3,XP213-PR,4,A,0,NA,162,FALSE,FALSE,FALSE
PG-MT4-P47,PG,4,XP213-PR,4,A,0,NA,5,FALSE,FALSE,FALSE
MC-MT2-P42,MC,2,XP213-PR,4,A,1,2026-03-25,162,FALSE,FALSE,FALSE
AE-MT4-P75,AE,4,XP213-PR,4,A,0,NA,5,FALSE,FALSE,FALSE
BS-MT1-P43,BS,1,XP213-PR,4,A,0,NA,105,FALSE,FALSE,FALSE
EA-MT1-P31,EA,1,XP213-PR,4,A,0,NA,105,FALSE,FALSE,FALSE
BP-MT2-P39,BP,2,XP213-PR,4,B,1,2026-03-25,5,FALSE,FALSE,FALSE
BG-MT3-P91,BG,3,XP213-PR,4,B,1,2026-03-25,162,FALSE,FALSE,FALSE
CH-MT1-P48,CH,1,XP213-PR,4,B,0,NA,300,FALSE,FALSE,FALSE
EA-MT2-P14,EA,2,XP213-PR,4,B,0,NA,300,FALSE,FALSE,FALSE
BU-MT1-P61,BU,1,XP213-PR,4,B,1,2025-12-10,195,FALSE,FALSE,FALSE
BU-MT1-P71,BU,1,XP213-PR,4,B,0,NA,5,FALSE,FALSE,FALSE
IS-MT2-P40,IS,2,XP213-PR,4,B,0,NA,352,FALSE,FALSE,FALSE
OP-MT7-P47,OP,7,XP213-PR,4,B,0,NA,300,FALSE,FALSE,FALSE
PG-MT2-P65,PG,2,XP213-PR,4,B,0,NA,5,FALSE,FALSE,FALSE
BS-MT6-P2,BS,6,XP213-PR,4,B,1,2026-03-25,162,FALSE,FALSE,FALSE
AE-MT5-P74,AE,5,XP213-PR,4,B,1,2026-03-25,5,FALSE,FALSE,FALSE
PA-MT6-P78,PA,6,XP213-PR,4,B,0,NA,105,FALSE,FALSE,FALSE
DC-MT5-P49,DC,5,XP213-PR,4,B,1,2026-03-25,162,FALSE,FALSE,FALSE
VB-MT5-P92,VB,5,XP213-PR,4,B,0,NA,5,FALSE,FALSE,FALSE
CP-MT3-P86,CP,3,XP213-PR,4,B,1,2026-03-25,5,FALSE,FALSE,FALSE
CP-MT5-P1,CP,5,XP213-PR,4,C,1,2025-12-10,57,FALSE,FALSE,FALSE
CP-MT2-P84,CP,2,XP213-PR,4,C,1,2026-03-25,5,FALSE,FALSE,FALSE
PG-MT3-P71,PG,3,XP213-PR,4,C,1,2026-03-25,5,FALSE,FALSE,FALSE
BU-MT3-P28,BU,3,XP213-PR,4,C,1,2025-12-10,57,FALSE,FALSE,FALSE
BU-MT3-P85,BU,3,XP213-PR,4,C,1,2026-03-25,5,FALSE,FALSE,FALSE
EA-MT5-P91,EA,5,XP213-PR,4,C,0,NA,5,FALSE,FALSE,FALSE
IS-MT1-P16,IS,1,XP213-PR,4,C,1,2026-03-25,300,FALSE,FALSE,FALSE
CH-MT5-P15,CH,5,XP213-PR,4,C,0,NA,162,FALSE,FALSE,FALSE
VB-MT4-P52,VB,4,XP213-PR,4,C,0,NA,5,FALSE,FALSE,FALSE
BS-MT6-P60,BS,6,XP213-PR,4,C,0,NA,105,FALSE,FALSE,FALSE
AE-MT2-P55,AE,2,XP213-PR,4,C,1,2026-03-25,5,FALSE,FALSE,FALSE
BG-MT4-P82,BG,4,XP213-PR,4,C,1,2026-03-25,162,FALSE,FALSE,FALSE
PA-MT6-P93,PA,6,XP213-PR,4,C,0,NA,5,FALSE,FALSE,FALSE
DC-MT5-P9,DC,5,XP213-PR,4,C,1,2026-03-25,162,FALSE,FALSE,FALSE
BP-MT3-P55,BP,3,XP213-PR,4,C,1,2026-03-25,5,FALSE,FALSE,FALSE
IS-MT3-P67,IS,3,XP213-PR,5,A,1,2026-03-25,352,FALSE,FALSE,FALSE
PA-MT3-P13,PA,3,XP213-PR,5,A,0,NA,352,FALSE,FALSE,FALSE
CP-MT3-P41,CP,3,XP213-PR,5,A,0,NA,300,FALSE,FALSE,FALSE
PG-MT3-P6,PG,3,XP213-PR,5,A,0,NA,5,FALSE,FALSE,FALSE
AE-MT2-P69,AE,2,XP213-PR,5,A,0,NA,5,FALSE,FALSE,FALSE
DC-MT4-P34,DC,4,XP213-PR,5,A,0,NA,162,FALSE,FALSE,FALSE
CH-MT3-P25,CH,3,XP213-PR,5,A,0,NA,162,FALSE,FALSE,FALSE
BG-MT4-P86,BG,4,XP213-PR,5,A,0,NA,162,FALSE,FALSE,FALSE
OP-MT2-P43,OP,2,XP213-PR,5,B,0,NA,352,FALSE,FALSE,FALSE
CP-MT4-P55,CP,4,XP213-PR,5,B,0,NA,300,FALSE,FALSE,FALSE
IS-MT1-P60,IS,1,XP213-PR,5,B,0,NA,300,FALSE,FALSE,FALSE
DC-MT1-P16,DC,1,XP213-PR,5,B,0,NA,162,FALSE,FALSE,FALSE
AE-MT4-P43,AE,4,XP213-PR,5,B,0,NA,5,FALSE,FALSE,FALSE
BG-MT2-P41,BG,2,XP213-PR,5,B,0,NA,162,FALSE,FALSE,FALSE
PG-MT4-P40,PG,4,XP213-PR,5,B,0,NA,5,FALSE,FALSE,FALSE
CH-MT4-P13,CH,4,XP213-PR,5,B,0,NA,162,FALSE,FALSE,FALSE
CP-MT2-P13,CP,2,XP213-PR,5,C,0,NA,300,FALSE,FALSE,FALSE
PA-MT6-P76,PA,6,XP213-PR,5,C,0,NA,300,FALSE,FALSE,FALSE
BU-MT1-P58,BU,1,XP213-PR,5,C,0,NA,300,FALSE,FALSE,FALSE
DC-MT5-P19,DC,5,XP213-PR,5,C,0,NA,162,FALSE,FALSE,FALSE
IS-MT3-P88,IS,3,XP213-PR,5,C,0,NA,5,FALSE,FALSE,FALSE
AE-MT2-P38,AE,2,XP213-PR,5,C,0,NA,5,FALSE,FALSE,FALSE
PG-MT5-P73,PG,5,XP213-PR,5,C,0,NA,5,FALSE,FALSE,FALSE
BG-MT5-P13,BG,5,XP213-PR,5,C,0,NA,162,FALSE,FALSE,FALSE
PG-MT2-P19,PG,2,XP214-PR,1,A,0,NA,20,FALSE,FALSE,FALSE
CH-MT1-P49,CH,1,XP214-PR,1,A,1,2026-03-03,280,FALSE,FALSE,FALSE
IS-MT2-P21,IS,2,XP214-PR,1,A,0,NA,322,FALSE,FALSE,FALSE
OP-MT9-P13,OP,9,XP214-PR,1,A,0,NA,322,FALSE,FALSE,FALSE
MC-MT2-P38,MC,2,XP214-PR,1,A,0,NA,167,FALSE,FALSE,FALSE
BP-MT2-P44,BP,2,XP214-PR,1,A,0,NA,20,FALSE,FALSE,FALSE
DC-MT4-P55,DC,4,XP214-PR,1,A,0,NA,167,FALSE,FALSE,FALSE
PA-MT6-P36,PA,6,XP214-PR,1,A,0,NA,280,FALSE,FALSE,FALSE
BU-MT4-P53,BU,4,XP214-PR,1,A,0,NA,167,FALSE,FALSE,FALSE
BG-MT1-P11,BG,1,XP214-PR,1,A,0,NA,167,FALSE,FALSE,FALSE
CP-MT1-P21,CP,1,XP214-PR,1,A,0,NA,167,FALSE,FALSE,FALSE
VB-MT1-P29,VB,1,XP214-PR,1,A,0,NA,167,FALSE,FALSE,FALSE
AE-MT3-P70,AE,3,XP214-PR,1,A,0,NA,20,FALSE,FALSE,FALSE
MC-MT1-P64,MC,1,XP214-PR,1,B,0,NA,167,FALSE,FALSE,FALSE
PA-MT7-P33,PA,7,XP214-PR,1,B,0,NA,167,FALSE,FALSE,FALSE
VB-MT5-P21,VB,5,XP214-PR,1,B,0,NA,20,FALSE,FALSE,FALSE
BU-MT3-P49,BU,3,XP214-PR,1,B,0,NA,167,FALSE,FALSE,FALSE
AE-MT1-P2,AE,1,XP214-PR,1,B,0,NA,20,FALSE,FALSE,FALSE
IS-MT1-P42,IS,1,XP214-PR,1,B,0,NA,280,FALSE,FALSE,FALSE
BP-MT1-P59,BP,1,XP214-PR,1,B,0,NA,20,FALSE,FALSE,FALSE
BG-MT2-P60,BG,2,XP214-PR,1,B,0,NA,167,FALSE,FALSE,FALSE
CH-MT2-P71,CH,2,XP214-PR,1,B,0,NA,167,FALSE,FALSE,FALSE
OP-MT8-P12,OP,8,XP214-PR,1,B,0,NA,280,FALSE,FALSE,FALSE
CP-MT1-P60,CP,1,XP214-PR,1,B,0,NA,167,FALSE,FALSE,FALSE
DC-MT1-P1,DC,1,XP214-PR,1,B,0,NA,167,FALSE,FALSE,FALSE
PG-MT5-P11,PG,5,XP214-PR,1,B,0,NA,20,FALSE,FALSE,FALSE
BS-MT7-P18,BS,7,XP214-PR,1,B,1,2026-03-03,167,FALSE,FALSE,FALSE
PG-MT4-P61,PG,4,XP214-PR,1,C,0,NA,20,FALSE,FALSE,FALSE
VB-MT4-P71,VB,4,XP214-PR,1,C,0,NA,20,FALSE,FALSE,FALSE
PA-MT3-P59,PA,3,XP214-PR,1,C,0,NA,20,FALSE,FALSE,FALSE
CH-MT3-P66,CH,3,XP214-PR,1,C,0,NA,167,FALSE,FALSE,FALSE
OP-MT7-P45,OP,7,XP214-PR,1,C,0,NA,280,FALSE,FALSE,FALSE
AE-MT5-P38,AE,5,XP214-PR,1,C,0,NA,20,FALSE,FALSE,FALSE
DC-MT2-P47,DC,2,XP214-PR,1,C,0,NA,167,FALSE,FALSE,FALSE
EA-MT5-P96,EA,5,XP214-PR,1,C,0,NA,20,FALSE,FALSE,FALSE
CP-MT4-P44,CP,4,XP214-PR,1,C,0,NA,280,FALSE,FALSE,FALSE
BU-MT5-P50,BU,5,XP214-PR,1,C,0,NA,167,FALSE,FALSE,FALSE
BP-MT3-P20,BP,3,XP214-PR,1,C,0,NA,20,FALSE,FALSE,FALSE
BG-MT3-P63,BG,3,XP214-PR,1,C,0,NA,167,FALSE,FALSE,FALSE
MC-MT1-P55,MC,1,XP214-PR,1,C,0,NA,167,FALSE,FALSE,FALSE
CP-MT2-P94,CP,2,XP214-PR,2,A,0,NA,280,FALSE,FALSE,FALSE
BS-MT6-P7,BS,6,XP214-PR,2,A,0,NA,167,FALSE,FALSE,FALSE
OP-MT9-P57,OP,9,XP214-PR,2,A,0,NA,322,FALSE,FALSE,FALSE
VB-MT1-P60,VB,1,XP214-PR,2,A,0,NA,167,FALSE,FALSE,FALSE
MC-MT3-P44,MC,3,XP214-PR,2,A,0,NA,167,FALSE,FALSE,FALSE
BP-MT4-P64,BP,4,XP214-PR,2,A,0,NA,20,FALSE,FALSE,FALSE
PA-MT3-P45,PA,3,XP214-PR,2,A,0,NA,322,FALSE,FALSE,FALSE
AE-MT4-P1,AE,4,XP214-PR,2,A,0,NA,20,FALSE,FALSE,FALSE
BU-MT2-P44,BU,2,XP214-PR,2,A,1,2026-03-03,167,FALSE,FALSE,FALSE
DC-MT1-P86,DC,1,XP214-PR,2,A,1,2026-03-03,20,FALSE,FALSE,FALSE
IS-MT3-P31,IS,3,XP214-PR,2,A,1,2026-03-03,322,FALSE,FALSE,FALSE
CH-MT4-P27,CH,4,XP214-PR,2,A,0,NA,167,FALSE,FALSE,FALSE
BG-MT5-P61,BG,5,XP214-PR,2,A,0,NA,167,FALSE,FALSE,FALSE
PG-MT3-P11,PG,3,XP214-PR,2,A,0,NA,20,FALSE,FALSE,FALSE
BG-MT1-P5,BG,1,XP214-PR,2,B,0,NA,167,FALSE,FALSE,FALSE
OP-MT2-P47,OP,2,XP214-PR,2,B,0,NA,322,FALSE,FALSE,FALSE
CH-MT4-P26,CH,4,XP214-PR,2,B,0,NA,167,FALSE,FALSE,FALSE
BP-MT1-P57,BP,1,XP214-PR,2,B,0,NA,20,FALSE,FALSE,FALSE
EA-MT2-P60,EA,2,XP214-PR,2,B,0,NA,20,FALSE,FALSE,FALSE
IS-MT2-P38,IS,2,XP214-PR,2,B,0,NA,322,FALSE,FALSE,FALSE
AE-MT3-P13,AE,3,XP214-PR,2,B,0,NA,20,FALSE,FALSE,FALSE
CP-MT4-P4,CP,4,XP214-PR,2,B,0,NA,280,FALSE,FALSE,FALSE
PG-MT5-P28,PG,5,XP214-PR,2,B,0,NA,20,FALSE,FALSE,FALSE
DC-MT3-P56,DC,3,XP214-PR,2,B,0,NA,167,FALSE,FALSE,FALSE
BU-MT5-P33,BU,5,XP214-PR,2,B,0,NA,167,FALSE,FALSE,FALSE
VB-MT3-P31,VB,3,XP214-PR,2,B,0,NA,20,FALSE,FALSE,FALSE
DC-MT1-P15,DC,1,XP214-PR,2,C,0,NA,20,FALSE,FALSE,FALSE
VB-MT3-P19,VB,3,XP214-PR,2,C,0,NA,20,FALSE,FALSE,FALSE
CH-MT3-P40,CH,3,XP214-PR,2,C,0,NA,167,FALSE,FALSE,FALSE
AE-MT5-P68,AE,5,XP214-PR,2,C,0,NA,20,FALSE,FALSE,FALSE
BG-MT1-P50,BG,1,XP214-PR,2,C,0,NA,167,FALSE,FALSE,FALSE
OP-MT6-P37,OP,6,XP214-PR,2,C,0,NA,280,FALSE,FALSE,FALSE
BU-MT1-P77,BU,1,XP214-PR,2,C,0,NA,280,FALSE,FALSE,FALSE
CP-MT3-P76,CP,3,XP214-PR,2,C,0,NA,280,FALSE,FALSE,FALSE
BP-MT3-P53,BP,3,XP214-PR,2,C,0,NA,20,FALSE,FALSE,FALSE
PG-MT3-P16,PG,3,XP214-PR,2,C,0,NA,20,FALSE,FALSE,FALSE
MC-MT3-P8,MC,3,XP214-PR,2,C,0,NA,167,FALSE,FALSE,FALSE
BU-MT4-P59,BU,4,XP214-PR,3,A,0,NA,167,FALSE,FALSE,FALSE
IS-MT3-P14,IS,3,XP214-PR,3,A,0,NA,322,FALSE,FALSE,FALSE
BP-MT1-P10,BP,1,XP214-PR,3,A,0,NA,20,FALSE,FALSE,FALSE
CH-MT4-P51,CH,4,XP214-PR,3,A,0,NA,167,FALSE,FALSE,FALSE
DC-MT4-P47,DC,4,XP214-PR,3,A,1,2026-03-03,167,FALSE,FALSE,FALSE
MC-MT2-P56,MC,2,XP214-PR,3,A,0,NA,167,FALSE,FALSE,FALSE
AE-MT5-P12,AE,5,XP214-PR,3,A,0,NA,20,FALSE,FALSE,FALSE
BS-MT5-P35,BS,5,XP214-PR,3,A,0,NA,167,FALSE,FALSE,FALSE
PG-MT4-P55,PG,4,XP214-PR,3,A,0,NA,20,FALSE,FALSE,FALSE
VB-MT2-P96,VB,2,XP214-PR,3,A,0,NA,20,FALSE,FALSE,FALSE
BG-MT5-P39,BG,5,XP214-PR,3,A,0,NA,167,FALSE,FALSE,FALSE
CP-MT5-P12,CP,5,XP214-PR,3,A,0,NA,167,FALSE,FALSE,FALSE
CH-MT5-P5,CH,5,XP214-PR,3,B,0,NA,167,FALSE,FALSE,FALSE
BG-MT3-P68,BG,3,XP214-PR,3,B,0,NA,167,FALSE,FALSE,FALSE
IS-MT5-P79,IS,5,XP214-PR,3,B,0,NA,322,FALSE,FALSE,FALSE
OP-MT7-P56,OP,7,XP214-PR,3,B,0,NA,280,FALSE,FALSE,FALSE
CP-MT5-P48,CP,5,XP214-PR,3,B,0,NA,167,FALSE,FALSE,FALSE
BU-MT2-P14,BU,2,XP214-PR,3,B,1,2026-03-03,167,FALSE,FALSE,FALSE
PG-MT1-P41,PG,1,XP214-PR,3,B,0,NA,20,FALSE,FALSE,FALSE
PA-MT7-P17,PA,7,XP214-PR,3,B,0,NA,167,FALSE,FALSE,FALSE
EA-MT3-P16,EA,3,XP214-PR,3,B,0,NA,280,FALSE,FALSE,FALSE
BP-MT5-P14,BP,5,XP214-PR,3,B,0,NA,20,FALSE,FALSE,FALSE
AE-MT2-P13,AE,2,XP214-PR,3,B,0,NA,20,FALSE,FALSE,FALSE
BS-MT1-P6,BS,1,XP214-PR,3,B,0,NA,167,FALSE,FALSE,FALSE
DC-MT5-P36,DC,5,XP214-PR,3,B,0,NA,167,FALSE,FALSE,FALSE
VB-MT4-P62,VB,4,XP214-PR,3,B,0,NA,20,FALSE,FALSE,FALSE
CH-MT5-P29,CH,5,XP214-PR,3,C,0,NA,167,FALSE,FALSE,FALSE
PG-MT5-P72,PG,5,XP214-PR,3,C,0,NA,20,FALSE,FALSE,FALSE
BU-MT1-P80,BU,1,XP214-PR,3,C,0,NA,280,FALSE,FALSE,FALSE
BG-MT4-P65,BG,4,XP214-PR,3,C,0,NA,167,FALSE,FALSE,FALSE
OP-MT6-P32,OP,6,XP214-PR,3,C,0,NA,280,FALSE,FALSE,FALSE
VB-MT3-P49,VB,3,XP214-PR,3,C,0,NA,20,FALSE,FALSE,FALSE
PA-MT6-P58,PA,6,XP214-PR,3,C,0,NA,280,FALSE,FALSE,FALSE
IS-MT4-P45,IS,4,XP214-PR,3,C,0,NA,280,FALSE,FALSE,FALSE
DC-MT5-P20,DC,5,XP214-PR,3,C,1,2026-03-03,167,FALSE,FALSE,FALSE
BP-MT2-P37,BP,2,XP214-PR,3,C,0,NA,20,FALSE,FALSE,FALSE
AE-MT1-P37,AE,1,XP214-PR,3,C,0,NA,20,FALSE,FALSE,FALSE
MC-MT3-P32,MC,3,XP214-PR,3,C,0,NA,NA,FALSE,FALSE,FALSE
MC-MT2-P6,MC,2,XP214-PR,3,C,0,NA,20,FALSE,FALSE,FALSE
VB-MT4-P38,VB,4,XP214-PR,4,A,0,NA,20,FALSE,FALSE,FALSE
MC-MT1-P27,MC,1,XP214-PR,4,A,0,NA,167,FALSE,FALSE,FALSE
BG-MT3-P86,BG,3,XP214-PR,4,A,0,NA,167,FALSE,FALSE,FALSE
CH-MT1-P57,CH,1,XP214-PR,4,A,0,NA,280,FALSE,FALSE,FALSE
CH-MT3-P76,CH,3,XP214-PR,4,A,0,NA,20,FALSE,FALSE,FALSE
EA-MT2-P5,EA,2,XP214-PR,4,A,0,NA,280,FALSE,FALSE,FALSE
OP-MT2-P35,OP,2,XP214-PR,4,A,0,NA,322,FALSE,FALSE,FALSE
BS-MT6-P3,BS,6,XP214-PR,4,A,1,2026-03-03,167,FALSE,FALSE,FALSE
PA-MT3-P74,PA,3,XP214-PR,4,A,0,NA,322,FALSE,FALSE,FALSE
DC-MT3-P3,DC,3,XP214-PR,4,A,1,2026-03-03,167,FALSE,FALSE,FALSE
IS-MT5-P39,IS,5,XP214-PR,4,A,0,NA,322,FALSE,FALSE,FALSE
BU-MT3-P61,BU,3,XP214-PR,4,A,1,2026-03-03,167,FALSE,FALSE,FALSE
AE-MT4-P55,AE,4,XP214-PR,4,A,0,NA,20,FALSE,FALSE,FALSE
PG-MT1-P22,PG,1,XP214-PR,4,A,0,NA,20,FALSE,FALSE,FALSE
BP-MT2-P20,BP,2,XP214-PR,4,A,0,NA,20,FALSE,FALSE,FALSE
BP-MT4-P13,BP,4,XP214-PR,4,B,1,2026-03-03,20,FALSE,FALSE,FALSE
PG-MT2-P48,PG,2,XP214-PR,4,B,0,NA,20,FALSE,FALSE,FALSE
MC-MT2-P47,MC,2,XP214-PR,4,B,0,NA,167,FALSE,FALSE,FALSE
BG-MT2-P42,BG,2,XP214-PR,4,B,0,NA,167,FALSE,FALSE,FALSE
CP-MT3-P48,CP,3,XP214-PR,4,B,0,NA,280,FALSE,FALSE,FALSE
AE-MT3-P67,AE,3,XP214-PR,4,B,0,NA,20,FALSE,FALSE,FALSE
EA-MT4-P31,EA,4,XP214-PR,4,B,0,NA,20,FALSE,FALSE,FALSE
OP-MT8-P28,OP,8,XP214-PR,4,B,0,NA,280,FALSE,FALSE,FALSE
IS-MT4-P47,IS,4,XP214-PR,4,B,0,NA,280,FALSE,FALSE,FALSE
CH-MT2-P2,CH,2,XP214-PR,4,B,0,NA,167,FALSE,FALSE,FALSE
BU-MT4-P65,BU,4,XP214-PR,4,B,0,NA,167,FALSE,FALSE,FALSE
VB-MT3-P16,VB,3,XP214-PR,4,B,0,NA,20,FALSE,FALSE,FALSE
DC-MT1-P65,DC,1,XP214-PR,4,B,1,2026-03-03,167,FALSE,FALSE,FALSE
IS-MT1-P52,IS,1,XP214-PR,4,C,0,NA,280,FALSE,FALSE,FALSE
VB-MT5-P23,VB,5,XP214-PR,4,C,0,NA,20,FALSE,FALSE,FALSE
CP-MT2-P92,CP,2,XP214-PR,4,C,0,NA,280,FALSE,FALSE,FALSE
CH-MT4-P17,CH,4,XP214-PR,4,C,0,NA,167,FALSE,FALSE,FALSE
BG-MT4-P61,BG,4,XP214-PR,4,C,0,NA,167,FALSE,FALSE,FALSE
BP-MT4-P55,BP,4,XP214-PR,4,C,0,NA,20,FALSE,FALSE,FALSE
EA-MT4-P71,EA,4,XP214-PR,4,C,0,NA,280,FALSE,FALSE,FALSE
PG-MT2-P32,PG,2,XP214-PR,4,C,0,NA,20,FALSE,FALSE,FALSE
AE-MT2-P10,AE,2,XP214-PR,4,C,0,NA,20,FALSE,FALSE,FALSE
BU-MT3-P83,BU,3,XP214-PR,4,C,0,NA,167,FALSE,FALSE,FALSE
OP-MT9-P16,OP,9,XP214-PR,5,A,0,NA,322,FALSE,FALSE,FALSE
PA-MT3-P42,PA,3,XP214-PR,5,A,0,NA,322,FALSE,FALSE,FALSE
CP-MT4-P57,CP,4,XP214-PR,5,A,0,NA,280,FALSE,FALSE,FALSE
IS-MT3-P99,IS,3,XP214-PR,5,A,0,NA,20,FALSE,FALSE,FALSE
BU-MT1-P17,BU,1,XP214-PR,5,A,1,2026-03-03,280,FALSE,FALSE,FALSE
AE-MT3-P17,AE,3,XP214-PR,5,A,0,NA,20,FALSE,FALSE,FALSE
BG-MT5-P50,BG,5,XP214-PR,5,A,0,NA,167,FALSE,FALSE,FALSE
DC-MT4-P19,DC,4,XP214-PR,5,A,1,2026-03-03,167,FALSE,FALSE,FALSE
PG-MT1-P34,PG,1,XP214-PR,5,A,0,NA,20,FALSE,FALSE,FALSE
IS-MT2-P56,IS,2,XP214-PR,5,B,1,2026-03-03,322,FALSE,FALSE,FALSE
CP-MT2-P88,CP,2,XP214-PR,5,B,0,NA,280,FALSE,FALSE,FALSE
PA-MT6-P20,PA,6,XP214-PR,5,B,0,NA,280,FALSE,FALSE,FALSE
DC-MT1-P53,DC,1,XP214-PR,5,B,0,NA,167,FALSE,FALSE,FALSE
AE-MT5-P73,AE,5,XP214-PR,5,B,0,NA,20,FALSE,FALSE,FALSE
BG-MT4-P31,BG,4,XP214-PR,5,B,0,NA,167,FALSE,FALSE,FALSE
CH-MT3-P15,CH,3,XP214-PR,5,B,0,NA,167,FALSE,FALSE,FALSE
PG-MT4-P20,PG,4,XP214-PR,5,B,0,NA,20,FALSE,FALSE,FALSE
CP-MT2-P83,CP,2,XP214-PR,5,C,0,NA,280,FALSE,FALSE,FALSE
OP-MT7-P38,OP,7,XP214-PR,5,C,0,NA,280,FALSE,FALSE,FALSE
PG-MT4-P38,PG,4,XP214-PR,5,C,0,NA,20,FALSE,FALSE,FALSE
AE-MT1-P49,AE,1,XP214-PR,5,C,0,NA,20,FALSE,FALSE,FALSE
BG-MT2-P86,BG,2,XP214-PR,5,C,0,NA,167,FALSE,FALSE,FALSE
IS-MT3-P86,IS,3,XP214-PR,5,C,0,NA,20,FALSE,FALSE,FALSE
CH-MT2-P75,CH,2,XP214-PR,5,C,1,2026-03-03,167,FALSE,FALSE,FALSE
DC-MT5-P17,DC,5,XP214-PR,5,C,1,2026-03-03,167,FALSE,FALSE,FALSE
CP-MT3-P10,CP,3,XP215-PR,1,A,0,NA,281,FALSE,FALSE,FALSE
PG-MT2-P20,PG,2,XP215-PR,1,A,0,NA,18,FALSE,FALSE,FALSE
CH-MT2-P18,CH,2,XP215-PR,1,A,0,NA,166,FALSE,FALSE,FALSE
IS-MT2-P69,IS,2,XP215-PR,1,A,0,NA,323,FALSE,FALSE,FALSE
PA-MT3-P2,PA,3,XP215-PR,1,A,0,NA,323,FALSE,FALSE,FALSE
OP-MT2-P5,OP,2,XP215-PR,1,A,0,NA,323,FALSE,FALSE,FALSE
BG-MT4-P22,BG,4,XP215-PR,1,A,0,NA,166,FALSE,FALSE,FALSE
BU-MT4-P32,BU,4,XP215-PR,1,A,1,2026-03-03,166,FALSE,FALSE,FALSE
BS-MT7-P24,BS,7,XP215-PR,1,A,0,NA,166,FALSE,FALSE,FALSE
BP-MT2-P73,BP,2,XP215-PR,1,A,1,2026-03-03,18,FALSE,FALSE,FALSE
AE-MT4-P46,AE,4,XP215-PR,1,A,0,NA,18,FALSE,FALSE,FALSE
VB-MT2-P46,VB,2,XP215-PR,1,A,0,NA,18,FALSE,FALSE,FALSE
DC-MT2-P7,DC,2,XP215-PR,1,B,1,2026-03-03,166,FALSE,FALSE,FALSE
IS-MT5-P69,IS,5,XP215-PR,1,B,0,NA,323,FALSE,FALSE,FALSE
OP-MT6-P41,OP,6,XP215-PR,1,B,0,NA,281,FALSE,FALSE,FALSE
VB-MT3-P60,VB,3,XP215-PR,1,B,0,NA,18,FALSE,FALSE,FALSE
BP-MT1-P60,BP,1,XP215-PR,1,B,0,NA,18,FALSE,FALSE,FALSE
PG-MT5-P58,PG,5,XP215-PR,1,B,0,NA,18,FALSE,FALSE,FALSE
EA-MT4-P29,EA,4,XP215-PR,1,B,0,NA,18,FALSE,FALSE,FALSE
CH-MT1-P31,CH,1,XP215-PR,1,B,1,2026-03-03,281,FALSE,FALSE,FALSE
BG-MT3-P85,BG,3,XP215-PR,1,B,0,NA,166,FALSE,FALSE,FALSE
AE-MT1-P67,AE,1,XP215-PR,1,B,0,NA,18,FALSE,FALSE,FALSE
BU-MT4-P22,BU,4,XP215-PR,1,B,0,NA,166,FALSE,FALSE,FALSE
DC-MT3-P26,DC,3,XP215-PR,1,C,1,2026-03-03,166,FALSE,FALSE,FALSE
AE-MT2-P36,AE,2,XP215-PR,1,C,0,NA,18,FALSE,FALSE,FALSE
PA-MT7-P28,PA,7,XP215-PR,1,C,0,NA,166,FALSE,FALSE,FALSE
OP-MT6-P19,OP,6,XP215-PR,1,C,0,NA,281,FALSE,FALSE,FALSE
VB-MT1-P54,VB,1,XP215-PR,1,C,0,NA,166,FALSE,FALSE,FALSE
CH-MT4-P21,CH,4,XP215-PR,1,C,0,NA,166,FALSE,FALSE,FALSE
CP-MT4-P35,CP,4,XP215-PR,1,C,0,NA,281,FALSE,FALSE,FALSE
EA-MT4-P3,EA,4,XP215-PR,1,C,0,NA,281,FALSE,FALSE,FALSE
BS-MT6-P33,BS,6,XP215-PR,1,C,0,NA,166,FALSE,FALSE,FALSE
BU-MT4-P62,BU,4,XP215-PR,1,C,0,NA,166,FALSE,FALSE,FALSE
MC-MT3-P24,MC,3,XP215-PR,1,C,0,NA,NA,FALSE,FALSE,FALSE
MC-MT2-P20,MC,2,XP215-PR,1,C,0,NA,18,FALSE,FALSE,FALSE
BG-MT5-P91,BG,5,XP215-PR,1,C,0,NA,166,FALSE,FALSE,FALSE
BP-MT2-P54,BP,2,XP215-PR,1,C,0,NA,18,FALSE,FALSE,FALSE
PG-MT3-P18,PG,3,XP215-PR,1,C,1,2026-03-03,18,FALSE,FALSE,FALSE
IS-MT2-P42,IS,2,XP215-PR,2,A,0,NA,323,FALSE,FALSE,FALSE
CH-MT4-P67,CH,4,XP215-PR,2,A,0,NA,166,FALSE,FALSE,FALSE
DC-MT1-P18,DC,1,XP215-PR,2,A,1,2026-03-03,166,FALSE,FALSE,FALSE
OP-MT2-P50,OP,2,XP215-PR,2,A,0,NA,323,FALSE,FALSE,FALSE
CP-MT2-P17,CP,2,XP215-PR,2,A,0,NA,281,FALSE,FALSE,FALSE
PA-MT3-P7,PA,3,XP215-PR,2,A,0,NA,323,FALSE,FALSE,FALSE
PG-MT2-P21,PG,2,XP215-PR,2,A,0,NA,18,FALSE,FALSE,FALSE
AE-MT5-P31,AE,5,XP215-PR,2,A,0,NA,18,FALSE,FALSE,FALSE
BG-MT5-P10,BG,5,XP215-PR,2,A,0,NA,166,FALSE,FALSE,FALSE
BP-MT4-P63,BP,4,XP215-PR,2,A,1,2026-03-03,18,FALSE,FALSE,FALSE
VB-MT2-P49,VB,2,XP215-PR,2,A,0,NA,18,FALSE,FALSE,FALSE
BU-MT3-P17,BU,3,XP215-PR,2,A,0,NA,166,FALSE,FALSE,FALSE
BG-MT1-P88,BG,1,XP215-PR,2,B,1,2026-03-03,166,FALSE,FALSE,FALSE
DC-MT2-P39,DC,2,XP215-PR,2,B,0,NA,18,FALSE,FALSE,FALSE
CH-MT5-P61,CH,5,XP215-PR,2,B,0,NA,166,FALSE,FALSE,FALSE
PG-MT4-P24,PG,4,XP215-PR,2,B,0,NA,18,FALSE,FALSE,FALSE
BU-MT2-P49,BU,2,XP215-PR,2,B,0,NA,166,FALSE,FALSE,FALSE
BP-MT3-P38,BP,3,XP215-PR,2,B,0,NA,18,FALSE,FALSE,FALSE
IS-MT5-P67,IS,5,XP215-PR,2,B,0,NA,323,FALSE,FALSE,FALSE
OP-MT8-P25,OP,8,XP215-PR,2,B,0,NA,281,FALSE,FALSE,FALSE
CP-MT1-P38,CP,1,XP215-PR,2,B,0,NA,166,FALSE,FALSE,FALSE
MC-MT3-P16,MC,3,XP215-PR,2,B,0,NA,166,FALSE,FALSE,FALSE
VB-MT3-P35,VB,3,XP215-PR,2,B,0,NA,18,FALSE,FALSE,FALSE
AE-MT3-P6,AE,3,XP215-PR,2,B,0,NA,18,FALSE,FALSE,FALSE
BG-MT3-P46,BG,3,XP215-PR,2,C,0,NA,166,FALSE,FALSE,FALSE
PA-MT6-P55,PA,6,XP215-PR,2,C,0,NA,281,FALSE,FALSE,FALSE
CH-MT5-P14,CH,5,XP215-PR,2,C,0,NA,166,FALSE,FALSE,FALSE
DC-MT4-P79,DC,4,XP215-PR,2,C,1,2026-03-03,166,FALSE,FALSE,FALSE
PG-MT2-P26,PG,2,XP215-PR,2,C,0,NA,18,FALSE,FALSE,FALSE
CP-MT4-P54,CP,4,XP215-PR,2,C,0,NA,281,FALSE,FALSE,FALSE
OP-MT8-P45,OP,8,XP215-PR,2,C,1,2026-03-03,281,FALSE,FALSE,FALSE
IS-MT4-P22,IS,4,XP215-PR,2,C,0,NA,281,FALSE,FALSE,FALSE
MC-MT1-P35,MC,1,XP215-PR,2,C,0,NA,166,FALSE,FALSE,FALSE
BP-MT5-P5,BP,5,XP215-PR,2,C,0,NA,18,FALSE,FALSE,FALSE
VB-MT2-P17,VB,2,XP215-PR,2,C,0,NA,18,FALSE,FALSE,FALSE
BU-MT3-P52,BU,3,XP215-PR,2,C,0,NA,166,FALSE,FALSE,FALSE
AE-MT1-P48,AE,1,XP215-PR,2,C,0,NA,18,FALSE,FALSE,FALSE
MC-MT2-P69,MC,2,XP215-PR,3,A,0,NA,166,FALSE,FALSE,FALSE
VB-MT2-P14,VB,2,XP215-PR,3,A,0,NA,18,FALSE,FALSE,FALSE
EA-MT2-P3,EA,2,XP215-PR,3,A,0,NA,281,FALSE,FALSE,FALSE
CP-MT5-P42,CP,5,XP215-PR,3,A,0,NA,166,FALSE,FALSE,FALSE
CH-MT2-P7,CH,2,XP215-PR,3,A,0,NA,NA,FALSE,FALSE,FALSE
BG-MT4-P33,BG,4,XP215-PR,3,A,0,NA,166,FALSE,FALSE,FALSE
PG-MT5-P57,PG,5,XP215-PR,3,A,0,NA,18,FALSE,FALSE,FALSE
DC-MT5-P12,DC,5,XP215-PR,3,A,0,NA,166,FALSE,FALSE,FALSE
IS-MT3-P68,IS,3,XP215-PR,3,A,0,NA,323,FALSE,FALSE,FALSE
OP-MT9-P27,OP,9,XP215-PR,3,A,0,NA,323,FALSE,FALSE,FALSE
BU-MT1-P28,BU,1,XP215-PR,3,A,0,NA,281,FALSE,FALSE,FALSE
AE-MT2-P2,AE,2,XP215-PR,3,A,0,NA,18,FALSE,FALSE,FALSE
BP-MT4-P26,BP,4,XP215-PR,3,A,0,NA,18,FALSE,FALSE,FALSE
CH-MT3-P41,CH,3,XP215-PR,3,B,0,NA,166,FALSE,FALSE,FALSE
CP-MT2-P1,CP,2,XP215-PR,3,B,0,NA,281,FALSE,FALSE,FALSE
OP-MT7-P27,OP,7,XP215-PR,3,B,0,NA,281,FALSE,FALSE,FALSE
BG-MT2-P81,BG,2,XP215-PR,3,B,0,NA,166,FALSE,FALSE,FALSE
VB-MT1-P6,VB,1,XP215-PR,3,B,0,NA,166,FALSE,FALSE,FALSE
PG-MT2-P41,PG,2,XP215-PR,3,B,0,NA,18,FALSE,FALSE,FALSE
BU-MT1-P45,BU,1,XP215-PR,3,B,0,NA,281,FALSE,FALSE,FALSE
DC-MT1-P19,DC,1,XP215-PR,3,B,0,NA,166,FALSE,FALSE,FALSE
MC-MT2-P55,MC,2,XP215-PR,3,B,0,NA,166,FALSE,FALSE,FALSE
IS-MT1-P1,IS,1,XP215-PR,3,B,0,NA,281,FALSE,FALSE,FALSE
AE-MT3-P28,AE,3,XP215-PR,3,B,0,NA,18,FALSE,FALSE,FALSE
PA-MT7-P9,PA,7,XP215-PR,3,B,0,NA,166,FALSE,FALSE,FALSE
BP-MT2-P45,BP,2,XP215-PR,3,B,0,NA,18,FALSE,FALSE,FALSE
EA-MT3-P33,EA,3,XP215-PR,3,C,0,NA,18,FALSE,FALSE,FALSE
DC-MT3-P63,DC,3,XP215-PR,3,C,0,NA,18,FALSE,FALSE,FALSE
MC-MT3-P54,MC,3,XP215-PR,3,C,0,NA,166,FALSE,FALSE,FALSE
CP-MT3-P74,CP,3,XP215-PR,3,C,0,NA,281,FALSE,FALSE,FALSE
VB-MT5-P55,VB,5,XP215-PR,3,C,0,NA,18,FALSE,FALSE,FALSE
IS-MT1-P25,IS,1,XP215-PR,3,C,0,NA,281,FALSE,FALSE,FALSE
AE-MT3-P26,AE,3,XP215-PR,3,C,0,NA,18,FALSE,FALSE,FALSE
BS-MT5-P23,BS,5,XP215-PR,3,C,0,NA,166,FALSE,FALSE,FALSE
BG-MT3-P79,BG,3,XP215-PR,3,C,0,NA,166,FALSE,FALSE,FALSE
BP-MT4-P69,BP,4,XP215-PR,3,C,0,NA,18,FALSE,FALSE,FALSE
PG-MT3-P37,PG,3,XP215-PR,3,C,0,NA,18,FALSE,FALSE,FALSE
CH-MT3-P26,CH,3,XP215-PR,3,C,0,NA,166,FALSE,FALSE,FALSE
BU-MT2-P16,BU,2,XP215-PR,3,C,0,NA,166,FALSE,FALSE,FALSE
BU-MT3-P24,BU,3,XP215-PR,4,A,1,2026-03-03,166,FALSE,FALSE,FALSE
CH-MT3-P42,CH,3,XP215-PR,4,A,0,NA,166,FALSE,FALSE,FALSE
DC-MT4-P25,DC,4,XP215-PR,4,A,0,NA,166,FALSE,FALSE,FALSE
BP-MT3-P49,BP,3,XP215-PR,4,A,0,NA,18,FALSE,FALSE,FALSE
IS-MT3-P66,IS,3,XP215-PR,4,A,0,NA,323,FALSE,FALSE,FALSE
CP-MT5-P3,CP,5,XP215-PR,4,A,0,NA,166,FALSE,FALSE,FALSE
OP-MT9-P54,OP,9,XP215-PR,4,A,0,NA,323,FALSE,FALSE,FALSE
AE-MT4-P59,AE,4,XP215-PR,4,A,0,NA,18,FALSE,FALSE,FALSE
MC-MT1-P13,MC,1,XP215-PR,4,A,0,NA,166,FALSE,FALSE,FALSE
BG-MT1-P91,BG,1,XP215-PR,4,A,0,NA,166,FALSE,FALSE,FALSE
PA-MT3-P71,PA,3,XP215-PR,4,A,0,NA,18,FALSE,FALSE,FALSE
PG-MT3-P60,PG,3,XP215-PR,4,A,0,NA,18,FALSE,FALSE,FALSE
VB-MT2-P69,VB,2,XP215-PR,4,A,0,NA,18,FALSE,FALSE,FALSE
BG-MT2-P56,BG,2,XP215-PR,4,B,0,NA,166,FALSE,FALSE,FALSE
VB-MT5-P48,VB,5,XP215-PR,4,B,0,NA,18,FALSE,FALSE,FALSE
AE-MT1-P8,AE,1,XP215-PR,4,B,0,NA,18,FALSE,FALSE,FALSE
CH-MT4-P85,CH,4,XP215-PR,4,B,0,NA,166,FALSE,FALSE,FALSE
PG-MT5-P43,PG,5,XP215-PR,4,B,0,NA,18,FALSE,FALSE,FALSE
CP-MT3-P84,CP,3,XP215-PR,4,B,0,NA,18,FALSE,FALSE,FALSE
EA-MT3-P15,EA,3,XP215-PR,4,B,0,NA,281,FALSE,FALSE,FALSE
MC-MT1-P14,MC,1,XP215-PR,4,B,0,NA,166,FALSE,FALSE,FALSE
IS-MT4-P55,IS,4,XP215-PR,4,B,0,NA,281,FALSE,FALSE,FALSE
BU-MT5-P23,BU,5,XP215-PR,4,B,0,NA,166,FALSE,FALSE,FALSE
BS-MT5-P15,BS,5,XP215-PR,4,B,0,NA,166,FALSE,FALSE,FALSE
BP-MT1-P37,BP,1,XP215-PR,4,B,1,2026-03-03,18,FALSE,FALSE,FALSE
DC-MT3-P42,DC,3,XP215-PR,4,B,1,2026-03-03,166,FALSE,FALSE,FALSE
CP-MT1-P9,CP,1,XP215-PR,4,C,0,NA,166,FALSE,FALSE,FALSE
BP-MT1-P52,BP,1,XP215-PR,4,C,0,NA,18,FALSE,FALSE,FALSE
VB-MT3-P24,VB,3,XP215-PR,4,C,0,NA,18,FALSE,FALSE,FALSE
BS-MT1-P20,BS,1,XP215-PR,4,C,0,NA,166,FALSE,FALSE,FALSE
BG-MT1-P92,BG,1,XP215-PR,4,C,0,NA,166,FALSE,FALSE,FALSE
AE-MT2-P65,AE,2,XP215-PR,4,C,0,NA,18,FALSE,FALSE,FALSE
CH-MT1-P18,CH,1,XP215-PR,4,C,0,NA,281,FALSE,FALSE,FALSE
PA-MT6-P7,PA,6,XP215-PR,4,C,0,NA,281,FALSE,FALSE,FALSE
MC-MT2-P23,MC,2,XP215-PR,4,C,0,NA,166,FALSE,FALSE,FALSE
OP-MT7-P58,OP,7,XP215-PR,4,C,0,NA,281,FALSE,FALSE,FALSE
DC-MT5-P54,DC,5,XP215-PR,4,C,1,2026-03-03,166,FALSE,FALSE,FALSE
EA-MT4-P54,EA,4,XP215-PR,4,C,0,NA,18,FALSE,FALSE,FALSE
PG-MT1-P57,PG,1,XP215-PR,4,C,0,NA,18,FALSE,FALSE,FALSE
BU-MT5-P3,BU,5,XP215-PR,4,C,0,NA,166,FALSE,FALSE,FALSE
CP-MT4-P14,CP,4,XP215-PR,5,A,0,NA,NA,FALSE,FALSE,FALSE
PA-MT6-P44,PA,6,XP215-PR,5,A,0,NA,281,FALSE,FALSE,FALSE
OP-MT8-P31,OP,8,XP215-PR,5,A,0,NA,NA,FALSE,FALSE,FALSE
PG-MT4-P74,PG,4,XP215-PR,5,A,0,NA,18,FALSE,FALSE,FALSE
CH-MT2-P29,CH,2,XP215-PR,5,A,0,NA,166,FALSE,FALSE,FALSE
BG-MT2-P52,BG,2,XP215-PR,5,A,0,NA,166,FALSE,FALSE,FALSE
DC-MT5-P46,DC,5,XP215-PR,5,A,0,NA,166,FALSE,FALSE,FALSE
AE-MT5-P61,AE,5,XP215-PR,5,A,0,NA,18,FALSE,FALSE,FALSE
IS-MT3-P93,IS,3,XP215-PR,5,A,0,NA,18,FALSE,FALSE,FALSE
IS-MT3-P51,IS,3,XP215-PR,5,B,0,NA,323,FALSE,FALSE,FALSE
CP-MT2-P61,CP,2,XP215-PR,5,B,0,NA,281,FALSE,FALSE,FALSE
OP-MT6-P16,OP,6,XP215-PR,5,B,0,NA,281,FALSE,FALSE,FALSE
BU-MT1-P52,BU,1,XP215-PR,5,B,0,NA,281,FALSE,FALSE,FALSE
PG-MT3-P58,PG,3,XP215-PR,5,B,0,NA,18,FALSE,FALSE,FALSE
DC-MT4-P14,DC,4,XP215-PR,5,B,1,2026-03-03,166,FALSE,FALSE,FALSE
BG-MT5-P66,BG,5,XP215-PR,5,B,0,NA,166,FALSE,FALSE,FALSE
AE-MT1-P16,AE,1,XP215-PR,5,B,0,NA,18,FALSE,FALSE,FALSE
OP-MT2-P18,OP,2,XP215-PR,5,C,0,NA,323,FALSE,FALSE,FALSE
CP-MT3-P27,CP,3,XP215-PR,5,C,0,NA,281,FALSE,FALSE,FALSE
IS-MT3-P94,IS,3,XP215-PR,5,C,0,NA,18,FALSE,FALSE,FALSE
DC-MT1-P20,DC,1,XP215-PR,5,C,0,NA,166,FALSE,FALSE,FALSE
AE-MT5-P59,AE,5,XP215-PR,5,C,0,NA,18,FALSE,FALSE,FALSE
PG-MT5-P54,PG,5,XP215-PR,5,C,0,NA,18,FALSE,FALSE,FALSE
BG-MT4-P78,BG,4,XP215-PR,5,C,0,NA,166,FALSE,FALSE,FALSE
CH-MT4-P86,CH,4,XP215-PR,5,C,0,NA,166,FALSE,FALSE,FALSE
BS-MT1-P18,BS,1,XP216-PLR,1,A,0,NA,179,FALSE,FALSE,FALSE
DC-MT4-P53,DC,4,XP216-PLR,1,A,1,2026-02-23,179,FALSE,FALSE,FALSE
BP-MT2-P1,BP,2,XP216-PLR,1,A,0,NA,5,FALSE,FALSE,FALSE
CH-MT5-P47,CH,5,XP216-PLR,1,A,1,2026-02-23,179,FALSE,FALSE,FALSE
VB-MT5-P19,VB,5,XP216-PLR,1,A,0,NA,5,FALSE,FALSE,FALSE
PA-MT3-P26,PA,3,XP216-PLR,1,A,0,NA,329,FALSE,FALSE,FALSE
AE-MT4-P4,AE,4,XP216-PLR,1,A,0,NA,5,FALSE,FALSE,FALSE
OP-MT9-P25,OP,9,XP216-PLR,1,A,1,2026-02-23,329,FALSE,FALSE,FALSE
IS-MT3-P32,IS,3,XP216-PLR,1,A,0,NA,329,FALSE,FALSE,FALSE
PG-MT4-P44,PG,4,XP216-PLR,1,A,0,NA,5,FALSE,FALSE,FALSE
BG-MT3-P30,BG,3,XP216-PLR,1,A,0,NA,179,FALSE,FALSE,FALSE
BU-MT5-P29,BU,5,XP216-PLR,1,A,0,NA,179,FALSE,FALSE,FALSE
CP-MT1-P53,CP,1,XP216-PLR,1,A,0,NA,179,FALSE,FALSE,FALSE
BG-MT1-P55,BG,1,XP216-PLR,1,B,1,2026-02-23,179,FALSE,FALSE,FALSE
OP-MT8-P17,OP,8,XP216-PLR,1,B,1,2025-08-28,105,FALSE,FALSE,FALSE
BU-MT2-P29,BU,2,XP216-PLR,1,B,0,NA,179,FALSE,FALSE,FALSE
AE-MT4-P17,AE,4,XP216-PLR,1,B,0,NA,5,FALSE,FALSE,FALSE
EA-MT3-P66,EA,3,XP216-PLR,1,B,0,NA,5,FALSE,FALSE,FALSE
CH-MT2-P56,CH,2,XP216-PLR,1,B,1,2026-02-23,179,FALSE,FALSE,FALSE
MC-MT3-P53,MC,3,XP216-PLR,1,B,1,2026-02-23,179,FALSE,FALSE,FALSE
PA-MT6-P64,PA,6,XP216-PLR,1,B,0,NA,284,FALSE,FALSE,FALSE
CP-MT5-P62,CP,5,XP216-PLR,1,B,0,NA,179,FALSE,FALSE,FALSE
IS-MT2-P90,IS,2,XP216-PLR,1,B,0,NA,329,FALSE,FALSE,FALSE
PG-MT1-P62,PG,1,XP216-PLR,1,B,0,NA,5,FALSE,FALSE,FALSE
DC-MT1-P61,DC,1,XP216-PLR,1,B,0,NA,5,FALSE,FALSE,FALSE
VB-MT3-P8,VB,3,XP216-PLR,1,B,0,NA,5,FALSE,FALSE,FALSE
BP-MT4-P53,BP,4,XP216-PLR,1,B,0,NA,5,FALSE,FALSE,FALSE
BU-MT4-P55,BU,4,XP216-PLR,1,C,0,NA,179,FALSE,FALSE,FALSE
CP-MT4-P30,CP,4,XP216-PLR,1,C,1,2026-02-23,284,FALSE,FALSE,FALSE
PA-MT3-P100,PA,3,XP216-PLR,1,C,0,NA,5,FALSE,FALSE,FALSE
OP-MT7-P42,OP,7,XP216-PLR,1,C,0,NA,284,FALSE,FALSE,FALSE
PG-MT1-P2,PG,1,XP216-PLR,1,C,0,NA,5,FALSE,FALSE,FALSE
DC-MT1-P54,DC,1,XP216-PLR,1,C,0,NA,179,FALSE,FALSE,FALSE
AE-MT2-P71,AE,2,XP216-PLR,1,C,0,NA,5,FALSE,FALSE,FALSE
CH-MT1-P23,CH,1,XP216-PLR,1,C,1,2026-02-23,284,FALSE,FALSE,FALSE
EA-MT3-P5,EA,3,XP216-PLR,1,C,0,NA,284,FALSE,FALSE,FALSE
IS-MT5-P36,IS,5,XP216-PLR,1,C,0,NA,329,FALSE,FALSE,FALSE
BG-MT4-P58,BG,4,XP216-PLR,1,C,0,NA,179,FALSE,FALSE,FALSE
BP-MT3-P6,BP,3,XP216-PLR,1,C,0,NA,5,FALSE,FALSE,FALSE
VB-MT3-P21,VB,3,XP216-PLR,1,C,0,NA,5,FALSE,FALSE,FALSE
IS-MT2-P22,IS,2,XP216-PLR,2,A,0,NA,329,FALSE,FALSE,FALSE
AE-MT3-P74,AE,3,XP216-PLR,2,A,0,NA,5,FALSE,FALSE,FALSE
BU-MT4-P21,BU,4,XP216-PLR,2,A,0,NA,179,FALSE,FALSE,FALSE
VB-MT3-P48,VB,3,XP216-PLR,2,A,0,NA,5,FALSE,FALSE,FALSE
CP-MT5-P47,CP,5,XP216-PLR,2,A,0,NA,179,FALSE,FALSE,FALSE
CH-MT2-P38,CH,2,XP216-PLR,2,A,0,NA,179,FALSE,FALSE,FALSE
EA-MT4-P28,EA,4,XP216-PLR,2,A,0,NA,5,FALSE,FALSE,FALSE
PA-MT3-P22,PA,3,XP216-PLR,2,A,0,NA,329,FALSE,FALSE,FALSE
DC-MT1-P76,DC,1,XP216-PLR,2,A,1,2026-02-23,179,FALSE,FALSE,FALSE
OP-MT2-P14,OP,2,XP216-PLR,2,A,1,2026-02-23,329,FALSE,FALSE,FALSE
BP-MT4-P12,BP,4,XP216-PLR,2,A,0,NA,5,FALSE,FALSE,FALSE
BG-MT4-P46,BG,4,XP216-PLR,2,A,0,NA,179,FALSE,FALSE,FALSE
PG-MT5-P70,PG,5,XP216-PLR,2,A,0,NA,5,FALSE,FALSE,FALSE
BS-MT5-P6,BS,5,XP216-PLR,2,A,0,NA,179,FALSE,FALSE,FALSE
MC-MT2-P7,MC,2,XP216-PLR,2,A,0,NA,179,FALSE,FALSE,FALSE
CH-MT4-P2,CH,4,XP216-PLR,2,B,0,NA,179,FALSE,FALSE,FALSE
OP-MT7-P14,OP,7,XP216-PLR,2,B,0,NA,284,FALSE,FALSE,FALSE
VB-MT3-P51,VB,3,XP216-PLR,2,B,0,NA,5,FALSE,FALSE,FALSE
MC-MT3-P50,MC,3,XP216-PLR,2,B,0,NA,179,FALSE,FALSE,FALSE
BG-MT3-P8,BG,3,XP216-PLR,2,B,1,2026-02-23,179,FALSE,FALSE,FALSE
DC-MT4-P28,DC,4,XP216-PLR,2,B,0,NA,179,FALSE,FALSE,FALSE
BP-MT5-P27,BP,5,XP216-PLR,2,B,0,NA,5,FALSE,FALSE,FALSE
CP-MT3-P25,CP,3,XP216-PLR,2,B,0,NA,284,FALSE,FALSE,FALSE
BS-MT7-P11,BS,7,XP216-PLR,2,B,0,NA,179,FALSE,FALSE,FALSE
PG-MT3-P30,PG,3,XP216-PLR,2,B,0,NA,5,FALSE,FALSE,FALSE
BU-MT3-P51,BU,3,XP216-PLR,2,B,0,NA,179,FALSE,FALSE,FALSE
AE-MT4-P11,AE,4,XP216-PLR,2,B,0,NA,5,FALSE,FALSE,FALSE
VB-MT2-P45,VB,2,XP216-PLR,2,C,0,NA,5,FALSE,FALSE,FALSE
CH-MT1-P50,CH,1,XP216-PLR,2,C,1,2025-08-28,105,FALSE,FALSE,FALSE
CH-MT3-P20,CH,3,XP216-PLR,2,C,0,NA,5,FALSE,FALSE,FALSE
CP-MT2-P68,CP,2,XP216-PLR,2,C,0,NA,284,FALSE,FALSE,FALSE
BP-MT4-P29,BP,4,XP216-PLR,2,C,0,NA,5,FALSE,FALSE,FALSE
DC-MT3-P45,DC,3,XP216-PLR,2,C,0,NA,179,FALSE,FALSE,FALSE
EA-MT2-P12,EA,2,XP216-PLR,2,C,0,NA,284,FALSE,FALSE,FALSE
BG-MT2-P5,BG,2,XP216-PLR,2,C,0,NA,179,FALSE,FALSE,FALSE
MC-MT1-P8,MC,1,XP216-PLR,2,C,0,NA,179,FALSE,FALSE,FALSE
BU-MT2-P24,BU,2,XP216-PLR,2,C,0,NA,179,FALSE,FALSE,FALSE
OP-MT8-P9,OP,8,XP216-PLR,2,C,1,2026-02-23,284,FALSE,FALSE,FALSE
PG-MT1-P28,PG,1,XP216-PLR,2,C,0,NA,5,FALSE,FALSE,FALSE
AE-MT2-P39,AE,2,XP216-PLR,2,C,0,NA,5,FALSE,FALSE,FALSE
CP-MT4-P45,CP,4,XP216-PLR,3,A,1,2025-08-28,105,FALSE,FALSE,FALSE
CP-MT5-P82,CP,5,XP216-PLR,3,A,0,NA,5,FALSE,FALSE,FALSE
BG-MT5-P34,BG,5,XP216-PLR,3,A,0,NA,179,FALSE,FALSE,FALSE
VB-MT3-P55,VB,3,XP216-PLR,3,A,0,NA,5,FALSE,FALSE,FALSE
BU-MT1-P5,BU,1,XP216-PLR,3,A,0,NA,284,FALSE,FALSE,FALSE
BP-MT1-P65,BP,1,XP216-PLR,3,A,0,NA,5,FALSE,FALSE,FALSE
AE-MT5-P10,AE,5,XP216-PLR,3,A,0,NA,5,FALSE,FALSE,FALSE
OP-MT2-P30,OP,2,XP216-PLR,3,A,1,2025-08-28,150,FALSE,FALSE,FALSE
IS-MT3-P2,IS,3,XP216-PLR,3,A,0,NA,329,FALSE,FALSE,FALSE
MC-MT2-P28,MC,2,XP216-PLR,3,A,0,NA,179,FALSE,FALSE,FALSE
PA-MT7-P10,PA,7,XP216-PLR,3,A,0,NA,179,FALSE,FALSE,FALSE
CH-MT3-P60,CH,3,XP216-PLR,3,A,1,2026-02-23,179,FALSE,FALSE,FALSE
DC-MT5-P81,DC,5,XP216-PLR,3,A,0,NA,5,FALSE,FALSE,FALSE
PG-MT4-P5,PG,4,XP216-PLR,3,A,0,NA,5,FALSE,FALSE,FALSE
CH-MT3-P38,CH,3,XP216-PLR,3,B,0,NA,179,FALSE,FALSE,FALSE
PG-MT5-P29,PG,5,XP216-PLR,3,B,0,NA,5,FALSE,FALSE,FALSE
IS-MT5-P80,IS,5,XP216-PLR,3,B,0,NA,329,FALSE,FALSE,FALSE
VB-MT1-P16,VB,1,XP216-PLR,3,B,0,NA,179,FALSE,FALSE,FALSE
CP-MT3-P46,CP,3,XP216-PLR,3,B,0,NA,284,FALSE,FALSE,FALSE
AE-MT2-P70,AE,2,XP216-PLR,3,B,0,NA,5,FALSE,FALSE,FALSE
BS-MT6-P12,BS,6,XP216-PLR,3,B,0,NA,179,FALSE,FALSE,FALSE
MC-MT1-P16,MC,1,XP216-PLR,3,B,0,NA,179,FALSE,FALSE,FALSE
BU-MT3-P73,BU,3,XP216-PLR,3,B,0,NA,179,FALSE,FALSE,FALSE
BG-MT1-P52,BG,1,XP216-PLR,3,B,0,NA,179,FALSE,FALSE,FALSE
BP-MT2-P60,BP,2,XP216-PLR,3,B,0,NA,5,FALSE,FALSE,FALSE
DC-MT2-P13,DC,2,XP216-PLR,3,B,0,NA,179,FALSE,FALSE,FALSE
BU-MT5-P32,BU,5,XP216-PLR,3,C,0,NA,179,FALSE,FALSE,FALSE
VB-MT2-P44,VB,2,XP216-PLR,3,C,0,NA,5,FALSE,FALSE,FALSE
AE-MT5-P14,AE,5,XP216-PLR,3,C,0,NA,5,FALSE,FALSE,FALSE
DC-MT5-P4,DC,5,XP216-PLR,3,C,0,NA,179,FALSE,FALSE,FALSE
IS-MT4-P40,IS,4,XP216-PLR,3,C,0,NA,284,FALSE,FALSE,FALSE
BP-MT1-P13,BP,1,XP216-PLR,3,C,0,NA,5,FALSE,FALSE,FALSE
BG-MT1-P37,BG,1,XP216-PLR,3,C,0,NA,179,FALSE,FALSE,FALSE
CP-MT5-P22,CP,5,XP216-PLR,3,C,0,NA,179,FALSE,FALSE,FALSE
OP-MT6-P46,OP,6,XP216-PLR,3,C,1,2025-08-28,105,FALSE,FALSE,FALSE
EA-MT4-P32,EA,4,XP216-PLR,3,C,0,NA,5,FALSE,FALSE,FALSE
PA-MT7-P35,PA,7,XP216-PLR,3,C,0,NA,179,FALSE,FALSE,FALSE
PG-MT3-P68,PG,3,XP216-PLR,3,C,0,NA,5,FALSE,FALSE,FALSE
CH-MT5-P42,CH,5,XP216-PLR,3,C,0,NA,179,FALSE,FALSE,FALSE
DC-MT3-P25,DC,3,XP216-PLR,4,A,0,NA,179,FALSE,FALSE,FALSE
BU-MT3-P64,BU,3,XP216-PLR,4,A,0,NA,179,FALSE,FALSE,FALSE
CH-MT4-P72,CH,4,XP216-PLR,4,A,0,NA,179,FALSE,FALSE,FALSE
BG-MT2-P57,BG,2,XP216-PLR,4,A,0,NA,179,FALSE,FALSE,FALSE
AE-MT1-P61,AE,1,XP216-PLR,4,A,1,2026-02-23,5,FALSE,FALSE,FALSE
OP-MT9-P45,OP,9,XP216-PLR,4,A,1,2026-02-23,329,FALSE,FALSE,FALSE
BP-MT3-P5,BP,3,XP216-PLR,4,A,0,NA,5,FALSE,FALSE,FALSE
IS-MT1-P23,IS,1,XP216-PLR,4,A,0,NA,284,FALSE,FALSE,FALSE
PG-MT2-P59,PG,2,XP216-PLR,4,A,0,NA,5,FALSE,FALSE,FALSE
CP-MT1-P32,CP,1,XP216-PLR,4,A,0,NA,179,FALSE,FALSE,FALSE
VB-MT5-P3,VB,5,XP216-PLR,4,A,1,2026-02-23,5,FALSE,FALSE,FALSE
PG-MT1-P33,PG,1,XP216-PLR,4,B,0,NA,5,FALSE,FALSE,FALSE
IS-MT4-P5,IS,4,XP216-PLR,4,B,0,NA,284,FALSE,FALSE,FALSE
VB-MT1-P31,VB,1,XP216-PLR,4,B,0,NA,179,FALSE,FALSE,FALSE
BP-MT1-P41,BP,1,XP216-PLR,4,B,0,NA,5,FALSE,FALSE,FALSE
PA-MT6-P41,PA,6,XP216-PLR,4,B,0,NA,284,FALSE,FALSE,FALSE
CP-MT5-P63,CP,5,XP216-PLR,4,B,0,NA,179,FALSE,FALSE,FALSE
BU-MT1-P54,BU,1,XP216-PLR,4,B,0,NA,284,FALSE,FALSE,FALSE
EA-MT4-P10,EA,4,XP216-PLR,4,B,0,NA,284,FALSE,FALSE,FALSE
AE-MT5-P70,AE,5,XP216-PLR,4,B,0,NA,5,FALSE,FALSE,FALSE
CH-MT2-P26,CH,2,XP216-PLR,4,B,0,NA,179,FALSE,FALSE,FALSE
BG-MT5-P9,BG,5,XP216-PLR,4,B,1,2026-02-23,179,FALSE,FALSE,FALSE
BG-MT3-P38,BG,3,XP216-PLR,4,C,0,NA,179,FALSE,FALSE,FALSE
VB-MT3-P3,VB,3,XP216-PLR,4,C,0,NA,5,FALSE,FALSE,FALSE
DC-MT5-P15,DC,5,XP216-PLR,4,C,1,2026-02-23,179,FALSE,FALSE,FALSE
CH-MT4-P44,CH,4,XP216-PLR,4,C,0,NA,179,FALSE,FALSE,FALSE
MC-MT3-P2,MC,3,XP216-PLR,4,C,0,NA,179,FALSE,FALSE,FALSE
BP-MT2-P68,BP,2,XP216-PLR,4,C,0,NA,5,FALSE,FALSE,FALSE
CP-MT2-P40,CP,2,XP216-PLR,4,C,0,NA,284,FALSE,FALSE,FALSE
IS-MT1-P43,IS,1,XP216-PLR,4,C,0,NA,284,FALSE,FALSE,FALSE
OP-MT6-P45,OP,6,XP216-PLR,4,C,1,2025-08-28,105,FALSE,FALSE,FALSE
BS-MT6-P24,BS,6,XP216-PLR,4,C,0,NA,179,FALSE,FALSE,FALSE
PG-MT3-P7,PG,3,XP216-PLR,4,C,0,NA,5,FALSE,FALSE,FALSE
BU-MT5-P30,BU,5,XP216-PLR,4,C,0,NA,179,FALSE,FALSE,FALSE
AE-MT3-P62,AE,3,XP216-PLR,4,C,0,NA,5,FALSE,FALSE,FALSE
AE-MT2-P27,AE,2,XP216-PLR,5,A,0,NA,5,FALSE,FALSE,FALSE
BS-MT7-P65,BS,7,XP216-PLR,5,A,0,NA,5,FALSE,FALSE,FALSE
BP-MT5-P38,BP,5,XP216-PLR,5,A,0,NA,5,FALSE,FALSE,FALSE
CH-MT4-P24,CH,4,XP216-PLR,5,A,1,2026-02-23,179,FALSE,FALSE,FALSE
EA-MT4-P52,EA,4,XP216-PLR,5,A,0,NA,5,FALSE,FALSE,FALSE
DC-MT4-P39,DC,4,XP216-PLR,5,A,0,NA,179,FALSE,FALSE,FALSE
VB-MT5-P47,VB,5,XP216-PLR,5,A,0,NA,5,FALSE,FALSE,FALSE
BG-MT4-P52,BG,4,XP216-PLR,5,A,0,NA,179,FALSE,FALSE,FALSE
PG-MT4-P3,PG,4,XP216-PLR,5,A,0,NA,5,FALSE,FALSE,FALSE
PG-MT1-P72,PG,1,XP216-PLR,5,B,0,NA,5,FALSE,FALSE,FALSE
BP-MT3-P60,BP,3,XP216-PLR,5,B,0,NA,5,FALSE,FALSE,FALSE
VB-MT4-P55,VB,4,XP216-PLR,5,B,0,NA,5,FALSE,FALSE,FALSE
BG-MT2-P2,BG,2,XP216-PLR,5,B,0,NA,179,FALSE,FALSE,FALSE
EA-MT1-P89,EA,1,XP216-PLR,5,B,0,NA,5,FALSE,FALSE,FALSE
DC-MT5-P65,DC,5,XP216-PLR,5,B,1,2026-02-23,179,FALSE,FALSE,FALSE
AE-MT4-P51,AE,4,XP216-PLR,5,B,0,NA,5,FALSE,FALSE,FALSE
AE-MT1-P15,AE,1,XP216-PLR,5,C,0,NA,5,FALSE,FALSE,FALSE
IS-MT3-P103,IS,3,XP216-PLR,5,C,0,NA,5,FALSE,FALSE,FALSE
BP-MT4-P38,BP,4,XP216-PLR,5,C,0,NA,5,FALSE,FALSE,FALSE
CH-MT3-P16,CH,3,XP216-PLR,5,C,0,NA,179,FALSE,FALSE,FALSE
BU-MT4-P49,BU,4,XP216-PLR,5,C,0,NA,179,FALSE,FALSE,FALSE
CP-MT1-P2,CP,1,XP216-PLR,5,C,0,NA,179,FALSE,FALSE,FALSE
BG-MT5-P36,BG,5,XP216-PLR,5,C,0,NA,179,FALSE,FALSE,FALSE
DC-MT1-P58,DC,1,XP216-PLR,5,C,1,2026-02-23,179,FALSE,FALSE,FALSE
VB-MT2-P18,VB,2,XP216-PLR,5,C,0,NA,5,FALSE,FALSE,FALSE
PG-MT5-P14,PG,5,XP216-PLR,5,C,0,NA,5,FALSE,FALSE,FALSE
AE-MT3-P4,AE,3,XP217-PLR,1,A,0,NA,NA,FALSE,FALSE,FALSE
EA-MT5-P53,EA,5,XP217-PLR,1,A,0,NA,126,FALSE,FALSE,FALSE
PG-MT4-P26,PG,4,XP217-PLR,1,A,0,NA,NA,FALSE,FALSE,FALSE
CP-MT4-P6,CP,4,XP217-PLR,1,A,0,NA,322,FALSE,FALSE,FALSE
OP-MT9-P1,OP,9,XP217-PLR,1,A,1,2025-11-27,241,FALSE,FALSE,FALSE
OP-MT6-P59,OP,6,XP217-PLR,1,A,0,NA,NA,FALSE,FALSE,FALSE
IS-MT3-P61,IS,3,XP217-PLR,1,A,0,NA,367,FALSE,FALSE,FALSE
BG-MT5-P49,BG,5,XP217-PLR,1,A,0,NA,216,FALSE,FALSE,FALSE
BP-MT2-P41,BP,2,XP217-PLR,1,A,0,NA,NA,FALSE,FALSE,FALSE
BS-MT1-P31,BS,1,XP217-PLR,1,A,0,NA,126,FALSE,FALSE,FALSE
CH-MT2-P55,CH,2,XP217-PLR,1,A,1,2026-04-02,216,FALSE,FALSE,FALSE
BU-MT2-P50,BU,2,XP217-PLR,1,A,0,NA,216,FALSE,FALSE,FALSE
MC-MT2-P52,MC,2,XP217-PLR,1,A,0,NA,216,FALSE,FALSE,FALSE
VB-MT5-P56,VB,5,XP217-PLR,1,A,0,NA,NA,FALSE,FALSE,FALSE
OP-MT7-P21,OP,7,XP217-PLR,1,B,1,2026-04-02,322,FALSE,FALSE,FALSE
BG-MT3-P13,BG,3,XP217-PLR,1,B,0,NA,216,FALSE,FALSE,FALSE
AE-MT1-P71,AE,1,XP217-PLR,1,B,0,NA,NA,FALSE,FALSE,FALSE
DC-MT5-P58,DC,5,XP217-PLR,1,B,1,2026-04-02,216,FALSE,FALSE,FALSE
CP-MT1-P56,CP,1,XP217-PLR,1,B,0,NA,216,FALSE,FALSE,FALSE
VB-MT5-P51,VB,5,XP217-PLR,1,B,0,NA,NA,FALSE,FALSE,FALSE
IS-MT2-P99,IS,2,XP217-PLR,1,B,0,NA,367,FALSE,FALSE,FALSE
EA-MT1-P87,EA,1,XP217-PLR,1,B,0,NA,NA,FALSE,FALSE,FALSE
PG-MT2-P37,PG,2,XP217-PLR,1,B,0,NA,NA,FALSE,FALSE,FALSE
BU-MT4-P42,BU,4,XP217-PLR,1,B,0,NA,216,FALSE,FALSE,FALSE
PA-MT3-P30,PA,3,XP217-PLR,1,B,0,NA,126,FALSE,FALSE,FALSE
MC-MT1-P26,MC,1,XP217-PLR,1,B,0,NA,NA,FALSE,FALSE,FALSE
CH-MT3-P37,CH,3,XP217-PLR,1,B,0,NA,216,FALSE,FALSE,FALSE
BS-MT7-P71,BS,7,XP217-PLR,1,B,0,NA,126,FALSE,FALSE,FALSE
BP-MT4-P33,BP,4,XP217-PLR,1,B,0,NA,NA,FALSE,FALSE,FALSE
AE-MT4-P100,AE,4,XP217-PLR,1,C,0,NA,NA,FALSE,FALSE,FALSE
EA-MT1-P62,EA,1,XP217-PLR,1,C,0,NA,126,FALSE,FALSE,FALSE
BS-MT7-P44,BS,7,XP217-PLR,1,C,0,NA,126,FALSE,FALSE,FALSE
BG-MT2-P34,BG,2,XP217-PLR,1,C,0,NA,216,FALSE,FALSE,FALSE
MC-MT1-P7,MC,1,XP217-PLR,1,C,0,NA,NA,FALSE,FALSE,FALSE
BP-MT4-P96,BP,4,XP217-PLR,1,C,0,NA,NA,FALSE,FALSE,FALSE
CP-MT2-P72,CP,2,XP217-PLR,1,C,1,2026-04-02,322,FALSE,FALSE,FALSE
IS-MT5-P90,IS,5,XP217-PLR,1,C,0,NA,367,FALSE,FALSE,FALSE
PA-MT6-P47,PA,6,XP217-PLR,1,C,0,NA,322,FALSE,FALSE,FALSE
DC-MT1-P48,DC,1,XP217-PLR,1,C,1,2026-04-02,216,FALSE,FALSE,FALSE
CH-MT5-P6,CH,5,XP217-PLR,1,C,0,NA,216,FALSE,FALSE,FALSE
VB-MT3-P38,VB,3,XP217-PLR,1,C,0,NA,NA,FALSE,FALSE,FALSE
PG-MT2-P17,PG,2,XP217-PLR,1,C,0,NA,NA,FALSE,FALSE,FALSE
BU-MT3-P76,BU,3,XP217-PLR,1,C,0,NA,NA,FALSE,FALSE,FALSE
PG-MT3-P73,PG,3,XP217-PLR,2,A,0,NA,NA,FALSE,FALSE,FALSE
OP-MT2-P15,OP,2,XP217-PLR,2,A,1,2025-11-27,241,FALSE,FALSE,FALSE
OP-MT2-P61,OP,2,XP217-PLR,2,A,0,NA,NA,FALSE,FALSE,FALSE
CH-MT4-P48,CH,4,XP217-PLR,2,A,0,NA,216,FALSE,FALSE,FALSE
AE-MT2-P19,AE,2,XP217-PLR,2,A,0,NA,NA,FALSE,FALSE,FALSE
BU-MT1-P32,BU,1,XP217-PLR,2,A,0,NA,322,FALSE,FALSE,FALSE
BG-MT1-P4,BG,1,XP217-PLR,2,A,1,2026-04-02,216,FALSE,FALSE,FALSE
CP-MT5-P34,CP,5,XP217-PLR,2,A,0,NA,216,FALSE,FALSE,FALSE
EA-MT2-P20,EA,2,XP217-PLR,2,A,0,NA,322,FALSE,FALSE,FALSE
PA-MT3-P15,PA,3,XP217-PLR,2,A,0,NA,367,FALSE,FALSE,FALSE
IS-MT5-P87,IS,5,XP217-PLR,2,A,0,NA,367,FALSE,FALSE,FALSE
DC-MT5-P50,DC,5,XP217-PLR,2,A,0,NA,216,FALSE,FALSE,FALSE
BS-MT7-P69,BS,7,XP217-PLR,2,A,0,NA,126,FALSE,FALSE,FALSE
VB-MT5-P2,VB,5,XP217-PLR,2,A,0,NA,NA,FALSE,FALSE,FALSE
BP-MT3-P10,BP,3,XP217-PLR,2,A,0,NA,NA,FALSE,FALSE,FALSE
BU-MT3-P43,BU,3,XP217-PLR,2,B,0,NA,216,FALSE,FALSE,FALSE
EA-MT3-P6,EA,3,XP217-PLR,2,B,0,NA,322,FALSE,FALSE,FALSE
VB-MT5-P49,VB,5,XP217-PLR,2,B,0,NA,NA,FALSE,FALSE,FALSE
PA-MT6-P2,PA,6,XP217-PLR,2,B,0,NA,322,FALSE,FALSE,FALSE
MC-MT1-P22,MC,1,XP217-PLR,2,B,0,NA,216,FALSE,FALSE,FALSE
BG-MT5-P21,BG,5,XP217-PLR,2,B,1,2026-04-02,216,FALSE,FALSE,FALSE
CH-MT4-P53,CH,4,XP217-PLR,2,B,1,2026-04-02,216,FALSE,FALSE,FALSE
CP-MT1-P35,CP,1,XP217-PLR,2,B,0,NA,216,FALSE,FALSE,FALSE
IS-MT4-P7,IS,4,XP217-PLR,2,B,0,NA,322,FALSE,FALSE,FALSE
BS-MT6-P73,BS,6,XP217-PLR,2,B,0,NA,126,FALSE,FALSE,FALSE
AE-MT1-P23,AE,1,XP217-PLR,2,B,0,NA,NA,FALSE,FALSE,FALSE
BP-MT3-P27,BP,3,XP217-PLR,2,B,0,NA,NA,FALSE,FALSE,FALSE
PG-MT1-P71,PG,1,XP217-PLR,2,B,0,NA,NA,FALSE,FALSE,FALSE
DC-MT4-P5,DC,4,XP217-PLR,2,B,0,NA,216,FALSE,FALSE,FALSE
VB-MT1-P47,VB,1,XP217-PLR,2,C,1,2026-04-02,216,FALSE,FALSE,FALSE
PG-MT1-P67,PG,1,XP217-PLR,2,C,0,NA,NA,FALSE,FALSE,FALSE
CP-MT2-P47,CP,2,XP217-PLR,2,C,0,NA,322,FALSE,FALSE,FALSE
EA-MT3-P35,EA,3,XP217-PLR,2,C,0,NA,NA,FALSE,FALSE,FALSE
BP-MT2-P48,BP,2,XP217-PLR,2,C,0,NA,NA,FALSE,FALSE,FALSE
MC-MT2-P60,MC,2,XP217-PLR,2,C,0,NA,216,FALSE,FALSE,FALSE
DC-MT3-P13,DC,3,XP217-PLR,2,C,0,NA,216,FALSE,FALSE,FALSE
BG-MT4-P2,BG,4,XP217-PLR,2,C,0,NA,216,FALSE,FALSE,FALSE
OP-MT8-P6,OP,8,XP217-PLR,2,C,1,2025-08-29,106,FALSE,FALSE,FALSE
OP-MT8-P63,OP,8,XP217-PLR,2,C,1,2026-04-02,126,FALSE,FALSE,FALSE
BU-MT5-P21,BU,5,XP217-PLR,2,C,0,NA,216,FALSE,FALSE,FALSE
IS-MT3-P46,IS,3,XP217-PLR,2,C,0,NA,126,FALSE,FALSE,FALSE
BS-MT1-P2,BS,1,XP217-PLR,2,C,0,NA,216,FALSE,FALSE,FALSE
CH-MT2-P35,CH,2,XP217-PLR,2,C,0,NA,216,FALSE,FALSE,FALSE
AE-MT5-P6,AE,5,XP217-PLR,2,C,0,NA,NA,FALSE,FALSE,FALSE
OP-MT8-P16,OP,8,XP217-PLR,3,A,1,2026-04-02,322,FALSE,FALSE,FALSE
BS-MT1-P68,BS,1,XP217-PLR,3,A,0,NA,126,FALSE,FALSE,FALSE
VB-MT5-P5,VB,5,XP217-PLR,3,A,0,NA,NA,FALSE,FALSE,FALSE
EA-MT5-P34,EA,5,XP217-PLR,3,A,0,NA,126,FALSE,FALSE,FALSE
PA-MT7-P56,PA,7,XP217-PLR,3,A,0,NA,NA,FALSE,FALSE,FALSE
CH-MT4-P33,CH,4,XP217-PLR,3,A,0,NA,216,FALSE,FALSE,FALSE
IS-MT3-P11,IS,3,XP217-PLR,3,A,0,NA,367,FALSE,FALSE,FALSE
AE-MT4-P99,AE,4,XP217-PLR,3,A,0,NA,NA,FALSE,FALSE,FALSE
BP-MT1-P9,BP,1,XP217-PLR,3,A,0,NA,NA,FALSE,FALSE,FALSE
CP-MT4-P59,CP,4,XP217-PLR,3,A,0,NA,322,FALSE,FALSE,FALSE
BG-MT3-P61,BG,3,XP217-PLR,3,A,0,NA,216,FALSE,FALSE,FALSE
BU-MT2-P13,BU,2,XP217-PLR,3,A,0,NA,216,FALSE,FALSE,FALSE
PG-MT3-P42,PG,3,XP217-PLR,3,A,0,NA,NA,FALSE,FALSE,FALSE
DC-MT2-P25,DC,2,XP217-PLR,3,A,0,NA,216,FALSE,FALSE,FALSE
CP-MT5-P76,CP,5,XP217-PLR,3,B,0,NA,216,FALSE,FALSE,FALSE
PG-MT1-P1,PG,1,XP217-PLR,3,B,0,NA,NA,FALSE,FALSE,FALSE
BG-MT1-P61,BG,1,XP217-PLR,3,B,0,NA,216,FALSE,FALSE,FALSE
AE-MT1-P41,AE,1,XP217-PLR,3,B,0,NA,NA,FALSE,FALSE,FALSE
DC-MT3-P19,DC,3,XP217-PLR,3,B,0,NA,216,FALSE,FALSE,FALSE
BP-MT5-P37,BP,5,XP217-PLR,3,B,0,NA,NA,FALSE,FALSE,FALSE
OP-MT6-P29,OP,6,XP217-PLR,3,B,0,NA,322,FALSE,FALSE,FALSE
BS-MT5-P20,BS,5,XP217-PLR,3,B,0,NA,216,FALSE,FALSE,FALSE
VB-MT4-P56,VB,4,XP217-PLR,3,B,0,NA,NA,FALSE,FALSE,FALSE
CH-MT1-P3,CH,1,XP217-PLR,3,B,1,2026-04-02,322,FALSE,FALSE,FALSE
IS-MT4-P43,IS,4,XP217-PLR,3,B,0,NA,322,FALSE,FALSE,FALSE
BU-MT3-P4,BU,3,XP217-PLR,3,B,0,NA,216,FALSE,FALSE,FALSE
MC-MT2-P18,MC,2,XP217-PLR,3,B,0,NA,216,FALSE,FALSE,FALSE
EA-MT5-P29,EA,5,XP217-PLR,3,B,1,2026-04-02,126,FALSE,FALSE,FALSE
PG-MT2-P55,PG,2,XP217-PLR,3,C,0,NA,NA,FALSE,FALSE,FALSE
BU-MT4-P66,BU,4,XP217-PLR,3,C,0,NA,216,FALSE,FALSE,FALSE
OP-MT7-P6,OP,7,XP217-PLR,3,C,1,2025-11-27,196,FALSE,FALSE,FALSE
OP-MT6-P66,OP,6,XP217-PLR,3,C,0,NA,NA,FALSE,FALSE,FALSE
DC-MT2-P46,DC,2,XP217-PLR,3,C,0,NA,NA,FALSE,FALSE,FALSE
BG-MT3-P45,BG,3,XP217-PLR,3,C,0,NA,216,FALSE,FALSE,FALSE
EA-MT5-P41,EA,5,XP217-PLR,3,C,0,NA,126,FALSE,FALSE,FALSE
IS-MT1-P13,IS,1,XP217-PLR,3,C,0,NA,322,FALSE,FALSE,FALSE
AE-MT3-P11,AE,3,XP217-PLR,3,C,0,NA,NA,FALSE,FALSE,FALSE
VB-MT3-P6,VB,3,XP217-PLR,3,C,0,NA,NA,FALSE,FALSE,FALSE
CP-MT1-P40,CP,1,XP217-PLR,3,C,0,NA,216,FALSE,FALSE,FALSE
BS-MT5-P2,BS,5,XP217-PLR,3,C,1,2026-04-02,216,FALSE,FALSE,FALSE
CH-MT2-P31,CH,2,XP217-PLR,3,C,0,NA,216,FALSE,FALSE,FALSE
PA-MT7-P12,PA,7,XP217-PLR,3,C,0,NA,216,FALSE,FALSE,FALSE
BP-MT4-P45,BP,4,XP217-PLR,3,C,0,NA,NA,FALSE,FALSE,FALSE
MC-MT3-P47,MC,3,XP217-PLR,4,A,0,NA,216,FALSE,FALSE,FALSE
IS-MT2-P82,IS,2,XP217-PLR,4,A,0,NA,367,FALSE,FALSE,FALSE
CP-MT3-P33,CP,3,XP217-PLR,4,A,0,NA,322,FALSE,FALSE,FALSE
BP-MT1-P49,BP,1,XP217-PLR,4,A,0,NA,NA,FALSE,FALSE,FALSE
BG-MT4-P32,BG,4,XP217-PLR,4,A,1,2026-04-02,216,FALSE,FALSE,FALSE
BU-MT5-P37,BU,5,XP217-PLR,4,A,0,NA,216,FALSE,FALSE,FALSE
OP-MT9-P5,OP,9,XP217-PLR,4,A,1,2025-11-27,241,FALSE,FALSE,FALSE
EA-MT5-P26,EA,5,XP217-PLR,4,A,0,NA,126,FALSE,FALSE,FALSE
CH-MT3-P72,CH,3,XP217-PLR,4,A,1,2026-04-02,216,FALSE,FALSE,FALSE
PA-MT3-P28,PA,3,XP217-PLR,4,A,0,NA,367,FALSE,FALSE,FALSE
BS-MT6-P30,BS,6,XP217-PLR,4,A,1,2026-04-02,216,FALSE,FALSE,FALSE
AE-MT3-P7,AE,3,XP217-PLR,4,A,0,NA,NA,FALSE,FALSE,FALSE
PG-MT2-P29,PG,2,XP217-PLR,4,A,0,NA,NA,FALSE,FALSE,FALSE
DC-MT1-P47,DC,1,XP217-PLR,4,A,1,2026-04-02,216,FALSE,FALSE,FALSE
VB-MT5-P42,VB,5,XP217-PLR,4,A,0,NA,NA,FALSE,FALSE,FALSE
CP-MT2-P23,CP,2,XP217-PLR,4,B,0,NA,322,FALSE,FALSE,FALSE
CH-MT1-P11,CH,1,XP217-PLR,4,B,1,2025-08-29,106,FALSE,FALSE,FALSE
CH-MT2-P58,CH,2,XP217-PLR,4,B,0,NA,NA,FALSE,FALSE,FALSE
PG-MT5-P56,PG,5,XP217-PLR,4,B,0,NA,NA,FALSE,FALSE,FALSE
BP-MT2-P33,BP,2,XP217-PLR,4,B,0,NA,NA,FALSE,FALSE,FALSE
OP-MT2-P41,OP,2,XP217-PLR,4,B,1,2025-08-29,151,FALSE,FALSE,FALSE
OP-MT2-P73,OP,2,XP217-PLR,4,B,1,2026-04-02,126,FALSE,FALSE,FALSE
IS-MT4-P62,IS,4,XP217-PLR,4,B,0,NA,322,FALSE,FALSE,FALSE
PA-MT7-P31,PA,7,XP217-PLR,4,B,0,NA,216,FALSE,FALSE,FALSE
BS-MT5-P52,BS,5,XP217-PLR,4,B,0,NA,126,FALSE,FALSE,FALSE
EA-MT4-P23,EA,4,XP217-PLR,4,B,0,NA,322,FALSE,FALSE,FALSE
DC-MT2-P50,DC,2,XP217-PLR,4,B,0,NA,NA,FALSE,FALSE,FALSE
AE-MT1-P31,AE,1,XP217-PLR,4,B,0,NA,NA,FALSE,FALSE,FALSE
BG-MT1-P14,BG,1,XP217-PLR,4,B,0,NA,216,FALSE,FALSE,FALSE
VB-MT1-P8,VB,1,XP217-PLR,4,B,0,NA,216,FALSE,FALSE,FALSE
BU-MT3-P10,BU,3,XP217-PLR,4,B,0,NA,216,FALSE,FALSE,FALSE
BU-MT1-P27,BU,1,XP217-PLR,4,C,0,NA,322,FALSE,FALSE,FALSE
VB-MT2-P47,VB,2,XP217-PLR,4,C,0,NA,NA,FALSE,FALSE,FALSE
EA-MT3-P37,EA,3,XP217-PLR,4,C,0,NA,NA,FALSE,FALSE,FALSE
BP-MT1-P15,BP,1,XP217-PLR,4,C,0,NA,NA,FALSE,FALSE,FALSE
PG-MT4-P13,PG,4,XP217-PLR,4,C,0,NA,NA,FALSE,FALSE,FALSE
CH-MT5-P10,CH,5,XP217-PLR,4,C,0,NA,216,FALSE,FALSE,FALSE
OP-MT6-P21,OP,6,XP217-PLR,4,C,1,2025-08-29,106,FALSE,FALSE,FALSE
OP-MT9-P78,OP,9,XP217-PLR,4,C,1,2026-04-02,126,FALSE,FALSE,FALSE
AE-MT2-P90,AE,2,XP217-PLR,4,C,0,NA,NA,FALSE,FALSE,FALSE
MC-MT3-P21,MC,3,XP217-PLR,4,C,1,2026-04-02,216,FALSE,FALSE,FALSE
DC-MT4-P58,DC,4,XP217-PLR,4,C,0,NA,216,FALSE,FALSE,FALSE
BG-MT2-P14,BG,2,XP217-PLR,4,C,1,2026-04-02,216,FALSE,FALSE,FALSE
IS-MT5-P32,IS,5,XP217-PLR,4,C,0,NA,126,FALSE,FALSE,FALSE
BS-MT7-P20,BS,7,XP217-PLR,4,C,0,NA,216,FALSE,FALSE,FALSE
CP-MT5-P4,CP,5,XP217-PLR,4,C,0,NA,216,FALSE,FALSE,FALSE
VB-MT5-P16,VB,5,XP217-PLR,5,A,0,NA,NA,FALSE,FALSE,FALSE
CH-MT3-P2,CH,3,XP217-PLR,5,A,0,NA,216,FALSE,FALSE,FALSE
PG-MT5-P42,PG,5,XP217-PLR,5,A,0,NA,NA,FALSE,FALSE,FALSE
CP-MT5-P28,CP,5,XP217-PLR,5,A,0,NA,216,FALSE,FALSE,FALSE
DC-MT4-P22,DC,4,XP217-PLR,5,A,0,NA,216,FALSE,FALSE,FALSE
AE-MT4-P20,AE,4,XP217-PLR,5,A,0,NA,NA,FALSE,FALSE,FALSE
BS-MT5-P83,BS,5,XP217-PLR,5,A,0,NA,NA,FALSE,FALSE,FALSE
IS-MT1-P55,IS,1,XP217-PLR,5,A,0,NA,126,FALSE,FALSE,FALSE
BP-MT3-P45,BP,3,XP217-PLR,5,A,0,NA,NA,FALSE,FALSE,FALSE
BG-MT2-P4,BG,2,XP217-PLR,5,A,0,NA,216,FALSE,FALSE,FALSE
AE-MT3-P37,AE,3,XP217-PLR,5,B,0,NA,NA,FALSE,FALSE,FALSE
PG-MT5-P34,PG,5,XP217-PLR,5,B,0,NA,NA,FALSE,FALSE,FALSE
BG-MT5-P19,BG,5,XP217-PLR,5,B,1,2025-11-27,90,FALSE,FALSE,FALSE
BG-MT1-P58,BG,1,XP217-PLR,5,B,0,NA,NA,FALSE,FALSE,FALSE
EA-MT2-P66,EA,2,XP217-PLR,5,B,0,NA,NA,FALSE,FALSE,FALSE
BU-MT4-P27,BU,4,XP217-PLR,5,B,0,NA,NA,FALSE,FALSE,FALSE
DC-MT5-P34,DC,5,XP217-PLR,5,B,0,NA,216,FALSE,FALSE,FALSE
IS-MT1-P20,IS,1,XP217-PLR,5,B,0,NA,126,FALSE,FALSE,FALSE
VB-MT4-P15,VB,4,XP217-PLR,5,B,0,NA,NA,FALSE,FALSE,FALSE
BP-MT4-P68,BP,4,XP217-PLR,5,B,0,NA,NA,FALSE,FALSE,FALSE
DC-MT1-P62,DC,1,XP217-PLR,5,C,0,NA,216,FALSE,FALSE,FALSE
AE-MT5-P18,AE,5,XP217-PLR,5,C,0,NA,NA,FALSE,FALSE,FALSE
IS-MT3-P104,IS,3,XP217-PLR,5,C,0,NA,NA,FALSE,FALSE,FALSE
BP-MT4-P98,BP,4,XP217-PLR,5,C,0,NA,NA,FALSE,FALSE,FALSE
PG-MT3-P5,PG,3,XP217-PLR,5,C,0,NA,NA,FALSE,FALSE,FALSE
EA-MT2-P41,EA,2,XP217-PLR,5,C,0,NA,NA,FALSE,FALSE,FALSE
CH-MT4-P35,CH,4,XP217-PLR,5,C,0,NA,216,FALSE,FALSE,FALSE
BG-MT4-P68,BG,4,XP217-PLR,5,C,0,NA,216,FALSE,FALSE,FALSE
VB-MT5-P11,VB,5,XP217-PLR,5,C,0,NA,NA,FALSE,FALSE,FALSE
MC-MT3-P40,MC,3,XP218-PLR,1,A,0,NA,182,FALSE,FALSE,FALSE
CH-MT1-P7,CH,1,XP218-PLR,1,A,1,2025-11-13,190,FALSE,FALSE,FALSE
CH-MT3-P28,CH,3,XP218-PLR,1,A,0,NA,1,FALSE,FALSE,FALSE
BP-MT2-P27,BP,2,XP218-PLR,1,A,0,NA,1,FALSE,FALSE,FALSE
PA-MT3-P25,PA,3,XP218-PLR,1,A,0,NA,373,FALSE,FALSE,FALSE
EA-MT5-P65,EA,5,XP218-PLR,1,A,0,NA,133,FALSE,FALSE,FALSE
BU-MT3-P56,BU,3,XP218-PLR,1,A,0,NA,182,FALSE,FALSE,FALSE
VB-MT3-P58,VB,3,XP218-PLR,1,A,0,NA,1,FALSE,FALSE,FALSE
BS-MT5-P62,BS,5,XP218-PLR,1,A,0,NA,133,FALSE,FALSE,FALSE
BG-MT5-P37,BG,5,XP218-PLR,1,A,0,NA,182,FALSE,FALSE,FALSE
OP-MT9-P33,OP,9,XP218-PLR,1,A,1,2026-03-26,373,FALSE,FALSE,FALSE
CP-MT4-P22,CP,4,XP218-PLR,1,A,0,NA,323,FALSE,FALSE,FALSE
IS-MT5-P89,IS,5,XP218-PLR,1,A,0,NA,373,FALSE,FALSE,FALSE
AE-MT4-P12,AE,4,XP218-PLR,1,A,0,NA,1,FALSE,FALSE,FALSE
DC-MT3-P69,DC,3,XP218-PLR,1,A,0,NA,182,FALSE,FALSE,FALSE
PG-MT4-P6,PG,4,XP218-PLR,1,A,0,NA,1,FALSE,FALSE,FALSE
CH-MT4-P25,CH,4,XP218-PLR,1,B,0,NA,182,FALSE,FALSE,FALSE
BS-MT5-P46,BS,5,XP218-PLR,1,B,0,NA,133,FALSE,FALSE,FALSE
EA-MT1-P14,EA,1,XP218-PLR,1,B,0,NA,133,FALSE,FALSE,FALSE
IS-MT4-P12,IS,4,XP218-PLR,1,B,0,NA,323,FALSE,FALSE,FALSE
OP-MT2-P48,OP,2,XP218-PLR,1,B,1,2026-03-26,373,FALSE,FALSE,FALSE
BU-MT4-P71,BU,4,XP218-PLR,1,B,0,NA,182,FALSE,FALSE,FALSE
PA-MT6-P5,PA,6,XP218-PLR,1,B,0,NA,323,FALSE,FALSE,FALSE
CP-MT3-P21,CP,3,XP218-PLR,1,B,0,NA,323,FALSE,FALSE,FALSE
AE-MT5-P22,AE,5,XP218-PLR,1,B,0,NA,1,FALSE,FALSE,FALSE
PG-MT2-P23,PG,2,XP218-PLR,1,B,0,NA,1,FALSE,FALSE,FALSE
VB-MT5-P28,VB,5,XP218-PLR,1,B,0,NA,1,FALSE,FALSE,FALSE
BG-MT2-P83,BG,2,XP218-PLR,1,B,0,NA,182,FALSE,FALSE,FALSE
DC-MT1-P24,DC,1,XP218-PLR,1,B,0,NA,182,FALSE,FALSE,FALSE
BP-MT4-P50,BP,4,XP218-PLR,1,B,0,NA,1,FALSE,FALSE,FALSE
PG-MT4-P46,PG,4,XP218-PLR,1,C,0,NA,1,FALSE,FALSE,FALSE
BG-MT3-P65,BG,3,XP218-PLR,1,C,1,2026-03-26,182,FALSE,FALSE,FALSE
IS-MT1-P24,IS,1,XP218-PLR,1,C,0,NA,323,FALSE,FALSE,FALSE
OP-MT8-P8,OP,8,XP218-PLR,1,C,0,NA,323,FALSE,FALSE,FALSE
AE-MT2-P73,AE,2,XP218-PLR,1,C,0,NA,1,FALSE,FALSE,FALSE
BS-MT5-P47,BS,5,XP218-PLR,1,C,0,NA,133,FALSE,FALSE,FALSE
VB-MT4-P27,VB,4,XP218-PLR,1,C,0,NA,1,FALSE,FALSE,FALSE
EA-MT1-P56,EA,1,XP218-PLR,1,C,0,NA,133,FALSE,FALSE,FALSE
MC-MT3-P13,MC,3,XP218-PLR,1,C,0,NA,182,FALSE,FALSE,FALSE
CH-MT4-P80,CH,4,XP218-PLR,1,C,1,2025-11-13,49,FALSE,FALSE,FALSE
CH-MT5-P46,CH,5,XP218-PLR,1,C,0,NA,1,FALSE,FALSE,FALSE
CP-MT5-P9,CP,5,XP218-PLR,1,C,0,NA,182,FALSE,FALSE,FALSE
BU-MT5-P35,BU,5,XP218-PLR,1,C,0,NA,182,FALSE,FALSE,FALSE
BP-MT1-P34,BP,1,XP218-PLR,1,C,0,NA,1,FALSE,FALSE,FALSE
PA-MT6-P85,PA,6,XP218-PLR,1,C,0,NA,1,FALSE,FALSE,FALSE
DC-MT4-P13,DC,4,XP218-PLR,1,C,0,NA,182,FALSE,FALSE,FALSE
VB-MT2-P31,VB,2,XP218-PLR,2,A,0,NA,1,FALSE,FALSE,FALSE
PG-MT5-P35,PG,5,XP218-PLR,2,A,0,NA,1,FALSE,FALSE,FALSE
OP-MT7-P16,OP,7,XP218-PLR,2,A,0,NA,323,FALSE,FALSE,FALSE
PA-MT3-P39,PA,3,XP218-PLR,2,A,0,NA,373,FALSE,FALSE,FALSE
EA-MT2-P18,EA,2,XP218-PLR,2,A,0,NA,323,FALSE,FALSE,FALSE
BU-MT5-P55,BU,5,XP218-PLR,2,A,0,NA,182,FALSE,FALSE,FALSE
BS-MT5-P39,BS,5,XP218-PLR,2,A,0,NA,133,FALSE,FALSE,FALSE
DC-MT4-P82,DC,4,XP218-PLR,2,A,0,NA,182,FALSE,FALSE,FALSE
CP-MT1-P26,CP,1,XP218-PLR,2,A,0,NA,182,FALSE,FALSE,FALSE
AE-MT4-P54,AE,4,XP218-PLR,2,A,0,NA,1,FALSE,FALSE,FALSE
BG-MT1-P82,BG,1,XP218-PLR,2,A,0,NA,182,FALSE,FALSE,FALSE
BP-MT1-P26,BP,1,XP218-PLR,2,A,0,NA,1,FALSE,FALSE,FALSE
CH-MT5-P8,CH,5,XP218-PLR,2,A,0,NA,182,FALSE,FALSE,FALSE
IS-MT3-P58,IS,3,XP218-PLR,2,A,0,NA,133,FALSE,FALSE,FALSE
IS-MT1-P39,IS,1,XP218-PLR,2,B,0,NA,323,FALSE,FALSE,FALSE
BG-MT2-P71,BG,2,XP218-PLR,2,B,0,NA,182,FALSE,FALSE,FALSE
OP-MT6-P17,OP,6,XP218-PLR,2,B,1,2026-03-26,323,FALSE,FALSE,FALSE
EA-MT4-P16,EA,4,XP218-PLR,2,B,0,NA,323,FALSE,FALSE,FALSE
CP-MT2-P46,CP,2,XP218-PLR,2,B,1,2026-03-26,323,FALSE,FALSE,FALSE
DC-MT5-P83,DC,5,XP218-PLR,2,B,0,NA,1,FALSE,FALSE,FALSE
PG-MT1-P25,PG,1,XP218-PLR,2,B,0,NA,1,FALSE,FALSE,FALSE
BS-MT6-P5,BS,6,XP218-PLR,2,B,0,NA,182,FALSE,FALSE,FALSE
AE-MT2-P66,AE,2,XP218-PLR,2,B,0,NA,1,FALSE,FALSE,FALSE
MC-MT1-P63,MC,1,XP218-PLR,2,B,0,NA,182,FALSE,FALSE,FALSE
BP-MT2-P14,BP,2,XP218-PLR,2,B,0,NA,1,FALSE,FALSE,FALSE
CH-MT5-P50,CH,5,XP218-PLR,2,B,0,NA,182,FALSE,FALSE,FALSE
BU-MT2-P8,BU,2,XP218-PLR,2,B,0,NA,182,FALSE,FALSE,FALSE
VB-MT4-P53,VB,4,XP218-PLR,2,B,0,NA,1,FALSE,FALSE,FALSE
MC-MT2-P2,MC,2,XP218-PLR,2,C,0,NA,182,FALSE,FALSE,FALSE
BS-MT7-P41,BS,7,XP218-PLR,2,C,0,NA,133,FALSE,FALSE,FALSE
BP-MT4-P11,BP,4,XP218-PLR,2,C,0,NA,1,FALSE,FALSE,FALSE
BG-MT1-P25,BG,1,XP218-PLR,2,C,0,NA,182,FALSE,FALSE,FALSE
IS-MT4-P62,IS,4,XP218-PLR,2,C,0,NA,323,FALSE,FALSE,FALSE
CP-MT3-P45,CP,3,XP218-PLR,2,C,0,NA,323,FALSE,FALSE,FALSE
VB-MT5-P59,VB,5,XP218-PLR,2,C,0,NA,1,FALSE,FALSE,FALSE
EA-MT1-P84,EA,1,XP218-PLR,2,C,0,NA,1,FALSE,FALSE,FALSE
CH-MT3-P11,CH,3,XP218-PLR,2,C,0,NA,182,FALSE,FALSE,FALSE
BU-MT3-P37,BU,3,XP218-PLR,2,C,0,NA,182,FALSE,FALSE,FALSE
AE-MT1-P66,AE,1,XP218-PLR,2,C,0,NA,1,FALSE,FALSE,FALSE
PG-MT5-P46,PG,5,XP218-PLR,2,C,0,NA,1,FALSE,FALSE,FALSE
CP-MT4-P46,CP,4,XP218-PLR,3,A,0,NA,323,FALSE,FALSE,FALSE
MC-MT1-P36,MC,1,XP218-PLR,3,A,0,NA,182,FALSE,FALSE,FALSE
OP-MT6-P42,OP,6,XP218-PLR,3,A,1,2026-03-26,323,FALSE,FALSE,FALSE
IS-MT3-P33,IS,3,XP218-PLR,3,A,0,NA,373,FALSE,FALSE,FALSE
BS-MT7-P31,BS,7,XP218-PLR,3,A,0,NA,133,FALSE,FALSE,FALSE
BU-MT2-P10,BU,2,XP218-PLR,3,A,0,NA,182,FALSE,FALSE,FALSE
VB-MT4-P34,VB,4,XP218-PLR,3,A,0,NA,1,FALSE,FALSE,FALSE
PA-MT7-P14,PA,7,XP218-PLR,3,A,0,NA,182,FALSE,FALSE,FALSE
EA-MT4-P43,EA,4,XP218-PLR,3,A,0,NA,1,FALSE,FALSE,FALSE
CH-MT2-P30,CH,2,XP218-PLR,3,A,0,NA,182,FALSE,FALSE,FALSE
BP-MT3-P13,BP,3,XP218-PLR,3,A,0,NA,1,FALSE,FALSE,FALSE
PG-MT1-P63,PG,1,XP218-PLR,3,A,0,NA,1,FALSE,FALSE,FALSE
BG-MT1-P96,BG,1,XP218-PLR,3,A,1,2026-03-26,182,FALSE,FALSE,FALSE
DC-MT3-P24,DC,3,XP218-PLR,3,A,0,NA,182,FALSE,FALSE,FALSE
AE-MT5-P24,AE,5,XP218-PLR,3,A,0,NA,1,FALSE,FALSE,FALSE
IS-MT2-P65,IS,2,XP218-PLR,3,B,0,NA,373,FALSE,FALSE,FALSE
BS-MT7-P3,BS,7,XP218-PLR,3,B,0,NA,182,FALSE,FALSE,FALSE
BG-MT5-P24,BG,5,XP218-PLR,3,B,0,NA,182,FALSE,FALSE,FALSE
BP-MT2-P56,BP,2,XP218-PLR,3,B,0,NA,1,FALSE,FALSE,FALSE
PG-MT2-P47,PG,2,XP218-PLR,3,B,0,NA,1,FALSE,FALSE,FALSE
AE-MT5-P7,AE,5,XP218-PLR,3,B,0,NA,1,FALSE,FALSE,FALSE
CP-MT5-P65,CP,5,XP218-PLR,3,B,0,NA,182,FALSE,FALSE,FALSE
BU-MT1-P65,BU,1,XP218-PLR,3,B,0,NA,323,FALSE,FALSE,FALSE
VB-MT1-P12,VB,1,XP218-PLR,3,B,0,NA,182,FALSE,FALSE,FALSE
DC-MT5-P24,DC,5,XP218-PLR,3,B,1,2026-03-26,182,FALSE,FALSE,FALSE
CH-MT2-P21,CH,2,XP218-PLR,3,B,0,NA,182,FALSE,FALSE,FALSE
EA-MT3-P42,EA,3,XP218-PLR,3,B,0,NA,1,FALSE,FALSE,FALSE
OP-MT8-P1,OP,8,XP218-PLR,3,C,0,NA,323,FALSE,FALSE,FALSE
PG-MT3-P13,PG,3,XP218-PLR,3,C,0,NA,1,FALSE,FALSE,FALSE
PA-MT7-P61,PA,7,XP218-PLR,3,C,0,NA,182,FALSE,FALSE,FALSE
CP-MT2-P32,CP,2,XP218-PLR,3,C,1,2026-03-26,323,FALSE,FALSE,FALSE
EA-MT3-P13,EA,3,XP218-PLR,3,C,0,NA,323,FALSE,FALSE,FALSE
AE-MT4-P69,AE,4,XP218-PLR,3,C,0,NA,1,FALSE,FALSE,FALSE
VB-MT1-P3,VB,1,XP218-PLR,3,C,0,NA,182,FALSE,FALSE,FALSE
IS-MT3-P36,IS,3,XP218-PLR,3,C,0,NA,133,FALSE,FALSE,FALSE
DC-MT2-P20,DC,2,XP218-PLR,3,C,0,NA,182,FALSE,FALSE,FALSE
BP-MT4-P87,BP,4,XP218-PLR,3,C,0,NA,1,FALSE,FALSE,FALSE
CH-MT3-P61,CH,3,XP218-PLR,3,C,0,NA,182,FALSE,FALSE,FALSE
BS-MT6-P10,BS,6,XP218-PLR,3,C,0,NA,182,FALSE,FALSE,FALSE
BG-MT3-P95,BG,3,XP218-PLR,3,C,0,NA,182,FALSE,FALSE,FALSE
BU-MT4-P3,BU,4,XP218-PLR,3,C,0,NA,182,FALSE,FALSE,FALSE
VB-MT4-P1,VB,4,XP218-PLR,4,A,0,NA,1,FALSE,FALSE,FALSE
IS-MT3-P64,IS,3,XP218-PLR,4,A,0,NA,373,FALSE,FALSE,FALSE
CP-MT5-P15,CP,5,XP218-PLR,4,A,0,NA,182,FALSE,FALSE,FALSE
DC-MT5-P38,DC,5,XP218-PLR,4,A,0,NA,182,FALSE,FALSE,FALSE
BU-MT1-P46,BU,1,XP218-PLR,4,A,0,NA,323,FALSE,FALSE,FALSE
PG-MT3-P56,PG,3,XP218-PLR,4,A,0,NA,1,FALSE,FALSE,FALSE
BP-MT5-P43,BP,5,XP218-PLR,4,A,0,NA,1,FALSE,FALSE,FALSE
CH-MT4-P43,CH,4,XP218-PLR,4,A,1,2026-03-26,182,FALSE,FALSE,FALSE
MC-MT1-P37,MC,1,XP218-PLR,4,A,0,NA,182,FALSE,FALSE,FALSE
OP-MT9-P7,OP,9,XP218-PLR,4,A,1,2026-03-26,373,FALSE,FALSE,FALSE
BG-MT3-P28,BG,3,XP218-PLR,4,A,0,NA,182,FALSE,FALSE,FALSE
BS-MT1-P8,BS,1,XP218-PLR,4,A,0,NA,182,FALSE,FALSE,FALSE
EA-MT1-P30,EA,1,XP218-PLR,4,A,0,NA,133,FALSE,FALSE,FALSE
AE-MT3-P3,AE,3,XP218-PLR,4,A,0,NA,1,FALSE,FALSE,FALSE
IS-MT2-P84,IS,2,XP218-PLR,4,B,0,NA,373,FALSE,FALSE,FALSE
BP-MT1-P14,BP,1,XP218-PLR,4,B,0,NA,1,FALSE,FALSE,FALSE
DC-MT2-P35,DC,2,XP218-PLR,4,B,0,NA,1,FALSE,FALSE,FALSE
MC-MT2-P37,MC,2,XP218-PLR,4,B,0,NA,182,FALSE,FALSE,FALSE
BG-MT4-P37,BG,4,XP218-PLR,4,B,0,NA,182,FALSE,FALSE,FALSE
OP-MT2-P10,OP,2,XP218-PLR,4,B,0,NA,373,FALSE,FALSE,FALSE
CP-MT1-P48,CP,1,XP218-PLR,4,B,0,NA,182,FALSE,FALSE,FALSE
BS-MT5-P27,BS,5,XP218-PLR,4,B,0,NA,182,FALSE,FALSE,FALSE
BU-MT3-P1,BU,3,XP218-PLR,4,B,0,NA,182,FALSE,FALSE,FALSE
EA-MT5-P67,EA,5,XP218-PLR,4,B,0,NA,133,FALSE,FALSE,FALSE
CH-MT3-P86,CH,3,XP218-PLR,4,B,0,NA,182,FALSE,FALSE,FALSE
PA-MT6-P13,PA,6,XP218-PLR,4,B,0,NA,133,FALSE,FALSE,FALSE
PG-MT5-P45,PG,5,XP218-PLR,4,B,0,NA,1,FALSE,FALSE,FALSE
AE-MT3-P42,AE,3,XP218-PLR,4,B,0,NA,1,FALSE,FALSE,FALSE
VB-MT2-P36,VB,2,XP218-PLR,4,B,0,NA,1,FALSE,FALSE,FALSE
BP-MT3-P1,BP,3,XP218-PLR,4,C,0,NA,1,FALSE,FALSE,FALSE
EA-MT5-P19,EA,5,XP218-PLR,4,C,0,NA,133,FALSE,FALSE,FALSE
BU-MT5-P56,BU,5,XP218-PLR,4,C,0,NA,182,FALSE,FALSE,FALSE
OP-MT7-P5,OP,7,XP218-PLR,4,C,1,2025-11-13,190,FALSE,FALSE,FALSE
OP-MT6-P63,OP,6,XP218-PLR,4,C,0,NA,1,FALSE,FALSE,FALSE
CH-MT1-P28,CH,1,XP218-PLR,4,C,0,NA,323,FALSE,FALSE,FALSE
VB-MT5-P58,VB,5,XP218-PLR,4,C,0,NA,1,FALSE,FALSE,FALSE
PG-MT4-P17,PG,4,XP218-PLR,4,C,0,NA,1,FALSE,FALSE,FALSE
BG-MT4-P9,BG,4,XP218-PLR,4,C,0,NA,182,FALSE,FALSE,FALSE
IS-MT5-P18,IS,5,XP218-PLR,4,C,0,NA,373,FALSE,FALSE,FALSE
PA-MT6-P16,PA,6,XP218-PLR,4,C,0,NA,323,FALSE,FALSE,FALSE
AE-MT2-P32,AE,2,XP218-PLR,4,C,0,NA,1,FALSE,FALSE,FALSE
BS-MT1-P76,BS,1,XP218-PLR,4,C,0,NA,133,FALSE,FALSE,FALSE
MC-MT2-P57,MC,2,XP218-PLR,4,C,0,NA,182,FALSE,FALSE,FALSE
CP-MT5-P59,CP,5,XP218-PLR,4,C,0,NA,182,FALSE,FALSE,FALSE
DC-MT1-P70,DC,1,XP218-PLR,4,C,0,NA,182,FALSE,FALSE,FALSE
BU-MT4-P18,BU,4,XP218-PLR,5,A,0,NA,182,FALSE,FALSE,FALSE
BG-MT2-P3,BG,2,XP218-PLR,5,A,0,NA,182,FALSE,FALSE,FALSE
PG-MT1-P4,PG,1,XP218-PLR,5,A,0,NA,1,FALSE,FALSE,FALSE
CH-MT2-P15,CH,2,XP218-PLR,5,A,0,NA,182,FALSE,FALSE,FALSE
BP-MT5-P8,BP,5,XP218-PLR,5,A,0,NA,1,FALSE,FALSE,FALSE
CP-MT1-P44,CP,1,XP218-PLR,5,A,0,NA,182,FALSE,FALSE,FALSE
DC-MT1-P50,DC,1,XP218-PLR,5,A,1,2026-03-26,182,FALSE,FALSE,FALSE
VB-MT5-P53,VB,5,XP218-PLR,5,A,0,NA,1,FALSE,FALSE,FALSE
IS-MT4-P14,IS,4,XP218-PLR,5,A,0,NA,133,FALSE,FALSE,FALSE
AE-MT4-P15,AE,4,XP218-PLR,5,A,0,NA,1,FALSE,FALSE,FALSE
AE-MT3-P71,AE,3,XP218-PLR,5,B,0,NA,1,FALSE,FALSE,FALSE
EA-MT1-P83,EA,1,XP218-PLR,5,B,0,NA,1,FALSE,FALSE,FALSE
BG-MT4-P30,BG,4,XP218-PLR,5,B,0,NA,182,FALSE,FALSE,FALSE
DC-MT4-P2,DC,4,XP218-PLR,5,B,1,2026-03-26,182,FALSE,FALSE,FALSE
BP-MT3-P36,BP,3,XP218-PLR,5,B,0,NA,1,FALSE,FALSE,FALSE
IS-MT2-P54,IS,2,XP218-PLR,5,B,0,NA,133,FALSE,FALSE,FALSE
PG-MT3-P17,PG,3,XP218-PLR,5,B,0,NA,1,FALSE,FALSE,FALSE
VB-MT3-P29,VB,3,XP218-PLR,5,B,0,NA,1,FALSE,FALSE,FALSE
AE-MT1-P5,AE,1,XP218-PLR,5,C,0,NA,1,FALSE,FALSE,FALSE
EA-MT5-P103,EA,5,XP218-PLR,5,C,0,NA,1,FALSE,FALSE,FALSE
IS-MT3-P106,IS,3,XP218-PLR,5,C,0,NA,1,FALSE,FALSE,FALSE
BS-MT7-P68,BS,7,XP218-PLR,5,C,0,NA,1,FALSE,FALSE,FALSE
BP-MT4-P52,BP,4,XP218-PLR,5,C,0,NA,1,FALSE,FALSE,FALSE
CH-MT4-P52,CH,4,XP218-PLR,5,C,1,2026-03-26,182,FALSE,FALSE,FALSE
CH-MT5-P56,CH,5,XP218-PLR,5,C,0,NA,1,FALSE,FALSE,FALSE
DC-MT5-P63,DC,5,XP218-PLR,5,C,1,2026-03-26,182,FALSE,FALSE,FALSE
PG-MT4-P41,PG,4,XP218-PLR,5,C,0,NA,1,FALSE,FALSE,FALSE
BG-MT5-P71,BG,5,XP218-PLR,5,C,0,NA,182,FALSE,FALSE,FALSE
VB-MT2-P41,VB,2,XP218-PLR,5,C,0,NA,1,FALSE,FALSE,FALSE
MC-MT2-P45,MC,2,XP219-PLR,1,A,0,NA,-210,FALSE,TRUE,TRUE
CP-MT1-P19,CP,1,XP219-PLR,1,A,0,NA,-210,FALSE,TRUE,TRUE
BP-MT3-P17,BP,3,XP219-PLR,1,A,0,NA,-358,FALSE,TRUE,TRUE
AE-MT1-P7,AE,1,XP219-PLR,1,A,0,NA,-358,FALSE,TRUE,TRUE
PG-MT4-P45,PG,4,XP219-PLR,1,A,0,NA,-358,FALSE,TRUE,TRUE
IS-MT3-P15,IS,3,XP219-PLR,1,A,0,NA,-380,FALSE,TRUE,TRUE
OP-MT9-P55,OP,9,XP219-PLR,1,A,1,2025-10-14,-380,FALSE,TRUE,TRUE
DC-MT4-P51,DC,4,XP219-PLR,1,A,1,2025-03-18,-210,FALSE,TRUE,TRUE
BU-MT1-P48,BU,1,XP219-PLR,1,A,0,NA,-62,FALSE,TRUE,TRUE
EA-MT4-P25,EA,4,XP219-PLR,1,A,0,NA,-62,FALSE,TRUE,TRUE
VB-MT2-P27,VB,2,XP219-PLR,1,A,0,NA,-358,FALSE,TRUE,TRUE
PA-MT6-P80,PA,6,XP219-PLR,1,A,0,NA,-267,FALSE,TRUE,TRUE
BS-MT5-P66,BS,5,XP219-PLR,1,A,0,NA,-267,FALSE,TRUE,TRUE
BG-MT1-P33,BG,1,XP219-PLR,1,A,0,NA,-210,FALSE,TRUE,TRUE
CH-MT5-P64,CH,5,XP219-PLR,1,A,1,2025-03-18,-210,FALSE,TRUE,TRUE
DC-MT5-P10,DC,5,XP219-PLR,1,B,1,2025-12-10,-210,FALSE,TRUE,TRUE
MC-MT1-P4,MC,1,XP219-PLR,1,B,0,NA,-210,FALSE,TRUE,TRUE
CH-MT3-P32,CH,3,XP219-PLR,1,B,0,NA,-210,FALSE,TRUE,TRUE
BG-MT3-P77,BG,3,XP219-PLR,1,B,1,2025-03-18,-210,FALSE,TRUE,TRUE
IS-MT1-P30,IS,1,XP219-PLR,1,B,0,NA,-62,FALSE,TRUE,TRUE
OP-MT2-P46,OP,2,XP219-PLR,1,B,1,2025-10-14,-380,FALSE,TRUE,TRUE
OP-MT7-P65,OP,7,XP219-PLR,1,B,1,2025-03-18,-267,FALSE,TRUE,TRUE
BP-MT4-P76,BP,4,XP219-PLR,1,B,1,2025-03-18,-358,FALSE,TRUE,TRUE
VB-MT4-P92,VB,4,XP219-PLR,1,B,0,NA,-358,FALSE,TRUE,TRUE
CP-MT4-P31,CP,4,XP219-PLR,1,B,0,NA,-62,FALSE,TRUE,TRUE
EA-MT5-P56,EA,5,XP219-PLR,1,B,0,NA,-267,FALSE,TRUE,TRUE
BS-MT5-P28,BS,5,XP219-PLR,1,B,0,NA,-210,FALSE,TRUE,TRUE
PG-MT2-P12,PG,2,XP219-PLR,1,B,0,NA,-358,FALSE,TRUE,TRUE
AE-MT2-P46,AE,2,XP219-PLR,1,B,0,NA,-358,FALSE,TRUE,TRUE
BU-MT4-P39,BU,4,XP219-PLR,1,B,0,NA,-210,FALSE,TRUE,TRUE
VB-MT4-P6,VB,4,XP219-PLR,1,C,0,NA,-358,FALSE,TRUE,TRUE
OP-MT8-P14,OP,8,XP219-PLR,1,C,1,2025-10-14,-62,FALSE,TRUE,TRUE
OP-MT2-P77,OP,2,XP219-PLR,1,C,1,2025-03-18,-267,FALSE,TRUE,TRUE
CH-MT4-P69,CH,4,XP219-PLR,1,C,0,NA,-210,FALSE,TRUE,TRUE
BP-MT1-P8,BP,1,XP219-PLR,1,C,0,NA,-358,FALSE,TRUE,TRUE
PG-MT2-P45,PG,2,XP219-PLR,1,C,0,NA,-358,FALSE,TRUE,TRUE
MC-MT3-P6,MC,3,XP219-PLR,1,C,0,NA,-210,FALSE,TRUE,TRUE
IS-MT2-P20,IS,2,XP219-PLR,1,C,0,NA,-267,FALSE,TRUE,TRUE
AE-MT5-P60,AE,5,XP219-PLR,1,C,0,NA,-358,FALSE,TRUE,TRUE
EA-MT4-P64,EA,4,XP219-PLR,1,C,0,NA,-358,FALSE,TRUE,TRUE
BG-MT4-P13,BG,4,XP219-PLR,1,C,0,NA,-210,FALSE,TRUE,TRUE
PA-MT7-P32,PA,7,XP219-PLR,1,C,0,NA,-210,FALSE,TRUE,TRUE
BS-MT1-P3,BS,1,XP219-PLR,1,C,0,NA,-210,FALSE,TRUE,TRUE
CP-MT1-P49,CP,1,XP219-PLR,1,C,0,NA,-210,FALSE,TRUE,TRUE
BU-MT4-P4,BU,4,XP219-PLR,1,C,0,NA,-210,FALSE,TRUE,TRUE
IS-MT2-P98,IS,2,XP219-PLR,2,A,0,NA,-380,FALSE,TRUE,TRUE
BS-MT1-P47,BS,1,XP219-PLR,2,A,0,NA,-267,FALSE,TRUE,TRUE
PG-MT4-P29,PG,4,XP219-PLR,2,A,0,NA,-358,FALSE,TRUE,TRUE
PA-MT3-P48,PA,3,XP219-PLR,2,A,0,NA,-380,FALSE,TRUE,TRUE
CH-MT1-P12,CH,1,XP219-PLR,2,A,1,2025-03-18,-62,FALSE,TRUE,TRUE
EA-MT5-P46,EA,5,XP219-PLR,2,A,0,NA,-267,FALSE,TRUE,TRUE
DC-MT2-P45,DC,2,XP219-PLR,2,A,1,2025-12-10,-210,FALSE,TRUE,TRUE
CP-MT3-P1,CP,3,XP219-PLR,2,A,1,2025-03-18,-62,FALSE,TRUE,TRUE
BP-MT4-P34,BP,4,XP219-PLR,2,A,0,NA,-358,FALSE,TRUE,TRUE
AE-MT2-P4,AE,2,XP219-PLR,2,A,0,NA,-358,FALSE,TRUE,TRUE
BU-MT3-P68,BU,3,XP219-PLR,2,A,0,NA,-210,FALSE,TRUE,TRUE
OP-MT2-P27,OP,2,XP219-PLR,2,A,1,2025-03-18,-380,FALSE,TRUE,TRUE
BG-MT2-P54,BG,2,XP219-PLR,2,A,0,NA,-210,FALSE,TRUE,TRUE
VB-MT2-P53,VB,2,XP219-PLR,2,A,0,NA,-358,FALSE,TRUE,TRUE
VB-MT5-P63,VB,5,XP219-PLR,2,B,0,NA,-358,FALSE,TRUE,TRUE
BU-MT5-P38,BU,5,XP219-PLR,2,B,0,NA,-210,FALSE,TRUE,TRUE
BS-MT6-P40,BS,6,XP219-PLR,2,B,0,NA,-267,FALSE,TRUE,TRUE
IS-MT4-P36,IS,4,XP219-PLR,2,B,0,NA,-62,FALSE,TRUE,TRUE
BG-MT1-P51,BG,1,XP219-PLR,2,B,0,NA,-210,FALSE,TRUE,TRUE
AE-MT5-P29,AE,5,XP219-PLR,2,B,0,NA,-358,FALSE,TRUE,TRUE
DC-MT5-P60,DC,5,XP219-PLR,2,B,0,NA,-210,FALSE,TRUE,TRUE
CP-MT2-P39,CP,2,XP219-PLR,2,B,0,NA,-62,FALSE,TRUE,TRUE
EA-MT1-P11,EA,1,XP219-PLR,2,B,0,NA,-267,FALSE,TRUE,TRUE
PG-MT5-P38,PG,5,XP219-PLR,2,B,0,NA,-358,FALSE,TRUE,TRUE
CH-MT1-P56,CH,1,XP219-PLR,2,B,1,2025-03-18,-62,FALSE,TRUE,TRUE
MC-MT2-P61,MC,2,XP219-PLR,2,B,0,NA,-210,FALSE,TRUE,TRUE
BP-MT4-P8,BP,4,XP219-PLR,2,B,0,NA,-358,FALSE,TRUE,TRUE
IS-MT1-P21,IS,1,XP219-PLR,2,C,0,NA,-62,FALSE,TRUE,TRUE
CH-MT5-P11,CH,5,XP219-PLR,2,C,0,NA,-210,FALSE,TRUE,TRUE
VB-MT5-P14,VB,5,XP219-PLR,2,C,0,NA,-358,FALSE,TRUE,TRUE
MC-MT1-P21,MC,1,XP219-PLR,2,C,0,NA,-210,FALSE,TRUE,TRUE
PA-MT6-P18,PA,6,XP219-PLR,2,C,0,NA,-62,FALSE,TRUE,TRUE
EA-MT3-P21,EA,3,XP219-PLR,2,C,0,NA,-62,FALSE,TRUE,TRUE
CP-MT5-P33,CP,5,XP219-PLR,2,C,0,NA,-210,FALSE,TRUE,TRUE
BP-MT1-P20,BP,1,XP219-PLR,2,C,0,NA,-358,FALSE,TRUE,TRUE
BU-MT3-P74,BU,3,XP219-PLR,2,C,0,NA,-210,FALSE,TRUE,TRUE
OP-MT7-P25,OP,7,XP219-PLR,2,C,1,2025-10-14,-62,FALSE,TRUE,TRUE
OP-MT9-P70,OP,9,XP219-PLR,2,C,1,2025-03-18,-267,FALSE,TRUE,TRUE
PG-MT1-P70,PG,1,XP219-PLR,2,C,0,NA,-358,FALSE,TRUE,TRUE
DC-MT1-P71,DC,1,XP219-PLR,2,C,1,2025-12-10,-210,FALSE,TRUE,TRUE
BS-MT1-P57,BS,1,XP219-PLR,2,C,0,NA,-267,FALSE,TRUE,TRUE
BG-MT4-P41,BG,4,XP219-PLR,2,C,0,NA,-210,FALSE,TRUE,TRUE
AE-MT2-P25,AE,2,XP219-PLR,2,C,0,NA,-358,FALSE,TRUE,TRUE
BP-MT3-P46,BP,3,XP219-PLR,3,A,0,NA,-358,FALSE,TRUE,TRUE
IS-MT3-P24,IS,3,XP219-PLR,3,A,1,2025-12-10,-380,FALSE,TRUE,TRUE
IS-MT2-P66,IS,2,XP219-PLR,3,A,0,NA,-358,FALSE,TRUE,TRUE
BU-MT5-P40,BU,5,XP219-PLR,3,A,0,NA,-210,FALSE,TRUE,TRUE
VB-MT3-P11,VB,3,XP219-PLR,3,A,0,NA,-358,FALSE,TRUE,TRUE
EA-MT1-P105,EA,1,XP219-PLR,3,A,0,NA,-358,FALSE,TRUE,TRUE
BS-MT6-P18,BS,6,XP219-PLR,3,A,0,NA,-210,FALSE,TRUE,TRUE
OP-MT6-P18,OP,6,XP219-PLR,3,A,1,2025-03-18,-62,FALSE,TRUE,TRUE
MC-MT3-P29,MC,3,XP219-PLR,3,A,0,NA,-210,FALSE,TRUE,TRUE
AE-MT1-P55,AE,1,XP219-PLR,3,A,0,NA,-358,FALSE,TRUE,TRUE
BG-MT1-P13,BG,1,XP219-PLR,3,A,0,NA,-210,FALSE,TRUE,TRUE
DC-MT2-P34,DC,2,XP219-PLR,3,A,0,NA,-358,FALSE,TRUE,TRUE
PG-MT3-P61,PG,3,XP219-PLR,3,A,0,NA,-358,FALSE,TRUE,TRUE
PA-MT7-P6,PA,7,XP219-PLR,3,A,0,NA,-210,FALSE,TRUE,TRUE
CP-MT5-P20,CP,5,XP219-PLR,3,A,0,NA,-210,FALSE,TRUE,TRUE
CH-MT3-P34,CH,3,XP219-PLR,3,A,0,NA,-210,FALSE,TRUE,TRUE
AE-MT4-P89,AE,4,XP219-PLR,3,B,0,NA,-358,FALSE,TRUE,TRUE
VB-MT1-P5,VB,1,XP219-PLR,3,B,1,2025-03-18,-210,FALSE,TRUE,TRUE
CP-MT2-P51,CP,2,XP219-PLR,3,B,0,NA,-62,FALSE,TRUE,TRUE
PG-MT3-P4,PG,3,XP219-PLR,3,B,0,NA,-358,FALSE,TRUE,TRUE
BS-MT7-P23,BS,7,XP219-PLR,3,B,0,NA,-210,FALSE,TRUE,TRUE
OP-MT7-P3,OP,7,XP219-PLR,3,B,1,2025-03-18,-62,FALSE,TRUE,TRUE
BP-MT5-P44,BP,5,XP219-PLR,3,B,1,2025-03-18,-358,FALSE,TRUE,TRUE
BU-MT3-P9,BU,3,XP219-PLR,3,B,0,NA,-210,FALSE,TRUE,TRUE
PA-MT6-P91,PA,6,XP219-PLR,3,B,0,NA,-358,FALSE,TRUE,TRUE
DC-MT3-P36,DC,3,XP219-PLR,3,B,0,NA,-210,FALSE,TRUE,TRUE
IS-MT2-P72,IS,2,XP219-PLR,3,B,0,NA,-380,FALSE,TRUE,TRUE
BG-MT3-P24,BG,3,XP219-PLR,3,B,1,2025-03-18,-210,FALSE,TRUE,TRUE
MC-MT1-P44,MC,1,XP219-PLR,3,B,0,NA,-210,FALSE,TRUE,TRUE
EA-MT1-P27,EA,1,XP219-PLR,3,B,0,NA,-267,FALSE,TRUE,TRUE
CH-MT2-P12,CH,2,XP219-PLR,3,B,0,NA,-210,FALSE,TRUE,TRUE
IS-MT5-P68,IS,5,XP219-PLR,3,C,0,NA,-380,FALSE,TRUE,TRUE
BP-MT2-P70,BP,2,XP219-PLR,3,C,0,NA,-358,FALSE,TRUE,TRUE
BS-MT7-P55,BS,7,XP219-PLR,3,C,0,NA,-267,FALSE,TRUE,TRUE
CP-MT3-P19,CP,3,XP219-PLR,3,C,0,NA,-62,FALSE,TRUE,TRUE
EA-MT2-P23,EA,2,XP219-PLR,3,C,0,NA,-62,FALSE,TRUE,TRUE
VB-MT1-P22,VB,1,XP219-PLR,3,C,0,NA,-210,FALSE,TRUE,TRUE
OP-MT8-P33,OP,8,XP219-PLR,3,C,1,2025-10-14,-62,FALSE,TRUE,TRUE
OP-MT7-P66,OP,7,XP219-PLR,3,C,1,2025-03-18,-267,FALSE,TRUE,TRUE
BU-MT2-P7,BU,2,XP219-PLR,3,C,0,NA,-210,FALSE,TRUE,TRUE
BG-MT5-P45,BG,5,XP219-PLR,3,C,0,NA,-210,FALSE,TRUE,TRUE
AE-MT4-P21,AE,4,XP219-PLR,3,C,0,NA,-358,FALSE,TRUE,TRUE
DC-MT3-P8,DC,3,XP219-PLR,3,C,0,NA,-210,FALSE,TRUE,TRUE
PG-MT2-P2,PG,2,XP219-PLR,3,C,0,NA,-358,FALSE,TRUE,TRUE
CH-MT5-P45,CH,5,XP219-PLR,3,C,0,NA,-210,FALSE,TRUE,TRUE
OP-MT9-P47,OP,9,XP219-PLR,4,A,1,2025-03-18,-380,FALSE,TRUE,TRUE
CP-MT1-P67,CP,1,XP219-PLR,4,A,0,NA,-210,FALSE,TRUE,TRUE
IS-MT5-P23,IS,5,XP219-PLR,4,A,0,NA,-380,FALSE,TRUE,TRUE
CH-MT4-P47,CH,4,XP219-PLR,4,A,0,NA,-210,FALSE,TRUE,TRUE
AE-MT1-P72,AE,1,XP219-PLR,4,A,0,NA,-358,FALSE,TRUE,TRUE
DC-MT1-P26,DC,1,XP219-PLR,4,A,1,2025-03-18,-210,FALSE,TRUE,TRUE
BU-MT2-P43,BU,2,XP219-PLR,4,A,0,NA,-210,FALSE,TRUE,TRUE
PA-MT3-P32,PA,3,XP219-PLR,4,A,0,NA,-380,FALSE,TRUE,TRUE
BP-MT1-P4,BP,1,XP219-PLR,4,A,1,2025-03-18,-358,FALSE,TRUE,TRUE
EA-MT5-P59,EA,5,XP219-PLR,4,A,1,2025-03-18,-267,FALSE,TRUE,TRUE
PG-MT1-P15,PG,1,XP219-PLR,4,A,0,NA,-358,FALSE,TRUE,TRUE
VB-MT2-P42,VB,2,XP219-PLR,4,A,0,NA,-358,FALSE,TRUE,TRUE
BS-MT5-P14,BS,5,XP219-PLR,4,A,0,NA,-210,FALSE,TRUE,TRUE
BG-MT2-P55,BG,2,XP219-PLR,4,A,1,2025-03-18,-210,FALSE,TRUE,TRUE
DC-MT4-P46,DC,4,XP219-PLR,4,B,1,2025-12-10,-210,FALSE,TRUE,TRUE
AE-MT3-P41,AE,3,XP219-PLR,4,B,0,NA,-358,FALSE,TRUE,TRUE
PG-MT2-P33,PG,2,XP219-PLR,4,B,0,NA,-358,FALSE,TRUE,TRUE
BG-MT5-P82,BG,5,XP219-PLR,4,B,0,NA,-210,FALSE,TRUE,TRUE
OP-MT6-P4,OP,6,XP219-PLR,4,B,1,2025-10-14,-62,FALSE,TRUE,TRUE
OP-MT2-P78,OP,2,XP219-PLR,4,B,1,2025-03-18,-267,FALSE,TRUE,TRUE
IS-MT2-P15,IS,2,XP219-PLR,4,B,0,NA,-267,FALSE,TRUE,TRUE
CP-MT5-P17,CP,5,XP219-PLR,4,B,1,2025-03-18,-210,FALSE,TRUE,TRUE
EA-MT5-P12,EA,5,XP219-PLR,4,B,0,NA,-267,FALSE,TRUE,TRUE
BP-MT2-P7,BP,2,XP219-PLR,4,B,0,NA,-358,FALSE,TRUE,TRUE
PA-MT6-P31,PA,6,XP219-PLR,4,B,0,NA,-62,FALSE,TRUE,TRUE
BS-MT1-P69,BS,1,XP219-PLR,4,B,0,NA,-267,FALSE,TRUE,TRUE
VB-MT4-P29,VB,4,XP219-PLR,4,B,0,NA,-358,FALSE,TRUE,TRUE
BU-MT4-P50,BU,4,XP219-PLR,4,B,0,NA,-210,FALSE,TRUE,TRUE
CH-MT2-P62,CH,2,XP219-PLR,4,B,1,2025-03-18,-210,FALSE,TRUE,TRUE
BU-MT1-P25,BU,1,XP219-PLR,4,C,0,NA,-62,FALSE,TRUE,TRUE
CP-MT4-P63,CP,4,XP219-PLR,4,C,0,NA,-62,FALSE,TRUE,TRUE
PG-MT5-P51,PG,5,XP219-PLR,4,C,0,NA,-358,FALSE,TRUE,TRUE
VB-MT3-P93,VB,3,XP219-PLR,4,C,0,NA,-358,FALSE,TRUE,TRUE
BS-MT5-P41,BS,5,XP219-PLR,4,C,0,NA,-267,FALSE,TRUE,TRUE
EA-MT1-P79,EA,1,XP219-PLR,4,C,0,NA,-358,FALSE,TRUE,TRUE
IS-MT4-P54,IS,4,XP219-PLR,4,C,0,NA,-62,FALSE,TRUE,TRUE
DC-MT2-P22,DC,2,XP219-PLR,4,C,0,NA,-358,FALSE,TRUE,TRUE
BG-MT3-P58,BG,3,XP219-PLR,4,C,0,NA,-210,FALSE,TRUE,TRUE
AE-MT5-P47,AE,5,XP219-PLR,4,C,0,NA,-358,FALSE,TRUE,TRUE
MC-MT2-P30,MC,2,XP219-PLR,4,C,0,NA,-210,FALSE,TRUE,TRUE
CH-MT4-P7,CH,4,XP219-PLR,4,C,0,NA,-210,FALSE,TRUE,TRUE
BP-MT2-P67,BP,2,XP219-PLR,4,C,0,NA,-358,FALSE,TRUE,TRUE
PG-MT4-P16,PG,4,XP219-PLR,5,A,1,2025-03-18,-358,FALSE,TRUE,TRUE
VB-MT4-P30,VB,4,XP219-PLR,5,A,0,NA,-358,FALSE,TRUE,TRUE
BG-MT2-P6,BG,2,XP219-PLR,5,A,0,NA,-210,FALSE,TRUE,TRUE
DC-MT5-P28,DC,5,XP219-PLR,5,A,0,NA,-210,FALSE,TRUE,TRUE
BS-MT5-P85,BS,5,XP219-PLR,5,A,0,NA,-358,FALSE,TRUE,TRUE
AE-MT3-P85,AE,3,XP219-PLR,5,A,0,NA,-358,FALSE,TRUE,TRUE
IS-MT3-P109,IS,3,XP219-PLR,5,A,0,NA,-358,FALSE,TRUE,TRUE
BP-MT3-P54,BP,3,XP219-PLR,5,A,0,NA,-358,FALSE,TRUE,TRUE
EA-MT4-P46,EA,4,XP219-PLR,5,A,0,NA,-358,FALSE,TRUE,TRUE
IS-MT3-P80,IS,3,XP219-PLR,5,B,0,NA,-267,FALSE,TRUE,TRUE
BP-MT4-P1,BP,4,XP219-PLR,5,B,0,NA,-358,FALSE,TRUE,TRUE
AE-MT1-P26,AE,1,XP219-PLR,5,B,0,NA,-358,FALSE,TRUE,TRUE
PG-MT2-P42,PG,2,XP219-PLR,5,B,0,NA,-358,FALSE,TRUE,TRUE
CH-MT3-P88,CH,3,XP219-PLR,5,B,0,NA,-210,FALSE,TRUE,TRUE
BG-MT4-P26,BG,4,XP219-PLR,5,B,0,NA,-210,FALSE,TRUE,TRUE
VB-MT4-P54,VB,4,XP219-PLR,5,B,0,NA,-358,FALSE,TRUE,TRUE
DC-MT4-P11,DC,4,XP219-PLR,5,B,0,NA,-210,FALSE,TRUE,TRUE
BU-MT5-P1,BU,5,XP219-PLR,5,C,0,NA,-210,FALSE,TRUE,TRUE
DC-MT1-P9,DC,1,XP219-PLR,5,C,1,2025-03-18,-210,FALSE,TRUE,TRUE
AE-MT4-P31,AE,4,XP219-PLR,5,C,0,NA,-358,FALSE,TRUE,TRUE
VB-MT4-P12,VB,4,XP219-PLR,5,C,0,NA,-358,FALSE,TRUE,TRUE
BG-MT5-P54,BG,5,XP219-PLR,5,C,0,NA,-210,FALSE,TRUE,TRUE
BP-MT3-P26,BP,3,XP219-PLR,5,C,0,NA,-358,FALSE,TRUE,TRUE
IS-MT1-P34,IS,1,XP219-PLR,5,C,0,NA,-267,FALSE,TRUE,TRUE
EA-MT2-P39,EA,2,XP219-PLR,5,C,0,NA,-358,FALSE,TRUE,TRUE
CH-MT5-P30,CH,5,XP219-PLR,5,C,0,NA,-210,FALSE,TRUE,TRUE
CP-MT5-P57,CP,5,XP219-PLR,5,C,0,NA,-210,FALSE,TRUE,TRUE
PG-MT5-P75,PG,5,XP219-PLR,5,C,0,NA,-358,FALSE,TRUE,TRUE
BU-MT1-P13,BU,1,XP220-PLR,1,A,0,NA,-84,FALSE,TRUE,TRUE
EA-MT3-P23,EA,3,XP220-PLR,1,A,0,NA,-84,FALSE,TRUE,TRUE
BP-MT2-P15,BP,2,XP220-PLR,1,A,0,NA,-345,FALSE,TRUE,TRUE
AE-MT5-P58,AE,5,XP220-PLR,1,A,0,NA,-345,FALSE,TRUE,TRUE
OP-MT9-P11,OP,9,XP220-PLR,1,A,1,2025-03-04,-43,FALSE,TRUE,TRUE
VB-MT2-P24,VB,2,XP220-PLR,1,A,0,NA,-345,FALSE,TRUE,TRUE
PA-MT3-P10,PA,3,XP220-PLR,1,A,0,NA,-43,FALSE,TRUE,TRUE
CH-MT4-P57,CH,4,XP220-PLR,1,A,0,NA,-196,FALSE,TRUE,TRUE
CP-MT2-P52,CP,2,XP220-PLR,1,A,0,NA,-84,FALSE,TRUE,TRUE
IS-MT2-P71,IS,2,XP220-PLR,1,A,0,NA,-43,FALSE,TRUE,TRUE
MC-MT1-P79,MC,1,XP220-PLR,1,A,0,NA,-196,FALSE,TRUE,TRUE
BS-MT1-P23,BS,1,XP220-PLR,1,A,0,NA,-196,FALSE,TRUE,TRUE
BG-MT4-P11,BG,4,XP220-PLR,1,A,0,NA,-196,FALSE,TRUE,TRUE
DC-MT4-P36,DC,4,XP220-PLR,1,A,0,NA,-196,FALSE,TRUE,TRUE
PG-MT4-P72,PG,4,XP220-PLR,1,A,0,NA,-345,FALSE,TRUE,TRUE
BS-MT6-P34,BS,6,XP220-PLR,1,B,0,NA,-196,FALSE,TRUE,TRUE
OP-MT2-P75,OP,2,XP220-PLR,1,B,1,2025-03-04,-43,FALSE,TRUE,TRUE
CH-MT4-P79,CH,4,XP220-PLR,1,B,0,NA,-196,FALSE,TRUE,TRUE
PG-MT1-P60,PG,1,XP220-PLR,1,B,0,NA,-345,FALSE,TRUE,TRUE
IS-MT5-P16,IS,5,XP220-PLR,1,B,0,NA,-43,FALSE,TRUE,TRUE
BP-MT2-P47,BP,2,XP220-PLR,1,B,0,NA,-345,FALSE,TRUE,TRUE
VB-MT2-P43,VB,2,XP220-PLR,1,B,0,NA,-345,FALSE,TRUE,TRUE
DC-MT2-P53,DC,2,XP220-PLR,1,B,0,NA,-345,FALSE,TRUE,TRUE
BU-MT5-P44,BU,5,XP220-PLR,1,B,0,NA,-196,FALSE,TRUE,TRUE
AE-MT3-P32,AE,3,XP220-PLR,1,B,0,NA,-345,FALSE,TRUE,TRUE
BG-MT2-P19,BG,2,XP220-PLR,1,B,0,NA,-196,FALSE,TRUE,TRUE
CP-MT5-P60,CP,5,XP220-PLR,1,B,0,NA,-196,FALSE,TRUE,TRUE
CP-MT3-P30,CP,3,XP220-PLR,1,C,0,NA,-84,FALSE,TRUE,TRUE
CH-MT4-P46,CH,4,XP220-PLR,1,C,0,NA,-196,FALSE,TRUE,TRUE
BP-MT4-P41,BP,4,XP220-PLR,1,C,0,NA,-345,FALSE,TRUE,TRUE
OP-MT8-P11,OP,8,XP220-PLR,1,C,1,2025-03-04,-84,FALSE,TRUE,TRUE
IS-MT1-P40,IS,1,XP220-PLR,1,C,0,NA,-84,FALSE,TRUE,TRUE
DC-MT5-P80,DC,5,XP220-PLR,1,C,1,2025-03-04,-196,FALSE,TRUE,TRUE
VB-MT3-P67,VB,3,XP220-PLR,1,C,0,NA,-345,FALSE,TRUE,TRUE
PG-MT3-P54,PG,3,XP220-PLR,1,C,0,NA,-345,FALSE,TRUE,TRUE
BG-MT5-P26,BG,5,XP220-PLR,1,C,0,NA,-196,FALSE,TRUE,TRUE
AE-MT2-P68,AE,2,XP220-PLR,1,C,0,NA,-345,FALSE,TRUE,TRUE
BU-MT3-P40,BU,3,XP220-PLR,1,C,0,NA,-196,FALSE,TRUE,TRUE
PG-MT2-P72,PG,2,XP220-PLR,2,A,0,NA,-345,FALSE,TRUE,TRUE
OP-MT8-P20,OP,8,XP220-PLR,2,A,1,2025-03-04,-84,FALSE,TRUE,TRUE
VB-MT2-P59,VB,2,XP220-PLR,2,A,0,NA,-345,FALSE,TRUE,TRUE
CH-MT2-P17,CH,2,XP220-PLR,2,A,0,NA,-196,FALSE,TRUE,TRUE
AE-MT5-P27,AE,5,XP220-PLR,2,A,0,NA,-345,FALSE,TRUE,TRUE
PA-MT3-P54,PA,3,XP220-PLR,2,A,0,NA,-43,FALSE,TRUE,TRUE
IS-MT3-P43,IS,3,XP220-PLR,2,A,0,NA,-43,FALSE,TRUE,TRUE
EA-MT4-P74,EA,4,XP220-PLR,2,A,0,NA,-84,FALSE,TRUE,TRUE
BP-MT1-P5,BP,1,XP220-PLR,2,A,0,NA,-345,FALSE,TRUE,TRUE
CP-MT3-P49,CP,3,XP220-PLR,2,A,0,NA,-84,FALSE,TRUE,TRUE
BU-MT4-P68,BU,4,XP220-PLR,2,A,0,NA,-196,FALSE,TRUE,TRUE
MC-MT3-P7,MC,3,XP220-PLR,2,A,1,2025-03-04,-196,FALSE,TRUE,TRUE
BG-MT2-P72,BG,2,XP220-PLR,2,A,1,2025-03-04,-196,FALSE,TRUE,TRUE
EA-MT2-P44,EA,2,XP220-PLR,2,B,0,NA,-345,FALSE,TRUE,TRUE
BU-MT4-P1,BU,4,XP220-PLR,2,B,0,NA,-196,FALSE,TRUE,TRUE
MC-MT1-P76,MC,1,XP220-PLR,2,B,0,NA,-196,FALSE,TRUE,TRUE
PG-MT1-P69,PG,1,XP220-PLR,2,B,0,NA,-345,FALSE,TRUE,TRUE
PA-MT7-P30,PA,7,XP220-PLR,2,B,0,NA,-196,FALSE,TRUE,TRUE
CH-MT5-P4,CH,5,XP220-PLR,2,B,0,NA,-196,FALSE,TRUE,TRUE
OP-MT6-P43,OP,6,XP220-PLR,2,B,0,NA,-84,FALSE,TRUE,TRUE
VB-MT2-P61,VB,2,XP220-PLR,2,B,0,NA,-345,FALSE,TRUE,TRUE
BP-MT1-P58,BP,1,XP220-PLR,2,B,0,NA,-345,FALSE,TRUE,TRUE
BG-MT3-P3,BG,3,XP220-PLR,2,B,1,2025-03-04,-196,FALSE,TRUE,TRUE
DC-MT5-P6,DC,5,XP220-PLR,2,B,0,NA,-196,FALSE,TRUE,TRUE
CP-MT1-P7,CP,1,XP220-PLR,2,B,0,NA,-196,FALSE,TRUE,TRUE
AE-MT5-P28,AE,5,XP220-PLR,2,B,0,NA,-345,FALSE,TRUE,TRUE
BU-MT5-P22,BU,5,XP220-PLR,2,C,0,NA,-196,FALSE,TRUE,TRUE
CH-MT1-P2,CH,1,XP220-PLR,2,C,1,2025-03-04,-84,FALSE,TRUE,TRUE
BP-MT5-P46,BP,5,XP220-PLR,2,C,0,NA,-345,FALSE,TRUE,TRUE
PA-MT6-P9,PA,6,XP220-PLR,2,C,0,NA,-84,FALSE,TRUE,TRUE
CP-MT4-P34,CP,4,XP220-PLR,2,C,0,NA,-84,FALSE,TRUE,TRUE
DC-MT1-P30,DC,1,XP220-PLR,2,C,0,NA,-196,FALSE,TRUE,TRUE
AE-MT2-P15,AE,2,XP220-PLR,2,C,0,NA,-345,FALSE,TRUE,TRUE
VB-MT4-P45,VB,4,XP220-PLR,2,C,0,NA,-345,FALSE,TRUE,TRUE
BG-MT5-P52,BG,5,XP220-PLR,2,C,0,NA,-196,FALSE,TRUE,TRUE
PG-MT3-P49,PG,3,XP220-PLR,2,C,0,NA,-345,FALSE,TRUE,TRUE
BU-MT1-P8,BU,1,XP220-PLR,3,A,0,NA,-84,FALSE,TRUE,TRUE
EA-MT1-P92,EA,1,XP220-PLR,3,A,0,NA,-345,FALSE,TRUE,TRUE
BS-MT7-P19,BS,7,XP220-PLR,3,A,0,NA,-196,FALSE,TRUE,TRUE
BP-MT3-P15,BP,3,XP220-PLR,3,A,0,NA,-345,FALSE,TRUE,TRUE
MC-MT2-P39,MC,2,XP220-PLR,3,A,0,NA,-196,FALSE,TRUE,TRUE
AE-MT1-P57,AE,1,XP220-PLR,3,A,0,NA,-345,FALSE,TRUE,TRUE
PA-MT7-P4,PA,7,XP220-PLR,3,A,0,NA,-196,FALSE,TRUE,TRUE
OP-MT2-P17,OP,2,XP220-PLR,3,A,1,2025-03-04,-43,FALSE,TRUE,TRUE
IS-MT3-P17,IS,3,XP220-PLR,3,A,0,NA,-43,FALSE,TRUE,TRUE
VB-MT4-P25,VB,4,XP220-PLR,3,A,0,NA,-345,FALSE,TRUE,TRUE
CP-MT5-P68,CP,5,XP220-PLR,3,A,0,NA,-196,FALSE,TRUE,TRUE
DC-MT1-P64,DC,1,XP220-PLR,3,A,1,2025-03-04,-196,FALSE,TRUE,TRUE
CH-MT3-P73,CH,3,XP220-PLR,3,A,0,NA,-196,FALSE,TRUE,TRUE
BG-MT3-P33,BG,3,XP220-PLR,3,A,0,NA,-196,FALSE,TRUE,TRUE
PG-MT1-P73,PG,1,XP220-PLR,3,A,0,NA,-345,FALSE,TRUE,TRUE
BG-MT1-P2,BG,1,XP220-PLR,3,B,1,2025-03-04,-196,FALSE,TRUE,TRUE
BU-MT2-P17,BU,2,XP220-PLR,3,B,0,NA,-196,FALSE,TRUE,TRUE
OP-MT7-P30,OP,7,XP220-PLR,3,B,0,NA,-84,FALSE,TRUE,TRUE
BP-MT1-P16,BP,1,XP220-PLR,3,B,0,NA,-345,FALSE,TRUE,TRUE
CP-MT4-P56,CP,4,XP220-PLR,3,B,0,NA,-84,FALSE,TRUE,TRUE
DC-MT3-P76,DC,3,XP220-PLR,3,B,0,NA,-196,FALSE,TRUE,TRUE
VB-MT5-P18,VB,5,XP220-PLR,3,B,0,NA,-345,FALSE,TRUE,TRUE
PG-MT5-P4,PG,5,XP220-PLR,3,B,0,NA,-345,FALSE,TRUE,TRUE
EA-MT1-P80,EA,1,XP220-PLR,3,B,0,NA,-345,FALSE,TRUE,TRUE
IS-MT2-P19,IS,2,XP220-PLR,3,B,0,NA,-43,FALSE,TRUE,TRUE
AE-MT4-P38,AE,4,XP220-PLR,3,B,0,NA,-345,FALSE,TRUE,TRUE
CH-MT3-P74,CH,3,XP220-PLR,3,B,0,NA,-196,FALSE,TRUE,TRUE
MC-MT3-P9,MC,3,XP220-PLR,3,B,0,NA,-196,FALSE,TRUE,TRUE
BP-MT2-P16,BP,2,XP220-PLR,3,C,0,NA,-345,FALSE,TRUE,TRUE
IS-MT5-P63,IS,5,XP220-PLR,3,C,0,NA,-43,FALSE,TRUE,TRUE
BU-MT3-P26,BU,3,XP220-PLR,3,C,0,NA,-196,FALSE,TRUE,TRUE
BG-MT1-P30,BG,1,XP220-PLR,3,C,0,NA,-196,FALSE,TRUE,TRUE
PG-MT5-P31,PG,5,XP220-PLR,3,C,0,NA,-345,FALSE,TRUE,TRUE
DC-MT3-P68,DC,3,XP220-PLR,3,C,0,NA,-196,FALSE,TRUE,TRUE
PA-MT6-P101,PA,6,XP220-PLR,3,C,0,NA,-345,FALSE,TRUE,TRUE
CH-MT5-P59,CH,5,XP220-PLR,3,C,0,NA,-196,FALSE,TRUE,TRUE
MC-MT2-P64,MC,2,XP220-PLR,3,C,0,NA,-196,FALSE,TRUE,TRUE
BS-MT5-P8,BS,5,XP220-PLR,3,C,0,NA,-196,FALSE,TRUE,TRUE
VB-MT1-P14,VB,1,XP220-PLR,3,C,0,NA,-196,FALSE,TRUE,TRUE
CP-MT5-P8,CP,5,XP220-PLR,3,C,0,NA,-196,FALSE,TRUE,TRUE
AE-MT3-P12,AE,3,XP220-PLR,3,C,0,NA,-345,FALSE,TRUE,TRUE
BU-MT4-P33,BU,4,XP220-PLR,4,A,0,NA,-196,FALSE,TRUE,TRUE
DC-MT3-P66,DC,3,XP220-PLR,4,A,0,NA,-345,FALSE,TRUE,TRUE
BG-MT3-P44,BG,3,XP220-PLR,4,A,0,NA,-196,FALSE,TRUE,TRUE
CP-MT5-P39,CP,5,XP220-PLR,4,A,0,NA,-196,FALSE,TRUE,TRUE
BP-MT4-P21,BP,4,XP220-PLR,4,A,0,NA,-345,FALSE,TRUE,TRUE
IS-MT1-P24,IS,1,XP220-PLR,4,A,0,NA,-84,FALSE,TRUE,TRUE
OP-MT9-P6,OP,9,XP220-PLR,4,A,1,2025-03-04,-43,FALSE,TRUE,TRUE
AE-MT1-P14,AE,1,XP220-PLR,4,A,0,NA,-345,FALSE,TRUE,TRUE
PG-MT3-P47,PG,3,XP220-PLR,4,A,0,NA,-345,FALSE,TRUE,TRUE
VB-MT5-P7,VB,5,XP220-PLR,4,A,0,NA,-345,FALSE,TRUE,TRUE
CH-MT5-P33,CH,5,XP220-PLR,4,A,0,NA,-196,FALSE,TRUE,TRUE
BS-MT5-P26,BS,5,XP220-PLR,4,A,0,NA,-196,FALSE,TRUE,TRUE
MC-MT1-P67,MC,1,XP220-PLR,4,B,0,NA,-196,FALSE,TRUE,TRUE
BP-MT3-P44,BP,3,XP220-PLR,4,B,0,NA,-345,FALSE,TRUE,TRUE
CP-MT2-P19,CP,2,XP220-PLR,4,B,0,NA,-84,FALSE,TRUE,TRUE
OP-MT7-P46,OP,7,XP220-PLR,4,B,0,NA,-84,FALSE,TRUE,TRUE
IS-MT4-P53,IS,4,XP220-PLR,4,B,0,NA,-84,FALSE,TRUE,TRUE
BG-MT1-P27,BG,1,XP220-PLR,4,B,0,NA,-196,FALSE,TRUE,TRUE
PA-MT6-P42,PA,6,XP220-PLR,4,B,0,NA,-84,FALSE,TRUE,TRUE
EA-MT2-P10,EA,2,XP220-PLR,4,B,0,NA,-84,FALSE,TRUE,TRUE
AE-MT2-P56,AE,2,XP220-PLR,4,B,0,NA,-345,FALSE,TRUE,TRUE
CH-MT1-P41,CH,1,XP220-PLR,4,B,0,NA,-84,FALSE,TRUE,TRUE
DC-MT4-P62,DC,4,XP220-PLR,4,B,0,NA,-196,FALSE,TRUE,TRUE
BU-MT3-P29,BU,3,XP220-PLR,4,B,0,NA,-196,FALSE,TRUE,TRUE
PG-MT2-P1,PG,2,XP220-PLR,4,B,0,NA,-345,FALSE,TRUE,TRUE
VB-MT5-P61,VB,5,XP220-PLR,4,B,0,NA,-345,FALSE,TRUE,TRUE
CH-MT2-P9,CH,2,XP220-PLR,4,C,0,NA,-196,FALSE,TRUE,TRUE
IS-MT4-P24,IS,4,XP220-PLR,4,C,0,NA,-84,FALSE,TRUE,TRUE
BP-MT4-P43,BP,4,XP220-PLR,4,C,0,NA,-345,FALSE,TRUE,TRUE
VB-MT1-P13,VB,1,XP220-PLR,4,C,1,2025-03-04,-196,FALSE,TRUE,TRUE
OP-MT6-P28,OP,6,XP220-PLR,4,C,1,2025-03-04,-84,FALSE,TRUE,TRUE
MC-MT2-P49,MC,2,XP220-PLR,4,C,0,NA,-196,FALSE,TRUE,TRUE
BU-MT2-P28,BU,2,XP220-PLR,4,C,0,NA,-196,FALSE,TRUE,TRUE
PG-MT2-P71,PG,2,XP220-PLR,4,C,0,NA,-345,FALSE,TRUE,TRUE
BG-MT4-P5,BG,4,XP220-PLR,4,C,0,NA,-196,FALSE,TRUE,TRUE
AE-MT3-P64,AE,3,XP220-PLR,4,C,0,NA,-345,FALSE,TRUE,TRUE
DC-MT2-P18,DC,2,XP220-PLR,4,C,0,NA,-196,FALSE,TRUE,TRUE
CP-MT1-P13,CP,1,XP220-PLR,4,C,0,NA,-196,FALSE,TRUE,TRUE
EA-MT2-P32,EA,2,XP220-PLR,5,A,0,NA,-345,FALSE,TRUE,TRUE
AE-MT3-P44,AE,3,XP220-PLR,5,A,0,NA,-345,FALSE,TRUE,TRUE
BP-MT4-P10,BP,4,XP220-PLR,5,A,0,NA,-345,FALSE,TRUE,TRUE
VB-MT3-P26,VB,3,XP220-PLR,5,A,0,NA,-345,FALSE,TRUE,TRUE
PG-MT5-P68,PG,5,XP220-PLR,5,A,0,NA,-345,FALSE,TRUE,TRUE
CH-MT3-P6,CH,3,XP220-PLR,5,A,0,NA,-196,FALSE,TRUE,TRUE
IS-MT3-P105,IS,3,XP220-PLR,5,A,0,NA,-345,FALSE,TRUE,TRUE
BG-MT4-P79,BG,4,XP220-PLR,5,A,0,NA,-196,FALSE,TRUE,TRUE
DC-MT5-P2,DC,5,XP220-PLR,5,A,0,NA,-196,FALSE,TRUE,TRUE
VB-MT5-P30,VB,5,XP220-PLR,5,B,0,NA,-345,FALSE,TRUE,TRUE
AE-MT1-P34,AE,1,XP220-PLR,5,B,0,NA,-345,FALSE,TRUE,TRUE
DC-MT1-P56,DC,1,XP220-PLR,5,B,0,NA,-196,FALSE,TRUE,TRUE
BG-MT5-P68,BG,5,XP220-PLR,5,B,0,NA,-196,FALSE,TRUE,TRUE
CP-MT1-P8,CP,1,XP220-PLR,5,B,0,NA,-196,FALSE,TRUE,TRUE
BP-MT5-P47,BP,5,XP220-PLR,5,B,0,NA,-345,FALSE,TRUE,TRUE
PG-MT4-P59,PG,4,XP220-PLR,5,B,0,NA,-345,FALSE,TRUE,TRUE
CH-MT4-P41,CH,4,XP220-PLR,5,B,0,NA,-196,FALSE,TRUE,TRUE
VB-MT4-P42,VB,4,XP220-PLR,5,C,0,NA,-345,FALSE,TRUE,TRUE
AE-MT4-P73,AE,4,XP220-PLR,5,C,0,NA,-345,FALSE,TRUE,TRUE
EA-MT3-P48,EA,3,XP220-PLR,5,C,0,NA,-345,FALSE,TRUE,TRUE
BU-MT2-P19,BU,2,XP220-PLR,5,C,0,NA,-196,FALSE,TRUE,TRUE
BS-MT6-P92,BS,6,XP220-PLR,5,C,0,NA,-345,FALSE,TRUE,TRUE
BP-MT5-P35,BP,5,XP220-PLR,5,C,0,NA,-345,FALSE,TRUE,TRUE
DC-MT4-P67,DC,4,XP220-PLR,5,C,0,NA,-196,FALSE,TRUE,TRUE
BG-MT2-P44,BG,2,XP220-PLR,5,C,0,NA,-196,FALSE,TRUE,TRUE
PG-MT1-P48,PG,1,XP220-PLR,5,C,0,NA,-345,FALSE,TRUE,TRUE
IS-MT5-P15,IS,5,XP221-OG,1,A,0,NA,322,FALSE,FALSE,FALSE
OP-MT7-P19,OP,7,XP221-OG,1,A,1,2026-03-04,281,FALSE,FALSE,FALSE
CP-MT4-P11,CP,4,XP221-OG,1,A,0,NA,281,FALSE,FALSE,FALSE
VB-MT3-P10,VB,3,XP221-OG,1,A,0,NA,20,FALSE,FALSE,FALSE
MC-MT3-P35,MC,3,XP221-OG,1,A,1,2026-03-04,170,FALSE,FALSE,FALSE
CH-MT2-P65,CH,2,XP221-OG,1,A,0,NA,170,FALSE,FALSE,FALSE
BP-MT1-P39,BP,1,XP221-OG,1,A,0,NA,20,FALSE,FALSE,FALSE
BG-MT1-P71,BG,1,XP221-OG,1,A,1,2026-03-04,170,FALSE,FALSE,FALSE
PA-MT6-P50,PA,6,XP221-OG,1,A,0,NA,281,FALSE,FALSE,FALSE
PG-MT4-P52,PG,4,XP221-OG,1,A,0,NA,20,FALSE,FALSE,FALSE
BU-MT3-P27,BU,3,XP221-OG,1,A,0,NA,170,FALSE,FALSE,FALSE
AE-MT2-P72,AE,2,XP221-OG,1,A,0,NA,20,FALSE,FALSE,FALSE
DC-MT2-P43,DC,2,XP221-OG,1,A,0,NA,20,FALSE,FALSE,FALSE
BG-MT3-P1,BG,3,XP221-OG,1,B,0,NA,170,FALSE,FALSE,FALSE
CH-MT1-P55,CH,1,XP221-OG,1,B,0,NA,281,FALSE,FALSE,FALSE
CH-MT3-P75,CH,3,XP221-OG,1,B,0,NA,20,FALSE,FALSE,FALSE
DC-MT1-P43,DC,1,XP221-OG,1,B,0,NA,170,FALSE,FALSE,FALSE
PG-MT3-P29,PG,3,XP221-OG,1,B,0,NA,20,FALSE,FALSE,FALSE
VB-MT4-P64,VB,4,XP221-OG,1,B,0,NA,20,FALSE,FALSE,FALSE
AE-MT4-P74,AE,4,XP221-OG,1,B,0,NA,20,FALSE,FALSE,FALSE
BP-MT2-P42,BP,2,XP221-OG,1,B,1,2026-03-04,20,FALSE,FALSE,FALSE
CP-MT5-P44,CP,5,XP221-OG,1,B,0,NA,170,FALSE,FALSE,FALSE
BU-MT5-P18,BU,5,XP221-OG,1,B,0,NA,170,FALSE,FALSE,FALSE
CH-MT4-P90,CH,4,XP221-OG,1,C,0,NA,170,FALSE,FALSE,FALSE
BG-MT5-P58,BG,5,XP221-OG,1,C,0,NA,170,FALSE,FALSE,FALSE
PG-MT4-P42,PG,4,XP221-OG,1,C,0,NA,20,FALSE,FALSE,FALSE
MC-MT3-P52,MC,3,XP221-OG,1,C,0,NA,170,FALSE,FALSE,FALSE
BS-MT7-P1,BS,7,XP221-OG,1,C,0,NA,170,FALSE,FALSE,FALSE
OP-MT8-P19,OP,8,XP221-OG,1,C,0,NA,281,FALSE,FALSE,FALSE
VB-MT2-P28,VB,2,XP221-OG,1,C,0,NA,20,FALSE,FALSE,FALSE
CP-MT2-P8,CP,2,XP221-OG,1,C,0,NA,281,FALSE,FALSE,FALSE
DC-MT5-P37,DC,5,XP221-OG,1,C,0,NA,170,FALSE,FALSE,FALSE
BU-MT2-P53,BU,2,XP221-OG,1,C,0,NA,170,FALSE,FALSE,FALSE
BP-MT4-P79,BP,4,XP221-OG,1,C,1,2026-03-04,20,FALSE,FALSE,FALSE
AE-MT5-P40,AE,5,XP221-OG,1,C,0,NA,20,FALSE,FALSE,FALSE
BP-MT1-P35,BP,1,XP221-OG,2,A,0,NA,20,FALSE,FALSE,FALSE
AE-MT1-P20,AE,1,XP221-OG,2,A,0,NA,20,FALSE,FALSE,FALSE
OP-MT2-P13,OP,2,XP221-OG,2,A,1,2026-03-04,322,FALSE,FALSE,FALSE
PG-MT5-P48,PG,5,XP221-OG,2,A,0,NA,20,FALSE,FALSE,FALSE
VB-MT4-P43,VB,4,XP221-OG,2,A,0,NA,20,FALSE,FALSE,FALSE
IS-MT3-P57,IS,3,XP221-OG,2,A,0,NA,322,FALSE,FALSE,FALSE
MC-MT3-P58,MC,3,XP221-OG,2,A,0,NA,170,FALSE,FALSE,FALSE
CP-MT3-P64,CP,3,XP221-OG,2,A,0,NA,281,FALSE,FALSE,FALSE
EA-MT2-P8,EA,2,XP221-OG,2,A,0,NA,281,FALSE,FALSE,FALSE
BG-MT4-P3,BG,4,XP221-OG,2,A,0,NA,170,FALSE,FALSE,FALSE
DC-MT5-P85,DC,5,XP221-OG,2,A,0,NA,20,FALSE,FALSE,FALSE
CH-MT4-P68,CH,4,XP221-OG,2,A,0,NA,170,FALSE,FALSE,FALSE
BU-MT5-P54,BU,5,XP221-OG,2,A,0,NA,170,FALSE,FALSE,FALSE
CH-MT1-P36,CH,1,XP221-OG,2,B,0,NA,281,FALSE,FALSE,FALSE
CH-MT3-P82,CH,3,XP221-OG,2,B,0,NA,20,FALSE,FALSE,FALSE
BU-MT3-P36,BU,3,XP221-OG,2,B,0,NA,170,FALSE,FALSE,FALSE
AE-MT2-P61,AE,2,XP221-OG,2,B,0,NA,20,FALSE,FALSE,FALSE
MC-MT2-P51,MC,2,XP221-OG,2,B,0,NA,170,FALSE,FALSE,FALSE
PA-MT7-P1,PA,7,XP221-OG,2,B,0,NA,170,FALSE,FALSE,FALSE
BP-MT3-P59,BP,3,XP221-OG,2,B,0,NA,20,FALSE,FALSE,FALSE
PG-MT3-P12,PG,3,XP221-OG,2,B,0,NA,20,FALSE,FALSE,FALSE
CP-MT2-P45,CP,2,XP221-OG,2,B,0,NA,281,FALSE,FALSE,FALSE
VB-MT2-P13,VB,2,XP221-OG,2,B,0,NA,20,FALSE,FALSE,FALSE
EA-MT4-P37,EA,4,XP221-OG,2,B,0,NA,20,FALSE,FALSE,FALSE
IS-MT2-P35,IS,2,XP221-OG,2,B,0,NA,322,FALSE,FALSE,FALSE
BG-MT4-P1,BG,4,XP221-OG,2,B,0,NA,170,FALSE,FALSE,FALSE
DC-MT1-P8,DC,1,XP221-OG,2,B,1,2026-03-04,170,FALSE,FALSE,FALSE
VB-MT1-P9,VB,1,XP221-OG,2,C,0,NA,170,FALSE,FALSE,FALSE
BU-MT2-P47,BU,2,XP221-OG,2,C,0,NA,170,FALSE,FALSE,FALSE
DC-MT4-P42,DC,4,XP221-OG,2,C,1,2026-03-04,170,FALSE,FALSE,FALSE
AE-MT4-P67,AE,4,XP221-OG,2,C,0,NA,20,FALSE,FALSE,FALSE
OP-MT8-P37,OP,8,XP221-OG,2,C,1,2026-03-04,281,FALSE,FALSE,FALSE
PG-MT1-P6,PG,1,XP221-OG,2,C,0,NA,20,FALSE,FALSE,FALSE
CH-MT5-P68,CH,5,XP221-OG,2,C,0,NA,170,FALSE,FALSE,FALSE
IS-MT1-P49,IS,1,XP221-OG,2,C,1,2026-03-04,281,FALSE,FALSE,FALSE
CP-MT5-P54,CP,5,XP221-OG,2,C,0,NA,170,FALSE,FALSE,FALSE
BP-MT1-P71,BP,1,XP221-OG,2,C,0,NA,20,FALSE,FALSE,FALSE
BG-MT3-P76,BG,3,XP221-OG,2,C,0,NA,170,FALSE,FALSE,FALSE
BS-MT1-P25,BS,1,XP221-OG,3,A,0,NA,170,FALSE,FALSE,FALSE
VB-MT4-P47,VB,4,XP221-OG,3,A,0,NA,20,FALSE,FALSE,FALSE
OP-MT9-P71,OP,9,XP221-OG,3,A,1,2026-03-04,322,FALSE,FALSE,FALSE
PA-MT3-P35,PA,3,XP221-OG,3,A,0,NA,322,FALSE,FALSE,FALSE
IS-MT3-P18,IS,3,XP221-OG,3,A,0,NA,322,FALSE,FALSE,FALSE
CP-MT5-P29,CP,5,XP221-OG,3,A,0,NA,170,FALSE,FALSE,FALSE
AE-MT1-P24,AE,1,XP221-OG,3,A,0,NA,20,FALSE,FALSE,FALSE
BP-MT2-P9,BP,2,XP221-OG,3,A,0,NA,20,FALSE,FALSE,FALSE
BU-MT1-P42,BU,1,XP221-OG,3,A,0,NA,281,FALSE,FALSE,FALSE
EA-MT4-P12,EA,4,XP221-OG,3,A,0,NA,281,FALSE,FALSE,FALSE
BG-MT2-P35,BG,2,XP221-OG,3,A,0,NA,170,FALSE,FALSE,FALSE
DC-MT2-P10,DC,2,XP221-OG,3,A,0,NA,170,FALSE,FALSE,FALSE
CH-MT5-P37,CH,5,XP221-OG,3,A,0,NA,170,FALSE,FALSE,FALSE
PG-MT4-P21,PG,4,XP221-OG,3,A,0,NA,20,FALSE,FALSE,FALSE
BS-MT5-P34,BS,5,XP221-OG,3,B,0,NA,170,FALSE,FALSE,FALSE
BU-MT1-P79,BU,1,XP221-OG,3,B,0,NA,281,FALSE,FALSE,FALSE
CP-MT5-P2,CP,5,XP221-OG,3,B,0,NA,170,FALSE,FALSE,FALSE
PA-MT7-P11,PA,7,XP221-OG,3,B,0,NA,170,FALSE,FALSE,FALSE
IS-MT5-P49,IS,5,XP221-OG,3,B,0,NA,322,FALSE,FALSE,FALSE
BG-MT1-P10,BG,1,XP221-OG,3,B,1,2026-03-04,170,FALSE,FALSE,FALSE
PG-MT2-P31,PG,2,XP221-OG,3,B,0,NA,20,FALSE,FALSE,FALSE
VB-MT3-P23,VB,3,XP221-OG,3,B,0,NA,20,FALSE,FALSE,FALSE
AE-MT1-P45,AE,1,XP221-OG,3,B,0,NA,20,FALSE,FALSE,FALSE
OP-MT7-P39,OP,7,XP221-OG,3,B,1,2026-03-04,281,FALSE,FALSE,FALSE
EA-MT4-P50,EA,4,XP221-OG,3,B,0,NA,20,FALSE,FALSE,FALSE
BP-MT4-P30,BP,4,XP221-OG,3,B,0,NA,20,FALSE,FALSE,FALSE
MC-MT1-P58,MC,1,XP221-OG,3,B,0,NA,170,FALSE,FALSE,FALSE
CH-MT3-P29,CH,3,XP221-OG,3,B,0,NA,170,FALSE,FALSE,FALSE
CP-MT1-P5,CP,1,XP221-OG,3,C,0,NA,170,FALSE,FALSE,FALSE
OP-MT6-P35,OP,6,XP221-OG,3,C,0,NA,281,FALSE,FALSE,FALSE
IS-MT4-P31,IS,4,XP221-OG,3,C,0,NA,281,FALSE,FALSE,FALSE
PA-MT3-P73,PA,3,XP221-OG,3,C,0,NA,20,FALSE,FALSE,FALSE
VB-MT3-P70,VB,3,XP221-OG,3,C,0,NA,20,FALSE,FALSE,FALSE
CH-MT4-P5,CH,4,XP221-OG,3,C,0,NA,170,FALSE,FALSE,FALSE
PG-MT5-P10,PG,5,XP221-OG,3,C,0,NA,20,FALSE,FALSE,FALSE
DC-MT3-P7,DC,3,XP221-OG,3,C,0,NA,170,FALSE,FALSE,FALSE
BG-MT5-P6,BG,5,XP221-OG,3,C,0,NA,170,FALSE,FALSE,FALSE
AE-MT5-P1,AE,5,XP221-OG,3,C,0,NA,20,FALSE,FALSE,FALSE
BU-MT4-P40,BU,4,XP221-OG,3,C,0,NA,170,FALSE,FALSE,FALSE
BP-MT5-P28,BP,5,XP221-OG,3,C,0,NA,20,FALSE,FALSE,FALSE
BS-MT5-P24,BS,5,XP221-OG,3,C,0,NA,170,FALSE,FALSE,FALSE
BU-MT3-P30,BU,3,XP221-OG,4,A,0,NA,170,FALSE,FALSE,FALSE
PG-MT4-P34,PG,4,XP221-OG,4,A,0,NA,20,FALSE,FALSE,FALSE
OP-MT9-P17,OP,9,XP221-OG,4,A,1,2026-03-04,322,FALSE,FALSE,FALSE
BG-MT3-P51,BG,3,XP221-OG,4,A,1,2026-03-04,170,FALSE,FALSE,FALSE
CH-MT3-P45,CH,3,XP221-OG,4,A,0,NA,170,FALSE,FALSE,FALSE
PA-MT3-P60,PA,3,XP221-OG,4,A,0,NA,322,FALSE,FALSE,FALSE
CP-MT4-P50,CP,4,XP221-OG,4,A,0,NA,281,FALSE,FALSE,FALSE
MC-MT1-P31,MC,1,XP221-OG,4,A,0,NA,170,FALSE,FALSE,FALSE
BP-MT3-P14,BP,3,XP221-OG,4,A,0,NA,20,FALSE,FALSE,FALSE
IS-MT2-P33,IS,2,XP221-OG,4,A,0,NA,322,FALSE,FALSE,FALSE
EA-MT3-P24,EA,3,XP221-OG,4,A,0,NA,281,FALSE,FALSE,FALSE
AE-MT2-P1,AE,2,XP221-OG,4,A,0,NA,20,FALSE,FALSE,FALSE
DC-MT3-P48,DC,3,XP221-OG,4,A,0,NA,170,FALSE,FALSE,FALSE
VB-MT3-P36,VB,3,XP221-OG,4,A,0,NA,20,FALSE,FALSE,FALSE
BU-MT4-P38,BU,4,XP221-OG,4,B,0,NA,170,FALSE,FALSE,FALSE
MC-MT1-P72,MC,1,XP221-OG,4,B,0,NA,170,FALSE,FALSE,FALSE
VB-MT3-P53,VB,3,XP221-OG,4,B,0,NA,20,FALSE,FALSE,FALSE
IS-MT4-P15,IS,4,XP221-OG,4,B,0,NA,281,FALSE,FALSE,FALSE
DC-MT4-P3,DC,4,XP221-OG,4,B,0,NA,170,FALSE,FALSE,FALSE
CH-MT2-P25,CH,2,XP221-OG,4,B,0,NA,170,FALSE,FALSE,FALSE
AE-MT2-P5,AE,2,XP221-OG,4,B,0,NA,20,FALSE,FALSE,FALSE
PA-MT6-P90,PA,6,XP221-OG,4,B,0,NA,281,FALSE,FALSE,FALSE
OP-MT2-P19,OP,2,XP221-OG,4,B,0,NA,322,FALSE,FALSE,FALSE
OP-MT9-P87,OP,9,XP221-OG,4,B,0,NA,20,FALSE,FALSE,FALSE
BG-MT1-P29,BG,1,XP221-OG,4,B,0,NA,170,FALSE,FALSE,FALSE
BP-MT4-P80,BP,4,XP221-OG,4,B,0,NA,20,FALSE,FALSE,FALSE
CP-MT1-P45,CP,1,XP221-OG,4,B,0,NA,170,FALSE,FALSE,FALSE
EA-MT2-P45,EA,2,XP221-OG,4,B,0,NA,20,FALSE,FALSE,FALSE
PG-MT5-P61,PG,5,XP221-OG,4,B,0,NA,20,FALSE,FALSE,FALSE
BS-MT6-P6,BS,6,XP221-OG,4,B,0,NA,170,FALSE,FALSE,FALSE
IS-MT1-P14,IS,1,XP221-OG,4,C,0,NA,281,FALSE,FALSE,FALSE
AE-MT4-P57,AE,4,XP221-OG,4,C,0,NA,20,FALSE,FALSE,FALSE
BU-MT4-P5,BU,4,XP221-OG,4,C,0,NA,170,FALSE,FALSE,FALSE
CH-MT2-P41,CH,2,XP221-OG,4,C,1,2026-03-04,170,FALSE,FALSE,FALSE
BP-MT2-P12,BP,2,XP221-OG,4,C,0,NA,20,FALSE,FALSE,FALSE
OP-MT6-P27,OP,6,XP221-OG,4,C,0,NA,281,FALSE,FALSE,FALSE
CP-MT3-P70,CP,3,XP221-OG,4,C,1,2026-03-04,281,FALSE,FALSE,FALSE
BG-MT2-P75,BG,2,XP221-OG,4,C,0,NA,170,FALSE,FALSE,FALSE
MC-MT2-P72,MC,2,XP221-OG,4,C,0,NA,170,FALSE,FALSE,FALSE
VB-MT1-P10,VB,1,XP221-OG,4,C,0,NA,170,FALSE,FALSE,FALSE
PG-MT1-P74,PG,1,XP221-OG,4,C,0,NA,20,FALSE,FALSE,FALSE
DC-MT5-P14,DC,5,XP221-OG,4,C,0,NA,170,FALSE,FALSE,FALSE
VB-MT4-P11,VB,4,XP221-OG,5,A,0,NA,20,FALSE,FALSE,FALSE
CH-MT3-P84,CH,3,XP221-OG,5,A,0,NA,170,FALSE,FALSE,FALSE
AE-MT5-P2,AE,5,XP221-OG,5,A,0,NA,20,FALSE,FALSE,FALSE
BG-MT5-P28,BG,5,XP221-OG,5,A,0,NA,170,FALSE,FALSE,FALSE
PG-MT1-P44,PG,1,XP221-OG,5,A,0,NA,20,FALSE,FALSE,FALSE
CP-MT1-P3,CP,1,XP221-OG,5,A,0,NA,170,FALSE,FALSE,FALSE
EA-MT4-P49,EA,4,XP221-OG,5,A,0,NA,20,FALSE,FALSE,FALSE
BP-MT3-P22,BP,3,XP221-OG,5,A,0,NA,20,FALSE,FALSE,FALSE
BU-MT5-P47,BU,5,XP221-OG,5,A,0,NA,170,FALSE,FALSE,FALSE
DC-MT5-P27,DC,5,XP221-OG,5,A,1,2026-03-04,170,FALSE,FALSE,FALSE
PG-MT2-P13,PG,2,XP221-OG,5,B,0,NA,20,FALSE,FALSE,FALSE
BP-MT3-P32,BP,3,XP221-OG,5,B,0,NA,20,FALSE,FALSE,FALSE
CH-MT5-P24,CH,5,XP221-OG,5,B,0,NA,170,FALSE,FALSE,FALSE
VB-MT2-P15,VB,2,XP221-OG,5,B,0,NA,20,FALSE,FALSE,FALSE
BG-MT2-P21,BG,2,XP221-OG,5,B,0,NA,170,FALSE,FALSE,FALSE
DC-MT1-P34,DC,1,XP221-OG,5,B,0,NA,170,FALSE,FALSE,FALSE
AE-MT3-P2,AE,3,XP221-OG,5,B,0,NA,20,FALSE,FALSE,FALSE
BS-MT1-P96,BS,1,XP221-OG,5,C,0,NA,20,FALSE,FALSE,FALSE
VB-MT2-P4,VB,2,XP221-OG,5,C,0,NA,20,FALSE,FALSE,FALSE
IS-MT3-P97,IS,3,XP221-OG,5,C,0,NA,20,FALSE,FALSE,FALSE
EA-MT3-P69,EA,3,XP221-OG,5,C,0,NA,20,FALSE,FALSE,FALSE
DC-MT2-P29,DC,2,XP221-OG,5,C,1,2026-03-04,170,FALSE,FALSE,FALSE
AE-MT5-P20,AE,5,XP221-OG,5,C,0,NA,20,FALSE,FALSE,FALSE
BP-MT4-P84,BP,4,XP221-OG,5,C,0,NA,20,FALSE,FALSE,FALSE
PG-MT2-P54,PG,2,XP221-OG,5,C,0,NA,20,FALSE,FALSE,FALSE
BG-MT4-P69,BG,4,XP221-OG,5,C,0,NA,170,FALSE,FALSE,FALSE
CH-MT2-P16,CH,2,XP222-OG,1,A,1,2026-03-23,215,FALSE,FALSE,FALSE
CP-MT3-P37,CP,3,XP222-OG,1,A,0,NA,306,FALSE,FALSE,FALSE
BS-MT6-P23,BS,6,XP222-OG,1,A,1,2026-03-23,215,FALSE,FALSE,FALSE
EA-MT2-P37,EA,2,XP222-OG,1,A,0,NA,47,FALSE,FALSE,FALSE
PG-MT3-P35,PG,3,XP222-OG,1,A,0,NA,47,FALSE,FALSE,FALSE
BU-MT3-P69,BU,3,XP222-OG,1,A,0,NA,215,FALSE,FALSE,FALSE
OP-MT9-P62,OP,9,XP222-OG,1,A,1,2026-03-23,123,FALSE,FALSE,FALSE
AE-MT4-P65,AE,4,XP222-OG,1,A,0,NA,47,FALSE,FALSE,FALSE
BG-MT1-P77,BG,1,XP222-OG,1,A,1,2026-03-23,215,FALSE,FALSE,FALSE
DC-MT1-P80,DC,1,XP222-OG,1,A,0,NA,215,FALSE,FALSE,FALSE
BP-MT3-P8,BP,3,XP222-OG,1,A,0,NA,47,FALSE,FALSE,FALSE
EA-MT5-P86,EA,5,XP222-OG,1,B,0,NA,47,FALSE,FALSE,FALSE
BG-MT3-P53,BG,3,XP222-OG,1,B,0,NA,215,FALSE,FALSE,FALSE
BS-MT6-P42,BS,6,XP222-OG,1,B,0,NA,123,FALSE,FALSE,FALSE
CH-MT1-P39,CH,1,XP222-OG,1,B,1,2025-11-20,183,FALSE,FALSE,FALSE
CH-MT3-P80,CH,3,XP222-OG,1,B,0,NA,47,FALSE,FALSE,FALSE
BP-MT4-P99,BP,4,XP222-OG,1,B,0,NA,47,FALSE,FALSE,FALSE
AE-MT3-P69,AE,3,XP222-OG,1,B,0,NA,47,FALSE,FALSE,FALSE
VB-MT5-P17,VB,5,XP222-OG,1,B,0,NA,47,FALSE,FALSE,FALSE
PG-MT4-P19,PG,4,XP222-OG,1,B,0,NA,47,FALSE,FALSE,FALSE
BU-MT2-P27,BU,2,XP222-OG,1,B,0,NA,215,FALSE,FALSE,FALSE
CP-MT1-P50,CP,1,XP222-OG,1,B,0,NA,215,FALSE,FALSE,FALSE
DC-MT3-P32,DC,3,XP222-OG,1,B,0,NA,215,FALSE,FALSE,FALSE
PG-MT3-P52,PG,3,XP222-OG,1,C,0,NA,47,FALSE,FALSE,FALSE
DC-MT3-P47,DC,3,XP222-OG,1,C,0,NA,215,FALSE,FALSE,FALSE
BG-MT2-P53,BG,2,XP222-OG,1,C,1,2025-11-20,92,FALSE,FALSE,FALSE
BG-MT1-P1,BG,1,XP222-OG,1,C,0,NA,47,FALSE,FALSE,FALSE
BS-MT1-P54,BS,1,XP222-OG,1,C,0,NA,123,FALSE,FALSE,FALSE
CP-MT4-P2,CP,4,XP222-OG,1,C,0,NA,306,FALSE,FALSE,FALSE
CH-MT1-P26,CH,1,XP222-OG,1,C,1,2026-03-23,306,FALSE,FALSE,FALSE
BP-MT5-P19,BP,5,XP222-OG,1,C,0,NA,47,FALSE,FALSE,FALSE
BU-MT2-P3,BU,2,XP222-OG,1,C,1,2026-03-23,215,FALSE,FALSE,FALSE
AE-MT3-P10,AE,3,XP222-OG,1,C,0,NA,47,FALSE,FALSE,FALSE
CP-MT2-P38,CP,2,XP222-OG,2,A,0,NA,306,FALSE,FALSE,FALSE
BP-MT3-P25,BP,3,XP222-OG,2,A,0,NA,47,FALSE,FALSE,FALSE
BU-MT1-P72,BU,1,XP222-OG,2,A,0,NA,306,FALSE,FALSE,FALSE
CH-MT5-P65,CH,5,XP222-OG,2,A,0,NA,215,FALSE,FALSE,FALSE
EA-MT5-P28,EA,5,XP222-OG,2,A,0,NA,123,FALSE,FALSE,FALSE
PG-MT5-P23,PG,5,XP222-OG,2,A,0,NA,47,FALSE,FALSE,FALSE
IS-MT5-P34,IS,5,XP222-OG,2,A,0,NA,123,FALSE,FALSE,FALSE
VB-MT3-P69,VB,3,XP222-OG,2,A,0,NA,47,FALSE,FALSE,FALSE
OP-MT9-P10,OP,9,XP222-OG,2,A,0,NA,123,FALSE,FALSE,FALSE
BG-MT4-P73,BG,4,XP222-OG,2,A,1,2026-03-23,215,FALSE,FALSE,FALSE
AE-MT2-P84,AE,2,XP222-OG,2,A,0,NA,47,FALSE,FALSE,FALSE
BS-MT5-P61,BS,5,XP222-OG,2,A,0,NA,123,FALSE,FALSE,FALSE
BS-MT1-P55,BS,1,XP222-OG,2,B,0,NA,123,FALSE,FALSE,FALSE
BG-MT3-P42,BG,3,XP222-OG,2,B,0,NA,215,FALSE,FALSE,FALSE
OP-MT9-P69,OP,9,XP222-OG,2,B,1,2026-03-23,123,FALSE,FALSE,FALSE
PG-MT5-P50,PG,5,XP222-OG,2,B,0,NA,47,FALSE,FALSE,FALSE
IS-MT5-P58,IS,5,XP222-OG,2,B,0,NA,123,FALSE,FALSE,FALSE
BU-MT4-P82,BU,4,XP222-OG,2,B,0,NA,215,FALSE,FALSE,FALSE
VB-MT5-P22,VB,5,XP222-OG,2,B,0,NA,47,FALSE,FALSE,FALSE
CP-MT2-P56,CP,2,XP222-OG,2,B,0,NA,306,FALSE,FALSE,FALSE
AE-MT1-P3,AE,1,XP222-OG,2,B,0,NA,47,FALSE,FALSE,FALSE
CH-MT4-P45,CH,4,XP222-OG,2,B,0,NA,215,FALSE,FALSE,FALSE
DC-MT2-P28,DC,2,XP222-OG,2,B,1,2026-03-23,215,FALSE,FALSE,FALSE
PA-MT7-P60,PA,7,XP222-OG,2,B,0,NA,47,FALSE,FALSE,FALSE
EA-MT5-P70,EA,5,XP222-OG,2,B,0,NA,123,FALSE,FALSE,FALSE
BP-MT2-P32,BP,2,XP222-OG,2,B,0,NA,47,FALSE,FALSE,FALSE
BS-MT1-P17,BS,1,XP222-OG,2,C,0,NA,215,FALSE,FALSE,FALSE
VB-MT2-P25,VB,2,XP222-OG,2,C,0,NA,47,FALSE,FALSE,FALSE
AE-MT5-P39,AE,5,XP222-OG,2,C,0,NA,47,FALSE,FALSE,FALSE
DC-MT5-P21,DC,5,XP222-OG,2,C,0,NA,215,FALSE,FALSE,FALSE
CP-MT3-P34,CP,3,XP222-OG,2,C,1,2026-03-23,306,FALSE,FALSE,FALSE
BP-MT1-P29,BP,1,XP222-OG,2,C,0,NA,47,FALSE,FALSE,FALSE
CH-MT5-P30,CH,5,XP222-OG,2,C,0,NA,215,FALSE,FALSE,FALSE
BU-MT5-P39,BU,5,XP222-OG,2,C,0,NA,215,FALSE,FALSE,FALSE
BG-MT1-P94,BG,1,XP222-OG,2,C,0,NA,215,FALSE,FALSE,FALSE
EA-MT2-P34,EA,2,XP222-OG,2,C,0,NA,47,FALSE,FALSE,FALSE
PG-MT2-P15,PG,2,XP222-OG,2,C,0,NA,47,FALSE,FALSE,FALSE
CP-MT4-P21,CP,4,XP222-OG,3,A,0,NA,306,FALSE,FALSE,FALSE
VB-MT3-P40,VB,3,XP222-OG,3,A,0,NA,47,FALSE,FALSE,FALSE
BS-MT1-P75,BS,1,XP222-OG,3,A,0,NA,123,FALSE,FALSE,FALSE
BP-MT2-P51,BP,2,XP222-OG,3,A,0,NA,47,FALSE,FALSE,FALSE
CH-MT3-P57,CH,3,XP222-OG,3,A,1,2026-03-23,215,FALSE,FALSE,FALSE
EA-MT1-P47,EA,1,XP222-OG,3,A,0,NA,123,FALSE,FALSE,FALSE
AE-MT2-P22,AE,2,XP222-OG,3,A,0,NA,47,FALSE,FALSE,FALSE
BU-MT4-P25,BU,4,XP222-OG,3,A,0,NA,215,FALSE,FALSE,FALSE
BG-MT4-P67,BG,4,XP222-OG,3,A,1,2025-11-20,92,FALSE,FALSE,FALSE
BG-MT1-P47,BG,1,XP222-OG,3,A,0,NA,47,FALSE,FALSE,FALSE
PG-MT1-P8,PG,1,XP222-OG,3,A,0,NA,47,FALSE,FALSE,FALSE
DC-MT3-P40,DC,3,XP222-OG,3,A,0,NA,47,FALSE,FALSE,FALSE
CP-MT5-P31,CP,5,XP222-OG,3,B,0,NA,215,FALSE,FALSE,FALSE
BP-MT4-P19,BP,4,XP222-OG,3,B,0,NA,47,FALSE,FALSE,FALSE
BU-MT3-P3,BU,3,XP222-OG,3,B,0,NA,215,FALSE,FALSE,FALSE
VB-MT4-P67,VB,4,XP222-OG,3,B,1,2026-03-23,47,FALSE,FALSE,FALSE
OP-MT6-P60,OP,6,XP222-OG,3,B,0,NA,47,FALSE,FALSE,FALSE
PG-MT4-P14,PG,4,XP222-OG,3,B,0,NA,47,FALSE,FALSE,FALSE
CH-MT3-P43,CH,3,XP222-OG,3,B,0,NA,215,FALSE,FALSE,FALSE
BG-MT2-P26,BG,2,XP222-OG,3,B,1,2026-03-23,215,FALSE,FALSE,FALSE
AE-MT2-P18,AE,2,XP222-OG,3,B,0,NA,47,FALSE,FALSE,FALSE
DC-MT5-P61,DC,5,XP222-OG,3,B,1,2026-03-23,215,FALSE,FALSE,FALSE
BS-MT5-P19,BS,5,XP222-OG,3,B,0,NA,215,FALSE,FALSE,FALSE
EA-MT1-P74,EA,1,XP222-OG,3,B,0,NA,123,FALSE,FALSE,FALSE
CP-MT5-P58,CP,5,XP222-OG,3,C,0,NA,215,FALSE,FALSE,FALSE
PG-MT3-P27,PG,3,XP222-OG,3,C,0,NA,47,FALSE,FALSE,FALSE
DC-MT2-P42,DC,2,XP222-OG,3,C,0,NA,47,FALSE,FALSE,FALSE
BP-MT2-P30,BP,2,XP222-OG,3,C,0,NA,47,FALSE,FALSE,FALSE
BG-MT5-P47,BG,5,XP222-OG,3,C,1,2026-03-23,215,FALSE,FALSE,FALSE
VB-MT4-P50,VB,4,XP222-OG,3,C,0,NA,47,FALSE,FALSE,FALSE
BS-MT6-P79,BS,6,XP222-OG,3,C,0,NA,123,FALSE,FALSE,FALSE
EA-MT1-P33,EA,1,XP222-OG,3,C,0,NA,123,FALSE,FALSE,FALSE
CH-MT4-P95,CH,4,XP222-OG,3,C,0,NA,215,FALSE,FALSE,FALSE
BU-MT5-P48,BU,5,XP222-OG,3,C,0,NA,215,FALSE,FALSE,FALSE
AE-MT3-P15,AE,3,XP222-OG,3,C,0,NA,47,FALSE,FALSE,FALSE
VB-MT4-P37,VB,4,XP222-OG,4,A,0,NA,47,FALSE,FALSE,FALSE
CH-MT2-P69,CH,2,XP222-OG,4,A,1,2026-03-23,215,FALSE,FALSE,FALSE
BS-MT7-P7,BS,7,XP222-OG,4,A,0,NA,215,FALSE,FALSE,FALSE
CP-MT1-P27,CP,1,XP222-OG,4,A,0,NA,215,FALSE,FALSE,FALSE
BU-MT5-P53,BU,5,XP222-OG,4,A,0,NA,215,FALSE,FALSE,FALSE
AE-MT5-P57,AE,5,XP222-OG,4,A,0,NA,47,FALSE,FALSE,FALSE
OP-MT7-P59,OP,7,XP222-OG,4,A,0,NA,123,FALSE,FALSE,FALSE
EA-MT1-P51,EA,1,XP222-OG,4,A,0,NA,123,FALSE,FALSE,FALSE
BG-MT1-P41,BG,1,XP222-OG,4,A,1,2025-12-10,112,FALSE,FALSE,FALSE
BG-MT1-P85,BG,1,XP222-OG,4,A,0,NA,47,FALSE,FALSE,FALSE
PG-MT3-P28,PG,3,XP222-OG,4,A,0,NA,47,FALSE,FALSE,FALSE
BP-MT4-P90,BP,4,XP222-OG,4,A,0,NA,47,FALSE,FALSE,FALSE
DC-MT1-P79,DC,1,XP222-OG,4,A,0,NA,215,FALSE,FALSE,FALSE
BG-MT5-P60,BG,5,XP222-OG,4,B,0,NA,215,FALSE,FALSE,FALSE
BU-MT4-P44,BU,4,XP222-OG,4,B,0,NA,215,FALSE,FALSE,FALSE
CH-MT4-P92,CH,4,XP222-OG,4,B,1,2026-03-23,215,FALSE,FALSE,FALSE
DC-MT4-P75,DC,4,XP222-OG,4,B,1,2026-03-23,215,FALSE,FALSE,FALSE
EA-MT2-P25,EA,2,XP222-OG,4,B,0,NA,306,FALSE,FALSE,FALSE
CP-MT5-P26,CP,5,XP222-OG,4,B,0,NA,215,FALSE,FALSE,FALSE
BS-MT6-P1,BS,6,XP222-OG,4,B,0,NA,215,FALSE,FALSE,FALSE
VB-MT4-P18,VB,4,XP222-OG,4,B,0,NA,47,FALSE,FALSE,FALSE
AE-MT1-P47,AE,1,XP222-OG,4,B,0,NA,47,FALSE,FALSE,FALSE
BP-MT1-P21,BP,1,XP222-OG,4,B,0,NA,47,FALSE,FALSE,FALSE
PG-MT4-P25,PG,4,XP222-OG,4,B,0,NA,47,FALSE,FALSE,FALSE
AE-MT4-P18,AE,4,XP222-OG,4,C,0,NA,47,FALSE,FALSE,FALSE
DC-MT4-P26,DC,4,XP222-OG,4,C,0,NA,215,FALSE,FALSE,FALSE
VB-MT4-P9,VB,4,XP222-OG,4,C,0,NA,47,FALSE,FALSE,FALSE
CP-MT1-P28,CP,1,XP222-OG,4,C,0,NA,215,FALSE,FALSE,FALSE
CH-MT5-P26,CH,5,XP222-OG,4,C,0,NA,215,FALSE,FALSE,FALSE
EA-MT3-P12,EA,3,XP222-OG,4,C,0,NA,306,FALSE,FALSE,FALSE
BU-MT1-P41,BU,1,XP222-OG,4,C,0,NA,306,FALSE,FALSE,FALSE
BG-MT3-P80,BG,3,XP222-OG,4,C,0,NA,215,FALSE,FALSE,FALSE
PG-MT5-P20,PG,5,XP222-OG,4,C,0,NA,47,FALSE,FALSE,FALSE
BS-MT7-P26,BS,7,XP222-OG,4,C,0,NA,123,FALSE,FALSE,FALSE
BP-MT1-P70,BP,1,XP222-OG,4,C,0,NA,47,FALSE,FALSE,FALSE
PA-MT3-P43,PA,3,XP222-OG,4,C,0,NA,123,FALSE,FALSE,FALSE
IS-MT5-P62,IS,5,XP222-OG,5,A,0,NA,123,FALSE,FALSE,FALSE
PG-MT1-P9,PG,1,XP222-OG,5,A,0,NA,47,FALSE,FALSE,FALSE
VB-MT4-P31,VB,4,XP222-OG,5,A,0,NA,47,FALSE,FALSE,FALSE
AE-MT3-P61,AE,3,XP222-OG,5,A,0,NA,47,FALSE,FALSE,FALSE
BG-MT4-P38,BG,4,XP222-OG,5,A,0,NA,215,FALSE,FALSE,FALSE
BP-MT4-P16,BP,4,XP222-OG,5,A,0,NA,47,FALSE,FALSE,FALSE
BU-MT3-P57,BU,3,XP222-OG,5,A,0,NA,215,FALSE,FALSE,FALSE
EA-MT3-P43,EA,3,XP222-OG,5,A,0,NA,47,FALSE,FALSE,FALSE
DC-MT5-P7,DC,5,XP222-OG,5,A,0,NA,215,FALSE,FALSE,FALSE
AE-MT1-P53,AE,1,XP222-OG,5,B,0,NA,47,FALSE,FALSE,FALSE
VB-MT3-P71,VB,3,XP222-OG,5,B,0,NA,47,FALSE,FALSE,FALSE
CH-MT3-P17,CH,3,XP222-OG,5,B,0,NA,215,FALSE,FALSE,FALSE
CP-MT5-P67,CP,5,XP222-OG,5,B,0,NA,215,FALSE,FALSE,FALSE
IS-MT3-P72,IS,3,XP222-OG,5,B,0,NA,47,FALSE,FALSE,FALSE
PG-MT3-P3,PG,3,XP222-OG,5,B,0,NA,47,FALSE,FALSE,FALSE
BG-MT5-P70,BG,5,XP222-OG,5,B,0,NA,215,FALSE,FALSE,FALSE
BP-MT4-P62,BP,4,XP222-OG,5,B,0,NA,47,FALSE,FALSE,FALSE
DC-MT4-P65,DC,4,XP222-OG,5,B,0,NA,215,FALSE,FALSE,FALSE
PG-MT4-P31,PG,4,XP222-OG,5,C,1,2026-03-23,47,FALSE,FALSE,FALSE
EA-MT1-P104,EA,1,XP222-OG,5,C,0,NA,47,FALSE,FALSE,FALSE
AE-MT4-P40,AE,4,XP222-OG,5,C,0,NA,47,FALSE,FALSE,FALSE
DC-MT1-P52,DC,1,XP222-OG,5,C,0,NA,215,FALSE,FALSE,FALSE
CH-MT5-P84,CH,5,XP222-OG,5,C,0,NA,215,FALSE,FALSE,FALSE
BP-MT4-P71,BP,4,XP222-OG,5,C,0,NA,47,FALSE,FALSE,FALSE
IS-MT2-P46,IS,2,XP222-OG,5,C,0,NA,123,FALSE,FALSE,FALSE
VB-MT2-P56,VB,2,XP222-OG,5,C,1,2026-03-23,47,FALSE,FALSE,FALSE
BG-MT2-P90,BG,2,XP222-OG,5,C,0,NA,215,FALSE,FALSE,FALSE
BS-MT3-P64,BS,3,XP222-OG,5,C,0,NA,47,FALSE,FALSE,FALSE
CH-MT1-P20,CH,1,XP223-OG,1,A,1,2025-02-26,-72,FALSE,TRUE,TRUE
AE-MT5-P17,AE,5,XP223-OG,1,A,0,NA,NA,FALSE,FALSE,TRUE
BU-MT2-P56,BU,2,XP223-OG,1,A,0,NA,-174,FALSE,TRUE,TRUE
EA-MT2-P6,EA,2,XP223-OG,1,A,0,NA,-72,FALSE,TRUE,TRUE
MC-MT1-P47,MC,1,XP223-OG,1,A,0,NA,-174,FALSE,TRUE,TRUE
IS-MT2-P87,IS,2,XP223-OG,1,A,0,NA,-22,FALSE,TRUE,TRUE
BG-MT5-P80,BG,5,XP223-OG,1,A,1,2025-12-03,-174,FALSE,TRUE,TRUE
BG-MT1-P64,BG,1,XP223-OG,1,A,0,NA,NA,FALSE,FALSE,TRUE
VB-MT4-P23,VB,4,XP223-OG,1,A,0,NA,NA,FALSE,FALSE,TRUE
PA-MT3-P46,PA,3,XP223-OG,1,A,0,NA,-22,FALSE,TRUE,TRUE
OP-MT9-P72,OP,9,XP223-OG,1,A,1,2025-05-09,-22,FALSE,TRUE,TRUE
OP-MT9-P34,OP,9,XP223-OG,1,A,1,2025-02-26,-280,FALSE,TRUE,TRUE
BP-MT2-P29,BP,2,XP223-OG,1,A,0,NA,NA,FALSE,FALSE,TRUE
CP-MT5-P49,CP,5,XP223-OG,1,A,0,NA,-174,FALSE,TRUE,TRUE
BS-MT6-P71,BS,6,XP223-OG,1,A,0,NA,-280,FALSE,TRUE,TRUE
DC-MT3-P14,DC,3,XP223-OG,1,A,0,NA,-174,FALSE,TRUE,TRUE
PG-MT1-P38,PG,1,XP223-OG,1,A,0,NA,NA,FALSE,FALSE,TRUE
BG-MT3-P56,BG,3,XP223-OG,1,B,1,2025-02-26,-174,FALSE,TRUE,TRUE
MC-MT3-P67,MC,3,XP223-OG,1,B,1,2025-12-03,-174,FALSE,TRUE,TRUE
MC-MT2-P27,MC,2,XP223-OG,1,B,0,NA,NA,FALSE,FALSE,TRUE
BU-MT1-P68,BU,1,XP223-OG,1,B,0,NA,-72,FALSE,TRUE,TRUE
OP-MT2-P53,OP,2,XP223-OG,1,B,1,2025-05-09,-22,FALSE,TRUE,TRUE
OP-MT9-P35,OP,9,XP223-OG,1,B,0,NA,-280,FALSE,TRUE,TRUE
PG-MT2-P53,PG,2,XP223-OG,1,B,0,NA,NA,FALSE,FALSE,TRUE
CP-MT2-P23,CP,2,XP223-OG,1,B,1,2025-12-03,-72,FALSE,TRUE,TRUE
CP-MT1-P65,CP,1,XP223-OG,1,B,0,NA,NA,FALSE,FALSE,TRUE
AE-MT4-P25,AE,4,XP223-OG,1,B,0,NA,NA,FALSE,FALSE,TRUE
BS-MT6-P9,BS,6,XP223-OG,1,B,0,NA,-174,FALSE,TRUE,TRUE
PA-MT6-P53,PA,6,XP223-OG,1,B,1,2025-02-26,-72,FALSE,TRUE,TRUE
EA-MT5-P58,EA,5,XP223-OG,1,B,0,NA,-280,FALSE,TRUE,TRUE
CH-MT5-P51,CH,5,XP223-OG,1,B,1,2025-12-03,-174,FALSE,TRUE,TRUE
CH-MT5-P69,CH,5,XP223-OG,1,B,0,NA,NA,FALSE,FALSE,TRUE
IS-MT5-P6,IS,5,XP223-OG,1,B,0,NA,-22,FALSE,TRUE,TRUE
VB-MT1-P11,VB,1,XP223-OG,1,B,0,NA,-174,FALSE,TRUE,TRUE
BP-MT1-P56,BP,1,XP223-OG,1,B,0,NA,NA,FALSE,FALSE,TRUE
DC-MT2-P36,DC,2,XP223-OG,1,B,0,NA,NA,FALSE,FALSE,TRUE
OP-MT6-P5,OP,6,XP223-OG,1,C,1,2025-08-19,-72,FALSE,TRUE,TRUE
OP-MT9-P65,OP,9,XP223-OG,1,C,1,2025-02-26,-280,FALSE,TRUE,TRUE
BU-MT4-P81,BU,4,XP223-OG,1,C,0,NA,-174,FALSE,TRUE,TRUE
VB-MT3-P63,VB,3,XP223-OG,1,C,0,NA,NA,FALSE,FALSE,TRUE
BG-MT2-P46,BG,2,XP223-OG,1,C,1,2025-02-26,-174,FALSE,TRUE,TRUE
CP-MT1-P23,CP,1,XP223-OG,1,C,0,NA,-174,FALSE,TRUE,TRUE
CH-MT4-P60,CH,4,XP223-OG,1,C,0,NA,-174,FALSE,TRUE,TRUE
MC-MT1-P43,MC,1,XP223-OG,1,C,1,2025-02-26,-174,FALSE,TRUE,TRUE
DC-MT5-P32,DC,5,XP223-OG,1,C,1,2025-12-03,-174,FALSE,TRUE,TRUE
IS-MT4-P13,IS,4,XP223-OG,1,C,1,2025-02-26,-72,FALSE,TRUE,TRUE
BP-MT3-P12,BP,3,XP223-OG,1,C,0,NA,NA,FALSE,FALSE,TRUE
AE-MT3-P9,AE,3,XP223-OG,1,C,0,NA,NA,FALSE,FALSE,TRUE
EA-MT5-P23,EA,5,XP223-OG,1,C,0,NA,-280,FALSE,TRUE,TRUE
BS-MT1-P35,BS,1,XP223-OG,1,C,0,NA,-280,FALSE,TRUE,TRUE
PG-MT2-P70,PG,2,XP223-OG,1,C,0,NA,NA,FALSE,FALSE,TRUE
EA-MT4-P24,EA,4,XP223-OG,2,A,0,NA,-72,FALSE,TRUE,TRUE
BG-MT1-P65,BG,1,XP223-OG,2,A,0,NA,-174,FALSE,TRUE,TRUE
VB-MT4-P65,VB,4,XP223-OG,2,A,0,NA,NA,FALSE,FALSE,TRUE
DC-MT5-P51,DC,5,XP223-OG,2,A,1,2025-02-26,-174,FALSE,TRUE,TRUE
CP-MT1-P51,CP,1,XP223-OG,2,A,0,NA,-174,FALSE,TRUE,TRUE
BU-MT2-P40,BU,2,XP223-OG,2,A,1,2025-02-26,-174,FALSE,TRUE,TRUE
PG-MT4-P70,PG,4,XP223-OG,2,A,0,NA,NA,FALSE,FALSE,TRUE
OP-MT9-P31,OP,9,XP223-OG,2,A,1,2025-05-09,-22,FALSE,TRUE,TRUE
OP-MT9-P66,OP,9,XP223-OG,2,A,0,NA,-280,FALSE,TRUE,TRUE
BP-MT1-P11,BP,1,XP223-OG,2,A,0,NA,NA,FALSE,FALSE,TRUE
IS-MT3-P62,IS,3,XP223-OG,2,A,0,NA,-22,FALSE,TRUE,TRUE
AE-MT3-P33,AE,3,XP223-OG,2,A,0,NA,NA,FALSE,FALSE,TRUE
PA-MT7-P42,PA,7,XP223-OG,2,A,0,NA,-174,FALSE,TRUE,TRUE
MC-MT3-P10,MC,3,XP223-OG,2,A,0,NA,-174,FALSE,TRUE,TRUE
CH-MT3-P46,CH,3,XP223-OG,2,A,1,2025-12-03,-174,FALSE,TRUE,TRUE
CH-MT4-P4,CH,4,XP223-OG,2,A,0,NA,NA,FALSE,FALSE,TRUE
BS-MT1-P24,BS,1,XP223-OG,2,A,1,2025-12-03,-174,FALSE,TRUE,TRUE
BS-MT1-P91,BS,1,XP223-OG,2,A,0,NA,NA,FALSE,FALSE,TRUE
EA-MT1-P68,EA,1,XP223-OG,2,B,0,NA,-280,FALSE,TRUE,TRUE
IS-MT5-P86,IS,5,XP223-OG,2,B,1,2025-12-03,-22,FALSE,TRUE,TRUE
IS-MT5-P78,IS,5,XP223-OG,2,B,0,NA,NA,FALSE,FALSE,TRUE
AE-MT5-P15,AE,5,XP223-OG,2,B,0,NA,NA,FALSE,FALSE,TRUE
DC-MT4-P57,DC,4,XP223-OG,2,B,0,NA,NA,FALSE,FALSE,TRUE
OP-MT7-P11,OP,7,XP223-OG,2,B,1,2025-02-26,-72,FALSE,TRUE,TRUE
CP-MT5-P18,CP,5,XP223-OG,2,B,0,NA,-174,FALSE,TRUE,TRUE
BP-MT1-P73,BP,1,XP223-OG,2,B,0,NA,NA,FALSE,FALSE,TRUE
CH-MT5-P22,CH,5,XP223-OG,2,B,0,NA,-174,FALSE,TRUE,TRUE
PG-MT2-P62,PG,2,XP223-OG,2,B,0,NA,NA,FALSE,FALSE,TRUE
BS-MT7-P57,BS,7,XP223-OG,2,B,0,NA,-280,FALSE,TRUE,TRUE
MC-MT2-P32,MC,2,XP223-OG,2,B,0,NA,-174,FALSE,TRUE,TRUE
BU-MT3-P45,BU,3,XP223-OG,2,B,0,NA,-174,FALSE,TRUE,TRUE
VB-MT2-P48,VB,2,XP223-OG,2,B,0,NA,NA,FALSE,FALSE,TRUE
BG-MT4-P27,BG,4,XP223-OG,2,B,0,NA,-174,FALSE,TRUE,TRUE
OP-MT6-P54,OP,6,XP223-OG,2,C,1,2025-12-03,-72,FALSE,TRUE,TRUE
OP-MT6-P62,OP,6,XP223-OG,2,C,0,NA,NA,FALSE,FALSE,TRUE
IS-MT4-P32,IS,4,XP223-OG,2,C,0,NA,-72,FALSE,TRUE,TRUE
BG-MT4-P36,BG,4,XP223-OG,2,C,1,2025-02-26,-174,FALSE,TRUE,TRUE
BP-MT3-P4,BP,3,XP223-OG,2,C,0,NA,NA,FALSE,FALSE,TRUE
BS-MT6-P58,BS,6,XP223-OG,2,C,0,NA,-280,FALSE,TRUE,TRUE
CP-MT2-P67,CP,2,XP223-OG,2,C,1,2025-02-26,-72,FALSE,TRUE,TRUE
BU-MT1-P53,BU,1,XP223-OG,2,C,0,NA,-72,FALSE,TRUE,TRUE
AE-MT2-P67,AE,2,XP223-OG,2,C,0,NA,NA,FALSE,FALSE,TRUE
EA-MT5-P85,EA,5,XP223-OG,2,C,0,NA,NA,FALSE,FALSE,TRUE
PG-MT3-P45,PG,3,XP223-OG,2,C,0,NA,NA,FALSE,FALSE,TRUE
CH-MT3-P24,CH,3,XP223-OG,2,C,0,NA,-174,FALSE,TRUE,TRUE
MC-MT1-P38,MC,1,XP223-OG,2,C,0,NA,-174,FALSE,TRUE,TRUE
VB-MT3-P73,VB,3,XP223-OG,2,C,0,NA,NA,FALSE,FALSE,TRUE
PA-MT3-P20,PA,3,XP223-OG,2,C,0,NA,-280,FALSE,TRUE,TRUE
AE-MT2-P53,AE,2,XP223-OG,3,A,0,NA,NA,FALSE,FALSE,TRUE
VB-MT3-P2,VB,3,XP223-OG,3,A,0,NA,NA,FALSE,FALSE,TRUE
BG-MT5-P64,BG,5,XP223-OG,3,A,0,NA,-174,FALSE,TRUE,TRUE
CP-MT3-P53,CP,3,XP223-OG,3,A,0,NA,-72,FALSE,TRUE,TRUE
OP-MT2-P61,OP,2,XP223-OG,3,A,1,2025-05-09,-22,FALSE,TRUE,TRUE
OP-MT9-P60,OP,9,XP223-OG,3,A,0,NA,-280,FALSE,TRUE,TRUE
PA-MT3-P55,PA,3,XP223-OG,3,A,0,NA,-22,FALSE,TRUE,TRUE
DC-MT3-P38,DC,3,XP223-OG,3,A,0,NA,-174,FALSE,TRUE,TRUE
BU-MT5-P43,BU,5,XP223-OG,3,A,0,NA,-174,FALSE,TRUE,TRUE
BP-MT4-P4,BP,4,XP223-OG,3,A,0,NA,NA,FALSE,FALSE,TRUE
EA-MT4-P33,EA,4,XP223-OG,3,A,0,NA,NA,FALSE,FALSE,TRUE
BS-MT1-P58,BS,1,XP223-OG,3,A,0,NA,-280,FALSE,TRUE,TRUE
IS-MT2-P26,IS,2,XP223-OG,3,A,0,NA,-280,FALSE,TRUE,TRUE
CH-MT2-P5,CH,2,XP223-OG,3,A,0,NA,-174,FALSE,TRUE,TRUE
PG-MT2-P28,PG,2,XP223-OG,3,A,0,NA,NA,FALSE,FALSE,TRUE
BG-MT3-P10,BG,3,XP223-OG,3,B,1,2025-02-26,-174,FALSE,TRUE,TRUE
PG-MT5-P9,PG,5,XP223-OG,3,B,0,NA,NA,FALSE,FALSE,TRUE
CH-MT3-P77,CH,3,XP223-OG,3,B,1,2025-12-03,-174,FALSE,TRUE,TRUE
CH-MT5-P67,CH,5,XP223-OG,3,B,0,NA,NA,FALSE,FALSE,TRUE
IS-MT1-P10,IS,1,XP223-OG,3,B,0,NA,-72,FALSE,TRUE,TRUE
OP-MT7-P1,OP,7,XP223-OG,3,B,1,2025-02-26,-72,FALSE,TRUE,TRUE
CP-MT3-P50,CP,3,XP223-OG,3,B,0,NA,-72,FALSE,TRUE,TRUE
BP-MT2-P61,BP,2,XP223-OG,3,B,0,NA,NA,FALSE,FALSE,TRUE
AE-MT3-P24,AE,3,XP223-OG,3,B,0,NA,NA,FALSE,FALSE,TRUE
BU-MT3-P72,BU,3,XP223-OG,3,B,0,NA,-174,FALSE,TRUE,TRUE
BS-MT5-P59,BS,5,XP223-OG,3,B,0,NA,-280,FALSE,TRUE,TRUE
DC-MT4-P77,DC,4,XP223-OG,3,B,0,NA,-174,FALSE,TRUE,TRUE
EA-MT5-P5,EA,5,XP223-OG,3,B,0,NA,-280,FALSE,TRUE,TRUE
VB-MT3-P72,VB,3,XP223-OG,3,B,0,NA,NA,FALSE,FALSE,TRUE
PA-MT7-P26,PA,7,XP223-OG,3,B,0,NA,-174,FALSE,TRUE,TRUE
DC-MT1-P2,DC,1,XP223-OG,3,C,0,NA,-174,FALSE,TRUE,TRUE
VB-MT5-P26,VB,5,XP223-OG,3,C,0,NA,NA,FALSE,FALSE,TRUE
MC-MT2-P53,MC,2,XP223-OG,3,C,0,NA,-174,FALSE,TRUE,TRUE
BS-MT5-P11,BS,5,XP223-OG,3,C,0,NA,-174,FALSE,TRUE,TRUE
IS-MT5-P26,IS,5,XP223-OG,3,C,0,NA,-280,FALSE,TRUE,TRUE
AE-MT4-P72,AE,4,XP223-OG,3,C,0,NA,NA,FALSE,FALSE,TRUE
EA-MT3-P9,EA,3,XP223-OG,3,C,0,NA,-72,FALSE,TRUE,TRUE
PG-MT4-P54,PG,4,XP223-OG,3,C,0,NA,NA,FALSE,FALSE,TRUE
BG-MT2-P9,BG,2,XP223-OG,3,C,0,NA,-174,FALSE,TRUE,TRUE
BP-MT4-P14,BP,4,XP223-OG,3,C,0,NA,NA,FALSE,FALSE,TRUE
CH-MT2-P23,CH,2,XP223-OG,3,C,1,2025-02-26,-174,FALSE,TRUE,TRUE
CP-MT5-P66,CP,5,XP223-OG,3,C,0,NA,-174,FALSE,TRUE,TRUE
BU-MT5-P6,BU,5,XP223-OG,3,C,0,NA,-174,FALSE,TRUE,TRUE
PA-MT7-P54,PA,7,XP223-OG,3,C,0,NA,NA,FALSE,FALSE,TRUE
BS-MT7-P2,BS,7,XP223-OG,4,A,0,NA,-174,FALSE,TRUE,TRUE
OP-MT8-P39,OP,8,XP223-OG,4,A,1,2025-08-19,-72,FALSE,TRUE,TRUE
OP-MT9-P59,OP,9,XP223-OG,4,A,1,2025-02-26,-280,FALSE,TRUE,TRUE
IS-MT3-P29,IS,3,XP223-OG,4,A,0,NA,-22,FALSE,TRUE,TRUE
CH-MT4-P91,CH,4,XP223-OG,4,A,1,2025-02-26,-174,FALSE,TRUE,TRUE
CP-MT4-P17,CP,4,XP223-OG,4,A,0,NA,-72,FALSE,TRUE,TRUE
BU-MT4-P74,BU,4,XP223-OG,4,A,0,NA,-174,FALSE,TRUE,TRUE
DC-MT1-P25,DC,1,XP223-OG,4,A,0,NA,-174,FALSE,TRUE,TRUE
PG-MT1-P30,PG,1,XP223-OG,4,A,0,NA,NA,FALSE,FALSE,TRUE
BP-MT4-P70,BP,4,XP223-OG,4,A,0,NA,NA,FALSE,FALSE,TRUE
VB-MT1-P20,VB,1,XP223-OG,4,A,0,NA,-174,FALSE,TRUE,TRUE
BG-MT1-P6,BG,1,XP223-OG,4,A,1,2025-02-26,-174,FALSE,TRUE,TRUE
AE-MT1-P18,AE,1,XP223-OG,4,A,0,NA,NA,FALSE,FALSE,TRUE
EA-MT1-P75,EA,1,XP223-OG,4,A,0,NA,-280,FALSE,TRUE,TRUE
BP-MT5-P41,BP,5,XP223-OG,4,B,0,NA,NA,FALSE,FALSE,TRUE
EA-MT3-P62,EA,3,XP223-OG,4,B,0,NA,NA,FALSE,FALSE,TRUE
CP-MT4-P38,CP,4,XP223-OG,4,B,0,NA,-72,FALSE,TRUE,TRUE
BG-MT3-P89,BG,3,XP223-OG,4,B,1,2025-02-26,-174,FALSE,TRUE,TRUE
CH-MT1-P10,CH,1,XP223-OG,4,B,0,NA,-72,FALSE,TRUE,TRUE
IS-MT2-P85,IS,2,XP223-OG,4,B,0,NA,-22,FALSE,TRUE,TRUE
DC-MT4-P1,DC,4,XP223-OG,4,B,0,NA,-174,FALSE,TRUE,TRUE
PG-MT5-P18,PG,5,XP223-OG,4,B,0,NA,NA,FALSE,FALSE,TRUE
OP-MT8-P36,OP,8,XP223-OG,4,B,1,2025-02-26,-72,FALSE,TRUE,TRUE
VB-MT4-P14,VB,4,XP223-OG,4,B,0,NA,NA,FALSE,FALSE,TRUE
PA-MT6-P22,PA,6,XP223-OG,4,B,0,NA,-72,FALSE,TRUE,TRUE
BS-MT6-P66,BS,6,XP223-OG,4,B,0,NA,-280,FALSE,TRUE,TRUE
BU-MT3-P33,BU,3,XP223-OG,4,B,0,NA,-174,FALSE,TRUE,TRUE
AE-MT4-P22,AE,4,XP223-OG,4,B,0,NA,NA,FALSE,FALSE,TRUE
BS-MT5-P31,BS,5,XP223-OG,4,C,0,NA,-174,FALSE,TRUE,TRUE
BU-MT4-P78,BU,4,XP223-OG,4,C,0,NA,-174,FALSE,TRUE,TRUE
BG-MT1-P68,BG,1,XP223-OG,4,C,1,2025-12-03,-174,FALSE,TRUE,TRUE
BG-MT1-P90,BG,1,XP223-OG,4,C,0,NA,NA,FALSE,FALSE,TRUE
EA-MT1-P53,EA,1,XP223-OG,4,C,0,NA,-280,FALSE,TRUE,TRUE
MC-MT2-P11,MC,2,XP223-OG,4,C,0,NA,-174,FALSE,TRUE,TRUE
AE-MT1-P70,AE,1,XP223-OG,4,C,0,NA,NA,FALSE,FALSE,TRUE
CH-MT4-P88,CH,4,XP223-OG,4,C,0,NA,-174,FALSE,TRUE,TRUE
DC-MT2-P11,DC,2,XP223-OG,4,C,0,NA,-174,FALSE,TRUE,TRUE
PG-MT5-P64,PG,5,XP223-OG,4,C,0,NA,NA,FALSE,FALSE,TRUE
IS-MT1-P63,IS,1,XP223-OG,4,C,0,NA,-72,FALSE,TRUE,TRUE
CP-MT1-P1,CP,1,XP223-OG,4,C,0,NA,-174,FALSE,TRUE,TRUE
BP-MT2-P58,BP,2,XP223-OG,4,C,0,NA,NA,FALSE,FALSE,TRUE
VB-MT3-P12,VB,3,XP223-OG,4,C,0,NA,NA,FALSE,FALSE,TRUE
VB-MT5-P66,VB,5,XP223-OG,5,A,0,NA,NA,FALSE,FALSE,TRUE
BU-MT4-P24,BU,4,XP223-OG,5,A,0,NA,NA,FALSE,FALSE,TRUE
BP-MT3-P11,BP,3,XP223-OG,5,A,0,NA,NA,FALSE,FALSE,TRUE
IS-MT3-P73,IS,3,XP223-OG,5,A,0,NA,-280,FALSE,TRUE,TRUE
PG-MT3-P21,PG,3,XP223-OG,5,A,0,NA,NA,FALSE,FALSE,TRUE
AE-MT5-P3,AE,5,XP223-OG,5,A,0,NA,NA,FALSE,FALSE,TRUE
BG-MT5-P67,BG,5,XP223-OG,5,A,0,NA,-174,FALSE,TRUE,TRUE
DC-MT5-P22,DC,5,XP223-OG,5,A,1,2025-02-26,-174,FALSE,TRUE,TRUE
CH-MT2-P73,CH,2,XP223-OG,5,A,0,NA,-174,FALSE,TRUE,TRUE
BP-MT4-P57,BP,4,XP223-OG,5,B,0,NA,NA,FALSE,FALSE,TRUE
DC-MT1-P37,DC,1,XP223-OG,5,B,0,NA,-174,FALSE,TRUE,TRUE
PG-MT1-P18,PG,1,XP223-OG,5,B,0,NA,NA,FALSE,FALSE,TRUE
BS-MT1-P92,BS,1,XP223-OG,5,B,0,NA,NA,FALSE,FALSE,TRUE
CH-MT4-P75,CH,4,XP223-OG,5,B,0,NA,-174,FALSE,TRUE,TRUE
AE-MT2-P11,AE,2,XP223-OG,5,B,0,NA,NA,FALSE,FALSE,TRUE
VB-MT4-P8,VB,4,XP223-OG,5,B,0,NA,NA,FALSE,FALSE,TRUE
BG-MT2-P51,BG,2,XP223-OG,5,B,0,NA,-174,FALSE,TRUE,TRUE
EA-MT3-P27,EA,3,XP223-OG,5,B,0,NA,NA,FALSE,FALSE,TRUE
IS-MT2-P58,IS,2,XP223-OG,5,B,0,NA,-280,FALSE,TRUE,TRUE
CP-MT5-P10,CP,5,XP223-OG,5,B,0,NA,-174,FALSE,TRUE,TRUE
PG-MT3-P64,PG,3,XP223-OG,5,C,0,NA,NA,FALSE,FALSE,TRUE
DC-MT4-P60,DC,4,XP223-OG,5,C,0,NA,-174,FALSE,TRUE,TRUE
EA-MT4-P41,EA,4,XP223-OG,5,C,0,NA,NA,FALSE,FALSE,TRUE
BG-MT4-P45,BG,4,XP223-OG,5,C,0,NA,-174,FALSE,TRUE,TRUE
BP-MT4-P42,BP,4,XP223-OG,5,C,0,NA,NA,FALSE,FALSE,TRUE
VB-MT3-P1,VB,3,XP223-OG,5,C,0,NA,NA,FALSE,FALSE,TRUE
AE-MT4-P42,AE,4,XP223-OG,5,C,0,NA,NA,FALSE,FALSE,TRUE
IS-MT3-P76,IS,3,XP223-OG,5,C,0,NA,NA,FALSE,FALSE,TRUE
OP-MT9-P3,OP,9,XP224-OG,1,A,1,2026-04-06,362,FALSE,FALSE,FALSE
EA-MT1-P6,EA,1,XP224-OG,1,A,0,NA,126,FALSE,FALSE,FALSE
PA-MT6-P83,PA,6,XP224-OG,1,A,0,NA,320,FALSE,FALSE,FALSE
BP-MT3-P29,BP,3,XP224-OG,1,A,0,NA,6,FALSE,FALSE,FALSE
BS-MT1-P22,BS,1,XP224-OG,1,A,0,NA,216,FALSE,FALSE,FALSE
VB-MT3-P22,VB,3,XP224-OG,1,A,0,NA,6,FALSE,FALSE,FALSE
IS-MT3-P39,IS,3,XP224-OG,1,A,0,NA,362,FALSE,FALSE,FALSE
PG-MT2-P63,PG,2,XP224-OG,1,A,0,NA,6,FALSE,FALSE,FALSE
AE-MT3-P63,AE,3,XP224-OG,1,A,0,NA,6,FALSE,FALSE,FALSE
BU-MT2-P18,BU,2,XP224-OG,1,A,1,2026-04-06,216,FALSE,FALSE,FALSE
CH-MT4-P58,CH,4,XP224-OG,1,A,0,NA,216,FALSE,FALSE,FALSE
CP-MT1-P12,CP,1,XP224-OG,1,A,0,NA,216,FALSE,FALSE,FALSE
MC-MT1-P15,MC,1,XP224-OG,1,A,1,2025-12-01,90,FALSE,FALSE,FALSE
MC-MT1-P3,MC,1,XP224-OG,1,A,0,NA,6,FALSE,FALSE,FALSE
BG-MT1-P48,BG,1,XP224-OG,1,A,1,2026-04-06,216,FALSE,FALSE,FALSE
DC-MT5-P33,DC,5,XP224-OG,1,A,0,NA,216,FALSE,FALSE,FALSE
AE-MT5-P69,AE,5,XP224-OG,1,B,0,NA,6,FALSE,FALSE,FALSE
IS-MT5-P73,IS,5,XP224-OG,1,B,0,NA,362,FALSE,FALSE,FALSE
BP-MT2-P62,BP,2,XP224-OG,1,B,0,NA,6,FALSE,FALSE,FALSE
OP-MT2-P16,OP,2,XP224-OG,1,B,1,2025-12-01,236,FALSE,FALSE,FALSE
OP-MT9-P64,OP,9,XP224-OG,1,B,0,NA,6,FALSE,FALSE,FALSE
BS-MT7-P54,BS,7,XP224-OG,1,B,0,NA,126,FALSE,FALSE,FALSE
PA-MT6-P72,PA,6,XP224-OG,1,B,0,NA,126,FALSE,FALSE,FALSE
EA-MT5-P4,EA,5,XP224-OG,1,B,0,NA,126,FALSE,FALSE,FALSE
MC-MT3-P43,MC,3,XP224-OG,1,B,0,NA,216,FALSE,FALSE,FALSE
CH-MT2-P51,CH,2,XP224-OG,1,B,1,2025-12-01,90,FALSE,FALSE,FALSE
CH-MT4-P18,CH,4,XP224-OG,1,B,0,NA,6,FALSE,FALSE,FALSE
CP-MT4-P12,CP,4,XP224-OG,1,B,0,NA,320,FALSE,FALSE,FALSE
BU-MT1-P19,BU,1,XP224-OG,1,B,0,NA,320,FALSE,FALSE,FALSE
PG-MT1-P50,PG,1,XP224-OG,1,B,0,NA,6,FALSE,FALSE,FALSE
VB-MT1-P39,VB,1,XP224-OG,1,B,0,NA,216,FALSE,FALSE,FALSE
BG-MT2-P32,BG,2,XP224-OG,1,B,1,2026-04-06,216,FALSE,FALSE,FALSE
DC-MT2-P27,DC,2,XP224-OG,1,B,0,NA,216,FALSE,FALSE,FALSE
DC-MT4-P56,DC,4,XP224-OG,1,C,0,NA,216,FALSE,FALSE,FALSE
CP-MT3-P2,CP,3,XP224-OG,1,C,0,NA,320,FALSE,FALSE,FALSE
OP-MT6-P56,OP,6,XP224-OG,1,C,1,2026-04-06,320,FALSE,FALSE,FALSE
BG-MT1-P60,BG,1,XP224-OG,1,C,0,NA,216,FALSE,FALSE,FALSE
CH-MT5-P23,CH,5,XP224-OG,1,C,0,NA,216,FALSE,FALSE,FALSE
MC-MT3-P14,MC,3,XP224-OG,1,C,0,NA,216,FALSE,FALSE,FALSE
EA-MT1-P41,EA,1,XP224-OG,1,C,0,NA,126,FALSE,FALSE,FALSE
IS-MT3-P27,IS,3,XP224-OG,1,C,0,NA,126,FALSE,FALSE,FALSE
BU-MT4-P58,BU,4,XP224-OG,1,C,0,NA,216,FALSE,FALSE,FALSE
VB-MT3-P7,VB,3,XP224-OG,1,C,0,NA,6,FALSE,FALSE,FALSE
AE-MT1-P30,AE,1,XP224-OG,1,C,0,NA,6,FALSE,FALSE,FALSE
BP-MT2-P19,BP,2,XP224-OG,1,C,0,NA,6,FALSE,FALSE,FALSE
PG-MT4-P49,PG,4,XP224-OG,1,C,0,NA,6,FALSE,FALSE,FALSE
BS-MT6-P67,BS,6,XP224-OG,1,C,0,NA,126,FALSE,FALSE,FALSE
BP-MT2-P26,BP,2,XP224-OG,2,A,0,NA,6,FALSE,FALSE,FALSE
IS-MT3-P74,IS,3,XP224-OG,2,A,1,2026-04-06,362,FALSE,FALSE,FALSE
BS-MT5-P64,BS,5,XP224-OG,2,A,0,NA,126,FALSE,FALSE,FALSE
CP-MT2-P10,CP,2,XP224-OG,2,A,0,NA,320,FALSE,FALSE,FALSE
PA-MT3-P23,PA,3,XP224-OG,2,A,0,NA,362,FALSE,FALSE,FALSE
OP-MT9-P22,OP,9,XP224-OG,2,A,1,2025-12-01,236,FALSE,FALSE,FALSE
CH-MT3-P51,CH,3,XP224-OG,2,A,1,2026-04-06,216,FALSE,FALSE,FALSE
EA-MT4-P18,EA,4,XP224-OG,2,A,0,NA,320,FALSE,FALSE,FALSE
BU-MT2-P34,BU,2,XP224-OG,2,A,1,2025-12-01,90,FALSE,FALSE,FALSE
BU-MT2-P59,BU,2,XP224-OG,2,A,0,NA,6,FALSE,FALSE,FALSE
VB-MT4-P58,VB,4,XP224-OG,2,A,0,NA,6,FALSE,FALSE,FALSE
AE-MT1-P39,AE,1,XP224-OG,2,A,0,NA,6,FALSE,FALSE,FALSE
PG-MT1-P3,PG,1,XP224-OG,2,A,0,NA,6,FALSE,FALSE,FALSE
BG-MT3-P18,BG,3,XP224-OG,2,A,0,NA,216,FALSE,FALSE,FALSE
DC-MT1-P77,DC,1,XP224-OG,2,A,0,NA,216,FALSE,FALSE,FALSE
BP-MT4-P35,BP,4,XP224-OG,2,B,0,NA,6,FALSE,FALSE,FALSE
MC-MT1-P75,MC,1,XP224-OG,2,B,1,2026-04-06,216,FALSE,FALSE,FALSE
CH-MT1-P17,CH,1,XP224-OG,2,B,1,2025-09-02,104,FALSE,FALSE,FALSE
CH-MT2-P50,CH,2,XP224-OG,2,B,0,NA,6,FALSE,FALSE,FALSE
VB-MT1-P19,VB,1,XP224-OG,2,B,0,NA,216,FALSE,FALSE,FALSE
BG-MT2-P30,BG,2,XP224-OG,2,B,1,2026-04-06,216,FALSE,FALSE,FALSE
OP-MT6-P53,OP,6,XP224-OG,2,B,1,2025-09-02,104,FALSE,FALSE,FALSE
OP-MT9-P63,OP,9,XP224-OG,2,B,1,2026-04-06,126,FALSE,FALSE,FALSE
BU-MT1-P16,BU,1,XP224-OG,2,B,1,2026-04-06,320,FALSE,FALSE,FALSE
EA-MT3-P4,EA,3,XP224-OG,2,B,0,NA,320,FALSE,FALSE,FALSE
CP-MT1-P47,CP,1,XP224-OG,2,B,1,2026-04-06,216,FALSE,FALSE,FALSE
BS-MT6-P84,BS,6,XP224-OG,2,B,0,NA,126,FALSE,FALSE,FALSE
IS-MT2-P10,IS,2,XP224-OG,2,B,1,2026-04-06,362,FALSE,FALSE,FALSE
AE-MT1-P63,AE,1,XP224-OG,2,B,0,NA,6,FALSE,FALSE,FALSE
PG-MT4-P9,PG,4,XP224-OG,2,B,0,NA,6,FALSE,FALSE,FALSE
DC-MT5-P59,DC,5,XP224-OG,2,B,1,2025-12-01,90,FALSE,FALSE,FALSE
BG-MT1-P21,BG,1,XP224-OG,2,C,1,2026-04-06,216,FALSE,FALSE,FALSE
CP-MT4-P24,CP,4,XP224-OG,2,C,0,NA,320,FALSE,FALSE,FALSE
PA-MT3-P75,PA,3,XP224-OG,2,C,0,NA,6,FALSE,FALSE,FALSE
BU-MT5-P34,BU,5,XP224-OG,2,C,0,NA,216,FALSE,FALSE,FALSE
OP-MT7-P48,OP,7,XP224-OG,2,C,1,2025-12-01,194,FALSE,FALSE,FALSE
OP-MT6-P58,OP,6,XP224-OG,2,C,0,NA,6,FALSE,FALSE,FALSE
BS-MT5-P1,BS,5,XP224-OG,2,C,1,2026-04-06,216,FALSE,FALSE,FALSE
IS-MT2-P27,IS,2,XP224-OG,2,C,0,NA,320,FALSE,FALSE,FALSE
BP-MT1-P30,BP,1,XP224-OG,2,C,0,NA,6,FALSE,FALSE,FALSE
CH-MT4-P82,CH,4,XP224-OG,2,C,0,NA,216,FALSE,FALSE,FALSE
EA-MT1-P9,EA,1,XP224-OG,2,C,0,NA,126,FALSE,FALSE,FALSE
AE-MT2-P16,AE,2,XP224-OG,2,C,0,NA,6,FALSE,FALSE,FALSE
DC-MT5-P82,DC,5,XP224-OG,2,C,0,NA,6,FALSE,FALSE,FALSE
VB-MT5-P46,VB,5,XP224-OG,2,C,0,NA,6,FALSE,FALSE,FALSE
PG-MT5-P60,PG,5,XP224-OG,2,C,0,NA,6,FALSE,FALSE,FALSE
MC-MT3-P23,MC,3,XP224-OG,3,A,0,NA,216,FALSE,FALSE,FALSE
EA-MT5-P9,EA,5,XP224-OG,3,A,0,NA,126,FALSE,FALSE,FALSE
CP-MT5-P64,CP,5,XP224-OG,3,A,0,NA,216,FALSE,FALSE,FALSE
AE-MT5-P45,AE,5,XP224-OG,3,A,0,NA,6,FALSE,FALSE,FALSE
PA-MT6-P63,PA,6,XP224-OG,3,A,0,NA,320,FALSE,FALSE,FALSE
PG-MT3-P8,PG,3,XP224-OG,3,A,0,NA,6,FALSE,FALSE,FALSE
OP-MT2-P54,OP,2,XP224-OG,3,A,0,NA,362,FALSE,FALSE,FALSE
VB-MT2-P5,VB,2,XP224-OG,3,A,1,2026-04-06,6,FALSE,FALSE,FALSE
CH-MT3-P8,CH,3,XP224-OG,3,A,0,NA,216,FALSE,FALSE,FALSE
BG-MT5-P65,BG,5,XP224-OG,3,A,0,NA,216,FALSE,FALSE,FALSE
IS-MT4-P3,IS,4,XP224-OG,3,A,0,NA,320,FALSE,FALSE,FALSE
BS-MT7-P10,BS,7,XP224-OG,3,A,0,NA,216,FALSE,FALSE,FALSE
DC-MT5-P35,DC,5,XP224-OG,3,A,0,NA,6,FALSE,FALSE,FALSE
BU-MT4-P11,BU,4,XP224-OG,3,A,0,NA,216,FALSE,FALSE,FALSE
BP-MT4-P94,BP,4,XP224-OG,3,A,0,NA,6,FALSE,FALSE,FALSE
PA-MT7-P49,PA,7,XP224-OG,3,B,0,NA,216,FALSE,FALSE,FALSE
BG-MT3-P62,BG,3,XP224-OG,3,B,0,NA,216,FALSE,FALSE,FALSE
BS-MT7-P32,BS,7,XP224-OG,3,B,0,NA,126,FALSE,FALSE,FALSE
MC-MT1-P11,MC,1,XP224-OG,3,B,0,NA,216,FALSE,FALSE,FALSE
AE-MT3-P29,AE,3,XP224-OG,3,B,0,NA,6,FALSE,FALSE,FALSE
BU-MT3-P62,BU,3,XP224-OG,3,B,0,NA,216,FALSE,FALSE,FALSE
PG-MT2-P38,PG,2,XP224-OG,3,B,0,NA,6,FALSE,FALSE,FALSE
BP-MT3-P50,BP,3,XP224-OG,3,B,0,NA,6,FALSE,FALSE,FALSE
IS-MT4-P35,IS,4,XP224-OG,3,B,1,2026-04-06,320,FALSE,FALSE,FALSE
DC-MT3-P33,DC,3,XP224-OG,3,B,0,NA,216,FALSE,FALSE,FALSE
EA-MT5-P88,EA,5,XP224-OG,3,B,0,NA,6,FALSE,FALSE,FALSE
CH-MT2-P20,CH,2,XP224-OG,3,B,1,2026-04-06,216,FALSE,FALSE,FALSE
CP-MT5-P11,CP,5,XP224-OG,3,B,0,NA,216,FALSE,FALSE,FALSE
VB-MT5-P60,VB,5,XP224-OG,3,B,0,NA,6,FALSE,FALSE,FALSE
BP-MT5-P26,BP,5,XP224-OG,3,C,0,NA,6,FALSE,FALSE,FALSE
MC-MT2-P68,MC,2,XP224-OG,3,C,0,NA,216,FALSE,FALSE,FALSE
EA-MT2-P65,EA,2,XP224-OG,3,C,0,NA,6,FALSE,FALSE,FALSE
AE-MT5-P23,AE,5,XP224-OG,3,C,0,NA,6,FALSE,FALSE,FALSE
IS-MT2-P5,IS,2,XP224-OG,3,C,0,NA,126,FALSE,FALSE,FALSE
CP-MT2-P59,CP,2,XP224-OG,3,C,1,2025-12-01,194,FALSE,FALSE,FALSE
CP-MT5-P74,CP,5,XP224-OG,3,C,0,NA,6,FALSE,FALSE,FALSE
BU-MT2-P60,BU,2,XP224-OG,3,C,1,2026-04-06,216,FALSE,FALSE,FALSE
CH-MT1-P42,CH,1,XP224-OG,3,C,1,2025-12-01,194,FALSE,FALSE,FALSE
CH-MT3-P50,CH,3,XP224-OG,3,C,0,NA,6,FALSE,FALSE,FALSE
PA-MT7-P16,PA,7,XP224-OG,3,C,0,NA,216,FALSE,FALSE,FALSE
BS-MT5-P50,BS,5,XP224-OG,3,C,0,NA,126,FALSE,FALSE,FALSE
BG-MT3-P9,BG,3,XP224-OG,3,C,1,2026-04-06,216,FALSE,FALSE,FALSE
PG-MT5-P27,PG,5,XP224-OG,3,C,0,NA,6,FALSE,FALSE,FALSE
VB-MT3-P27,VB,3,XP224-OG,3,C,0,NA,6,FALSE,FALSE,FALSE
BS-MT6-P20,BS,6,XP224-OG,4,A,0,NA,216,FALSE,FALSE,FALSE
MC-MT2-P16,MC,2,XP224-OG,4,A,0,NA,216,FALSE,FALSE,FALSE
BU-MT3-P71,BU,3,XP224-OG,4,A,0,NA,216,FALSE,FALSE,FALSE
CP-MT3-P26,CP,3,XP224-OG,4,A,0,NA,320,FALSE,FALSE,FALSE
IS-MT2-P44,IS,2,XP224-OG,4,A,0,NA,362,FALSE,FALSE,FALSE
OP-MT8-P24,OP,8,XP224-OG,4,A,1,2026-04-06,320,FALSE,FALSE,FALSE
PA-MT3-P14,PA,3,XP224-OG,4,A,0,NA,362,FALSE,FALSE,FALSE
EA-MT1-P28,EA,1,XP224-OG,4,A,0,NA,126,FALSE,FALSE,FALSE
BP-MT4-P74,BP,4,XP224-OG,4,A,0,NA,6,FALSE,FALSE,FALSE
CH-MT4-P32,CH,4,XP224-OG,4,A,0,NA,216,FALSE,FALSE,FALSE
DC-MT1-P6,DC,1,XP224-OG,4,A,1,2025-12-01,90,FALSE,FALSE,FALSE
VB-MT4-P51,VB,4,XP224-OG,4,A,0,NA,6,FALSE,FALSE,FALSE
BG-MT4-P17,BG,4,XP224-OG,4,A,0,NA,216,FALSE,FALSE,FALSE
AE-MT5-P55,AE,5,XP224-OG,4,A,0,NA,6,FALSE,FALSE,FALSE
PG-MT5-P53,PG,5,XP224-OG,4,A,0,NA,6,FALSE,FALSE,FALSE
IS-MT5-P8,IS,5,XP224-OG,4,B,0,NA,362,FALSE,FALSE,FALSE
EA-MT2-P21,EA,2,XP224-OG,4,B,0,NA,320,FALSE,FALSE,FALSE
CP-MT5-P40,CP,5,XP224-OG,4,B,0,NA,216,FALSE,FALSE,FALSE
OP-MT7-P37,OP,7,XP224-OG,4,B,1,2025-12-01,194,FALSE,FALSE,FALSE
OP-MT6-P49,OP,6,XP224-OG,4,B,0,NA,6,FALSE,FALSE,FALSE
CH-MT5-P55,CH,5,XP224-OG,4,B,0,NA,216,FALSE,FALSE,FALSE
DC-MT3-P9,DC,3,XP224-OG,4,B,0,NA,216,FALSE,FALSE,FALSE
PG-MT2-P51,PG,2,XP224-OG,4,B,0,NA,6,FALSE,FALSE,FALSE
BG-MT4-P72,BG,4,XP224-OG,4,B,1,2026-04-06,216,FALSE,FALSE,FALSE
BS-MT6-P19,BS,6,XP224-OG,4,B,0,NA,216,FALSE,FALSE,FALSE
BP-MT1-P17,BP,1,XP224-OG,4,B,0,NA,6,FALSE,FALSE,FALSE
AE-MT4-P47,AE,4,XP224-OG,4,B,0,NA,6,FALSE,FALSE,FALSE
VB-MT2-P29,VB,2,XP224-OG,4,B,0,NA,6,FALSE,FALSE,FALSE
BU-MT3-P5,BU,3,XP224-OG,4,B,0,NA,216,FALSE,FALSE,FALSE
AE-MT4-P35,AE,4,XP224-OG,4,C,0,NA,6,FALSE,FALSE,FALSE
CH-MT3-P54,CH,3,XP224-OG,4,C,1,2025-12-01,90,FALSE,FALSE,FALSE
CH-MT4-P59,CH,4,XP224-OG,4,C,0,NA,6,FALSE,FALSE,FALSE
EA-MT4-P68,EA,4,XP224-OG,4,C,0,NA,6,FALSE,FALSE,FALSE
BG-MT5-P44,BG,5,XP224-OG,4,C,0,NA,216,FALSE,FALSE,FALSE
VB-MT3-P9,VB,3,XP224-OG,4,C,0,NA,6,FALSE,FALSE,FALSE
CP-MT5-P30,CP,5,XP224-OG,4,C,1,2025-12-01,90,FALSE,FALSE,FALSE
CP-MT2-P93,CP,2,XP224-OG,4,C,0,NA,6,FALSE,FALSE,FALSE
IS-MT1-P22,IS,1,XP224-OG,4,C,0,NA,320,FALSE,FALSE,FALSE
BU-MT5-P45,BU,5,XP224-OG,4,C,0,NA,216,FALSE,FALSE,FALSE
PG-MT1-P61,PG,1,XP224-OG,4,C,0,NA,6,FALSE,FALSE,FALSE
OP-MT8-P49,OP,8,XP224-OG,4,C,1,2026-04-06,320,FALSE,FALSE,FALSE
BS-MT6-P45,BS,6,XP224-OG,4,C,0,NA,126,FALSE,FALSE,FALSE
DC-MT4-P33,DC,4,XP224-OG,4,C,1,2026-04-06,216,FALSE,FALSE,FALSE
BP-MT1-P46,BP,1,XP224-OG,4,C,0,NA,6,FALSE,FALSE,FALSE
IS-MT4-P9,IS,4,XP224-OG,5,A,0,NA,126,FALSE,FALSE,FALSE
AE-MT3-P47,AE,3,XP224-OG,5,A,0,NA,6,FALSE,FALSE,FALSE
BP-MT3-P52,BP,3,XP224-OG,5,A,0,NA,6,FALSE,FALSE,FALSE
BG-MT5-P22,BG,5,XP224-OG,5,A,1,2026-04-06,216,FALSE,FALSE,FALSE
VB-MT5-P20,VB,5,XP224-OG,5,A,0,NA,6,FALSE,FALSE,FALSE
CH-MT4-P14,CH,4,XP224-OG,5,A,1,2026-04-06,216,FALSE,FALSE,FALSE
PG-MT2-P61,PG,2,XP224-OG,5,A,0,NA,6,FALSE,FALSE,FALSE
DC-MT5-P55,DC,5,XP224-OG,5,A,0,NA,216,FALSE,FALSE,FALSE
CP-MT1-P25,CP,1,XP224-OG,5,B,0,NA,216,FALSE,FALSE,FALSE
PG-MT4-P39,PG,4,XP224-OG,5,B,0,NA,6,FALSE,FALSE,FALSE
BS-MT1-P95,BS,1,XP224-OG,5,B,0,NA,6,FALSE,FALSE,FALSE
VB-MT2-P52,VB,2,XP224-OG,5,B,0,NA,6,FALSE,FALSE,FALSE
BU-MT4-P63,BU,4,XP224-OG,5,B,0,NA,216,FALSE,FALSE,FALSE
BG-MT2-P70,BG,2,XP224-OG,5,B,0,NA,216,FALSE,FALSE,FALSE
IS-MT3-P80,IS,3,XP224-OG,5,B,0,NA,6,FALSE,FALSE,FALSE
AE-MT2-P50,AE,2,XP224-OG,5,B,0,NA,6,FALSE,FALSE,FALSE
DC-MT1-P60,DC,1,XP224-OG,5,B,1,2026-04-06,216,FALSE,FALSE,FALSE
EA-MT3-P61,EA,3,XP224-OG,5,B,1,2026-04-06,6,FALSE,FALSE,FALSE
BP-MT5-P15,BP,5,XP224-OG,5,B,0,NA,6,FALSE,FALSE,FALSE
VB-MT2-P12,VB,2,XP224-OG,5,C,0,NA,6,FALSE,FALSE,FALSE
BG-MT4-P35,BG,4,XP224-OG,5,C,1,2026-04-06,216,FALSE,FALSE,FALSE
AE-MT1-P42,AE,1,XP224-OG,5,C,0,NA,6,FALSE,FALSE,FALSE
EA-MT2-P27,EA,2,XP224-OG,5,C,0,NA,6,FALSE,FALSE,FALSE
IS-MT2-P41,IS,2,XP224-OG,5,C,0,NA,126,FALSE,FALSE,FALSE
BP-MT4-P6,BP,4,XP224-OG,5,C,1,2026-04-06,6,FALSE,FALSE,FALSE
DC-MT2-P19,DC,2,XP224-OG,5,C,0,NA,216,FALSE,FALSE,FALSE
PG-MT3-P40,PG,3,XP224-OG,5,C,0,NA,6,FALSE,FALSE,FALSE
CH-MT2-P46,CH,2,XP224-OG,5,C,0,NA,216,FALSE,FALSE,FALSE
BU-MT1-P3,BU,1,XP225-OG,1,A,0,NA,321,FALSE,FALSE,FALSE
CP-MT3-P77,CP,3,XP225-OG,1,A,1,2026-04-07,321,FALSE,FALSE,FALSE
MC-MT1-P54,MC,1,XP225-OG,1,A,0,NA,216,FALSE,FALSE,FALSE
PG-MT3-P67,PG,3,XP225-OG,1,A,0,NA,6,FALSE,FALSE,FALSE
CH-MT4-P11,CH,4,XP225-OG,1,A,1,2026-04-07,216,FALSE,FALSE,FALSE
VB-MT2-P40,VB,2,XP225-OG,1,A,0,NA,6,FALSE,FALSE,FALSE
IS-MT2-P6,IS,2,XP225-OG,1,A,0,NA,127,FALSE,FALSE,FALSE
DC-MT3-P64,DC,3,XP225-OG,1,A,0,NA,6,FALSE,FALSE,FALSE
BG-MT5-P55,BG,5,XP225-OG,1,A,1,2026-04-07,216,FALSE,FALSE,FALSE
OP-MT9-P2,OP,9,XP225-OG,1,A,1,2026-04-07,363,FALSE,FALSE,FALSE
BS-MT1-P9,BS,1,XP225-OG,1,A,0,NA,216,FALSE,FALSE,FALSE
AE-MT3-P51,AE,3,XP225-OG,1,A,0,NA,6,FALSE,FALSE,FALSE
BP-MT1-P28,BP,1,XP225-OG,1,A,0,NA,6,FALSE,FALSE,FALSE
EA-MT5-P97,EA,5,XP225-OG,1,A,0,NA,6,FALSE,FALSE,FALSE
OP-MT2-P39,OP,2,XP225-OG,1,B,1,2025-09-03,147,FALSE,FALSE,FALSE
OP-MT9-P61,OP,9,XP225-OG,1,B,1,2026-04-07,127,FALSE,FALSE,FALSE
DC-MT3-P49,DC,3,XP225-OG,1,B,0,NA,216,FALSE,FALSE,FALSE
AE-MT2-P59,AE,2,XP225-OG,1,B,0,NA,6,FALSE,FALSE,FALSE
IS-MT1-P2,IS,1,XP225-OG,1,B,0,NA,321,FALSE,FALSE,FALSE
CH-MT2-P52,CH,2,XP225-OG,1,B,1,2026-04-07,216,FALSE,FALSE,FALSE
CP-MT1-P22,CP,1,XP225-OG,1,B,0,NA,216,FALSE,FALSE,FALSE
BG-MT1-P32,BG,1,XP225-OG,1,B,1,2026-04-07,216,FALSE,FALSE,FALSE
EA-MT1-P76,EA,1,XP225-OG,1,B,0,NA,127,FALSE,FALSE,FALSE
VB-MT3-P64,VB,3,XP225-OG,1,B,0,NA,6,FALSE,FALSE,FALSE
BP-MT1-P48,BP,1,XP225-OG,1,B,0,NA,6,FALSE,FALSE,FALSE
PG-MT4-P36,PG,4,XP225-OG,1,B,0,NA,6,FALSE,FALSE,FALSE
BS-MT5-P4,BS,5,XP225-OG,1,B,0,NA,216,FALSE,FALSE,FALSE
BU-MT2-P21,BU,2,XP225-OG,1,B,0,NA,216,FALSE,FALSE,FALSE
PA-MT7-P19,PA,7,XP225-OG,1,B,0,NA,216,FALSE,FALSE,FALSE
DC-MT5-P74,DC,5,XP225-OG,1,C,1,2026-04-07,216,FALSE,FALSE,FALSE
CP-MT2-P74,CP,2,XP225-OG,1,C,0,NA,321,FALSE,FALSE,FALSE
PG-MT1-P45,PG,1,XP225-OG,1,C,0,NA,6,FALSE,FALSE,FALSE
AE-MT4-P44,AE,4,XP225-OG,1,C,0,NA,6,FALSE,FALSE,FALSE
BG-MT2-P64,BG,2,XP225-OG,1,C,1,2026-04-07,216,FALSE,FALSE,FALSE
EA-MT4-P47,EA,4,XP225-OG,1,C,1,2026-04-07,6,FALSE,FALSE,FALSE
IS-MT2-P55,IS,2,XP225-OG,1,C,1,2026-04-07,321,FALSE,FALSE,FALSE
OP-MT8-P48,OP,8,XP225-OG,1,C,1,2026-04-07,321,FALSE,FALSE,FALSE
PA-MT6-P74,PA,6,XP225-OG,1,C,0,NA,6,FALSE,FALSE,FALSE
BU-MT4-P60,BU,4,XP225-OG,1,C,0,NA,216,FALSE,FALSE,FALSE
VB-MT4-P13,VB,4,XP225-OG,1,C,0,NA,6,FALSE,FALSE,FALSE
BS-MT1-P84,BS,1,XP225-OG,1,C,0,NA,127,FALSE,FALSE,FALSE
BP-MT3-P39,BP,3,XP225-OG,1,C,0,NA,6,FALSE,FALSE,FALSE
CH-MT3-P52,CH,3,XP225-OG,1,C,1,2026-04-07,216,FALSE,FALSE,FALSE
IS-MT5-P25,IS,5,XP225-OG,2,A,0,NA,363,FALSE,FALSE,FALSE
PG-MT5-P8,PG,5,XP225-OG,2,A,0,NA,6,FALSE,FALSE,FALSE
DC-MT2-P1,DC,2,XP225-OG,2,A,0,NA,216,FALSE,FALSE,FALSE
CP-MT4-P79,CP,4,XP225-OG,2,A,0,NA,321,FALSE,FALSE,FALSE
OP-MT9-P20,OP,9,XP225-OG,2,A,1,2026-04-07,363,FALSE,FALSE,FALSE
CH-MT5-P52,CH,5,XP225-OG,2,A,0,NA,216,FALSE,FALSE,FALSE
BU-MT5-P4,BU,5,XP225-OG,2,A,1,2026-04-07,216,FALSE,FALSE,FALSE
VB-MT4-P32,VB,4,XP225-OG,2,A,0,NA,6,FALSE,FALSE,FALSE
PA-MT3-P31,PA,3,XP225-OG,2,A,0,NA,363,FALSE,FALSE,FALSE
EA-MT5-P60,EA,5,XP225-OG,2,A,0,NA,127,FALSE,FALSE,FALSE
BS-MT6-P29,BS,6,XP225-OG,2,A,0,NA,216,FALSE,FALSE,FALSE
BP-MT2-P64,BP,2,XP225-OG,2,A,0,NA,6,FALSE,FALSE,FALSE
BG-MT2-P16,BG,2,XP225-OG,2,A,0,NA,216,FALSE,FALSE,FALSE
AE-MT2-P23,AE,2,XP225-OG,2,A,0,NA,6,FALSE,FALSE,FALSE
OP-MT7-P44,OP,7,XP225-OG,2,B,1,2026-04-07,321,FALSE,FALSE,FALSE
BS-MT5-P72,BS,5,XP225-OG,2,B,0,NA,127,FALSE,FALSE,FALSE
BG-MT4-P74,BG,4,XP225-OG,2,B,0,NA,216,FALSE,FALSE,FALSE
PG-MT2-P43,PG,2,XP225-OG,2,B,0,NA,6,FALSE,FALSE,FALSE
AE-MT4-P58,AE,4,XP225-OG,2,B,0,NA,6,FALSE,FALSE,FALSE
DC-MT1-P39,DC,1,XP225-OG,2,B,0,NA,216,FALSE,FALSE,FALSE
CP-MT5-P70,CP,5,XP225-OG,2,B,0,NA,216,FALSE,FALSE,FALSE
MC-MT1-P56,MC,1,XP225-OG,2,B,0,NA,216,FALSE,FALSE,FALSE
VB-MT2-P2,VB,2,XP225-OG,2,B,0,NA,6,FALSE,FALSE,FALSE
IS-MT4-P52,IS,4,XP225-OG,2,B,0,NA,321,FALSE,FALSE,FALSE
BU-MT5-P26,BU,5,XP225-OG,2,B,0,NA,216,FALSE,FALSE,FALSE
BP-MT5-P48,BP,5,XP225-OG,2,B,0,NA,6,FALSE,FALSE,FALSE
CH-MT2-P44,CH,2,XP225-OG,2,B,1,2026-04-07,216,FALSE,FALSE,FALSE
EA-MT5-P38,EA,5,XP225-OG,2,B,0,NA,127,FALSE,FALSE,FALSE
IS-MT4-P57,IS,4,XP225-OG,2,C,1,2026-04-07,321,FALSE,FALSE,FALSE
PA-MT6-P51,PA,6,XP225-OG,2,C,1,2026-04-07,321,FALSE,FALSE,FALSE
PG-MT3-P22,PG,3,XP225-OG,2,C,0,NA,6,FALSE,FALSE,FALSE
VB-MT5-P33,VB,5,XP225-OG,2,C,0,NA,6,FALSE,FALSE,FALSE
OP-MT6-P14,OP,6,XP225-OG,2,C,1,2025-09-03,105,FALSE,FALSE,FALSE
OP-MT9-P12,OP,9,XP225-OG,2,C,1,2026-04-07,127,FALSE,FALSE,FALSE
AE-MT4-P53,AE,4,XP225-OG,2,C,0,NA,6,FALSE,FALSE,FALSE
CP-MT3-P32,CP,3,XP225-OG,2,C,1,2026-04-07,321,FALSE,FALSE,FALSE
BU-MT3-P53,BU,3,XP225-OG,2,C,0,NA,216,FALSE,FALSE,FALSE
MC-MT3-P17,MC,3,XP225-OG,2,C,0,NA,216,FALSE,FALSE,FALSE
BS-MT5-P16,BS,5,XP225-OG,2,C,0,NA,216,FALSE,FALSE,FALSE
EA-MT1-P17,EA,1,XP225-OG,2,C,0,NA,127,FALSE,FALSE,FALSE
BG-MT4-P14,BG,4,XP225-OG,2,C,1,2026-04-07,216,FALSE,FALSE,FALSE
BP-MT3-P30,BP,3,XP225-OG,2,C,0,NA,6,FALSE,FALSE,FALSE
CH-MT4-P36,CH,4,XP225-OG,2,C,0,NA,216,FALSE,FALSE,FALSE
DC-MT3-P15,DC,3,XP225-OG,2,C,0,NA,216,FALSE,FALSE,FALSE
CH-MT1-P13,CH,1,XP225-OG,3,A,1,2026-04-07,321,FALSE,FALSE,FALSE
EA-MT2-P28,EA,2,XP225-OG,3,A,0,NA,6,FALSE,FALSE,FALSE
PA-MT3-P4,PA,3,XP225-OG,3,A,0,NA,363,FALSE,FALSE,FALSE
OP-MT2-P33,OP,2,XP225-OG,3,A,1,2025-05-21,42,FALSE,FALSE,FALSE
OP-MT6-P57,OP,6,XP225-OG,3,A,0,NA,6,FALSE,FALSE,FALSE
CP-MT1-P58,CP,1,XP225-OG,3,A,0,NA,216,FALSE,FALSE,FALSE
PG-MT1-P12,PG,1,XP225-OG,3,A,0,NA,6,FALSE,FALSE,FALSE
AE-MT1-P25,AE,1,XP225-OG,3,A,0,NA,6,FALSE,FALSE,FALSE
MC-MT2-P19,MC,2,XP225-OG,3,A,0,NA,216,FALSE,FALSE,FALSE
IS-MT3-P12,IS,3,XP225-OG,3,A,0,NA,363,FALSE,FALSE,FALSE
BP-MT1-P74,BP,1,XP225-OG,3,A,0,NA,6,FALSE,FALSE,FALSE
DC-MT4-P7,DC,4,XP225-OG,3,A,1,2025-12-01,89,FALSE,FALSE,FALSE
BU-MT4-P7,BU,4,XP225-OG,3,A,0,NA,216,FALSE,FALSE,FALSE
VB-MT5-P64,VB,5,XP225-OG,3,A,0,NA,6,FALSE,FALSE,FALSE
BG-MT3-P20,BG,3,XP225-OG,3,A,0,NA,216,FALSE,FALSE,FALSE
BS-MT6-P70,BS,6,XP225-OG,3,A,0,NA,127,FALSE,FALSE,FALSE
PA-MT3-P47,PA,3,XP225-OG,3,B,0,NA,127,FALSE,FALSE,FALSE
BU-MT3-P22,BU,3,XP225-OG,3,B,0,NA,216,FALSE,FALSE,FALSE
AE-MT5-P30,AE,5,XP225-OG,3,B,0,NA,6,FALSE,FALSE,FALSE
BG-MT1-P70,BG,1,XP225-OG,3,B,0,NA,216,FALSE,FALSE,FALSE
VB-MT1-P34,VB,1,XP225-OG,3,B,0,NA,216,FALSE,FALSE,FALSE
CH-MT4-P89,CH,4,XP225-OG,3,B,1,2026-04-07,216,FALSE,FALSE,FALSE
PG-MT4-P28,PG,4,XP225-OG,3,B,0,NA,6,FALSE,FALSE,FALSE
OP-MT7-P50,OP,7,XP225-OG,3,B,1,2025-09-03,105,FALSE,FALSE,FALSE
OP-MT6-P64,OP,6,XP225-OG,3,B,0,NA,6,FALSE,FALSE,FALSE
IS-MT2-P48,IS,2,XP225-OG,3,B,0,NA,363,FALSE,FALSE,FALSE
EA-MT4-P13,EA,4,XP225-OG,3,B,0,NA,321,FALSE,FALSE,FALSE
MC-MT3-P48,MC,3,XP225-OG,3,B,0,NA,216,FALSE,FALSE,FALSE
DC-MT5-P5,DC,5,XP225-OG,3,B,0,NA,216,FALSE,FALSE,FALSE
CP-MT1-P39,CP,1,XP225-OG,3,B,0,NA,216,FALSE,FALSE,FALSE
BP-MT3-P28,BP,3,XP225-OG,3,B,0,NA,6,FALSE,FALSE,FALSE
BS-MT1-P61,BS,1,XP225-OG,3,B,0,NA,127,FALSE,FALSE,FALSE
AE-MT2-P63,AE,2,XP225-OG,3,C,0,NA,6,FALSE,FALSE,FALSE
BU-MT2-P2,BU,2,XP225-OG,3,C,1,2025-12-01,89,FALSE,FALSE,FALSE
BU-MT2-P15,BU,2,XP225-OG,3,C,0,NA,6,FALSE,FALSE,FALSE
CP-MT5-P69,CP,5,XP225-OG,3,C,0,NA,216,FALSE,FALSE,FALSE
IS-MT3-P50,IS,3,XP225-OG,3,C,0,NA,127,FALSE,FALSE,FALSE
MC-MT3-P25,MC,3,XP225-OG,3,C,0,NA,216,FALSE,FALSE,FALSE
VB-MT4-P66,VB,4,XP225-OG,3,C,0,NA,6,FALSE,FALSE,FALSE
CH-MT1-P37,CH,1,XP225-OG,3,C,1,2026-04-07,321,FALSE,FALSE,FALSE
EA-MT1-P44,EA,1,XP225-OG,3,C,0,NA,127,FALSE,FALSE,FALSE
PG-MT5-P66,PG,5,XP225-OG,3,C,0,NA,6,FALSE,FALSE,FALSE
BS-MT1-P85,BS,1,XP225-OG,3,C,0,NA,127,FALSE,FALSE,FALSE
BG-MT5-P35,BG,5,XP225-OG,3,C,0,NA,216,FALSE,FALSE,FALSE
BP-MT4-P60,BP,4,XP225-OG,3,C,0,NA,6,FALSE,FALSE,FALSE
DC-MT4-P30,DC,4,XP225-OG,4,A,0,NA,216,FALSE,FALSE,FALSE
CH-MT3-P18,CH,3,XP225-OG,4,A,1,2026-04-07,216,FALSE,FALSE,FALSE
IS-MT3-P1,IS,3,XP225-OG,4,A,0,NA,363,FALSE,FALSE,FALSE
VB-MT4-P3,VB,4,XP225-OG,4,A,0,NA,6,FALSE,FALSE,FALSE
BS-MT7-P22,BS,7,XP225-OG,4,A,0,NA,216,FALSE,FALSE,FALSE
CP-MT4-P41,CP,4,XP225-OG,4,A,0,NA,321,FALSE,FALSE,FALSE
BP-MT2-P52,BP,2,XP225-OG,4,A,0,NA,6,FALSE,FALSE,FALSE
OP-MT6-P61,OP,6,XP225-OG,4,A,1,2026-04-07,6,FALSE,FALSE,FALSE
BU-MT1-P2,BU,1,XP225-OG,4,A,1,2026-04-07,321,FALSE,FALSE,FALSE
AE-MT3-P39,AE,3,XP225-OG,4,A,0,NA,6,FALSE,FALSE,FALSE
EA-MT1-P35,EA,1,XP225-OG,4,A,0,NA,127,FALSE,FALSE,FALSE
PG-MT2-P18,PG,2,XP225-OG,4,A,0,NA,6,FALSE,FALSE,FALSE
BG-MT1-P53,BG,1,XP225-OG,4,A,0,NA,216,FALSE,FALSE,FALSE
MC-MT1-P59,MC,1,XP225-OG,4,B,0,NA,216,FALSE,FALSE,FALSE
BP-MT4-P86,BP,4,XP225-OG,4,B,0,NA,6,FALSE,FALSE,FALSE
BS-MT7-P33,BS,7,XP225-OG,4,B,0,NA,127,FALSE,FALSE,FALSE
AE-MT1-P35,AE,1,XP225-OG,4,B,0,NA,6,FALSE,FALSE,FALSE
PA-MT6-P79,PA,6,XP225-OG,4,B,0,NA,321,FALSE,FALSE,FALSE
PG-MT3-P69,PG,3,XP225-OG,4,B,0,NA,6,FALSE,FALSE,FALSE
IS-MT2-P2,IS,2,XP225-OG,4,B,0,NA,363,FALSE,FALSE,FALSE
EA-MT3-P58,EA,3,XP225-OG,4,B,0,NA,321,FALSE,FALSE,FALSE
OP-MT8-P46,OP,8,XP225-OG,4,B,1,2026-04-07,321,FALSE,FALSE,FALSE
CH-MT5-P12,CH,5,XP225-OG,4,B,1,2026-04-07,216,FALSE,FALSE,FALSE
BG-MT3-P73,BG,3,XP225-OG,4,B,0,NA,216,FALSE,FALSE,FALSE
CP-MT2-P27,CP,2,XP225-OG,4,B,0,NA,321,FALSE,FALSE,FALSE
DC-MT1-P81,DC,1,XP225-OG,4,B,1,2026-04-07,216,FALSE,FALSE,FALSE
VB-MT2-P16,VB,2,XP225-OG,4,B,0,NA,6,FALSE,FALSE,FALSE
BU-MT4-P6,BU,4,XP225-OG,4,B,0,NA,216,FALSE,FALSE,FALSE
BU-MT3-P15,BU,3,XP225-OG,4,C,0,NA,216,FALSE,FALSE,FALSE
EA-MT2-P22,EA,2,XP225-OG,4,C,0,NA,321,FALSE,FALSE,FALSE
CP-MT5-P53,CP,5,XP225-OG,4,C,0,NA,216,FALSE,FALSE,FALSE
BP-MT2-P43,BP,2,XP225-OG,4,C,0,NA,6,FALSE,FALSE,FALSE
IS-MT5-P21,IS,5,XP225-OG,4,C,0,NA,363,FALSE,FALSE,FALSE
BG-MT3-P41,BG,3,XP225-OG,4,C,1,2026-04-07,216,FALSE,FALSE,FALSE
VB-MT1-P30,VB,1,XP225-OG,4,C,0,NA,216,FALSE,FALSE,FALSE
BS-MT1-P29,BS,1,XP225-OG,4,C,0,NA,127,FALSE,FALSE,FALSE
MC-MT2-P70,MC,2,XP225-OG,4,C,0,NA,216,FALSE,FALSE,FALSE
PA-MT7-P3,PA,7,XP225-OG,4,C,0,NA,216,FALSE,FALSE,FALSE
DC-MT3-P75,DC,3,XP225-OG,4,C,0,NA,6,FALSE,FALSE,FALSE
AE-MT4-P37,AE,4,XP225-OG,4,C,0,NA,6,FALSE,FALSE,FALSE
CH-MT4-P31,CH,4,XP225-OG,4,C,0,NA,216,FALSE,FALSE,FALSE
PG-MT2-P50,PG,2,XP225-OG,4,C,0,NA,6,FALSE,FALSE,FALSE
IS-MT3-P92,IS,3,XP225-OG,5,A,0,NA,6,FALSE,FALSE,FALSE
AE-MT2-P40,AE,2,XP225-OG,5,A,0,NA,6,FALSE,FALSE,FALSE
BG-MT4-P23,BG,4,XP225-OG,5,A,0,NA,216,FALSE,FALSE,FALSE
PG-MT5-P2,PG,5,XP225-OG,5,A,0,NA,6,FALSE,FALSE,FALSE
BP-MT4-P61,BP,4,XP225-OG,5,A,0,NA,6,FALSE,FALSE,FALSE
DC-MT5-P52,DC,5,XP225-OG,5,A,0,NA,216,FALSE,FALSE,FALSE
EA-MT3-P38,EA,3,XP225-OG,5,A,1,2026-04-07,6,FALSE,FALSE,FALSE
BU-MT5-P41,BU,5,XP225-OG,5,A,0,NA,216,FALSE,FALSE,FALSE
VB-MT2-P50,VB,2,XP225-OG,5,A,0,NA,6,FALSE,FALSE,FALSE
IS-MT1-P41,IS,1,XP225-OG,5,B,0,NA,127,FALSE,FALSE,FALSE
BS-MT6-P88,BS,6,XP225-OG,5,B,0,NA,6,FALSE,FALSE,FALSE
AE-MT3-P68,AE,3,XP225-OG,5,B,0,NA,6,FALSE,FALSE,FALSE
BG-MT5-P30,BG,5,XP225-OG,5,B,0,NA,216,FALSE,FALSE,FALSE
BP-MT4-P39,BP,4,XP225-OG,5,B,0,NA,6,FALSE,FALSE,FALSE
CP-MT5-P35,CP,5,XP225-OG,5,B,0,NA,216,FALSE,FALSE,FALSE
DC-MT1-P57,DC,1,XP225-OG,5,B,0,NA,216,FALSE,FALSE,FALSE
DC-MT4-P24,DC,4,XP225-OG,5,B,0,NA,NA,FALSE,FALSE,FALSE
VB-MT3-P66,VB,3,XP225-OG,5,B,0,NA,6,FALSE,FALSE,FALSE
CH-MT3-P22,CH,3,XP225-OG,5,B,0,NA,216,FALSE,FALSE,FALSE
PG-MT1-P56,PG,1,XP225-OG,5,B,0,NA,6,FALSE,FALSE,FALSE
BG-MT2-P13,BG,2,XP225-OG,5,C,0,NA,216,FALSE,FALSE,FALSE
EA-MT4-P72,EA,4,XP225-OG,5,C,0,NA,6,FALSE,FALSE,FALSE
VB-MT2-P34,VB,2,XP225-OG,5,C,0,NA,6,FALSE,FALSE,FALSE
DC-MT4-P24,DC,4,XP225-OG,5,C,1,2026-04-07,216,FALSE,FALSE,FALSE
BP-MT4-P78,BP,4,XP225-OG,5,C,0,NA,6,FALSE,FALSE,FALSE
CH-MT5-P38,CH,5,XP225-OG,5,C,0,NA,216,FALSE,FALSE,FALSE
AE-MT5-P11,AE,5,XP225-OG,5,C,0,NA,6,FALSE,FALSE,FALSE
PG-MT4-P90,PG,4,XP225-OG,5,C,0,NA,6,FALSE,FALSE,FALSE
IS-MT2-P59,IS,2,XP225-OG,5,C,0,NA,127,FALSE,FALSE,FALSE
PA-MT7-P2,PA,7,XP222-OG,2,C,0,NA,NA,FALSE,FALSE,FALSE
MC-MT1-P48,MC,1,XP222-OG,2,C,0,NA,NA,FALSE,FALSE,FALSE
PA-MT3-P29,PA,3,XP222-OG,1,A,0,NA,NA,FALSE,FALSE,FALSE
IS-MT3-P6,IS,3,XP222-OG,1,A,0,NA,NA,FALSE,FALSE,FALSE
IS-MT5-P84,IS,5,XP222-OG,1,B,0,NA,NA,FALSE,FALSE,FALSE
VB-MT1-P18,VB,1,XP222-OG,1,C,0,NA,NA,FALSE,FALSE,FALSE
OP-MT7-P18,OP,7,XP222-OG,1,C,1,2026-03-23,NA,FALSE,FALSE,FALSE
EA-MT4-P9,EA,4,XP222-OG,1,C,0,NA,NA,FALSE,FALSE,FALSE
PA-MT6-P21,PA,6,XP222-OG,1,C,0,NA,NA,FALSE,FALSE,FALSE
MC-MT1-P24,MC,1,XP222-OG,1,C,0,NA,NA,FALSE,FALSE,FALSE
IS-MT2-P88,IS,2,XP222-OG,3,B,0,NA,NA,FALSE,FALSE,FALSE
IS-MT3-P69,IS,3,XP222-OG,3,A,0,NA,NA,FALSE,FALSE,FALSE
OP-MT9-P46,OP,9,XP222-OG,3,A,1,2026-03-23,NA,FALSE,FALSE,FALSE
PA-MT7-P41,PA,7,XP222-OG,3,A,0,NA,NA,FALSE,FALSE,FALSE
MC-MT2-P75,MC,2,XP222-OG,3,B,0,NA,NA,FALSE,FALSE,FALSE
PA-MT6-P15,PA,6,XP222-OG,3,B,1,2026-03-23,NA,FALSE,FALSE,FALSE
MC-MT2-P73,MC,2,XP222-OG,3,C,0,NA,NA,FALSE,FALSE,FALSE
IS-MT4-P59,IS,4,XP222-OG,3,C,0,NA,NA,FALSE,FALSE,FALSE
PA-MT3-P16,PA,3,XP222-OG,4,A,0,NA,NA,FALSE,FALSE,FALSE
IS-MT2-P83,IS,2,XP222-OG,4,A,0,NA,NA,FALSE,FALSE,FALSE
MC-MT3-P66,MC,3,XP222-OG,4,A,0,NA,NA,FALSE,FALSE,FALSE
MC-MT2-P62,MC,2,XP222-OG,4,B,0,NA,NA,FALSE,FALSE,FALSE
OP-MT8-P32,OP,8,XP222-OG,4,B,0,NA,NA,FALSE,FALSE,FALSE
IS-MT5-P37,IS,5,XP222-OG,4,B,0,NA,NA,FALSE,FALSE,FALSE
IS-MT1-P15,IS,1,XP222-OG,4,C,0,NA,NA,FALSE,FALSE,FALSE
