unique_code,species_raw,Date_treelet_planted,plot_id,block,subblock,Location,Tube,n_leaves,n_leaves_damaged,#Leaves with epiphylls,%Herbivory L1,%Herbivory L2,%Herbivory L3,%Herbivory L4,%Herbivory L5,%Herbivory L6,%Herbivory L7,%Herbivory L8,%Herbivory L9,%Herbivory L10,total_damage,species_acronym,mother_tree,leaf_count_flag
CH-MT4-P29,Cecropia hispidissima,August 08 2025,XP201-PR,1,A,1,A1,6,5,0,1,1,1,0.5,0.5,NA,NA,NA,NA,NA,0.5,CH,4,FALSE
PA-MT3-P12,Piper aduncum,March 18 2025,XP201-PR,1,A,2,A2,102,65,0,2.5,0.5,0.5,5,1,1,10,5,20,5,1,PA,3,FALSE
OP-MT9-P38,Ochroma pyramidale,March 18 2025,XP201-PR,1,A,3,A3,22,16,9,0.5,0.5,0.5,1,0.5,0.5,0.5,0.5,0.5,0.5,0.5,OP,9,FALSE
BG-MT5-P4,Bauhinia pichinchensis,January 21 2026,XP201-PR,1,A,4,A4,3,2,0,15,5,NA,NA,NA,NA,NA,NA,NA,NA,10,BG,5,FALSE
EA-MT5-P33,Ecuadendron acosta-solisianum,November 13 2025,XP201-PR,1,A,5,A5,22,8,8,2.5,1,2.5,0.5,0.5,0.5,1,0.5,NA,NA,0.5,EA,5,FALSE
IS-MT2-P61,Inga silanchensis,March 18 2025,XP201-PR,1,A,7,A7,11,11,4,12.5,12.5,5,5,15,2.5,15,5,1,10,15,IS,2,FALSE
AE-MT4-P24,Annona edulis,January 21 2026,XP201-PR,1,A,10,A10,6,4,0,1,5,7.5,0.5,NA,NA,NA,NA,NA,NA,2.5,AE,4,FALSE
BS-MT5-P38,Bactris setulosa,November 13 2025,XP201-PR,1,A,11,A11,4,3,3,1,1,50,NA,NA,NA,NA,NA,NA,NA,12.5,BS,5,FALSE
BU-MT1-P7,Brosimum utile,May 07 2025,XP201-PR,1,A,12,A12,11,3,9,0.5,1,1,NA,NA,NA,NA,NA,NA,NA,0.5,BU,1,FALSE
VB-MT4-P16,Vismia baccifera,January 21 2026,XP201-PR,1,A,13,A13,14,3,2,0.5,0.5,0.5,NA,NA,NA,NA,NA,NA,NA,0.5,VB,4,FALSE
BG-MT1-P12,Banara guianensis,August 08 2025,XP201-PR,1,A,15,A15,NA,NA,NA,NA,NA,NA,NA,NA,NA,NA,NA,NA,NA,NA,BG,1,FALSE
PG-MT5-P41,Pouruma guianensis,January 21 2026,XP201-PR,1,A,16,A16,6,3,0,1,2.5,0.5,NA,NA,NA,NA,NA,NA,NA,0.5,PG,5,FALSE
CP-MT3-P3,Carapa guianensis,May 07 2025,XP201-PR,1,B,1,B1,6,6,4,2.5,0.5,5,0.5,1,0.5,NA,NA,NA,NA,1,CP,3,FALSE
PA-MT6-P102,Piper aduncum,January 21 2026,XP201-PR,1,B,2,B2,8,6,0,2.5,2.5,1,20,0.5,0.5,NA,NA,NA,NA,5,PA,6,FALSE
IS-MT5-P2,Inga silanchensis,March 18 2025,XP201-PR,1,B,3,B3,8,7,5,2.5,10,1,0.5,2.5,5,1,NA,NA,NA,2.5,IS,5,FALSE
BU-MT1-P22,Brosimum utile,May 07 2025,XP201-PR,1,B,4,B4,9,0,6,NA,NA,NA,NA,NA,NA,NA,NA,NA,NA,0,BU,1,FALSE
CH-MT2-P11,Cecropia hispidissima,August 08 2025,XP201-PR,1,B,6,B6,10,9,3,0.5,7.5,15,1,1,0.5,1,5,5,NA,2.5,CH,2,FALSE
OP-MT7-P13,Ochroma pyramidale,May 07 2025,XP201-PR,1,B,7,B7,61,24,NA,1,1,5,0.5,0.5,1,1,0.5,1,0.5,1,OP,7,FALSE
BP-MT1-P18,Bauhinia pichinchensis,January 21 2026,XP201-PR,1,B,8,B8,2,2,0,1,0.5,NA,NA,NA,NA,NA,NA,NA,NA,0.5,BP,1,FALSE
AE-MT2-P17,Annona edulis,January 21 2026,XP201-PR,1,B,9,B9,20,8,3,2.5,2.5,10,5,0.5,2.5,0.5,0.5,NA,NA,1,AE,2,FALSE
BS-MT6-P8,Bactris setulosa,August 08 2025,XP201-PR,1,B,10,B10,5,2,3,35,5,NA,NA,NA,NA,NA,NA,NA,NA,7.5,BS,6,FALSE
EA-MT1-P34,Ecuadendron acosta-solisianum,November 13 2025,XP201-PR,1,B,11,B11,16,1,2,1,NA,NA,NA,NA,NA,NA,NA,NA,NA,0.5,EA,1,FALSE
BG-MT3-P21,Banara guianensis,August 08 2025,XP201-PR,1,B,12,B12,78,54,40,15,25,30,5,1,1,5,25,5,10,2.5,BG,3,FALSE
VB-MT3-P20,Vismia baccifera,January 21 2026,XP201-PR,1,B,13,B13,27,4,3,1,1,0.5,0.5,NA,NA,NA,NA,NA,NA,0.5,VB,3,FALSE
DC-MT5-P76,Dacryodes cupularis,January 21 2026,XP201-PR,1,B,14,B14,3,2,1,1,0.5,NA,NA,NA,NA,NA,NA,NA,NA,0.5,DC,5,FALSE
PG-MT4-P89,Pouruma guianensis,January 21 2026,XP201-PR,1,B,15,B15,4,1,0,2.5,NA,NA,NA,NA,NA,NA,NA,NA,NA,0.5,PG,4,FALSE
AE-MT4-P27,Annona edulis,January 21 2026,XP201-PR,1,C,1,C1,13,7,1,5,1,0.5,0.5,1,5,1,NA,NA,NA,0.5,AE,4,FALSE
BG-MT4-P15,Banara guianensis,August 08 2025,XP201-PR,1,C,2,C2,119,62,30,0.5,15,0.5,35,1,10,0.5,20,20,5,2.5,BG,4,FALSE
DC-MT3-P29,Dacryodes cupularis,August 08 2025,XP201-PR,1,C,4,C4,6,2,3,0.5,1,NA,NA,NA,NA,NA,NA,NA,NA,0.5,DC,3,FALSE
BS-MT7-P13,Bactris setulosa,August 08 2025,XP201-PR,1,C,5,C5,5,3,3,25,25,2.5,NA,NA,NA,NA,NA,NA,NA,10,BS,7,FALSE
CH-MT4-P61,Cecropia hispidissima,August 08 2025,XP201-PR,1,C,6,C6,3,3,0,65,90,90,NA,NA,NA,NA,NA,NA,NA,80,CH,4,FALSE
IS-MT4-P56,Inga silanchensis,May 07 2025,XP201-PR,1,C,7,C7,20,20,NA,50,45,50,35,15,5,1,25,2.5,5,25,IS,4,FALSE
PA-MT6-P30,Piper aduncum,May 07 2025,XP201-PR,1,C,8,C8,304,94,31,0.5,0.5,5,5,1,1,0.5,20,5,2.5,0.5,PA,6,FALSE
CP-MT1-P46,Carapa guianensis,August 08 2025,XP201-PR,1,C,9,C9,8,5,4,5,0.5,0.5,0.5,1,NA,NA,NA,NA,NA,1,CP,1,FALSE
VB-MT5-P12,Vismia baccifera,January 21 2026,XP201-PR,1,C,10,C10,34,1,2,0.5,NA,NA,NA,NA,NA,NA,NA,NA,NA,0.5,VB,5,FALSE
MC-MT1-P6,Miconia conocuatrecasasii,August 08 2025,XP201-PR,1,C,11,C11,15,12,5,30,0.5,12.5,1,10,2.5,50,20,2.5,5,2.5,MC,1,FALSE
BU-MT1-P20,Brosimum utile,November 13 2025,XP201-PR,1,C,12,C12,NA,NA,NA,NA,NA,NA,NA,NA,NA,NA,NA,NA,NA,NA,BU,1,FALSE
BP-MT2-P53,Bauhinia pichinchensis,January 21 2026,XP201-PR,1,C,13,C13,NA,NA,NA,NA,NA,NA,NA,NA,NA,NA,NA,NA,NA,NA,BP,2,FALSE
PG-MT3-P62,Pouruma guianensis,January 21 2026,XP201-PR,1,C,14,C14,3,1,0,5,NA,NA,NA,NA,NA,NA,NA,NA,NA,1,PG,3,FALSE
EA-MT5-P82,Ecuadendron acosta-solisianum,January 21 2026,XP201-PR,1,C,15,C15,13,8,0,1,10,5,25,2.5,0.5,1,0.5,NA,NA,1,EA,5,FALSE
BG-MT3-P75,Banara guianensis,August 08 2025,XP201-PR,2,A,1,A1,49,31,27,25,22.5,0.5,0.5,0.5,5,10,2.5,10,1,2.5,BG,3,FALSE
BS-MT5-P21,Bactris setulosa,August 08 2025,XP201-PR,2,A,2,A2,6,3,4,50,35,0.5,NA,NA,NA,NA,NA,NA,NA,5,BS,5,FALSE
AE-MT5-P50,Annona edulis,January 21 2026,XP201-PR,2,A,3,A3,10,3,1,1,50,1,NA,NA,NA,NA,NA,NA,NA,5,AE,5,FALSE
DC-MT4-P10,Dacryodes cupularis,August 08 2025,XP201-PR,2,A,5,A5,5,4,3,0.5,1,1,0.5,NA,NA,NA,NA,NA,NA,1,DC,4,FALSE
EA-MT4-P14,Ecuadendron acosta-solisianum,May 07 2025,XP201-PR,2,A,6,A6,0,0,0,NA,NA,NA,NA,NA,NA,NA,NA,NA,NA,0,EA,4,FALSE
OP-MT2-P7,Ochroma pyramidale,March 18 2025,XP201-PR,2,A,7,A7,40,21,NA,1,0.5,5,0.5,5,0.5,10,0.5,0.5,1,1,OP,2,FALSE
IS-MT3-P3,Inga silanchensis,March 18 2025,XP201-PR,2,A,8,A8,3,3,2,15,2.5,10,NA,NA,NA,NA,NA,NA,NA,10,IS,3,FALSE
PG-MT2-P69,Pouruma guianensis,January 21 2026,XP201-PR,2,A,9,A9,NA,NA,NA,NA,NA,NA,NA,NA,NA,NA,NA,NA,NA,NA,PG,2,FALSE
CH-MT3-P55,Cecropia hispidissima,August 08 2025,XP201-PR,2,A,10,A10,7,7,0,10,5,10,15,2.5,0.5,10,NA,NA,NA,7.5,CH,3,FALSE
CP-MT4-P13,Carapa guianensis,May 07 2025,XP201-PR,2,A,11,A11,8,8,6,1,1,0.5,30,0.5,1,2.5,2.5,NA,NA,1,CP,4,FALSE
VB-MT1-P28,Vismia baccifera,August 08 2025,XP201-PR,2,A,12,A12,56,54,20,30,30,40,17.5,70,40,50,80,20,75,50,VB,1,FALSE
BP-MT4-P31,Bauhinia pichinchensis,January 21 2026,XP201-PR,2,A,13,A13,6,4,0,0.5,7.5,0.5,10,NA,NA,NA,NA,NA,NA,2.5,BP,4,FALSE
BU-MT1-P38,Brosimum utile,November 13 2025,XP201-PR,2,A,14,A14,12,5,8,1,0.5,5,1,1,NA,NA,NA,NA,NA,0.5,BU,1,FALSE
DC-MT4-P20,Dacryodes cupularis,August 08 2025,XP201-PR,2,B,1,B1,2,1,1,0.5,NA,NA,NA,NA,NA,NA,NA,NA,NA,0.5,DC,4,FALSE
EA-MT5-P10,Ecuadendron acosta-solisianum,November 13 2025,XP201-PR,2,B,2,B2,21,8,3,25,25,50,50,40,50,1,0.5,NA,NA,5,EA,5,FALSE
PG-MT3-P59,Pouruma guianensis,January 21 2026,XP201-PR,2,B,3,B3,7,3,0,50,10,1,NA,NA,NA,NA,NA,NA,NA,5,PG,3,FALSE
CP-MT2-P49,Carapa guianensis,May 07 2025,XP201-PR,2,B,4,B4,12,7,8,2.5,0.5,0.5,1,2.5,2.5,2.5,NA,NA,NA,1,CP,2,FALSE
BG-MT5-P14,Banara guianensis,August 08 2025,XP201-PR,2,B,5,B5,91,57,20,15,10,25,20,10,20,1,25,10,5,5,BG,5,FALSE
OP-MT6-P3,Ochroma pyramidale,May 07 2025,XP201-PR,2,B,6,B6,NA,NA,NA,NA,NA,NA,NA,NA,NA,NA,NA,NA,NA,NA,OP,6,FALSE
OP-MT7-P4,Ochroma pyramidale,November 13 2025,XP201-PR,2,B,6,B6,13,9,0,0.5,0.5,0.5,20,30,2.5,1,2.5,1,NA,5,OP,7,FALSE
BP-MT3-P42,Bauhinia pichinchensis,January 21 2026,XP201-PR,2,B,7,B7,3,1,0,0.5,NA,NA,NA,NA,NA,NA,NA,NA,NA,0.5,BP,3,FALSE
PA-MT6-P61,Piper aduncum,May 07 2025,XP201-PR,2,B,8,B8,279,223,0,2.5,5,2.5,10,1,5,20,5,1,10,2.5,PA,6,FALSE
MC-MT1-P19,Miconia conocuatrecasasii,August 08 2025,XP201-PR,2,B,9,B9,18,17,9,5,1,0.5,0.5,0.5,5,1,50,10,0.5,0.5,MC,1,FALSE
IS-MT1-P5,Inga silanchensis,May 07 2025,XP201-PR,2,B,10,B10,7,7,5,10,15,10,50,25,10,10,NA,NA,NA,10,IS,1,FALSE
CH-MT5-P31,Cecropia hispidissima,August 08 2025,XP201-PR,2,B,12,B12,6,4,0,5,50,5,25,NA,NA,NA,NA,NA,NA,10,CH,5,FALSE
BS-MT6-P56,Bactris setulosa,November 13 2025,XP201-PR,2,B,13,B13,4,1,3,50,NA,NA,NA,NA,NA,NA,NA,NA,NA,10,BS,6,FALSE
VB-MT2-P19,Vismia baccifera,January 21 2026,XP201-PR,2,B,14,B14,27,12,0,5,5,2.5,0.5,0.5,0.5,0.5,2.5,2.5,1,0.5,VB,2,FALSE
BU-MT2-P1,Brosimum utile,August 08 2025,XP201-PR,2,B,15,B15,9,1,5,5,NA,NA,NA,NA,NA,NA,NA,NA,NA,0.5,BU,2,FALSE
AE-MT2-P30,Annona edulis,January 21 2026,XP201-PR,2,B,16,B16,11,5,1,0.5,0.5,0.5,1,1,NA,NA,NA,NA,NA,0.5,AE,2,FALSE
BP-MT1-P7,Bauhinia pichinchensis,January 21 2026,XP201-PR,2,C,1,C1,NA,NA,NA,NA,NA,NA,NA,NA,NA,NA,NA,NA,NA,NA,BP,1,FALSE
BG-MT1-P75,Banara guianensis,August 08 2025,XP201-PR,2,C,3,C3,NA,NA,NA,NA,NA,NA,NA,NA,NA,NA,NA,NA,NA,NA,BG,1,FALSE
PG-MT2-P16,Pouruma guianensis,January 21 2026,XP201-PR,2,C,4,C4,5,1,0,1,NA,NA,NA,NA,NA,NA,NA,NA,NA,0.5,PG,2,FALSE
IS-MT1-P57,Inga silanchensis,May 07 2025,XP201-PR,2,C,5,C5,9,4,5,5,1,2.5,0.5,0.5,NA,NA,NA,NA,NA,0.5,IS,1,FALSE
BU-MT3-P75,Brosimum utile,August 08 2025,XP201-PR,2,C,6,C6,3,0,2,NA,NA,NA,NA,NA,NA,NA,NA,NA,NA,0,BU,3,FALSE
DC-MT3-P51,Dacryodes cupularis,August 08 2025,XP201-PR,2,C,7,C7,3,2,NA,1,1,NA,NA,NA,NA,NA,NA,NA,NA,1,DC,3,FALSE
EA-MT5-P71,Ecuadendron acosta-solisianum,November 13 2025,XP201-PR,2,C,9,C9,21,3,9,20,5,1,NA,NA,NA,NA,NA,NA,NA,0.5,EA,5,FALSE
VB-MT2-P62,Vismia baccifera,January 21 2026,XP201-PR,2,C,10,C10,14,6,0,0.5,0.5,0.5,0.5,1,0.5,NA,NA,NA,NA,0.5,VB,2,FALSE
OP-MT7-P2,Ochroma pyramidale,May 07 2025,XP201-PR,2,C,11,C11,37,23,NA,60,35,10,60,1,1,2.5,1,0.5,5,5,OP,7,FALSE
CH-MT1-P16,Cecropia hispidissima,May 07 2025,XP201-PR,2,C,12,C12,NA,NA,NA,NA,NA,NA,NA,NA,NA,NA,NA,NA,NA,NA,CH,1,FALSE
CH-MT2-P60,Cecropia hispidissima,January 21 2026,XP201-PR,2,C,12,C12,NA,NA,NA,NA,NA,NA,NA,NA,NA,NA,NA,NA,NA,NA,CH,2,FALSE
CP-MT5-P13,Carapa guianensis,August 08 2025,XP201-PR,2,C,13,C13,7,7,4,5,1,10,0.5,0.5,5,1,NA,NA,NA,5,CP,5,FALSE
AE-MT3-P48,Annona edulis,January 21 2026,XP201-PR,2,C,15,C15,11,2,0,10,1,NA,NA,NA,NA,NA,NA,NA,NA,1,AE,3,FALSE
BS-MT5-P56,Bactris setulosa,November 13 2025,XP201-PR,2,C,16,C16,2,1,0,1,NA,NA,NA,NA,NA,NA,NA,NA,NA,0.5,BS,5,FALSE
PG-MT1-P10,Pouruma guianensis,January 21 2026,XP201-PR,3,A,1,A1,3,1,0,0.5,NA,NA,NA,NA,NA,NA,NA,NA,NA,0.5,PG,1,FALSE
VB-MT5-P68,Vismia baccifera,January 21 2026,XP201-PR,3,A,2,A2,41,2,0,2.5,0.5,NA,NA,NA,NA,NA,NA,NA,NA,0.5,VB,5,FALSE
DC-MT2-P21,Dacryodes cupularis,August 08 2025,XP201-PR,3,A,4,A4,10,4,0,0.5,1,0.5,20,NA,NA,NA,NA,NA,NA,2.5,DC,2,FALSE
AE-MT3-P1,Annona edulis,January 21 2026,XP201-PR,3,A,5,A5,33,9,0,0.5,2.5,20,20,1,10,0.5,0.5,0.5,NA,0.5,AE,3,FALSE
MC-MT3-P46,Miconia conocuatrecasasii,August 08 2025,XP201-PR,3,A,7,A7,9,7,2,1,2.5,1,0.5,1,1,1,NA,NA,NA,0.5,MC,3,FALSE
IS-MT2-P60,Inga silanchensis,March 18 2025,XP201-PR,3,A,8,A8,NA,NA,NA,NA,NA,NA,NA,NA,NA,NA,NA,NA,NA,NA,IS,2,FALSE
OP-MT2-P45,Ochroma pyramidale,March 18 2025,XP201-PR,3,A,9,A9,46,20,NA,0.5,5,1,5,0.5,0.5,1,1,1,1,1,OP,2,FALSE
CH-MT1-P45,Cecropia hispidissima,May 07 2025,XP201-PR,3,A,10,A10,7,0,0,NA,NA,NA,NA,NA,NA,NA,NA,NA,NA,0,CH,1,FALSE
EA-MT2-P16,Ecuadendron acosta-solisianum,May 07 2025,XP201-PR,3,A,11,A11,50,8,7,0.5,10,0.5,10,5,1,1,1,NA,NA,0.5,EA,2,FALSE
CP-MT4-P23,Carapa guianensis,May 07 2025,XP201-PR,3,A,12,A12,6,4,1,0.5,0.5,1,0.5,NA,NA,NA,NA,NA,NA,0.5,CP,4,FALSE
BG-MT5-P15,Banara guianensis,August 08 2025,XP201-PR,3,A,13,A13,30,4,0,2.5,1,2.5,0.5,NA,NA,NA,NA,NA,NA,0.5,BG,5,FALSE
BS-MT1-P46,Bactris setulosa,November 13 2025,XP201-PR,3,A,14,A14,3,2,0,0.5,0.5,NA,NA,NA,NA,NA,NA,NA,NA,0.5,BS,1,FALSE
BU-MT3-P13,Brosimum utile,???????,XP201-PR,3,A,15,A15,NA,NA,NA,NA,NA,NA,NA,NA,NA,NA,NA,NA,NA,NA,BU,3,FALSE
BP-MT2-P31,Bauhinia pichinchensis,January 21 2026,XP201-PR,3,A,16,A16,10,4,0,0.5,0.5,1,0.5,NA,NA,NA,NA,NA,NA,0.5,BP,2,FALSE
BU-MT4-P31,Brosimum utile,August 08 2025,XP201-PR,3,B,1,B1,6,1,1,0.5,NA,NA,NA,NA,NA,NA,NA,NA,NA,0.5,BU,4,FALSE
BG-MT2-P39,Banara guianensis,August 08 2025,XP201-PR,3,B,2,B2,65,21,17,0.5,25,25,15,30,2.5,20,5,12.5,0.5,1,BG,2,FALSE
OP-MT8-P23,Ochroma pyramidale,May 07 2025,XP201-PR,3,B,3,B3,31,18,NA,0.5,0.5,0.5,0.5,0.5,1,2.5,0.5,2.5,1,0.5,OP,8,FALSE
BS-MT5-P81,Bactris setulosa,January 21 2026,XP201-PR,3,B,3,B3,NA,NA,NA,NA,NA,NA,NA,NA,NA,NA,NA,NA,NA,NA,BS,5,FALSE
IS-MT5-P14,Inga silanchensis,March 18 2025,XP201-PR,3,B,4,B4,8,5,5,1,2.5,10,5,2.5,NA,NA,NA,NA,NA,2.5,IS,5,FALSE
VB-MT3-P39,Vismia baccifera,January 21 2026,XP201-PR,3,B,6,B6,26,1,0,20,NA,NA,NA,NA,NA,NA,NA,NA,NA,0.5,VB,3,FALSE
PG-MT2-P39,Pouruma guianensis,January 21 2026,XP201-PR,3,B,7,B7,3,0,0,NA,NA,NA,NA,NA,NA,NA,NA,NA,NA,0,PG,2,FALSE
EA-MT2-P60,Ecuadendron acosta-solisianum,May 07 2025,XP201-PR,3,B,8,B8,39,1,2,2.5,NA,NA,NA,NA,NA,NA,NA,NA,NA,0.5,EA,2,FALSE
MC-MT2-P4,Miconia conocuatrecasasii,August 08 2025,XP201-PR,3,B,9,B9,32,12,0,10,20,50,50,70,15,0.5,0.5,5,1,2.5,MC,2,FALSE
CP-MT1-P36,Carapa guianensis,August 08 2025,XP201-PR,3,B,11,B11,9,9,4,1,5,10,1,2.5,5,1,5,1,NA,5,CP,1,FALSE
AE-MT5-P51,Annona edulis,January 21 2026,XP201-PR,3,B,12,B12,21,7,0,0.5,1,0.5,0.5,0.5,1,0.5,NA,NA,NA,0.5,AE,5,FALSE
BP-MT1-P19,Bauhinia pichinchensis,January 21 2026,XP201-PR,3,B,13,B13,NA,NA,NA,NA,NA,NA,NA,NA,NA,NA,NA,NA,NA,NA,BP,1,FALSE
PA-MT7-P48,Piper aduncum,August 08 2025,XP201-PR,3,B,14,B14,47,24,0,2.5,1,2.5,40,20,5,1,0.5,5,5,2.5,PA,7,FALSE
CH-MT2-P76,Cecropia hispidissima,August 08 2025,XP201-PR,3,B,15,B15,9,8,0,0.5,10,10,10,5,10,5,20,NA,NA,10,CH,2,FALSE
DC-MT1-P3,Dacryodes cupularis,August 08 2025,XP201-PR,3,B,16,B16,NA,NA,NA,NA,NA,NA,NA,NA,NA,NA,NA,NA,NA,NA,DC,1,FALSE
EA-MT2-P33,Ecuadendron acosta-solisianum,January 21 2026,XP201-PR,3,C,1,C1,16,8,0,40,5,10,25,10,5,1,25,NA,NA,5,EA,2,FALSE
DC-MT5-P71,Dacryodes cupularis,August 08 2025,XP201-PR,3,C,4,C4,4,2,1,0.5,1,NA,NA,NA,NA,NA,NA,NA,NA,0.5,DC,5,FALSE
BG-MT3-P15,Banara guianensis,August 08 2025,XP201-PR,3,C,5,C5,73,46,23,30,1,0.5,0.5,50,20,40,30,10,10,2.5,BG,3,FALSE
PA-MT3-P38,Piper aduncum,November 13 2025,XP201-PR,3,C,6,C6,41,6,0,20,10,10,1,0.5,0.5,NA,NA,NA,NA,0.5,PA,3,FALSE
BP-MT2-P59,Bauhinia pichinchensis,January 21 2026,XP201-PR,3,C,7,C7,4,0,0,NA,NA,NA,NA,NA,NA,NA,NA,NA,NA,0,BP,2,FALSE
BU-MT3-P31,Brosimum utile,August 08 2025,XP201-PR,3,C,8,C8,7,4,4,15,5,0.5,1,NA,NA,NA,NA,NA,NA,2.5,BU,3,FALSE
CP-MT5-P6,Carapa guianensis,August 08 2025,XP201-PR,3,C,9,C9,NA,NA,NA,NA,NA,NA,NA,NA,NA,NA,NA,NA,NA,NA,CP,5,FALSE
PG-MT5-P62,Pouruma guianensis,January 21 2026,XP201-PR,3,C,11,C11,4,0,0,NA,NA,NA,NA,NA,NA,NA,NA,NA,NA,0,PG,5,FALSE
IS-MT4-P8,Inga silanchensis,May 07 2025,XP201-PR,3,C,12,C12,14,8,7,0.5,5,10,1,10,1,5,1,NA,NA,2.5,IS,4,FALSE
CH-MT3-P59,Cecropia hispidissima,August 08 2025,XP201-PR,3,C,13,C13,4,4,0,1,0.5,2.5,0.5,NA,NA,NA,NA,NA,NA,1,CH,3,FALSE
BS-MT7-P48,Bactris setulosa,November 13 2025,XP201-PR,3,C,14,C14,3,1,0,1,NA,NA,NA,NA,NA,NA,NA,NA,NA,0.5,BS,7,FALSE
AE-MT1-P65,Annona edulis,January 21 2026,XP201-PR,3,C,15,C15,11,7,0,1,20,5,2.5,2.5,20,2.5,NA,NA,NA,1,AE,1,FALSE
VB-MT2-P100,Vismia baccifera,January 21 2026,XP201-PR,3,C,16,C16,23,4,0,2.5,1,1,1,NA,NA,NA,NA,NA,NA,0.5,VB,2,FALSE
PA-MT3-P52,Piper aduncum,March 18 2025,XP201-PR,4,A,1,A1,291,89,10,10,2.5,5,5,2.5,1,2.5,20,15,12.5,2.5,PA,3,FALSE
BP-MT3-P61,Bauhinia pichinchensis,January 21 2026,XP201-PR,4,A,2,A2,3,1,0,1,NA,NA,NA,NA,NA,NA,NA,NA,NA,0.5,BP,3,FALSE
BS-MT1-P4,Bactris setulosa,August 08 2025,XP201-PR,4,A,3,A3,5,3,1,0.5,0.5,0.5,NA,NA,NA,NA,NA,NA,NA,0.5,BS,1,FALSE
AE-MT4-P9,Annona edulis,January 21 2026,XP201-PR,4,A,4,A4,10,6,0,10,5,2.5,15,10,2.5,NA,NA,NA,NA,2.5,AE,4,FALSE
IS-MT3-P55,Inga silanchensis,March 18 2025,XP201-PR,4,A,5,A5,12,9,8,0.5,0.5,2.5,2.5,5,5,1,0.5,0.5,NA,2.5,IS,3,FALSE
CP-MT3-P35,Carapa guianensis,May 07 2025,XP201-PR,4,A,6,A6,6,5,4,1,10,0.5,0.5,1,NA,NA,NA,NA,NA,0.5,CP,3,FALSE
BU-MT5-P27,Brosimum utile,August 08 2025,XP201-PR,4,A,7,A7,8,1,4,0.5,NA,NA,NA,NA,NA,NA,NA,NA,NA,0.5,BU,5,FALSE
PG-MT4-P60,Pouruma guianensis,January 21 2026,XP201-PR,4,A,8,A8,4,1,0,10,NA,NA,NA,NA,NA,NA,NA,NA,NA,2.5,PG,4,FALSE
EA-MT5-P20,Ecuadendron acosta-solisianum,November 13 2025,XP201-PR,4,A,9,A9,17,7,0,0.5,20,5,1,1,0.5,0.5,NA,NA,NA,0.5,EA,5,FALSE
BG-MT2-P50,Banara guianensis,August 08 2025,XP201-PR,4,A,10,A10,92,34,19,2.5,0.5,2.5,5,2.5,5,10,5,10,2.5,1,BG,2,FALSE
OP-MT9-P9,Ochroma pyramidale,March 18 2025,XP201-PR,4,A,12,A12,115,115,NA,10,10,5,20,2.5,10,7.5,5,10,5,10,OP,9,FALSE
CH-MT4-P10,Cecropia hispidissima,August 08 2025,XP201-PR,4,A,14,A14,7,6,1,2.5,1,1,10,0.5,5,NA,NA,NA,NA,5,CH,4,FALSE
VB-MT5-P9,Vismia baccifera,January 21 2026,XP201-PR,4,A,15,A15,36,8,0,12.5,12.5,10,45,25,10,0.5,10,NA,NA,2.5,VB,5,FALSE
DC-MT1-P66,Dacryodes cupularis,August 08 2025,XP201-PR,4,A,16,A16,6,5,4,1,0.5,2.5,5,0.5,NA,NA,NA,NA,NA,1,DC,1,FALSE
BU-MT5-P10,Brosimum utile,August 08 2025,XP201-PR,4,B,1,B1,10,1,7,0.5,NA,NA,NA,NA,NA,NA,NA,NA,NA,0.5,BU,5,FALSE
VB-MT1-P15,Vismia baccifera,August 08 2025,XP201-PR,4,B,2,B2,66,29,22,20,10,10,10,10,15,10,15,20,5,10,VB,1,FALSE
CP-MT2-P66,Carapa guianensis,May 07 2025,XP201-PR,4,B,3,B3,4,3,3,5,1,1,NA,NA,NA,NA,NA,NA,NA,1,CP,2,FALSE
BG-MT4-P59,Banara guianensis,August 08 2025,XP201-PR,4,B,4,B4,105,44,35,5,15,30,25,1,1,0.5,0.5,50,10,1,BG,4,FALSE
BS-MT5-P68,Bactris setulosa,November 13 2025,XP201-PR,4,B,6,B6,5,1,2,0.5,NA,NA,NA,NA,NA,NA,NA,NA,NA,0.5,BS,5,FALSE
DC-MT5-P75,Dacryodes cupularis,January 21 2026,XP201-PR,4,B,7,B7,NA,NA,NA,NA,NA,NA,NA,NA,NA,NA,NA,NA,NA,NA,DC,5,FALSE
CH-MT5-P60,Cecropia hispidissima,August 08 2025,XP201-PR,4,B,9,B9,9,8,1,0.5,5,5,5,5,10,5,0.5,NA,NA,5,CH,5,FALSE
OP-MT6-P50,Ochroma pyramidale,May 07 2025,XP201-PR,4,B,10,B10,62,62,NA,2.5,1,5,10,5,5,5,2.5,1,5,5,OP,6,FALSE
EA-MT2-P61,Ecuadendron acosta-solisianum,January 21 2026,XP201-PR,4,B,11,B11,12,5,0,1,1,5,25,0.5,NA,NA,NA,NA,NA,1,EA,2,FALSE
PG-MT1-P11,Pouruma guianensis,January 21 2026,XP201-PR,4,B,12,B12,3,0,0,NA,NA,NA,NA,NA,NA,NA,NA,NA,NA,0,PG,1,FALSE
BP-MT4-P54,Bauhinia pichinchensis,January 21 2026,XP201-PR,4,B,13,B13,3,1,0,30,NA,NA,NA,NA,NA,NA,NA,NA,NA,10,BP,4,FALSE
MC-MT3-P65,Miconia conocuatrecasasii,August 08 2025,XP201-PR,4,B,14,B14,16,8,3,7.5,0.5,1,2.5,0.5,0.5,0.5,0.5,NA,NA,0.5,MC,3,FALSE
AE-MT2-P14,Annona edulis,January 21 2026,XP201-PR,4,B,15,B15,9,4,1,25,1,0.5,0.5,NA,NA,NA,NA,NA,NA,1,AE,2,FALSE
IS-MT2-P12,Inga silanchensis,November 13 2025,XP201-PR,4,B,16,B16,4,1,0,10,NA,NA,NA,NA,NA,NA,NA,NA,NA,1,IS,2,FALSE
OP-MT8-P55,Ochroma pyramidale,May 07 2025,XP201-PR,4,C,1,C1,32,20,NA,0.5,1,1,1,2.5,2.5,5,5,5,5,1,OP,8,FALSE
PG-MT1-P35,Pouruma guianensis,January 21 2026,XP201-PR,4,C,2,C2,4,1,0,0.5,NA,NA,NA,NA,NA,NA,NA,NA,NA,0.5,PG,1,FALSE
PA-MT7-P36,Piper aduncum,August 08 2025,XP201-PR,4,C,3,C3,NA,NA,NA,NA,NA,NA,NA,NA,NA,NA,NA,NA,NA,NA,PA,7,FALSE
BS-MT5-P69,Bactris setulosa,November 13 2025,XP201-PR,4,C,4,C4,NA,NA,NA,NA,NA,NA,NA,NA,NA,NA,NA,NA,NA,NA,BS,5,FALSE
BU-MT4-P12,Brosimum utile,August 08 2025,XP201-PR,4,C,5,C5,NA,NA,NA,NA,NA,NA,NA,NA,NA,NA,NA,NA,NA,NA,BU,4,FALSE
BU-MT3-P84,Brosimum utile,January 21 2026,XP201-PR,4,C,5,C5,5,2,1,10,50,NA,NA,NA,NA,NA,NA,NA,NA,20,BU,3,FALSE
BP-MT4-P83,Bauhinia pichinchensis,January 21 2026,XP201-PR,4,C,6,C6,3,1,0,2.5,NA,NA,NA,NA,NA,NA,NA,NA,NA,1,BP,4,FALSE
MC-MT2-P50,Miconia conocuatrecasasii,August 08 2025,XP201-PR,4,C,7,C7,20,9,3,0.5,10,1,20,20,20,1,5,25,NA,1,MC,2,FALSE
CH-MT5-P85,Cecropia hispidissima,January 21 2026,XP201-PR,4,C,8,C8,5,3,0,1,0.5,1,NA,NA,NA,NA,NA,NA,NA,0.5,CH,5,FALSE
BG-MT1-P66,Banara guianensis,August 08 2025,XP201-PR,4,C,9,C9,238,48,21,0.5,5,0.5,0.5,20,20,0.5,0.5,0.5,20,0.5,BG,1,FALSE
IS-MT3-P49,Inga silanchensis,November 13 2025,XP201-PR,4,C,11,C11,9,6,2,0.5,0.5,0.5,0.5,0.5,0.5,NA,NA,NA,NA,0.5,IS,3,FALSE
EA-MT5-P21,Ecuadendron acosta-solisianum,November 13 2025,XP201-PR,4,C,12,C12,7,11,0,90,80,60,40,90,80,80,70,80,70,75,EA,5,TRUE
CP-MT3-P60,Carapa guianensis,January 21 2026,XP201-PR,4,C,13,C13,15,4,2,1,1,1,2.5,NA,NA,NA,NA,NA,NA,1,CP,3,FALSE
DC-MT5-P45,Dacryodes cupularis,August 08 2025,XP201-PR,4,C,14,C14,NA,NA,NA,NA,NA,NA,NA,NA,NA,NA,NA,NA,NA,NA,DC,5,FALSE
AE-MT1-P100,Annona edulis,January 21 2026,XP201-PR,4,C,15,C15,10,3,0,25,5,0.5,NA,NA,NA,NA,NA,NA,NA,5,AE,1,FALSE
VB-MT2-P63,Vismia baccifera,January 21 2026,XP201-PR,4,C,16,C16,61,15,0,20,20,2.5,5,0.5,2.5,0.5,10,5,1,1,VB,2,FALSE
CH-MT3-P63,Cecropia hispidissima,September 05 2025,XP202-PR,1,A,4,A4,12,9,3,0.5,2.5,1,1,2.5,1,2.5,5,1,NA,0.5,CH,3,FALSE
BG-MT5-P27,Banara guianensis,September 05 2025,XP202-PR,1,A,5,A5,32,3,0,5,5,1,NA,NA,NA,NA,NA,NA,NA,0.5,BG,5,FALSE
PA-MT3-P58,Piper aduncum,March 20 2025,XP202-PR,1,A,8,A8,124,41,0,0.5,0.5,1,2.5,7.5,2.5,2.5,5,2.5,1,0.5,PA,3,FALSE
EA-MT1-P50,Ecuadendron acosta-solisianum,December 3 2025,XP202-PR,1,A,9,A9,9,3,0,0.5,1,1,NA,NA,NA,NA,NA,NA,NA,0.5,EA,1,FALSE
IS-MT5-P54,Inga silanchensis,March 20 2025,XP202-PR,1,A,11,A11,10,8,4,0.5,0.5,0.5,0.5,0.5,0.5,0.5,10,NA,NA,1,IS,5,FALSE
OP-MT6-P48,Ochroma pyramidale,May 09 2025,XP202-PR,1,A,12,A12,85,45,NA,0.5,1,0.5,5,2.5,5,2.5,2.5,5,0.5,1,OP,6,FALSE
CP-MT1-P55,Carapa guianensis,September 05 2025,XP202-PR,1,A,13,A13,3,2,1,2.5,0.5,NA,NA,NA,NA,NA,NA,NA,NA,1,CP,1,FALSE
VB-MT1-P36,Vismia baccifera,September 05 2025,XP202-PR,1,A,14,A14,29,4,0,2.5,1,2.5,0.5,NA,NA,NA,NA,NA,NA,0.5,VB,1,FALSE
BS-MT1-P72,Bactris setulosa,December 3 2025,XP202-PR,1,A,15,A15,5,4,2,50,5,0.5,10,NA,NA,NA,NA,NA,NA,10,BS,1,FALSE
BU-MT4-P56,Brosimum utile,September 05 2025,XP202-PR,1,A,16,A16,4,3,2,0.5,0.5,0.5,NA,NA,NA,NA,NA,NA,NA,0.5,BU,4,FALSE
CH-MT4-P76,Cecropia hispidissima,September 05 2025,XP202-PR,1,B,2,B2,5,3,0,1,0.5,0.5,NA,NA,NA,NA,NA,NA,NA,0.5,CH,4,FALSE
EA-MT4-P2,Ecuadendron acosta-solisianum,May 09 2025,XP202-PR,1,B,7,B7,5,4,3,10,5,5,1,NA,NA,NA,NA,NA,NA,5,EA,4,FALSE
BS-MT6-P65,Bactris setulosa,December 3 2025,XP202-PR,1,B,8,B8,2,1,0,0.5,NA,NA,NA,NA,NA,NA,NA,NA,NA,0.5,BS,6,FALSE
DC-MT5-P31,Dacryodes cupularis,September 05 2025,XP202-PR,1,B,9,B9,3,1,2,2.5,NA,NA,NA,NA,NA,NA,NA,NA,NA,1,DC,5,FALSE
BG-MT2-P27,Banara guianensis,September 05 2025,XP202-PR,1,B,11,B11,28,3,0,1,0.5,1,NA,NA,NA,NA,NA,NA,NA,0.5,BG,2,FALSE
IS-MT4-P17,Inga silanchensis,May 09 2025,XP202-PR,1,B,12,B12,2,2,0,5,0.5,NA,NA,NA,NA,NA,NA,NA,NA,2.5,IS,4,FALSE
BU-MT3-P19,Brosimum utile,September 05 2025,XP202-PR,1,B,16,B16,1,0,0,NA,NA,NA,NA,NA,NA,NA,NA,NA,NA,0,BU,3,FALSE
IS-MT4-P51,Inga silanchensis,May 09 2025,XP202-PR,1,C,2,C2,4,3,1,1,1,2.5,NA,NA,NA,NA,NA,NA,NA,1,IS,4,FALSE
CP-MT3-P52,Carapa guianensis,May 09 2025,XP202-PR,1,C,3,C3,1,1,1,0.5,NA,NA,NA,NA,NA,NA,NA,NA,NA,0.5,CP,3,FALSE
DC-MT4-P29,Dacryodes cupularis,September 05 2025,XP202-PR,1,C,4,C4,NA,NA,NA,NA,NA,NA,NA,NA,NA,NA,NA,NA,NA,NA,DC,4,FALSE
MC-MT3-P28,Miconia conocuatrecasasii,September 05 2025,XP202-PR,1,C,5,C5,28,12,0,45,0.5,1,1,0.5,5,50,0.5,0.5,1,1,MC,3,FALSE
BU-MT1-P10,Brosimum utile,May 09 2025,XP202-PR,1,C,8,C8,3,1,0,2.5,NA,NA,NA,NA,NA,NA,NA,NA,NA,2.5,BU,1,FALSE
EA-MT1-P1,Ecuadendron acosta-solisianum,December 3 2025,XP202-PR,1,C,11,C11,9,6,0,1,2.5,0.5,1,0.5,5,NA,NA,NA,NA,1,EA,1,FALSE
OP-MT7-P54,Ochroma pyramidale,May 09 2025,XP202-PR,1,C,12,C12,32,27,NA,2.5,5,10,5,1,5,1,15,5,2.5,5,OP,7,FALSE
BS-MT1-P16,Bactris setulosa,September 05 2025,XP202-PR,1,C,13,C13,1,1,0,100,NA,NA,NA,NA,NA,NA,NA,NA,NA,100,BS,1,FALSE
CH-MT2-P64,Cecropia hispidissima,September 05 2025,XP202-PR,1,C,14,C14,13,10,0,0.5,0.5,1,0.5,0.5,0.5,0.5,0.5,0.5,0.5,0.5,CH,2,FALSE
BG-MT1-P95,Banara guianensis,September 05 2025,XP202-PR,1,C,15,C15,25,5,0,25,10,0.5,0.5,0.5,NA,NA,NA,NA,NA,0.5,BG,1,FALSE
PA-MT6-P28,Piper aduncum,December 3 2025,XP202-PR,1,C,16,C16,11,5,0,2.5,5,0.5,0.5,0.5,NA,NA,NA,NA,NA,1,PA,6,FALSE
IS-MT2-P80,Inga silanchensis,March 20 2025,XP202-PR,2,A,1,A1,25,19,11,5,10,5,1,50,0.5,10,70,15,1,5,IS,2,FALSE
DC-MT3-P2,Dacryodes cupularis,September 05 2025,XP202-PR,2,A,5,A5,NA,NA,NA,NA,NA,NA,NA,NA,NA,NA,NA,NA,NA,NA,DC,3,FALSE
CP-MT1-P42,Carapa guianensis,September 05 2025,XP202-PR,2,A,6,A6,8,7,5,0.5,0.5,5,0.5,1,2.5,0.5,NA,NA,NA,1,CP,1,FALSE
MC-MT1-P71,Miconia conocuatrecasasii,September 05 2025,XP202-PR,2,A,7,A7,24,11,0,2.5,5,20,5,5,0.5,20,10,10,20,5,MC,1,FALSE
BU-MT3-P39,Brosimum utile,September 05 2025,XP202-PR,2,A,9,A9,9,1,0,0.5,NA,NA,NA,NA,NA,NA,NA,NA,NA,0.5,BU,3,FALSE
BG-MT3-P36,Banara guianensis,September 05 2025,XP202-PR,2,A,10,A10,86,29,10,2.5,12.5,1,2.5,2.5,10,7.5,1,5,1,0.5,BG,3,FALSE
EA-MT3-P3,Ecuadendron acosta-solisianum,May 09 2025,XP202-PR,2,A,11,A11,25,7,0,0.5,1,0.5,5,20,50,1,NA,NA,NA,0.5,EA,3,FALSE
CH-MT5-P17,Cecropia hispidissima,September 05 2025,XP202-PR,2,A,12,A12,1,1,0,5,NA,NA,NA,NA,NA,NA,NA,NA,NA,5,CH,5,FALSE
BS-MT6-P31,Bactris setulosa,September 05 2025,XP202-PR,2,A,15,A15,NA,NA,NA,NA,NA,NA,NA,NA,NA,NA,NA,NA,NA,NA,BS,6,FALSE
DC-MT1-P29,Dacryodes cupularis,September 05 2025,XP202-PR,2,B,1,B1,4,3,0,2.5,0.5,5,NA,NA,NA,NA,NA,NA,NA,2.5,DC,1,FALSE
CP-MT3-P24,Carapa guianensis,May 09 2025,XP202-PR,2,B,3,B3,9,9,4,0.5,20,1,0.5,1,2.5,5,1,10,NA,5,CP,3,FALSE
BS-MT7-P45,Bactris setulosa,December 3 2025,XP202-PR,2,B,5,B5,2,1,0,50,NA,NA,NA,NA,NA,NA,NA,NA,NA,25,BS,7,FALSE
CH-MT4-P81,Cecropia hispidissima,September 05 2025,XP202-PR,2,B,6,B6,9,8,0,10,2.5,5,1,0.5,2.5,2.5,5,NA,NA,2.5,CH,4,FALSE
OP-MT6-P23,Ochroma pyramidale,May 09 2025,XP202-PR,2,B,7,B7,89,60,NA,0.5,20,10,10,15,15,5,5,5,20,7.5,OP,6,FALSE
BG-MT4-P28,Banara guianensis,September 05 2025,XP202-PR,2,B,11,B11,68,36,4,25,2.5,2.5,5,5,2.5,0.5,1,10,75,1,BG,4,FALSE
IS-MT5-P19,Inga silanchensis,March 20 2025,XP202-PR,2,B,12,B12,13,4,2,2.5,1,5,0.5,NA,NA,NA,NA,NA,NA,0.5,IS,5,FALSE
EA-MT5-P52,Ecuadendron acosta-solisianum,December 3 2025,XP202-PR,2,B,13,B13,19,11,0,1,5,10,0.5,10,1,2.5,1,2.5,2.5,1,EA,5,FALSE
BU-MT5-P2,Brosimum utile,September 05 2025,XP202-PR,2,B,14,B14,6,1,3,2.5,NA,NA,NA,NA,NA,NA,NA,NA,NA,0.5,BU,5,FALSE
PA-MT7-P23,Piper aduncum,September 05 2025,XP202-PR,2,B,15,B15,55,16,2,10,2.5,0.5,0.5,20,0.5,15,1,10,0.5,1,PA,7,FALSE
IS-MT1-P64,Inga silanchensis,May 09 2025,XP202-PR,2,C,4,C4,6,6,3,0.5,2.5,0.5,1,5,2.5,NA,NA,NA,NA,2.5,IS,1,FALSE
BS-MT7-P28,Bactris setulosa,December 3 2025,XP202-PR,2,C,5,C5,5,3,2,10,0.5,10,NA,NA,NA,NA,NA,NA,NA,5,BS,7,FALSE
BU-MT5-P20,Brosimum utile,September 05 2025,XP202-PR,2,C,7,C7,11,0,5,NA,NA,NA,NA,NA,NA,NA,NA,NA,NA,0,BU,5,FALSE
CH-MT4-P87,Cecropia hispidissima,September 05 2025,XP202-PR,2,C,8,C8,11,11,1,1,15,0.5,10,10,10,5,20,2.5,5,2.5,CH,4,FALSE
OP-MT8-P26,Ochroma pyramidale,May 09 2025,XP202-PR,2,C,9,C9,94,64,NA,1,5,5,10,2.5,20,20,20,10,5,5,OP,8,FALSE
CP-MT4-P10,Carapa guianensis,May 09 2025,XP202-PR,2,C,10,C10,11,5,3,2.5,1,2.5,1,2.5,NA,NA,NA,NA,NA,0.5,CP,4,FALSE
BG-MT1-P3,Banara guianensis,September 05 2025,XP202-PR,2,C,15,C15,186,5,7,0.5,0.5,2.5,10,5,20,NA,NA,NA,NA,0.5,BG,1,FALSE
PA-MT3-P17,Piper aduncum,March 20 2025,XP202-PR,3,A,2,A2,NA,NA,NA,NA,NA,NA,NA,NA,NA,NA,NA,NA,NA,NA,PA,3,FALSE
OP-MT9-P64,Ochroma pyramidale,March 20 2025,XP202-PR,3,A,3,A3,NA,NA,NA,NA,NA,NA,NA,NA,NA,NA,NA,NA,NA,NA,OP,9,FALSE
DC-MT2-P9,Dacryodes cupularis,September 05 2025,XP202-PR,3,A,4,A4,6,6,1,0.5,1,0.5,0.5,0.5,0.5,NA,NA,NA,NA,0.5,DC,2,FALSE
IS-MT3-P10,Inga silanchensis,March 20 2025,XP202-PR,3,A,6,A6,26,15,5,0.5,1,5,1,1,1,5,0.5,0.5,5,1,IS,3,FALSE
CH-MT1-P38,Cecropia hispidissima,May 09 2025,XP202-PR,3,A,7,A7,NA,NA,NA,NA,NA,NA,NA,NA,NA,NA,NA,NA,NA,NA,CH,1,FALSE
BU-MT2-P45,Brosimum utile,September 05 2025,XP202-PR,3,A,8,A8,NA,NA,NA,NA,NA,NA,NA,NA,NA,NA,NA,NA,NA,NA,BU,2,FALSE
MC-MT2-P65,Miconia conocuatrecasasii,September 05 2025,XP202-PR,3,A,9,A9,22,20,0,12.5,5,5,15,40,50,5,25,10,10,10,MC,2,FALSE
CP-MT2-P28,Carapa guianensis,May 09 2025,XP202-PR,3,A,10,A10,3,2,2,0.5,0.5,NA,NA,NA,NA,NA,NA,NA,NA,0.5,CP,2,FALSE
BS-MT6-P52,Bactris setulosa,December 3 2025,XP202-PR,3,A,11,A11,2,1,0,0.5,NA,NA,NA,NA,NA,NA,NA,NA,NA,0.5,BS,6,FALSE
BG-MT3-P43,Banara guianensis,September 05 2025,XP202-PR,3,A,15,A15,106,8,7,0.5,0.5,0.5,0.5,1,2.5,5,0.5,NA,NA,0.5,BG,3,FALSE
EA-MT5-P7,Ecuadendron acosta-solisianum,December 3 2025,XP202-PR,3,A,16,A16,26,14,0,0.5,1,5,0.5,1,2.5,0.5,0.5,0.5,1,1,EA,5,FALSE
CH-MT5-P3,Cecropia hispidissima,September 05 2025,XP202-PR,3,B,5,B5,13,10,0,1,2.5,5,5,10,10,2.5,2.5,2.5,1,5,CH,5,FALSE
BG-MT3-P59,Banara guianensis,September 05 2025,XP202-PR,3,B,6,B6,34,4,3,1,0.5,1,0.5,NA,NA,NA,NA,NA,NA,0.5,BG,3,FALSE
PA-MT6-P60,Piper aduncum,May 09 2025,XP202-PR,3,B,7,B7,167,62,3,0.5,0.5,0.5,1,0.5,50,1,0.5,1,5,0.5,PA,6,FALSE
IS-MT1-P19,Inga silanchensis,May 09 2025,XP202-PR,3,B,8,B8,5,5,2,1,5,5,5,10,NA,NA,NA,NA,NA,5,IS,1,FALSE
BS-MT5-P10,Bactris setulosa,September 05 2025,XP202-PR,3,B,9,B9,4,2,1,40,5,NA,NA,NA,NA,NA,NA,NA,NA,10,BS,5,FALSE
MC-MT1-P28,Miconia conocuatrecasasii,September 05 2025,XP202-PR,3,B,10,B10,36,9,0,5,0.5,0.5,0.5,0.5,0.5,1,0.5,0.5,NA,0.5,MC,1,FALSE
OP-MT2-P6,Ochroma pyramidale,March 20 2025,XP202-PR,3,B,11,B11,78,52,NA,5,2.5,5,5,5,10,5,5,5,0.5,5,OP,2,FALSE
DC-MT4-P18,Dacryodes cupularis,September 05 2025,XP202-PR,3,B,13,B13,1,1,0,0.5,NA,NA,NA,NA,NA,NA,NA,NA,NA,0.5,DC,4,FALSE
CP-MT5-P14,Carapa guianensis,September 05 2025,XP202-PR,3,B,14,B14,5,4,2,2.5,0.5,0.5,1,NA,NA,NA,NA,NA,NA,0.5,CP,5,FALSE
BU-MT4-P19,Brosimum utile,September 05 2025,XP202-PR,3,B,15,B15,2,1,0,2.5,NA,NA,NA,NA,NA,NA,NA,NA,NA,1,BU,4,FALSE
EA-MT5-P55,Ecuadendron acosta-solisianum,December 3 2025,XP202-PR,3,B,16,B16,22,19,0,2.5,5,2.5,5,1,2.5,2.5,5,10,20,2.5,EA,5,FALSE
DC-MT3-P50,Dacryodes cupularis,September 05 2025,XP202-PR,3,C,2,C2,3,2,0,2.5,1,NA,NA,NA,NA,NA,NA,NA,NA,1,DC,3,FALSE
CH-MT2-P10,Cecropia hispidissima,September 05 2025,XP202-PR,3,C,3,C3,5,4,0,50,15,2.5,1,NA,NA,NA,NA,NA,NA,7.5,CH,2,FALSE
CP-MT4-P5,Carapa guianensis,May 09 2025,XP202-PR,3,C,5,C5,7,7,2,0.5,0.5,0.5,0.5,0.5,0.5,1,NA,NA,NA,0.5,CP,4,FALSE
BG-MT4-P18,Banara guianensis,September 05 2025,XP202-PR,3,C,7,C7,NA,NA,NA,NA,NA,NA,NA,NA,NA,NA,NA,NA,NA,NA,BG,4,FALSE
OP-MT8-P29,Ochroma pyramidale,May 09 2025,XP202-PR,3,C,8,C8,48,37,NA,2.5,10,2.5,5,5,10,10,2.5,1,10,5,OP,8,FALSE
BU-MT1-P1,Brosimum utile,May 09 2025,XP202-PR,3,C,9,C9,3,1,0,0.5,NA,NA,NA,NA,NA,NA,NA,NA,NA,0.5,BU,1,FALSE
IS-MT5-P38,Inga silanchensis,December 3 2025,XP202-PR,3,C,12,C12,NA,NA,NA,NA,NA,NA,NA,NA,NA,NA,NA,NA,NA,NA,IS,5,FALSE
BS-MT6-P41,Bactris setulosa,December 3 2025,XP202-PR,3,C,13,C13,3,2,0,50,5,NA,NA,NA,NA,NA,NA,NA,NA,17.5,BS,6,FALSE
IS-MT3-P71,Inga silanchensis,March 20 2025,XP202-PR,4,A,1,A1,12,10,4,1,0.5,1,0.5,0.5,0.5,0.5,0.5,0.5,1,0.5,IS,3,FALSE
DC-MT5-P18,Dacryodes cupularis,September 05 2025,XP202-PR,4,A,2,A2,NA,NA,NA,NA,NA,NA,NA,NA,NA,NA,NA,NA,NA,NA,DC,5,FALSE
OP-MT9-P74,Ochroma pyramidale,March 20 2025,XP202-PR,4,A,3,A3,94,90,NA,10,10,15,10,10,5,20,10,5,1,10,OP,9,FALSE
CP-MT5-P25,Carapa guianensis,September 05 2025,XP202-PR,4,A,4,A4,5,2,2,1,1,NA,NA,NA,NA,NA,NA,NA,NA,0.5,CP,5,FALSE
BS-MT5-P71,Bactris setulosa,December 3 2025,XP202-PR,4,A,5,A5,2,2,0,0.5,5,NA,NA,NA,NA,NA,NA,NA,NA,5,BS,5,FALSE
MC-MT1-P60,Miconia conocuatrecasasii,September 05 2025,XP202-PR,4,A,10,A10,58,21,0,5,0.5,30,25,10,7.5,1,5,2.5,10,2.5,MC,1,FALSE
CH-MT3-P62,Cecropia hispidissima,September 05 2025,XP202-PR,4,A,11,A11,16,14,0,1,0.5,0.5,0.5,1,1,0.5,2.5,5,1,1,CH,3,FALSE
BU-MT4-P9,Brosimum utile,September 05 2025,XP202-PR,4,A,12,A12,8,2,3,0.5,1,NA,NA,NA,NA,NA,NA,NA,NA,0.5,BU,4,FALSE
BG-MT2-P77,Banara guianensis,September 05 2025,XP202-PR,4,A,14,A14,98,12,12,25,10,5,20,10,1,0.5,0.5,10,1,0.5,BG,2,FALSE
VB-MT1-P26,Vismia baccifera,September 05 2025,XP202-PR,4,A,15,A15,417,16,35,10,0.5,1,12.5,0.5,25,0.5,0.5,10,1,0.5,VB,1,FALSE
OP-MT2-P56,Ochroma pyramidale,March 20 2025,XP202-PR,4,B,1,B1,71,71,NA,2.5,5,5,2.5,5,10,15,10,15,2.5,5,OP,2,FALSE
BS-MT7-P14,Bactris setulosa,September 05 2025,XP202-PR,4,B,2,B2,2,1,0,5,NA,NA,NA,NA,NA,NA,NA,NA,NA,2.5,BS,7,FALSE
MC-MT3-P57,Miconia conocuatrecasasii,September 05 2025,XP202-PR,4,B,3,B3,18,8,3,2.5,0.5,0.5,10,25,45,10,10,NA,NA,2.5,MC,3,FALSE
IS-MT2-P89,Inga silanchensis,March 20 2025,XP202-PR,4,B,4,B4,11,9,8,0.5,1,2.5,1,2.5,0.5,2.5,1,0.5,NA,1,IS,2,FALSE
PA-MT7-P34,Piper aduncum,September 05 2025,XP202-PR,4,B,5,B5,119,24,5,1,1,5,1,1,1,1,0.5,10,0.5,0.5,PA,7,FALSE
EA-MT2-P19,Ecuadendron acosta-solisianum,May 09 2025,XP202-PR,4,B,8,B8,50,22,0,5,1,25,1,0.5,0.5,0.5,1,0.5,2.5,0.5,EA,2,FALSE
CH-MT3-P70,Cecropia hispidissima,September 05 2025,XP202-PR,4,B,12,B12,12,10,0,1,0.5,1,1,1,0.5,2.5,0.5,5,25,1,CH,3,FALSE
BG-MT5-P7,Banara guianensis,September 05 2025,XP202-PR,4,B,13,B13,83,34,20,2.5,5,1,1,1,7.5,10,0.5,1,0.5,0.5,BG,5,FALSE
BU-MT3-P32,Brosimum utile,September 05 2025,XP202-PR,4,B,14,B14,NA,NA,NA,NA,NA,NA,NA,NA,NA,NA,NA,NA,NA,NA,BU,3,FALSE
CH-MT1-P44,Cecropia hispidissima,May 09 2025,XP202-PR,4,C,1,C1,NA,NA,NA,NA,NA,NA,NA,NA,NA,NA,NA,NA,NA,NA,CH,1,FALSE
BS-MT5-P13,Bactris setulosa,September 05 2025,XP202-PR,4,C,2,C2,5,4,2,50,45,25,0.5,NA,NA,NA,NA,NA,NA,15,BS,5,FALSE
CP-MT2-P11,Carapa guianensis,May 09 2025,XP202-PR,4,C,4,C4,7,7,4,0.5,0.5,1,0.5,0.5,2.5,2.5,NA,NA,NA,1,CP,2,FALSE
EA-MT1-P70,Ecuadendron acosta-solisianum,December 3 2025,XP202-PR,4,C,6,C6,12,7,2,1,1,2.5,10,0.5,0.5,0.5,NA,NA,NA,1,EA,1,FALSE
BG-MT1-P67,Banara guianensis,September 05 2025,XP202-PR,4,C,7,C7,76,17,24,5,1,0.5,5,50,10,15,5,10,5,0.5,BG,1,FALSE
BU-MT2-P51,Brosimum utile,September 05 2025,XP202-PR,4,C,9,C9,6,0,2,NA,NA,NA,NA,NA,NA,NA,NA,NA,NA,0,BU,2,FALSE
PA-MT6-P3,Piper aduncum,May 09 2025,XP202-PR,4,C,11,C11,290,88,18,0.5,1,1,1,0.5,5,1,2.5,0.5,5,0.5,PA,6,FALSE
OP-MT7-P41,Ochroma pyramidale,May 09 2025,XP202-PR,4,C,12,C12,42,24,NA,2.5,1,5,2.5,1,0.5,0.5,0.5,5,2.5,1,OP,7,FALSE
DC-MT1-P27,Dacryodes cupularis,September 05 2025,XP202-PR,4,C,13,C13,NA,NA,NA,NA,NA,NA,NA,NA,NA,NA,NA,NA,NA,NA,DC,1,FALSE
IS-MT5-P57,Inga silanchensis,December 3 2025,XP202-PR,4,C,14,C14,7,5,4,1,0.5,0.5,2.5,0.5,NA,NA,NA,NA,NA,1,IS,5,FALSE
MC-MT2-P8,Miconia conocuatrecasasii,September 05 2025,XP202-PR,4,C,15,C15,40,7,0,2.5,0.5,0.5,50,45,30,10,NA,NA,NA,1,MC,2,FALSE
OP-MT9-P76,Ochroma pyramidale,March 20 2025,XP202-PR,5,A,1,A1,10,3,1,0.5,0.5,0.5,NA,NA,NA,NA,NA,NA,NA,0.5,OP,9,FALSE
CP-MT4-P60,Carapa guianensis,May 09 2025,XP202-PR,5,A,2,A2,NA,NA,NA,NA,NA,NA,NA,NA,NA,NA,NA,NA,NA,NA,CP,4,FALSE
PA-MT6-P17,Piper aduncum,May 09 2025,XP202-PR,5,A,3,A3,NA,NA,NA,NA,NA,NA,NA,NA,NA,NA,NA,NA,NA,NA,PA,6,FALSE
BG-MT4-P76,Banara guianensis,September 05 2025,XP202-PR,5,A,7,A7,NA,NA,NA,NA,NA,NA,NA,NA,NA,NA,NA,NA,NA,NA,BG,4,FALSE
DC-MT4-P40,Dacryodes cupularis,September 05 2025,XP202-PR,5,A,10,A10,NA,NA,NA,NA,NA,NA,NA,NA,NA,NA,NA,NA,NA,NA,DC,4,FALSE
CH-MT2-P22,Cecropia hispidissima,September 05 2025,XP202-PR,5,A,11,A11,NA,NA,NA,NA,NA,NA,NA,NA,NA,NA,NA,NA,NA,NA,CH,2,FALSE
IS-MT5-P11,Inga silanchensis,March 20 2025,XP202-PR,5,B,1,B1,NA,NA,NA,NA,NA,NA,NA,NA,NA,NA,NA,NA,NA,NA,IS,5,FALSE
CP-MT2-P4,Carapa guianensis,May 09 2025,XP202-PR,5,B,2,B2,NA,NA,NA,NA,NA,NA,NA,NA,NA,NA,NA,NA,NA,NA,CP,2,FALSE
OP-MT7-P28,Ochroma pyramidale,May 09 2025,XP202-PR,5,B,3,B3,NA,NA,NA,NA,NA,NA,NA,NA,NA,NA,NA,NA,NA,NA,OP,7,FALSE
DC-MT1-P84,Dacryodes cupularis,September 05 2025,XP202-PR,5,B,7,B7,NA,NA,NA,NA,NA,NA,NA,NA,NA,NA,NA,NA,NA,NA,DC,1,FALSE
BG-MT5-P53,Banara guianensis,September 05 2025,XP202-PR,5,B,8,B8,NA,NA,NA,NA,NA,NA,NA,NA,NA,NA,NA,NA,NA,NA,BG,5,FALSE
CP-MT3-P8,Carapa guianensis,May 09 2025,XP202-PR,5,C,1,C1,NA,NA,NA,NA,NA,NA,NA,NA,NA,NA,NA,NA,NA,NA,CP,3,FALSE
OP-MT8-P41,Ochroma pyramidale,May 09 2025,XP202-PR,5,C,2,C2,NA,NA,NA,NA,NA,NA,NA,NA,NA,NA,NA,NA,NA,NA,OP,8,FALSE
BU-MT1-P36,Brosimum utile,May 09 2025,XP202-PR,5,C,4,C4,NA,NA,NA,NA,NA,NA,NA,NA,NA,NA,NA,NA,NA,NA,BU,1,FALSE
CH-MT5-P19,Cecropia hispidissima,September 05 2025,XP202-PR,5,C,6,C6,NA,NA,NA,NA,NA,NA,NA,NA,NA,NA,NA,NA,NA,NA,CH,5,FALSE
IS-MT2-P63,Inga silanchensis,December 3 2025,XP202-PR,5,C,7,C7,NA,NA,NA,NA,NA,NA,NA,NA,NA,NA,NA,NA,NA,NA,IS,2,FALSE
DC-MT3-P35,Dacryodes cupularis,September 05 2025,XP202-PR,5,C,8,C8,NA,NA,NA,NA,NA,NA,NA,NA,NA,NA,NA,NA,NA,NA,DC,3,FALSE
BG-MT2-P87,Banara guianensis,September 05 2025,XP202-PR,5,C,13,C13,NA,NA,NA,NA,NA,NA,NA,NA,NA,NA,NA,NA,NA,NA,BG,2,FALSE
MC-MT3-P70,Miconia conocuatrecasasii,August 25 2025,XP203-PR,1,A,1,A1,12,9,2,1,15,15,5,15,1,10,25,0.5,NA,10,MC,3,FALSE
BG-MT1-P42,Banara guianensis,August 25 2025,XP203-PR,1,A,3,A3,50,3,9,0.5,1,5,NA,NA,NA,NA,NA,NA,NA,0.5,BG,1,FALSE
BU-MT3-P12,Brosimum utile,August 25 2025,XP203-PR,1,A,7,A7,4,1,0,0.5,NA,NA,NA,NA,NA,NA,NA,NA,NA,0.5,BU,3,FALSE
DC-MT1-P78,Dacryodes cupularis,August 25 2025,XP203-PR,1,A,8,A8,3,1,1,0.5,NA,NA,NA,NA,NA,NA,NA,NA,NA,0.5,DC,1,FALSE
BS-MT5-P44,Bactris setulosa,November 25 2025,XP203-PR,1,A,9,A9,3,2,1,1,50,NA,NA,NA,NA,NA,NA,NA,NA,10,BS,5,FALSE
IS-MT3-P20,Inga silanchensis,March 25 2025,XP203-PR,1,A,10,A10,3,1,2,2.5,NA,NA,NA,NA,NA,NA,NA,NA,NA,0.5,IS,3,FALSE
OP-MT8-P40,Ochroma pyramidale,May 14 2025,XP203-PR,1,A,11,A11,6,5,0,0.5,0.5,0.5,0.5,0.5,NA,NA,NA,NA,NA,0.5,OP,8,FALSE
PA-MT3-P49,Piper aduncum,March 25 2025,XP203-PR,1,A,12,A12,96,21,1,5,1,0.5,0.5,0.5,10,1,1,1,10,0.5,PA,3,FALSE
CH-MT2-P37,Cecropia hispidissima,August 25 2025,XP203-PR,1,A,14,A14,2,0,0,NA,NA,NA,NA,NA,NA,NA,NA,NA,NA,0,CH,2,FALSE
EA-MT1-P52,Ecuadendron acosta-solisianum,November 25 2025,XP203-PR,1,B,2,B2,15,7,0,1,0.5,5,1,5,1,0.5,NA,NA,NA,0.5,EA,1,FALSE
IS-MT4-P42,Inga silanchensis,May 14 2025,XP203-PR,1,B,4,B4,5,3,0,0.5,1,0.5,NA,NA,NA,NA,NA,NA,NA,0.5,IS,4,FALSE
BS-MT5-P60,Bactris setulosa,November 25 2025,XP203-PR,1,B,5,B5,1,0,0,NA,NA,NA,NA,NA,NA,NA,NA,NA,NA,0,BS,5,FALSE
CH-MT1-P15,Cecropia hispidissima,May 14 2025,XP203-PR,1,B,8,B8,NA,NA,NA,NA,NA,NA,NA,NA,NA,NA,NA,NA,NA,NA,CH,1,FALSE
BU-MT3-P8,Brosimum utile,August 25 2025,XP203-PR,1,B,9,B9,4,1,1,0.5,NA,NA,NA,NA,NA,NA,NA,NA,NA,0.5,BU,3,FALSE
CP-MT4-P67,Carapa guianensis,May 14 2025,XP203-PR,1,B,11,B11,3,0,0,NA,NA,NA,NA,NA,NA,NA,NA,NA,NA,0,CP,4,FALSE
DC-MT1-P11,Dacryodes cupularis,August 25 2025,XP203-PR,1,B,13,B13,3,2,0,0.5,5,NA,NA,NA,NA,NA,NA,NA,NA,0.5,DC,1,FALSE
BG-MT4-P19,Banara guianensis,August 25 2025,XP203-PR,1,B,14,B14,27,4,6,22.5,0.5,0.5,47.5,NA,NA,NA,NA,NA,NA,1,BG,4,FALSE
MC-MT1-P52,Miconia conocuatrecasasii,August 25 2025,XP203-PR,1,C,1,C1,26,11,1,0.5,0.5,0.5,0.5,0.5,1,1,1,0.5,0.5,0.5,MC,1,FALSE
IS-MT1-P17,Inga silanchensis,May 14 2025,XP203-PR,1,C,2,C2,4,4,1,50,0.5,10,75,NA,NA,NA,NA,NA,NA,55,IS,1,FALSE
CH-MT1-P47,Cecropia hispidissima,May 14 2025,XP203-PR,1,C,4,C4,2,1,0,45,NA,NA,NA,NA,NA,NA,NA,NA,NA,22.5,CH,1,FALSE
BU-MT1-P14,Brosimum utile,May 14 2025,XP203-PR,1,C,6,C6,0,0,0,NA,NA,NA,NA,NA,NA,NA,NA,NA,NA,0,BU,1,FALSE
PA-MT6-P6,Piper aduncum,May 14 2025,XP203-PR,1,C,7,C7,95,90,0,1,0.5,0.5,2.5,2.5,0.5,0.5,2.5,0.5,0.5,0.5,PA,6,FALSE
OP-MT8-P35,Ochroma pyramidale,May 14 2025,XP203-PR,1,C,8,C8,NA,NA,NA,NA,NA,NA,NA,NA,NA,NA,NA,NA,NA,NA,OP,8,FALSE
OP-MT8-P47,Ochroma pyramidale,November 25 2025,XP203-PR,1,C,8,C8,11,3,0,0.5,0.5,1,NA,NA,NA,NA,NA,NA,NA,0.5,OP,8,FALSE
BG-MT2-P62,Banara guianensis,August 25 2025,XP203-PR,1,C,12,C12,105,5,7,25,0.5,5,1,1,NA,NA,NA,NA,NA,0.5,BG,2,FALSE
EA-MT1-P26,Ecuadendron acosta-solisianum,November 25 2025,XP203-PR,1,C,13,C13,19,9,0,0.5,0.5,0.5,0.5,10,2.5,5,5,0.5,NA,0.5,EA,1,FALSE
BS-MT7-P61,Bactris setulosa,November 25 2025,XP203-PR,1,C,14,C14,3,2,1,0.5,5,NA,NA,NA,NA,NA,NA,NA,NA,1,BS,7,FALSE
CP-MT5-P16,Carapa guianensis,August 25 2025,XP203-PR,1,C,15,C15,7,7,3,1,5,5,1,5,10,1,NA,NA,NA,2.5,CP,5,FALSE
BS-MT6-P82,Bactris setulosa,November 25 2025,XP203-PR,2,A,2,A2,3,2,2,0.5,1,NA,NA,NA,NA,NA,NA,NA,NA,0.5,BS,6,FALSE
PA-MT7-P22,Piper aduncum,August 25 2025,XP203-PR,2,A,3,A3,61,25,0,0.5,0.5,1,1,1,5,0.5,35,25,10,0.5,PA,7,FALSE
BG-MT4-P39,Banara guianensis,August 25 2025,XP203-PR,2,A,4,A4,81,38,35,5,0.5,2.5,2.5,20,10,2.5,1,1,20,1,BG,4,FALSE
DC-MT5-P11,Dacryodes cupularis,August 25 2025,XP203-PR,2,A,5,A5,6,5,2,0.5,0.5,1,1,2.5,NA,NA,NA,NA,NA,1,DC,5,FALSE
IS-MT2-P49,Inga silanchensis,March 25 2025,XP203-PR,2,A,6,A6,5,5,0,1,0.5,1,1,1,NA,NA,NA,NA,NA,1,IS,2,FALSE
CH-MT5-P15,Cecropia hispidissima,August 25 2025,XP203-PR,2,A,7,A7,7,7,0,10,20,20,20,50,70,20,NA,NA,NA,25,CH,5,FALSE
OP-MT2-P24,Ochroma pyramidale,March 25 2025,XP203-PR,2,A,8,A8,42,39,3,2.5,5,2.5,5,5,5,10,2.5,1,1,2.5,OP,2,FALSE
EA-MT4-P4,Ecuadendron acosta-solisianum,May 14 2025,XP203-PR,2,A,10,A10,42,41,3,2.5,10,2.5,15,1,5,5,15,1,1,2.5,EA,4,FALSE
CP-MT5-P52,Carapa guianensis,August 25 2025,XP203-PR,2,A,13,A13,5,4,2,1,2.5,0.5,1,NA,NA,NA,NA,NA,NA,1,CP,5,FALSE
BU-MT2-P52,Brosimum utile,August 25 2025,XP203-PR,2,A,15,A15,10,0,3,NA,NA,NA,NA,NA,NA,NA,NA,NA,NA,0,BU,2,FALSE
MC-MT2-P5,Miconia conocuatrecasasii,August 25 2025,XP203-PR,2,A,16,A16,18,13,0,1,50,25,80,90,1,5,75,50,5,7.5,MC,2,FALSE
IS-MT5-P24,Inga silanchensis,March 25 2025,XP203-PR,2,B,1,B1,4,2,0,5,0.5,NA,NA,NA,NA,NA,NA,NA,NA,1,IS,5,FALSE
CH-MT5-P54,Cecropia hispidissima,August 25 2025,XP203-PR,2,B,2,B2,10,9,0,20,5,5,20,30,10,20,20,30,NA,20,CH,5,FALSE
OP-MT2-P60,Ochroma pyramidale,November 25 2025,XP203-PR,2,B,4,B4,9,5,0,0.5,0.5,0.5,40,0.5,NA,NA,NA,NA,NA,1,OP,2,FALSE
BU-MT1-P37,Brosimum utile,May 14 2025,XP203-PR,2,B,5,B5,7,3,3,2.5,1,0.5,NA,NA,NA,NA,NA,NA,NA,0.5,BU,1,FALSE
CP-MT1-P11,Carapa guianensis,August 25 2025,XP203-PR,2,B,7,B7,7,7,3,1,0.5,0.5,0.5,0.5,5,25,1,NA,NA,1,CP,1,FALSE
BS-MT7-P16,Bactris setulosa,August 25 2025,XP203-PR,2,B,8,B8,5,4,2,1,5,10,10,NA,NA,NA,NA,NA,NA,5,BS,7,FALSE
DC-MT3-P53,Dacryodes cupularis,August 25 2025,XP203-PR,2,B,10,B10,2,1,1,5,NA,NA,NA,NA,NA,NA,NA,NA,NA,5,DC,3,FALSE
BG-MT3-P29,Banara guianensis,August 25 2025,XP203-PR,2,B,14,B14,158,29,9,30,1,1,80,1,12.5,1,5,1,0.5,1,BG,3,FALSE
EA-MT1-P65,Ecuadendron acosta-solisianum,November 25 2025,XP203-PR,2,B,15,B15,20,8,0,1,0.5,0.5,0.5,2.5,2.5,0.5,0.5,NA,NA,0.5,EA,1,FALSE
OP-MT7-P31,Ochroma pyramidale,May 14 2025,XP203-PR,2,C,2,C2,17,11,0,1,0.5,0.5,20,7.5,5,0.5,0.5,0.5,0.5,1,OP,7,FALSE
CP-MT2-P6,Carapa guianensis,May 14 2025,XP203-PR,2,C,3,C3,8,6,6,0.5,2.5,0.5,1,5,NA,NA,NA,NA,NA,2.5,CP,2,FALSE
IS-MT1-P35,Inga silanchensis,May 14 2025,XP203-PR,2,C,6,C6,6,6,3,0.5,1,0.5,5,50,10,NA,NA,NA,NA,10,IS,1,FALSE
BS-MT6-P11,Bactris setulosa,August 25 2025,XP203-PR,2,C,8,C8,5,4,2,1,0.5,5,5,NA,NA,NA,NA,NA,NA,1,BS,6,FALSE
BG-MT5-P88,Banara guianensis,August 25 2025,XP203-PR,2,C,11,C11,14,0,3,NA,NA,NA,NA,NA,NA,NA,NA,NA,NA,0,BG,5,FALSE
BU-MT4-P8,Brosimum utile,August 25 2025,XP203-PR,2,C,12,C12,4,1,1,0.5,NA,NA,NA,NA,NA,NA,NA,NA,NA,0.5,BU,4,FALSE
CH-MT4-P96,Cecropia hispidissima,August 25 2025,XP203-PR,2,C,14,C14,7,6,0,0.5,40,5,20,20,20,NA,NA,NA,NA,15,CH,4,FALSE
MC-MT1-P29,Miconia conocuatrecasasii,August 25 2025,XP203-PR,2,C,16,C16,19,10,1,1,0.5,10,0.5,1,5,1,2.5,10,2.5,1,MC,1,FALSE
IS-MT3-P56,Inga silanchensis,March 25 2025,XP203-PR,3,A,1,A1,NA,NA,NA,NA,NA,NA,NA,NA,NA,NA,NA,NA,NA,NA,IS,3,FALSE
EA-MT5-P61,Ecuadendron acosta-solisianum,November 25 2025,XP203-PR,3,A,2,A2,12,8,0,25,0.5,0.5,1,1,5,5,0.5,NA,NA,1,EA,5,FALSE
DC-MT4-P81,Dacryodes cupularis,August 25 2025,XP203-PR,3,A,5,A5,5,1,2,0.5,NA,NA,NA,NA,NA,NA,NA,NA,NA,0.5,DC,4,FALSE
CH-MT4-P6,Cecropia hispidissima,August 25 2025,XP203-PR,3,A,6,A6,4,4,0,95,95,25,25,NA,NA,NA,NA,NA,NA,60,CH,4,FALSE
CP-MT3-P31,Carapa guianensis,May 14 2025,XP203-PR,3,A,8,A8,3,0,0,NA,NA,NA,NA,NA,NA,NA,NA,NA,NA,0,CP,3,FALSE
OP-MT9-P18,Ochroma pyramidale,March 25 2025,XP203-PR,3,A,9,A9,9,3,0,0.5,1,0.5,0.5,NA,NA,NA,NA,NA,NA,0.5,OP,9,FALSE
BS-MT1-P52,Bactris setulosa,November 25 2025,XP203-PR,3,A,11,A11,3,2,2,50,0.5,NA,NA,NA,NA,NA,NA,NA,NA,15,BS,1,FALSE
VB-MT1-P25,Vismia baccifera,August 25 2025,XP203-PR,3,A,12,A12,217,120,0,5,10,25,2.5,5,2.5,30,10,25,1,2.5,VB,1,FALSE
PA-MT3-P53,Piper aduncum,November 25 2025,XP203-PR,3,A,14,A14,10,4,0,2.5,1,10,0.5,NA,NA,NA,NA,NA,NA,2.5,PA,3,FALSE
BG-MT2-P37,Banara guianensis,August 25 2025,XP203-PR,3,A,15,A15,40,7,10,2.5,1,1,2.5,1,35,0.5,NA,NA,NA,1,BG,2,FALSE
BU-MT5-P31,Brosimum utile,August 25 2025,XP203-PR,3,A,16,A16,5,1,2,20,NA,NA,NA,NA,NA,NA,NA,NA,NA,5,BU,5,FALSE
OP-MT2-P20,Ochroma pyramidale,March 25 2025,XP203-PR,3,B,1,B1,6,2,0,0.5,0.5,NA,NA,NA,NA,NA,NA,NA,NA,0.5,OP,2,FALSE
BG-MT3-P72,Banara guianensis,August 25 2025,XP203-PR,3,B,2,B2,49,2,0,1,0.5,NA,NA,NA,NA,NA,NA,NA,NA,0.5,BG,3,FALSE
IS-MT5-P46,Inga silanchensis,March 25 2025,XP203-PR,3,B,3,B3,3,3,1,5,1,0.5,NA,NA,NA,NA,NA,NA,NA,1,IS,5,FALSE
CP-MT1-P52,Carapa guianensis,August 25 2025,XP203-PR,3,B,7,B7,2,1,0,0.5,NA,NA,NA,NA,NA,NA,NA,NA,NA,0.5,CP,1,FALSE
MC-MT1-P49,Miconia conocuatrecasasii,August 25 2025,XP203-PR,3,B,8,B8,30,12,0,0.5,0.5,1,0.5,5,5,1,1,10,5,0.5,MC,1,FALSE
BS-MT1-P7,Bactris setulosa,August 25 2025,XP203-PR,3,B,9,B9,7,6,3,2.5,0.5,5,5,2.5,0.5,NA,NA,NA,NA,0.5,BS,1,FALSE
EA-MT1-P64,Ecuadendron acosta-solisianum,November 25 2025,XP203-PR,3,B,10,B10,21,7,0,1,0.5,0.5,1,10,5,2.5,NA,NA,NA,0.5,EA,1,FALSE
BU-MT4-P72,Brosimum utile,August 25 2025,XP203-PR,3,B,13,B13,7,1,3,0.5,NA,NA,NA,NA,NA,NA,NA,NA,NA,0.5,BU,4,FALSE
CH-MT3-P58,Cecropia hispidissima,August 25 2025,XP203-PR,3,B,16,B16,3,3,0,95,95,5,NA,NA,NA,NA,NA,NA,NA,65,CH,3,FALSE
CP-MT2-P9,Carapa guianensis,May 14 2025,XP203-PR,3,C,4,C4,6,5,4,2.5,2.5,0.5,1,1,NA,NA,NA,NA,NA,1,CP,2,FALSE
BG-MT3-P70,Banara guianensis,August 25 2025,XP203-PR,3,C,6,C6,18,8,0,50,75,5,80,80,50,80,1,NA,NA,10,BG,3,FALSE
EA-MT3-P17,Ecuadendron acosta-solisianum,May 14 2025,XP203-PR,3,C,7,C7,NA,NA,NA,NA,NA,NA,NA,NA,NA,NA,NA,NA,NA,NA,EA,3,FALSE
EA-MT1-P98,Ecuadendron acosta-solisianum,November 25 2025,XP203-PR,3,C,7,C7,17,12,1,5,0.5,0.5,0.5,5,1,1,0.5,0.5,0.5,0.5,EA,1,FALSE
CH-MT5-P16,Cecropia hispidissima,August 25 2025,XP203-PR,3,C,9,C9,5,4,1,0.5,5,10,50,NA,NA,NA,NA,NA,NA,10,CH,5,FALSE
MC-MT2-P22,Miconia conocuatrecasasii,August 25 2025,XP203-PR,3,C,10,C10,0,0,0,NA,NA,NA,NA,NA,NA,NA,NA,NA,NA,0,MC,2,FALSE
OP-MT6-P33,Ochroma pyramidale,May 14 2025,XP203-PR,3,C,11,C11,12,10,0,0.5,0.5,0.5,0.5,0.5,0.5,2.5,0.5,1,0.5,0.5,OP,6,FALSE
BS-MT5-P18,Bactris setulosa,August 25 2025,XP203-PR,3,C,12,C12,6,4,1,20,1,10,5,NA,NA,NA,NA,NA,NA,7.5,BS,5,FALSE
BU-MT5-P25,Brosimum utile,August 25 2025,XP203-PR,3,C,14,C14,1,0,0,NA,NA,NA,NA,NA,NA,NA,NA,NA,NA,0,BU,5,FALSE
DC-MT4-P68,Dacryodes cupularis,August 25 2025,XP203-PR,3,C,15,C15,3,2,1,0.5,0.5,NA,NA,NA,NA,NA,NA,NA,NA,0.5,DC,4,FALSE
IS-MT3-P25,Inga silanchensis,November 25 2025,XP203-PR,3,C,16,C16,6,6,2,0.5,5,2.5,0.5,0.5,50,NA,NA,NA,NA,2.5,IS,3,FALSE
DC-MT3-P21,Dacryodes cupularis,August 25 2025,XP203-PR,4,A,2,A2,4,4,0,15,0.5,50,1,NA,NA,NA,NA,NA,NA,15,DC,3,FALSE
IS-MT2-P62,Inga silanchensis,March 25 2025,XP203-PR,4,A,3,A3,9,5,2,10,2.5,0.5,50,25,NA,NA,NA,NA,NA,15,IS,2,FALSE
CP-MT3-P5,Carapa guianensis,May 14 2025,XP203-PR,4,A,4,A4,6,5,0,0.5,2.5,5,1,0.5,NA,NA,NA,NA,NA,1,CP,3,FALSE
CH-MT2-P6,Cecropia hispidissima,August 25 2025,XP203-PR,4,A,5,A5,9,8,2,0.5,0.5,0.5,0.5,1,5,10,5,NA,NA,5,CH,2,FALSE
BG-MT1-P98,Banara guianensis,August 25 2025,XP203-PR,4,A,8,A8,78,4,6,5,0.5,0.5,1,NA,NA,NA,NA,NA,NA,0.5,BG,1,FALSE
OP-MT9-P21,Ochroma pyramidale,March 25 2025,XP203-PR,4,A,9,A9,NA,NA,NA,NA,NA,NA,NA,NA,NA,NA,NA,NA,NA,NA,OP,9,FALSE
OP-MT9-P19,Ochroma pyramidale,November 25 2025,XP203-PR,4,A,9,A9,8,5,2,2.5,5,5,25,1,NA,NA,NA,NA,NA,7.5,OP,9,FALSE
PA-MT3-P11,Piper aduncum,March 25 2025,XP203-PR,4,A,10,A10,180,62,6,5,5,2.5,10,0.5,0.5,0.5,5,2.5,1,1,PA,3,FALSE
BU-MT3-P50,Brosimum utile,August 25 2025,XP203-PR,4,A,12,A12,5,1,2,1,NA,NA,NA,NA,NA,NA,NA,NA,NA,1,BU,3,FALSE
MC-MT3-P51,Miconia conocuatrecasasii,August 25 2025,XP203-PR,4,A,13,A13,26,18,0,50,25,20,40,5,10,15,1,5,0.5,5,MC,3,FALSE
BS-MT5-P9,Bactris setulosa,August 25 2025,XP203-PR,4,A,15,A15,5,4,0,25,1,20,25,NA,NA,NA,NA,NA,NA,10,BS,5,FALSE
DC-MT2-P17,Dacryodes cupularis,August 25 2025,XP203-PR,4,B,1,B1,4,3,1,1,10,5,NA,NA,NA,NA,NA,NA,NA,5,DC,2,FALSE
IS-MT4-P11,Inga silanchensis,May 14 2025,XP203-PR,4,B,2,B2,7,7,4,0.5,1,1,7.5,15,5,15,NA,NA,NA,0.5,IS,4,FALSE
PA-MT7-P46,Piper aduncum,August 25 2025,XP203-PR,4,B,3,B3,86,32,0,1,0.5,2.5,2.5,10,10,1,5,2.5,5,0.5,PA,7,FALSE
BS-MT1-P63,Bactris setulosa,November 25 2025,XP203-PR,4,B,6,B6,NA,NA,NA,NA,NA,NA,NA,NA,NA,NA,NA,NA,NA,NA,BS,1,FALSE
MC-MT2-P63,Miconia conocuatrecasasii,August 25 2025,XP203-PR,4,B,7,B7,60,10,0,0.5,1,0.5,0.5,0.5,0.5,1,25,90,2.5,5,MC,2,FALSE
CH-MT3-P48,Cecropia hispidissima,August 25 2025,XP203-PR,4,B,9,B9,5,5,0,80,70,10,80,0.5,NA,NA,NA,NA,NA,70,CH,3,FALSE
OP-MT7-P23,Ochroma pyramidale,May 14 2025,XP203-PR,4,B,10,B10,15,15,0,0.5,0.5,0.5,0.5,1,1,0.5,0.5,0.5,0.5,0.5,OP,7,FALSE
EA-MT2-P9,Ecuadendron acosta-solisianum,May 14 2025,XP203-PR,4,B,12,B12,20,5,5,1,0.5,1,1,2.5,20,NA,NA,NA,NA,0.5,EA,2,FALSE
BG-MT5-P33,Banara guianensis,August 25 2025,XP203-PR,4,B,13,B13,31,7,5,1,25,10,2.5,0.5,20,0.5,NA,NA,NA,2.5,BG,5,FALSE
BU-MT2-P6,Brosimum utile,August 25 2025,XP203-PR,4,B,14,B14,5,3,2,0.5,0.5,0.5,NA,NA,NA,NA,NA,NA,NA,0.5,BU,2,FALSE
VB-MT1-P46,Vismia baccifera,August 25 2025,XP203-PR,4,C,1,C1,76,42,0,20,25,0.5,25,10,2.5,40,60,20,45,7.5,VB,1,FALSE
CP-MT4-P47,Carapa guianensis,May 14 2025,XP203-PR,4,C,3,C3,8,6,4,5,1,0.5,0.5,0.5,1,NA,NA,NA,NA,0.5,CP,4,FALSE
EA-MT5-P13,Ecuadendron acosta-solisianum,November 25 2025,XP203-PR,4,C,5,C5,16,5,0,50,1,0.5,0.5,0.5,0.5,NA,NA,NA,NA,0.5,EA,5,FALSE
OP-MT6-P6,Ochroma pyramidale,May 14 2025,XP203-PR,4,C,7,C7,3,1,0,2.5,NA,NA,NA,NA,NA,NA,NA,NA,NA,1,OP,6,FALSE
DC-MT5-P79,Dacryodes cupularis,August 25 2025,XP203-PR,4,C,9,C9,2,0,0,NA,NA,NA,NA,NA,NA,NA,NA,NA,NA,0,DC,5,FALSE
CH-MT4-P83,Cecropia hispidissima,August 25 2025,XP203-PR,4,C,10,C10,5,4,0,90,75,40,10,NA,NA,NA,NA,NA,NA,40,CH,4,FALSE
PA-MT6-P69,Piper aduncum,May 14 2025,XP203-PR,4,C,11,C11,34,12,0,0.5,0.5,2.5,1,5,5,5,2.5,1,0.5,0.5,PA,6,FALSE
BS-MT6-P80,Bactris setulosa,November 25 2025,XP203-PR,4,C,12,C12,4,3,0,50,2.5,40,NA,NA,NA,NA,NA,NA,NA,35,BS,6,FALSE
BU-MT2-P35,Brosimum utile,August 25 2025,XP203-PR,4,C,13,C13,NA,NA,NA,NA,NA,NA,NA,NA,NA,NA,NA,NA,NA,NA,BU,2,FALSE
IS-MT2-P23,Inga silanchensis,November 25 2025,XP203-PR,4,C,15,C15,3,3,0,0.5,10,10,NA,NA,NA,NA,NA,NA,NA,7.5,IS,2,FALSE
BG-MT1-P97,Banara guianensis,August 25 2025,XP203-PR,4,C,16,C16,14,1,0,0.5,NA,NA,NA,NA,NA,NA,NA,NA,NA,0.5,BG,1,FALSE
OP-MT2-P9,Ochroma pyramidale,March 25 2025,XP203-PR,5,A,1,A1,NA,NA,NA,NA,NA,NA,NA,NA,NA,NA,NA,NA,NA,NA,OP,2,FALSE
CP-MT3-P42,Carapa guianensis,May 14 2025,XP203-PR,5,A,2,A2,NA,NA,NA,NA,NA,NA,NA,NA,NA,NA,NA,NA,NA,NA,CP,3,FALSE
DC-MT4-P12,Dacryodes cupularis,August 25 2025,XP203-PR,5,A,4,A4,NA,NA,NA,NA,NA,NA,NA,NA,NA,NA,NA,NA,NA,NA,DC,4,FALSE
BG-MT5-P46,Banara guianensis,August 25 2025,XP203-PR,5,A,9,A9,NA,NA,NA,NA,NA,NA,NA,NA,NA,NA,NA,NA,NA,NA,BG,5,FALSE
CH-MT3-P35,Cecropia hispidissima,August 25 2025,XP203-PR,5,A,10,A10,NA,NA,NA,NA,NA,NA,NA,NA,NA,NA,NA,NA,NA,NA,CH,3,FALSE
CP-MT2-P48,Carapa guianensis,May 14 2025,XP203-PR,5,B,1,B1,NA,NA,NA,NA,NA,NA,NA,NA,NA,NA,NA,NA,NA,NA,CP,2,FALSE
OP-MT7-P12,Ochroma pyramidale,May 14 2025,XP203-PR,5,B,2,B2,NA,NA,NA,NA,NA,NA,NA,NA,NA,NA,NA,NA,NA,NA,OP,7,FALSE
PA-MT6-P77,Piper aduncum,May 14 2025,XP203-PR,5,B,3,B3,NA,NA,NA,NA,NA,NA,NA,NA,NA,NA,NA,NA,NA,NA,PA,6,FALSE
BU-MT1-P18,Brosimum utile,May 14 2025,XP203-PR,5,B,4,B4,NA,NA,NA,NA,NA,NA,NA,NA,NA,NA,NA,NA,NA,NA,BU,1,FALSE
CH-MT4-P20,Cecropia hispidissima,August 25 2025,XP203-PR,5,B,10,B10,NA,NA,NA,NA,NA,NA,NA,NA,NA,NA,NA,NA,NA,NA,CH,4,FALSE
BG-MT2-P84,Banara guianensis,August 25 2025,XP203-PR,5,B,13,B13,NA,NA,NA,NA,NA,NA,NA,NA,NA,NA,NA,NA,NA,NA,BG,2,FALSE
DC-MT1-P44,Dacryodes cupularis,August 25 2025,XP203-PR,5,B,14,B14,NA,NA,NA,NA,NA,NA,NA,NA,NA,NA,NA,NA,NA,NA,DC,1,FALSE
IS-MT3-P54,Inga silanchensis,March 25 2025,XP203-PR,5,C,1,C1,NA,NA,NA,NA,NA,NA,NA,NA,NA,NA,NA,NA,NA,NA,IS,3,FALSE
CP-MT4-P1,Carapa guianensis,May 14 2025,XP203-PR,5,C,2,C2,NA,NA,NA,NA,NA,NA,NA,NA,NA,NA,NA,NA,NA,NA,CP,4,FALSE
DC-MT5-P25,Dacryodes cupularis,August 25 2025,XP203-PR,5,C,12,C12,NA,NA,NA,NA,NA,NA,NA,NA,NA,NA,NA,NA,NA,NA,DC,5,FALSE
BG-MT4-P60,Banara guianensis,August 25 2025,XP203-PR,5,C,14,C14,NA,NA,NA,NA,NA,NA,NA,NA,NA,NA,NA,NA,NA,NA,BG,4,FALSE
BG-MT4-P7,Banara guianensis,August 26 2025,XP204-PR,1,A,2,A2,113,18,29,5,20,5,5,25,0.5,10,5,5,20,1,BG,4,FALSE
DC-MT5-P43,Dacryodes cupularis,August 26 2025,XP204-PR,1,A,4,A4,3,3,2,5,5,2.5,NA,NA,NA,NA,NA,NA,NA,2.5,DC,5,FALSE
PA-MT3-P40,Piper aduncum,March 25 2025,XP204-PR,1,A,5,A5,192,30,0,1,0.5,0.5,0.5,0.5,0.5,0.5,1,0.5,1,0.5,PA,3,FALSE
BS-MT7-P9,Bactris setulosa,August 26 2025,XP204-PR,1,A,6,A6,5,3,2,20,10,0.5,NA,NA,NA,NA,NA,NA,NA,10,BS,7,FALSE
IS-MT5-P85,Inga silanchensis,March 25 2025,XP204-PR,1,A,7,A7,3,1,0,0.5,NA,NA,NA,NA,NA,NA,NA,NA,NA,0.5,IS,5,FALSE
CP-MT5-P37,Carapa guianensis,August 26 2025,XP204-PR,1,A,8,A8,7,7,1,2.5,5,1,5,0.5,0.5,0.5,NA,NA,NA,0.5,CP,5,FALSE
OP-MT9-P32,Ochroma pyramidale,March 25 2025,XP204-PR,1,A,9,A9,NA,NA,NA,NA,NA,NA,NA,NA,NA,NA,NA,NA,NA,NA,OP,9,FALSE
OP-MT7-P59,Ochroma pyramidale,November 25 2025,XP204-PR,1,A,9,A9,12,2,0,1,0.5,NA,NA,NA,NA,NA,NA,NA,NA,0.5,OP,7,FALSE
BU-MT3-P46,Brosimum utile,August 26 2025,XP204-PR,1,A,12,A12,13,0,1,NA,NA,NA,NA,NA,NA,NA,NA,NA,NA,0,BU,3,FALSE
CH-MT2-P72,Cecropia hispidissima,August 26 2025,XP204-PR,1,A,15,A15,13,13,3,0.5,1,5,1,5,5,10,15,5,10,5,CH,2,FALSE
OP-MT8-P64,Ochroma pyramidale,May 14 2025,XP204-PR,1,B,2,B2,8,3,0,50,0.5,5,NA,NA,NA,NA,NA,NA,NA,10,OP,8,FALSE
CH-MT5-P40,Cecropia hispidissima,August 26 2025,XP204-PR,1,B,3,B3,10,10,0,1,5,10,20,15,10,15,15,15,10,20,CH,5,FALSE
EA-MT5-P11,Ecuadendron acosta-solisianum,November 25 2025,XP204-PR,1,B,5,B5,23,16,0,5,1,0.5,0.5,1,50,60,2.5,2.5,0.5,1,EA,5,FALSE
CP-MT5-P50,Carapa guianensis,August 26 2025,XP204-PR,1,B,6,B6,7,7,3,1,0.5,0.5,20,1,5,10,NA,NA,NA,5,CP,5,FALSE
BU-MT5-P66,Brosimum utile,August 26 2025,XP204-PR,1,B,7,B7,4,1,2,0.5,NA,NA,NA,NA,NA,NA,NA,NA,NA,0.5,BU,5,FALSE
IS-MT4-P48,Inga silanchensis,May 14 2025,XP204-PR,1,B,10,B10,3,2,2,0.5,0.5,NA,NA,NA,NA,NA,NA,NA,NA,0.5,IS,4,FALSE
BS-MT1-P81,Bactris setulosa,November 25 2025,XP204-PR,1,B,11,B11,2,1,1,0.5,NA,NA,NA,NA,NA,NA,NA,NA,NA,0.5,BS,1,FALSE
MC-MT2-P44,Miconia conocuatrecasasii,August 26 2025,XP204-PR,1,B,12,B12,41,20,0,5,10,1,5,0.5,1,0.5,0.5,0.5,0.5,0.5,MC,2,FALSE
BG-MT5-P75,Banara guianensis,August 26 2025,XP204-PR,1,B,13,B13,93,20,29,25,5,10,25,25,5,1,0.5,25,10,1,BG,5,FALSE
DC-MT3-P52,Dacryodes cupularis,August 26 2025,XP204-PR,1,B,16,B16,NA,NA,NA,NA,NA,NA,NA,NA,NA,NA,NA,NA,NA,NA,DC,3,FALSE
BG-MT2-P59,Banara guianensis,August 26 2025,XP204-PR,1,C,1,C1,31,6,0,5,1,1,2.5,1,5,NA,NA,NA,NA,0.5,BG,2,FALSE
DC-MT3-P6,Dacryodes cupularis,August 26 2025,XP204-PR,1,C,2,C2,2,2,0,0.5,0.5,NA,NA,NA,NA,NA,NA,NA,NA,0.5,DC,3,FALSE
BU-MT4-P20,Brosimum utile,August 26 2025,XP204-PR,1,C,5,C5,4,2,2,25,0.5,NA,NA,NA,NA,NA,NA,NA,NA,5,BU,4,FALSE
IS-MT3-P41,Inga silanchensis,November 25 2025,XP204-PR,1,C,7,C7,6,5,0,10,0.5,5,0.5,5,NA,NA,NA,NA,NA,2.5,IS,3,FALSE
OP-MT6-P9,Ochroma pyramidale,May 14 2025,XP204-PR,1,C,8,C8,17,11,0,1,0.5,0.5,0.5,0.5,0.5,0.5,0.5,0.5,0.5,0.5,OP,6,FALSE
CP-MT2-P33,Carapa guianensis,May 14 2025,XP204-PR,1,C,9,C9,8,7,2,0.5,1,0.5,1,1,1,0.5,0.5,NA,NA,0.5,CP,2,FALSE
EA-MT3-P1,Ecuadendron acosta-solisianum,May 14 2025,XP204-PR,1,C,10,C10,21,17,6,20,0.5,10,5,5,5,5,10,1,2.5,2.5,EA,3,FALSE
BS-MT6-P49,Bactris setulosa,November 25 2025,XP204-PR,1,C,11,C11,3,2,2,5,10,NA,NA,NA,NA,NA,NA,NA,NA,5,BS,6,FALSE
CH-MT2-P66,Cecropia hispidissima,August 26 2025,XP204-PR,1,C,12,C12,7,7,0,5,2.5,10,20,20,15,20,NA,NA,NA,12.5,CH,2,FALSE
OP-MT2-P68,Ochroma pyramidale,March 25 2025,XP204-PR,2,A,2,A2,NA,NA,NA,NA,NA,NA,NA,NA,NA,NA,NA,NA,NA,NA,OP,2,FALSE
OP-MT8-P54,Ochroma pyramidale,November 25 2025,XP204-PR,2,A,2,A2,10,6,0,0.5,1,0.5,1,2.5,5,NA,NA,NA,NA,1,OP,8,FALSE
CH-MT1-P43,Cecropia hispidissima,May 14 2025,XP204-PR,2,A,4,A4,4,0,0,NA,NA,NA,NA,NA,NA,NA,NA,NA,NA,0,CH,1,FALSE
IS-MT3-P77,Inga silanchensis,March 25 2025,XP204-PR,2,A,5,A5,9,3,3,0.5,0.5,0.5,NA,NA,NA,NA,NA,NA,NA,0.5,IS,3,FALSE
DC-MT1-P74,Dacryodes cupularis,August 26 2025,XP204-PR,2,A,6,A6,0,0,0,NA,NA,NA,NA,NA,NA,NA,NA,NA,NA,0,DC,1,FALSE
BS-MT6-P28,Bactris setulosa,August 26 2025,XP204-PR,2,A,7,A7,3,3,0,0.5,2.5,25,NA,NA,NA,NA,NA,NA,NA,10,BS,6,FALSE
BU-MT1-P47,Brosimum utile,May 14 2025,XP204-PR,2,A,8,A8,9,3,2,0.5,0.5,0.5,NA,NA,NA,NA,NA,NA,NA,0.5,BU,1,FALSE
EA-MT5-P50,Ecuadendron acosta-solisianum,November 25 2025,XP204-PR,2,A,10,A10,0,0,0,NA,NA,NA,NA,NA,NA,NA,NA,NA,NA,0,EA,5,FALSE
CP-MT4-P15,Carapa guianensis,May 14 2025,XP204-PR,2,A,11,A11,9,7,3,0.5,0.5,0.5,5,10,0.5,NA,NA,NA,NA,1,CP,4,FALSE
PA-MT3-P41,Piper aduncum,March 25 2025,XP204-PR,2,A,12,A12,60,17,0,0.5,0.5,0.5,2.5,5,5,2.5,0.5,5,2.5,0.5,PA,3,FALSE
BG-MT3-P71,Banara guianensis,August 26 2025,XP204-PR,2,A,15,A15,88,9,7,5,5,1,2.5,0.5,5,1,1,2.5,NA,0.5,BG,3,FALSE
BG-MT1-P57,Banara guianensis,August 26 2025,XP204-PR,2,B,1,B1,22,5,0,10,1,2.5,5,5,NA,NA,NA,NA,NA,0.5,BG,1,FALSE
IS-MT2-P94,Inga silanchensis,March 25 2025,XP204-PR,2,B,4,B4,2,1,0,0.5,NA,NA,NA,NA,NA,NA,NA,NA,NA,0.5,IS,2,FALSE
MC-MT1-P42,Miconia conocuatrecasasii,August 26 2025,XP204-PR,2,B,5,B5,28,19,NA,1,0.5,0.5,5,5,0.5,5,10,1,20,1,MC,1,FALSE
EA-MT1-P60,Ecuadendron acosta-solisianum,November 25 2025,XP204-PR,2,B,6,B6,27,16,0,2.5,0.5,5,0.5,2.5,1,5,2.5,5,0.5,0.5,EA,1,FALSE
DC-MT5-P69,Dacryodes cupularis,August 26 2025,XP204-PR,2,B,8,B8,0,0,0,NA,NA,NA,NA,NA,NA,NA,NA,NA,NA,0,DC,5,FALSE
BS-MT5-P75,Bactris setulosa,November 25 2025,XP204-PR,2,B,9,B9,2,1,1,2.5,NA,NA,NA,NA,NA,NA,NA,NA,NA,1,BS,5,FALSE
CH-MT3-P9,Cecropia hispidissima,August 26 2025,XP204-PR,2,B,11,B11,NA,NA,NA,NA,NA,NA,NA,NA,NA,NA,NA,NA,NA,NA,CH,3,FALSE
CP-MT4-P58,Carapa guianensis,May 14 2025,XP204-PR,2,B,12,B12,4,4,4,5,5,2.5,1,NA,NA,NA,NA,NA,NA,2.5,CP,4,FALSE
BU-MT2-P42,Brosimum utile,August 26 2025,XP204-PR,2,B,13,B13,NA,NA,NA,NA,NA,NA,NA,NA,NA,NA,NA,NA,NA,NA,BU,2,FALSE
BS-MT1-P36,Bactris setulosa,November 25 2025,XP204-PR,2,C,1,C1,0,0,0,NA,NA,NA,NA,NA,NA,NA,NA,NA,NA,0,BS,1,FALSE
CH-MT2-P8,Cecropia hispidissima,August 26 2025,XP204-PR,2,C,2,C2,6,6,0,0.5,0.5,0.5,0.5,0.5,0.5,NA,NA,NA,NA,0.5,CH,2,FALSE
BU-MT1-P50,Brosimum utile,May 14 2025,XP204-PR,2,C,6,C6,NA,NA,NA,NA,NA,NA,NA,NA,NA,NA,NA,NA,NA,NA,BU,1,FALSE
BU-MT1-P30,Brosimum utile,November 25 2025,XP204-PR,2,C,6,C6,2,2,2,2.5,0.5,NA,NA,NA,NA,NA,NA,NA,NA,1,BU,1,FALSE
DC-MT4-P43,Dacryodes cupularis,August 26 2025,XP204-PR,2,C,7,C7,NA,NA,NA,NA,NA,NA,NA,NA,NA,NA,NA,NA,NA,NA,DC,4,FALSE
MC-MT3-P39,Miconia conocuatrecasasii,August 26 2025,XP204-PR,2,C,9,C9,13,8,3,0.5,5,2.5,25,0.5,1,0.5,0.5,NA,NA,1,MC,3,FALSE
EA-MT5-P27,Ecuadendron acosta-solisianum,November 25 2025,XP204-PR,2,C,11,C11,NA,NA,NA,NA,NA,NA,NA,NA,NA,NA,NA,NA,NA,NA,EA,5,FALSE
PA-MT6-P73,Piper aduncum,November 25 2025,XP204-PR,2,C,12,C12,8,5,0,5,1,2.5,25,1,NA,NA,NA,NA,NA,2.5,PA,6,FALSE
CP-MT1-P37,Carapa guianensis,August 26 2025,XP204-PR,2,C,13,C13,8,6,4,5,2.5,10,2.5,NA,NA,NA,NA,NA,NA,2.5,CP,1,FALSE
BG-MT4-P84,Banara guianensis,August 26 2025,XP204-PR,2,C,15,C15,33,3,3,5,50,0.5,NA,NA,NA,NA,NA,NA,NA,0.5,BG,4,FALSE
IS-MT5-P83,Inga silanchensis,November 25 2025,XP204-PR,2,C,16,C16,3,2,1,0.5,0.5,NA,NA,NA,NA,NA,NA,NA,NA,0.5,IS,5,FALSE
EA-MT4-P19,Ecuadendron acosta-solisianum,May 14 2025,XP204-PR,3,A,1,A1,50,32,2,50,40,65,15,20,30,5,10,70,1,10,EA,4,FALSE
PA-MT6-P25,Piper aduncum,May 14 2025,XP204-PR,3,A,2,A2,50,14,0,1,0.5,0.5,2.5,2.5,5,2.5,2.5,0.5,5,1,PA,6,FALSE
MC-MT1-P81,Miconia conocuatrecasasii,August 26 2025,XP204-PR,3,A,4,A4,23,14,1,90,50,25,0.5,0.5,5,2.5,10,20,0.5,5,MC,1,FALSE
CP-MT3-P9,Carapa guianensis,May 14 2025,XP204-PR,3,A,7,A7,5,5,2,20,0.5,0.5,0.5,1,NA,NA,NA,NA,NA,2.5,CP,3,FALSE
BG-MT2-P58,Banara guianensis,August 26 2025,XP204-PR,3,A,8,A8,83,22,5,1,10,5,20,40,40,50,30,40,0.5,2.5,BG,2,FALSE
IS-MT3-P26,Inga silanchensis,March 25 2025,XP204-PR,3,A,9,A9,0,0,0,NA,NA,NA,NA,NA,NA,NA,NA,NA,NA,0,IS,3,FALSE
BU-MT5-P11,Brosimum utile,August 26 2025,XP204-PR,3,A,11,A11,5,1,0,2.5,NA,NA,NA,NA,NA,NA,NA,NA,NA,0.5,BU,5,FALSE
OP-MT9-P58,Ochroma pyramidale,March 25 2025,XP204-PR,3,A,12,A12,4,2,0,0.5,NA,NA,NA,NA,NA,NA,NA,NA,NA,0.5,OP,9,FALSE
CH-MT4-P30,Cecropia hispidissima,August 26 2025,XP204-PR,3,A,14,A14,10,10,2,20,10,15,10,15,10,5,50,60,20,20,CH,4,FALSE
BS-MT1-P1,Bactris setulosa,August 26 2025,XP204-PR,3,A,15,A15,5,5,3,1,1,10,1,0.5,NA,NA,NA,NA,NA,1,BS,1,FALSE
BS-MT7-P30,Bactris setulosa,November 25 2025,XP204-PR,3,B,2,B2,0,0,0,NA,NA,NA,NA,NA,NA,NA,NA,NA,NA,0,BS,7,FALSE
BG-MT5-P94,Banara guianensis,August 26 2025,XP204-PR,3,B,3,B3,191,70,7,0.5,0.5,20,10,30,10,2.5,5,5,5,0.5,BG,5,FALSE
IS-MT2-P93,Inga silanchensis,March 25 2025,XP204-PR,3,B,4,B4,8,7,0,2.5,2.5,50,10,1,20,0.5,NA,NA,NA,1,IS,2,FALSE
CP-MT2-P29,Carapa guianensis,May 14 2025,XP204-PR,3,B,6,B6,3,3,0,0.5,0.5,0.5,NA,NA,NA,NA,NA,NA,NA,0.5,CP,2,FALSE
OP-MT8-P22,Ochroma pyramidale,May 14 2025,XP204-PR,3,B,8,B8,NA,NA,NA,NA,NA,NA,NA,NA,NA,NA,NA,NA,NA,NA,OP,8,FALSE
OP-MT2-P64,Ochroma pyramidale,November 25 2025,XP204-PR,3,B,8,B8,9,2,0,1,0.5,NA,NA,NA,NA,NA,NA,NA,NA,0.5,OP,2,FALSE
CH-MT5-P87,Cecropia hispidissima,August 26 2025,XP204-PR,3,B,9,B9,8,8,0,5,10,50,30,20,10,40,40,NA,NA,30,CH,5,FALSE
VB-MT1-P32,Vismia baccifera,August 26 2025,XP204-PR,3,B,11,B11,145,28,5,0.5,5,0.5,5,5,1,1,2.5,10,0.5,0.5,VB,1,FALSE
DC-MT4-P8,Dacryodes cupularis,August 26 2025,XP204-PR,3,B,12,B12,3,2,2,0.5,0.5,NA,NA,NA,NA,NA,NA,NA,NA,0.5,DC,4,FALSE
BU-MT2-P9,Brosimum utile,August 26 2025,XP204-PR,3,B,13,B13,6,0,3,NA,NA,NA,NA,NA,NA,NA,NA,NA,NA,0,BU,2,FALSE
PA-MT7-P7,Piper aduncum,August 26 2025,XP204-PR,3,B,15,B15,54,20,0,25,0.5,5,0.5,5,2.5,7.5,10,10,5,2.5,PA,7,FALSE
IS-MT5-P91,Inga silanchensis,March 25 2025,XP204-PR,3,C,2,C2,NA,NA,NA,NA,NA,NA,NA,NA,NA,NA,NA,NA,NA,NA,IS,5,FALSE
IS-MT5-P1,Inga silanchensis,November 25 2025,XP204-PR,3,C,2,C2,5,4,1,0.5,1,0.5,0.5,NA,NA,NA,NA,NA,NA,0.5,IS,5,FALSE
BU-MT2-P46,Brosimum utile,August 26 2025,XP204-PR,3,C,3,C3,8,3,8,0.5,0.5,5,NA,NA,NA,NA,NA,NA,NA,0.5,BU,2,FALSE
CH-MT1-P35,Cecropia hispidissima,May 14 2025,XP204-PR,3,C,6,C6,2,0,0,NA,NA,NA,NA,NA,NA,NA,NA,NA,NA,0,CH,1,FALSE
OP-MT7-P40,Ochroma pyramidale,May 14 2025,XP204-PR,3,C,8,C8,17,13,0,5,1,0.5,1,1,0.5,0.5,0.5,1,0.5,0.5,OP,7,FALSE
BS-MT5-P25,Bactris setulosa,August 26 2025,XP204-PR,3,C,9,C9,NA,NA,NA,NA,NA,NA,NA,NA,NA,NA,NA,NA,NA,NA,BS,5,FALSE
BG-MT1-P83,Banara guianensis,August 26 2025,XP204-PR,3,C,11,C11,161,16,4,0.5,0.5,1,10,1,1,1,0.5,0.5,10,0.5,BG,1,FALSE
VB-MT1-P50,Vismia baccifera,August 26 2025,XP204-PR,3,C,12,C12,61,7,9,0.5,0.5,0.5,0.5,0.5,0.5,5,NA,NA,NA,0.5,VB,1,FALSE
OP-MT2-P31,Ochroma pyramidale,March 25 2025,XP204-PR,4,A,2,A2,44,24,0,5,5,5,2.5,2.5,1,0.5,2.5,0.5,0.5,1,OP,2,FALSE
MC-MT2-P58,Miconia conocuatrecasasii,August 26 2025,XP204-PR,4,A,3,A3,13,6,0,1,1,0.5,0.5,0.5,0.5,NA,NA,NA,NA,0.5,MC,2,FALSE
IS-MT4-P29,Inga silanchensis,May 14 2025,XP204-PR,4,A,5,A5,15,7,5,10,10,0.5,0.5,0.5,1,0.5,NA,NA,NA,0.5,IS,4,FALSE
BU-MT3-P23,Brosimum utile,August 26 2025,XP204-PR,4,A,6,A6,10,0,1,NA,NA,NA,NA,NA,NA,NA,NA,NA,NA,0,BU,3,FALSE
DC-MT2-P3,Dacryodes cupularis,August 26 2025,XP204-PR,4,A,7,A7,6,5,2,0.5,1,1,0.5,0.5,NA,NA,NA,NA,NA,0.5,DC,2,FALSE
BG-MT1-P19,Banara guianensis,August 26 2025,XP204-PR,4,A,8,A8,62,6,10,40,5,10,1,0.5,0.5,0.5,NA,NA,NA,0.5,BG,1,FALSE
EA-MT5-P24,Ecuadendron acosta-solisianum,November 25 2025,XP204-PR,4,A,9,A9,13,4,0,1,0.5,0.5,0.5,NA,NA,NA,NA,NA,NA,0.5,EA,5,FALSE
PA-MT7-P40,Piper aduncum,August 26 2025,XP204-PR,4,A,11,A11,39,17,0,5,10,10,5,1,0.5,5,1,10,1,1,PA,7,FALSE
CH-MT4-P73,Cecropia hispidissima,August 26 2025,XP204-PR,4,A,12,A12,3,3,0,40,50,10,NA,NA,NA,NA,NA,NA,NA,20,CH,4,FALSE
BS-MT5-P77,Bactris setulosa,November 25 2025,XP204-PR,4,A,15,A15,3,1,2,10,NA,NA,NA,NA,NA,NA,NA,NA,NA,5,BS,5,FALSE
CP-MT1-P59,Carapa guianensis,August 26 2025,XP204-PR,4,A,16,A16,5,5,5,1,5,10,0.5,2.5,NA,NA,NA,NA,NA,1,CP,1,FALSE
PA-MT6-P45,Piper aduncum,May 14 2025,XP204-PR,4,B,2,B2,270,44,0,0.5,1,0.5,0.5,0.5,0.5,0.5,0.5,1,2.5,0.5,PA,6,FALSE
MC-MT3-P60,Miconia conocuatrecasasii,August 26 2025,XP204-PR,4,B,4,B4,11,10,0,0.5,0.5,0.5,2.5,0.5,1,0.5,1,0.5,25,5,MC,3,FALSE
CH-MT3-P89,Cecropia hispidissima,August 26 2025,XP204-PR,4,B,6,B6,12,12,0,20,50,20,5,20,30,20,20,20,1,20,CH,3,FALSE
IS-MT1-P61,Inga silanchensis,May 14 2025,XP204-PR,4,B,7,B7,7,5,NA,0.5,0.5,2.5,1,1,NA,NA,NA,NA,NA,0.5,IS,1,FALSE
CP-MT3-P18,Carapa guianensis,May 14 2025,XP204-PR,4,B,8,B8,0,0,0,NA,NA,NA,NA,NA,NA,NA,NA,NA,NA,0,CP,3,FALSE
BS-MT5-P33,Bactris setulosa,August 26 2025,XP204-PR,4,B,9,B9,5,2,3,0.5,1,NA,NA,NA,NA,NA,NA,NA,NA,0.5,BS,5,FALSE
BU-MT3-P38,Brosimum utile,August 26 2025,XP204-PR,4,B,10,B10,9,4,5,1,1,0.5,0.5,NA,NA,NA,NA,NA,NA,0.5,BU,3,FALSE
EA-MT2-P17,Ecuadendron acosta-solisianum,May 14 2025,XP204-PR,4,B,11,B11,10,6,4,1,0.5,2.5,1,1,1,NA,NA,NA,NA,0.5,EA,2,FALSE
OP-MT6-P26,Ochroma pyramidale,May 14 2025,XP204-PR,4,B,12,B12,21,18,3,2.5,5,5,1,5,5,5,10,10,15,5,OP,6,FALSE
BG-MT3-P93,Banara guianensis,August 26 2025,XP204-PR,4,B,16,B16,54,8,13,5,10,0.5,1,2.5,1,0.5,5,NA,NA,0.5,BG,3,FALSE
IS-MT1-P33,Inga silanchensis,May 14 2025,XP204-PR,4,C,1,C1,10,7,4,0.5,0.5,0.5,1,0.5,1,0.5,NA,NA,NA,0.5,IS,1,FALSE
BU-MT4-P14,Brosimum utile,August 26 2025,XP204-PR,4,C,4,C4,7,1,2,0.5,NA,NA,NA,NA,NA,NA,NA,NA,NA,0.5,BU,4,FALSE
CH-MT4-P94,Cecropia hispidissima,August 26 2025,XP204-PR,4,C,6,C6,4,3,0,5,50,60,NA,NA,NA,NA,NA,NA,NA,40,CH,4,FALSE
DC-MT1-P82,Dacryodes cupularis,August 26 2025,XP204-PR,4,C,7,C7,3,1,1,0.5,NA,NA,NA,NA,NA,NA,NA,NA,NA,0.5,DC,1,FALSE
OP-MT7-P34,Ochroma pyramidale,May 14 2025,XP204-PR,4,C,9,C9,23,16,3,0.5,0.5,0.5,0.5,1,0.5,0.5,0.5,5,0.5,0.5,OP,7,FALSE
MC-MT1-P68,Miconia conocuatrecasasii,August 26 2025,XP204-PR,4,C,10,C10,18,7,0,0.5,20,0.5,1,0.5,1,0.5,NA,NA,NA,1,MC,1,FALSE
BS-MT7-P47,Bactris setulosa,November 25 2025,XP204-PR,4,C,12,C12,1,1,0,1,NA,NA,NA,NA,NA,NA,NA,NA,NA,1,BS,7,FALSE
BG-MT3-P16,Banara guianensis,August 26 2025,XP204-PR,4,C,14,C14,116,13,6,2.5,25,1,0.5,1,0.5,0.5,0.5,1,0.5,0.5,BG,3,FALSE
EA-MT1-P55,Ecuadendron acosta-solisianum,November 25 2025,XP204-PR,4,C,15,C15,NA,NA,NA,NA,NA,NA,NA,NA,NA,NA,NA,NA,NA,NA,EA,1,FALSE
IS-MT3-P5,Inga silanchensis,March 25 2025,XP204-PR,5,A,1,A1,NA,NA,NA,NA,NA,NA,NA,NA,NA,NA,NA,NA,NA,NA,IS,3,FALSE
OP-MT9-P53,Ochroma pyramidale,March 25 2025,XP204-PR,5,A,2,A2,NA,NA,NA,NA,NA,NA,NA,NA,NA,NA,NA,NA,NA,NA,OP,9,FALSE
CP-MT3-P43,Carapa guianensis,May 14 2025,XP204-PR,5,A,3,A3,NA,NA,NA,NA,NA,NA,NA,NA,NA,NA,NA,NA,NA,NA,CP,3,FALSE
BU-MT1-P35,Brosimum utile,May 14 2025,XP204-PR,5,A,4,A4,NA,NA,NA,NA,NA,NA,NA,NA,NA,NA,NA,NA,NA,NA,BU,1,FALSE
PA-MT6-P40,Piper aduncum,May 14 2025,XP204-PR,5,A,5,A5,NA,NA,NA,NA,NA,NA,NA,NA,NA,NA,NA,NA,NA,NA,PA,6,FALSE
BG-MT4-P71,Banara guianensis,August 26 2025,XP204-PR,5,A,8,A8,NA,NA,NA,NA,NA,NA,NA,NA,NA,NA,NA,NA,NA,NA,BG,4,FALSE
DC-MT3-P46,Dacryodes cupularis,August 26 2025,XP204-PR,5,A,11,A11,NA,NA,NA,NA,NA,NA,NA,NA,NA,NA,NA,NA,NA,NA,DC,3,FALSE
PA-MT3-P57,Piper aduncum,March 25 2025,XP204-PR,5,B,1,B1,NA,NA,NA,NA,NA,NA,NA,NA,NA,NA,NA,NA,NA,NA,PA,3,FALSE
CP-MT4-P61,Carapa guianensis,May 14 2025,XP204-PR,5,B,2,B2,NA,NA,NA,NA,NA,NA,NA,NA,NA,NA,NA,NA,NA,NA,CP,4,FALSE
OP-MT7-P22,Ochroma pyramidale,May 14 2025,XP204-PR,5,B,4,B4,NA,NA,NA,NA,NA,NA,NA,NA,NA,NA,NA,NA,NA,NA,OP,7,FALSE
CH-MT5-P63,Cecropia hispidissima,August 26 2025,XP204-PR,5,B,5,B5,NA,NA,NA,NA,NA,NA,NA,NA,NA,NA,NA,NA,NA,NA,CH,5,FALSE
BG-MT5-P85,Banara guianensis,August 26 2025,XP204-PR,5,B,8,B8,NA,NA,NA,NA,NA,NA,NA,NA,NA,NA,NA,NA,NA,NA,BG,5,FALSE
DC-MT4-P73,Dacryodes cupularis,August 26 2025,XP204-PR,5,B,16,B16,NA,NA,NA,NA,NA,NA,NA,NA,NA,NA,NA,NA,NA,NA,DC,4,FALSE
CP-MT2-P7,Carapa guianensis,May 14 2025,XP204-PR,5,C,1,C1,NA,NA,NA,NA,NA,NA,NA,NA,NA,NA,NA,NA,NA,NA,CP,2,FALSE
BG-MT2-P47,Banara guianensis,August 26 2025,XP204-PR,5,C,2,C2,NA,NA,NA,NA,NA,NA,NA,NA,NA,NA,NA,NA,NA,NA,BG,2,FALSE
DC-MT1-P40,Dacryodes cupularis,August 26 2025,XP204-PR,5,C,6,C6,NA,NA,NA,NA,NA,NA,NA,NA,NA,NA,NA,NA,NA,NA,DC,1,FALSE
CH-MT3-P36,Cecropia hispidissima,August 26 2025,XP204-PR,5,C,13,C13,NA,NA,NA,NA,NA,NA,NA,NA,NA,NA,NA,NA,NA,NA,CH,3,FALSE
CP-MT4-P40,Carapa guianensis,May 08 2025,XP205-PR,1,A,1,A1,NA,NA,NA,NA,NA,NA,NA,NA,NA,NA,NA,NA,NA,NA,CP,4,FALSE
BS-MT6-P62,Bactris setulosa,November 19 2025,XP205-PR,1,A,2,A2,1,1,NA,2.5,NA,NA,NA,NA,NA,NA,NA,NA,NA,2.5,BS,6,FALSE
BP-MT2-P3,Bauhinia pichinchensis,March 5 2026,XP205-PR,1,A,3,A3,2,1,NA,10,NA,NA,NA,NA,NA,NA,NA,NA,NA,5,BP,2,FALSE
VB-MT4-P69,Vismia baccifera,March 5 2026,XP205-PR,1,A,4,A4,18,4,2,1,1,0.5,0.5,NA,NA,NA,NA,NA,NA,0.5,VB,4,FALSE
EA-MT1-P58,Ecuadendron acosta-solisianum,November 19 2025,XP205-PR,1,A,5,A5,15,5,NA,5,1,0.5,1,5,NA,NA,NA,NA,NA,1,EA,1,FALSE
AE-MT4-P5,Annona edulis,March 5 2026,XP205-PR,1,A,6,A6,9,1,NA,10,NA,NA,NA,NA,NA,NA,NA,NA,NA,2.5,AE,4,FALSE
BG-MT3-P67,Banara guianensis,August 14 2025,XP205-PR,1,A,7,A7,106,39,26,0.5,1,1,1,0.5,2.5,2.5,5,1,1,0.5,BG,3,FALSE
CH-MT1-P29,Cecropia hispidissima,May 08 2025,XP205-PR,1,A,8,A8,NA,NA,NA,NA,NA,NA,NA,NA,NA,NA,NA,NA,NA,NA,CH,1,FALSE
DC-MT4-P31,Dacryodes cupularis,August 14 2025,XP205-PR,1,A,9,A9,4,0,0,NA,NA,NA,NA,NA,NA,NA,NA,NA,NA,0,DC,4,FALSE
IS-MT2-P96,Inga silanchensis,March 19 2025,XP205-PR,1,A,11,A11,NA,NA,NA,NA,NA,NA,NA,NA,NA,NA,NA,NA,NA,NA,IS,2,FALSE
IS-MT5-P72,Inga silanchensis,March 5 2026,XP205-PR,1,A,11,A11,3,3,NA,5,1,2.5,NA,NA,NA,NA,NA,NA,NA,2.5,IS,5,FALSE
OP-MT8-P44,Ochroma pyramidale,May 08 2025,XP205-PR,1,A,12,A12,110,99,NA,7.5,10,10,10,20,30,20,5,20,25,15,OP,8,FALSE
MC-MT3-P30,Miconia conocuatrecasasii,August 14 2025,XP205-PR,1,A,13,A13,23,12,4,0.5,1,1,2.5,50,5,10,5,1,1,5,MC,3,FALSE
BU-MT5-P7,Brosimum utile,August 14 2025,XP205-PR,1,A,14,A14,4,0,2,NA,NA,NA,NA,NA,NA,NA,NA,NA,NA,0,BU,5,FALSE
PA-MT7-P44,Piper aduncum,March 5 2026,XP205-PR,1,A,15,A15,9,5,0,40,10,0.5,1,5,NA,NA,NA,NA,NA,5,PA,7,FALSE
PG-MT5-P13,Pouruma guianensis,March 5 2026,XP205-PR,1,A,16,A16,0,0,0,NA,NA,NA,NA,NA,NA,NA,NA,NA,NA,0,PG,5,FALSE
OP-MT6-P20,Ochroma pyramidale,May 08 2025,XP205-PR,1,B,1,B1,31,29,NA,15,1,1,1,5,5,0.5,10,0.5,1,5,OP,6,FALSE
MC-MT2-P54,Miconia conocuatrecasasii,August 14 2025,XP205-PR,1,B,2,B2,69,47,8,2.5,2.5,1,0.5,2.5,10,0.5,5,0.5,10,2.5,MC,2,FALSE
AE-MT5-P65,Annona edulis,March 5 2026,XP205-PR,1,B,3,B3,11,5,NA,0.5,5,1,2.5,1,NA,NA,NA,NA,NA,1,AE,5,FALSE
CP-MT1-P24,Carapa guianensis,August 14 2025,XP205-PR,1,B,4,B4,NA,NA,NA,NA,NA,NA,NA,NA,NA,NA,NA,NA,NA,NA,CP,1,FALSE
BG-MT5-P57,Banara guianensis,August 14 2025,XP205-PR,1,B,5,B5,170,117,62,2.5,10,10,20,0.5,5,0.5,2.5,10,5,2.5,BG,5,FALSE
DC-MT3-P54,Dacryodes cupularis,March 5 2026,XP205-PR,1,B,6,B6,3,2,NA,0.5,0.5,NA,NA,NA,NA,NA,NA,NA,NA,0.5,DC,3,FALSE
VB-MT3-P54,Vismia baccifera,March 5 2026,XP205-PR,1,B,7,B7,16,1,NA,0.5,NA,NA,NA,NA,NA,NA,NA,NA,NA,0.5,VB,3,FALSE
CH-MT4-P42,Cecropia hispidissima,August 14 2025,XP205-PR,1,B,9,B9,3,2,NA,0.5,1,NA,NA,NA,NA,NA,NA,NA,NA,0.5,CH,4,FALSE
PA-MT6-P32,Piper aduncum,November 19 2025,XP205-PR,1,B,10,B10,28,11,NA,1,10,10,1,1,0.5,5,10,15,10,1,PA,6,FALSE
BS-MT1-P15,Bactris setulosa,August 14 2025,XP205-PR,1,B,11,B11,4,3,NA,2.5,2.5,0.5,NA,NA,NA,NA,NA,NA,NA,1,BS,1,FALSE
IS-MT5-P12,Inga silanchensis,March 19 2025,XP205-PR,1,B,12,B12,NA,NA,NA,NA,NA,NA,NA,NA,NA,NA,NA,NA,NA,NA,IS,5,FALSE
EA-MT1-P57,Ecuadendron acosta-solisianum,November 19 2025,XP205-PR,1,B,13,B13,22,15,12,1,2.5,5,40,1,1,2.5,1,5,5,1,EA,1,FALSE
BP-MT4-P73,Bauhinia pichinchensis,March 5 2026,XP205-PR,1,B,14,B14,NA,NA,NA,NA,NA,NA,NA,NA,NA,NA,NA,NA,NA,NA,BP,4,FALSE
PG-MT3-P33,Pouruma guianensis,March 5 2026,XP205-PR,1,B,15,B15,3,2,0,50,1,NA,NA,NA,NA,NA,NA,NA,NA,15,PG,3,FALSE
BU-MT3-P16,Brosimum utile,August 14 2025,XP205-PR,1,B,16,B16,6,2,2,5,0.5,NA,NA,NA,NA,NA,NA,NA,NA,1,BU,3,FALSE
CP-MT5-P58,Carapa guianensis,August 14 2025,XP205-PR,1,C,1,C1,8,5,2,1,1,0.5,1,1,NA,NA,NA,NA,NA,0.5,CP,5,FALSE
CH-MT5-P43,Cecropia hispidissima,August 14 2025,XP205-PR,1,C,2,C2,29,27,NA,50,50,30,25,25,20,50,60,20,20,40,CH,5,FALSE
BU-MT5-P65,Brosimum utile,August 14 2025,XP205-PR,1,C,4,C4,4,0,0,NA,NA,NA,NA,NA,NA,NA,NA,NA,NA,0,BU,5,FALSE
PG-MT5-P33,Pouruma guianensis,March 5 2026,XP205-PR,1,C,5,C5,2,2,0,0.5,0.5,NA,NA,NA,NA,NA,NA,NA,NA,0.5,PG,5,FALSE
DC-MT4-P45,Dacryodes cupularis,March 5 2026,XP205-PR,1,C,6,C6,1,1,0,5,NA,NA,NA,NA,NA,NA,NA,NA,NA,5,DC,4,FALSE
BG-MT2-P88,Banara guianensis,August 14 2025,XP205-PR,1,C,7,C7,209,81,22,1,10,0.5,5,1,1,0.5,5,2.5,10,1,BG,2,FALSE
AE-MT1-P11,Annona edulis,March 5 2026,XP205-PR,1,C,8,C8,10,3,0,2.5,5,5,NA,NA,NA,NA,NA,NA,NA,1,AE,1,FALSE
VB-MT1-P45,Vismia baccifera,August 14 2025,XP205-PR,1,C,9,C9,3587,203,21,0.5,10,10,0.5,25,5,1,5,0.5,5,0.5,VB,1,FALSE
IS-MT1-P54,Inga silanchensis,May 08 2025,XP205-PR,1,C,12,C12,13,6,6,0.5,0.5,0.5,10,0.5,5,NA,NA,NA,NA,0.5,IS,1,FALSE
BP-MT1-P66,Bauhinia pichinchensis,March 5 2026,XP205-PR,1,C,14,C14,3,2,0,10,10,NA,NA,NA,NA,NA,NA,NA,NA,7.5,BP,1,FALSE
EA-MT2-P35,Ecuadendron acosta-solisianum,March 5 2026,XP205-PR,1,C,15,C15,11,10,0,5,5,5,2.5,2.5,5,1,2.5,5,10,5,EA,2,FALSE
BS-MT7-P34,Bactris setulosa,November 19 2025,XP205-PR,1,C,16,C16,5,4,4,50,5,0.5,2.5,NA,NA,NA,NA,NA,NA,5,BS,7,FALSE
BG-MT5-P59,Banara guianensis,August 14 2025,XP205-PR,2,A,1,A1,57,15,19,5,2.5,30,1,0.5,0.5,0.5,5,0.5,0.5,0.5,BG,5,FALSE
PG-MT3-P38,Pouruma guianensis,March 5 2026,XP205-PR,2,A,2,A2,4,1,0,0.5,NA,NA,NA,NA,NA,NA,NA,NA,NA,0.5,PG,3,FALSE
PA-MT3-P33,Piper aduncum,March 19 2025,XP205-PR,2,A,3,A3,206,92,23,1,0.5,0.5,0.5,5,1,2.5,5,1,10,0.5,PA,3,FALSE
CP-MT2-P37,Carapa guianensis,May 08 2025,XP205-PR,2,A,4,A4,5,5,2,50,10,5,10,5,NA,NA,NA,NA,NA,10,CP,2,FALSE
IS-MT3-P30,Inga silanchensis,March 19 2025,XP205-PR,2,A,5,A5,10,7,2,5,1,2.5,1,2.5,1,0.5,NA,NA,NA,2.5,IS,3,FALSE
EA-MT1-P3,Ecuadendron acosta-solisianum,November 19 2025,XP205-PR,2,A,7,A7,34,21,6,1,0.5,5,5,5,2.5,10,1,0.5,1,2.5,EA,1,FALSE
BU-MT2-P38,Brosimum utile,August 14 2025,XP205-PR,2,A,8,A8,NA,NA,NA,NA,NA,NA,NA,NA,NA,NA,NA,NA,NA,NA,BU,2,FALSE
BU-MT3-P41,Brosimum utile,March 5 2026,XP205-PR,2,A,8,A8,1,0,0,NA,NA,NA,NA,NA,NA,NA,NA,NA,NA,0,BU,3,FALSE
OP-MT9-P15,Ochroma pyramidale,March 19 2025,XP205-PR,2,A,9,A9,41,41,NA,25,10,15,10,10,15,30,10,10,5,10,OP,9,FALSE
AE-MT5-P49,Annona edulis,March 5 2026,XP205-PR,2,A,10,A10,9,4,0,5,0.5,0.5,1,NA,NA,NA,NA,NA,NA,1,AE,5,FALSE
BP-MT2-P55,Bauhinia pichinchensis,March 5 2026,XP205-PR,2,A,12,A12,2,2,0,1,90,NA,NA,NA,NA,NA,NA,NA,NA,50,BP,2,FALSE
BS-MT6-P4,Bactris setulosa,August 14 2025,XP205-PR,2,A,13,A13,4,3,3,2.5,5,2.5,NA,NA,NA,NA,NA,NA,NA,2.5,BS,6,FALSE
CH-MT4-P9,Cecropia hispidissima,August 14 2025,XP205-PR,2,A,15,A15,0,0,0,NA,NA,NA,NA,NA,NA,NA,NA,NA,NA,0,CH,4,FALSE
VB-MT4-P33,Vismia baccifera,March 5 2026,XP205-PR,2,A,16,A16,33,2,0,1,1,NA,NA,NA,NA,NA,NA,NA,NA,0.5,VB,4,FALSE
BP-MT3-P33,Bauhinia pichinchensis,March 5 2026,XP205-PR,2,B,1,B1,NA,NA,NA,NA,NA,NA,NA,NA,NA,NA,NA,NA,NA,NA,BP,3,FALSE
DC-MT2-P26,Dacryodes cupularis,August 14 2025,XP205-PR,2,B,2,B2,NA,NA,NA,NA,NA,NA,NA,NA,NA,NA,NA,NA,NA,NA,DC,2,FALSE
BS-MT7-P4,Bactris setulosa,August 14 2025,XP205-PR,2,B,3,B3,5,4,3,10,25,10,25,NA,NA,NA,NA,NA,NA,15,BS,7,FALSE
CH-MT3-P5,Cecropia hispidissima,August 14 2025,XP205-PR,2,B,4,B4,13,12,0,10,10,0.5,10,20,5,5,10,5,10,7.5,CH,3,FALSE
EA-MT2-P31,Ecuadendron acosta-solisianum,March 5 2026,XP205-PR,2,B,5,B5,17,11,0,10,10,5,10,10,15,15,5,5,0.5,5,EA,2,FALSE
IS-MT3-P44,Inga silanchensis,November 19 2025,XP205-PR,2,B,6,B6,5,1,2,0.5,NA,NA,NA,NA,NA,NA,NA,NA,NA,0.5,IS,3,FALSE
BU-MT2-P41,Brosimum utile,August 14 2025,XP205-PR,2,B,7,B7,5,0,3,NA,NA,NA,NA,NA,NA,NA,NA,NA,NA,0,BU,2,FALSE
CP-MT2-P24,Carapa guianensis,May 08 2025,XP205-PR,2,B,8,B8,6,4,3,5,2.5,5,1,NA,NA,NA,NA,NA,NA,2.5,CP,2,FALSE
BG-MT4-P66,Banara guianensis,August 14 2025,XP205-PR,2,B,9,B9,200,117,64,5,2.5,1,0.5,0.5,1,1,5,10,1,0.5,BG,4,FALSE
MC-MT2-P31,Miconia conocuatrecasasii,August 14 2025,XP205-PR,2,B,10,B10,40,22,9,5,10,0.5,0.5,1,5,10,1,5,10,1,MC,2,FALSE
OP-MT2-P71,Ochroma pyramidale,March 19 2025,XP205-PR,2,B,11,B11,72,60,NA,5,1,5,10,10,10,10,5,10,5,7.5,OP,2,FALSE
PG-MT1-P23,Pouruma guianensis,March 5 2026,XP205-PR,2,B,12,B12,4,2,0,40,1,NA,NA,NA,NA,NA,NA,NA,NA,5,PG,1,FALSE
VB-MT2-P64,Vismia baccifera,March 5 2026,XP205-PR,2,B,14,B14,15,2,0,10,15,NA,NA,NA,NA,NA,NA,NA,NA,5,VB,2,FALSE
AE-MT2-P49,Annona edulis,March 5 2026,XP205-PR,2,B,15,B15,7,1,1,0.5,NA,NA,NA,NA,NA,NA,NA,NA,NA,0.5,AE,2,FALSE
MC-MT1-P66,Miconia conocuatrecasasii,August 14 2025,XP205-PR,2,C,1,C1,68,46,9,1,10,1,5,10,50,2.5,10,20,5,5,MC,1,FALSE
DC-MT5-P47,Dacryodes cupularis,August 14 2025,XP205-PR,2,C,2,C2,NA,NA,NA,NA,NA,NA,NA,NA,NA,NA,NA,NA,NA,NA,DC,5,FALSE
CP-MT3-P16,Carapa guianensis,May 08 2025,XP205-PR,2,C,3,C3,17,13,8,0.5,1,0.5,0.5,1,0.5,5,2.5,5,1,1,CP,3,FALSE
PG-MT5-P15,Pouruma guianensis,March 5 2026,XP205-PR,2,C,4,C4,NA,NA,NA,NA,NA,NA,NA,NA,NA,NA,NA,NA,NA,NA,PG,5,FALSE
BS-MT6-P35,Bactris setulosa,August 14 2025,XP205-PR,2,C,5,C5,6,4,4,25,10,0.5,0.5,NA,NA,NA,NA,NA,NA,5,BS,6,FALSE
VB-MT2-P71,Vismia baccifera,March 5 2026,XP205-PR,2,C,6,C6,7,5,0,0.5,0.5,0.5,5,5,NA,NA,NA,NA,NA,1,VB,2,FALSE
IS-MT4-P21,Inga silanchensis,May 08 2025,XP205-PR,2,C,7,C7,20,11,7,2.5,1,0.5,2.5,10,1,0.5,5,1,0.5,1,IS,4,FALSE
BP-MT5-P11,Bauhinia pichinchensis,March 5 2026,XP205-PR,2,C,8,C8,5,2,0,0.5,2.5,NA,NA,NA,NA,NA,NA,NA,NA,0.5,BP,5,FALSE
CH-MT2-P27,Cecropia hispidissima,August 14 2025,XP205-PR,2,C,9,C9,4,4,0,10,5,10,10,NA,NA,NA,NA,NA,NA,10,CH,2,FALSE
OP-MT7-P24,Ochroma pyramidale,May 08 2025,XP205-PR,2,C,10,C10,112,102,0,1,15,5,10,10,15,5,10,1,5,5,OP,7,FALSE
BU-MT4-P37,Brosimum utile,August 14 2025,XP205-PR,2,C,12,C12,8,4,4,10,5,0.5,0.5,NA,NA,NA,NA,NA,NA,1,BU,4,FALSE
EA-MT1-P12,Ecuadendron acosta-solisianum,November 19 2025,XP205-PR,2,C,13,C13,33,13,5,10,10,10,12.5,1,5,2.5,10,0.5,10,2.5,EA,1,FALSE
PA-MT7-P25,Piper aduncum,August 14 2025,XP205-PR,2,C,14,C14,150,54,0,1,0.5,0.5,0.5,0.5,0.5,1,1,0.5,2.5,0.5,PA,7,FALSE
AE-MT1-P62,Annona edulis,March 5 2026,XP205-PR,2,C,15,C15,1,1,0,5,NA,NA,NA,NA,NA,NA,NA,NA,NA,5,AE,1,FALSE
BG-MT1-P81,Banara guianensis,August 14 2025,XP205-PR,2,C,16,C16,85,35,2,25,30,15,20,10,12.5,40,30,60,70,35,BG,1,FALSE
DC-MT1-P63,Dacryodes cupularis,August 14 2025,XP205-PR,3,A,1,A1,NA,NA,NA,NA,NA,NA,NA,NA,NA,NA,NA,NA,NA,NA,DC,1,FALSE
VB-MT4-P57,Vismia baccifera,March 5 2026,XP205-PR,3,A,2,A2,9,3,0,1,0.5,2.5,NA,NA,NA,NA,NA,NA,NA,0.5,VB,4,FALSE
CP-MT5-P36,Carapa guianensis,August 14 2025,XP205-PR,3,A,3,A3,12,9,7,2.5,5,1,1,0.5,1,5,10,50,NA,7.5,CP,5,FALSE
BG-MT2-P29,Banara guianensis,August 14 2025,XP205-PR,3,A,4,A4,NA,NA,NA,NA,NA,NA,NA,NA,NA,NA,NA,NA,NA,NA,BG,2,FALSE
BG-MT1-P93,Banara guianensis,March 5 2026,XP205-PR,3,A,4,A4,13,3,0,0.5,0.5,2.5,NA,NA,NA,NA,NA,NA,NA,0.5,BG,1,FALSE
BU-MT1-P63,Brosimum utile,May 08 2025,XP205-PR,3,A,5,A5,3,1,2,1,NA,NA,NA,NA,NA,NA,NA,NA,NA,0.5,BU,1,FALSE
BP-MT1-P44,Bauhinia pichinchensis,March 5 2026,XP205-PR,3,A,7,A7,4,1,0,1,NA,NA,NA,NA,NA,NA,NA,NA,NA,0.5,BP,1,FALSE
IS-MT3-P13,Inga silanchensis,March 19 2025,XP205-PR,3,A,8,A8,8,5,3,1,5,1,0.5,1,NA,NA,NA,NA,NA,1,IS,3,FALSE
BS-MT6-P43,Bactris setulosa,November 19 2025,XP205-PR,3,A,9,A9,3,3,2,15,5,1,NA,NA,NA,NA,NA,NA,NA,5,BS,6,FALSE
OP-MT6-P30,Ochroma pyramidale,May 08 2025,XP205-PR,3,A,10,A10,NA,NA,NA,NA,NA,NA,NA,NA,NA,NA,NA,NA,NA,NA,OP,6,FALSE
OP-MT9-P28,Ochroma pyramidale,November 19 2025,XP205-PR,3,A,10,A10,43,13,NA,1,0.5,1,1,0.5,0.5,0.5,5,10,0.5,0.5,OP,9,FALSE
AE-MT3-P49,Annona edulis,March 5 2026,XP205-PR,3,A,12,A12,3,2,0,5,1,NA,NA,NA,NA,NA,NA,NA,NA,1,AE,3,FALSE
EA-MT1-P38,Ecuadendron acosta-solisianum,November 19 2025,XP205-PR,3,A,13,A13,NA,NA,NA,NA,NA,NA,NA,NA,NA,NA,NA,NA,NA,NA,EA,1,FALSE
PG-MT2-P60,Pouruma guianensis,March 5 2026,XP205-PR,3,A,15,A15,3,2,0,0.5,1,NA,NA,NA,NA,NA,NA,NA,NA,0.5,PG,2,FALSE
CH-MT3-P64,Cecropia hispidissima,August 14 2025,XP205-PR,3,A,16,A16,2,2,0,25,50,NA,NA,NA,NA,NA,NA,NA,NA,35,CH,3,FALSE
BP-MT4-P44,Bauhinia pichinchensis,March 5 2026,XP205-PR,3,B,1,B1,NA,NA,NA,NA,NA,NA,NA,NA,NA,NA,NA,NA,NA,NA,BP,4,FALSE
CH-MT1-P6,Cecropia hispidissima,May 08 2025,XP205-PR,3,B,3,B3,NA,NA,NA,NA,NA,NA,NA,NA,NA,NA,NA,NA,NA,NA,CH,1,FALSE
CH-MT3-P78,Cecropia hispidissima,March 5 2026,XP205-PR,3,B,3,B3,5,3,0,0.5,0.5,2.5,NA,NA,NA,NA,NA,NA,NA,0.5,CH,3,FALSE
VB-MT1-P59,Vismia baccifera,August 14 2025,XP205-PR,3,B,4,B4,890,118,0,10,2.5,2.5,2.5,5,25,5,15,5,5,1,VB,1,FALSE
IS-MT2-P4,Inga silanchensis,November 19 2025,XP205-PR,3,B,6,B6,2,0,0,NA,NA,NA,NA,NA,NA,NA,NA,NA,NA,0,IS,2,FALSE
MC-MT3-P36,Miconia conocuatrecasasii,August 14 2025,XP205-PR,3,B,7,B7,8,6,0,1,2.5,10,0.5,1,0.5,NA,NA,NA,NA,0.5,MC,3,FALSE
EA-MT4-P15,Ecuadendron acosta-solisianum,May 08 2025,XP205-PR,3,B,8,B8,46,31,5,65,80,90,80,65,5,10,10,10,5,5,EA,4,FALSE
PA-MT7-P24,Piper aduncum,August 14 2025,XP205-PR,3,B,9,B9,30,3,0,1,0.5,5,NA,NA,NA,NA,NA,NA,NA,0.5,PA,7,FALSE
CP-MT3-P7,Carapa guianensis,May 08 2025,XP205-PR,3,B,10,B10,3,3,2,2.5,10,7.5,NA,NA,NA,NA,NA,NA,NA,NA,CP,3,FALSE
BG-MT1-P99,Banara guianensis,August 14 2025,XP205-PR,3,B,11,B11,39,33,8,5,45,10,5,5,15,2.5,0.5,0.5,20,2.5,BG,1,FALSE
AE-MT4-P14,Annona edulis,March 5 2026,XP205-PR,3,B,12,B12,2,1,0,0.5,NA,NA,NA,NA,NA,NA,NA,NA,NA,0.5,AE,4,FALSE
BS-MT1-P45,Bactris setulosa,November 19 2025,XP205-PR,3,B,13,B13,4,4,3,0.5,1,1,0.5,NA,NA,NA,NA,NA,NA,0.5,BS,1,FALSE
BU-MT4-P83,Brosimum utile,August 14 2025,XP205-PR,3,B,14,B14,4,2,3,35,0.5,NA,NA,NA,NA,NA,NA,NA,NA,10,BU,4,FALSE
DC-MT1-P83,Dacryodes cupularis,August 14 2025,XP205-PR,3,B,15,B15,NA,NA,NA,NA,NA,NA,NA,NA,NA,NA,NA,NA,NA,NA,DC,1,FALSE
PG-MT3-P66,Pouruma guianensis,March 5 2026,XP205-PR,3,B,16,B16,NA,NA,NA,NA,NA,NA,NA,NA,NA,NA,NA,NA,NA,NA,PG,3,FALSE
MC-MT1-P82,Miconia conocuatrecasasii,August 14 2025,XP205-PR,3,C,2,C2,77,25,9,20,2.5,1,5,5,1,0.5,2.5,2.5,0.5,1,MC,1,FALSE
IS-MT4-P19,Inga silanchensis,May 08 2025,XP205-PR,3,C,3,C3,14,10,6,1,2.5,25,7.5,10,2.5,1,5,1,25,10,IS,4,FALSE
PG-MT1-P37,Pouruma guianensis,March 5 2026,XP205-PR,3,C,4,C4,3,1,0,10,NA,NA,NA,NA,NA,NA,NA,NA,NA,2.5,PG,1,FALSE
CP-MT1-P14,Carapa guianensis,August 14 2025,XP205-PR,3,C,5,C5,6,6,3,80,50,0.5,0.5,0.5,1,NA,NA,NA,NA,20,CP,1,FALSE
DC-MT4-P69,Dacryodes cupularis,August 14 2025,XP205-PR,3,C,6,C6,8,6,4,1,2.5,1,0.5,0.5,0.5,NA,NA,NA,NA,1,DC,4,FALSE
OP-MT7-P7,Ochroma pyramidale,May 08 2025,XP205-PR,3,C,7,C7,68,58,NA,5,10,10,10,5,20,5,10,15,5,7.5,OP,7,FALSE
VB-MT5-P37,Vismia baccifera,March 5 2026,XP205-PR,3,C,9,C9,7,2,0,5,2.5,NA,NA,NA,NA,NA,NA,NA,NA,1,VB,5,FALSE
BG-MT3-P40,Banara guianensis,August 14 2025,XP205-PR,3,C,10,C10,49,18,18,0.5,1,0.5,2.5,0.5,2.5,1,5,5,1,0.5,BG,3,FALSE
BS-MT6-P74,Bactris setulosa,November 19 2025,XP205-PR,3,C,11,C11,3,1,1,10,NA,NA,NA,NA,NA,NA,NA,NA,NA,2.5,BS,6,FALSE
BU-MT1-P11,Brosimum utile,May 08 2025,XP205-PR,3,C,12,C12,6,1,3,0.5,NA,NA,NA,NA,NA,NA,NA,NA,NA,0.5,BU,1,FALSE
CH-MT4-P97,Cecropia hispidissima,August 14 2025,XP205-PR,3,C,13,C13,6,5,0,15,20,15,20,20,NA,NA,NA,NA,NA,17.5,CH,4,FALSE
EA-MT1-P82,Ecuadendron acosta-solisianum,March 5 2026,XP205-PR,3,C,14,C14,18,5,0,0.5,0.5,25,30,30,NA,NA,NA,NA,NA,5,EA,1,FALSE
AE-MT4-P8,Annona edulis,March 5 2026,XP205-PR,3,C,15,C15,7,2,0,0.5,1,NA,NA,NA,NA,NA,NA,NA,NA,0.5,AE,4,FALSE
BP-MT3-P3,Bauhinia pichinchensis,March 5 2026,XP205-PR,3,C,16,C16,4,2,0,2.5,0.5,NA,NA,NA,NA,NA,NA,NA,NA,0.5,BP,3,FALSE
BG-MT4-P43,Banara guianensis,August 14 2025,XP205-PR,4,A,1,A1,83,10,9,0.5,2.5,0.5,5,25,0.5,50,25,5,0.5,0.5,BG,4,FALSE
AE-MT1-P27,Annona edulis,March 5 2026,XP205-PR,4,A,2,A2,4,3,0,0.5,0.5,1,NA,NA,NA,NA,NA,NA,NA,0.5,AE,1,FALSE
OP-MT9-P23,Ochroma pyramidale,March 19 2025,XP205-PR,4,A,3,A3,43,29,NA,0.5,1,5,20,30,5,2.5,10,5,0.5,5,OP,9,FALSE
IS-MT2-P37,Inga silanchensis,March 19 2025,XP205-PR,4,A,4,A4,25,15,12,5,1,1,1,0.5,2.5,5,5,1,1,2.5,IS,2,FALSE
EA-MT3-P11,Ecuadendron acosta-solisianum,May 08 2025,XP205-PR,4,A,5,A5,NA,NA,NA,NA,NA,NA,NA,NA,NA,NA,NA,NA,NA,NA,EA,3,FALSE
EA-MT5-P81,Ecuadendron acosta-solisianum,March 5 2026,XP205-PR,4,A,5,A5,22,4,0,0.5,1,5,10,NA,NA,NA,NA,NA,NA,1,EA,5,FALSE
BP-MT4-P75,Bauhinia pichinchensis,March 5 2026,XP205-PR,4,A,6,A6,NA,NA,NA,NA,NA,NA,NA,NA,NA,NA,NA,NA,NA,NA,BP,4,FALSE
CH-MT5-P35,Cecropia hispidissima,August 14 2025,XP205-PR,4,A,7,A7,13,12,3,20,15,15,20,10,10,10,20,10,20,10,CH,5,FALSE
VB-MT2-P74,Vismia baccifera,March 5 2026,XP205-PR,4,A,8,A8,6,2,0,1,2.5,NA,NA,NA,NA,NA,NA,NA,NA,0.5,VB,2,FALSE
DC-MT3-P23,Dacryodes cupularis,August 14 2025,XP205-PR,4,A,9,A9,NA,NA,NA,NA,NA,NA,NA,NA,NA,NA,NA,NA,NA,NA,DC,3,FALSE
PG-MT3-P78,Pouruma guianensis,March 5 2026,XP205-PR,4,A,10,A10,7,3,0,0.5,0.5,0.5,NA,NA,NA,NA,NA,NA,NA,0.5,PG,3,FALSE
PA-MT3-P64,Piper aduncum,March 19 2025,XP205-PR,4,A,11,A11,498,93,0,1,1,1,1,0.5,2.5,1,5,0.5,2.5,1,PA,3,FALSE
MC-MT2-P74,Miconia conocuatrecasasii,August 14 2025,XP205-PR,4,A,13,A13,NA,NA,NA,NA,NA,NA,NA,NA,NA,NA,NA,NA,NA,NA,MC,2,FALSE
BS-MT7-P35,Bactris setulosa,November 19 2025,XP205-PR,4,A,14,A14,4,3,0,0.5,0.5,0.5,NA,NA,NA,NA,NA,NA,NA,10,BS,7,FALSE
BU-MT3-P2,Brosimum utile,August 14 2025,XP205-PR,4,A,16,A16,5,2,2,0.5,0.5,NA,NA,NA,NA,NA,NA,NA,NA,0.5,BU,3,FALSE
BP-MT2-P38,Bauhinia pichinchensis,March 5 2026,XP205-PR,4,B,1,B1,NA,NA,NA,NA,NA,NA,NA,NA,NA,NA,NA,NA,NA,NA,BP,2,FALSE
VB-MT5-P40,Vismia baccifera,March 5 2026,XP205-PR,4,B,2,B2,32,4,0,1,1,0.5,0.5,NA,NA,NA,NA,NA,NA,0.5,VB,5,FALSE
IS-MT5-P28,Inga silanchensis,March 19 2025,XP205-PR,4,B,3,B3,NA,NA,NA,NA,NA,NA,NA,NA,NA,NA,NA,NA,NA,NA,IS,5,FALSE
BG-MT1-87,Banara guianensis,March 5 2026,XP205-PR,4,B,3,B3,15,5,0,1,0.5,1,5,0.5,NA,NA,NA,NA,NA,0.5,BG,1,FALSE
BS-MT5-P17,Bactris setulosa,August 14 2025,XP205-PR,4,B,4,B4,2,2,0,5,10,NA,NA,NA,NA,NA,NA,NA,NA,7.5,BS,5,FALSE
CH-MT5-P49,Cecropia hispidissima,August 14 2025,XP205-PR,4,B,5,B5,2,2,0,15,10,NA,NA,NA,NA,NA,NA,NA,NA,12.5,CH,5,FALSE
CP-MT4-P28,Carapa guianensis,May 08 2025,XP205-PR,4,B,6,B6,NA,NA,NA,NA,NA,NA,NA,NA,NA,NA,NA,NA,NA,NA,CP,4,FALSE
DC-MT3-P78,Dacryodes cupularis,August 14 2025,XP205-PR,4,B,8,B8,NA,NA,NA,NA,NA,NA,NA,NA,NA,NA,NA,NA,NA,NA,DC,3,FALSE
MC-MT1-P46,Miconia conocuatrecasasii,August 14 2025,XP205-PR,4,B,9,B9,55,18,0,5,1,1,2.5,10,5,20,5,10,2.5,1,MC,1,FALSE
OP-MT2-P49,Ochroma pyramidale,March 19 2025,XP205-PR,4,B,10,B10,NA,NA,NA,NA,NA,NA,NA,NA,NA,NA,NA,NA,NA,NA,OP,2,FALSE
OP-MT7-P60,Ochroma pyramidale,November 19 2025,XP205-PR,4,B,10,B10,35,15,NA,0.5,10,5,1,0.5,0.5,0.5,10,5,25,2.5,OP,7,FALSE
PA-MT6-P62,Piper aduncum,May 08 2025,XP205-PR,4,B,11,B11,698,84,0,2.5,5,1,0.5,0.5,1,0.5,1,2.5,5,1,PA,6,FALSE
NA,Inga silanchensis,March 19 2025,XP205-PR,4,B,12,B12,69,24,6,1,5,2.5,5,1,5,2.5,10,10,1,1,NA,NA,FALSE
PG-MT5-P74,Pouruma guianensis,March 5 2026,XP205-PR,4,B,13,B13,2,0,0,NA,NA,NA,NA,NA,NA,NA,NA,NA,NA,0,PG,5,FALSE
BU-MT3-P59,Brosimum utile,August 14 2025,XP205-PR,4,B,14,B14,18,9,1,5,5,2.5,2.5,5,5,2.5,0.5,0.5,NA,1,BU,3,FALSE
EA-MT1-P45,Ecuadendron acosta-solisianum,November 19 2025,XP205-PR,4,B,15,B15,10,3,0,2.5,0.5,20,NA,NA,NA,NA,NA,NA,NA,1,EA,1,FALSE
AE-MT3-P23,Annona edulis,March 5 2026,XP205-PR,4,B,16,B16,2,0,0,NA,NA,NA,NA,NA,NA,NA,NA,NA,NA,0,AE,3,FALSE
PA-MT6-P23,Piper aduncum,May 08 2025,XP205-PR,4,C,2,C2,48,11,0,0.5,10,1,2.5,2.5,0.5,0.5,1,0.5,0.5,0.5,PA,6,FALSE
EA-MT2-P7,Ecuadendron acosta-solisianum,May 08 2025,XP205-PR,4,C,3,C3,1,0,0,NA,NA,NA,NA,NA,NA,NA,NA,NA,NA,0,EA,2,FALSE
BU-MT4-P80,Brosimum utile,August 14 2025,XP205-PR,4,C,4,C4,NA,NA,NA,NA,NA,NA,NA,NA,NA,NA,NA,NA,NA,NA,BU,4,FALSE
BP-MT1-P47,Bauhinia pichinchensis,March 5 2026,XP205-PR,4,C,5,C5,3,3,0,10,2.5,5,NA,NA,NA,NA,NA,NA,NA,5,BP,1,FALSE
AE-MT1-P38,Annona edulis,March 5 2026,XP205-PR,4,C,6,C6,14,3,0,2.5,0.5,2.5,NA,NA,NA,NA,NA,NA,NA,0.5,AE,1,FALSE
BG-MT3-P4,Banara guianensis,August 14 2025,XP205-PR,4,C,7,C7,NA,NA,NA,NA,NA,NA,NA,NA,NA,NA,NA,NA,NA,NA,BG,3,FALSE
VB-MT4-P7,Vismia baccifera,March 5 2026,XP205-PR,4,C,8,C8,7,4,0,0.5,1,0.5,1,NA,NA,NA,NA,NA,NA,0.5,VB,4,FALSE
BS-MT6-P86,Bactris setulosa,November 19 2025,XP205-PR,4,C,9,C9,1,1,0,55,NA,NA,NA,NA,NA,NA,NA,NA,NA,55,BS,6,FALSE
CH-MT2-P33,Cecropia hispidissima,August 14 2025,XP205-PR,4,C,10,C10,9,8,0,1,1,2.5,2.5,1,2.5,1,1,NA,NA,1,CH,2,FALSE
OP-MT8-P34,Ochroma pyramidale,May 08 2025,XP205-PR,4,C,11,C11,NA,NA,NA,NA,NA,NA,NA,NA,NA,NA,NA,NA,NA,NA,OP,8,FALSE
OP-MT8-P57,Ochroma pyramidale,November 19 2025,XP205-PR,4,C,11,C11,17,8,0,1,0.5,1,1,0.5,2.5,5,1,NA,NA,1,OP,8,FALSE
IS-MT1-P32,Inga silanchensis,May 08 2025,XP205-PR,4,C,12,C12,43,17,11,2.5,1,1,1,5,1,2.5,1,0.5,0.5,0.5,IS,1,FALSE
CP-MT3-P63,Carapa guianensis,March 5 2026,XP205-PR,4,C,13,C13,2,0,0,NA,NA,NA,NA,NA,NA,NA,NA,NA,NA,0,CP,3,FALSE
PG-MT4-P35,Pouruma guianensis,March 5 2026,XP205-PR,4,C,14,C14,NA,NA,NA,NA,NA,NA,NA,NA,NA,NA,NA,NA,NA,NA,PG,4,FALSE
DC-MT5-P70,Dacryodes cupularis,August 14 2025,XP205-PR,4,C,15,C15,NA,NA,NA,NA,NA,NA,NA,NA,NA,NA,NA,NA,NA,NA,DC,5,FALSE
MC-MT3-P64,Miconia conocuatrecasasii,August 14 2025,XP205-PR,4,C,16,C16,NA,NA,NA,NA,NA,NA,NA,NA,NA,NA,NA,NA,NA,NA,MC,3,FALSE
CP-MT2-P18,Carapa guianensis,May 08 2025,XP205-PR,5,A,1,A1,NA,NA,NA,NA,NA,NA,NA,NA,NA,NA,NA,NA,NA,NA,CP,2,FALSE
IS-MT1-P59,Inga silanchensis,May 08 2025,XP205-PR,5,A,2,A2,NA,NA,NA,NA,NA,NA,NA,NA,NA,NA,NA,NA,NA,NA,IS,1,FALSE
OP-MT8-P50,Ochroma pyramidale,May 08 2025,XP205-PR,5,A,3,A3,NA,NA,NA,NA,NA,NA,NA,NA,NA,NA,NA,NA,NA,NA,OP,8,FALSE
BS-MT7-P73,Bactris setulosa,March 5 2026,XP205-PR,5,A,5,A5,NA,NA,NA,NA,NA,NA,NA,NA,NA,NA,NA,NA,NA,NA,BS,7,FALSE
CH-MT3-P49,Cecropia hispidissima,August 14 2025,XP205-PR,5,A,6,A6,NA,NA,NA,NA,NA,NA,NA,NA,NA,NA,NA,NA,NA,NA,CH,3,FALSE
BP-MT5-P32,Bauhinia pichinchensis,March 5 2026,XP205-PR,5,A,8,A8,NA,NA,NA,NA,NA,NA,NA,NA,NA,NA,NA,NA,NA,NA,BP,5,FALSE
AE-MT4-P7,Annona edulis,March 5 2026,XP205-PR,5,A,10,A10,NA,NA,NA,NA,NA,NA,NA,NA,NA,NA,NA,NA,NA,NA,AE,4,FALSE
BG-MT4-P40,Banara guianensis,August 14 2025,XP205-PR,5,A,11,A11,NA,NA,NA,NA,NA,NA,NA,NA,NA,NA,NA,NA,NA,NA,BG,4,FALSE
DC-MT4-P50,Dacryodes cupularis,August 14 2025,XP205-PR,5,A,12,A12,NA,NA,NA,NA,NA,NA,NA,NA,NA,NA,NA,NA,NA,NA,DC,4,FALSE
PG-MT2-P3,Pouruma guianensis,March 5 2026,XP205-PR,5,A,15,A15,NA,NA,NA,NA,NA,NA,NA,NA,NA,NA,NA,NA,NA,NA,PG,2,FALSE
VB-MT2-P38,Vismia baccifera,March 5 2026,XP205-PR,5,A,16,A16,NA,NA,NA,NA,NA,NA,NA,NA,NA,NA,NA,NA,NA,NA,VB,2,FALSE
IS-MT5-P3,Inga silanchensis,March 19 2025,XP205-PR,5,B,1,B1,NA,NA,NA,NA,NA,NA,NA,NA,NA,NA,NA,NA,NA,NA,IS,5,FALSE
CP-MT4-P51,Carapa guianensis,May 08 2025,XP205-PR,5,B,2,B2,NA,NA,NA,NA,NA,NA,NA,NA,NA,NA,NA,NA,NA,NA,CP,4,FALSE
EA-MT3-P10,Ecuadendron acosta-solisianum,March 5 2026,XP205-PR,5,B,3,B3,NA,NA,NA,NA,NA,NA,NA,NA,NA,NA,NA,NA,NA,NA,EA,3,FALSE
PG-MT2-P56,Pouruma guianensis,March 5 2026,XP205-PR,5,B,5,B5,NA,NA,NA,NA,NA,NA,NA,NA,NA,NA,NA,NA,NA,NA,PG,2,FALSE
DC-MT1-P42,Dacryodes cupularis,August 14 2025,XP205-PR,5,B,7,B7,NA,NA,NA,NA,NA,NA,NA,NA,NA,NA,NA,NA,NA,NA,DC,1,FALSE
AE-MT5-P21,Annona edulis,March 5 2026,XP205-PR,5,B,11,B11,NA,NA,NA,NA,NA,NA,NA,NA,NA,NA,NA,NA,NA,NA,AE,5,FALSE
BP-MT5-P2,Bauhinia pichinchensis,March 5 2026,XP205-PR,5,B,12,B12,NA,NA,NA,NA,NA,NA,NA,NA,NA,NA,NA,NA,NA,NA,BP,5,FALSE
VB-MT3-P32,Vismia baccifera,March 5 2026,XP205-PR,5,B,13,B13,NA,NA,NA,NA,NA,NA,NA,NA,NA,NA,NA,NA,NA,NA,VB,3,FALSE
BG-MT5-P90,Banara guianensis,August 14 2025,XP205-PR,5,B,16,B16,NA,NA,NA,NA,NA,NA,NA,NA,NA,NA,NA,NA,NA,NA,BG,5,FALSE
OP-MT9-P41,Ochroma pyramidale,March 19 2025,XP205-PR,5,C,1,C1,NA,NA,NA,NA,NA,NA,NA,NA,NA,NA,NA,NA,NA,NA,OP,9,FALSE
CP-MT2-P63,Carapa guianensis,May 08 2025,XP205-PR,5,C,2,C2,NA,NA,NA,NA,NA,NA,NA,NA,NA,NA,NA,NA,NA,NA,CP,2,FALSE
PA-MT6-P57,Piper aduncum,May 08 2025,XP205-PR,5,C,3,C3,NA,NA,NA,NA,NA,NA,NA,NA,NA,NA,NA,NA,NA,NA,PA,6,FALSE
BU-MT1-P21,Brosimum utile,May 08 2025,XP205-PR,5,C,4,C4,NA,NA,NA,NA,NA,NA,NA,NA,NA,NA,NA,NA,NA,NA,BU,1,FALSE
DC-MT5-P73,Dacryodes cupularis,August 14 2025,XP205-PR,5,C,6,C6,NA,NA,NA,NA,NA,NA,NA,NA,NA,NA,NA,NA,NA,NA,DC,5,FALSE
VB-MT2-P22,Vismia baccifera,March 5 2026,XP205-PR,5,C,7,C7,NA,NA,NA,NA,NA,NA,NA,NA,NA,NA,NA,NA,NA,NA,VB,2,FALSE
BG-MT2-P98,Banara guianensis,August 14 2025,XP205-PR,5,C,8,C8,NA,NA,NA,NA,NA,NA,NA,NA,NA,NA,NA,NA,NA,NA,BG,2,FALSE
BP-MT4-P5,Bauhinia pichinchensis,March 5 2026,XP205-PR,5,C,10,C10,NA,NA,NA,NA,NA,NA,NA,NA,NA,NA,NA,NA,NA,NA,BP,4,FALSE
IS-MT3-P95,Inga silanchensis,March 5 2026,XP205-PR,5,C,11,C11,NA,NA,NA,NA,NA,NA,NA,NA,NA,NA,NA,NA,NA,NA,IS,3,FALSE
PG-MT3-P23,Pouruma guianensis,March 5 2026,XP205-PR,5,C,12,C12,NA,NA,NA,NA,NA,NA,NA,NA,NA,NA,NA,NA,NA,NA,PG,3,FALSE
CH-MT2-P42,Cecropia hispidissima,August 14 2025,XP205-PR,5,C,13,C13,NA,NA,NA,NA,NA,NA,NA,NA,NA,NA,NA,NA,NA,NA,CH,2,FALSE
EA-MT4-P63,Ecuadendron acosta-solisianum,March 5 2026,XP205-PR,5,C,14,C14,NA,NA,NA,NA,NA,NA,NA,NA,NA,NA,NA,NA,NA,NA,EA,4,FALSE
AE-MT5-P43,Annona edulis,March 5 2026,XP205-PR,5,C,16,C16,NA,NA,NA,NA,NA,NA,NA,NA,NA,NA,NA,NA,NA,NA,AE,5,FALSE
IS-MT3-P23,Inga silanchensis,March 19 2025,XP206-PR,1,A,3,A3,NA,NA,NA,NA,NA,NA,NA,NA,NA,NA,NA,NA,NA,NA,IS,3,FALSE
IS-MT2-P14,Inga silanchensis,March 6 2026,XP206-PR,1,A,3,A3,1,0,0,NA,NA,NA,NA,NA,NA,NA,NA,NA,NA,0,IS,2,FALSE
VB-MT1-P38,Vismia baccifera,August 14 2025,XP206-PR,1,A,4,A4,194,58,83,5,5,1,10,2.5,2.5,70,10,1,5,2.5,VB,1,FALSE
DC-MT5-P86,Dacryodes cupularis,March 6 2026,XP206-PR,1,A,5,A5,3,2,0,5,1,NA,NA,NA,NA,NA,NA,NA,NA,1,DC,5,FALSE
PG-MT1-P20,Pouruma guianensis,March 6 2026,XP206-PR,1,A,6,A6,0,0,0,NA,NA,NA,NA,NA,NA,NA,NA,NA,NA,0,PG,1,FALSE
BU-MT1-P56,Brosimum utile,May 07 2025,XP206-PR,1,A,7,A7,NA,NA,NA,NA,NA,NA,NA,NA,NA,NA,NA,NA,NA,NA,BU,1,FALSE
OP-MT9-P56,Ochroma pyramidale,March 19 2025,XP206-PR,1,A,8,A8,NA,NA,NA,NA,NA,NA,NA,NA,NA,NA,NA,NA,NA,NA,OP,9,FALSE
AE-MT2-P75,Annona edulis,March 6 2026,XP206-PR,1,A,9,A9,NA,NA,NA,NA,NA,NA,NA,NA,NA,NA,NA,NA,NA,NA,AE,2,FALSE
MC-MT2-P66,Miconia conocuatrecasasii,August 14 2025,XP206-PR,1,A,10,A10,44,20,5,5,0.5,1,50,50,10,7.5,0.5,0.5,15,5,MC,2,FALSE
CH-MT3-P47,Cecropia hispidissima,August 14 2025,XP206-PR,1,A,11,A11,3,3,0,7.5,10,10,NA,NA,NA,NA,NA,NA,NA,10,CH,3,FALSE
CP-MT3-P14,Carapa guianensis,May 07 2025,XP206-PR,1,A,12,A12,9,7,6,1,1,1,0.5,1,NA,NA,NA,NA,NA,0.5,CP,3,FALSE
BP-MT-P,Bauhinia pichinchensis,November 20 2025,XP206-PR,1,A,13,A13,NA,NA,NA,NA,NA,NA,NA,NA,NA,NA,NA,NA,NA,NA,BP,NA,FALSE
BP-MT4-P24,Bauhinia pichinchensis,March 6 2026,XP206-PR,1,A,13,A13,NA,NA,NA,NA,NA,NA,NA,NA,NA,NA,NA,NA,NA,NA,BP,4,FALSE
BS-MT1-P78,Bactris setulosa,November 20 2025,XP206-PR,1,A,14,A14,3,2,1,5,10,NA,NA,NA,NA,NA,NA,NA,NA,7.5,BS,1,FALSE
EA-MT5-P44,Ecuadendron acosta-solisianum,November 20 2025,XP206-PR,1,A,15,A15,26,11,11,2.5,1,1,5,5,0.5,1,0.5,5,2.5,1,EA,5,FALSE
BG-MT5-P56,Banara guianensis,August 14 2025,XP206-PR,1,A,16,A16,119,8,38,0.5,0.5,1,1,1,0.5,0.5,0.5,NA,NA,0.5,BG,5,FALSE
BP-MT3-P65,Bauhinia pichinchensis,March 6 2026,XP206-PR,1,B,1,B1,NA,NA,NA,NA,NA,NA,NA,NA,NA,NA,NA,NA,NA,NA,BP,3,FALSE
PG-MT4-P73,Pouruma guianensis,March 6 2026,XP206-PR,1,B,2,B2,NA,NA,NA,NA,NA,NA,NA,NA,NA,NA,NA,NA,NA,NA,PG,4,FALSE
BU-MT4-P41,Brosimum utile,August 14 2025,XP206-PR,1,B,3,B3,NA,NA,NA,NA,NA,NA,NA,NA,NA,NA,NA,NA,NA,NA,BU,4,FALSE
BU-MT3-P79,Brosimum utile,March 6 2026,XP206-PR,1,B,3,B3,NA,NA,NA,NA,NA,NA,NA,NA,NA,NA,NA,NA,NA,NA,BU,3,FALSE
BG-MT4-P62,Banara guianensis,August 14 2025,XP206-PR,1,B,4,B4,147,19,52,1,0.5,1,0.5,5,1,2.5,2.5,2.5,0.5,0.5,BG,4,FALSE
AE-MT2-P28,Annona edulis,March 6 2026,XP206-PR,1,B,5,B5,1,1,0,1,NA,NA,NA,NA,NA,NA,NA,NA,NA,1,AE,2,FALSE
CP-MT4-P27,Carapa guianensis,May 07 2025,XP206-PR,1,B,6,B6,NA,NA,NA,NA,NA,NA,NA,NA,NA,NA,NA,NA,NA,NA,CP,4,FALSE
IS-MT5-P35,Inga silanchensis,March 19 2025,XP206-PR,1,B,7,B7,16,10,5,0.5,1,2.5,1,1,0.5,1,0.5,2.5,0.5,0.5,IS,5,FALSE
BS-MT1-P59,Bactris setulosa,November 20 2025,XP206-PR,1,B,8,B8,3,2,0,50,60,NA,NA,NA,NA,NA,NA,NA,NA,45,BS,1,FALSE
CH-MT1-P32,Cecropia hispidissima,May 07 2025,XP206-PR,1,B,9,B9,3,2,0,5,10,NA,NA,NA,NA,NA,NA,NA,NA,5,CH,1,FALSE
OP-MT8-P10,Ochroma pyramidale,May 07 2025,XP206-PR,1,B,10,B10,126,118,0,7.5,5,1,2.5,10,10,5,5,7.5,1,7.5,OP,8,FALSE
MC-MT1-P57,Miconia conocuatrecasasii,August 14 2025,XP206-PR,1,B,11,B11,49,23,9,10,20,15,25,1,25,30,5,5,0.5,5,MC,1,FALSE
DC-MT4-P61,Dacryodes cupularis,August 14 2025,XP206-PR,1,B,13,B13,NA,NA,NA,NA,NA,NA,NA,NA,NA,NA,NA,NA,NA,NA,DC,4,FALSE
VB-MT4-P61,Vismia baccifera,March 6 2026,XP206-PR,1,B,14,B14,11,3,2,1,5,0.5,NA,NA,NA,NA,NA,NA,NA,1,VB,4,FALSE
EA-MT2-P64,Ecuadendron acosta-solisianum,March 6 2026,XP206-PR,1,B,15,B15,9,6,0,2.5,0.5,1,0.5,0.5,0.5,NA,NA,NA,NA,0.5,EA,2,FALSE
AE-MT3-P30,Annona edulis,March 6 2026,XP206-PR,1,C,1,C1,0,0,0,NA,NA,NA,NA,NA,NA,NA,NA,NA,NA,0,AE,3,FALSE
PA-MT6-P14,Piper aduncum,May 07 2025,XP206-PR,1,C,3,C3,320,93,0,1,10,2.5,5,1,5,5,0.5,60,5,1,PA,6,FALSE
DC-MT5-P26,Dacryodes cupularis,August 14 2025,XP206-PR,1,C,4,C4,NA,NA,NA,NA,NA,NA,NA,NA,NA,NA,NA,NA,NA,NA,DC,5,FALSE
EA-MT5-P32,Ecuadendron acosta-solisianum,November 20 2025,XP206-PR,1,C,5,C5,46,11,0,20,25,2.5,0.5,1,1,0.5,0.5,10,0.5,1,EA,5,FALSE
CH-MT4-P62,Cecropia hispidissima,August 14 2025,XP206-PR,1,C,6,C6,17,14,6,25,10,45,20,30,15,15,40,5,0.5,17.5,CH,4,FALSE
CP-MT2-P15,Carapa guianensis,May 07 2025,XP206-PR,1,C,7,C7,3,3,1,1,0.5,1,NA,NA,NA,NA,NA,NA,NA,1,CP,2,FALSE
IS-MT1-P12,Inga silanchensis,May 07 2025,XP206-PR,1,C,8,C8,7,5,4,0.5,15,0.5,1,1,NA,NA,NA,NA,NA,5,IS,1,FALSE
VB-MT5-P34,Vismia baccifera,March 6 2026,XP206-PR,1,C,9,C9,22,2,0,5,5,NA,NA,NA,NA,NA,NA,NA,NA,2.5,VB,5,FALSE
PG-MT4-P71,Pouruma guianensis,March 6 2026,XP206-PR,1,C,10,C10,NA,NA,NA,NA,NA,NA,NA,NA,NA,NA,NA,NA,NA,NA,PG,4,FALSE
BU-MT3-P55,Brosimum utile,August 14 2025,XP206-PR,1,C,11,C11,0,0,0,NA,NA,NA,NA,NA,NA,NA,NA,NA,NA,0,BU,3,FALSE
BS-MT5-P53,Bactris setulosa,November 20 2025,XP206-PR,1,C,12,C12,2,1,0,5,NA,NA,NA,NA,NA,NA,NA,NA,NA,2.5,BS,5,FALSE
MC-MT2-P36,Miconia conocuatrecasasii,August 14 2025,XP206-PR,1,C,13,C13,30,18,9,10,15,10,0.5,10,20,5,1,20,10,7.5,MC,2,FALSE
BG-MT1-P46,Banara guianensis,August 14 2025,XP206-PR,1,C,14,C14,134,18,17,0.5,1,5,0.5,0.5,0.5,0.5,5,1,2.5,0.5,BG,1,FALSE
BP-MT1-P40,Bauhinia pichinchensis,March 6 2026,XP206-PR,1,C,16,C16,NA,NA,NA,NA,NA,NA,NA,NA,NA,NA,NA,NA,NA,NA,BP,1,FALSE
VB-MT2-P39,Vismia baccifera,March 6 2026,XP206-PR,2,A,2,A2,8,2,0,0.5,0.5,NA,NA,NA,NA,NA,NA,NA,NA,0.5,VB,2,FALSE
CH-MT3-P44,Cecropia hispidissima,August 14 2025,XP206-PR,2,A,4,A4,24,22,8,20,50,25,20,50,40,40,30,60,10,25,CH,3,FALSE
BP-MT2-P71,Bauhinia pichinchensis,March 6 2026,XP206-PR,2,A,5,A5,0,0,0,NA,NA,NA,NA,NA,NA,NA,NA,NA,NA,0,BP,2,FALSE
BG-MT5-P18,Banara guianensis,August 14 2025,XP206-PR,2,A,6,A6,88,3,5,18,1,1,NA,NA,NA,NA,NA,NA,NA,0.5,BG,5,FALSE
EA-MT4-P22,Ecuadendron acosta-solisianum,May 07 2025,XP206-PR,2,A,7,A7,6,5,2,2.5,0.5,1,0.5,0.5,NA,NA,NA,NA,NA,0.5,EA,4,FALSE
AE-MT2-P64,Annona edulis,March 6 2026,XP206-PR,2,A,8,A8,NA,NA,NA,NA,NA,NA,NA,NA,NA,NA,NA,NA,NA,NA,AE,2,FALSE
PA-MT3-P68,Piper aduncum,March 19 2025,XP206-PR,2,A,9,A9,200,40,0,0.5,0.5,5,2.5,2.5,25,2.5,10,0.5,1,0.5,PA,3,FALSE
PG-MT4-P2,Pouruma guianensis,March 6 2026,XP206-PR,2,A,10,A10,NA,NA,NA,NA,NA,NA,NA,NA,NA,NA,NA,NA,NA,NA,PG,4,FALSE
IS-MT3-P48,Inga silanchensis,March 19 2025,XP206-PR,2,A,11,A11,8,3,4,1,1,5,NA,NA,NA,NA,NA,NA,NA,0.5,IS,3,FALSE
BS-MT5-P32,Bactris setulosa,August 14 2025,XP206-PR,2,A,13,A13,NA,NA,NA,NA,NA,NA,NA,NA,NA,NA,NA,NA,NA,NA,BS,5,FALSE
CP-MT5-P45,Carapa guianensis,August 14 2025,XP206-PR,2,A,14,A14,NA,NA,NA,NA,NA,NA,NA,NA,NA,NA,NA,NA,NA,NA,CP,5,FALSE
BU-MT3-P48,Brosimum utile,August 14 2025,XP206-PR,2,A,15,A15,NA,NA,NA,NA,NA,NA,NA,NA,NA,NA,NA,NA,NA,NA,BU,3,FALSE
IS-MT2-P91,Inga silanchensis,March 19 2025,XP206-PR,2,B,1,B1,2,0,0,NA,NA,NA,NA,NA,NA,NA,NA,NA,NA,0,IS,2,FALSE
DC-MT4-P44,Dacryodes cupularis,August 14 2025,XP206-PR,2,B,3,B3,NA,NA,NA,NA,NA,NA,NA,NA,NA,NA,NA,NA,NA,NA,DC,4,FALSE
CP-MT1-P6,Carapa guianensis,August 14 2025,XP206-PR,2,B,4,B4,4,2,2,2.5,1,NA,NA,NA,NA,NA,NA,NA,NA,1,CP,1,FALSE
PA-MT7-P21,Piper aduncum,August 14 2025,XP206-PR,2,B,5,B5,151,29,0,2.5,10,1,1,0.5,5,0.5,0.5,10,15,1,PA,7,FALSE
BS-MT7-P5,Bactris setulosa,August 14 2025,XP206-PR,2,B,6,B6,NA,NA,NA,NA,NA,NA,NA,NA,NA,NA,NA,NA,NA,NA,BS,7,FALSE
PG-MT5-P6,Pouruma guianensis,March 6 2026,XP206-PR,2,B,8,B8,3,1,1,0.5,NA,NA,NA,NA,NA,NA,NA,NA,NA,0.5,PG,5,FALSE
CH-MT5-P18,Cecropia hispidissima,August 14 2025,XP206-PR,2,B,9,B9,14,13,4,15,50,25,25,10,1,25,20,1,15,15,CH,5,FALSE
EA-MT2-P24,Ecuadendron acosta-solisianum,May 07 2025,XP206-PR,2,B,10,B10,72,12,14,5,5,2.5,2.5,2.5,1,5,1,1,0.5,0.5,EA,2,FALSE
BU-MT3-P60,Brosimum utile,August 14 2025,XP206-PR,2,B,11,B11,3,0,1,NA,NA,NA,NA,NA,NA,NA,NA,NA,NA,0,BU,3,FALSE
OP-MT7-P33,Ochroma pyramidale,May 07 2025,XP206-PR,2,B,12,B12,255,247,0,5,1,30,5,10,0.5,5,1,10,15,5,OP,7,FALSE
BG-MT3-P81,Banara guianensis,August 14 2025,XP206-PR,2,B,13,B13,299,20,28,1,1,1,0.5,30,35,90,1,2.5,2.5,0.5,BG,3,FALSE
VB-MT3-P5,Vismia baccifera,March 6 2026,XP206-PR,2,B,14,B14,5,1,0,25,NA,NA,NA,NA,NA,NA,NA,NA,NA,0.5,VB,3,FALSE
AE-MT5-P4,Annona edulis,March 6 2026,XP206-PR,2,B,15,B15,5,1,1,0.5,NA,NA,NA,NA,NA,NA,NA,NA,NA,0.5,AE,5,FALSE
BP-MT5-P21,Bauhinia pichinchensis,March 6 2026,XP206-PR,2,B,16,B16,NA,NA,NA,NA,NA,NA,NA,NA,NA,NA,NA,NA,NA,NA,BP,5,FALSE
IS-MT4-P49,Inga silanchensis,May 07 2025,XP206-PR,2,C,1,C1,NA,NA,NA,NA,NA,NA,NA,NA,NA,NA,NA,NA,NA,NA,IS,4,FALSE
OP-MT6-P36,Ochroma pyramidale,May 07 2025,XP206-PR,2,C,2,C2,181,121,0,5,1,5,5,10,10,15,10,10,5,10,OP,6,FALSE
CH-MT4-P15,Cecropia hispidissima,August 14 2025,XP206-PR,2,C,3,C3,6,6,0,50,40,70,40,5,1,NA,NA,NA,NA,50,CH,4,FALSE
EA-MT5-P74,Ecuadendron acosta-solisianum,November 20 2025,XP206-PR,2,C,4,C4,7,6,4,1,5,2.5,1,0.5,2.5,NA,NA,NA,NA,1,EA,5,FALSE
BP-MT1-P25,Bauhinia pichinchensis,March 6 2026,XP206-PR,2,C,5,C5,1,0,0,NA,NA,NA,NA,NA,NA,NA,NA,NA,NA,0,BP,1,FALSE
VB-MT2-P54,Vismia baccifera,March 6 2026,XP206-PR,2,C,6,C6,4,2,0,2.5,2.5,NA,NA,NA,NA,NA,NA,NA,NA,1,VB,2,FALSE
PA-MT6-P59,Piper aduncum,November 20 2025,XP206-PR,2,C,8,C8,NA,NA,NA,NA,NA,NA,NA,NA,NA,NA,NA,NA,NA,NA,PA,6,FALSE
BG-MT3-P27,Banara guianensis,August 14 2025,XP206-PR,2,C,9,C9,NA,NA,NA,NA,NA,NA,NA,NA,NA,NA,NA,NA,NA,NA,BG,3,FALSE
MC-MT1-P74,Miconia conocuatrecasasii,August 14 2025,XP206-PR,2,C,10,C10,48,19,4,10,5,5,5,7.5,2.5,15,10,5,20,5,MC,1,FALSE
BU-MT4-P77,Brosimum utile,August 14 2025,XP206-PR,2,C,11,C11,4,1,1,0.5,NA,NA,NA,NA,NA,NA,NA,NA,NA,0.5,BU,4,FALSE
AE-MT4-P64,Annona edulis,March 6 2026,XP206-PR,2,C,13,C13,9,4,0,0.5,30,2.5,5,NA,NA,NA,NA,NA,NA,5,AE,4,FALSE
DC-MT2-P15,Dacryodes cupularis,March 6 2026,XP206-PR,2,C,14,C14,2,1,0,5,NA,NA,NA,NA,NA,NA,NA,NA,NA,5,DC,2,FALSE
BS-MT6-P25,Bactris setulosa,August 14 2025,XP206-PR,2,C,15,C15,3,3,0,50,20,2.5,NA,NA,NA,NA,NA,NA,NA,10,BS,6,FALSE
PG-MT1-P19,Pouruma guianensis,March 6 2026,XP206-PR,2,C,16,C16,NA,NA,NA,NA,NA,NA,NA,NA,NA,NA,NA,NA,NA,NA,PG,1,FALSE
IS-MT1-P11,Inga silanchensis,May 07 2025,XP206-PR,3,A,1,A1,9,9,5,1,5,25,5,0.5,1,0.5,1,1,NA,2.5,IS,1,FALSE
DC-MT3-P43,Dacryodes cupularis,August 14 2025,XP206-PR,3,A,2,A2,NA,NA,NA,NA,NA,NA,NA,NA,NA,NA,NA,NA,NA,NA,DC,3,FALSE
PG-MT2-P36,Pouruma guianensis,March 6 2026,XP206-PR,3,A,3,A3,NA,NA,NA,NA,NA,NA,NA,NA,NA,NA,NA,NA,NA,NA,PG,2,FALSE
VB-MT5-P65,Vismia baccifera,March 6 2026,XP206-PR,3,A,4,A4,7,4,0,2.5,0.5,5,0.5,NA,NA,NA,NA,NA,NA,7.5,VB,5,FALSE
CH-MT5-P77,Cecropia hispidissima,August 14 2025,XP206-PR,3,A,5,A5,20,19,8,15,20,15,1,15,10,10,15,15,20,15,CH,5,FALSE
BP-MT3-P40,Bauhinia pichinchensis,March 6 2026,XP206-PR,3,A,7,A7,2,2,0,15,1,NA,NA,NA,NA,NA,NA,NA,NA,7.5,BP,3,FALSE
OP-MT2-P25,Ochroma pyramidale,March 19 2025,XP206-PR,3,A,10,A10,34,18,3,10,1,10,0.5,0.5,5,1,2.5,1,5,5,OP,2,FALSE
AE-MT2-P33,Annona edulis,March 6 2026,XP206-PR,3,A,11,A11,6,4,0,0.5,0.5,5,20,NA,NA,NA,NA,NA,NA,7.5,AE,2,FALSE
BS-MT1-P34,Bactris setulosa,November 20 2025,XP206-PR,3,A,12,A12,2,1,0,2.5,NA,NA,NA,NA,NA,NA,NA,NA,NA,1,BS,1,FALSE
BG-MT4-P20,Banara guianensis,August 14 2025,XP206-PR,3,A,13,A13,137,11,5,0.5,0.5,40,0.5,1,5,5,0.5,0.5,1,0.5,BG,4,FALSE
MC-MT3-P55,Miconia conocuatrecasasii,August 14 2025,XP206-PR,3,A,14,A14,45,14,0,25,20,5,5,1,5,2.5,2.5,30,1,2.5,MC,3,FALSE
BU-MT2-P25,Brosimum utile,August 14 2025,XP206-PR,3,A,15,A15,NA,NA,NA,NA,NA,NA,NA,NA,NA,NA,NA,NA,NA,NA,BU,2,FALSE
BU-MT2-P57,Brosimum utile,March 6 2026,XP206-PR,3,A,15,A15,0,0,0,NA,NA,NA,NA,NA,NA,NA,NA,NA,NA,0,BU,2,FALSE
EA-MT4-P70,Ecuadendron acosta-solisianum,March 6 2026,XP206-PR,3,A,16,A16,10,10,4,0.5,0.5,5,1,0.5,1,25,5,10,5,5,EA,4,FALSE
VB-MT5-P4,Vismia baccifera,March 6 2026,XP206-PR,3,B,1,B1,7,7,0,25,1,20,0.5,1,1,15,NA,NA,NA,5,VB,5,FALSE
MC-MT1-P41,Miconia conocuatrecasasii,August 14 2025,XP206-PR,3,B,2,B2,14,10,0,0.5,0.5,0.5,1,0.5,0.5,2.5,0.5,50,1,1,MC,1,FALSE
EA-MT1-P36,Ecuadendron acosta-solisianum,November 20 2025,XP206-PR,3,B,3,B3,16,8,6,1,1,5,5,2.5,5,0.5,0.5,NA,NA,1,EA,1,FALSE
PG-MT1-P5,Pouruma guianensis,March 6 2026,XP206-PR,3,B,4,B4,3,1,0,0.5,NA,NA,NA,NA,NA,NA,NA,NA,NA,0.5,PG,1,FALSE
CP-MT3-P17,Carapa guianensis,May 07 2025,XP206-PR,3,B,5,B5,8,5,3,1,2.5,2.5,1,2.5,NA,NA,NA,NA,NA,1,CP,3,FALSE
DC-MT1-P10,Dacryodes cupularis,August 14 2025,XP206-PR,3,B,6,B6,6,3,3,1,1,5,NA,NA,NA,NA,NA,NA,NA,1,DC,1,FALSE
CH-MT1-P5,Cecropia hispidissima,May 07 2025,XP206-PR,3,B,7,B7,NA,NA,NA,NA,NA,NA,NA,NA,NA,NA,NA,NA,NA,NA,CH,1,FALSE
PA-MT7-P29,Piper aduncum,August 14 2025,XP206-PR,3,B,8,B8,207,13,0,1,1,1,1,0.5,0.5,1,1,1,0.5,0.5,PA,7,FALSE
OP-MT7-P43,Ochroma pyramidale,May 07 2025,XP206-PR,3,B,9,B9,46,35,0,5,7.5,10,10,10,5,30,5,1,0.5,5,OP,7,FALSE
IS-MT4-P6,Inga silanchensis,May 07 2025,XP206-PR,3,B,10,B10,17,12,5,5,1,5,1,10,0.5,5,1,1,10,2.5,IS,4,FALSE
BU-MT5-P42,Brosimum utile,August 14 2025,XP206-PR,3,B,11,B11,NA,NA,NA,NA,NA,NA,NA,NA,NA,NA,NA,NA,NA,NA,BU,5,FALSE
BU-MT4-P30,Brosimum utile,March 6 2026,XP206-PR,3,B,11,B11,1,1,0,2.5,NA,NA,NA,NA,NA,NA,NA,NA,NA,2.5,BU,4,FALSE
BG-MT3-P54,Banara guianensis,August 14 2025,XP206-PR,3,B,12,B12,32,8,4,10,5,5,0.5,2.5,7.5,0.5,0.5,NA,NA,0.5,BG,3,FALSE
BS-MT7-P46,Bactris setulosa,November 20 2025,XP206-PR,3,B,13,B13,5,4,0,1,0.5,20,70,NA,NA,NA,NA,NA,NA,15,BS,7,FALSE
AE-MT5-P8,Annona edulis,March 6 2026,XP206-PR,3,B,14,B14,6,0,0,NA,NA,NA,NA,NA,NA,NA,NA,NA,NA,0,AE,5,FALSE
BP-MT4-P36,Bauhinia pichinchensis,March 6 2026,XP206-PR,3,B,16,B16,NA,NA,NA,NA,NA,NA,NA,NA,NA,NA,NA,NA,NA,NA,BP,4,FALSE
PG-MT5-P39,Pouruma guianensis,March 6 2026,XP206-PR,3,C,1,C1,NA,NA,NA,NA,NA,NA,NA,NA,NA,NA,NA,NA,NA,NA,PG,5,FALSE
EA-MT1-P66,Ecuadendron acosta-solisianum,November 20 2025,XP206-PR,3,C,2,C2,14,7,0,1,5,1,0.5,0.5,5,0.5,NA,NA,NA,1,EA,1,FALSE
BP-MT4-P2,Bauhinia pichinchensis,March 6 2026,XP206-PR,3,C,3,C3,NA,NA,NA,NA,NA,NA,NA,NA,NA,NA,NA,NA,NA,NA,BP,4,FALSE
IS-MT5-P56,Inga silanchensis,November 20 2025,XP206-PR,3,C,4,C4,7,5,0,50,0.5,0.5,10,0.5,NA,NA,NA,NA,NA,1,IS,5,FALSE
MC-MT3-P69,Miconia conocuatrecasasii,August 14 2025,XP206-PR,3,C,5,C5,34,15,2,25,5,1,0.5,2.5,15,40,1,5,10,5,MC,3,FALSE
OP-MT6-P51,Ochroma pyramidale,May 07 2025,XP206-PR,3,C,6,C6,49,28,0,5,10,5,1,5,10,0.5,1,1,5,5,OP,6,FALSE
VB-MT5-P15,Vismia baccifera,March 6 2026,XP206-PR,3,C,7,C7,7,3,0,20,5,1,NA,NA,NA,NA,NA,NA,NA,5,VB,5,FALSE
BU-MT5-P28,Brosimum utile,August 14 2025,XP206-PR,3,C,8,C8,NA,NA,NA,NA,NA,NA,NA,NA,NA,NA,NA,NA,NA,NA,BU,5,FALSE
DC-MT2-P24,Dacryodes cupularis,August 14 2025,XP206-PR,3,C,9,C9,NA,NA,NA,NA,NA,NA,NA,NA,NA,NA,NA,NA,NA,NA,DC,2,FALSE
CP-MT2-P60,Carapa guianensis,May 07 2025,XP206-PR,3,C,10,C10,6,4,4,0.5,1,5,0.5,NA,NA,NA,NA,NA,NA,1,CP,2,FALSE
BG-MT1-P26,Banara guianensis,August 14 2025,XP206-PR,3,C,11,C11,NA,NA,NA,NA,NA,NA,NA,NA,NA,NA,NA,NA,NA,NA,BG,1,FALSE
BG-MT1-P8,Banara guianensis,March 6 2026,XP206-PR,3,C,11,C11,39,10,0,1,0.5,10,5,10,35,0.5,5,0.5,1,5,BG,1,FALSE
AE-MT3-P57,Annona edulis,March 6 2026,XP206-PR,3,C,12,C12,3,2,0,0.5,1,NA,NA,NA,NA,NA,NA,NA,NA,0.5,AE,3,FALSE
CH-MT5-P39,Cecropia hispidissima,August 14 2025,XP206-PR,3,C,15,C15,12,10,0,60,40,40,50,20,20,10,5,1,5,20,CH,5,FALSE
BS-MT7-P40,Bactris setulosa,November 20 2025,XP206-PR,3,C,16,C16,NA,NA,NA,NA,NA,NA,NA,NA,NA,NA,NA,NA,NA,NA,BS,7,FALSE
DC-MT3-P39,Dacryodes cupularis,August 14 2025,XP206-PR,4,A,1,A1,NA,NA,NA,NA,NA,NA,NA,NA,NA,NA,NA,NA,NA,NA,DC,3,FALSE
EA-MT1-P46,Ecuadendron acosta-solisianum,November 20 2025,XP206-PR,4,A,2,A2,8,8,0,1,5,25,1,0.5,0.5,1,0.5,NA,NA,2.5,EA,1,FALSE
PA-MT3-P3,Piper aduncum,March 19 2025,XP206-PR,4,A,3,A3,165,157,0,5,0.5,1,5,1,0.5,10,10,5,1,1,PA,3,FALSE
CH-MT4-P37,Cecropia hispidissima,August 14 2025,XP206-PR,4,A,4,A4,NA,NA,NA,NA,NA,NA,NA,NA,NA,NA,NA,NA,NA,NA,CH,4,FALSE
BG-MT2-P25,Banara guianensis,August 14 2025,XP206-PR,4,A,5,A5,110,7,11,0.5,0.5,0.5,0.5,1,5,5,NA,NA,NA,0.5,BG,2,FALSE
AE-MT4-P68,Annona edulis,March 6 2026,XP206-PR,4,A,6,A6,6,3,0,25,15,15,NA,NA,NA,NA,NA,NA,NA,10,AE,4,FALSE
OP-MT9-P52,Ochroma pyramidale,March 19 2025,XP206-PR,4,A,7,A7,343,160,0,1,1,5,5,1,1,5,5,10,0.5,5,OP,9,FALSE
BU-MT1-P4,Brosimum utile,May 07 2025,XP206-PR,4,A,8,A8,16,3,11,40,1,0.5,NA,NA,NA,NA,NA,NA,NA,2.5,BU,1,FALSE
CP-MT1-P33,Carapa guianensis,August 14 2025,XP206-PR,4,A,10,A10,10,9,5,2.5,5,5,1,0.5,0.5,5,0.5,5,NA,2.5,CP,1,FALSE
IS-MT2-P86,Inga silanchensis,March 19 2025,XP206-PR,4,A,11,A11,28,21,8,5,2.5,2.5,1,2.5,1,1,1,0.5,0.5,1,IS,2,FALSE
PG-MT2-P5,Pouruma guianensis,March 6 2026,XP206-PR,4,A,12,A12,4,0,0,NA,NA,NA,NA,NA,NA,NA,NA,NA,NA,0,PG,2,FALSE
VB-MT1-P21,Vismia baccifera,August 14 2025,XP206-PR,4,A,14,A14,452,34,22,2.5,25,25,1,2.5,1,1,5,0.5,0.5,0.5,VB,1,FALSE
BS-MT1-P5,Bactris setulosa,August 14 2025,XP206-PR,4,A,15,A15,NA,NA,NA,NA,NA,NA,NA,NA,NA,NA,NA,NA,NA,NA,BS,1,FALSE
BS-MT1-P89,Bactris setulosa,March 6 2026,XP206-PR,4,A,15,A15,3,1,0,25,NA,NA,NA,NA,NA,NA,NA,NA,NA,10,BS,1,FALSE
BP-MT1-P77,Bauhinia pichinchensis,March 6 2026,XP206-PR,4,A,16,A16,1,0,0,NA,NA,NA,NA,NA,NA,NA,NA,NA,NA,0,BP,1,FALSE
VB-MT3-P15,Vismia baccifera,March 6 2026,XP206-PR,4,B,1,B1,11,1,0,2.5,NA,NA,NA,NA,NA,NA,NA,NA,NA,1,VB,3,FALSE
DC-MT1-P59,Dacryodes cupularis,August 14 2025,XP206-PR,4,B,2,B2,NA,NA,NA,NA,NA,NA,NA,NA,NA,NA,NA,NA,NA,NA,DC,1,FALSE
IS-MT5-P45,Inga silanchensis,March 19 2025,XP206-PR,4,B,3,B3,6,4,3,10,10,40,5,NA,NA,NA,NA,NA,NA,7.5,IS,5,FALSE
EA-MT3-P25,Ecuadendron acosta-solisianum,May 07 2025,XP206-PR,4,B,5,B5,28,14,12,5,1,5,0.5,0.5,0.5,5,1,0.5,0.5,1,EA,3,FALSE
OP-MT2-P37,Ochroma pyramidale,March 19 2025,XP206-PR,4,B,6,B6,200,104,0,5,5,1,10,5,5,2.5,10,10,10,5,OP,2,FALSE
CH-MT2-P74,Cecropia hispidissima,August 14 2025,XP206-PR,4,B,7,B7,21,16,0,15,25,10,25,70,60,15,10,10,20,20,CH,2,FALSE
BG-MT2-P43,Banara guianensis,August 14 2025,XP206-PR,4,B,8,B8,NA,NA,NA,NA,NA,NA,NA,NA,NA,NA,NA,NA,NA,NA,BG,2,FALSE
BG-MT1-P9,Banara guianensis,March 6 2026,XP206-PR,4,B,8,B8,16,6,0,1,25,0.5,1,5,7.5,NA,NA,NA,NA,2.5,BG,1,FALSE
AE-MT1-P28,Annona edulis,March 6 2026,XP206-PR,4,B,9,B9,6,1,0,1,NA,NA,NA,NA,NA,NA,NA,NA,NA,0.5,AE,1,FALSE
PG-MT1-P32,Pouruma guianensis,March 6 2026,XP206-PR,4,B,11,B11,1,0,0,NA,NA,NA,NA,NA,NA,NA,NA,NA,NA,0,PG,1,FALSE
BS-MT7-P58,Bactris setulosa,November 20 2025,XP206-PR,4,B,12,B12,3,1,0,1,NA,NA,NA,NA,NA,NA,NA,NA,NA,0.5,BS,7,FALSE
CP-MT5-P23,Carapa guianensis,August 14 2025,XP206-PR,4,B,13,B13,9,5,3,2.5,1,1,5,1,NA,NA,NA,NA,NA,1,CP,5,FALSE
BP-MT2-P49,Bauhinia pichinchensis,March 6 2026,XP206-PR,4,B,14,B14,3,2,0,1,5,NA,NA,NA,NA,NA,NA,NA,NA,1,BP,2,FALSE
BU-MT4-P2,Brosimum utile,August 14 2025,XP206-PR,4,B,15,B15,NA,NA,NA,NA,NA,NA,NA,NA,NA,NA,NA,NA,NA,NA,BU,4,FALSE
BU-MT3-P80,Brosimum utile,March 6 2026,XP206-PR,4,B,15,B15,1,0,0,NA,NA,NA,NA,NA,NA,NA,NA,NA,NA,0,BU,3,FALSE
PA-MT7-P59,Piper aduncum,March 6 2026,XP206-PR,4,B,16,B16,5,3,0,5,95,5,NA,NA,NA,NA,NA,NA,NA,10,PA,7,FALSE
BS-MT6-P17,Bactris setulosa,August 14 2025,XP206-PR,4,C,1,C1,2,1,0,50,NA,NA,NA,NA,NA,NA,NA,NA,NA,40,BS,6,FALSE
OP-MT8-P13,Ochroma pyramidale,May 07 2025,XP206-PR,4,C,2,C2,161,88,0,0.5,1,1,20,1,5,5,10,5,10,2.5,OP,8,FALSE
DC-MT5-P41,Dacryodes cupularis,August 14 2025,XP206-PR,4,C,3,C3,3,3,1,1,1,0.5,NA,NA,NA,NA,NA,NA,NA,1,DC,5,FALSE
AE-MT3-P66,Annona edulis,March 6 2026,XP206-PR,4,C,5,C5,1,1,0,40,NA,NA,NA,NA,NA,NA,NA,NA,NA,40,AE,3,FALSE
CP-MT4-P39,Carapa guianensis,May 07 2025,XP206-PR,4,C,6,C6,0,0,0,NA,NA,NA,NA,NA,NA,NA,NA,NA,NA,0,CP,4,FALSE
BU-MT2-P39,Brosimum utile,August 14 2025,XP206-PR,4,C,7,C7,3,0,0,NA,NA,NA,NA,NA,NA,NA,NA,NA,NA,0,BU,2,FALSE
CH-MT2-P4,Cecropia hispidissima,August 14 2025,XP206-PR,4,C,8,C8,11,8,0,15,15,10,10,15,20,50,20,NA,NA,20,CH,2,FALSE
PA-MT6-P33,Piper aduncum,May 07 2025,XP206-PR,4,C,9,C9,1225,118,0,0.5,1,5,0.5,1,1,5,10,0.5,5,0.5,PA,6,FALSE
VB-MT4-P4,Vismia baccifera,March 6 2026,XP206-PR,4,C,10,C10,16,2,0,50,5,NA,NA,NA,NA,NA,NA,NA,NA,20,VB,4,FALSE
IS-MT5-P50,Inga silanchensis,November 20 2025,XP206-PR,4,C,11,C11,3,1,0,20,NA,NA,NA,NA,NA,NA,NA,NA,NA,7.5,IS,5,FALSE
EA-MT3-P55,Ecuadendron acosta-solisianum,March 6 2026,XP206-PR,4,C,13,C13,6,6,0,30,1,25,50,25,20,NA,NA,NA,NA,20,EA,3,FALSE
BG-MT1-P15,Banara guianensis,August 14 2025,XP206-PR,4,C,14,C14,109,13,24,1,1,1,5,5,5,0.5,0.5,1,0.5,0.5,BG,1,FALSE
PG-MT2-P40,Pouruma guianensis,March 6 2026,XP206-PR,4,C,15,C15,1,0,0,NA,NA,NA,NA,NA,NA,NA,NA,NA,NA,0,PG,2,FALSE
BP-MT2-P2,Bauhinia pichinchensis,March 6 2026,XP206-PR,4,C,16,C16,0,0,0,NA,NA,NA,NA,NA,NA,NA,NA,NA,NA,0,BP,2,FALSE
CP-MT2-P21,Carapa guianensis,May 07 2025,XP206-PR,5,A,1,A1,NA,NA,NA,NA,NA,NA,NA,NA,NA,NA,NA,NA,NA,NA,CP,2,FALSE
BU-MT1-P66,Brosimum utile,May 07 2025,XP206-PR,5,A,3,A3,NA,NA,NA,NA,NA,NA,NA,NA,NA,NA,NA,NA,NA,NA,BU,1,FALSE
PG-MT3-P19,Pouruma guianensis,March 6 2026,XP206-PR,5,A,7,A7,NA,NA,NA,NA,NA,NA,NA,NA,NA,NA,NA,NA,NA,NA,PG,3,FALSE
DC-MT4-P64,Dacryodes cupularis,August 14 2025,XP206-PR,5,A,12,A12,NA,NA,NA,NA,NA,NA,NA,NA,NA,NA,NA,NA,NA,NA,DC,4,FALSE
IS-MT3-P96,Inga silanchensis,March 6 2026,XP206-PR,5,A,13,A13,NA,NA,NA,NA,NA,NA,NA,NA,NA,NA,NA,NA,NA,NA,IS,3,FALSE
AE-MT1-P12,Annona edulis,March 6 2026,XP206-PR,5,A,14,A14,NA,NA,NA,NA,NA,NA,NA,NA,NA,NA,NA,NA,NA,NA,AE,1,FALSE
BG-MT2-P33,Banara guianensis,August 14 2025,XP206-PR,5,A,15,A15,NA,NA,NA,NA,NA,NA,NA,NA,NA,NA,NA,NA,NA,NA,BG,2,FALSE
CP-MT2-P30,Carapa guianensis,May 07 2025,XP206-PR,5,B,1,B1,NA,NA,NA,NA,NA,NA,NA,NA,NA,NA,NA,NA,NA,NA,CP,2,FALSE
DC-MT1-P5,Dacryodes cupularis,August 14 2025,XP206-PR,5,B,2,B2,NA,NA,NA,NA,NA,NA,NA,NA,NA,NA,NA,NA,NA,NA,DC,1,FALSE
CH-MT5-P66,Cecropia hispidissima,August 14 2025,XP206-PR,5,B,6,B6,NA,NA,NA,NA,NA,NA,NA,NA,NA,NA,NA,NA,NA,NA,CH,5,FALSE
BG-MT5-P93,Banara guianensis,August 14 2025,XP206-PR,5,B,9,B9,NA,NA,NA,NA,NA,NA,NA,NA,NA,NA,NA,NA,NA,NA,BG,5,FALSE
IS-MT3-P107,Inga silanchensis,March 6 2026,XP206-PR,5,B,11,B11,NA,NA,NA,NA,NA,NA,NA,NA,NA,NA,NA,NA,NA,NA,IS,3,FALSE
PG-MT4-P7,Pouruma guianensis,March 6 2026,XP206-PR,5,B,13,B13,NA,NA,NA,NA,NA,NA,NA,NA,NA,NA,NA,NA,NA,NA,PG,4,FALSE
AE-MT1-P50,Annona edulis,March 6 2026,XP206-PR,5,B,14,B14,NA,NA,NA,NA,NA,NA,NA,NA,NA,NA,NA,NA,NA,NA,AE,1,FALSE
IS-MT2-P52,Inga silanchensis,March 19 2025,XP206-PR,5,C,1,C1,NA,NA,NA,NA,NA,NA,NA,NA,NA,NA,NA,NA,NA,NA,IS,2,FALSE
OP-MT2-P38,Ochroma pyramidale,March 19 2025,XP206-PR,5,C,2,C2,NA,NA,NA,NA,NA,NA,NA,NA,NA,NA,NA,NA,NA,NA,OP,2,FALSE
CP-MT4-P8,Carapa guianensis,May 07 2025,XP206-PR,5,C,3,C3,NA,NA,NA,NA,NA,NA,NA,NA,NA,NA,NA,NA,NA,NA,CP,4,FALSE
PA-MT6-P34,Piper aduncum,May 07 2025,XP206-PR,5,C,4,C4,NA,NA,NA,NA,NA,NA,NA,NA,NA,NA,NA,NA,NA,NA,PA,6,FALSE
BG-MT4-P25,Banara guianensis,August 14 2025,XP206-PR,5,C,8,C8,NA,NA,NA,NA,NA,NA,NA,NA,NA,NA,NA,NA,NA,NA,BG,4,FALSE
AE-MT2-P29,Annona edulis,March 6 2026,XP206-PR,5,C,9,C9,NA,NA,NA,NA,NA,NA,NA,NA,NA,NA,NA,NA,NA,NA,AE,2,FALSE
DC-MT5-P42,Dacryodes cupularis,August 14 2025,XP206-PR,5,C,10,C10,NA,NA,NA,NA,NA,NA,NA,NA,NA,NA,NA,NA,NA,NA,DC,5,FALSE
PG-MT4-P12,Pouruma guianensis,March 6 2026,XP206-PR,5,C,12,C12,NA,NA,NA,NA,NA,NA,NA,NA,NA,NA,NA,NA,NA,NA,PG,4,FALSE
CH-MT3-P19,Cecropia hispidissima,August 14 2025,XP206-PR,5,C,14,C14,NA,NA,NA,NA,NA,NA,NA,NA,NA,NA,NA,NA,NA,NA,CH,3,FALSE
PG-MT3-P15,Pouruma guianensis,March 19 2026,XP207-PR,1,A,1,A1,4,0,0,NA,NA,NA,NA,NA,NA,NA,NA,NA,NA,0,PG,3,FALSE
OP-MT9-P77,Ochroma pyramidale,March 17 2025,XP207-PR,1,A,2,A2,10,2,0,2.5,2.5,NA,NA,NA,NA,NA,NA,NA,NA,0.5,OP,9,FALSE
IS-MT5-P27,Inga silanchensis,March 17 2025,XP207-PR,1,A,4,A4,2,2,2,2.5,1,NA,NA,NA,NA,NA,NA,NA,NA,1,IS,5,FALSE
BG-MT2-P69,Banara guianensis,August 07 2025,XP207-PR,1,A,5,A5,22,4,0,1,0.5,20,1,NA,NA,NA,NA,NA,NA,1,BG,2,FALSE
EA-MT3-P19,Ecuadendron acosta-solisianum,May 07 2025,XP207-PR,1,A,6,A6,13,4,4,5,60,10,2.5,NA,NA,NA,NA,NA,NA,5,EA,3,FALSE
AE-MT4-P33,Annona edulis,March 19 2026,XP207-PR,1,A,7,A7,4,3,0,5,2.5,0.5,NA,NA,NA,NA,NA,NA,NA,2.5,AE,4,FALSE
VB-MT1-P49,Vismia baccifera,August 07 2025,XP207-PR,1,A,8,A8,64,6,16,5,1,1,5,0.5,0.5,NA,NA,NA,NA,1,VB,1,FALSE
-MT-P,Bauhinia pichinchensis,November 11 2025,XP207-PR,1,A,9,A9,NA,NA,NA,NA,NA,NA,NA,NA,NA,NA,NA,NA,NA,NA,NA,NA,FALSE
BP-MT5-P42,Bauhinia pichinchensis,March 19 2026,XP207-PR,1,A,9,A9,NA,NA,NA,NA,NA,NA,NA,NA,NA,NA,NA,NA,NA,NA,BP,5,FALSE
CH-MT2-P3,Cecropia hispidissima,August 07 2025,XP207-PR,1,A,11,A11,NA,NA,NA,NA,NA,NA,NA,NA,NA,NA,NA,NA,NA,NA,CH,2,FALSE
CH-MT4-P38,Cecropia hispidissima,March 19 2026,XP207-PR,1,A,11,A11,1,0,0,NA,NA,NA,NA,NA,NA,NA,NA,NA,NA,0,CH,4,FALSE
DC-MT3-P11,Dacryodes cupularis,August 07 2025,XP207-PR,1,A,13,A13,1,0,0,NA,NA,NA,NA,NA,NA,NA,NA,NA,NA,0,DC,3,FALSE
BS-MT1-P48,Bactris setulosa,November 11 2025,XP207-PR,1,A,14,A14,2,2,0,30,40,NA,NA,NA,NA,NA,NA,NA,NA,25,BS,1,FALSE
CP-MT5-P46,Carapa guianensis,August 07 2025,XP207-PR,1,A,15,A15,4,4,3,10,5,2.5,1,NA,NA,NA,NA,NA,NA,2.5,CP,5,FALSE
BU-MT5-P9,Brosimum utile,August 07 2025,XP207-PR,1,A,16,A16,NA,NA,NA,NA,NA,NA,NA,NA,NA,NA,NA,NA,NA,NA,BU,5,FALSE
VB-MT5-P44,Vismia baccifera,March 19 2026,XP207-PR,1,B,1,B1,5,2,0,5,0.5,NA,NA,NA,NA,NA,NA,NA,NA,1,VB,5,FALSE
OP-MT7-P52,Ochroma pyramidale,May 07 2025,XP207-PR,1,B,2,B2,9,0,0,NA,NA,NA,NA,NA,NA,NA,NA,NA,NA,0,OP,7,FALSE
BU-MT4-P51,Brosimum utile,August 07 2025,XP207-PR,1,B,4,B4,4,1,0,0.5,NA,NA,NA,NA,NA,NA,NA,NA,NA,0.5,BU,4,FALSE
BS-MT5-P36,Bactris setulosa,August 07 2025,XP207-PR,1,B,5,B5,1,1,0,35,NA,NA,NA,NA,NA,NA,NA,NA,NA,35,BS,5,FALSE
CP-MT4-P25,Carapa guianensis,May 07 2025,XP207-PR,1,B,6,B6,NA,NA,NA,NA,NA,NA,NA,NA,NA,NA,NA,NA,NA,NA,CP,4,FALSE
PG-MT5-P30,Pouruma guianensis,March 19 2026,XP207-PR,1,B,7,B7,2,1,0,20,NA,NA,NA,NA,NA,NA,NA,NA,NA,10,PG,5,FALSE
CH-MT4-P49,Cecropia hispidissima,August 07 2025,XP207-PR,1,B,8,B8,7,4,0,1,5,1,5,NA,NA,NA,NA,NA,NA,2.5,CH,4,FALSE
IS-MT4-P60,Inga silanchensis,May 07 2025,XP207-PR,1,B,9,B9,7,6,3,10,0.5,10,40,40,30,NA,NA,NA,NA,20,IS,4,FALSE
EA-MT3-P26,Ecuadendron acosta-solisianum,March 19 2026,XP207-PR,1,B,10,B10,22,14,0,1,5,1,10,2.5,20,35,10,10,5,7.5,EA,3,FALSE
BG-MT1-P22,Banara guianensis,August 07 2025,XP207-PR,1,B,11,B11,13,1,0,0.5,NA,NA,NA,NA,NA,NA,NA,NA,NA,0.5,BG,1,FALSE
DC-MT5-P78,Dacryodes cupularis,March 19 2026,XP207-PR,1,B,12,B12,3,2,0,20,1,NA,NA,NA,NA,NA,NA,NA,NA,5,DC,5,FALSE
AE-MT5-P5,Annona edulis,March 19 2026,XP207-PR,1,B,13,B13,6,4,3,5,5,2.5,17.5,NA,NA,NA,NA,NA,NA,7.5,AE,5,FALSE
BP-MT2-P66,Bauhinia pichinchensis,March 19 2026,XP207-PR,1,B,15,B15,2,1,0,1,NA,NA,NA,NA,NA,NA,NA,NA,NA,0.5,BP,2,FALSE
MC-MT2-P34,Miconia conocuatrecasasii,August 07 2025,XP207-PR,1,B,16,B16,NA,NA,NA,NA,NA,NA,NA,NA,NA,NA,NA,NA,NA,NA,MC,2,FALSE
MC-MT1-P80,Miconia conocuatrecasasii,March 19 2026,XP207-PR,1,B,16,B16,2,0,0,NA,NA,NA,NA,NA,NA,NA,NA,NA,NA,0,MC,1,FALSE
AE-MT3-P31,Annona edulis,March 19 2026,XP207-PR,1,C,1,C1,3,2,0,0.5,5,NA,NA,NA,NA,NA,NA,NA,NA,2.5,AE,3,FALSE
OP-MT7-P17,Ochroma pyramidale,May 07 2025,XP207-PR,1,C,2,C2,0,0,0,NA,NA,NA,NA,NA,NA,NA,NA,NA,NA,0,OP,7,FALSE
BU-MT5-P57,Brosimum utile,August 07 2025,XP207-PR,1,C,3,C3,2,0,0,NA,NA,NA,NA,NA,NA,NA,NA,NA,NA,0,BU,5,FALSE
CP-MT2-P3,Carapa guianensis,May 07 2025,XP207-PR,1,C,4,C4,3,3,3,2.5,1,5,NA,NA,NA,NA,NA,NA,NA,1,CP,2,FALSE
IS-MT1-P3,Inga silanchensis,May 07 2025,XP207-PR,1,C,5,C5,NA,NA,NA,NA,NA,NA,NA,NA,NA,NA,NA,NA,NA,NA,IS,1,FALSE
PA-MT3-P72,Piper aduncum,March 19 2026,XP207-PR,1,C,6,C6,2,1,0,0.5,NA,NA,NA,NA,NA,NA,NA,NA,NA,0.5,PA,3,FALSE
BP-MT4-P7,Bauhinia pichinchensis,March 19 2026,XP207-PR,1,C,7,C7,0,0,0,NA,NA,NA,NA,NA,NA,NA,NA,NA,NA,0,BP,4,FALSE
PG-MT3-P43,Pouruma guianensis,March 19 2026,XP207-PR,1,C,8,C8,3,1,0,50,NA,NA,NA,NA,NA,NA,NA,NA,NA,15,PG,3,FALSE
BS-MT7-P29,Bactris setulosa,November 11 2025,XP207-PR,1,C,9,C9,2,1,0,50,NA,NA,NA,NA,NA,NA,NA,NA,NA,45,BS,7,FALSE
DC-MT3-P17,Dacryodes cupularis,August 07 2025,XP207-PR,1,C,10,C10,4,2,1,1,0.5,NA,NA,NA,NA,NA,NA,NA,NA,0.5,DC,3,FALSE
CH-MT3-P56,Cecropia hispidissima,August 07 2025,XP207-PR,1,C,11,C11,NA,NA,NA,NA,NA,NA,NA,NA,NA,NA,NA,NA,NA,NA,CH,3,FALSE
CH-MT5-P1,Cecropia hispidissima,March 19 2026,XP207-PR,1,C,11,C11,2,1,NA,2.5,NA,NA,NA,NA,NA,NA,NA,NA,NA,1,CH,5,FALSE
EA-MT1-P29,Ecuadendron acosta-solisianum,November 11 2025,XP207-PR,1,C,14,C14,22,10,4,2.5,5,1,5,1,1,0.5,5,1,0.5,1,EA,1,FALSE
BG-MT1-P72,Banara guianensis,August 07 2025,XP207-PR,1,C,15,C15,19,3,0,0.5,1,0.5,NA,NA,NA,NA,NA,NA,NA,0.5,BG,1,FALSE
VB-MT1-P40,Vismia baccifera,August 07 2025,XP207-PR,1,C,16,C16,3,3,0,40,80,50,NA,NA,NA,NA,NA,NA,NA,50,VB,1,FALSE
CH-MT2-P32,Cecropia hispidissima,August 07 2025,XP207-PR,2,A,1,A1,4,4,1,2.5,1,2.5,0.5,NA,NA,NA,NA,NA,NA,1,CH,2,FALSE
OP-MT2-P4,Ochroma pyramidale,March 17 2025,XP207-PR,2,A,2,A2,NA,NA,NA,NA,NA,NA,NA,NA,NA,NA,NA,NA,NA,NA,OP,2,FALSE
AE-MT4-P56,Annona edulis,March 19 2026,XP207-PR,2,A,3,A3,6,1,0,10,NA,NA,NA,NA,NA,NA,NA,NA,NA,2.5,AE,4,FALSE
IS-MT3-P85,Inga silanchensis,March 17 2025,XP207-PR,2,A,4,A4,2,2,0,5,15,NA,NA,NA,NA,NA,NA,NA,NA,10,IS,3,FALSE
CP-MT2-P44,Carapa guianensis,May 07 2025,XP207-PR,2,A,5,A5,NA,NA,NA,NA,NA,NA,NA,NA,NA,NA,NA,NA,NA,NA,CP,2,FALSE
CP-MT1-P64,Carapa guianensis,March 19 2026,XP207-PR,2,A,5,A5,3,3,0,1,1,0.5,NA,NA,NA,NA,NA,NA,NA,20,CP,1,FALSE
EA-MT5-P25,Ecuadendron acosta-solisianum,November 11 2025,XP207-PR,2,A,6,A6,16,9,7,20,25,25,1,0.5,5,2.5,1,1,0.5,1,EA,5,FALSE
BU-MT4-P34,Brosimum utile,August 07 2025,XP207-PR,2,A,7,A7,6,1,3,15,NA,NA,NA,NA,NA,NA,NA,NA,NA,5,BU,4,FALSE
PG-MT4-P27,Pouruma guianensis,March 19 2026,XP207-PR,2,A,9,A9,4,4,0,1,0.5,2.5,1,NA,NA,NA,NA,NA,NA,1,PG,4,FALSE
MC-MT1-P33,Miconia conocuatrecasasii,August 07 2025,XP207-PR,2,A,10,A10,12,10,4,1,0.5,0.5,1,0.5,2.5,20,25,10,1,5,MC,1,FALSE
VB-MT4-P28,Vismia baccifera,March 19 2026,XP207-PR,2,A,11,A11,4,2,0,0.5,1,NA,NA,NA,NA,NA,NA,NA,NA,0.5,VB,4,FALSE
BP-MT2-P34,Bauhinia pichinchensis,March 19 2026,XP207-PR,2,A,13,A13,0,0,0,NA,NA,NA,NA,NA,NA,NA,NA,NA,NA,0,BP,2,FALSE
BG-MT5-P76,Banara guianensis,August 07 2025,XP207-PR,2,A,14,A14,39,10,13,25,10,5,25,15,0.5,35,0.5,5,1,5,BG,5,FALSE
BS-MT1-P39,Bactris setulosa,November 11 2025,XP207-PR,2,A,15,A15,2,2,0,1,0.5,NA,NA,NA,NA,NA,NA,NA,NA,1,BS,1,FALSE
DC-MT1-P67,Dacryodes cupularis,August 07 2025,XP207-PR,2,A,16,A16,NA,NA,NA,NA,NA,NA,NA,NA,NA,NA,NA,NA,NA,NA,DC,1,FALSE
PA-MT6-P12,Piper aduncum,May 07 2025,XP207-PR,2,B,1,B1,63,17,0,2.5,1,10,10,25,5,0.5,0.5,5,1,2.5,PA,6,FALSE
PG-MT5-P63,Pouruma guianensis,March 19 2026,XP207-PR,2,B,2,B2,4,2,2,5,1,NA,NA,NA,NA,NA,NA,NA,NA,2.5,PG,5,FALSE
BG-MT4-P21,Banara guianensis,August 07 2025,XP207-PR,2,B,3,B3,34,4,7,10,1,0.5,10,NA,NA,NA,NA,NA,NA,1,BG,4,FALSE
AE-MT2-P35,Annona edulis,March 19 2026,XP207-PR,2,B,4,B4,4,2,0,0.5,1,NA,NA,NA,NA,NA,NA,NA,NA,0.5,AE,2,FALSE
IS-MT2-P73,Inga silanchensis,March 17 2025,XP207-PR,2,B,5,B5,NA,NA,NA,NA,NA,NA,NA,NA,NA,NA,NA,NA,NA,NA,IS,2,FALSE
IS-MT2-P18,Inga silanchensis,November 11 2025,XP207-PR,2,B,5,B5,NA,NA,NA,NA,NA,NA,NA,NA,NA,NA,NA,NA,NA,NA,IS,2,FALSE
OP-MT6-P15,Ochroma pyramidale,May 07 2025,XP207-PR,2,B,6,B6,15,6,1,1,1,0.5,0.5,0.5,1,NA,NA,NA,NA,0.5,OP,6,FALSE
DC-MT1-P13,Dacryodes cupularis,August 07 2025,XP207-PR,2,B,7,B7,NA,NA,NA,NA,NA,NA,NA,NA,NA,NA,NA,NA,NA,NA,DC,1,FALSE
EA-MT1-P4,Ecuadendron acosta-solisianum,November 11 2025,XP207-PR,2,B,11,B11,10,5,0,5,2.5,1,5,1,NA,NA,NA,NA,NA,1,EA,1,FALSE
CH-MT4-P98,Cecropia hispidissima,August 07 2025,XP207-PR,2,B,12,B12,6,5,0,20,15,15,50,10,NA,NA,NA,NA,NA,20,CH,4,FALSE
BU-MT3-P67,Brosimum utile,August 07 2025,XP207-PR,2,B,13,B13,3,3,0,0.5,1,0.5,NA,NA,NA,NA,NA,NA,NA,0.5,BU,3,FALSE
BP-MT4-P88,Bauhinia pichinchensis,March 19 2026,XP207-PR,2,B,14,B14,1,0,0,NA,NA,NA,NA,NA,NA,NA,NA,NA,NA,0,BP,4,FALSE
BS-MT6-P27,Bactris setulosa,August 07 2025,XP207-PR,2,B,15,B15,2,0,0,NA,NA,NA,NA,NA,NA,NA,NA,NA,NA,0,BS,6,FALSE
VB-MT2-P73,Vismia baccifera,March 19 2026,XP207-PR,2,B,16,B16,4,2,0,90,90,NA,NA,NA,NA,NA,NA,NA,NA,50,VB,2,FALSE
EA-MT1-P94,Ecuadendron acosta-solisianum,March 19 2026,XP207-PR,2,C,1,C1,26,17,3,10,2.5,15,1,5,5,2.5,2.5,1,0.5,2.5,EA,1,FALSE
AE-MT3-P16,Annona edulis,March 19 2026,XP207-PR,2,C,2,C2,6,3,2,0.5,0.5,1,NA,NA,NA,NA,NA,NA,NA,0.5,AE,3,FALSE
CP-MT3-P29,Carapa guianensis,May 07 2025,XP207-PR,2,C,3,C3,3,3,2,2.5,5,5,NA,NA,NA,NA,NA,NA,NA,5,CP,3,FALSE
BS-MT5-P49,Bactris setulosa,November 11 2025,XP207-PR,2,C,4,C4,3,1,0,40,NA,NA,NA,NA,NA,NA,NA,NA,NA,10,BS,5,FALSE
PA-MT7-P52,Piper aduncum,August 07 2025,XP207-PR,2,C,6,C6,45,26,0,10,1,40,2.5,40,50,45,5,10,1,10,PA,7,FALSE
BP-MT3-P21,Bauhinia pichinchensis,March 19 2026,XP207-PR,2,C,7,C7,0,0,0,NA,NA,NA,NA,NA,NA,NA,NA,NA,NA,0,BP,3,FALSE
IS-MT4-P44,Inga silanchensis,May 07 2025,XP207-PR,2,C,8,C8,5,5,3,2.5,2.5,5,2.5,5,NA,NA,NA,NA,NA,5,IS,4,FALSE
BU-MT1-P23,Brosimum utile,May 07 2025,XP207-PR,2,C,9,C9,7,2,6,1,2.5,NA,NA,NA,NA,NA,NA,NA,NA,0.5,BU,1,FALSE
MC-MT3-P34,Miconia conocuatrecasasii,August 07 2025,XP207-PR,2,C,10,C10,10,9,3,2.5,10,30,1,10,0.5,1,1,0.5,0.5,2.5,MC,3,FALSE
CH-MT5-P58,Cecropia hispidissima,August 07 2025,XP207-PR,2,C,11,C11,6,5,0,2.5,0.5,35,25,1,NA,NA,NA,NA,NA,2.5,CH,5,FALSE
DC-MT4-P27,Dacryodes cupularis,August 07 2025,XP207-PR,2,C,12,C12,NA,NA,NA,NA,NA,NA,NA,NA,NA,NA,NA,NA,NA,NA,DC,4,FALSE
BG-MT1-P31,Banara guianensis,August 07 2025,XP207-PR,2,C,14,C14,NA,NA,NA,NA,NA,NA,NA,NA,NA,NA,NA,NA,NA,NA,BG,1,FALSE
BG-MT1-P87,Banara guianensis,March 19 2026,XP207-PR,2,C,14,C14,15,9,3,50,1,50,25,55,70,0.5,1,0.5,NA,15,BG,1,FALSE
VB-MT5-P10,Vismia baccifera,March 19 2026,XP207-PR,2,C,15,C15,5,3,0,97.5,52.5,45,NA,NA,NA,NA,NA,NA,NA,50,VB,5,FALSE
PG-MT1-P16,Pouruma guianensis,March 19 2026,XP207-PR,2,C,16,C16,3,2,0,0.5,2.5,NA,NA,NA,NA,NA,NA,NA,NA,1,PG,1,FALSE
EA-MT4-P59,Ecuadendron acosta-solisianum,March 19 2026,XP207-PR,3,A,1,A1,9,7,NA,100,0.5,1,1,1,5,7.5,NA,NA,NA,5,EA,4,FALSE
AE-MT3-P59,Annona edulis,March 19 2026,XP207-PR,3,A,2,A2,4,1,1,0.5,NA,NA,NA,NA,NA,NA,NA,NA,NA,0.5,AE,3,FALSE
BU-MT3-P42,Brosimum utile,August 07 2025,XP207-PR,3,A,3,A3,3,1,1,5,NA,NA,NA,NA,NA,NA,NA,NA,NA,2.5,BU,3,FALSE
CH-MT1-P46,Cecropia hispidissima,May 07 2025,XP207-PR,3,A,4,A4,NA,NA,NA,NA,NA,NA,NA,NA,NA,NA,NA,NA,NA,NA,CH,1,FALSE
CH-MT3-P30,Cecropia hispidissima,March 19 2026,XP207-PR,3,A,4,A4,2,2,2,0.5,5,NA,NA,NA,NA,NA,NA,NA,NA,2.5,CH,3,FALSE
CP-MT1-P34,Carapa guianensis,August 07 2025,XP207-PR,3,A,6,A6,1,1,1,10,NA,NA,NA,NA,NA,NA,NA,NA,NA,10,CP,1,FALSE
BS-MT7-P15,Bactris setulosa,August 07 2025,XP207-PR,3,A,7,A7,NA,NA,NA,NA,NA,NA,NA,NA,NA,NA,NA,NA,NA,NA,BS,7,FALSE
BS-MT1-P90,Bactris setulosa,March 19 2026,XP207-PR,3,A,7,A7,2,2,0,40,2.5,NA,NA,NA,NA,NA,NA,NA,NA,20,BS,1,FALSE
IS-MT2-P92,Inga silanchensis,March 17 2025,XP207-PR,3,A,8,A8,NA,NA,NA,NA,NA,NA,NA,NA,NA,NA,NA,NA,NA,NA,IS,2,FALSE
VB-MT5-P8,Vismia baccifera,March 19 2026,XP207-PR,3,A,9,A9,4,3,0,100,5,2.5,NA,NA,NA,NA,NA,NA,NA,50,VB,5,FALSE
PA-MT3-P63,Piper aduncum,March 17 2025,XP207-PR,3,A,10,A10,41,17,0,0.5,5,0.5,0.5,20,2.5,5,10,1,5,2.5,PA,3,FALSE
DC-MT4-P21,Dacryodes cupularis,August 07 2025,XP207-PR,3,A,11,A11,4,3,0,1,5,10,NA,NA,NA,NA,NA,NA,NA,5,DC,4,FALSE
PG-MT2-P14,Pouruma guianensis,March 19 2026,XP207-PR,3,A,12,A12,5,4,2,0.5,0.5,1,0.5,NA,NA,NA,NA,NA,NA,0.5,PG,2,FALSE
BP-MT2-P74,Bauhinia pichinchensis,March 19 2026,XP207-PR,3,A,13,A13,1,1,0,10,NA,NA,NA,NA,NA,NA,NA,NA,NA,10,BP,2,FALSE
BG-MT5-P41,Banara guianensis,August 07 2025,XP207-PR,3,A,14,A14,43,9,23,0.5,1,1,10,0.5,0.5,0.5,0.5,0.5,NA,0.5,BG,5,FALSE
MC-MT1-P73,Miconia conocuatrecasasii,August 07 2025,XP207-PR,3,A,16,A16,NA,NA,NA,NA,NA,NA,NA,NA,NA,NA,NA,NA,NA,NA,MC,1,FALSE
MC-MT1-P83,Miconia conocuatrecasasii,March 19 2026,XP207-PR,3,A,16,A16,2,1,0,1,NA,NA,NA,NA,NA,NA,NA,NA,NA,0.5,MC,1,FALSE
AE-MT2-P74,Annona edulis,March 19 2026,XP207-PR,3,B,1,B1,5,2,0,2.5,1,NA,NA,NA,NA,NA,NA,NA,NA,0.5,AE,2,FALSE
IS-MT5-P82,Inga silanchensis,March 17 2025,XP207-PR,3,B,3,B3,9,7,5,5,10,5,1,1,2.5,2.5,NA,NA,NA,2.5,IS,5,FALSE
VB-MT2-P6,Vismia baccifera,March 19 2026,XP207-PR,3,B,5,B5,3,1,0,0.5,NA,NA,NA,NA,NA,NA,NA,NA,NA,0.5,VB,2,FALSE
CP-MT1-P10,Carapa guianensis,August 07 2025,XP207-PR,3,B,6,B6,6,4,3,5,0.5,7.5,20,NA,NA,NA,NA,NA,NA,10,CP,1,FALSE
BU-MT2-P11,Brosimum utile,August 07 2025,XP207-PR,3,B,9,B9,5,1,0,1,NA,NA,NA,NA,NA,NA,NA,NA,NA,0.5,BU,2,FALSE
OP-MT6-P22,Ochroma pyramidale,May 07 2025,XP207-PR,3,B,10,B10,33,26,NA,2.5,5,1,1,10,0.5,1,1,0.5,0.5,1,OP,6,FALSE
BG-MT3-P5,Banara guianensis,August 07 2025,XP207-PR,3,B,11,B11,NA,NA,NA,NA,NA,NA,NA,NA,NA,NA,NA,NA,NA,NA,BG,3,FALSE
EA-MT1-P24,Ecuadendron acosta-solisianum,November 11 2025,XP207-PR,3,B,12,B12,22,9,8,10,2.5,0.5,0.5,2.5,7.5,0.5,1,0.5,NA,0.5,EA,1,FALSE
BS-MT7-P63,Bactris setulosa,March 19 2026,XP207-PR,3,B,13,B13,4,1,0,45,NA,NA,NA,NA,NA,NA,NA,NA,NA,20,BS,7,FALSE
BP-MT4-P89,Bauhinia pichinchensis,March 19 2026,XP207-PR,3,B,14,B14,1,0,0,NA,NA,NA,NA,NA,NA,NA,NA,NA,NA,0,BP,4,FALSE
PG-MT5-P25,Pouruma guianensis,March 19 2026,XP207-PR,3,B,15,B15,4,3,0,0.5,5,1,NA,NA,NA,NA,NA,NA,NA,1,PG,5,FALSE
CH-MT4-P50,Cecropia hispidissima,August 07 2025,XP207-PR,3,B,16,B16,10,2,6,0.5,1,NA,NA,NA,NA,NA,NA,NA,NA,0.5,CH,4,FALSE
BP-MT1-P23,Bauhinia pichinchensis,March 19 2026,XP207-PR,3,C,1,C1,1,0,0,0,NA,NA,NA,NA,NA,NA,NA,NA,NA,0,BP,1,FALSE
VB-MT2-P3,Vismia baccifera,March 19 2026,XP207-PR,3,C,2,C2,3,2,0,0.5,97.5,NA,NA,NA,NA,NA,NA,NA,NA,30,VB,2,FALSE
EA-MT2-P15,Ecuadendron acosta-solisianum,May 07 2025,XP207-PR,3,C,3,C3,27,10,3,50,2.5,10,30,25,0.5,1,0.5,0.5,1,1,EA,2,FALSE
BU-MT1-P33,Brosimum utile,November 11 2025,XP207-PR,3,C,4,C4,2,0,1,NA,NA,NA,NA,NA,NA,NA,NA,NA,NA,0,BU,1,FALSE
PG-MT4-P58,Pouruma guianensis,March 19 2026,XP207-PR,3,C,5,C5,2,1,NA,0.5,NA,NA,NA,NA,NA,NA,NA,NA,NA,0.5,PG,4,FALSE
MC-MT2-P13,Miconia conocuatrecasasii,August 07 2025,XP207-PR,3,C,6,C6,20,11,2,10,5,15,45,30,12.5,5,5,2.5,20,10,MC,2,FALSE
IS-MT1-P45,Inga silanchensis,May 07 2025,XP207-PR,3,C,7,C7,1,1,0,2.5,NA,NA,NA,NA,NA,NA,NA,NA,NA,2.5,IS,1,FALSE
CP-MT2-P26,Carapa guianensis,March 19 2026,XP207-PR,3,C,8,C8,3,2,1,2.5,2.5,NA,NA,NA,NA,NA,NA,NA,NA,2.5,CP,2,FALSE
BG-MT3-P22,Banara guianensis,August 07 2025,XP207-PR,3,C,9,C9,107,16,13,12.5,2.5,2.5,15,25,20,2.5,40,1,5,2.5,BG,3,FALSE
OP-MT8-P15,Ochroma pyramidale,May 07 2025,XP207-PR,3,C,10,C10,NA,NA,NA,NA,NA,NA,NA,NA,NA,NA,NA,NA,NA,NA,OP,8,FALSE
OP-MT2-P66,Ochroma pyramidale,November 11 2025,XP207-PR,3,C,10,C10,10,6,NA,5,0.5,0.5,5,0.5,0.5,NA,NA,NA,NA,1,OP,2,FALSE
BS-MT1-P14,Bactris setulosa,August 07 2025,XP207-PR,3,C,11,C11,NA,NA,NA,NA,NA,NA,NA,NA,NA,NA,NA,NA,NA,NA,BS,1,FALSE
BS-MT1-P70,Bactris setulosa,March 19 2026,XP207-PR,3,C,11,C11,2,2,0,0.5,20,NA,NA,NA,NA,NA,NA,NA,NA,2.5,BS,1,FALSE
CH-MT1-P9,Cecropia hispidissima,May 07 2025,XP207-PR,3,C,12,C12,NA,NA,NA,NA,NA,NA,NA,NA,NA,NA,NA,NA,NA,NA,CH,1,FALSE
PA-MT7-P20,Piper aduncum,August 07 2025,XP207-PR,3,C,14,C14,199,33,0,1,1,2.5,1,2.5,0.5,0.5,2.5,0.5,5,0.5,PA,7,FALSE
DC-MT1-P36,Dacryodes cupularis,March 19 2026,XP207-PR,3,C,15,C15,1,1,0,0.5,NA,NA,NA,NA,NA,NA,NA,NA,NA,0.5,DC,1,FALSE
AE-MT4-P70,Annona edulis,March 19 2026,XP207-PR,3,C,16,C16,7,4,0,0.5,2.5,1,5,NA,NA,NA,NA,NA,NA,1,AE,4,FALSE
IS-MT3-P83,Inga silanchensis,March 17 2025,XP207-PR,4,A,1,A1,6,5,4,0.5,10,0.5,20,0.5,NA,NA,NA,NA,NA,2.5,IS,3,FALSE
OP-MT9-P29,Ochroma pyramidale,March 17 2025,XP207-PR,4,A,2,A2,5,3,0,1,0.5,0.5,NA,NA,NA,NA,NA,NA,NA,1,OP,9,FALSE
PG-MT3-P25,Pouruma guianensis,March 19 2026,XP207-PR,4,A,3,A3,1,0,0,NA,NA,NA,NA,NA,NA,NA,NA,NA,NA,0,PG,3,FALSE
BS-MT5-P70,Bactris setulosa,November 11 2025,XP207-PR,4,A,5,A5,3,2,0,10,50,NA,NA,NA,NA,NA,NA,NA,NA,30,BS,5,FALSE
CP-MT3-P44,Carapa guianensis,May 07 2025,XP207-PR,4,A,6,A6,3,3,1,15,1,10,NA,NA,NA,NA,NA,NA,NA,10,CP,3,FALSE
DC-MT5-P53,Dacryodes cupularis,August 07 2025,XP207-PR,4,A,8,A8,NA,NA,NA,NA,NA,NA,NA,NA,NA,NA,NA,NA,NA,NA,DC,5,FALSE
PA-MT3-P67,Piper aduncum,March 17 2025,XP207-PR,4,A,9,A9,48,20,0,25,5,5,10,1,5,5,2.5,25,5,5,PA,3,FALSE
CH-MT5-P73,Cecropia hispidissima,March 19 2026,XP207-PR,4,A,10,A10,1,1,0,1,NA,NA,NA,NA,NA,NA,NA,NA,NA,1,CH,5,FALSE
BU-MT2-P61,Brosimum utile,August 07 2025,XP207-PR,4,A,11,A11,1,0,0,NA,NA,NA,NA,NA,NA,NA,NA,NA,NA,0,BU,2,FALSE
EA-MT4-P11,Ecuadendron acosta-solisianum,May 07 2025,XP207-PR,4,A,12,A12,56,13,11,10,5,60,50,70,25,40,5,1,5,10,EA,4,FALSE
BP-MT1-P38,Bauhinia pichinchensis,March 19 2026,XP207-PR,4,A,13,A13,0,0,0,NA,NA,NA,NA,NA,NA,NA,NA,NA,NA,0,BP,1,FALSE
BG-MT2-P66,Banara guianensis,August 07 2025,XP207-PR,4,A,14,A14,NA,NA,NA,NA,NA,NA,NA,NA,NA,NA,NA,NA,NA,NA,BG,2,FALSE
BG-MT1-P17,Banara guianensis,March 19 2026,XP207-PR,4,A,14,A14,8,5,0,1,0.5,20,2.5,0.5,NA,NA,NA,NA,NA,5,BG,1,FALSE
AE-MT1-P68,Annona edulis,March 19 2026,XP207-PR,4,A,15,A15,6,4,NA,0.5,0.5,1,1,NA,NA,NA,NA,NA,NA,1,AE,1,FALSE
VB-MT5-P38,Vismia baccifera,March 19 2026,XP207-PR,4,A,16,A16,3,1,0,30,NA,NA,NA,NA,NA,NA,NA,NA,NA,15,VB,5,FALSE
BU-MT1-P51,Brosimum utile,November 11 2025,XP207-PR,4,B,1,B1,1,0,0,NA,NA,NA,NA,NA,NA,NA,NA,NA,NA,0,BU,1,FALSE
BP-MT1-P54,Bauhinia pichinchensis,March 19 2026,XP207-PR,4,B,3,B3,0,0,0,NA,NA,NA,NA,NA,NA,NA,NA,NA,NA,0,BP,1,FALSE
VB-MT2-P10,Vismia baccifera,March 19 2026,XP207-PR,4,B,4,B4,3,1,0,90,NA,NA,NA,NA,NA,NA,NA,NA,NA,50,VB,2,FALSE
EA-MT5-P51,Ecuadendron acosta-solisianum,November 11 2025,XP207-PR,4,B,5,B5,28,20,8,2.5,40,25,2.5,2.5,10,10,20,5,10,10,EA,5,FALSE
PG-MT3-P1,Pouruma guianensis,March 19 2026,XP207-PR,4,B,6,B6,0,0,0,NA,NA,NA,NA,NA,NA,NA,NA,NA,NA,0,PG,3,FALSE
DC-MT5-P3,Dacryodes cupularis,August 07 2025,XP207-PR,4,B,7,B7,NA,NA,NA,NA,NA,NA,NA,NA,NA,NA,NA,NA,NA,NA,DC,5,FALSE
IS-MT5-P53,Inga silanchensis,November 11 2025,XP207-PR,4,B,8,B8,2,2,0,5,25,NA,NA,NA,NA,NA,NA,NA,NA,10,IS,5,FALSE
CP-MT5-P24,Carapa guianensis,August 07 2025,XP207-PR,4,B,9,B9,6,5,3,1,0.5,0.5,1,30,NA,NA,NA,NA,NA,2.5,CP,5,FALSE
CH-MT5-P44,Cecropia hispidissima,August 07 2025,XP207-PR,4,B,10,B10,12,6,0,1,1,0.5,0.5,0.5,0.5,NA,NA,NA,NA,0.5,CH,5,FALSE
OP-MT2-P69,Ochroma pyramidale,March 17 2025,XP207-PR,4,B,11,B11,43,11,5,0.5,1,1,1,1,2.5,0.5,1,0.5,1,1,OP,2,FALSE
BG-MT3-P49,Banara guianensis,August 07 2025,XP207-PR,4,B,12,B12,NA,NA,NA,NA,NA,NA,NA,NA,NA,NA,NA,NA,NA,NA,BG,3,FALSE
BG-MT1-P54,Banara guianensis,March 19 2026,XP207-PR,4,B,12,B12,30,3,0,10,5,0.5,NA,NA,NA,NA,NA,NA,NA,0.5,BG,1,FALSE
AE-MT5-P26,Annona edulis,March 19 2026,XP207-PR,4,B,13,B13,3,2,0,0.5,7.5,NA,NA,NA,NA,NA,NA,NA,NA,5,AE,5,FALSE
MC-MT3-P31,Miconia conocuatrecasasii,August 07 2025,XP207-PR,4,B,14,B14,11,10,2,0.5,1,5,0.5,1,5,2.5,15,5,1,5,MC,3,FALSE
BS-MT5-P67,Bactris setulosa,November 11 2025,XP207-PR,4,B,16,B16,1,1,0,5,NA,NA,NA,NA,NA,NA,NA,NA,NA,5,BS,5,FALSE
AE-MT1-P29,Annona edulis,March 19 2026,XP207-PR,4,C,1,C1,3,0,0,NA,NA,NA,NA,NA,NA,NA,NA,NA,NA,0,AE,1,FALSE
BG-MT4-P24,Banara guianensis,August 07 2025,XP207-PR,4,C,2,C2,58,5,NA,0.5,1,1,0.5,1,NA,NA,NA,NA,NA,0.5,BG,4,FALSE
BP-MT3-P18,Bauhinia pichinchensis,March 19 2026,XP207-PR,4,C,3,C3,2,0,0,NA,NA,NA,NA,NA,NA,NA,NA,NA,NA,0,BP,3,FALSE
CP-MT4-P36,Carapa guianensis,May 07 2025,XP207-PR,4,C,4,C4,13,4,7,5,20,65,70,NA,NA,NA,NA,NA,NA,20,CP,4,FALSE
BU-MT1-P34,Brosimum utile,May 07 2025,XP207-PR,4,C,5,C5,NA,NA,NA,NA,NA,NA,NA,NA,NA,NA,NA,NA,NA,NA,BU,1,FALSE
PG-MT4-P32,Pouruma guianensis,March 19 2026,XP207-PR,4,C,6,C6,4,2,0,0.5,2.5,NA,NA,NA,NA,NA,NA,NA,NA,1,PG,4,FALSE
OP-MT8-P21,Ochroma pyramidale,May 07 2025,XP207-PR,4,C,7,C7,NA,NA,NA,NA,NA,NA,NA,NA,NA,NA,NA,NA,NA,NA,OP,8,FALSE
OP-MT7-P61,Ochroma pyramidale,November 11 2025,XP207-PR,4,C,7,C7,8,6,0,1,0.5,0.5,0.5,1,2.5,NA,NA,NA,NA,1,OP,7,FALSE
VB-MT2-P35,Vismia baccifera,March 19 2026,XP207-PR,4,C,8,C8,2,2,0,1,0.5,NA,NA,NA,NA,NA,NA,NA,NA,0.5,VB,2,FALSE
PA-MT6-P65,Piper aduncum,November 11 2025,XP207-PR,4,C,9,C9,25,9,0,1,30,12.5,5,1,5,5,2.5,0.5,NA,2.5,PA,6,FALSE
BS-MT7-P43,Bactris setulosa,November 11 2025,XP207-PR,4,C,10,C10,5,3,0,0.5,2.5,40,NA,NA,NA,NA,NA,NA,NA,30,BS,7,FALSE
CH-MT3-P10,Cecropia hispidissima,August 07 2025,XP207-PR,4,C,12,C12,5,4,0,2.5,1,2.5,NA,NA,NA,NA,NA,NA,NA,1,CH,3,FALSE
EA-MT5-P62,Ecuadendron acosta-solisianum,November 11 2025,XP207-PR,4,C,13,C13,10,8,6,2.5,2.5,1,1,2.5,5,7.5,0.5,NA,NA,1,EA,5,FALSE
IS-MT3-P52,Inga silanchensis,November 11 2025,XP207-PR,4,C,14,C14,5,3,2,0.5,2.5,2.5,NA,NA,NA,NA,NA,NA,NA,2.5,IS,3,FALSE
DC-MT2-P5,Dacryodes cupularis,August 07 2025,XP207-PR,4,C,15,C15,3,3,0,1,5,5,NA,NA,NA,NA,NA,NA,NA,2.5,DC,2,FALSE
IS-MT2-P75,Inga silanchensis,March 17 2025,XP207-PR,5,A,1,A1,NA,NA,NA,NA,NA,NA,NA,NA,NA,NA,NA,NA,NA,NA,IS,2,FALSE
CP-MT3-P58,Carapa guianensis,May 07 2025,XP207-PR,5,A,2,A2,NA,NA,NA,NA,NA,NA,NA,NA,NA,NA,NA,NA,NA,NA,CP,3,FALSE
OP-MT8-P52,Ochroma pyramidale,May 07 2025,XP207-PR,5,A,3,A3,NA,NA,NA,NA,NA,NA,NA,NA,NA,NA,NA,NA,NA,NA,OP,8,FALSE
PA-MT6-P43,Piper aduncum,May 07 2025,XP207-PR,5,A,4,A4,NA,NA,NA,NA,NA,NA,NA,NA,NA,NA,NA,NA,NA,NA,PA,6,FALSE
PA-MT7-P51,Piper aduncum,March 19 2026,XP207-PR,5,A,4,A4,NA,NA,NA,NA,NA,NA,NA,NA,NA,NA,NA,NA,NA,NA,PA,7,FALSE
PG-MT3-P57,Pouruma guianensis,March 19 2026,XP207-PR,5,A,6,A6,NA,NA,NA,NA,NA,NA,NA,NA,NA,NA,NA,NA,NA,NA,PG,3,FALSE
BP-MT4-P25,Bauhinia pichinchensis,March 19 2026,XP207-PR,5,A,7,A7,NA,NA,NA,NA,NA,NA,NA,NA,NA,NA,NA,NA,NA,NA,BP,4,FALSE
BG-MT5-P81,Banara guianensis,August 07 2025,XP207-PR,5,A,8,A8,NA,NA,NA,NA,NA,NA,NA,NA,NA,NA,NA,NA,NA,NA,BG,5,FALSE
AE-MT2-P45,Annona edulis,March 19 2026,XP207-PR,5,A,9,A9,NA,NA,NA,NA,NA,NA,NA,NA,NA,NA,NA,NA,NA,NA,AE,2,FALSE
CH-MT4-P22,Cecropia hispidissima,August 07 2025,XP207-PR,5,A,10,A10,NA,NA,NA,NA,NA,NA,NA,NA,NA,NA,NA,NA,NA,NA,CH,4,FALSE
MC-MT2-P9,Miconia conocuatrecasasii,August 07 2025,XP207-PR,5,A,11,A11,NA,NA,NA,NA,NA,NA,NA,NA,NA,NA,NA,NA,NA,NA,MC,2,FALSE
DC-MT5-P48,Dacryodes cupularis,August 07 2025,XP207-PR,5,A,12,A12,NA,NA,NA,NA,NA,NA,NA,NA,NA,NA,NA,NA,NA,NA,DC,5,FALSE
VB-MT5-P70,Vismia baccifera,March 19 2026,XP207-PR,5,A,14,A14,NA,NA,NA,NA,NA,NA,NA,NA,NA,NA,NA,NA,NA,NA,VB,5,FALSE
BU-MT4-P75,Brosimum utile,August 07 2025,XP207-PR,5,A,15,A15,NA,NA,NA,NA,NA,NA,NA,NA,NA,NA,NA,NA,NA,NA,BU,4,FALSE
BS-MT6-P91,Bactris setulosa,March 19 2026,XP207-PR,5,A,16,A16,NA,NA,NA,NA,NA,NA,NA,NA,NA,NA,NA,NA,NA,NA,BS,6,FALSE
OP-MT9-P73,Ochroma pyramidale,March 17 2025,XP207-PR,5,B,1,B1,NA,NA,NA,NA,NA,NA,NA,NA,NA,NA,NA,NA,NA,NA,OP,9,FALSE
CP-MT4-P32,Carapa guianensis,May 07 2025,XP207-PR,5,B,2,B2,NA,NA,NA,NA,NA,NA,NA,NA,NA,NA,NA,NA,NA,NA,CP,4,FALSE
PG-MT1-P51,Pouruma guianensis,March 19 2026,XP207-PR,5,B,4,B4,NA,NA,NA,NA,NA,NA,NA,NA,NA,NA,NA,NA,NA,NA,PG,1,FALSE
VB-MT4-P40,Vismia baccifera,March 19 2026,XP207-PR,5,B,5,B5,NA,NA,NA,NA,NA,NA,NA,NA,NA,NA,NA,NA,NA,NA,VB,4,FALSE
MC-MT1-P23,Miconia conocuatrecasasii,August 07 2025,XP207-PR,5,B,6,B6,NA,NA,NA,NA,NA,NA,NA,NA,NA,NA,NA,NA,NA,NA,MC,1,FALSE
MC-MT2-P25,Miconia conocuatrecasasii,March 19 2026,XP207-PR,5,B,6,B6,NA,NA,NA,NA,NA,NA,NA,NA,NA,NA,NA,NA,NA,NA,MC,2,FALSE
CH-MT2-P34,Cecropia hispidissima,August 07 2025,XP207-PR,5,B,8,B8,NA,NA,NA,NA,NA,NA,NA,NA,NA,NA,NA,NA,NA,NA,CH,2,FALSE
CH-MT5-P57,Cecropia hispidissima,March 19 2026,XP207-PR,5,B,8,B8,NA,NA,NA,NA,NA,NA,NA,NA,NA,NA,NA,NA,NA,NA,CH,5,FALSE
DC-MT1-P38,Dacryodes cupularis,August 07 2025,XP207-PR,5,B,9,B9,NA,NA,NA,NA,NA,NA,NA,NA,NA,NA,NA,NA,NA,NA,DC,1,FALSE
BG-MT2-P63,Banara guianensis,August 07 2025,XP207-PR,5,B,10,B10,NA,NA,NA,NA,NA,NA,NA,NA,NA,NA,NA,NA,NA,NA,BG,2,FALSE
EA-MT3-P49,Ecuadendron acosta-solisianum,March 19 2026,XP207-PR,5,B,11,B11,NA,NA,NA,NA,NA,NA,NA,NA,NA,NA,NA,NA,NA,NA,EA,3,FALSE
IS-MT5-P60,Inga silanchensis,November 11 2025,XP207-PR,5,B,12,B12,NA,NA,NA,NA,NA,NA,NA,NA,NA,NA,NA,NA,NA,NA,IS,5,FALSE
AE-MT4-P26,Annona edulis,March 19 2026,XP207-PR,5,B,13,B13,NA,NA,NA,NA,NA,NA,NA,NA,NA,NA,NA,NA,NA,NA,AE,4,FALSE
BS-MT6-P16,Bactris setulosa,August 07 2025,XP207-PR,5,B,14,B14,NA,NA,NA,NA,NA,NA,NA,NA,NA,NA,NA,NA,NA,NA,BS,6,FALSE
BP-MT4-P49,Bauhinia pichinchensis,March 19 2026,XP207-PR,5,B,15,B15,NA,NA,NA,NA,NA,NA,NA,NA,NA,NA,NA,NA,NA,NA,BP,4,FALSE
BU-MT3-P63,Brosimum utile,August 07 2025,XP207-PR,5,B,16,B16,NA,NA,NA,NA,NA,NA,NA,NA,NA,NA,NA,NA,NA,NA,BU,3,FALSE
BU-MT4-P29,Brosimum utile,March 19 2026,XP207-PR,5,B,16,B16,NA,NA,NA,NA,NA,NA,NA,NA,NA,NA,NA,NA,NA,NA,BU,4,FALSE
CP-MT2-P5,Carapa guianensis,May 07 2025,XP207-PR,5,C,1,C1,NA,NA,NA,NA,NA,NA,NA,NA,NA,NA,NA,NA,NA,NA,CP,2,FALSE
CP-MT2-P86,Carapa guianensis,March 19 2026,XP207-PR,5,C,1,C1,NA,NA,NA,NA,NA,NA,NA,NA,NA,NA,NA,NA,NA,NA,CP,2,FALSE
IS-MT3-P91,Inga silanchensis,March 19 2026,XP207-PR,5,C,2,C2,NA,NA,NA,NA,NA,NA,NA,NA,NA,NA,NA,NA,NA,NA,IS,3,FALSE
OP-MT6-P34,Ochroma pyramidale,May 07 2025,XP207-PR,5,C,3,C3,NA,NA,NA,NA,NA,NA,NA,NA,NA,NA,NA,NA,NA,NA,OP,6,FALSE
BU-MT1-P29,Brosimum utile,May 07 2025,XP207-PR,5,C,4,C4,NA,NA,NA,NA,NA,NA,NA,NA,NA,NA,NA,NA,NA,NA,BU,1,FALSE
EA-MT4-P39,Ecuadendron acosta-solisianum,March 19 2026,XP207-PR,5,C,6,C6,NA,NA,NA,NA,NA,NA,NA,NA,NA,NA,NA,NA,NA,NA,EA,4,FALSE
AE-MT5-P71,Annona edulis,March 19 2026,XP207-PR,5,C,8,C8,NA,NA,NA,NA,NA,NA,NA,NA,NA,NA,NA,NA,NA,NA,AE,5,FALSE
PG-MT2-P67,Pouruma guianensis,March 19 2026,XP207-PR,5,C,9,C9,NA,NA,NA,NA,NA,NA,NA,NA,NA,NA,NA,NA,NA,NA,PG,2,FALSE
BP-MT4-P9,Bauhinia pichinchensis,March 19 2026,XP207-PR,5,C,10,C10,NA,NA,NA,NA,NA,NA,NA,NA,NA,NA,NA,NA,NA,NA,BP,4,FALSE
VB-MT2-P30,Vismia baccifera,March 19 2026,XP207-PR,5,C,11,C11,NA,NA,NA,NA,NA,NA,NA,NA,NA,NA,NA,NA,NA,NA,VB,2,FALSE
DC-MT4-P80,Dacryodes cupularis,August 07 2025,XP207-PR,5,C,13,C13,NA,NA,NA,NA,NA,NA,NA,NA,NA,NA,NA,NA,NA,NA,DC,4,FALSE
CH-MT3-P13,Cecropia hispidissima,August 07 2025,XP207-PR,5,C,14,C14,NA,NA,NA,NA,NA,NA,NA,NA,NA,NA,NA,NA,NA,NA,CH,3,FALSE
BG-MT4-P48,Banara guianensis,August 07 2025,XP207-PR,5,C,15,C15,NA,NA,NA,NA,NA,NA,NA,NA,NA,NA,NA,NA,NA,NA,BG,4,FALSE
MC-MT2-P14,Miconia conocuatrecasasii,September 24 2025,XP208-PR,1,A,1,A1,11,9,3,5,1,1,5,2.5,10,0.5,0.5,5,NA,2.5,MC,2,FALSE
VB-MT5-P67,Vismia baccifera,March 19 2026,XP208-PR,1,A,2,A2,14,5,0,5,0.5,5,1,5,NA,NA,NA,NA,NA,1,VB,5,FALSE
PA-MT3-P9,Piper aduncum,March 24 2025,XP208-PR,1,A,3,A3,122,49,8,2.5,5,2.5,1,10,5,0.5,1,1,10,1,PA,3,FALSE
CP-MT4-P26,Carapa guianensis,May 12 2025,XP208-PR,1,A,4,A4,NA,NA,NA,NA,NA,NA,NA,NA,NA,NA,NA,NA,NA,NA,CP,4,FALSE
BU-MT1-P43,Brosimum utile,May 12 2025,XP208-PR,1,A,5,A5,5,1,2,0.5,NA,NA,NA,NA,NA,NA,NA,NA,NA,0.5,BU,1,FALSE
IS-MT5-P64,Inga silanchensis,March 24 2025,XP208-PR,1,A,6,A6,4,4,4,0.5,50,90,10,NA,NA,NA,NA,NA,NA,50,IS,5,FALSE
AE-MT3-P55,Annona edulis,March 19 2026,XP208-PR,1,A,8,A8,5,3,0,0.5,0.5,0.5,NA,NA,NA,NA,NA,NA,NA,0.5,AE,3,FALSE
BS-MT6-P36,Bactris setulosa,September 24 2025,XP208-PR,1,A,9,A9,1,1,0,95,NA,NA,NA,NA,NA,NA,NA,NA,NA,95,BS,6,FALSE
EA-MT5-P17,Ecuadendron acosta-solisianum,December 5 2025,XP208-PR,1,A,10,A10,9,5,0,0.5,0.5,1,0.5,12.5,NA,NA,NA,NA,NA,1,EA,5,FALSE
OP-MT2-P28,Ochroma pyramidale,March 24 2025,XP208-PR,1,A,11,A11,NA,NA,NA,NA,NA,NA,NA,NA,NA,NA,NA,NA,NA,NA,OP,2,FALSE
DC-MT1-P32,Dacryodes cupularis,September 24 2025,XP208-PR,1,A,12,A12,4,3,3,0.5,1,5,NA,NA,NA,NA,NA,NA,NA,0.5,DC,1,FALSE
CH-MT3-P12,Cecropia hispidissima,September 24 2025,XP208-PR,1,A,13,A13,3,2,0,25,10,NA,NA,NA,NA,NA,NA,NA,NA,10,CH,3,FALSE
BG-MT2-P74,Banara guianensis,September 24 2025,XP208-PR,1,A,14,A14,22,13,2,5,10,50,30,1,10,1,5,0.5,0.5,1,BG,2,FALSE
PG-MT5-P1,Pouruma guianensis,March 19 2026,XP208-PR,1,A,15,A15,0,0,0,NA,NA,NA,NA,NA,NA,NA,NA,NA,NA,0,PG,5,FALSE
BP-MT2-P36,Bauhinia pichinchensis,March 19 2026,XP208-PR,1,A,16,A16,0,0,0,NA,NA,NA,NA,NA,NA,NA,NA,NA,NA,0,BP,2,FALSE
MC-MT2-P41,Miconia conocuatrecasasii,September 24 2025,XP208-PR,1,B,1,B1,19,16,7,2.5,2.5,45,2.5,2.5,1,1,35,0.5,5,5,MC,2,FALSE
IS-MT4-P46,Inga silanchensis,May 12 2025,XP208-PR,1,B,2,B2,5,4,3,7.5,15,50,1,NA,NA,NA,NA,NA,NA,12.5,IS,4,FALSE
CP-MT2-P54,Carapa guianensis,May 12 2025,XP208-PR,1,B,4,B4,3,2,1,5,1,NA,NA,NA,NA,NA,NA,NA,NA,2.5,CP,2,FALSE
OP-MT6-P40,Ochroma pyramidale,May 12 2025,XP208-PR,1,B,5,B5,12,6,3,1,0.5,1,0.5,5,0.5,NA,NA,NA,NA,NA,OP,6,FALSE
BG-MT1-P89,Banara guianensis,September 24 2025,XP208-PR,1,B,6,B6,32,8,12,0.5,0.5,1,5,5,0.5,0.5,0.5,NA,NA,0.5,BG,1,FALSE
DC-MT5-P66,Dacryodes cupularis,September 24 2025,XP208-PR,1,B,7,B7,NA,NA,NA,NA,NA,NA,NA,NA,NA,NA,NA,NA,NA,NA,DC,5,FALSE
AE-MT1-P36,Annona edulis,March 19 2026,XP208-PR,1,B,8,B8,3,2,0,5,1,NA,NA,NA,NA,NA,NA,NA,NA,2.5,AE,1,FALSE
PA-MT6-P46,Piper aduncum,May 12 2025,XP208-PR,1,B,9,B9,101,46,10,2.5,1,5,5,1,1,5,1,5,5,1,PA,6,FALSE
EA-MT5-P105,Ecuadendron acosta-solisianum,March 19 2026,XP208-PR,1,B,10,B10,18,9,0,5,10,0.5,0.5,0.5,1,0.5,0.5,0.5,NA,0.5,EA,5,FALSE
CH-MT1-P4,Cecropia hispidissima,May 12 2025,XP208-PR,1,B,11,B11,NA,NA,NA,NA,NA,NA,NA,NA,NA,NA,NA,NA,NA,NA,CH,1,FALSE
BP-MT1-P69,Bauhinia pichinchensis,March 19 2026,XP208-PR,1,B,12,B12,0,0,0,NA,NA,NA,NA,NA,NA,NA,NA,NA,NA,0,BP,1,FALSE
VB-MT1-P41,Vismia baccifera,September 24 2025,XP208-PR,1,B,13,B13,78,42,25,5,25,50,10,5,60,60,70,20,5,10,VB,1,FALSE
BU-MT4-P16,Brosimum utile,September 24 2025,XP208-PR,1,B,14,B14,6,1,2,0.5,NA,NA,NA,NA,NA,NA,NA,NA,NA,0.5,BU,4,FALSE
BS-MT1-P65,Bactris setulosa,December 5 2025,XP208-PR,1,B,15,B15,4,2,2,5,60,NA,NA,NA,NA,NA,NA,NA,NA,15,BS,1,FALSE
PG-MT1-P53,Pouruma guianensis,March 19 2026,XP208-PR,1,B,16,B16,2,2,0,0.5,10,NA,NA,NA,NA,NA,NA,NA,NA,5,PG,1,FALSE
PG-MT2-P57,Pouruma guianensis,March 19 2026,XP208-PR,1,C,1,C1,5,2,1,0.5,0.5,NA,NA,NA,NA,NA,NA,NA,NA,0.5,PG,2,FALSE
VB-MT3-P25,Vismia baccifera,March 19 2026,XP208-PR,1,C,2,C2,4,2,0,1,2.5,NA,NA,NA,NA,NA,NA,NA,NA,1,VB,3,FALSE
EA-MT1-P32,Ecuadendron acosta-solisianum,December 5 2025,XP208-PR,1,C,4,C4,17,14,0,30,50,15,5,5,0.5,2.5,0.5,70,0.5,5,EA,1,FALSE
CP-MT5-P21,Carapa guianensis,September 24 2025,XP208-PR,1,C,5,C5,5,5,3,1,5,5,10,10,NA,NA,NA,NA,NA,5,CP,5,FALSE
BP-MT4-P67,Bauhinia pichinchensis,March 19 2026,XP208-PR,1,C,6,C6,1,0,0,NA,NA,NA,NA,NA,NA,NA,NA,NA,NA,0,BP,4,FALSE
IS-MT1-P44,Inga silanchensis,May 12 2025,XP208-PR,1,C,8,C8,3,3,1,0.5,5,1,NA,NA,NA,NA,NA,NA,NA,1,IS,1,FALSE
AE-MT5-P62,Annona edulis,March 19 2026,XP208-PR,1,C,9,C9,2,0,0,NA,NA,NA,NA,NA,NA,NA,NA,NA,NA,0,AE,5,FALSE
BG-MT3-P31,Banara guianensis,September 24 2025,XP208-PR,1,C,10,C10,59,25,17,20,0.5,1,5,5,20,80,5,7.5,30,5,BG,3,FALSE
BU-MT1-P57,Brosimum utile,May 12 2025,XP208-PR,1,C,12,C12,8,3,3,10,0.5,5,NA,NA,NA,NA,NA,NA,NA,2.5,BU,1,FALSE
CH-MT4-P77,Cecropia hispidissima,September 24 2025,XP208-PR,1,C,13,C13,5,4,0,10,1,0.5,5,NA,NA,NA,NA,NA,NA,2.5,CH,4,FALSE
PA-MT7-P50,Piper aduncum,September 24 2025,XP208-PR,1,C,14,C14,31,11,7,10,0.5,10,1,5,5,1,0.5,5,0.5,1,PA,7,FALSE
BS-MT1-P74,Bactris setulosa,September 24 2025,XP208-PR,1,C,15,C15,4,4,2,0.5,5,10,50,NA,NA,NA,NA,NA,NA,10,BS,1,FALSE
MC-MT3-P22,Miconia conocuatrecasasii,September 24 2025,XP208-PR,1,C,16,C16,15,8,0,25,60,0.5,1,0.5,50,50,40,NA,NA,20,MC,3,FALSE
OP-MT2-P63,Ochroma pyramidale,March 24 2025,XP208-PR,2,A,1,A1,8,3,1,90,1,30,NA,NA,NA,NA,NA,NA,NA,7.5,OP,2,FALSE
IS-MT3-P21,Inga silanchensis,March 24 2025,XP208-PR,2,A,2,A2,14,12,7,10,2.5,1,30,50,15,90,25,0.5,10,15,IS,3,FALSE
BG-MT4-P55,Banara guianensis,September 24 2025,XP208-PR,2,A,3,A3,82,39,22,85,90,90,10,20,5,10,90,70,40,45,BG,4,FALSE
BU-MT3-P65,Brosimum utile,September 24 2025,XP208-PR,2,A,4,A4,0,0,0,NA,NA,NA,NA,NA,NA,NA,NA,NA,NA,0,BU,3,FALSE
BP-MT3-P56,Bauhinia pichinchensis,March 19 2026,XP208-PR,2,A,5,A5,0,0,0,NA,NA,NA,NA,NA,NA,NA,NA,NA,NA,0,BP,3,FALSE
PA-MT3-P34,Piper aduncum,March 24 2025,XP208-PR,2,A,6,A6,109,54,0,2.5,2.5,5,0.5,5,1,10,2.5,2.5,10,2.5,PA,3,FALSE
DC-MT3-P67,Dacryodes cupularis,March 19 2026,XP208-PR,2,A,7,A7,3,3,0,0.5,5,10,NA,NA,NA,NA,NA,NA,NA,5,DC,3,FALSE
CH-MT5-P48,Cecropia hispidissima,September 24 2025,XP208-PR,2,A,8,A8,4,3,1,10,40,90,NA,NA,NA,NA,NA,NA,NA,50,CH,5,FALSE
PG-MT5-P44,Pouruma guianensis,March 19 2026,XP208-PR,2,A,9,A9,4,3,1,0.5,0.5,0.5,NA,NA,NA,NA,NA,NA,NA,0.5,PG,5,FALSE
AE-MT2-P21,Annona edulis,March 19 2026,XP208-PR,2,A,10,A10,3,2,0,0.5,0.5,NA,NA,NA,NA,NA,NA,NA,NA,0.5,AE,2,FALSE
EA-MT5-P77,Ecuadendron acosta-solisianum,March 19 2026,XP208-PR,2,A,11,A11,18,12,0,2.5,80,70,65,10,1,1,5,1,0.5,7.5,EA,5,FALSE
VB-MT4-P22,Vismia baccifera,March 19 2026,XP208-PR,2,A,12,A12,3,2,0,2.5,0.5,NA,NA,NA,NA,NA,NA,NA,NA,1,VB,4,FALSE
BS-MT5-P22,Bactris setulosa,September 24 2025,XP208-PR,2,A,13,A13,3,2,2,0.5,0.5,NA,NA,NA,NA,NA,NA,NA,NA,0.5,BS,5,FALSE
CP-MT1-P57,Carapa guianensis,September 24 2025,XP208-PR,2,A,15,A15,3,3,0,0.5,0.5,10,NA,NA,NA,NA,NA,NA,NA,7.5,CP,1,FALSE
MC-MT1-P65,Miconia conocuatrecasasii,September 24 2025,XP208-PR,2,A,16,A16,14,4,0,5,50,0.5,5,NA,NA,NA,NA,NA,NA,10,MC,1,FALSE
AE-MT5-P13,Annona edulis,March 19 2026,XP208-PR,2,B,1,B1,3,2,0,5,30,NA,NA,NA,NA,NA,NA,NA,NA,10,AE,5,FALSE
CP-MT3-P40,Carapa guianensis,March 19 2026,XP208-PR,2,B,2,B2,0,0,0,NA,NA,NA,NA,NA,NA,NA,NA,NA,NA,0,CP,3,FALSE
CH-MT4-P91,Cecropia hispidissima,September 24 2025,XP208-PR,2,B,3,B3,NA,NA,NA,NA,NA,NA,NA,NA,NA,NA,NA,NA,NA,NA,CH,4,FALSE
CH-MT5-P74,Cecropia hispidissima,March 19 2026,XP208-PR,2,B,3,B3,NA,NA,NA,NA,NA,NA,NA,NA,NA,NA,NA,NA,NA,NA,CH,5,FALSE
VB-MT3-P34,Vismia baccifera,March 19 2026,XP208-PR,2,B,5,B5,4,3,0,0.5,0.5,0.5,NA,NA,NA,NA,NA,NA,NA,0.5,VB,3,FALSE
IS-MT2-P74,Inga silanchensis,March 24 2025,XP208-PR,2,B,6,B6,NA,NA,NA,NA,NA,NA,NA,NA,NA,NA,NA,NA,NA,NA,IS,2,FALSE
BP-MT5-P12,Bauhinia pichinchensis,March 19 2026,XP208-PR,2,B,7,B7,NA,NA,NA,NA,NA,NA,NA,NA,NA,NA,NA,NA,NA,NA,BP,5,FALSE
DC-MT3-P5,Dacryodes cupularis,September 24 2025,XP208-PR,2,B,8,B8,NA,NA,NA,NA,NA,NA,NA,NA,NA,NA,NA,NA,NA,NA,DC,3,FALSE
OP-MT6-P7,Ochroma pyramidale,May 12 2025,XP208-PR,2,B,9,B9,27,13,2,90,85,90,2.5,0.5,30,40,5,1,90,45,OP,6,FALSE
MC-MT2-P10,Miconia conocuatrecasasii,September 24 2025,XP208-PR,2,B,10,B10,NA,NA,NA,NA,NA,NA,NA,NA,NA,NA,NA,NA,NA,NA,MC,2,FALSE
MC-MT1-P77,Miconia conocuatrecasasii,March 19 2026,XP208-PR,2,B,10,B10,11,6,0,30,40,1,45,25,50,NA,NA,NA,NA,40,MC,1,FALSE
EA-MT5-P16,Ecuadendron acosta-solisianum,December 5 2025,XP208-PR,2,B,11,B11,NA,NA,NA,NA,NA,NA,NA,NA,NA,NA,NA,NA,NA,NA,EA,5,FALSE
PG-MT2-P24,Pouruma guianensis,March 19 2026,XP208-PR,2,B,12,B12,5,0,1,NA,NA,NA,NA,NA,NA,NA,NA,NA,NA,0,PG,2,FALSE
BU-MT2-P30,Brosimum utile,September 24 2025,XP208-PR,2,B,13,B13,5,1,2,2.5,NA,NA,NA,NA,NA,NA,NA,NA,NA,0.5,BU,2,FALSE
BG-MT4-P42,Banara guianensis,September 24 2025,XP208-PR,2,B,14,B14,39,29,8,5,7.5,10,2.5,5,50,30,30,5,50,10,BG,4,FALSE
BS-MT6-P57,Bactris setulosa,December 5 2025,XP208-PR,2,B,16,B16,5,4,1,5,1,50,1,NA,NA,NA,NA,NA,NA,10,BS,6,FALSE
AE-MT4-P29,Annona edulis,March 19 2026,XP208-PR,2,C,2,C2,3,1,0,5,NA,NA,NA,NA,NA,NA,NA,NA,NA,2.5,AE,4,FALSE
BU-MT4-P15,Brosimum utile,September 24 2025,XP208-PR,2,C,3,C3,NA,NA,NA,NA,NA,NA,NA,NA,NA,NA,NA,NA,NA,NA,BU,4,FALSE
BU-MT3-P81,Brosimum utile,March 19 2026,XP208-PR,2,C,3,C3,0,0,0,NA,NA,NA,NA,NA,NA,NA,NA,NA,NA,0,BU,3,FALSE
OP-MT7-P15,Ochroma pyramidale,May 12 2025,XP208-PR,2,C,4,C4,NA,NA,NA,NA,NA,NA,NA,NA,NA,NA,NA,NA,NA,NA,OP,7,FALSE
OP-MT8-P58,Ochroma pyramidale,December 5 2025,XP208-PR,2,C,4,C4,10,3,0,1,0.5,0.5,NA,NA,NA,NA,NA,NA,NA,0.5,OP,8,FALSE
EA-MT1-P42,Ecuadendron acosta-solisianum,December 5 2025,XP208-PR,2,C,7,C7,20,11,2,95,15,40,1,1,2.5,0.5,2.5,5,0.5,2.5,EA,1,FALSE
IS-MT5-P88,Inga silanchensis,March 24 2025,XP208-PR,2,C,8,C8,NA,NA,NA,NA,NA,NA,NA,NA,NA,NA,NA,NA,NA,NA,IS,5,FALSE
IS-MT3-P19,Inga silanchensis,December 5 2025,XP208-PR,2,C,8,C8,5,4,0,85,70,40,60,NA,NA,NA,NA,NA,NA,60,IS,3,FALSE
CP-MT2-P58,Carapa guianensis,May 12 2025,XP208-PR,2,C,9,C9,NA,NA,NA,NA,NA,NA,NA,NA,NA,NA,NA,NA,NA,NA,CP,2,FALSE
CP-MT5-P73,Carapa guianensis,March 19 2026,XP208-PR,2,C,9,C9,3,3,1,15,5,1,NA,NA,NA,NA,NA,NA,NA,5,CP,5,FALSE
BP-MT4-P51,Bauhinia pichinchensis,March 19 2026,XP208-PR,2,C,10,C10,1,0,0,NA,NA,NA,NA,NA,NA,NA,NA,NA,NA,0,BP,4,FALSE
BG-MT5-P48,Banara guianensis,September 24 2025,XP208-PR,2,C,11,C11,120,23,20,70,30,5,20,7.5,2.5,10,1,5,50,2.5,BG,5,FALSE
DC-MT4-P48,Dacryodes cupularis,September 24 2025,XP208-PR,2,C,12,C12,NA,NA,NA,NA,NA,NA,NA,NA,NA,NA,NA,NA,NA,NA,DC,4,FALSE
BS-MT5-P30,Bactris setulosa,September 24 2025,XP208-PR,2,C,13,C13,1,1,0,2.5,NA,NA,NA,NA,NA,NA,NA,NA,NA,2.5,BS,5,FALSE
VB-MT5-P6,Vismia baccifera,March 19 2026,XP208-PR,2,C,14,C14,5,4,0,10,7.5,10,50,NA,NA,NA,NA,NA,NA,10,VB,5,FALSE
PG-MT3-P9,Pouruma guianensis,March 19 2026,XP208-PR,2,C,15,C15,4,1,3,0.5,NA,NA,NA,NA,NA,NA,NA,NA,NA,0.5,PG,3,FALSE
CH-MT2-P47,Cecropia hispidissima,September 24 2025,XP208-PR,2,C,16,C16,9,8,0,2.5,0.5,0.5,1,0.5,40,20,0.5,NA,NA,5,CH,2,FALSE
MC-MT1-P40,Miconia conocuatrecasasii,September 24 2025,XP208-PR,3,A,1,A1,12,10,5,30,70,90,50,80,50,40,60,90,10,60,MC,1,FALSE
BS-MT6-P76,Bactris setulosa,December 5 2025,XP208-PR,3,A,2,A2,3,3,0,10,0.5,1,NA,NA,NA,NA,NA,NA,NA,2.5,BS,6,FALSE
PA-MT6-P10,Piper aduncum,May 12 2025,XP208-PR,3,A,3,A3,143,36,0,1,0.5,5,1,2.5,5,5,5,1,1,0.5,PA,6,FALSE
IS-MT5-P5,Inga silanchensis,December 5 2025,XP208-PR,3,A,4,A4,4,4,1,1,5,5,2.5,NA,NA,NA,NA,NA,NA,2.5,IS,5,FALSE
BU-MT5-P13,Brosimum utile,September 24 2025,XP208-PR,3,A,5,A5,6,2,2,0.5,1,NA,NA,NA,NA,NA,NA,NA,NA,0.5,BU,5,FALSE
BP-MT1-P33,Bauhinia pichinchensis,March 19 2026,XP208-PR,3,A,6,A6,NA,NA,NA,NA,NA,NA,NA,NA,NA,NA,NA,NA,NA,NA,BP,1,FALSE
DC-MT1-P17,Dacryodes cupularis,September 24 2025,XP208-PR,3,A,7,A7,NA,NA,NA,NA,NA,NA,NA,NA,NA,NA,NA,NA,NA,NA,DC,1,FALSE
AE-MT3-P27,Annona edulis,March 19 2026,XP208-PR,3,A,8,A8,4,4,0,0.5,0.5,5,0.5,NA,NA,NA,NA,NA,NA,1,AE,3,FALSE
OP-MT9-P26,Ochroma pyramidale,March 24 2025,XP208-PR,3,A,9,A9,3,1,0,2.5,NA,NA,NA,NA,NA,NA,NA,NA,NA,1,OP,9,FALSE
PG-MT4-P53,Pouruma guianensis,March 19 2026,XP208-PR,3,A,11,A11,2,1,0,1,5,NA,NA,NA,NA,NA,NA,NA,NA,0.5,PG,4,FALSE
EA-MT2-P4,Ecuadendron acosta-solisianum,May 12 2025,XP208-PR,3,A,12,A12,71,38,31,1,5,0.5,10,2.5,2.5,1,10,5,5,5,EA,2,FALSE
BG-MT3-P48,Banara guianensis,September 24 2025,XP208-PR,3,A,13,A13,24,21,1,50,70,70,90,90,10,90,80,90,1,75,BG,3,FALSE
CH-MT3-P4,Cecropia hispidissima,September 24 2025,XP208-PR,3,A,15,A15,5,5,2,5,10,2.5,5,15,NA,NA,NA,NA,NA,5,CH,3,FALSE
VB-MT1-P1,Vismia baccifera,September 24 2025,XP208-PR,3,A,16,A16,19,10,6,0.5,1,0.5,80,10,20,20,0.5,0.5,0.5,2.5,VB,1,FALSE
AE-MT5-P52,Annona edulis,March 19 2026,XP208-PR,3,B,1,B1,2,1,0,1,NA,NA,NA,NA,NA,NA,NA,NA,NA,0.5,AE,5,FALSE
IS-MT1-P6,Inga silanchensis,May 12 2025,XP208-PR,3,B,2,B2,7,7,3,0.5,10,90,5,60,0.5,0.5,NA,NA,NA,50,IS,1,FALSE
DC-MT3-P57,Dacryodes cupularis,March 19 2026,XP208-PR,3,B,3,B3,0,0,0,NA,NA,NA,NA,NA,NA,NA,NA,NA,NA,0,DC,3,FALSE
BS-MT1-P80,Bactris setulosa,December 5 2025,XP208-PR,3,B,4,B4,2,1,1,2.5,NA,NA,NA,NA,NA,NA,NA,NA,NA,1,BS,1,FALSE
BU-MT3-P58,Brosimum utile,September 24 2025,XP208-PR,3,B,5,B5,4,1,1,0.5,NA,NA,NA,NA,NA,NA,NA,NA,NA,0.5,BU,3,FALSE
CP-MT5-P43,Carapa guianensis,September 24 2025,XP208-PR,3,B,6,B6,3,3,2,5,10,5,NA,NA,NA,NA,NA,NA,NA,5,CP,5,FALSE
EA-MT3-P18,Ecuadendron acosta-solisianum,May 12 2025,XP208-PR,3,B,7,B7,NA,NA,NA,NA,NA,NA,NA,NA,NA,NA,NA,NA,NA,NA,EA,3,FALSE
EA-MT1-P100,Ecuadendron acosta-solisianum,December 5 2025,XP208-PR,3,B,7,B7,11,8,8,10,15,30,10,1,5,5,5,NA,NA,5,EA,1,FALSE
CH-MT1-P40,Cecropia hispidissima,May 12 2025,XP208-PR,3,B,8,B8,NA,NA,NA,NA,NA,NA,NA,NA,NA,NA,NA,NA,NA,NA,CH,1,FALSE
BG-MT1-P44,Banara guianensis,September 24 2025,XP208-PR,3,B,9,B9,36,18,10,90,80,90,95,95,10,15,20,10,20,50,BG,1,FALSE
OP-MT8-P43,Ochroma pyramidale,May 12 2025,XP208-PR,3,B,10,B10,41,15,4,90,80,40,1,1,1,60,70,0.5,90,40,OP,8,FALSE
PG-MT3-P14,Pouruma guianensis,March 19 2026,XP208-PR,3,B,12,B12,1,1,0,0.5,NA,NA,NA,NA,NA,NA,NA,NA,NA,0.5,PG,3,FALSE
MC-MT1-P39,Miconia conocuatrecasasii,September 24 2025,XP208-PR,3,B,13,B13,12,11,2,20,0.5,20,15,30,10,10,50,20,1,15,MC,1,FALSE
BP-MT2-P24,Bauhinia pichinchensis,March 19 2026,XP208-PR,3,B,15,B15,0,0,0,NA,NA,NA,NA,NA,NA,NA,NA,NA,NA,0,BP,2,FALSE
VB-MT5-P72,Vismia baccifera,March 19 2026,XP208-PR,3,B,16,B16,5,4,0,1,25,95,90,NA,NA,NA,NA,NA,NA,25,VB,5,FALSE
VB-MT2-P33,Vismia baccifera,March 19 2026,XP208-PR,3,C,1,C1,3,2,0,0.5,0.5,NA,NA,NA,NA,NA,NA,NA,NA,0.5,VB,2,FALSE
BP-MT2-P17,Bauhinia pichinchensis,March 19 2026,XP208-PR,3,C,2,C2,0,0,0,NA,NA,NA,NA,NA,NA,NA,NA,NA,NA,0,BP,2,FALSE
PG-MT1-P64,Pouruma guianensis,March 19 2026,XP208-PR,3,C,3,C3,3,0,0,NA,NA,NA,NA,NA,NA,NA,NA,NA,NA,0,PG,1,FALSE
BS-MT6-P44,Bactris setulosa,December 5 2025,XP208-PR,3,C,4,C4,2,1,1,0.5,NA,NA,NA,NA,NA,NA,NA,NA,NA,0.5,BS,6,FALSE
DC-MT5-P16,Dacryodes cupularis,September 24 2025,XP208-PR,3,C,6,C6,2,1,1,0.5,NA,NA,NA,NA,NA,NA,NA,NA,NA,0.5,DC,5,FALSE
BG-MT1-P45,Banara guianensis,September 24 2025,XP208-PR,3,C,7,C7,35,3,8,2.5,25,1,NA,NA,NA,NA,NA,NA,NA,0.5,BG,1,FALSE
AE-MT3-P65,Annona edulis,March 19 2026,XP208-PR,3,C,8,C8,2,0,0,NA,NA,NA,NA,NA,NA,NA,NA,NA,NA,0,AE,3,FALSE
IS-MT4-P2,Inga silanchensis,May 12 2025,XP208-PR,3,C,10,C10,4,4,1,70,20,0.5,50,NA,NA,NA,NA,NA,NA,50,IS,4,FALSE
CP-MT3-P28,Carapa guianensis,May 12 2025,XP208-PR,3,C,11,C11,2,2,2,90,90,NA,NA,NA,NA,NA,NA,NA,NA,90,CP,3,FALSE
CH-MT5-P79,Cecropia hispidissima,September 24 2025,XP208-PR,3,C,12,C12,5,5,2,2.5,30,80,90,90,NA,NA,NA,NA,NA,30,CH,5,FALSE
EA-MT1-P22,Ecuadendron acosta-solisianum,December 5 2025,XP208-PR,3,C,14,C14,13,13,0,60,90,90,80,70,40,55,10,5,80,70,EA,1,FALSE
BU-MT5-P14,Brosimum utile,September 24 2025,XP208-PR,3,C,16,C16,7,3,4,2.5,2.5,1,NA,NA,NA,NA,NA,NA,NA,1,BU,5,FALSE
PA-MT6-P88,Piper aduncum,March 19 2026,XP208-PR,4,A,2,A2,1,1,0,50,NA,NA,NA,NA,NA,NA,NA,NA,NA,50,PA,6,FALSE
OP-MT9-P36,Ochroma pyramidale,March 24 2025,XP208-PR,4,A,3,A3,NA,NA,NA,NA,NA,NA,NA,NA,NA,NA,NA,NA,NA,NA,OP,9,FALSE
OP-MT2-P67,Ochroma pyramidale,December 5 2025,XP208-PR,4,A,3,A3,NA,NA,NA,NA,NA,NA,NA,NA,NA,NA,NA,NA,NA,NA,OP,2,FALSE
BU-MT3-P6,Brosimum utile,September 24 2025,XP208-PR,4,A,4,A4,7,0,4,NA,NA,NA,NA,NA,NA,NA,NA,NA,NA,0,BU,3,FALSE
IS-MT3-P28,Inga silanchensis,March 24 2025,XP208-PR,4,A,5,A5,6,6,3,1,20,50,40,1,5,NA,NA,NA,NA,20,IS,3,FALSE
BG-MT2-P12,Banara guianensis,September 24 2025,XP208-PR,4,A,6,A6,53,9,13,7.5,1,0.5,0.5,10,10,1,0.5,5,NA,0.5,BG,2,FALSE
EA-MT5-P6,Ecuadendron acosta-solisianum,December 5 2025,XP208-PR,4,A,7,A7,25,14,0,0.5,5,20,5,1,2.5,5,2.5,5,1,1,EA,5,FALSE
AE-MT5-P32,Annona edulis,March 19 2026,XP208-PR,4,A,8,A8,3,1,0,25,NA,NA,NA,NA,NA,NA,NA,NA,NA,15,AE,5,FALSE
CP-MT4-P20,Carapa guianensis,May 12 2025,XP208-PR,4,A,9,A9,1,0,0,NA,NA,NA,NA,NA,NA,NA,NA,NA,NA,0,CP,4,FALSE
CH-MT2-P57,Cecropia hispidissima,NA,XP208-PR,4,A,10,A10,NA,NA,NA,NA,NA,NA,NA,NA,NA,NA,NA,NA,NA,NA,CH,2,FALSE
CH-MT4-P64,Cecropia hispidissima,March 19 2026,XP208-PR,4,A,10,A10,2,1,0,40,NA,NA,NA,NA,NA,NA,NA,NA,NA,20,CH,4,FALSE
VB-MT4-P74,Vismia baccifera,March 19 2026,XP208-PR,4,A,11,A11,10,6,0,10,5,0.5,10,0.5,80,0.5,NA,NA,NA,5,VB,4,FALSE
PG-MT3-P65,Pouruma guianensis,March 19 2026,XP208-PR,4,A,12,A12,2,0,0,NA,NA,NA,NA,NA,NA,NA,NA,NA,NA,0,PG,3,FALSE
BP-MT3-P34,Bauhinia pichinchensis,March 19 2026,XP208-PR,4,A,13,A13,2,1,0,0.5,NA,NA,NA,NA,NA,NA,NA,NA,NA,0.5,BP,3,FALSE
BS-MT5-P57,Bactris setulosa,December 5 2025,XP208-PR,4,A,15,A15,3,3,0,5,5,50,NA,NA,NA,NA,NA,NA,NA,30,BS,5,FALSE
DC-MT4-P6,Dacryodes cupularis,September 24 2025,XP208-PR,4,A,16,A16,4,3,0,0.5,1,5,10,NA,NA,NA,NA,NA,NA,1,DC,4,FALSE
DC-MT3-P10,Dacryodes cupularis,September 24 2025,XP208-PR,4,B,1,B1,NA,NA,NA,NA,NA,NA,NA,NA,NA,NA,NA,NA,NA,NA,DC,3,FALSE
EA-MT4-P21,Ecuadendron acosta-solisianum,May 12 2025,XP208-PR,4,B,2,B2,9,5,1,50,40,20,50,10,NA,NA,NA,NA,NA,20,EA,4,FALSE
CP-MT3-P22,Carapa guianensis,May 12 2025,XP208-PR,4,B,3,B3,NA,NA,NA,NA,NA,NA,NA,NA,NA,NA,NA,NA,NA,NA,CP,3,FALSE
CP-MT5-P80,Carapa guianensis,March 19 2026,XP208-PR,4,B,3,B3,3,3,0,15,1,10,NA,NA,NA,NA,NA,NA,NA,10,CP,5,FALSE
IS-MT2-P45,Inga silanchensis,March 24 2025,XP208-PR,4,B,4,B4,2,2,0,20,50,NA,NA,NA,NA,NA,NA,NA,NA,30,IS,2,FALSE
AE-MT2-P60,Annona edulis,March 19 2026,XP208-PR,4,B,5,B5,4,1,0,0.5,NA,NA,NA,NA,NA,NA,NA,NA,NA,0.5,AE,2,FALSE
CH-MT4-P34,Cecropia hispidissima,September 24 2025,XP208-PR,4,B,6,B6,3,2,0,1,0.5,NA,NA,NA,NA,NA,NA,NA,NA,0.5,CH,4,FALSE
PG-MT2-P7,Pouruma guianensis,March 19 2026,XP208-PR,4,B,7,B7,2,1,0,1,NA,NA,NA,NA,NA,NA,NA,NA,NA,0.5,PG,2,FALSE
BP-MT4-P40,Bauhinia pichinchensis,March 19 2026,XP208-PR,4,B,8,B8,1,1,0,0.5,NA,NA,NA,NA,NA,NA,NA,NA,NA,0.5,BP,4,FALSE
OP-MT8-P51,Ochroma pyramidale,May 12 2025,XP208-PR,4,B,9,B9,7,3,0,0.5,20,0.5,NA,NA,NA,NA,NA,NA,NA,7.5,OP,8,FALSE
BG-MT5-P72,Banara guianensis,September 24 2025,XP208-PR,4,B,11,B11,0,0,0,NA,NA,NA,NA,NA,NA,NA,NA,NA,NA,0,BG,5,FALSE
PA-MT7-P15,Piper aduncum,September 24 2025,XP208-PR,4,B,12,B12,15,5,0,1,50,10,1,5,NA,NA,NA,NA,NA,1,PA,7,FALSE
BS-MT7-P6,Bactris setulosa,September 24 2025,XP208-PR,4,B,13,B13,3,3,1,2.5,0.5,5,NA,NA,NA,NA,NA,NA,NA,2.5,BS,7,FALSE
VB-MT3-P65,Vismia baccifera,March 19 2026,XP208-PR,4,B,14,B14,3,1,0,0.5,NA,NA,NA,NA,NA,NA,NA,NA,NA,0.5,VB,3,FALSE
BU-MT4-P52,Brosimum utile,September 24 2025,XP208-PR,4,B,15,B15,3,0,2,NA,NA,NA,NA,NA,NA,NA,NA,NA,NA,0,BU,4,FALSE
MC-MT3-P20,Miconia conocuatrecasasii,September 24 2025,XP208-PR,4,B,16,B16,9,5,0,1,25,0.5,0.5,0.5,NA,NA,NA,NA,NA,0.5,MC,3,FALSE
VB-MT2-P8,Vismia baccifera,March 19 2026,XP208-PR,4,C,1,C1,4,2,0,0.5,0.5,NA,NA,NA,NA,NA,NA,NA,NA,0.5,VB,2,FALSE
AE-MT4-P62,Annona edulis,March 19 2026,XP208-PR,4,C,2,C2,4,3,0,50,1,0.5,NA,NA,NA,NA,NA,NA,NA,10,AE,4,FALSE
BS-MT6-P59,Bactris setulosa,December 5 2025,XP208-PR,4,C,3,C3,4,4,2,1,7.5,40,1,NA,NA,NA,NA,NA,NA,10,BS,6,FALSE
IS-MT5-P48,Inga silanchensis,December 5 2025,XP208-PR,4,C,4,C4,3,3,1,0.5,50,25,NA,NA,NA,NA,NA,NA,NA,25,IS,5,FALSE
PG-MT5-P26,Pouruma guianensis,March 19 2026,XP208-PR,4,C,5,C5,3,2,1,0.5,0.5,NA,NA,NA,NA,NA,NA,NA,NA,0.5,PG,5,FALSE
CP-MT1-P17,Carapa guianensis,September 24 2025,XP208-PR,4,C,6,C6,4,4,3,5,0.5,10,2.5,NA,NA,NA,NA,NA,NA,2.5,CP,1,FALSE
BP-MT1-P22,Bauhinia pichinchensis,March 19 2026,XP208-PR,4,C,7,C7,NA,NA,NA,NA,NA,NA,NA,NA,NA,NA,NA,NA,NA,NA,BP,1,FALSE
MC-MT3-P26,Miconia conocuatrecasasii,September 24 2025,XP208-PR,4,C,8,C8,14,9,0,0.5,50,25,5,40,2.5,10,10,5,NA,7.5,MC,3,FALSE
PA-MT6-P68,Piper aduncum,December 5 2025,XP208-PR,4,C,9,C9,9,2,0,10,10,NA,NA,NA,NA,NA,NA,NA,NA,7.5,PA,6,FALSE
EA-MT2-P55,Ecuadendron acosta-solisianum,March 19 2026,XP208-PR,4,C,10,C10,23,17,0,5,1,5,25,30,5,25,50,5,5,5,EA,2,FALSE
BG-MT3-P37,Banara guianensis,September 24 2025,XP208-PR,4,C,11,C11,28,10,0,10,5,5,1,5,1,0.5,10,10,5,5,BG,3,FALSE
OP-MT7-P35,Ochroma pyramidale,May 12 2025,XP208-PR,4,C,12,C12,5,3,0,1,50,60,NA,NA,NA,NA,NA,NA,NA,50,OP,7,FALSE
DC-MT2-P30,Dacryodes cupularis,September 24 2025,XP208-PR,4,C,13,C13,3,1,2,2.5,NA,NA,NA,NA,NA,NA,NA,NA,NA,2.5,DC,2,FALSE
CH-MT5-P41,Cecropia hispidissima,September 24 2025,XP208-PR,4,C,14,C14,0,0,0,NA,NA,NA,NA,NA,NA,NA,NA,NA,NA,0,CH,5,FALSE
BU-MT2-P22,Brosimum utile,September 24 2025,XP208-PR,4,C,16,C16,5,2,1,0.5,1,NA,NA,NA,NA,NA,NA,NA,NA,0.5,BU,2,FALSE
CP-MT4-P9,Carapa guianensis,May 12 2025,XP208-PR,5,A,1,A1,NA,NA,NA,NA,NA,NA,NA,NA,NA,NA,NA,NA,NA,NA,CP,4,FALSE
BU-MT1-P60,Brosimum utile,May 12 2025,XP208-PR,5,A,3,A3,NA,NA,NA,NA,NA,NA,NA,NA,NA,NA,NA,NA,NA,NA,BU,1,FALSE
BG-MT2-P73,Banara guianensis,September 24 2025,XP208-PR,5,A,4,A4,NA,NA,NA,NA,NA,NA,NA,NA,NA,NA,NA,NA,NA,NA,BG,2,FALSE
PG-MT1-P49,Pouruma guianensis,March 19 2026,XP208-PR,5,A,5,A5,NA,NA,NA,NA,NA,NA,NA,NA,NA,NA,NA,NA,NA,NA,PG,1,FALSE
AE-MT2-P9,Annona edulis,March 19 2026,XP208-PR,5,A,7,A7,NA,NA,NA,NA,NA,NA,NA,NA,NA,NA,NA,NA,NA,NA,AE,2,FALSE
DC-MT1-P31,Dacryodes cupularis,September 24 2025,XP208-PR,5,A,10,A10,NA,NA,NA,NA,NA,NA,NA,NA,NA,NA,NA,NA,NA,NA,DC,1,FALSE
IS-MT3-P108,Inga silanchensis,March 19 2026,XP208-PR,5,A,15,A15,NA,NA,NA,NA,NA,NA,NA,NA,NA,NA,NA,NA,NA,NA,IS,3,FALSE
CH-MT3-P14,Cecropia hispidissima,September 24 2025,XP208-PR,5,A,16,A16,NA,NA,NA,NA,NA,NA,NA,NA,NA,NA,NA,NA,NA,NA,CH,3,FALSE
OP-MT9-P14,Ochroma pyramidale,March 24 2025,XP208-PR,5,B,1,B1,NA,NA,NA,NA,NA,NA,NA,NA,NA,NA,NA,NA,NA,NA,OP,9,FALSE
CP-MT3-P57,Carapa guianensis,May 12 2025,XP208-PR,5,B,2,B2,NA,NA,NA,NA,NA,NA,NA,NA,NA,NA,NA,NA,NA,NA,CP,3,FALSE
PG-MT4-P67,Pouruma guianensis,March 19 2026,XP208-PR,5,B,7,B7,NA,NA,NA,NA,NA,NA,NA,NA,NA,NA,NA,NA,NA,NA,PG,4,FALSE
BG-MT4-P12,Banara guianensis,September 24 2025,XP208-PR,5,B,8,B8,NA,NA,NA,NA,NA,NA,NA,NA,NA,NA,NA,NA,NA,NA,BG,4,FALSE
AE-MT3-P22,Annona edulis,March 19 2026,XP208-PR,5,B,9,B9,NA,NA,NA,NA,NA,NA,NA,NA,NA,NA,NA,NA,NA,NA,AE,3,FALSE
DC-MT5-P29,Dacryodes cupularis,NA,XP208-PR,5,B,13,B13,NA,NA,NA,NA,NA,NA,NA,NA,NA,NA,NA,NA,NA,NA,DC,5,FALSE
IS-MT3-P87,Inga silanchensis,March 19 2026,XP208-PR,5,B,15,B15,NA,NA,NA,NA,NA,NA,NA,NA,NA,NA,NA,NA,NA,NA,IS,3,FALSE
IS-MT5-P76,Inga silanchensis,March 24 2025,XP208-PR,5,C,1,C1,NA,NA,NA,NA,NA,NA,NA,NA,NA,NA,NA,NA,NA,NA,IS,5,FALSE
CP-MT2-P43,Carapa guianensis,May 12 2025,XP208-PR,5,C,2,C2,NA,NA,NA,NA,NA,NA,NA,NA,NA,NA,NA,NA,NA,NA,CP,2,FALSE
OP-MT6-P24,Ochroma pyramidale,May 12 2025,XP208-PR,5,C,3,C3,NA,NA,NA,NA,NA,NA,NA,NA,NA,NA,NA,NA,NA,NA,OP,6,FALSE
PA-MT6-P19,Piper aduncum,May 12 2025,XP208-PR,5,C,4,C4,NA,NA,NA,NA,NA,NA,NA,NA,NA,NA,NA,NA,NA,NA,PA,6,FALSE
PG-MT5-P52,Pouruma guianensis,March 19 2026,XP208-PR,5,C,5,C5,NA,NA,NA,NA,NA,NA,NA,NA,NA,NA,NA,NA,NA,NA,PG,5,FALSE
BG-MT5-P51,Banara guianensis,September 24 2025,XP208-PR,5,C,7,C7,NA,NA,NA,NA,NA,NA,NA,NA,NA,NA,NA,NA,NA,NA,BG,5,FALSE
DC-MT4-P32,Dacryodes cupularis,September 24 2025,XP208-PR,5,C,8,C8,NA,NA,NA,NA,NA,NA,NA,NA,NA,NA,NA,NA,NA,NA,DC,4,FALSE
AE-MT1-P43,Annona edulis,March 19 2026,XP208-PR,5,C,13,C13,NA,NA,NA,NA,NA,NA,NA,NA,NA,NA,NA,NA,NA,NA,AE,1,FALSE
CH-MT4-P71,Cecropia hispidissima,September 24 2025,XP208-PR,5,C,15,C15,NA,NA,NA,NA,NA,NA,NA,NA,NA,NA,NA,NA,NA,NA,CH,4,FALSE
CP-MT2-P95,Carapa guianensis,February 5 2026,XP209-PR,1,A,1,A1,3,3,1,1,1,0.5,NA,NA,NA,NA,NA,NA,NA,0.5,CP,2,FALSE
BU-MT5-P46,Brosimum utile,August 08 2025,XP209-PR,1,A,2,A2,4,1,0,0.5,NA,NA,NA,NA,NA,NA,NA,NA,NA,0.5,BU,5,FALSE
CH-MT2-P68,Cecropia hispidissima,August 08 2025,XP209-PR,1,A,3,A3,15,12,0,2.5,2.5,1,10,10,10,25,20,10,5,10,CH,2,FALSE
VB-MT4-P26,Vismia baccifera,February 5 2026,XP209-PR,1,A,4,A4,30,2,0,5,5,NA,NA,NA,NA,NA,NA,NA,NA,1,VB,4,FALSE
AE-MT4-P30,Annona edulis,February 5 2026,XP209-PR,1,A,5,A5,13,1,0,0.5,NA,NA,NA,NA,NA,NA,NA,NA,NA,0.5,AE,4,FALSE
PA-MT6-P49,Piper aduncum,May 07 2025,XP209-PR,1,A,6,A6,305,87,0,2.5,5,2.5,0.5,5,10,1,0.5,0.5,0.5,0.5,PA,6,FALSE
BG-MT3-P60,Banara guianensis,August 08 2025,XP209-PR,1,A,7,A7,109,32,5,0.5,2.5,2.5,1,2.5,1,2.5,2.5,1,5,0.5,BG,3,FALSE
PG-MT4-P1,Pouruma guianensis,February 5 2026,XP209-PR,1,A,9,A9,3,1,0,0.5,NA,NA,NA,NA,NA,NA,NA,NA,NA,0.5,PG,4,FALSE
DC-MT4-P63,Dacryodes cupularis,August 08 2025,XP209-PR,1,A,10,A10,6,4,1,0.5,0.5,0.5,0.5,NA,NA,NA,NA,NA,NA,0.5,DC,4,FALSE
IS-MT3-P79,Inga silanchensis,March 17 2025,XP209-PR,1,A,11,A11,10,8,4,0.5,0.5,1,0.5,0.5,5,2.5,0.5,NA,NA,1,IS,3,FALSE
OP-MT9-P24,Ochroma pyramidale,March 17 2025,XP209-PR,1,A,12,A12,95,59,NA,15,15,5,5,20,5,10,1,2.5,5,7.5,OP,9,FALSE
EA-MT3-P39,Ecuadendron acosta-solisianum,February 5 2026,XP209-PR,1,A,13,A13,24,17,5,5,7.5,10,5,1,1,12.5,40,10,1,2.5,EA,3,FALSE
BS-MT1-P42,Bactris setulosa,November 10 2025,XP209-PR,1,A,15,A15,3,3,1,60,0.5,0.5,NA,NA,NA,NA,NA,NA,NA,20,BS,1,FALSE
BP-MT5-P62,Bauhinia pichinchensis,February 5 2026,XP209-PR,1,A,16,A16,2,1,0,15,NA,NA,NA,NA,NA,NA,NA,NA,NA,7.5,BP,5,FALSE
BP-MT4-P18,Bauhinia pichinchensis,February 5 2026,XP209-PR,1,B,1,B1,5,3,0,1,0.5,0.5,NA,NA,NA,NA,NA,NA,NA,0.5,BP,4,FALSE
EA-MT4-P17,Ecuadendron acosta-solisianum,May 07 2025,XP209-PR,1,B,2,B2,NA,NA,NA,NA,NA,NA,NA,NA,NA,NA,NA,NA,NA,NA,EA,4,FALSE
EA-MT5-P78,Ecuadendron acosta-solisianum,February 5 2026,XP209-PR,1,B,2,B2,6,6,4,0.5,1,0.5,1,5,1,NA,NA,NA,NA,1,EA,5,FALSE
AE-MT1-P51,Annona edulis,February 5 2026,XP209-PR,1,B,3,B3,13,2,0,2.5,1,NA,NA,NA,NA,NA,NA,NA,NA,0.5,AE,1,FALSE
IS-MT2-P68,Inga silanchensis,March 17 2025,XP209-PR,1,B,4,B4,17,12,5,5,1,5,1,10,10,2.5,1,0.5,0.5,2.5,IS,2,FALSE
BG-MT3-P69,Banara guianensis,August 08 2025,XP209-PR,1,B,5,B5,76,32,0,5,1,1,5,2.5,1,0.5,2.5,0.5,1,1,BG,3,FALSE
OP-MT2-P12,Ochroma pyramidale,March 17 2025,XP209-PR,1,B,7,B7,62,49,NA,15,1,5,5,10,5,5,1,2.5,5,5,OP,2,FALSE
PG-MT2-P4,Pouruma guianensis,February 5 2026,XP209-PR,1,B,8,B8,2,1,0,0.5,NA,NA,NA,NA,NA,NA,NA,NA,NA,0.5,PG,2,FALSE
BS-MT6-P53,Bactris setulosa,November 10 2025,XP209-PR,1,B,9,B9,6,5,4,0.5,2.5,45,0.5,5,NA,NA,NA,NA,NA,5,BS,6,FALSE
CH-MT3-P67,Cecropia hispidissima,August 08 2025,XP209-PR,1,B,10,B10,14,5,0,2.5,1,0.5,0.5,1,NA,NA,NA,NA,NA,0.5,CH,3,FALSE
VB-MT2-P20,Vismia baccifera,February 5 2026,XP209-PR,1,B,11,B11,9,1,0,0.5,NA,NA,NA,NA,NA,NA,NA,NA,NA,0.5,VB,2,FALSE
PA-MT7-P45,Piper aduncum,August 08 2025,XP209-PR,1,B,15,B15,96,27,0,1,0.5,0.5,20,1,5,1,1,1,50,1,PA,7,FALSE
DC-MT1-P85,Dacryodes cupularis,August 08 2025,XP209-PR,1,B,16,B16,6,5,3,2.5,2.5,5,5,10,NA,NA,NA,NA,NA,5,DC,1,FALSE
BU-MT3-P21,Brosimum utile,August 08 2025,XP209-PR,1,C,1,C1,4,3,1,25,1,0.5,NA,NA,NA,NA,NA,NA,NA,7.5,BU,3,FALSE
PG-MT1-P26,Pouruma guianensis,February 5 2026,XP209-PR,1,C,2,C2,NA,NA,NA,NA,NA,NA,NA,NA,NA,NA,NA,NA,NA,NA,PG,1,FALSE
MC-MT2-P46,Miconia conocuatrecasasii,August 08 2025,XP209-PR,1,C,4,C4,50,21,0,2.5,1,0.5,1,10,1,2.5,1,0.5,2.5,1,MC,2,FALSE
IS-MT2-P8,Inga silanchensis,November 10 2025,XP209-PR,1,C,5,C5,7,4,1,0.5,10,0.5,2.5,NA,NA,NA,NA,NA,NA,2.5,IS,2,FALSE
BP-MT2-P28,Bauhinia pichinchensis,February 5 2026,XP209-PR,1,C,6,C6,NA,NA,NA,NA,NA,NA,NA,NA,NA,NA,NA,NA,NA,NA,BP,2,FALSE
CH-MT4-P1,Cecropia hispidissima,August 08 2025,XP209-PR,1,C,7,C7,15,11,0,10,5,5,0.5,2.5,1,1,2.5,1,10,1,CH,4,FALSE
DC-MT2-P52,Dacryodes cupularis,February 5 2026,XP209-PR,1,C,8,C8,4,3,0,2.5,5,20,NA,NA,NA,NA,NA,NA,NA,7.5,DC,2,FALSE
BS-MT1-P60,Bactris setulosa,November 10 2025,XP209-PR,1,C,9,C9,3,3,1,50,1,1,NA,NA,NA,NA,NA,NA,NA,20,BS,1,FALSE
OP-MT8-P4,Ochroma pyramidale,May 07 2025,XP209-PR,1,C,10,C10,115,77,NA,5,10,5,15,25,10,5,10,20,10,10,OP,8,FALSE
AE-MT1-P33,Annona edulis,February 5 2026,XP209-PR,1,C,11,C11,7,5,1,1,10,2.5,0.5,1,NA,NA,NA,NA,NA,2.5,AE,1,FALSE
CP-MT4-P19,Carapa guianensis,May 07 2025,XP209-PR,1,C,12,C12,10,8,4,1,0.5,5,0.5,0.5,0.5,0.5,5,NA,NA,1,CP,4,FALSE
EA-MT1-P72,Ecuadendron acosta-solisianum,November 10 2025,XP209-PR,1,C,13,C13,22,9,0,5,2.5,5,0.5,1,2.5,0.5,1,0.5,NA,0.5,EA,1,FALSE
VB-MT3-P45,Vismia baccifera,February 5 2026,XP209-PR,1,C,15,C15,25,5,0,0.5,1,1,0.5,0.5,NA,NA,NA,NA,NA,0.5,VB,3,FALSE
BG-MT2-P92,Banara guianensis,August 08 2025,XP209-PR,1,C,16,C16,90,19,18,15,20,1,0.5,1,30,0.5,1,2.5,5,1,BG,2,FALSE
BG-MT1-P86,Banara guianensis,August 08 2025,XP209-PR,2,A,1,A1,37,5,7,1,10,5,0.5,0.5,NA,NA,NA,NA,NA,0.5,BG,1,FALSE
AE-MT4-P28,Annona edulis,February 5 2026,XP209-PR,2,A,2,A2,4,2,0.5,0.5,NA,NA,NA,NA,NA,NA,NA,NA,NA,0.5,AE,4,FALSE
EA-MT3-P14,Ecuadendron acosta-solisianum,May 07 2025,XP209-PR,2,A,3,A3,NA,NA,NA,NA,NA,NA,NA,NA,NA,NA,NA,NA,NA,NA,EA,3,FALSE
EA-MT2-P99,Ecuadendron acosta-solisianum,November 10 2025,XP209-PR,2,A,3,A3,21,8,4,0.5,5,1,20,0.5,5,1,0.5,NA,NA,0.5,EA,2,FALSE
BU-MT2-P33,Brosimum utile,August 08 2025,XP209-PR,2,A,4,A4,NA,NA,NA,NA,NA,NA,NA,NA,NA,NA,NA,NA,NA,NA,BU,2,FALSE
PG-MT1-P81,Pouruma guianensis,February 5 2026,XP209-PR,2,A,5,A5,3,0,0,NA,NA,NA,NA,NA,NA,NA,NA,NA,NA,0,PG,1,FALSE
IS-MT3-P38,Inga silanchensis,March 17 2025,XP209-PR,2,A,7,A7,14,9,3,2.5,1,1,1,5,0.5,5,10,0.5,NA,0.5,IS,3,FALSE
VB-MT2-P37,Vismia baccifera,February 5 2026,XP209-PR,2,A,8,A8,14,0,0,NA,NA,NA,NA,NA,NA,NA,NA,NA,NA,0,VB,2,FALSE
BP-MT1-P3,Bauhinia pichinchensis,February 5 2026,XP209-PR,2,A,9,A9,4,0,0,NA,NA,NA,NA,NA,NA,NA,NA,NA,NA,0,BP,1,FALSE
CP-MT3-P13,Carapa guianensis,May 07 2025,XP209-PR,2,A,10,A10,9,7,5,1,1,0.5,2.5,1,1,0.5,NA,NA,NA,1,CP,3,FALSE
OP-MT7-P49,Ochroma pyramidale,May 07 2025,XP209-PR,2,A,11,A11,157,77,NA,10,15,10,15,5,5,2.5,10,5,10,10,OP,7,FALSE
PA-MT3-P27,Piper aduncum,March 17 2025,XP209-PR,2,A,12,A12,209,123,11,0.5,2.5,1,5,5,10,5,2.5,10,0.5,0.5,PA,3,FALSE
CH-MT5-P36,Cecropia hispidissima,August 08 2025,XP209-PR,2,A,13,A13,13,12,0,5,10,5,20,20,5,20,20,10,15,15,CH,5,FALSE
DC-MT4-P9,Dacryodes cupularis,August 08 2025,XP209-PR,2,A,14,A14,NA,NA,NA,NA,NA,NA,NA,NA,NA,NA,NA,NA,NA,NA,DC,4,FALSE
BS-MT1-P27,Bactris setulosa,November 10 2025,XP209-PR,2,A,15,A15,5,4,3,0.5,40,5,1,NA,NA,NA,NA,NA,NA,10,BS,1,FALSE
DC-MT1-P12,Dacryodes cupularis,August 08 2025,XP209-PR,2,B,1,B1,6,6,4,2.5,5,0.5,20,1,1,NA,NA,NA,NA,5,DC,1,FALSE
BP-MT2-P10,Bauhinia pichinchensis,February 5 2026,XP209-PR,2,B,3,B3,3,3,0,0.5,0.5,0.5,NA,NA,NA,NA,NA,NA,NA,0.5,BP,2,FALSE
BU-MT1-P15,Brosimum utile,May 07 2025,XP209-PR,2,B,4,B4,6,1,0,0.5,NA,NA,NA,NA,NA,NA,NA,NA,NA,0.5,BU,1,FALSE
OP-MT6-P47,Ochroma pyramidale,May 07 2025,XP209-PR,2,B,5,B5,95,59,NA,15,1,0.5,5,5,10,10,10,2.5,5,5,OP,6,FALSE
IS-MT2-P77,Inga silanchensis,March 17 2025,XP209-PR,2,B,6,B6,4,2,0,25,25,NA,NA,NA,NA,NA,NA,NA,NA,15,IS,2,FALSE
BS-MT7-P12,Bactris setulosa,August 08 2025,XP209-PR,2,B,9,B9,5,4,1,12.5,5,10,5,NA,NA,NA,NA,NA,NA,5,BS,7,FALSE
VB-MT4-P17,Vismia baccifera,February 5 2026,XP209-PR,2,B,11,B11,72,3,0,0.5,1,0.5,NA,NA,NA,NA,NA,NA,NA,0.5,VB,4,FALSE
EA-MT1-P71,Ecuadendron acosta-solisianum,November 10 2025,XP209-PR,2,B,12,B12,30,13,2,1,10,5,5,2.5,2.5,10,1,2.5,0.5,1,EA,1,FALSE
AE-MT2-P57,Annona edulis,February 5 2026,XP209-PR,2,B,13,B13,6,4,0,0.5,0.5,0.5,0.5,NA,NA,NA,NA,NA,NA,0.5,AE,2,FALSE
BG-MT3-P35,Banara guianensis,August 08 2025,XP209-PR,2,B,14,B14,102,15,9,5,0.5,1,0.5,15,20,10,10,2.5,0.5,0.5,BG,3,FALSE
PG-MT2-P6,Pouruma guianensis,February 5 2026,XP209-PR,2,B,15,B15,2,0,0,NA,NA,NA,NA,NA,NA,NA,NA,NA,NA,0,PG,2,FALSE
CP-MT1-P16,Carapa guianensis,August 08 2025,XP209-PR,2,B,16,B16,9,6,5,5,7.5,1,2.5,10,5,NA,NA,NA,NA,5,CP,1,FALSE
BP-MT4-P20,Bauhinia pichinchensis,February 5 2026,XP209-PR,2,C,1,C1,0,0,0,NA,NA,NA,NA,NA,NA,NA,NA,NA,NA,0,BP,4,FALSE
BS-MT7-P49,Bactris setulosa,November 10 2025,XP209-PR,2,C,2,C2,2,1,0,1,NA,NA,NA,NA,NA,NA,NA,NA,NA,0.5,BS,7,FALSE
VB-MT4-P49,Vismia baccifera,February 5 2026,XP209-PR,2,C,3,C3,42,3,0,0.5,0.5,1,NA,NA,NA,NA,NA,NA,NA,0.5,VB,4,FALSE
PA-MT7-P57,Piper aduncum,February 5 2026,XP209-PR,2,C,4,C4,13,5,0,50,20,25,70,75,NA,NA,NA,NA,NA,15,PA,7,FALSE
IS-MT5-P51,Inga silanchensis,March 17 2025,XP209-PR,2,C,5,C5,21,21,5,2.5,0.5,1,0.5,1,2.5,1,2.5,1,2.5,1,IS,5,FALSE
AE-MT4-P71,Annona edulis,February 5 2026,XP209-PR,2,C,7,C7,5,1,1,0.5,NA,NA,NA,NA,NA,NA,NA,NA,NA,0.5,AE,4,FALSE
BU-MT4-P17,Brosimum utile,August 08 2025,XP209-PR,2,C,8,C8,6,0,0,NA,NA,NA,NA,NA,NA,NA,NA,NA,NA,0,BU,4,FALSE
EA-MT2-P13,Ecuadendron acosta-solisianum,May 07 2025,XP209-PR,2,C,9,C9,51,32,7,1,5,5,1,0.5,1,2.5,2.5,0.5,1,1,EA,2,FALSE
PG-MT1-P46,Pouruma guianensis,February 5 2026,XP209-PR,2,C,10,C10,4,1,0,10,NA,NA,NA,NA,NA,NA,NA,NA,NA,1,PG,1,FALSE
CH-MT4-P93,Cecropia hispidissima,August 08 2025,XP209-PR,2,C,11,C11,17,17,0,5,5,5,10,10,10,10,20,5,10,10,CH,4,FALSE
DC-MT2-P48,Dacryodes cupularis,February 5 2026,XP209-PR,2,C,13,C13,1,1,0,7.5,NA,NA,NA,NA,NA,NA,NA,NA,NA,7.5,DC,2,FALSE
BG-MT5-P43,Banara guianensis,August 08 2025,XP209-PR,2,C,14,C14,150,15,0,10,25,5,25,5,5,10,2.5,2.5,20,0.5,BG,5,FALSE
CP-MT1-P54,Carapa guianensis,August 08 2025,XP209-PR,2,C,15,C15,12,8,4,5,10,15,10,7.5,10,5,10,NA,NA,10,CP,1,FALSE
MC-MT3-P63,Miconia conocuatrecasasii,August 08 2025,XP209-PR,2,C,16,C16,30,22,0,2.5,1,5,5,1,1,25,5,7.5,10,5,MC,3,FALSE
BU-MT4-P76,Brosimum utile,August 08 2025,XP209-PR,3,A,1,A1,NA,NA,NA,NA,NA,NA,NA,NA,NA,NA,NA,NA,NA,NA,BU,4,FALSE
IS-MT1-P34,Inga silanchensis,May 07 2025,XP209-PR,3,A,2,A2,NA,NA,NA,NA,NA,NA,NA,NA,NA,NA,NA,NA,NA,NA,IS,1,FALSE
DC-MT5-P40,Dacryodes cupularis,August 08 2025,XP209-PR,3,A,3,A3,3,2,0,0.5,5,NA,NA,NA,NA,NA,NA,NA,NA,1,DC,5,FALSE
BP-MT2-P63,Bauhinia pichinchensis,February 5 2026,XP209-PR,3,A,4,A4,1,1,0,17.5,NA,NA,NA,NA,NA,NA,NA,NA,NA,17.5,BP,2,FALSE
OP-MT6-P55,Ochroma pyramidale,May 07 2025,XP209-PR,3,A,5,A5,75,59,NA,10,20,15,10,5,2.5,5,30,2.5,20,15,OP,6,FALSE
BS-MT6-P87,Bactris setulosa,February 5 2026,XP209-PR,3,A,6,A6,3,2,0,5,50,NA,NA,NA,NA,NA,NA,NA,NA,25,BS,6,FALSE
BG-MT2-P23,Banara guianensis,August 08 2025,XP209-PR,3,A,8,A8,72,21,4,2.5,20,10,1,5,0.5,2.5,1,0.5,2.5,0.5,BG,2,FALSE
PG-MT2-P68,Pouruma guianensis,February 5 2026,XP209-PR,3,A,9,A9,3,0,1,NA,NA,NA,NA,NA,NA,NA,NA,NA,NA,0,PG,2,FALSE
VB-MT2-P60,Vismia baccifera,February 5 2026,XP209-PR,3,A,10,A10,7,2,0,10,5,NA,NA,NA,NA,NA,NA,NA,NA,1,VB,2,FALSE
CP-MT2-P53,Carapa guianensis,May 07 2025,XP209-PR,3,A,11,A11,NA,NA,NA,NA,NA,NA,NA,NA,NA,NA,NA,NA,NA,NA,CP,2,FALSE
CP-MT5-P72,Carapa guianensis,February 5 2026,XP209-PR,3,A,11,A11,3,3,0,10,10,10,NA,NA,NA,NA,NA,NA,NA,10,CP,5,FALSE
MC-MT1-P53,Miconia conocuatrecasasii,August 08 2025,XP209-PR,3,A,13,A13,11,8,0,0.5,2.5,5,5,10,2.5,5,1,NA,NA,2.5,MC,1,FALSE
CH-MT5-P20,Cecropia hispidissima,August 08 2025,XP209-PR,3,A,14,A14,10,8,2,10,1,0.5,0.5,2.5,2.5,2.5,5,NA,NA,2.5,CH,5,FALSE
AE-MT3-P20,Annona edulis,February 5 2026,XP209-PR,3,A,15,A15,6,5,0,0.5,0.5,0.5,1,5,2.5,NA,NA,NA,NA,1,AE,3,FALSE
EA-MT4-P73,Ecuadendron acosta-solisianum,February 5 2026,XP209-PR,3,A,16,A16,12,10,3,30,30,40,35,5,0.5,20,20,10,0.5,20,EA,4,FALSE
DC-MT5-P44,Dacryodes cupularis,August 08 2025,XP209-PR,3,B,1,B1,8,6,4,0.5,0.5,0.5,1,5,2.5,NA,NA,NA,NA,1,DC,5,FALSE
BS-MT1-P21,Bactris setulosa,August 08 2025,XP209-PR,3,B,2,B2,NA,NA,NA,NA,NA,NA,NA,NA,NA,NA,NA,NA,NA,NA,BS,1,FALSE
AE-MT4-P23,Annona edulis,February 5 2026,XP209-PR,3,B,4,B4,8,3,0,10,1,0.5,NA,NA,NA,NA,NA,NA,NA,1,AE,4,FALSE
PG-MT5-P71,Pouruma guianensis,February 5 2026,XP209-PR,3,B,5,B5,2,0,0,NA,NA,NA,NA,NA,NA,NA,NA,NA,NA,0,PG,5,FALSE
BU-MT1-P26,Brosimum utile,May 07 2025,XP209-PR,3,B,6,B6,3,0,1,NA,NA,NA,NA,NA,NA,NA,NA,NA,NA,0,BU,1,FALSE
CP-MT2-P42,Carapa guianensis,May 07 2025,XP209-PR,3,B,7,B7,4,3,0,2.5,0.5,1,NA,NA,NA,NA,NA,NA,NA,1,CP,2,FALSE
PA-MT6-P81,Piper aduncum,November 10 2025,XP209-PR,3,B,8,B8,52,27,0,1,1,2.5,5,2.5,5,1,2.5,10,5,0.5,PA,6,FALSE
VB-MT1-P42,Vismia baccifera,August 08 2025,XP209-PR,3,B,9,B9,125,95,9,50,55,12.5,10,15,20,15,25,5,5,5,VB,1,FALSE
IS-MT4-P10,Inga silanchensis,May 07 2025,XP209-PR,3,B,10,B10,2,1,0,5,NA,NA,NA,NA,NA,NA,NA,NA,NA,2.5,IS,4,FALSE
CH-MT1-P25,Cecropia hispidissima,May 07 2025,XP209-PR,3,B,12,B12,NA,NA,NA,NA,NA,NA,NA,NA,NA,NA,NA,NA,NA,NA,CH,1,FALSE
BP-MT1-P63,Bauhinia pichinchensis,February 5 2026,XP209-PR,3,B,14,B14,NA,NA,NA,NA,NA,NA,NA,NA,NA,NA,NA,NA,NA,NA,BP,1,FALSE
EA-MT5-P68,Ecuadendron acosta-solisianum,November 10 2025,XP209-PR,3,B,15,B15,13,8,2,1,1,0.5,0.5,5,1,1,1,NA,NA,0.5,EA,5,FALSE
BG-MT4-P63,Banara guianensis,August 08 2025,XP209-PR,3,B,16,B16,77,16,5,10,5,20,5,1,1,50,20,10,1,0.5,BG,4,FALSE
CP-MT3-P55,Carapa guianensis,May 07 2025,XP209-PR,3,C,2,C2,3,3,2,1,0.5,20,NA,NA,NA,NA,NA,NA,NA,5,CP,3,FALSE
BU-MT3-P14,Brosimum utile,August 08 2025,XP209-PR,3,C,3,C3,3,0,0,NA,NA,NA,NA,NA,NA,NA,NA,NA,NA,0,BU,3,FALSE
PG-MT4-P63,Pouruma guianensis,February 5 2026,XP209-PR,3,C,4,C4,4,1,0,0.5,NA,NA,NA,NA,NA,NA,NA,NA,NA,0.5,PG,4,FALSE
BS-MT1-P50,Bactris setulosa,NA,XP209-PR,3,C,5,C5,2,1,0,1,NA,NA,NA,NA,NA,NA,NA,NA,NA,0.5,BS,1,FALSE
IS-MT1-P38,Inga silanchensis,May 07 2025,XP209-PR,3,C,6,C6,2,2,0,0.5,1,NA,NA,NA,NA,NA,NA,NA,NA,0.5,IS,1,FALSE
OP-MT7-P10,Ochroma pyramidale,May 07 2025,XP209-PR,3,C,7,C7,70,52,NA,5,25,5,15,5,10,5,2.5,5,10,10,OP,7,FALSE
AE-MT1-P58,Annona edulis,February 5 2026,XP209-PR,3,C,8,C8,7,2,0,0.5,10,NA,NA,NA,NA,NA,NA,NA,NA,1,AE,1,FALSE
VB-MT4-P46,Vismia baccifera,February 5 2026,XP209-PR,3,C,9,C9,18,6,0,7.5,10,2.5,5,5,5,NA,NA,NA,NA,1,VB,4,FALSE
DC-MT3-P37,Dacryodes cupularis,August 08 2025,XP209-PR,3,C,11,C11,5,4,0,5,10,1,2.5,NA,NA,NA,NA,NA,NA,5,DC,3,FALSE
CH-MT1-P30,Cecropia hispidissima,May 07 2025,XP209-PR,3,C,12,C12,NA,NA,NA,NA,NA,NA,NA,NA,NA,NA,NA,NA,NA,NA,CH,1,FALSE
CH-MT2-P54,Cecropia hispidissima,February 5 2026,XP209-PR,3,C,12,C12,5,1,0,0.5,NA,NA,NA,NA,NA,NA,NA,NA,NA,0.5,CH,2,FALSE
BG-MT4-P4,Banara guianensis,August 08 2025,XP209-PR,3,C,13,C13,95,23,4,40,10,10,1,0.5,20,5,2.5,30,7.5,0.5,BG,4,FALSE
BP-MT3-P47,Bauhinia pichinchensis,February 5 2026,XP209-PR,3,C,14,C14,0,0,0,NA,NA,NA,NA,NA,NA,NA,NA,NA,NA,0,BP,3,FALSE
MC-MT3-P27,Miconia conocuatrecasasii,August 08 2025,XP209-PR,3,C,15,C15,17,9,1,1,0.5,5,15,0.5,10,1,7.5,0.5,NA,1,MC,3,FALSE
EA-MT1-P10,Ecuadendron acosta-solisianum,November 10 2025,XP209-PR,3,C,16,C16,45,40,2,10,2.5,5,0.5,1,2.5,5,1,1,1,1,EA,1,FALSE
IS-MT5-P47,Inga silanchensis,March 17 2025,XP209-PR,4,A,1,A1,8,7,4,1,1,10,0.5,1,2.5,0.5,NA,NA,NA,2.5,IS,5,FALSE
EA-MT1-P43,Ecuadendron acosta-solisianum,November 10 2025,XP209-PR,4,A,2,A2,25,15,1,5,2.5,5,5,2.5,1,2.5,1,10,20,5,EA,1,FALSE
VB-MT5-P36,Vismia baccifera,February 5 2026,XP209-PR,4,A,3,A3,17,6,1,2.5,0.5,1,25,NA,NA,NA,NA,NA,NA,1,VB,5,FALSE
CP-MT5-P51,Carapa guianensis,August 08 2025,XP209-PR,4,A,4,A4,3,2,0,2.5,0.5,NA,NA,NA,NA,NA,NA,NA,NA,0.5,CP,5,FALSE
MC-MT2-P15,Miconia conocuatrecasasii,August 08 2025,XP209-PR,4,A,5,A5,12,11,1,2.5,2.5,5,2.5,2.5,0.5,0.5,50,2,0.5,2.5,MC,2,FALSE
PA-MT3-P70,Piper aduncum,March 17 2025,XP209-PR,4,A,6,A6,175,135,0,0.5,10,5,5,2.5,5,10,1,1,0.5,1,PA,3,FALSE
BU-MT2-P32,Brosimum utile,August 08 2025,XP209-PR,4,A,7,A7,4,0,2,NA,NA,NA,NA,NA,NA,NA,NA,NA,NA,0,BU,2,FALSE
BG-MT1-P7,Banara guianensis,August 08 2025,XP209-PR,4,A,8,A8,42,4,2,5,12.5,1,1,NA,NA,NA,NA,NA,NA,0.5,BG,1,FALSE
OP-MT9-P68,Ochroma pyramidale,March 17 2025,XP209-PR,4,A,9,A9,75,52,NA,5,10,10,5,15,10,15,10,10,2.5,10,OP,9,FALSE
AE-MT5-P48,Annona edulis,February 5 2026,XP209-PR,4,A,10,A10,7,5,0,0.5,0.5,15,2.5,1,NA,NA,NA,NA,NA,1,AE,5,FALSE
CH-MT4-P54,Cecropia hispidissima,August 08 2025,XP209-PR,4,A,11,A11,11,9,0,7.5,5,5,0.5,1,2.5,5,10,10,NA,5,CH,4,FALSE
PG-MT3-P36,Pouruma guianensis,February 5 2026,XP209-PR,4,A,12,A12,5,1,0,10,NA,NA,NA,NA,NA,NA,NA,NA,NA,5,PG,3,FALSE
BS-MT6-P37,Bactris setulosa,August 08 2025,XP209-PR,4,A,14,A14,6,5,4,55,30,40,10,2.5,NA,NA,NA,NA,NA,15,BS,6,FALSE
BP-MT4-P66,Bauhinia pichinchensis,February 5 2026,XP209-PR,4,A,15,A15,2,1,0,1,NA,NA,NA,NA,NA,NA,NA,NA,NA,0.5,BP,4,FALSE
PG-MT1-P13,Pouruma guianensis,February 5 2026,XP209-PR,4,B,1,B1,2,0,0,NA,NA,NA,NA,NA,NA,NA,NA,NA,NA,0,PG,1,FALSE
EA-MT1-P40,Ecuadendron acosta-solisianum,November 10 2025,XP209-PR,4,B,2,B2,27,18,2,5,1,20,10,15,1,30,10,1,1,5,EA,1,FALSE
CH-MT3-P85,Cecropia hispidissima,August 08 2025,XP209-PR,4,B,3,B3,12,12,0,90,10,20,90,25,15,15,15,10,10,20,CH,3,FALSE
AE-MT2-P62,Annona edulis,February 5 2026,XP209-PR,4,B,5,B5,2,2,0,10,1,NA,NA,NA,NA,NA,NA,NA,NA,5,AE,2,FALSE
IS-MT4-P20,Inga silanchensis,May 07 2025,XP209-PR,4,B,6,B6,8,6,0,5,5,1,0.5,5,0.5,NA,NA,NA,NA,2.5,IS,4,FALSE
BS-MT5-P5,Bactris setulosa,August 08 2025,XP209-PR,4,B,7,B7,5,5,1,0.5,5,25,10,5,NA,NA,NA,NA,NA,5,BS,5,FALSE
CP-MT4-P7,Carapa guianensis,May 07 2025,XP209-PR,4,B,8,B8,13,8,5,0.5,1,1,0.5,2.5,1,1,0.5,NA,NA,0.5,CP,4,FALSE
MC-MT1-P45,Miconia conocuatrecasasii,August 08 2025,XP209-PR,4,B,9,B9,60,38,0,35,10,15,0.5,1,2.5,0.5,25,30,20,7.5,MC,1,FALSE
PA-MT6-P39,Piper aduncum,May 07 2025,XP209-PR,4,B,10,B10,130,24,0,10,0.5,0.5,0.5,0.5,1,10,1,1,1,0.5,PA,6,FALSE
BU-MT5-P19,Brosimum utile,August 08 2025,XP209-PR,4,B,11,B11,6,1,2,50,NA,NA,NA,NA,NA,NA,NA,NA,NA,5,BU,5,FALSE
OP-MT2-P74,Ochroma pyramidale,March 17 2025,XP209-PR,4,B,12,B12,210,67,NA,0.5,0.5,5,10,15,5,2.5,15,5,15,5,OP,2,FALSE
BG-MT1-P23,Banara guianensis,August 08 2025,XP209-PR,4,B,13,B13,112,20,1,1,5,7.5,0.5,10,10,25,5,0.5,1,0.5,BG,1,FALSE
VB-MT3-P74,Vismia baccifera,February 5 2026,XP209-PR,4,B,14,B14,20,0,0,NA,NA,NA,NA,NA,NA,NA,NA,NA,NA,0,VB,3,FALSE
DC-MT2-P2,Dacryodes cupularis,August 08 2025,XP209-PR,4,B,15,B15,4,2,1,1,1,NA,NA,NA,NA,NA,NA,NA,NA,0.5,DC,2,FALSE
BP-MT3-P43,Bauhinia pichinchensis,February 5 2026,XP209-PR,4,B,16,B16,5,2,0,1,0.5,NA,NA,NA,NA,NA,NA,NA,NA,0.5,BP,3,FALSE
IS-MT3-P42,Inga silanchensis,November 10 2025,XP209-PR,4,C,1,C1,6,3,1,0.5,0.5,0.5,NA,NA,NA,NA,NA,NA,NA,0.5,IS,3,FALSE
BP-MT1-P2,Bauhinia pichinchensis,February 5 2026,XP209-PR,4,C,2,C2,2,2,0,40,1,NA,NA,NA,NA,NA,NA,NA,NA,20,BP,1,FALSE
BS-MT1-P38,Bactris setulosa,November 10 2025,XP209-PR,4,C,3,C3,1,1,1,0.5,NA,NA,NA,NA,NA,NA,NA,NA,NA,0.5,BS,1,FALSE
DC-MT3-P73,Dacryodes cupularis,August 08 2025,XP209-PR,4,C,4,C4,4,2,2,0.5,10,NA,NA,NA,NA,NA,NA,NA,NA,1,DC,3,FALSE
EA-MT2-P48,Ecuadendron acosta-solisianum,February 5 2026,XP209-PR,4,C,5,C5,48,17,5,5,90,60,50,30,5,10,20,5,1,5,EA,2,FALSE
AE-MT2-P24,Annona edulis,February 5 2026,XP209-PR,4,C,6,C6,16,4,0,10,10,1,1,NA,NA,NA,NA,NA,NA,1,AE,2,FALSE
PG-MT3-P74,Pouruma guianensis,February 5 2026,XP209-PR,4,C,7,C7,5,2,0,5,1,NA,NA,NA,NA,NA,NA,NA,NA,1,PG,3,FALSE
OP-MT8-P5,Ochroma pyramidale,May 07 2025,XP209-PR,4,C,8,C8,75,34,5,5,10,5,5,5,10,5,0.5,1,5,5,OP,8,FALSE
VB-MT1-P44,Vismia baccifera,August 08 2025,XP209-PR,4,C,9,C9,225,68,4,1,5,0.5,10,5,5,0.5,10,1,15,0.5,VB,1,FALSE
BG-MT5-P69,Banara guianensis,August 08 2025,XP209-PR,4,C,10,C10,95,43,3,10,5,25,10,1,10,5,1,1,5,0.5,BG,5,FALSE
CH-MT2-P70,Cecropia hispidissima,August 08 2025,XP209-PR,4,C,15,C15,3,3,0,10,10,15,NA,NA,NA,NA,NA,NA,NA,12.5,CH,2,FALSE
PA-MT7-P37,Piper aduncum,August 08 2025,XP209-PR,4,C,16,C16,40,20,0,50,5,10,40,10,1,20,40,5,5,5,PA,7,FALSE
IS-MT2-P97,Inga silanchensis,March 17 2025,XP209-PR,5,A,1,A1,NA,NA,NA,NA,NA,NA,NA,NA,NA,NA,NA,NA,NA,NA,IS,2,FALSE
CP-MT3-P61,Carapa guianensis,May 07 2025,XP209-PR,5,A,2,A2,NA,NA,NA,NA,NA,NA,NA,NA,NA,NA,NA,NA,NA,NA,CP,3,FALSE
OP-MT7-P36,Ochroma pyramidale,May 07 2025,XP209-PR,5,A,3,A3,NA,NA,NA,NA,NA,NA,NA,NA,NA,NA,NA,NA,NA,NA,OP,7,FALSE
PA-MT6-P48,Piper aduncum,May 07 2025,XP209-PR,5,A,4,A4,NA,NA,NA,NA,NA,NA,NA,NA,NA,NA,NA,NA,NA,NA,PA,6,FALSE
BU-MT4-P79,Brosimum utile,August 08 2025,XP209-PR,5,A,5,A5,NA,NA,NA,NA,NA,NA,NA,NA,NA,NA,NA,NA,NA,NA,BU,4,FALSE
AE-MT3-P5,Annona edulis,February 5 2026,XP209-PR,5,A,6,A6,NA,NA,NA,NA,NA,NA,NA,NA,NA,NA,NA,NA,NA,NA,AE,3,FALSE
DC-MT2-P16,Dacryodes cupularis,August 08 2025,XP209-PR,5,A,7,A7,NA,NA,NA,NA,NA,NA,NA,NA,NA,NA,NA,NA,NA,NA,DC,2,FALSE
BP-MT4-P92,Bauhinia pichinchensis,February 5 2026,XP209-PR,5,A,8,A8,NA,NA,NA,NA,NA,NA,NA,NA,NA,NA,NA,NA,NA,NA,BP,4,FALSE
EA-MT4-P20,Ecuadendron acosta-solisianum,February 5 2026,XP209-PR,5,A,10,A10,NA,NA,NA,NA,NA,NA,NA,NA,NA,NA,NA,NA,NA,NA,EA,4,FALSE
PG-MT4-P8,Pouruma guianensis,February 5 2026,XP209-PR,5,A,11,A11,NA,NA,NA,NA,NA,NA,NA,NA,NA,NA,NA,NA,NA,NA,PG,4,FALSE
BS-MT5-P80,Bactris setulosa,February 5 2026,XP209-PR,5,A,12,A12,NA,NA,NA,NA,NA,NA,NA,NA,NA,NA,NA,NA,NA,NA,BS,5,FALSE
BG-MT5-P11,Banara guianensis,August 08 2025,XP209-PR,5,A,13,A13,NA,NA,NA,NA,NA,NA,NA,NA,NA,NA,NA,NA,NA,NA,BG,5,FALSE
VB-MT2-P70,Vismia baccifera,February 5 2026,XP209-PR,5,A,15,A15,NA,NA,NA,NA,NA,NA,NA,NA,NA,NA,NA,NA,NA,NA,VB,2,FALSE
CH-MT3-P68,Cecropia hispidissima,August 08 2025,XP209-PR,5,A,16,A16,NA,NA,NA,NA,NA,NA,NA,NA,NA,NA,NA,NA,NA,NA,CH,3,FALSE
OP-MT9-P75,Ochroma pyramidale,March 17 2025,XP209-PR,5,B,1,B1,NA,NA,NA,NA,NA,NA,NA,NA,NA,NA,NA,NA,NA,NA,OP,9,FALSE
CP-MT4-P53,Carapa guianensis,May 07 2025,XP209-PR,5,B,2,B2,NA,NA,NA,NA,NA,NA,NA,NA,NA,NA,NA,NA,NA,NA,CP,4,FALSE
PG-MT3-P44,Pouruma guianensis,February 5 2026,XP209-PR,5,B,3,B3,NA,NA,NA,NA,NA,NA,NA,NA,NA,NA,NA,NA,NA,NA,PG,3,FALSE
BU-MT1-P40,Brosimum utile,May 07 2025,XP209-PR,5,B,4,B4,NA,NA,NA,NA,NA,NA,NA,NA,NA,NA,NA,NA,NA,NA,BU,1,FALSE
AE-MT5-P37,Annona edulis,February 5 2026,XP209-PR,5,B,5,B5,NA,NA,NA,NA,NA,NA,NA,NA,NA,NA,NA,NA,NA,NA,AE,5,FALSE
VB-MT2-P23,Vismia baccifera,February 5 2026,XP209-PR,5,B,7,B7,NA,NA,NA,NA,NA,NA,NA,NA,NA,NA,NA,NA,NA,NA,VB,2,FALSE
BP-MT4-P22,Bauhinia pichinchensis,February 5 2026,XP209-PR,5,B,8,B8,NA,NA,NA,NA,NA,NA,NA,NA,NA,NA,NA,NA,NA,NA,BP,4,FALSE
IS-MT3-P102,Inga silanchensis,February 5 2026,XP209-PR,5,B,9,B9,NA,NA,NA,NA,NA,NA,NA,NA,NA,NA,NA,NA,NA,NA,IS,3,FALSE
DC-MT4-P35,Dacryodes cupularis,August 08 2025,XP209-PR,5,B,10,B10,NA,NA,NA,NA,NA,NA,NA,NA,NA,NA,NA,NA,NA,NA,DC,4,FALSE
BG-MT2-P48,Banara guianensis,August 08 2025,XP209-PR,5,B,13,B13,NA,NA,NA,NA,NA,NA,NA,NA,NA,NA,NA,NA,NA,NA,BG,2,FALSE
CH-MT5-P62,Cecropia hispidissima,August 08 2025,XP209-PR,5,B,14,B14,NA,NA,NA,NA,NA,NA,NA,NA,NA,NA,NA,NA,NA,NA,CH,5,FALSE
BS-MT6-P13,Bactris setulosa,August 08 2025,XP209-PR,5,B,16,B16,NA,NA,NA,NA,NA,NA,NA,NA,NA,NA,NA,NA,NA,NA,BS,6,FALSE
CP-MT2-P2,Carapa guianensis,May 07 2025,XP209-PR,5,C,1,C1,NA,NA,NA,NA,NA,NA,NA,NA,NA,NA,NA,NA,NA,NA,CP,2,FALSE
EA-MT1-P86,Ecuadendron acosta-solisianum,February 5 2026,XP209-PR,5,C,2,C2,NA,NA,NA,NA,NA,NA,NA,NA,NA,NA,NA,NA,NA,NA,EA,1,FALSE
OP-MT6-P13,Ochroma pyramidale,May 07 2025,XP209-PR,5,C,3,C3,NA,NA,NA,NA,NA,NA,NA,NA,NA,NA,NA,NA,NA,NA,OP,6,FALSE
DC-MT1-P28,Dacryodes cupularis,August 08 2025,XP209-PR,5,C,4,C4,NA,NA,NA,NA,NA,NA,NA,NA,NA,NA,NA,NA,NA,NA,DC,1,FALSE
BG-MT4-P93,Banara guianensis,August 08 2025,XP209-PR,5,C,5,C5,NA,NA,NA,NA,NA,NA,NA,NA,NA,NA,NA,NA,NA,NA,BG,4,FALSE
AE-MT1-P32,Annona edulis,February 5 2026,XP209-PR,5,C,6,C6,NA,NA,NA,NA,NA,NA,NA,NA,NA,NA,NA,NA,NA,NA,AE,1,FALSE
CH-MT2-P19,Cecropia hispidissima,August 08 2025,XP209-PR,5,C,7,C7,NA,NA,NA,NA,NA,NA,NA,NA,NA,NA,NA,NA,NA,NA,CH,2,FALSE
BU-MT3-P47,Brosimum utile,August 08 2025,XP209-PR,5,C,9,C9,NA,NA,NA,NA,NA,NA,NA,NA,NA,NA,NA,NA,NA,NA,BU,3,FALSE
IS-MT5-P61,Inga silanchensis,November 10 2025,XP209-PR,5,C,9,C9,NA,NA,NA,NA,NA,NA,NA,NA,NA,NA,NA,NA,NA,NA,IS,5,FALSE
VB-MT5-P41,Vismia baccifera,February 5 2026,XP209-PR,5,C,10,C10,NA,NA,NA,NA,NA,NA,NA,NA,NA,NA,NA,NA,NA,NA,VB,5,FALSE
BP-MT4-P97,Bauhinia pichinchensis,February 5 2026,XP209-PR,5,C,12,C12,NA,NA,NA,NA,NA,NA,NA,NA,NA,NA,NA,NA,NA,NA,BP,4,FALSE
PG-MT5-P7,Pouruma guianensis,February 5 2026,XP209-PR,5,C,16,C16,NA,NA,NA,NA,NA,NA,NA,NA,NA,NA,NA,NA,NA,NA,PG,5,FALSE
BU-MT1-P67,Brosimum utile,May 16 2025,XP210-PR,1,A,1,A1,NA,NA,NA,NA,NA,NA,NA,NA,NA,NA,NA,NA,NA,NA,BU,1,FALSE
BU-MT2-P58,Brosimum utile,March 3 2026,XP210-PR,1,A,1,A1,1,1,0,0.5,NA,NA,NA,NA,NA,NA,NA,NA,NA,0.5,BU,2,FALSE
EA-MT4-P1,Ecuadendron acosta-solisianum,May 16 2025,XP210-PR,1,A,2,A2,79,19,9,1,7.5,1,2.5,1,2.5,2.5,5,0.5,10,1,EA,4,FALSE
OP-MT8-P38,Ochroma pyramidale,May 16 2025,XP210-PR,1,A,3,A3,86,49,NA,10,10,5,5,10,10,2.5,5,10,10,5,OP,8,FALSE
BS-MT6-P75,Bactris setulosa,December 11 2025,XP210-PR,1,A,4,A4,2,2,0,25,1,NA,NA,NA,NA,NA,NA,NA,NA,12.5,BS,6,FALSE
IS-MT3-P53,Inga silanchensis,April 1 2025,XP210-PR,1,A,5,A5,8,2,1,1,0.5,NA,NA,NA,NA,NA,NA,NA,NA,0.5,IS,3,FALSE
AE-MT1-P69,Annona edulis,March 3 2026,XP210-PR,1,A,6,A6,9,2,1,0.5,1,NA,NA,NA,NA,NA,NA,NA,NA,0.5,AE,1,FALSE
VB-MT1-P48,Vismia baccifera,September 30 2025,XP210-PR,1,A,7,A7,264,36,21,5,0.5,1,1,0.5,1,2.5,0.5,1,1,0.5,VB,1,FALSE
MC-MT1-P10,Miconia conocuatrecasasii,September 30 2025,XP210-PR,1,A,9,A9,24,9,0,30,0.5,1,5,2.5,2.5,25,0.5,0.5,NA,1,MC,1,FALSE
DC-MT5-P56,Dacryodes cupularis,NA,XP210-PR,1,A,10,A10,NA,NA,NA,NA,NA,NA,NA,NA,NA,NA,NA,NA,NA,NA,DC,5,FALSE
PG-MT4-P66,Pouruma guianensis,March 3 2026,XP210-PR,1,A,11,A11,NA,NA,NA,NA,NA,NA,NA,NA,NA,NA,NA,NA,NA,NA,PG,4,FALSE
CP-MT5-P41,Carapa guianensis,September 30 2025,XP210-PR,1,A,12,A12,8,3,3,1,0.5,20,NA,NA,NA,NA,NA,NA,NA,1,CP,5,FALSE
BG-MT1-P43,Banara guianensis,September 30 2025,XP210-PR,1,A,13,A13,33,8,0,15,17.5,5,2.5,0.5,0.5,0.5,20,NA,NA,1,BG,1,FALSE
CH-MT4-P3,Cecropia hispidissima,September 30 2025,XP210-PR,1,A,14,A14,13,13,0,1,0.5,1,1,1,0.5,0.5,0.5,2.5,2.5,1,CH,4,FALSE
BP-MT2-P8,Bauhinia pichinchensis,March 3 2026,XP210-PR,1,A,15,A15,3,1,0,0.5,NA,NA,NA,NA,NA,NA,NA,NA,NA,0.5,BP,2,FALSE
PA-MT7-P27,Piper aduncum,September 30 2025,XP210-PR,1,A,16,A16,41,3,1,1,5,1,NA,NA,NA,NA,NA,NA,NA,0.5,PA,7,FALSE
OP-MT7-P26,Ochroma pyramidale,May 16 2025,XP210-PR,1,B,1,B1,111,54,NA,2.5,40,20,10,1,0.5,10,2.5,5,2.5,2.5,OP,7,FALSE
DC-MT3-P18,Dacryodes cupularis,September 30 2025,XP210-PR,1,B,2,B2,NA,NA,NA,NA,NA,NA,NA,NA,NA,NA,NA,NA,NA,NA,DC,3,FALSE
BS-MT7-P21,Bactris setulosa,September 30 2025,XP210-PR,1,B,3,B3,2,2,0,0.5,7.5,NA,NA,NA,NA,NA,NA,NA,NA,2.5,BS,7,FALSE
CH-MT2-P61,Cecropia hispidissima,September 30 2025,XP210-PR,1,B,4,B4,25,18,0,0.5,0.5,0.5,0.5,0.5,0.5,1,0.5,0.5,0.5,0.5,CH,2,FALSE
BG-MT5-P92,Banara guianensis,September 30 2025,XP210-PR,1,B,5,B5,116,15,3,0.5,0.5,5,0.5,0.5,0.5,1,7.5,0.5,0.5,0.5,BG,5,FALSE
AE-MT5-P66,Annona edulis,March 3 2026,XP210-PR,1,B,6,B6,11,2,0,2.5,0.5,NA,NA,NA,NA,NA,NA,NA,NA,1,AE,5,FALSE
CP-MT4-P49,Carapa guianensis,May 16 2025,XP210-PR,1,B,7,B7,NA,NA,NA,NA,NA,NA,NA,NA,NA,NA,NA,NA,NA,NA,CP,4,FALSE
BP-MT5-P52,Bauhinia pichinchensis,March 3 2026,XP210-PR,1,B,8,B8,5,1,0,5,NA,NA,NA,NA,NA,NA,NA,NA,NA,1,BP,5,FALSE
PA-MT6-P8,Piper aduncum,May 16 2025,XP210-PR,1,B,9,B9,415,89,0,5,10,2.5,1,2.5,5,1,1,0.5,0.5,0.5,PA,6,FALSE
MC-MT1-P32,Miconia conocuatrecasasii,September 30 2025,XP210-PR,1,B,10,B10,NA,NA,NA,NA,NA,NA,NA,NA,NA,NA,NA,NA,NA,NA,MC,1,FALSE
MC-MT1-P5,Miconia conocuatrecasasii,March 3 2026,XP210-PR,1,B,10,B10,0,0,0,NA,NA,NA,NA,NA,NA,NA,NA,NA,NA,0,MC,1,FALSE
IS-MT3-P8,Inga silanchensis,December 11 2025,XP210-PR,1,B,12,B12,3,2,0,1,2.5,NA,NA,NA,NA,NA,NA,NA,NA,1,IS,3,FALSE
BU-MT2-P5,Brosimum utile,September 30 2025,XP210-PR,1,B,13,B13,NA,NA,NA,NA,NA,NA,NA,NA,NA,NA,NA,NA,NA,NA,BU,2,FALSE
EA-MT1-P7,Ecuadendron acosta-solisianum,December 11 2025,XP210-PR,1,B,14,B14,22,0,0,NA,NA,NA,NA,NA,NA,NA,NA,NA,NA,0,EA,1,FALSE
PG-MT2-P58,Pouruma guianensis,March 3 2026,XP210-PR,1,B,15,B15,4,1,0,25,NA,NA,NA,NA,NA,NA,NA,NA,NA,5,PG,2,FALSE
VB-MT4-P60,Vismia baccifera,March 3 2026,XP210-PR,1,B,16,B16,24,2,0,35,10,NA,NA,NA,NA,NA,NA,NA,NA,5,VB,4,FALSE
CH-MT4-P39,Cecropia hispidissima,September 30 2025,XP210-PR,1,C,1,C1,22,13,0,0.5,0.5,0.5,0.5,0.5,1,0.5,0.5,5,0.5,0.5,CH,4,FALSE
CP-MT1-P20,Carapa guianensis,September 30 2025,XP210-PR,1,C,2,C2,8,8,0,10,0.5,1,2.5,5,2.5,10,2.5,NA,NA,2.5,CP,1,FALSE
DC-MT2-P51,Dacryodes cupularis,September 30 2025,XP210-PR,1,C,3,C3,4,1,0,0.5,NA,NA,NA,NA,NA,NA,NA,NA,NA,0.5,DC,2,FALSE
IS-MT4-P18,Inga silanchensis,May 16 2025,XP210-PR,1,C,4,C4,8,5,0,1,5,10,1,10,NA,NA,NA,NA,NA,5,IS,4,FALSE
BP-MT3-P58,Bauhinia pichinchensis,March 3 2026,XP210-PR,1,C,5,C5,3,2,0,5,10,NA,NA,NA,NA,NA,NA,NA,NA,7.5,BP,3,FALSE
BS-MT6-P39,Bactris setulosa,December 11 2025,XP210-PR,1,C,6,C6,NA,NA,NA,NA,NA,NA,NA,NA,NA,NA,NA,NA,NA,NA,BS,6,FALSE
AE-MT3-P40,Annona edulis,March 3 2026,XP210-PR,1,C,7,C7,NA,NA,NA,NA,NA,NA,NA,NA,NA,NA,NA,NA,NA,NA,AE,3,FALSE
BG-MT3-P55,Banara guianensis,September 30 2025,XP210-PR,1,C,8,C8,87,5,0,0.5,5,0.5,1,0.5,NA,NA,NA,NA,NA,0.5,BG,3,FALSE
OP-MT8-P7,Ochroma pyramidale,May 16 2025,XP210-PR,1,C,9,C9,141,53,NA,2.5,5,2.5,5,2.5,5,5,10,15,2.5,5,OP,8,FALSE
BU-MT4-P64,Brosimum utile,September 30 2025,XP210-PR,1,C,10,C10,3,0,0,NA,NA,NA,NA,NA,NA,NA,NA,NA,NA,0,BU,4,FALSE
VB-MT2-P7,Vismia baccifera,March 3 2026,XP210-PR,1,C,14,C14,7,1,0,20,NA,NA,NA,NA,NA,NA,NA,NA,NA,2.5,VB,2,FALSE
PG-MT5-P49,Pouruma guianensis,March 3 2026,XP210-PR,1,C,15,C15,NA,NA,NA,NA,NA,NA,NA,NA,NA,NA,NA,NA,NA,NA,PG,5,FALSE
EA-MT2-P38,Ecuadendron acosta-solisianum,March 3 2026,XP210-PR,1,C,16,C16,29,5,0,1,1,2.5,2.5,2.5,NA,NA,NA,NA,NA,0.5,EA,2,FALSE
BS-MT7-P60,Bactris setulosa,December 11 2025,XP210-PR,2,A,1,A1,NA,NA,NA,NA,NA,NA,NA,NA,NA,NA,NA,NA,NA,NA,BS,7,FALSE
BG-MT4-P16,Banara guianensis,September 30 2025,XP210-PR,2,A,3,A3,130,4,0,0.5,0.5,0.5,5,NA,NA,NA,NA,NA,NA,0.5,BG,4,FALSE
VB-MT1-P37,Vismia baccifera,September 30 2025,XP210-PR,2,A,4,A4,70,2,0,2.5,1,NA,NA,NA,NA,NA,NA,NA,NA,0.5,VB,1,FALSE
DC-MT4-P66,Dacryodes cupularis,September 30 2025,XP210-PR,2,A,5,A5,5,4,3,2.5,1,0.5,0.5,NA,NA,NA,NA,NA,NA,1,DC,4,FALSE
MC-MT2-P17,Miconia conocuatrecasasii,September 30 2025,XP210-PR,2,A,6,A6,48,6,0,15,10,5,1,1,10,NA,NA,NA,NA,1,MC,2,FALSE
CP-MT2-P62,Carapa guianensis,May 16 2025,XP210-PR,2,A,7,A7,NA,NA,NA,NA,NA,NA,NA,NA,NA,NA,NA,NA,NA,NA,CP,2,FALSE
CP-MT5-P77,Carapa guianensis,March 3 2026,XP210-PR,2,A,7,A7,3,1,0,0.5,NA,NA,NA,NA,NA,NA,NA,NA,NA,0.5,CP,5,FALSE
CH-MT1-P19,Cecropia hispidissima,May 16 2025,XP210-PR,2,A,8,A8,NA,NA,NA,NA,NA,NA,NA,NA,NA,NA,NA,NA,NA,NA,CH,1,FALSE
OP-MT9-P43,Ochroma pyramidale,April 1 2025,XP210-PR,2,A,9,A9,20,6,1,1,1,0.5,2.5,2.5,2.5,NA,NA,NA,NA,1,OP,9,FALSE
PA-MT3-P8,Piper aduncum,April 1 2025,XP210-PR,2,A,10,A10,86,13,0,5,10,5,10,2.5,25,10,10,5,1,2.5,PA,3,FALSE
PG-MT5-P40,Pouruma guianensis,March 3 2026,XP210-PR,2,A,11,A11,NA,NA,NA,NA,NA,NA,NA,NA,NA,NA,NA,NA,NA,NA,PG,5,FALSE
IS-MT2-P32,Inga silanchensis,April 1 2025,XP210-PR,2,A,12,A12,NA,NA,NA,NA,NA,NA,NA,NA,NA,NA,NA,NA,NA,NA,IS,2,FALSE
IS-MT1-P8,Inga silanchensis,December 11 2025,XP210-PR,2,A,12,A12,3,2,0,0.5,0.5,NA,NA,NA,NA,NA,NA,NA,NA,0.5,IS,1,FALSE
AE-MT4-P16,Annona edulis,March 3 2026,XP210-PR,2,A,13,A13,8,2,0,0.5,5,NA,NA,NA,NA,NA,NA,NA,NA,0.5,AE,4,FALSE
BP-MT3-P16,Bauhinia pichinchensis,March 3 2026,XP210-PR,2,A,14,A14,NA,NA,NA,NA,NA,NA,NA,NA,NA,NA,NA,NA,NA,NA,BP,3,FALSE
EA-MT5-P72,Ecuadendron acosta-solisianum,December 11 2025,XP210-PR,2,A,15,A15,25,8,3,5,1,5,0.5,1,0.5,2.5,2.5,NA,NA,1,EA,5,FALSE
BU-MT5-P24,Brosimum utile,September 30 2025,XP210-PR,2,A,16,A16,NA,NA,NA,NA,NA,NA,NA,NA,NA,NA,NA,NA,NA,NA,BU,5,FALSE
BU-MT4-P28,Brosimum utile,September 30 2025,XP210-PR,2,B,1,B1,NA,NA,NA,NA,NA,NA,NA,NA,NA,NA,NA,NA,NA,NA,BU,4,FALSE
MC-MT3-P5,Miconia conocuatrecasasii,September 30 2025,XP210-PR,2,B,2,B2,NA,NA,NA,NA,NA,NA,NA,NA,NA,NA,NA,NA,NA,NA,MC,3,FALSE
BG-MT2-P7,Banara guianensis,September 30 2025,XP210-PR,2,B,3,B3,188,9,0,5,1,0.5,15,20,2.5,15,15,0.5,NA,0.5,BG,2,FALSE
IS-MT5-P92,Inga silanchensis,April 1 2025,XP210-PR,2,B,4,B4,5,5,0,10,5,1,10,0.5,NA,NA,NA,NA,NA,2.5,IS,5,FALSE
BS-MT5-P29,Bactris setulosa,September 30 2025,XP210-PR,2,B,5,B5,NA,NA,NA,NA,NA,NA,NA,NA,NA,NA,NA,NA,NA,NA,BS,5,FALSE
CH-MT3-P23,Cecropia hispidissima,September 30 2025,XP210-PR,2,B,6,B6,25,15,0,0.5,0.5,1,1,1,0.5,0.5,1,0.5,1,0.5,CH,3,FALSE
VB-MT2-P11,Vismia baccifera,March 3 2026,XP210-PR,2,B,7,B7,7,2,0,10,15,NA,NA,NA,NA,NA,NA,NA,NA,7.5,VB,2,FALSE
PG-MT2-P75,Pouruma guianensis,March 3 2026,XP210-PR,2,B,8,B8,3,1,0,0.5,NA,NA,NA,NA,NA,NA,NA,NA,NA,0.5,PG,2,FALSE
OP-MT2-P40,Ochroma pyramidale,April 1 2025,XP210-PR,2,B,9,B9,NA,NA,NA,NA,NA,NA,NA,NA,NA,NA,NA,NA,NA,NA,OP,2,FALSE
OP-MT9-P50,Ochroma pyramidale,December 11 2025,XP210-PR,2,B,9,B9,26,8,0,0.5,5,0.5,1,0.5,0.5,0.5,0.5,NA,NA,0.5,OP,9,FALSE
CP-MT2-P64,Carapa guianensis,May 16 2025,XP210-PR,2,B,11,B11,NA,NA,NA,NA,NA,NA,NA,NA,NA,NA,NA,NA,NA,NA,CP,2,FALSE
CP-MT5-P75,Carapa guianensis,March 3 2026,XP210-PR,2,B,11,B11,5,3,0,1,0.5,0.5,NA,NA,NA,NA,NA,NA,NA,0.5,CP,5,FALSE
EA-MT1-P73,Ecuadendron acosta-solisianum,December 11 2025,XP210-PR,2,B,12,B12,13,11,3,5,5,10,25,30,2.5,1,2.5,0.5,10,5,EA,1,FALSE
DC-MT1-P23,Dacryodes cupularis,September 30 2025,XP210-PR,2,B,13,B13,NA,NA,NA,NA,NA,NA,NA,NA,NA,NA,NA,NA,NA,NA,DC,1,FALSE
AE-MT3-P46,Annona edulis,March 3 2026,XP210-PR,2,B,14,B14,NA,NA,NA,NA,NA,NA,NA,NA,NA,NA,NA,NA,NA,NA,AE,3,FALSE
BP-MT1-P32,Bauhinia pichinchensis,March 3 2026,XP210-PR,2,B,15,B15,5,4,0,15,15,2.5,NA,NA,NA,NA,NA,NA,NA,2.5,BP,1,FALSE
OP-MT6-P10,Ochroma pyramidale,May 16 2025,XP210-PR,2,C,2,C2,117,65,0,5,2.5,2.5,5,2.5,5,5,5,1,2.5,2.5,OP,6,FALSE
PG-MT1-P21,Pouruma guianensis,March 3 2026,XP210-PR,2,C,3,C3,NA,NA,NA,NA,NA,NA,NA,NA,NA,NA,NA,NA,NA,NA,PG,1,FALSE
AE-MT2-P44,Annona edulis,March 3 2026,XP210-PR,2,C,4,C4,5,1,0,2.5,NA,NA,NA,NA,NA,NA,NA,NA,NA,1,AE,2,FALSE
BU-MT2-P20,Brosimum utile,September 30 2025,XP210-PR,2,C,7,C7,NA,NA,NA,NA,NA,NA,NA,NA,NA,NA,NA,NA,NA,NA,BU,2,FALSE
CH-MT3-P83,Cecropia hispidissima,September 30 2025,XP210-PR,2,C,9,C9,17,15,0,0.5,0.5,2.5,2.5,0.5,2.5,1,2.5,0.5,0.5,0.5,CH,3,FALSE
IS-MT1-P26,Inga silanchensis,May 16 2025,XP210-PR,2,C,10,C10,9,3,1,0.5,2.5,1,NA,NA,NA,NA,NA,NA,NA,0.5,IS,1,FALSE
EA-MT1-P59,Ecuadendron acosta-solisianum,December 11 2025,XP210-PR,2,C,11,C11,16,7,0,10,5,1,5,2.5,2.5,2.5,NA,NA,NA,1,EA,1,FALSE
CP-MT3-P38,Carapa guianensis,May 16 2025,XP210-PR,2,C,12,C12,4,3,2,10,5,1,NA,NA,NA,NA,NA,NA,NA,2.5,CP,3,FALSE
BP-MT1-P67,Bauhinia pichinchensis,March 3 2026,XP210-PR,2,C,13,C13,NA,NA,NA,NA,NA,NA,NA,NA,NA,NA,NA,NA,NA,NA,BP,1,FALSE
VB-MT2-P57,Vismia baccifera,March 3 2026,XP210-PR,2,C,14,C14,25,2,0,25,30,NA,NA,NA,NA,NA,NA,NA,NA,5,VB,2,FALSE
BG-MT2-P79,Banara guianensis,September 30 2025,XP210-PR,2,C,15,C15,114,6,1,0.5,0.5,0.5,0.5,0.5,1,NA,NA,NA,NA,0.5,BG,2,FALSE
BS-MT1-P73,Bactris setulosa,December 11 2025,XP210-PR,2,C,16,C16,NA,NA,NA,NA,NA,NA,NA,NA,NA,NA,NA,NA,NA,NA,BS,1,FALSE
PA-MT6-P24,Piper aduncum,May 16 2025,XP210-PR,3,A,1,A1,313,55,0,1,1,15,5,5,2.5,1,1,0.5,2.5,0.5,PA,6,FALSE
BS-MT6-P22,Bactris setulosa,September 30 2025,XP210-PR,3,A,2,A2,3,3,1,10,0.5,5,NA,NA,NA,NA,NA,NA,NA,5,BS,6,FALSE
IS-MT1-P65,Inga silanchensis,May 16 2025,XP210-PR,3,A,4,A4,3,2,NA,0.5,0.5,NA,NA,NA,NA,NA,NA,NA,NA,0.5,IS,1,FALSE
CP-MT3-P36,Carapa guianensis,May 16 2025,XP210-PR,3,A,5,A5,3,2,0,0.5,1,NA,NA,NA,NA,NA,NA,NA,NA,0.5,CP,3,FALSE
DC-MT1-P41,Dacryodes cupularis,September 30 2025,XP210-PR,3,A,6,A6,NA,NA,NA,NA,NA,NA,NA,NA,NA,NA,NA,NA,NA,NA,DC,1,FALSE
VB-MT5-P24,Vismia baccifera,March 3 2026,XP210-PR,3,A,7,A7,23,3,0,70,1,1,NA,NA,NA,NA,NA,NA,NA,1,VB,5,FALSE
CH-MT5-P2,Cecropia hispidissima,September 30 2025,XP210-PR,3,A,8,A8,20,15,0,5,1,0.5,0.5,2.5,0.5,0.5,0.5,0.5,0.5,0.5,CH,5,FALSE
BP-MT1-P55,Bauhinia pichinchensis,March 3 2026,XP210-PR,3,A,9,A9,NA,NA,NA,NA,NA,NA,NA,NA,NA,NA,NA,NA,NA,NA,BP,1,FALSE
AE-MT5-P72,Annona edulis,March 3 2026,XP210-PR,3,A,10,A10,5,3,0,0.5,1,NA,NA,NA,NA,NA,NA,NA,NA,0.5,AE,5,FALSE
OP-MT9-P8,Ochroma pyramidale,April 1 2025,XP210-PR,3,A,11,A11,75,75,NA,0.5,5,5,5,2.5,0.5,1,0.5,10,0.5,2.5,OP,9,FALSE
MC-MT3-P42,Miconia conocuatrecasasii,September 30 2025,XP210-PR,3,A,12,A12,NA,NA,NA,NA,NA,NA,NA,NA,NA,NA,NA,NA,NA,NA,MC,3,FALSE
MC-MT2-P48,Miconia conocuatrecasasii,March 3 2026,XP210-PR,3,A,12,A12,7,4,0,2.5,50,30,5,NA,NA,NA,NA,NA,NA,20,MC,2,FALSE
BG-MT5-P89,Banara guianensis,September 30 2025,XP210-PR,3,A,13,A13,22,22,0,0.5,5,0.5,1,2.5,1,5,7.5,10,10,0.5,BG,5,FALSE
EA-MT2-P46,Ecuadendron acosta-solisianum,March 3 2026,XP210-PR,3,A,14,A14,10,5,0,5,25,1,0.5,0.5,NA,NA,NA,NA,NA,1,EA,2,FALSE
BU-MT5-P12,Brosimum utile,September 30 2025,XP210-PR,3,A,15,A15,NA,NA,NA,NA,NA,NA,NA,NA,NA,NA,NA,NA,NA,NA,BU,5,FALSE
PG-MT4-P51,Pouruma guianensis,March 3 2026,XP210-PR,3,A,16,A16,4,1,0,0.5,NA,NA,NA,NA,NA,NA,NA,NA,NA,0.5,PG,4,FALSE
CP-MT3-P72,Carapa guianensis,March 3 2026,XP210-PR,3,B,1,B1,NA,NA,NA,NA,NA,NA,NA,NA,NA,NA,NA,NA,NA,NA,CP,3,FALSE
EA-MT1-P54,Ecuadendron acosta-solisianum,December 11 2025,XP210-PR,3,B,2,B2,19,4,0,10,5,5,1,NA,NA,NA,NA,NA,NA,0.5,EA,1,FALSE
PA-MT6-P86,Piper aduncum,March 3 2026,XP210-PR,3,B,3,B3,4,3,0,25,30,5,NA,NA,NA,NA,NA,NA,NA,15,PA,6,FALSE
BU-MT1-P9,Brosimum utile,May 16 2025,XP210-PR,3,B,4,B4,NA,NA,NA,NA,NA,NA,NA,NA,NA,NA,NA,NA,NA,NA,BU,1,FALSE
BU-MT2-P23,Brosimum utile,March 3 2026,XP210-PR,3,B,4,B4,2,0,0,NA,NA,NA,NA,NA,NA,NA,NA,NA,NA,0,BU,2,FALSE
AE-MT3-P25,Annona edulis,March 3 2026,XP210-PR,3,B,5,B5,5,3,0,2.5,5,1,NA,NA,NA,NA,NA,NA,NA,2.5,AE,3,FALSE
MC-MT3-P62,Miconia conocuatrecasasii,September 30 2025,XP210-PR,3,B,6,B6,NA,NA,NA,NA,NA,NA,NA,NA,NA,NA,NA,NA,NA,NA,MC,3,FALSE
MC-MT2-P3,Miconia conocuatrecasasii,March 3 2026,XP210-PR,3,B,6,B6,6,2,0,50,10,NA,NA,NA,NA,NA,NA,NA,NA,10,MC,2,FALSE
CH-MT4-P74,Cecropia hispidissima,September 30 2025,XP210-PR,3,B,7,B7,14,10,0,0.5,0.5,2.5,1,5,2.5,7.5,20,1,0.5,1,CH,4,FALSE
OP-MT7-P53,Ochroma pyramidale,May 16 2025,XP210-PR,3,B,8,B8,57,32,NA,0.5,1,5,1,2.5,5,10,1,10,1,2.5,OP,7,FALSE
DC-MT5-P39,Dacryodes cupularis,September 30 2025,XP210-PR,3,B,10,B10,NA,NA,NA,NA,NA,NA,NA,NA,NA,NA,NA,NA,NA,NA,DC,5,FALSE
BP-MT4-P93,Bauhinia pichinchensis,March 3 2026,XP210-PR,3,B,11,B11,NA,NA,NA,NA,NA,NA,NA,NA,NA,NA,NA,NA,NA,NA,BP,4,FALSE
IS-MT4-P50,Inga silanchensis,May 16 2025,XP210-PR,3,B,12,B12,6,2,0,0.5,2.5,NA,NA,NA,NA,NA,NA,NA,NA,0.5,IS,4,FALSE
BS-MT1-P12,Bactris setulosa,September 30 2025,XP210-PR,3,B,13,B13,3,2,0,0.5,1,NA,NA,NA,NA,NA,NA,NA,NA,0.5,BS,1,FALSE
PG-MT4-P33,Pouruma guianensis,March 3 2026,XP210-PR,3,B,14,B14,5,1,0,7.5,NA,NA,NA,NA,NA,NA,NA,NA,NA,1,PG,4,FALSE
BG-MT3-P84,Banara guianensis,September 30 2025,XP210-PR,3,B,15,B15,104,6,1,10,0.5,0.5,0.5,1,0.5,NA,NA,NA,NA,0.5,BG,3,FALSE
VB-MT4-P68,Vismia baccifera,March 3 2026,XP210-PR,3,B,16,B16,12,2,0,10,5,NA,NA,NA,NA,NA,NA,NA,NA,1,VB,4,FALSE
PA-MT7-P47,Piper aduncum,September 30 2025,XP210-PR,3,C,1,C1,47,3,0,1,0.5,0.5,NA,NA,NA,NA,NA,NA,NA,0.5,PA,7,FALSE
MC-MT2-P33,Miconia conocuatrecasasii,September 30 2025,XP210-PR,3,C,2,C2,NA,NA,NA,NA,NA,NA,NA,NA,NA,NA,NA,NA,NA,NA,MC,2,FALSE
MC-MT1-P78,Miconia conocuatrecasasii,March 3 2026,XP210-PR,3,C,2,C2,7,6,0,15,25,50,20,10,5,NA,NA,NA,NA,10,MC,1,FALSE
CH-MT2-P28,Cecropia hispidissima,September 30 2025,XP210-PR,3,C,4,C4,13,9,0,0.5,1,1,1,0.5,2.5,2.5,1,1,NA,0.5,CH,2,FALSE
BG-MT1-P100,Banara guianensis,September 30 2025,XP210-PR,3,C,5,C5,74,2,0,1,0.5,NA,NA,NA,NA,NA,NA,NA,NA,0.5,BG,1,FALSE
DC-MT3-P12,Dacryodes cupularis,September 30 2025,XP210-PR,3,C,6,C6,NA,NA,NA,NA,NA,NA,NA,NA,NA,NA,NA,NA,NA,NA,DC,3,FALSE
AE-MT4-P2,Annona edulis,March 3 2026,XP210-PR,3,C,7,C7,9,1,0,10,NA,NA,NA,NA,NA,NA,NA,NA,NA,0.5,AE,4,FALSE
EA-MT1-P16,Ecuadendron acosta-solisianum,December 11 2025,XP210-PR,3,C,8,C8,19,9,0,5,5,1,0.5,10,1,2.5,5,0.5,NA,1,EA,1,FALSE
IS-MT5-P52,Inga silanchensis,December 11 2025,XP210-PR,3,C,9,C9,7,4,0,15,0.5,1,5,NA,NA,NA,NA,NA,NA,2.5,IS,5,FALSE
BP-MT4-P46,Bauhinia pichinchensis,March 3 2026,XP210-PR,3,C,10,C10,NA,NA,NA,NA,NA,NA,NA,NA,NA,NA,NA,NA,NA,NA,BP,4,FALSE
BS-MT7-P42,Bactris setulosa,December 11 2025,XP210-PR,3,C,11,C11,2,1,0,30,NA,NA,NA,NA,NA,NA,NA,NA,NA,20,BS,7,FALSE
PG-MT5-P21,Pouruma guianensis,March 3 2026,XP210-PR,3,C,12,C12,2,0,0,NA,NA,NA,NA,NA,NA,NA,NA,NA,NA,0,PG,5,FALSE
CP-MT1-P43,Carapa guianensis,September 30 2025,XP210-PR,3,C,13,C13,NA,NA,NA,NA,NA,NA,NA,NA,NA,NA,NA,NA,NA,NA,CP,1,FALSE
CP-MT1-P69,Carapa guianensis,March 3 2026,XP210-PR,3,C,13,C13,NA,NA,NA,NA,NA,NA,NA,NA,NA,NA,NA,NA,NA,NA,CP,1,FALSE
VB-MT2-P77,Vismia baccifera,March 3 2026,XP210-PR,3,C,14,C14,NA,NA,NA,NA,NA,NA,NA,NA,NA,NA,NA,NA,NA,NA,VB,2,FALSE
BU-MT3-P11,Brosimum utile,September 30 2025,XP210-PR,3,C,15,C15,1,0,0,NA,NA,NA,NA,NA,NA,NA,NA,NA,NA,0,BU,3,FALSE
PA-MT3-P37,Piper aduncum,April 1 2025,XP210-PR,4,A,1,A1,321,37,5,2.5,1,1,0.5,1,5,0.5,1,1,1,0.5,PA,3,FALSE
CH-MT3-P53,Cecropia hispidissima,September 30 2025,XP210-PR,4,A,2,A2,20,17,1,0.5,0.5,0.5,0.5,1,0.5,1,0.5,0.5,1,0.5,CH,3,FALSE
EA-MT3-P8,Ecuadendron acosta-solisianum,May 16 2025,XP210-PR,4,A,3,A3,NA,NA,NA,NA,NA,NA,NA,NA,NA,NA,NA,NA,NA,NA,EA,3,FALSE
EA-MT1-P99,Ecuadendron acosta-solisianum,December 11 2025,XP210-PR,4,A,3,A3,12,12,1,0.5,10,10,15,25,10,1,0.5,0.5,0.5,2.5,EA,1,FALSE
BP-MT2-P21,Bauhinia pichinchensis,March 3 2026,XP210-PR,4,A,4,A4,2,2,0,5,1,NA,NA,NA,NA,NA,NA,NA,NA,5,BP,2,FALSE
DC-MT3-P44,Dacryodes cupularis,March 3 2026,XP210-PR,4,A,5,A5,NA,NA,NA,NA,NA,NA,NA,NA,NA,NA,NA,NA,NA,NA,DC,3,FALSE
PG-MT3-P48,Pouruma guianensis,March 3 2026,XP210-PR,4,A,6,A6,3,2,0,0.5,0.5,NA,NA,NA,NA,NA,NA,NA,NA,0.5,PG,3,FALSE
IS-MT3-P81,Inga silanchensis,April 1 2025,XP210-PR,4,A,7,A7,7,4,2,0.5,1,0.5,NA,NA,NA,NA,NA,NA,NA,0.5,IS,3,FALSE
BG-MT1-P18,Banara guianensis,September 30 2025,XP210-PR,4,A,8,A8,91,17,5,0.5,1,0.5,0.5,1,0.5,1,0.5,2.5,0.5,0.5,BG,1,FALSE
BU-MT4-P69,Brosimum utile,September 30 2025,XP210-PR,4,A,9,A9,NA,NA,NA,NA,NA,NA,NA,NA,NA,NA,NA,NA,NA,NA,BU,4,FALSE
BU-MT4-P54,Brosimum utile,March 3 2026,XP210-PR,4,A,9,A9,NA,NA,NA,NA,NA,NA,NA,NA,NA,NA,NA,NA,NA,NA,BU,4,FALSE
CP-MT5-P27,Carapa guianensis,September 30 2025,XP210-PR,4,A,10,A10,3,2,1,0.5,0.5,NA,NA,NA,NA,NA,NA,NA,NA,0.5,CP,5,FALSE
OP-MT2-P8,Ochroma pyramidale,April 1 2025,XP210-PR,4,A,11,A11,156,156,NA,50,10,10,2.5,1,15,5,2.5,5,1,5,OP,2,FALSE
AE-MT3-P14,Annona edulis,March 3 2026,XP210-PR,4,A,12,A12,8,3,0,0.5,0.5,0.5,NA,NA,NA,NA,NA,NA,NA,0.5,AE,3,FALSE
MC-MT1-P61,Miconia conocuatrecasasii,September 30 2025,XP210-PR,4,A,14,A14,NA,NA,NA,NA,NA,NA,NA,NA,NA,NA,NA,NA,NA,NA,MC,1,FALSE
MC-MT1-P2,Miconia conocuatrecasasii,March 3 2026,XP210-PR,4,A,14,A14,NA,NA,NA,NA,NA,NA,NA,NA,NA,NA,NA,NA,NA,NA,MC,1,FALSE
BS-MT1-P51,Bactris setulosa,December 11 2025,XP210-PR,4,A,15,A15,NA,NA,NA,NA,NA,NA,NA,NA,NA,NA,NA,NA,NA,NA,BS,1,FALSE
VB-MT5-P29,Vismia baccifera,March 3 2026,XP210-PR,4,A,16,A16,10,2,0,1,1,NA,NA,NA,NA,NA,NA,NA,NA,0.5,VB,5,FALSE
OP-MT6-P38,Ochroma pyramidale,May 16 2025,XP210-PR,4,B,1,B1,92,45,0,2.5,5,10,5,5,10,15,1,0.5,1,2.5,OP,6,FALSE
VB-MT5-P27,Vismia baccifera,March 3 2026,XP210-PR,4,B,3,B3,24,2,0,1,5,NA,NA,NA,NA,NA,NA,NA,NA,0.5,VB,5,FALSE
CH-MT1-P22,Cecropia hispidissima,May 16 2025,XP210-PR,4,B,4,B4,9,0,0,NA,NA,NA,NA,NA,NA,NA,NA,NA,NA,0,CH,1,FALSE
PA-MT6-P70,Piper aduncum,December 11 2025,XP210-PR,4,B,5,B5,NA,NA,NA,NA,NA,NA,NA,NA,NA,NA,NA,NA,NA,NA,PA,6,FALSE
BG-MT3-P99,Banara guianensis,September 30 2025,XP210-PR,4,B,6,B6,NA,NA,NA,NA,NA,NA,NA,NA,NA,NA,NA,NA,NA,NA,BG,3,FALSE
IS-MT2-P53,Inga silanchensis,April 1 2025,XP210-PR,4,B,7,B7,6,3,0,5,0.5,0.5,NA,NA,NA,NA,NA,NA,NA,0.5,IS,2,FALSE
BP-MT4-P65,Bauhinia pichinchensis,March 3 2026,XP210-PR,4,B,8,B8,NA,NA,NA,NA,NA,NA,NA,NA,NA,NA,NA,NA,NA,NA,BP,4,FALSE
PG-MT1-P58,Pouruma guianensis,March 3 2026,XP210-PR,4,B,9,B9,3,0,0,NA,NA,NA,NA,NA,NA,NA,NA,NA,NA,0,PG,1,FALSE
CP-MT4-P52,Carapa guianensis,May 16 2025,XP210-PR,4,B,10,B10,NA,NA,NA,NA,NA,NA,NA,NA,NA,NA,NA,NA,NA,NA,CP,4,FALSE
MC-MT2-P12,Miconia conocuatrecasasii,September 30 2025,XP210-PR,4,B,11,B11,NA,NA,NA,NA,NA,NA,NA,NA,NA,NA,NA,NA,NA,NA,MC,2,FALSE
EA-MT1-P95,Ecuadendron acosta-solisianum,March 3 2026,XP210-PR,4,B,12,B12,5,5,0,10,10,5,1,0.5,NA,NA,NA,NA,NA,2.5,EA,1,FALSE
AE-MT5-P35,Annona edulis,March 3 2026,XP210-PR,4,B,13,B13,13,3,0,0.5,1,0.5,NA,NA,NA,NA,NA,NA,NA,1,AE,5,FALSE
DC-MT4-P59,Dacryodes cupularis,September 30 2025,XP210-PR,4,B,14,B14,NA,NA,NA,NA,NA,NA,NA,NA,NA,NA,NA,NA,NA,NA,DC,4,FALSE
BU-MT3-P18,Brosimum utile,September 30 2025,XP210-PR,4,B,15,B15,NA,NA,NA,NA,NA,NA,NA,NA,NA,NA,NA,NA,NA,NA,BU,3,FALSE
BS-MT6-P15,Bactris setulosa,September 30 2025,XP210-PR,4,B,16,B16,4,2,1,5,0.5,NA,NA,NA,NA,NA,NA,NA,NA,1,BS,6,FALSE
BP-MT2-P4,Bauhinia pichinchensis,March 3 2026,XP210-PR,4,C,3,C3,13,3,0,15,2.5,0.5,NA,NA,NA,NA,NA,NA,NA,5,BP,2,FALSE
EA-MT2-P2,Ecuadendron acosta-solisianum,May 16 2025,XP210-PR,4,C,4,C4,32,15,4,10,5,5,10,2.5,2.5,5,5,15,5,2.5,EA,2,FALSE
BS-MT1-P67,Bactris setulosa,December 11 2025,XP210-PR,4,C,5,C5,NA,NA,NA,NA,NA,NA,NA,NA,NA,NA,NA,NA,NA,NA,BS,1,FALSE
VB-MT4-P35,Vismia baccifera,March 3 2026,XP210-PR,4,C,7,C7,20,0,0,NA,NA,NA,NA,NA,NA,NA,NA,NA,NA,0,VB,4,FALSE
BU-MT3-P70,Brosimum utile,September 30 2025,XP210-PR,4,C,8,C8,NA,NA,NA,NA,NA,NA,NA,NA,NA,NA,NA,NA,NA,NA,BU,3,FALSE
AE-MT2-P31,Annona edulis,March 3 2026,XP210-PR,4,C,9,C9,10,1,0,0.5,NA,NA,NA,NA,NA,NA,NA,NA,NA,0.5,AE,2,FALSE
BG-MT4-P57,Banara guianensis,September 30 2025,XP210-PR,4,C,12,C12,215,8,9,2.5,2.5,1,5,5,0.5,5,2.5,NA,NA,0.5,BG,4,FALSE
CP-MT2-P76,Carapa guianensis,March 3 2026,XP210-PR,4,C,13,C13,0,0,0,NA,NA,NA,NA,NA,NA,NA,NA,NA,NA,0,CP,2,FALSE
PG-MT2-P10,Pouruma guianensis,March 3 2026,XP210-PR,4,C,14,C14,0,0,0,NA,NA,NA,NA,NA,NA,NA,NA,NA,NA,0,PG,2,FALSE
CH-MT5-P25,Cecropia hispidissima,September 30 2025,XP210-PR,4,C,15,C15,13,12,0,2.5,5,1,10,10,25,0.5,0.5,5,10,7.5,CH,5,FALSE
DC-MT2-P33,Dacryodes cupularis,March 3 2026,XP210-PR,4,C,16,C16,6,1,0,30,NA,NA,NA,NA,NA,NA,NA,NA,NA,15,DC,2,FALSE
IS-MT5-P20,Inga silanchensis,April 1 2025,XP210-PR,5,A,1,A1,NA,NA,NA,NA,NA,NA,NA,NA,NA,NA,NA,NA,NA,NA,IS,5,FALSE
CP-MT4-P29,Carapa guianensis,May 16 2025,XP210-PR,5,A,2,A2,NA,NA,NA,NA,NA,NA,NA,NA,NA,NA,NA,NA,NA,NA,CP,4,FALSE
PA-MT6-P29,Piper aduncum,May 16 2025,XP210-PR,5,A,3,A3,NA,NA,NA,NA,NA,NA,NA,NA,NA,NA,NA,NA,NA,NA,PA,6,FALSE
BG-MT2-P22,Banara guianensis,September 30 2025,XP210-PR,5,A,4,A4,NA,NA,NA,NA,NA,NA,NA,NA,NA,NA,NA,NA,NA,NA,BG,2,FALSE
PG-MT2-P8,Pouruma guianensis,March 3 2026,XP210-PR,5,A,7,A7,NA,NA,NA,NA,NA,NA,NA,NA,NA,NA,NA,NA,NA,NA,PG,2,FALSE
AE-MT1-P52,Annona edulis,March 3 2026,XP210-PR,5,A,10,A10,NA,NA,NA,NA,NA,NA,NA,NA,NA,NA,NA,NA,NA,NA,AE,1,FALSE
DC-MT5-P57,Dacryodes cupularis,September 30 2025,XP210-PR,5,A,14,A14,NA,NA,NA,NA,NA,NA,NA,NA,NA,NA,NA,NA,NA,NA,DC,5,FALSE
OP-MT2-P44,Ochroma pyramidale,April 1 2025,XP210-PR,5,B,1,B1,NA,NA,NA,NA,NA,NA,NA,NA,NA,NA,NA,NA,NA,NA,OP,2,FALSE
CP-MT2-P22,Carapa guianensis,May 16 2025,XP210-PR,5,B,2,B2,NA,NA,NA,NA,NA,NA,NA,NA,NA,NA,NA,NA,NA,NA,CP,2,FALSE
DC-MT3-P4,Dacryodes cupularis,September 30 2025,XP210-PR,5,B,3,B3,NA,NA,NA,NA,NA,NA,NA,NA,NA,NA,NA,NA,NA,NA,DC,3,FALSE
BU-MT1-P44,Brosimum utile,May 16 2025,XP210-PR,5,B,4,B4,NA,NA,NA,NA,NA,NA,NA,NA,NA,NA,NA,NA,NA,NA,BU,1,FALSE
AE-MT1-P40,Annona edulis,March 3 2026,XP210-PR,5,B,7,B7,NA,NA,NA,NA,NA,NA,NA,NA,NA,NA,NA,NA,NA,NA,AE,1,FALSE
IS-MT3-P90,Inga silanchensis,March 3 2026,XP210-PR,5,B,8,B8,NA,NA,NA,NA,NA,NA,NA,NA,NA,NA,NA,NA,NA,NA,IS,3,FALSE
BG-MT4-P50,Banara guianensis,September 30 2025,XP210-PR,5,B,14,B14,NA,NA,NA,NA,NA,NA,NA,NA,NA,NA,NA,NA,NA,NA,BG,4,FALSE
PG-MT3-P72,Pouruma guianensis,March 3 2026,XP210-PR,5,B,15,B15,NA,NA,NA,NA,NA,NA,NA,NA,NA,NA,NA,NA,NA,NA,PG,3,FALSE
CH-MT4-P28,Cecropia hispidissima,September 30 2025,XP210-PR,5,B,16,B16,NA,NA,NA,NA,NA,NA,NA,NA,NA,NA,NA,NA,NA,NA,CH,4,FALSE
CP-MT2-P41,Carapa guianensis,May 16 2025,XP210-PR,5,C,1,C1,NA,NA,NA,NA,NA,NA,NA,NA,NA,NA,NA,NA,NA,NA,CP,2,FALSE
IS-MT1-P46,Inga silanchensis,May 16 2025,XP210-PR,5,C,2,C2,NA,NA,NA,NA,NA,NA,NA,NA,NA,NA,NA,NA,NA,NA,IS,1,FALSE
PG-MT4-P68,Pouruma guianensis,March 3 2026,XP210-PR,5,C,4,C4,NA,NA,NA,NA,NA,NA,NA,NA,NA,NA,NA,NA,NA,NA,PG,4,FALSE
BG-MT5-P3,Banara guianensis,September 30 2025,XP210-PR,5,C,5,C5,NA,NA,NA,NA,NA,NA,NA,NA,NA,NA,NA,NA,NA,NA,BG,5,FALSE
CH-MT2-P67,Cecropia hispidissima,September 30 2025,XP210-PR,5,C,9,C9,NA,NA,NA,NA,NA,NA,NA,NA,NA,NA,NA,NA,NA,NA,CH,2,FALSE
DC-MT1-P21,Dacryodes cupularis,September 30 2025,XP210-PR,5,C,10,C10,NA,NA,NA,NA,NA,NA,NA,NA,NA,NA,NA,NA,NA,NA,DC,1,FALSE
AE-MT5-P97,Annona edulis,March 3 2026,XP210-PR,5,C,13,C13,NA,NA,NA,NA,NA,NA,NA,NA,NA,NA,NA,NA,NA,NA,AE,5,FALSE
OP-MT2-P21,Ochroma pyramidale,April 4 2025,XP211-PR,1,A,1,A1,46,27,NA,5,2.5,0.5,5,1,0.5,0.5,0.5,2.5,0.5,1,OP,2,FALSE
CH-MT1-P51,Cecropia hispidissima,May 22 2025,XP211-PR,1,A,2,A2,NA,NA,NA,NA,NA,NA,NA,NA,NA,NA,NA,NA,NA,NA,CH,1,FALSE
CH-MT3-P71,Cecropia hispidissima,Friday 13 2026,XP211-PR,1,A,2,A2,3,2,0,5,10,NA,NA,NA,NA,NA,NA,NA,NA,5,CH,3,FALSE
PG-MT1-P39,Pouruma guianensis,Friday 13 2026,XP211-PR,1,A,3,A3,4,3,0,0.5,2.5,10,NA,NA,NA,NA,NA,NA,NA,2.5,PG,1,FALSE
BU-MT4-P46,Brosimum utile,October 16 2025,XP211-PR,1,A,4,A4,0,0,0,NA,NA,NA,NA,NA,NA,NA,NA,NA,NA,0,BU,4,FALSE
AE-MT1-P59,Annona edulis,Friday 13 2026,XP211-PR,1,A,6,A6,6,2,0,5,1,NA,NA,NA,NA,NA,NA,NA,NA,1,AE,1,FALSE
IS-MT3-P75,Inga silanchensis,April 4 2025,XP211-PR,1,A,7,A7,16,11,5,2.5,2.5,1,5,0.5,60,10,0.5,25,1,2.5,IS,3,FALSE
VB-MT4-P41,Vismia baccifera,Friday 13 2026,XP211-PR,1,A,8,A8,9,6,0,10,1,0.5,1,12.5,25,NA,NA,NA,NA,10,VB,4,FALSE
BP-MT1-P53,Bauhinia pichinchensis,Friday 13 2026,XP211-PR,1,A,9,A9,2,1,0,0.5,NA,NA,NA,NA,NA,NA,NA,NA,NA,0.5,BP,1,FALSE
DC-MT3-P27,Dacryodes cupularis,October 16 2025,XP211-PR,1,A,10,A10,3,2,0,5,1,NA,NA,NA,NA,NA,NA,NA,NA,2.5,DC,3,FALSE
BS-MT7-P62,Bactris setulosa,December 9 2025,XP211-PR,1,A,11,A11,1,1,0,5,NA,NA,NA,NA,NA,NA,NA,NA,NA,5,BS,7,FALSE
CP-MT1-P30,Carapa guianensis,October 16 2025,XP211-PR,1,A,12,A12,6,4,2,0.5,15,5,10,NA,NA,NA,NA,NA,NA,10,CP,1,FALSE
EA-MT3-P53,Ecuadendron acosta-solisianum,Friday 13 2026,XP211-PR,1,A,15,A15,6,5,0,1,1,0.5,2.5,1,NA,NA,NA,NA,NA,1,EA,3,FALSE
BG-MT3-P64,Banara guianensis,October 16 2025,XP211-PR,1,A,16,A16,244,43,25,1,1,20,20,35,55,30,5,10,1,1,BG,3,FALSE
BG-MT1-P40,Banara guianensis,October 16 2025,XP211-PR,1,B,1,B1,149,10,9,0.5,0.5,0.5,1,0.5,1,10,7.5,5,2.5,0.5,BG,1,FALSE
VB-MT1-P24,Vismia baccifera,October 16 2025,XP211-PR,1,B,2,B2,297,78,11,1,1,1,5,10,10,5,25,5,10,0.5,VB,1,FALSE
PA-MT7-P43,Piper aduncum,October 16 2025,XP211-PR,1,B,3,B3,63,15,0,0.5,2.5,1,0.5,1,1,35,25,2.5,10,0.5,PA,7,FALSE
BS-MT7-P8,Bactris setulosa,October 16 2025,XP211-PR,1,B,5,B5,2,2,0,1,0.5,NA,NA,NA,NA,NA,NA,NA,NA,0.5,BS,7,FALSE
PG-MT3-P53,Pouruma guianensis,Friday 13 2026,XP211-PR,1,B,7,B7,4,2,0,0.5,0.5,NA,NA,NA,NA,NA,NA,NA,NA,0.5,PG,3,FALSE
BP-MT2-P23,Bauhinia pichinchensis,Friday 13 2026,XP211-PR,1,B,8,B8,NA,NA,NA,NA,NA,NA,NA,NA,NA,NA,NA,NA,NA,NA,BP,2,FALSE
CP-MT3-P62,Carapa guianensis,May 22 2025,XP211-PR,1,B,9,B9,11,11,4,1,2.5,1,10,5,20,10,0.5,0.5,5,5,CP,3,FALSE
CH-MT3-P65,Cecropia hispidissima,October 16 2025,XP211-PR,1,B,10,B10,19,18,0,5,7.5,2.5,1,10,10,20,10,5,5,7.5,CH,3,FALSE
DC-MT5-P8,Dacryodes cupularis,October 16 2025,XP211-PR,1,B,11,B11,1,1,0,1,NA,NA,NA,NA,NA,NA,NA,NA,NA,1,DC,5,FALSE
IS-MT3-P45,Inga silanchensis,December 9 2025,XP211-PR,1,B,12,B12,4,3,0,0.5,10,0.5,NA,NA,NA,NA,NA,NA,NA,2.5,IS,3,FALSE
EA-MT2-P65,Ecuadendron acosta-solisianum,Friday 13 2026,XP211-PR,1,B,13,B13,19,17,2,5,12.5,7.5,5,20,70,7.5,20,5,0.5,10,EA,2,FALSE
AE-MT4-P45,Annona edulis,Friday 13 2026,XP211-PR,1,B,14,B14,7,2,1,0.5,0.5,NA,NA,NA,NA,NA,NA,NA,NA,0.5,AE,4,FALSE
BU-MT3-P35,Brosimum utile,October 16 2025,XP211-PR,1,B,16,B16,3,1,0,2.5,NA,NA,NA,NA,NA,NA,NA,NA,NA,0.5,BU,3,FALSE
BU-MT1-P70,Brosimum utile,May 22 2025,XP211-PR,1,C,1,C1,8,3,8,0.5,0.5,0.5,NA,NA,NA,NA,NA,NA,NA,0.5,BU,1,FALSE
BS-MT1-P41,Bactris setulosa,December 9 2025,XP211-PR,1,C,2,C2,2,2,0,1,5,NA,NA,NA,NA,NA,NA,NA,NA,2.5,BS,1,FALSE
EA-MT2-P1,Ecuadendron acosta-solisianum,May 22 2025,XP211-PR,1,C,3,C3,30,12,10,1,1,1,0.5,10,0.5,5,40,5,1,2.5,EA,2,FALSE
DC-MT4-P52,Dacryodes cupularis,October 16 2025,XP211-PR,1,C,4,C4,0,0,0,NA,NA,NA,NA,NA,NA,NA,NA,NA,NA,0,DC,4,FALSE
BG-MT5-P1,Banara guianensis,October 16 2025,XP211-PR,1,C,5,C5,142,30,9,0.5,0.5,2.5,1,5,2.5,1,1,0.5,0.5,0.5,BG,5,FALSE
CP-MT4-P33,Carapa guianensis,May 22 2025,XP211-PR,1,C,6,C6,8,8,2,0.5,0.5,0.5,0.5,0.5,0.5,0.5,0.5,NA,NA,0.5,CP,4,FALSE
IS-MT1-P4,Inga silanchensis,May 22 2025,XP211-PR,1,C,7,C7,21,12,4,5,1,5,1,0.5,0.5,1,0.5,1,2.5,0.5,IS,1,FALSE
PA-MT6-P1,Piper aduncum,May 22 2025,XP211-PR,1,C,8,C8,164,93,0,15,5,2.5,2.5,25,2.5,5,5,0.5,0.5,1,PA,6,FALSE
BP-MT4-P17,Bauhinia pichinchensis,Friday 13 2026,XP211-PR,1,C,10,C10,NA,NA,NA,NA,NA,NA,NA,NA,NA,NA,NA,NA,NA,NA,BP,4,FALSE
CH-MT1-P21,Cecropia hispidissima,May 22 2025,XP211-PR,1,C,11,C11,NA,NA,NA,NA,NA,NA,NA,NA,NA,NA,NA,NA,NA,NA,CH,1,FALSE
MC-MT2-P24,Miconia conocuatrecasasii,October 16 2025,XP211-PR,1,C,12,C12,16,13,0,1,5,5,20,25,0.5,0.5,2.5,5,25,2.5,MC,2,FALSE
VB-MT3-P61,Vismia baccifera,Friday 13 2026,XP211-PR,1,C,14,C14,30,0,0,NA,NA,NA,NA,NA,NA,NA,NA,NA,NA,0,VB,3,FALSE
PG-MT5-P69,Pouruma guianensis,Friday 13 2026,XP211-PR,1,C,15,C15,2,1,0,0.5,NA,NA,NA,NA,NA,NA,NA,NA,NA,0.5,PG,5,FALSE
AE-MT2-P43,Annona edulis,Friday 13 2026,XP211-PR,1,C,16,C16,5,0,0,NA,NA,NA,NA,NA,NA,NA,NA,NA,NA,0,AE,2,FALSE
PG-MT3-P34,Pouruma guianensis,Friday 13 2026,XP211-PR,2,A,1,A1,1,1,0,5,NA,NA,NA,NA,NA,NA,NA,NA,NA,5,PG,3,FALSE
BU-MT2-P55,Brosimum utile,October 16 2025,XP211-PR,2,A,2,A2,3,1,2,0.5,NA,NA,NA,NA,NA,NA,NA,NA,NA,0.5,BU,2,FALSE
PA-MT6-P71,Piper aduncum,December 9 2025,XP211-PR,2,A,3,A3,32,14,0,1,2.5,20,15,5,7.5,0.5,1,15,0.5,5,PA,6,FALSE
VB-MT2-P26,Vismia baccifera,Friday 13 2026,XP211-PR,2,A,4,A4,13,3,0,25,5,20,NA,NA,NA,NA,NA,NA,NA,5,VB,2,FALSE
CH-MT5-P34,Cecropia hispidissima,October 16 2025,XP211-PR,2,A,6,A6,22,12,0,1,2.5,5,10,2.5,10,2.5,5,7.5,10,7.5,CH,5,FALSE
DC-MT4-P54,Dacryodes cupularis,Friday 13 2026,XP211-PR,2,A,7,A7,NA,NA,NA,NA,NA,NA,NA,NA,NA,NA,NA,NA,NA,NA,DC,4,FALSE
OP-MT9-P30,Ochroma pyramidale,April 4 2025,XP211-PR,2,A,8,A8,157,157,NA,15,15,5,5,10,2.5,10,1,5,1,10,OP,9,FALSE
IS-MT3-P7,Inga silanchensis,April 4 2025,XP211-PR,2,A,9,A9,8,6,1,0.5,2.5,0.5,1,1,1,NA,NA,NA,NA,1,IS,3,FALSE
AE-MT1-P4,Annona edulis,Friday 13 2026,XP211-PR,2,A,10,A10,10,2,0,5,0.5,NA,NA,NA,NA,NA,NA,NA,NA,1,AE,1,FALSE
MC-MT3-P19,Miconia conocuatrecasasii,October 16 2025,XP211-PR,2,A,11,A11,NA,NA,NA,NA,NA,NA,NA,NA,NA,NA,NA,NA,NA,NA,MC,3,FALSE
BS-MT6-P21,Bactris setulosa,October 16 2025,XP211-PR,2,A,12,A12,2,2,1,5,1,NA,NA,NA,NA,NA,NA,NA,NA,2.5,BS,6,FALSE
BG-MT4-P77,Banara guianensis,October 16 2025,XP211-PR,2,A,14,A14,112,9,5,2.5,5,5,25,1,1,0.5,0.5,0.5,NA,0.5,BG,4,FALSE
EA-MT5-P22,Ecuadendron acosta-solisianum,December 9 2025,XP211-PR,2,A,15,A15,44,12,0,7.5,2.5,0.5,15,5,1,1,20,30,2.5,2.5,EA,5,FALSE
BP-MT5-P31,Bauhinia pichinchensis,Friday 13 2026,XP211-PR,2,A,16,A16,NA,NA,NA,NA,NA,NA,NA,NA,NA,NA,NA,NA,NA,NA,BP,5,FALSE
CP-MT5-P38,Carapa guianensis,October 16 2025,XP211-PR,2,B,1,B1,3,2,1,0.5,1,NA,NA,NA,NA,NA,NA,NA,NA,0.5,CP,5,FALSE
VB-MT2-P66,Vismia baccifera,Friday 13 2026,XP211-PR,2,B,2,B2,7,5,0,1,5,0.5,7.5,1,NA,NA,NA,NA,NA,2.5,VB,2,FALSE
MC-MT1-P12,Miconia conocuatrecasasii,October 16 2025,XP211-PR,2,B,3,B3,15,12,0,80,15,22.5,0.5,5,2.5,25,15,12.5,60,10,MC,1,FALSE
BP-MT1-P75,Bauhinia pichinchensis,Friday 13 2026,XP211-PR,2,B,4,B4,NA,NA,NA,NA,NA,NA,NA,NA,NA,NA,NA,NA,NA,NA,BP,1,FALSE
AE-MT3-P45,Annona edulis,Friday 13 2026,XP211-PR,2,B,6,B6,8,2,0,1,7.5,NA,NA,NA,NA,NA,NA,NA,NA,2.5,AE,3,FALSE
EA-MT3-P2,Ecuadendron acosta-solisianum,May 22 2025,XP211-PR,2,B,7,B7,87,12,2,75,55,5,5,2.5,0.5,1,15,2.5,5,1,EA,3,FALSE
PG-MT3-P41,Pouruma guianensis,Friday 13 2026,XP211-PR,2,B,8,B8,4,3,1,0.5,0.5,0.5,NA,NA,NA,NA,NA,NA,NA,0.5,PG,3,FALSE
BG-MT2-P97,Banara guianensis,October 16 2025,XP211-PR,2,B,9,B9,130,16,10,0.5,0.5,1,0.5,5,5,10,50,20,5,0.5,BG,2,FALSE
IS-MT5-P33,Inga silanchensis,April 4 2025,XP211-PR,2,B,10,B10,23,16,6,0.5,0.5,0.5,0.5,0.5,5,1,1,2.5,1,0.5,IS,5,FALSE
BU-MT5-P16,Brosimum utile,October 16 2025,XP211-PR,2,B,11,B11,6,0,2,NA,NA,NA,NA,NA,NA,NA,NA,NA,NA,0,BU,5,FALSE
OP-MT8-P42,Ochroma pyramidale,May 22 2025,XP211-PR,2,B,12,B12,39,28,NA,5,7.5,5,10,10,10,5,20,10,30,7.5,OP,8,FALSE
BS-MT7-P52,Bactris setulosa,December 9 2025,XP211-PR,2,B,14,B14,1,1,0,0.5,NA,NA,NA,NA,NA,NA,NA,NA,NA,0.5,BS,7,FALSE
DC-MT4-P37,Dacryodes cupularis,October 16 2025,XP211-PR,2,B,15,B15,NA,NA,NA,NA,NA,NA,NA,NA,NA,NA,NA,NA,NA,NA,DC,4,FALSE
CH-MT4-P19,Cecropia hispidissima,October 16 2025,XP211-PR,2,B,16,B16,16,13,0,1,1,0.5,0.5,0.5,5,1,2.5,0.5,1,1,CH,4,FALSE
OP-MT7-P20,Ochroma pyramidale,May 22 2025,XP211-PR,2,C,1,C1,96,66,NA,10,5,1,10,5,15,5,10,10,7.5,7.5,OP,7,FALSE
IS-MT4-P33,Inga silanchensis,May 22 2025,XP211-PR,2,C,3,C3,5,4,2,0.5,0.5,2.5,0.5,NA,NA,NA,NA,NA,NA,0.5,IS,4,FALSE
VB-MT5-P43,Vismia baccifera,Friday 13 2026,XP211-PR,2,C,4,C4,24,2,1,1,2.5,NA,NA,NA,NA,NA,NA,NA,NA,0.5,VB,5,FALSE
DC-MT3-P41,Dacryodes cupularis,October 16 2025,XP211-PR,2,C,6,C6,NA,NA,NA,NA,NA,NA,NA,NA,NA,NA,NA,NA,NA,NA,DC,3,FALSE
MC-MT3-P59,Miconia conocuatrecasasii,October 16 2025,XP211-PR,2,C,7,C7,15,8,2,15,5,10,50,2.5,0.5,5,10,NA,NA,5,MC,3,FALSE
PG-MT1-P59,Pouruma guianensis,Friday 13 2026,XP211-PR,2,C,9,C9,3,1,0,2.5,NA,NA,NA,NA,NA,NA,NA,NA,NA,0.5,PG,1,FALSE
CP-MT2-P55,Carapa guianensis,May 22 2025,XP211-PR,2,C,10,C10,3,3,2,0.5,0.5,0.5,NA,NA,NA,NA,NA,NA,NA,0.5,CP,2,FALSE
BP-MT3-P57,Bauhinia pichinchensis,Friday 13 2026,XP211-PR,2,C,11,C11,2,1,0,25,NA,NA,NA,NA,NA,NA,NA,NA,NA,12.5,BP,3,FALSE
AE-MT5-P42,Annona edulis,Friday 13 2026,XP211-PR,2,C,12,C12,8,3,0,35,10,30,NA,NA,NA,NA,NA,NA,NA,10,AE,5,FALSE
BS-MT6-P63,Bactris setulosa,December 9 2025,XP211-PR,2,C,13,C13,2,1,0,0.5,NA,NA,NA,NA,NA,NA,NA,NA,NA,0.5,BS,6,FALSE
BU-MT5-P5,Brosimum utile,October 16 2025,XP211-PR,2,C,14,C14,NA,NA,NA,NA,NA,NA,NA,NA,NA,NA,NA,NA,NA,NA,BU,5,FALSE
EA-MT5-P47,Ecuadendron acosta-solisianum,December 9 2025,XP211-PR,2,C,15,C15,15,3,12,0.5,1,2.5,NA,NA,NA,NA,NA,NA,NA,0.5,EA,5,FALSE
BG-MT3-P66,Banara guianensis,October 16 2025,XP211-PR,2,C,16,C16,50,3,40,0.5,1,1,NA,NA,NA,NA,NA,NA,NA,0.5,BG,3,FALSE
BU-MT1-P69,Brosimum utile,May 22 2025,XP211-PR,3,A,2,A2,4,0,2,NA,NA,NA,NA,NA,NA,NA,NA,NA,NA,0.5,BU,1,FALSE
VB-MT2-P32,Vismia baccifera,Friday 13 2026,XP211-PR,3,A,3,A3,21,3,0,2.5,50,2.5,NA,NA,NA,NA,NA,NA,NA,0.5,VB,2,FALSE
OP-MT8-P56,Ochroma pyramidale,May 22 2025,XP211-PR,3,A,4,A4,NA,NA,NA,NA,NA,NA,NA,NA,NA,NA,NA,NA,NA,NA,OP,8,FALSE
OP-MT7-P62,Ochroma pyramidale,December 9 2025,XP211-PR,3,A,4,A4,26,2,0,0.5,0.5,NA,NA,NA,NA,NA,NA,NA,NA,0.5,OP,7,FALSE
PA-MT3-P6,Piper aduncum,April 4 2025,XP211-PR,3,A,5,A5,41,20,0,10,5,1,10,0.5,20,5,0.5,0.5,2.5,1,PA,3,FALSE
CH-MT3-P7,Cecropia hispidissima,October 16 2025,XP211-PR,3,A,6,A6,18,18,0,7.5,10,10,5,10,10,5,2.5,5,2.5,5,CH,3,FALSE
BG-MT1-P38,Banara guianensis,October 16 2025,XP211-PR,3,A,7,A7,75,6,0,5,2.5,2.5,0.5,0.5,5,NA,NA,NA,NA,0.5,BG,1,FALSE
DC-MT5-P62,Dacryodes cupularis,Friday 13 2026,XP211-PR,3,A,8,A8,1,0,0,NA,NA,NA,NA,NA,NA,NA,NA,NA,NA,0,DC,5,FALSE
BS-MT1-P79,Bactris setulosa,December 9 2025,XP211-PR,3,A,9,A9,2,0,0,NA,NA,NA,NA,NA,NA,NA,NA,NA,NA,0,BS,1,FALSE
EA-MT1-P8,Ecuadendron acosta-solisianum,December 9 2025,XP211-PR,3,A,10,A10,25,8,0,1,2.5,25,0.5,0.5,2.5,2.5,1,NA,NA,1,EA,1,FALSE
IS-MT2-P11,Inga silanchensis,April 4 2025,XP211-PR,3,A,12,A12,5,1,1,25,NA,NA,NA,NA,NA,NA,NA,NA,NA,2.5,IS,2,FALSE
AE-MT5-P53,Annona edulis,Friday 13 2026,XP211-PR,3,A,13,A13,14,3,0,0.5,1,1,NA,NA,NA,NA,NA,NA,NA,0.5,AE,5,FALSE
PG-MT5-P59,Pouruma guianensis,Friday 13 2026,XP211-PR,3,A,14,A14,6,0,0,NA,NA,NA,NA,NA,NA,NA,NA,NA,NA,0,PG,5,FALSE
BP-MT4-P28,Bauhinia pichinchensis,Friday 13 2026,XP211-PR,3,A,15,A15,NA,NA,NA,NA,NA,NA,NA,NA,NA,NA,NA,NA,NA,NA,BP,4,FALSE
CP-MT1-P41,Carapa guianensis,October 16 2025,XP211-PR,3,A,16,A16,5,3,1,1,10,5,NA,NA,NA,NA,NA,NA,NA,5,CP,1,FALSE
OP-MT6-P31,Ochroma pyramidale,May 22 2025,XP211-PR,3,B,1,B1,56,28,NA,1,5,2.5,1,1,1,2.5,1,0.5,5,2.5,OP,6,FALSE
BU-MT4-P43,Brosimum utile,October 16 2025,XP211-PR,3,B,2,B2,7,1,1,0.5,NA,NA,NA,NA,NA,NA,NA,NA,NA,0.5,BU,4,FALSE
IS-MT5-P43,Inga silanchensis,April 4 2025,XP211-PR,3,B,3,B3,8,7,2,5,0.5,0.5,0.5,0.5,0.5,0.5,NA,NA,NA,0.5,IS,5,FALSE
CH-MT2-P63,Cecropia hispidissima,October 16 2025,XP211-PR,3,B,4,B4,16,15,0,2.5,5,2.5,2.5,10,10,20,5,1,5,5,CH,2,FALSE
BP-MT1-P68,Bauhinia pichinchensis,Friday 13 2026,XP211-PR,3,B,5,B5,4,3,0,5,10,35,NA,NA,NA,NA,NA,NA,NA,10,BP,1,FALSE
BS-MT1-P11,Bactris setulosa,October 16 2025,XP211-PR,3,B,6,B6,2,0,0,NA,NA,NA,NA,NA,NA,NA,NA,NA,NA,0,BS,1,FALSE
MC-MT3-P37,Miconia conocuatrecasasii,October 16 2025,XP211-PR,3,B,8,B8,20,13,2,5,15,25,5,0.5,1,0.5,0.5,0.5,0.5,2.5,MC,3,FALSE
EA-MT5-P36,Ecuadendron acosta-solisianum,December 9 2025,XP211-PR,3,B,9,B9,NA,NA,NA,NA,NA,NA,NA,NA,NA,NA,NA,NA,NA,NA,EA,5,FALSE
PG-MT1-P52,Pouruma guianensis,Friday 13 2026,XP211-PR,3,B,10,B10,4,1,0,5,NA,NA,NA,NA,NA,NA,NA,NA,NA,1,PG,1,FALSE
PA-MT6-P27,Piper aduncum,May 22 2025,XP211-PR,3,B,11,B11,311,155,0,5,2.5,2.5,5,2.5,5,10,1,5,2.5,2.5,PA,6,FALSE
AE-MT3-P54,Annona edulis,Friday 13 2026,XP211-PR,3,B,12,B12,9,2,0,25,0.5,NA,NA,NA,NA,NA,NA,NA,NA,0.5,AE,3,FALSE
BG-MT5-P8,Banara guianensis,October 16 2025,XP211-PR,3,B,13,B13,129,8,0,12.5,0.5,0.5,12.5,1,0.5,0.5,0.5,NA,NA,0.5,BG,5,FALSE
DC-MT1-P7,Dacryodes cupularis,October 16 2025,XP211-PR,3,B,15,B15,3,1,0,5,NA,NA,NA,NA,NA,NA,NA,NA,NA,1,DC,1,FALSE
VB-MT5-P31,Vismia baccifera,Friday 13 2026,XP211-PR,3,B,16,B16,28,5,0,0.5,0.5,0.5,50,60,NA,NA,NA,NA,NA,0.5,VB,5,FALSE
BU-MT2-P26,Brosimum utile,October 16 2025,XP211-PR,3,C,1,C1,3,1,1,0.5,NA,NA,NA,NA,NA,NA,NA,NA,NA,0.5,BU,2,FALSE
OP-MT6-P12,Ochroma pyramidale,May 22 2025,XP211-PR,3,C,2,C2,57,32,NA,15,5,5,10,5,15,5,5,5,10,5,OP,6,FALSE
DC-MT5-P67,Dacryodes cupularis,October 16 2025,XP211-PR,3,C,3,C3,NA,NA,NA,NA,NA,NA,NA,NA,NA,NA,NA,NA,NA,NA,DC,5,FALSE
IS-MT1-P29,Inga silanchensis,May 22 2025,XP211-PR,3,C,4,C4,15,7,4,0.5,1,5,5,1,0.5,0.5,NA,NA,NA,0.5,IS,1,FALSE
EA-MT5-P43,Ecuadendron acosta-solisianum,December 9 2025,XP211-PR,3,C,5,C5,25,9,0,5,10,10,0.5,0.5,0.5,1,1,1,NA,1,EA,5,FALSE
AE-MT4-P41,Annona edulis,Friday 13 2026,XP211-PR,3,C,6,C6,8,2,0,25,0.5,NA,NA,NA,NA,NA,NA,NA,NA,0.5,AE,4,FALSE
CP-MT2-P65,Carapa guianensis,May 22 2025,XP211-PR,3,C,7,C7,11,11,5,1,10,10,10,5,1,1,0.5,2.5,0.5,2.5,CP,2,FALSE
VB-MT5-P54,Vismia baccifera,Friday 13 2026,XP211-PR,3,C,8,C8,17,1,0,35,NA,NA,NA,NA,NA,NA,NA,NA,NA,5,VB,5,FALSE
BG-MT1-P76,Banara guianensis,October 16 2025,XP211-PR,3,C,9,C9,NA,NA,NA,NA,NA,NA,NA,NA,NA,NA,NA,NA,NA,NA,BG,1,FALSE
PG-MT4-P11,Pouruma guianensis,Friday 13 2026,XP211-PR,3,C,10,C10,1,1,0,0.5,NA,NA,NA,NA,NA,NA,NA,NA,NA,0.5,PG,4,FALSE
BP-MT3-P24,Bauhinia pichinchensis,Friday 13 2026,XP211-PR,3,C,11,C11,2,0,0,NA,NA,NA,NA,NA,NA,NA,NA,NA,NA,0,BP,3,FALSE
PA-MT7-P13,Piper aduncum,October 16 2025,XP211-PR,3,C,13,C13,30,9,0,0.5,1,0.5,5,5,0.5,25,5,1,NA,1,PA,7,FALSE
BS-MT6-P69,Bactris setulosa,December 9 2025,XP211-PR,3,C,14,C14,1,1,0,25,NA,NA,NA,NA,NA,NA,NA,NA,NA,25,BS,6,FALSE
CH-MT3-P69,Cecropia hispidissima,October 16 2025,XP211-PR,3,C,16,C16,14,13,0,5,7.5,10,10,5,1,2.5,2.5,5,5,5,CH,3,FALSE
AE-MT4-P6,Annona edulis,Friday 13 2026,XP211-PR,4,A,1,A1,11,4,0,17.5,2.5,1,5,NA,NA,NA,NA,NA,NA,5,AE,4,FALSE
PG-MT5-P17,Pouruma guianensis,Friday 13 2026,XP211-PR,4,A,2,A2,2,0,0,NA,NA,NA,NA,NA,NA,NA,NA,NA,NA,0,PG,5,FALSE
MC-MT1-P70,Miconia conocuatrecasasii,October 16 2025,XP211-PR,4,A,3,A3,15,12,0,0.5,0.5,2.5,50,20,15,2.5,5,5,2.5,2.5,MC,1,FALSE
IS-MT2-P76,Inga silanchensis,April 4 2025,XP211-PR,4,A,4,A4,19,13,8,0.5,2.5,5,5,2.5,15,20,0.5,25,2.5,1,IS,2,FALSE
CP-MT3-P12,Carapa guianensis,May 22 2025,XP211-PR,4,A,5,A5,8,7,2,1,1,1,25,0.5,10,20,NA,NA,NA,2.5,CP,3,FALSE
BS-MT5-P37,Bactris setulosa,October 16 2025,XP211-PR,4,A,6,A6,2,1,0,50,NA,NA,NA,NA,NA,NA,NA,NA,NA,5,BS,5,FALSE
CH-MT4-P56,Cecropia hispidissima,October 16 2025,XP211-PR,4,A,7,A7,15,15,0,15,5,10,10,10,5,10,5,7.5,2.5,5,CH,4,FALSE
BP-MT4-P85,Bauhinia pichinchensis,Friday 13 2026,XP211-PR,4,A,9,A9,3,3,0,50,10,5,10,NA,NA,NA,NA,NA,NA,2.5,BP,4,FALSE
PA-MT3-P1,Piper aduncum,April 4 2025,XP211-PR,4,A,10,A10,56,23,0,0.5,15,10,55,1,1,0.5,10,12.5,5,1,PA,3,FALSE
BU-MT4-P67,Brosimum utile,October 16 2025,XP211-PR,4,A,11,A11,4,1,2,5,NA,NA,NA,NA,NA,NA,NA,NA,NA,1,BU,4,FALSE
OP-MT9-P42,Ochroma pyramidale,April 4 2025,XP211-PR,4,A,12,A12,158,158,NA,2.5,10,1,10,5,5,5,10,5,5,5,OP,9,FALSE
EA-MT4-P44,Ecuadendron acosta-solisianum,Friday 13 2026,XP211-PR,4,A,13,A13,20,9,0,70,25,5,1,0.5,1,0.5,1,1,NA,2.5,EA,4,FALSE
BG-MT2-P36,Banara guianensis,October 16 2025,XP211-PR,4,A,15,A15,32,2,20,0.5,0.5,NA,NA,NA,NA,NA,NA,NA,NA,0.5,BG,2,FALSE
CH-MT5-P21,Cecropia hispidissima,October 15 2025,XP212-PR,1,A,1,A1,16,15,13,0.5,0.5,45,1,5,5,5,5,2.5,0.5,2.5,CH,5,FALSE
BS-MT5-P12,Bactris setulosa,October 15 2025,XP212-PR,1,A,2,A2,1,0,0,NA,NA,NA,NA,NA,NA,NA,NA,NA,NA,0,BS,5,FALSE
EA-MT4-P7,Ecuadendron acosta-solisianum,May 19 2025,XP212-PR,1,A,3,A3,29,12,7,7.5,1,1,1,5,10,1,5,1,0.5,1,EA,4,FALSE
MC-MT3-P3,Miconia conocuatrecasasii,October 15 2025,XP212-PR,1,A,4,A4,8,7,0,25,10,0.5,5,1,25,30,NA,NA,NA,15,MC,3,FALSE
VB-MT4-P19,Vismia baccifera,March 13 2026,XP212-PR,1,A,5,A5,3,3,0,5,7.5,0.5,NA,NA,NA,NA,NA,NA,NA,5,VB,4,FALSE
BP-MT1-P45,Bauhinia pichinchensis,March 13 2026,XP212-PR,1,A,6,A6,NA,NA,NA,NA,NA,NA,NA,NA,NA,NA,NA,NA,NA,NA,BP,1,FALSE
PA-MT6-P75,Piper aduncum,May 19 2025,XP212-PR,1,A,7,A7,17,9,0,1,5,2.5,10,1,2.5,1,0.5,0.5,NA,1,PA,6,FALSE
OP-MT2-P36,Ochroma pyramidale,April 2 2025,XP212-PR,1,A,8,A8,28,23,0,15,5,2.5,7.5,10,15,20,15,10,15,17.5,OP,2,FALSE
IS-MT3-P37,Inga silanchensis,April 2 2025,XP212-PR,1,A,9,A9,NA,NA,NA,NA,NA,NA,NA,NA,NA,NA,NA,NA,NA,NA,IS,3,FALSE
CP-MT3-P15,Carapa guianensis,May 19 2025,XP212-PR,1,A,10,A10,NA,NA,NA,NA,NA,NA,NA,NA,NA,NA,NA,NA,NA,NA,CP,3,FALSE
CP-MT5-P78,Carapa guianensis,March 13 2026,XP212-PR,1,A,10,A10,10,3,0,0.5,1,2.5,NA,NA,NA,NA,NA,NA,NA,1,CP,5,FALSE
AE-MT1-P6,Annona edulis,March 13 2026,XP212-PR,1,A,12,A12,7,6,0,40,10,0.5,5,0.5,0.5,NA,NA,NA,NA,5,AE,1,FALSE
PG-MT2-P22,Pouruma guianensis,March 13 2026,XP212-PR,1,A,13,A13,4,0,0,NA,NA,NA,NA,NA,NA,NA,NA,NA,NA,0,PG,2,FALSE
BG-MT4-P49,Banara guianensis,October 15 2025,XP212-PR,1,A,14,A14,17,3,NA,1,0.5,10,NA,NA,NA,NA,NA,NA,NA,1,BG,4,FALSE
BU-MT2-P36,Brosimum utile,October 15 2025,XP212-PR,1,A,15,A15,2,1,1,0.5,NA,NA,NA,NA,NA,NA,NA,NA,NA,0.5,BU,2,FALSE
DC-MT4-P23,Dacryodes cupularis,October 15 2025,XP212-PR,1,A,16,A16,2,2,0,25,1,NA,NA,NA,NA,NA,NA,NA,NA,10,DC,4,FALSE
EA-MT2-P11,Ecuadendron acosta-solisianum,May 19 2025,XP212-PR,1,B,1,B1,NA,NA,NA,NA,NA,NA,NA,NA,NA,NA,NA,NA,NA,NA,EA,2,FALSE
EA-MT2-P100,Ecuadendron acosta-solisianum,December 9 2025,XP212-PR,1,B,1,B1,NA,NA,NA,NA,NA,NA,NA,NA,NA,NA,NA,NA,NA,NA,EA,2,FALSE
CP-MT5-P55,Carapa guianensis,October 15 2025,XP212-PR,1,B,2,B2,7,4,NA,5,0.5,1,50,NA,NA,NA,NA,NA,NA,30,CP,5,FALSE
BU-MT3-P20,Brosimum utile,October 15 2025,XP212-PR,1,B,3,B3,NA,NA,NA,NA,NA,NA,NA,NA,NA,NA,NA,NA,NA,NA,BU,3,FALSE
BU-MT3-P82,Brosimum utile,March 13 2026,XP212-PR,1,B,3,B3,1,0,NA,NA,NA,NA,NA,NA,NA,NA,NA,NA,NA,0,BU,3,FALSE
CH-MT4-P66,Cecropia hispidissima,October 15 2025,XP212-PR,1,B,4,B4,6,6,5,1,0.5,1,0.5,5,2.5,NA,NA,NA,NA,2.5,CH,4,FALSE
AE-MT2-P3,Annona edulis,March 13 2026,XP212-PR,1,B,5,B5,2,1,0,90,NA,NA,NA,NA,NA,NA,NA,NA,NA,85,AE,2,FALSE
PA-MT6-P54,Piper aduncum,May 19 2025,XP212-PR,1,B,6,B6,NA,NA,NA,NA,NA,NA,NA,NA,NA,NA,NA,NA,NA,NA,PA,6,FALSE
PA-MT6-P56,Piper aduncum,December 9 2025,XP212-PR,1,B,6,B6,NA,NA,NA,NA,NA,NA,NA,NA,NA,NA,NA,NA,NA,NA,PA,6,FALSE
IS-MT2-P67,Inga silanchensis,April 2 2025,XP212-PR,1,B,7,B7,13,8,NA,1,7.5,0.5,1,1,1,0.5,5,NA,NA,1,IS,2,FALSE
PG-MT2-P49,Pouruma guianensis,March 13 2026,XP212-PR,1,B,8,B8,NA,NA,NA,NA,NA,NA,NA,NA,NA,NA,NA,NA,NA,NA,PG,2,FALSE
OP-MT8-P67,Ochroma pyramidale,May 19 2025,XP212-PR,1,B,9,B9,NA,NA,NA,NA,NA,NA,NA,NA,NA,NA,NA,NA,NA,NA,OP,8,FALSE
OP-MT8-P60,Ochroma pyramidale,December 9 2025,XP212-PR,1,B,9,B9,3,0,0,NA,NA,NA,NA,NA,NA,NA,NA,NA,NA,0,OP,8,FALSE
VB-MT3-P33,Vismia baccifera,March 13 2026,XP212-PR,1,B,10,B10,2,1,NA,5,NA,NA,NA,NA,NA,NA,NA,NA,NA,5,VB,3,FALSE
BS-MT6-P14,Bactris setulosa,October 15 2025,XP212-PR,1,B,12,B12,3,3,NA,40,5,50,NA,NA,NA,NA,NA,NA,NA,35,BS,6,FALSE
DC-MT2-P12,Dacryodes cupularis,March 13 2026,XP212-PR,1,B,13,B13,NA,NA,NA,NA,NA,NA,NA,NA,NA,NA,NA,NA,NA,NA,DC,2,FALSE
BP-MT2-P11,Bauhinia pichinchensis,March 13 2026,XP212-PR,1,B,14,B14,1,0,0,NA,NA,NA,NA,NA,NA,NA,NA,NA,NA,0,BP,2,FALSE
BG-MT4-P54,Banara guianensis,October 15 2025,XP212-PR,1,B,15,B15,NA,NA,NA,NA,NA,NA,NA,NA,NA,NA,NA,NA,NA,NA,BG,4,FALSE
CP-MT5-P32,Carapa guianensis,October 15 2025,XP212-PR,1,C,1,C1,6,6,6,1,2.5,1,5,5,5,NA,NA,NA,NA,2.5,CP,5,FALSE
BU-MT1-P39,Brosimum utile,May 19 2025,XP212-PR,1,C,2,C2,NA,NA,NA,NA,NA,NA,NA,NA,NA,NA,NA,NA,NA,NA,BU,1,FALSE
BU-MT1-P64,Brosimum utile,December 9 2025,XP212-PR,1,C,2,C2,3,2,0,1,0.5,NA,NA,NA,NA,NA,NA,NA,NA,0.5,BU,1,FALSE
AE-MT2-P6,Annona edulis,March 13 2026,XP212-PR,1,C,3,C3,6,5,NA,10,1,2.5,0.5,0.5,NA,NA,NA,NA,NA,1,AE,2,FALSE
EA-MT5-P31,Ecuadendron acosta-solisianum,December 9 2025,XP212-PR,1,C,4,C4,14,8,NA,2.5,5,2.5,1,2.5,2.5,2.5,5,NA,NA,2.5,EA,5,FALSE
CH-MT4-P70,Cecropia hispidissima,October 15 2025,XP212-PR,1,C,5,C5,3,1,NA,2.5,NA,NA,NA,NA,NA,NA,NA,NA,NA,2.5,CH,4,FALSE
IS-MT5-P44,Inga silanchensis,April 2 2025,XP212-PR,1,C,6,C6,NA,NA,NA,NA,NA,NA,NA,NA,NA,NA,NA,NA,NA,NA,IS,5,FALSE
IS-MT5-P65,Inga silanchensis,March 13 2026,XP212-PR,1,C,6,C6,7,6,NA,90,95,90,10,1,1,NA,NA,NA,NA,15,IS,5,FALSE
PG-MT4-P18,Pouruma guianensis,March 13 2026,XP212-PR,1,C,7,C7,NA,NA,NA,NA,NA,NA,NA,NA,NA,NA,NA,NA,NA,NA,PG,4,FALSE
DC-MT5-P23,Dacryodes cupularis,October 15 2025,XP212-PR,1,C,8,C8,NA,NA,NA,NA,NA,NA,NA,NA,NA,NA,NA,NA,NA,NA,DC,5,FALSE
VB-MT3-P43,Vismia baccifera,March 13 2026,XP212-PR,1,C,9,C9,4,2,NA,10,2.5,NA,NA,NA,NA,NA,NA,NA,NA,7.5,VB,3,FALSE
BP-MT2-P5,Bauhinia pichinchensis,March 13 2026,XP212-PR,1,C,10,C10,4,2,NA,25,50,NA,NA,NA,NA,NA,NA,NA,NA,25,BP,2,FALSE
OP-MT6-P44,Ochroma pyramidale,May 19 2025,XP212-PR,1,C,11,C11,NA,NA,NA,NA,NA,NA,NA,NA,NA,NA,NA,NA,NA,NA,OP,6,FALSE
OP-MT2-P26,Ochroma pyramidale,December 9 2025,XP212-PR,1,C,11,C11,4,1,NA,2.5,NA,NA,NA,NA,NA,NA,NA,NA,NA,1,OP,2,FALSE
BS-MT6-P68,Bactris setulosa,December 9 2025,XP212-PR,1,C,12,C12,1,1,NA,1,NA,NA,NA,NA,NA,NA,NA,NA,NA,1,BS,6,FALSE
BG-MT5-P73,Banara guianensis,October 15 2025,XP212-PR,1,C,16,C16,10,3,NA,80,5,5,NA,NA,NA,NA,NA,NA,NA,10,BG,5,FALSE
DC-MT3-P28,Dacryodes cupularis,October 15 2025,XP212-PR,2,A,1,A1,NA,NA,NA,NA,NA,NA,NA,NA,NA,NA,NA,NA,NA,NA,DC,3,FALSE
PG-MT3-P2,Pouruma guianensis,March 13 2026,XP212-PR,2,A,2,A2,1,1,NA,5,NA,NA,NA,NA,NA,NA,NA,NA,NA,5,PG,3,FALSE
CP-MT1-P15,Carapa guianensis,October 15 2025,XP212-PR,2,A,3,A3,NA,NA,NA,NA,NA,NA,NA,NA,NA,NA,NA,NA,NA,NA,CP,1,FALSE
OP-MT9-P48,Ochroma pyramidale,April 2 2025,XP212-PR,2,A,4,A4,NA,NA,NA,NA,NA,NA,NA,NA,NA,NA,NA,NA,NA,NA,OP,9,FALSE
OP-MT9-P51,Ochroma pyramidale,December 9 2025,XP212-PR,2,A,4,A4,4,0,0,NA,NA,NA,NA,NA,NA,NA,NA,NA,NA,0,OP,9,FALSE
BU-MT5-P15,Brosimum utile,October 15 2025,XP212-PR,2,A,5,A5,2,2,NA,75,1,NA,NA,NA,NA,NA,NA,NA,NA,45,BU,5,FALSE
BS-MT6-P26,Bactris setulosa,October 15 2025,XP212-PR,2,A,6,A6,5,5,NA,5,50,10,2.5,0.5,NA,NA,NA,NA,NA,15,BS,6,FALSE
MC-MT1-P62,Miconia conocuatrecasasii,October 15 2025,XP212-PR,2,A,7,A7,19,10,NA,0.5,5,1,2.5,5,0.5,1,2.5,1,5,1,MC,1,FALSE
BG-MT3-P57,Banara guianensis,October 15 2025,XP212-PR,2,A,8,A8,10,7,NA,0.5,25,10,5,0.5,2.5,1,NA,NA,NA,5,BG,3,FALSE
BP-MT1-P64,Bauhinia pichinchensis,March 13 2026,XP212-PR,2,A,9,A9,1,0,0,NA,NA,NA,NA,NA,NA,NA,NA,NA,NA,0,BP,1,FALSE
IS-MT5-P17,Inga silanchensis,April 2 2025,XP212-PR,2,A,10,A10,30,5,2,5,0.5,0.5,0.5,0.5,NA,NA,NA,NA,NA,0.5,IS,5,FALSE
EA-MT1-P37,Ecuadendron acosta-solisianum,December 9 2025,XP212-PR,2,A,11,A11,17,10,NA,1,1,1,2.5,2.5,10,15,2.5,1,0.5,1,EA,1,FALSE
PA-MT3-P24,Piper aduncum,April 2 2025,XP212-PR,2,A,12,A12,21,9,NA,0.5,0.5,5,5,10,5,0.5,0.5,10,NA,2.5,PA,3,FALSE
AE-MT4-P60,Annona edulis,March 13 2026,XP212-PR,2,A,14,A14,4,4,NA,1,5,1,5,NA,NA,NA,NA,NA,NA,2.5,AE,4,FALSE
VB-MT2-P55,Vismia baccifera,March 13 2026,XP212-PR,2,A,15,A15,4,3,NA,5,0.5,1,NA,NA,NA,NA,NA,NA,NA,5,VB,2,FALSE
CH-MT5-P32,Cecropia hispidissima,October 15 2025,XP212-PR,2,A,16,A16,NA,NA,NA,NA,NA,NA,NA,NA,NA,NA,NA,NA,NA,NA,CH,5,FALSE
CH-MT5-P53,Cecropia hispidissima,March 13 2026,XP212-PR,2,A,16,A16,8,7,NA,10,2.5,1,10,1,0.5,5,NA,NA,NA,7.5,CH,5,FALSE
BU-MT3-P66,Brosimum utile,October 15 2025,XP212-PR,2,B,2,B2,4,1,NA,25,NA,NA,NA,NA,NA,NA,NA,NA,NA,7.5,BU,3,FALSE
CP-MT4-P42,Carapa guianensis,May 19 2025,XP212-PR,2,B,3,B3,NA,NA,NA,NA,NA,NA,NA,NA,NA,NA,NA,NA,NA,NA,CP,4,FALSE
CP-MT5-P81,Carapa guianensis,March 13 2026,XP212-PR,2,B,3,B3,0,0,0,NA,NA,NA,NA,NA,NA,NA,NA,NA,NA,0,CP,5,FALSE
VB-MT2-P75,Vismia baccifera,March 13 2026,XP212-PR,2,B,5,B5,5,4,NA,10,10,1,80,NA,NA,NA,NA,NA,NA,10,VB,2,FALSE
BP-MT1-P12,Bauhinia pichinchensis,March 13 2026,XP212-PR,2,B,7,B7,1,0,NA,NA,NA,NA,NA,NA,NA,NA,NA,NA,NA,0,BP,1,FALSE
DC-MT4-P41,Dacryodes cupularis,October 15 2025,XP212-PR,2,B,8,B8,NA,NA,NA,NA,NA,NA,NA,NA,NA,NA,NA,NA,NA,NA,DC,4,FALSE
BG-MT3-P83,Banara guianensis,October 15 2025,XP212-PR,2,B,9,B9,39,14,NA,1,50,25,25,10,15,0.5,15,0.5,5,2.5,BG,3,FALSE
PG-MT3-P46,Pouruma guianensis,March 13 2026,XP212-PR,2,B,10,B10,1,0,0,NA,NA,NA,NA,NA,NA,NA,NA,NA,NA,0,PG,3,FALSE
MC-MT1-P25,Miconia conocuatrecasasii,October 15 2025,XP212-PR,2,B,11,B11,49,33,NA,0.5,0.5,1,7.5,1,1,10,1,0.5,5,1,MC,1,FALSE
CH-MT3-P1,Cecropia hispidissima,October 15 2025,XP212-PR,2,B,12,B12,17,14,14,5,7.5,30,7.5,5,2.5,5,NA,NA,NA,NA,CH,3,FALSE
IS-MT5-P13,Inga silanchensis,December 9 2025,XP212-PR,2,B,13,B13,5,5,NA,7.5,1,1,10,0.5,5,5,5,7.5,5,5,IS,5,FALSE
BS-MT6-P51,Bactris setulosa,December 9 2025,XP212-PR,2,B,14,B14,2,2,NA,0.5,30,NA,NA,NA,NA,NA,NA,NA,NA,NA,BS,6,FALSE
AE-MT5-P25,Annona edulis,March 13 2026,XP212-PR,2,B,15,B15,2,1,NA,10,NA,NA,NA,NA,NA,NA,NA,NA,NA,7.5,AE,5,FALSE
EA-MT5-P30,Ecuadendron acosta-solisianum,December 9 2025,XP212-PR,2,B,16,B16,18,10,NA,2.5,10,15,15,5,5,7.5,5,0.5,2.5,5,EA,5,FALSE
DC-MT1-P73,Dacryodes cupularis,March 13 2026,XP212-PR,2,C,2,C2,NA,NA,NA,NA,NA,NA,NA,NA,NA,NA,NA,NA,NA,NA,DC,1,FALSE
BU-MT4-P35,Brosimum utile,October 15 2025,XP212-PR,2,C,3,C3,NA,NA,NA,NA,NA,NA,NA,NA,NA,NA,NA,NA,NA,NA,BU,4,FALSE
BU-MT3-P77,Brosimum utile,March 13 2026,XP212-PR,2,C,3,C3,0,0,0,NA,NA,NA,NA,NA,NA,NA,NA,NA,NA,0,BU,3,FALSE
BS-MT7-P25,Bactris setulosa,October 15 2025,XP212-PR,2,C,4,C4,4,2,NA,50,10,NA,NA,NA,NA,NA,NA,NA,NA,20,BS,7,FALSE
EA-MT5-P14,Ecuadendron acosta-solisianum,December 9 2025,XP212-PR,2,C,5,C5,12,6,NA,1,1,5,5,1,0.5,NA,NA,NA,NA,1,EA,5,FALSE
CH-MT1-P8,Cecropia hispidissima,May 19 2025,XP212-PR,2,C,6,C6,NA,NA,NA,NA,NA,NA,NA,NA,NA,NA,NA,NA,NA,NA,CH,1,FALSE
CH-MT3-P87,Cecropia hispidissima,March 13 2026,XP212-PR,2,C,6,C6,NA,NA,NA,NA,NA,NA,NA,NA,NA,NA,NA,NA,NA,NA,CH,3,FALSE
OP-MT7-P8,Ochroma pyramidale,May 19 2025,XP212-PR,2,C,7,C7,NA,NA,NA,NA,NA,NA,NA,NA,NA,NA,NA,NA,NA,NA,OP,7,FALSE
OP-MT7-P63,Ochroma pyramidale,December 9 2025,XP212-PR,2,C,7,C7,NA,NA,NA,NA,NA,NA,NA,NA,NA,NA,NA,NA,NA,NA,OP,7,FALSE
AE-MT2-P52,Annona edulis,March 13 2026,XP212-PR,2,C,9,C9,5,3,NA,0.5,0.5,1,NA,NA,NA,NA,NA,NA,NA,0.5,AE,2,FALSE
IS-MT4-P41,Inga silanchensis,May 19 2025,XP212-PR,2,C,10,C10,NA,NA,NA,NA,NA,NA,NA,NA,NA,NA,NA,NA,NA,NA,IS,4,FALSE
IS-MT5-P9,Inga silanchensis,December 9 2025,XP212-PR,2,C,10,C10,1,1,NA,0.5,NA,NA,NA,NA,NA,NA,NA,NA,NA,0.5,IS,5,FALSE
BG-MT2-P68,Banara guianensis,October 15 2025,XP212-PR,2,C,11,C11,NA,NA,NA,NA,NA,NA,NA,NA,NA,NA,NA,NA,NA,NA,BG,2,FALSE
PG-MT4-P48,Pouruma guianensis,March 13 2026,XP212-PR,2,C,12,C12,6,4,NA,1,2.5,1,1,NA,NA,NA,NA,NA,NA,1,PG,4,FALSE
PA-MT7-P8,Piper aduncum,October 15 2025,XP212-PR,2,C,13,C13,82,33,NA,0.5,2.5,5,1,1,0.5,7.5,10,15,10,2.5,PA,7,FALSE
BP-MT4-P15,Bauhinia pichinchensis,March 13 2026,XP212-PR,2,C,14,C14,2,2,NA,5,40,NA,NA,NA,NA,NA,NA,NA,NA,20,BP,4,FALSE
MC-MT3-P38,Miconia conocuatrecasasii,October 15 2025,XP212-PR,2,C,15,C15,10,8,NA,25,20,12.5,2.5,25,50,60,10,NA,NA,10,MC,3,FALSE
VB-MT1-P33,Vismia baccifera,October 15 2025,XP212-PR,2,C,16,C16,137,42,NA,5,2.5,10,10,7.5,2.5,1,1,20,15,2.5,VB,1,FALSE
OP-MT9-P49,Ochroma pyramidale,April 2 2025,XP212-PR,3,A,1,A1,NA,NA,NA,NA,NA,NA,NA,NA,NA,NA,NA,NA,NA,NA,OP,9,FALSE
BG-MT1-P36,Banara guianensis,October 15 2025,XP212-PR,3,A,2,A2,25,8,1,10,10,20,5,15,10,5,7.5,NA,NA,5,BG,1,FALSE
BU-MT4-P47,Brosimum utile,October 15 2025,XP212-PR,3,A,3,A3,8,2,3,2.5,5,NA,NA,NA,NA,NA,NA,NA,NA,1,BU,4,FALSE
VB-MT3-P30,Vismia baccifera,March 13 2026,XP212-PR,3,A,4,A4,4,2,0,1,35,NA,NA,NA,NA,NA,NA,NA,NA,15,VB,3,FALSE
EA-MT2-P43,Ecuadendron acosta-solisianum,March 13 2026,XP212-PR,3,A,5,A5,13,11,NA,25,25,15,1,25,25,17.5,15,5,1,5,EA,2,FALSE
PG-MT4-P15,Pouruma guianensis,March 13 2026,XP212-PR,3,A,6,A6,2,1,NA,0.5,NA,NA,NA,NA,NA,NA,NA,NA,NA,0.5,PG,4,FALSE
CH-MT1-P24,Cecropia hispidissima,May 19 2025,XP212-PR,3,A,7,A7,NA,NA,NA,NA,NA,NA,NA,NA,NA,NA,NA,NA,NA,NA,CH,1,FALSE
CH-MT2-P49,Cecropia hispidissima,March 13 2026,XP212-PR,3,A,7,A7,3,1,NA,0.5,NA,NA,NA,NA,NA,NA,NA,NA,NA,0.5,CH,2,FALSE
PA-MT3-P19,Piper aduncum,April 2 2025,XP212-PR,3,A,8,A8,21,9,NA,0.5,5,0.5,1,5,10,5,5,1,NA,1,PA,3,FALSE
AE-MT3-P8,Annona edulis,March 13 2026,XP212-PR,3,A,9,A9,5,2,NA,5,2.5,NA,NA,NA,NA,NA,NA,NA,NA,2.5,AE,3,FALSE
IS-MT3-P84,Inga silanchensis,April 2 2025,XP212-PR,3,A,10,A10,2,2,NA,1,20,NA,NA,NA,NA,NA,NA,NA,NA,10,IS,3,FALSE
CP-MT4-P64,Carapa guianensis,May 19 2025,XP212-PR,3,A,11,A11,NA,NA,NA,NA,NA,NA,NA,NA,NA,NA,NA,NA,NA,NA,CP,4,FALSE
CP-MT5-P83,Carapa guianensis,March 13 2026,XP212-PR,3,A,11,A11,0,0,0,NA,NA,NA,NA,NA,NA,NA,NA,NA,NA,0,CP,5,FALSE
BS-MT5-P51,Bactris setulosa,December 9 2025,XP212-PR,3,A,12,A12,2,1,NA,25,NA,NA,NA,NA,NA,NA,NA,NA,NA,25,BS,5,FALSE
DC-MT1-P68,Dacryodes cupularis,October 15 2025,XP212-PR,3,A,13,A13,NA,NA,NA,NA,NA,NA,NA,NA,NA,NA,NA,NA,NA,NA,DC,1,FALSE
MC-MT1-P20,Miconia conocuatrecasasii,October 15 2025,XP212-PR,3,A,15,A15,13,6,NA,20,20,40,5,10,25,NA,NA,NA,NA,10,MC,1,FALSE
BP-MT2-P46,Bauhinia pichinchensis,March 13 2026,XP212-PR,3,A,16,A16,NA,NA,NA,NA,NA,NA,NA,NA,NA,NA,NA,NA,NA,NA,BP,2,FALSE
PG-MT3-P10,Pouruma guianensis,March 13 2026,XP212-PR,3,B,1,B1,1,1,NA,75,NA,NA,NA,NA,NA,NA,NA,NA,NA,75,PG,3,FALSE
MC-MT3-P49,Miconia conocuatrecasasii,October 15 2025,XP212-PR,3,B,3,B3,15,10,NA,15,5,50,75,60,30,25,5,70,5,25,MC,3,FALSE
CH-MT2-P36,Cecropia hispidissima,October 15 2025,XP212-PR,3,B,4,B4,11,11,3,5,1,5,1,5,1,1,0.5,1,1,2.5,CH,2,FALSE
BG-MT1-P20,Banara guianensis,October 15 2025,XP212-PR,3,B,5,B5,29,2,NA,0.5,30,NA,NA,NA,NA,NA,NA,NA,NA,2.5,BG,1,FALSE
AE-MT3-P50,Annona edulis,March 13 2026,XP212-PR,3,B,7,B7,5,4,NA,2.5,5,0.5,0.5,NA,NA,NA,NA,NA,NA,1,AE,3,FALSE
CP-MT2-P36,Carapa guianensis,May 19 2025,XP212-PR,3,B,8,B8,5,5,2,0.5,5,10,50,30,NA,NA,NA,NA,NA,15,CP,2,FALSE
EA-MT3-P22,Ecuadendron acosta-solisianum,May 19 2025,XP212-PR,3,B,9,B9,8,5,2,1,0.5,40,50,0.5,NA,NA,NA,NA,NA,10,EA,3,FALSE
DC-MT1-P14,Dacryodes cupularis,October 15 2025,XP212-PR,3,B,10,B10,NA,NA,NA,NA,NA,NA,NA,NA,NA,NA,NA,NA,NA,NA,DC,1,FALSE
BU-MT5-P8,Brosimum utile,October 15 2025,XP212-PR,3,B,12,B12,6,0,0,NA,NA,NA,NA,NA,NA,NA,NA,NA,NA,0,BU,5,FALSE
VB-MT5-P57,Vismia baccifera,March 13 2026,XP212-PR,3,B,13,B13,3,1,NA,25,NA,NA,NA,NA,NA,NA,NA,NA,NA,20,VB,5,FALSE
BS-MT1-P64,Bactris setulosa,December 9 2025,XP212-PR,3,B,14,B14,1,1,NA,90,NA,NA,NA,NA,NA,NA,NA,NA,NA,90,BS,1,FALSE
PA-MT3-P62,Piper aduncum,March 13 2026,XP212-PR,3,B,15,B15,4,2,NA,30,40,NA,NA,NA,NA,NA,NA,NA,NA,25,PA,3,FALSE
BP-MT3-P31,Bauhinia pichinchensis,March 13 2026,XP212-PR,3,B,16,B16,0,0,0,NA,NA,NA,NA,NA,NA,NA,NA,NA,NA,0,BP,3,FALSE
CH-MT4-P84,Cecropia hispidissima,October 15 2025,XP212-PR,3,C,1,C1,9,8,3,0.5,1,1,10,20,5,5,0.5,NA,NA,2.5,CH,4,FALSE
CP-MT2-P31,Carapa guianensis,May 19 2025,XP212-PR,3,C,2,C2,3,3,2,2.5,1,5,NA,NA,NA,NA,NA,NA,NA,2.5,CP,2,FALSE
BU-MT2-P12,Brosimum utile,October 15 2025,XP212-PR,3,C,3,C3,5,0,NA,NA,NA,NA,NA,NA,NA,NA,NA,NA,NA,0,BU,2,FALSE
EA-MT2-P26,Ecuadendron acosta-solisianum,March 13 2026,XP212-PR,3,C,4,C4,5,5,0,75,40,10,5,0.5,NA,NA,NA,NA,NA,15,EA,2,FALSE
OP-MT8-P18,Ochroma pyramidale,May 19 2025,XP212-PR,3,C,5,C5,81,64,NA,5,2.5,30,5,10,1,5,5,10,1,5,OP,8,FALSE
BP-MT4-P37,Bauhinia pichinchensis,March 13 2026,XP212-PR,3,C,6,C6,1,1,NA,60,NA,NA,NA,NA,NA,NA,NA,NA,NA,60,BP,4,FALSE
BG-MT1-P39,Banara guianensis,October 15 2025,XP212-PR,3,C,7,C7,77,16,19,10,25,1,10,0.5,20,15,0.5,1,5,1,BG,1,FALSE
MC-MT2-P59,Miconia conocuatrecasasii,October 15 2025,XP212-PR,3,C,8,C8,31,17,0,2.5,2.5,5,10,5,15,2.5,25,5,1,5,MC,2,FALSE
AE-MT1-P60,Annona edulis,March 13 2026,XP212-PR,3,C,9,C9,1,1,NA,5,NA,NA,NA,NA,NA,NA,NA,NA,NA,5,AE,1,FALSE
IS-MT1-P7,Inga silanchensis,May 19 2025,XP212-PR,3,C,10,C10,15,15,6,1,0.5,2.5,0.5,5,20,2.5,0.5,0.5,0.5,2.5,IS,1,FALSE
BS-MT1-P62,Bactris setulosa,December 9 2025,XP212-PR,3,C,11,C11,2,2,NA,2.5,7.5,NA,NA,NA,NA,NA,NA,NA,NA,5,BS,1,FALSE
DC-MT5-P13,Dacryodes cupularis,October 15 2025,XP212-PR,3,C,13,C13,4,4,NA,0.5,1,0.5,0.5,NA,NA,NA,NA,NA,NA,0.5,DC,5,FALSE
VB-MT1-P43,Vismia baccifera,October 15 2025,XP212-PR,3,C,16,C16,224,11,0,5,1,0.5,0.5,0.5,0.5,0.5,0.5,0.5,0.5,0.5,VB,1,FALSE
VB-MT5-P69,Vismia baccifera,March 13 2026,XP212-PR,4,A,1,A1,3,0,NA,NA,NA,NA,NA,NA,NA,NA,NA,NA,NA,0,VB,5,FALSE
CH-MT3-P79,Cecropia hispidissima,October 15 2025,XP212-PR,4,A,2,A2,9,8,NA,5,5,7.5,0.5,2.5,7.5,5,1,NA,NA,2.5,CH,3,FALSE
IS-MT2-P3,Inga silanchensis,December 9 2025,XP212-PR,4,A,3,A3,3,2,NA,0.5,5,NA,NA,NA,NA,NA,NA,NA,NA,2.5,IS,2,FALSE
AE-MT1-P10,Annona edulis,March 13 2026,XP212-PR,4,A,4,A4,3,2,NA,0.5,0.5,NA,NA,NA,NA,NA,NA,NA,NA,0.5,AE,1,FALSE
OP-MT2-P32,Ochroma pyramidale,April 2 2025,XP212-PR,4,A,5,A5,61,51,NA,5,1,2.5,20,10,20,5,2.5,2.5,5,10,OP,2,FALSE
CP-MT1-P31,Carapa guianensis,October 15 2025,XP212-PR,4,A,6,A6,9,3,1,0.5,0.5,2.5,NA,NA,NA,NA,NA,NA,NA,0.5,CP,1,FALSE
BU-MT1-P49,Brosimum utile,May 19 2025,XP212-PR,4,A,7,A7,10,3,5,5,0.5,1,NA,NA,NA,NA,NA,NA,NA,0.5,BU,1,FALSE
BS-MT6-P78,Bactris setulosa,December 9 2025,XP212-PR,4,A,8,A8,4,3,NA,0.5,1,50,NA,NA,NA,NA,NA,NA,NA,25,BS,6,FALSE
DC-MT3-P16,Dacryodes cupularis,October 15 2025,XP212-PR,4,A,9,A9,3,2,NA,5,0.5,NA,NA,NA,NA,NA,NA,NA,NA,2.5,DC,3,FALSE
PA-MT3-P51,Piper aduncum,December 9 2025,XP212-PR,4,A,10,A10,16,10,NA,5,10,0.5,1,0.5,0.5,2.5,7.5,20,2.5,7.5,PA,3,FALSE
PG-MT5-P22,Pouruma guianensis,March 13 2026,XP212-PR,4,A,11,A11,5,4,NA,1,2.5,1,0.5,NA,NA,NA,NA,NA,NA,NA,PG,5,FALSE
BP-MT4-P81,Bauhinia pichinchensis,March 13 2026,XP212-PR,4,A,12,A12,NA,NA,NA,NA,NA,NA,NA,NA,NA,NA,NA,NA,NA,NA,BP,4,FALSE
EA-MT1-P85,Ecuadendron acosta-solisianum,March 13 2026,XP212-PR,4,A,14,A14,18,16,NA,20,15,5,5,2.5,1,0.5,20,7.5,10,NA,EA,1,FALSE
BG-MT5-P38,Banara guianensis,October 15 2025,XP212-PR,4,A,15,A15,111,20,NA,5,50,15,5,25,10,20,5,10,2.5,5,BG,5,FALSE
AE-MT4-P32,Annona edulis,March 13 2026,XP212-PR,4,B,3,B3,3,2,NA,10,2.5,NA,NA,NA,NA,NA,NA,NA,NA,5,AE,4,FALSE
IS-MT1-P9,Inga silanchensis,May 19 2025,XP212-PR,4,B,4,B4,6,6,NA,0.5,0.5,0.5,7.5,10,5,NA,NA,NA,NA,5,IS,1,FALSE
OP-MT6-P8,Ochroma pyramidale,May 19 2025,XP212-PR,4,B,6,B6,175,166,NA,50,1,2.5,0.5,5,5,10,5,7.5,7.5,7.5,OP,6,FALSE
PG-MT1-P14,Pouruma guianensis,March 13 2026,XP212-PR,4,B,7,B7,1,1,NA,10,NA,NA,NA,NA,NA,NA,NA,NA,NA,10,PG,1,FALSE
BS-MT1-P30,Bactris setulosa,December 9 2025,XP212-PR,4,B,8,B8,1,0,NA,NA,NA,NA,NA,NA,NA,NA,NA,NA,NA,0,BS,1,FALSE
PA-MT7-P18,Piper aduncum,October 15 2025,XP212-PR,4,B,9,B9,41,11,NA,60,1,50,10,50,1,5,0.5,0.5,20,2.5,PA,7,FALSE
EA-MT1-P39,Ecuadendron acosta-solisianum,December 9 2025,XP212-PR,4,B,10,B10,25,10,NA,5,1,1,1,1,2.5,5,2.5,1,1,1,EA,1,FALSE
BP-MT3-P2,Bauhinia pichinchensis,March 13 2026,XP212-PR,4,B,11,B11,3,1,NA,1,NA,NA,NA,NA,NA,NA,NA,NA,NA,1,BP,3,FALSE
BG-MT2-P49,Banara guianensis,October 15 2025,XP212-PR,4,B,13,B13,68,7,22,0.5,0.5,0.5,1,0.5,0.5,0.5,NA,NA,NA,0.5,BG,2,FALSE
BU-MT3-P25,Brosimum utile,October 15 2025,XP212-PR,4,B,14,B14,4,0,0,NA,NA,NA,NA,NA,NA,NA,NA,NA,NA,0,BU,3,FALSE
CH-MT5-P27,Cecropia hispidissima,October 15 2025,XP212-PR,4,B,15,B15,7,6,1,5,2.5,10,0.5,1,1,NA,NA,NA,NA,1,CH,5,FALSE
VB-MT3-P57,Vismia baccifera,March 13 2026,XP212-PR,4,B,16,B16,3,1,NA,60,1,NA,NA,NA,NA,NA,NA,NA,NA,25,VB,3,FALSE
AE-MT5-P56,Annona edulis,March 13 2026,XP212-PR,4,C,1,C1,3,1,NA,0.5,NA,NA,NA,NA,NA,NA,NA,NA,NA,0.5,AE,5,FALSE
IS-MT4-P37,Inga silanchensis,May 19 2025,XP212-PR,4,C,2,C2,9,9,NA,5,10,1,0.5,45,20,25,30,15,NA,5,IS,4,FALSE
CH-MT2-P14,Cecropia hispidissima,October 15 2025,XP212-PR,4,C,3,C3,10,9,6,10,2.5,1,0.5,5,5,10,1,2.5,NA,2.5,CH,2,FALSE
BP-MT5-P39,Bauhinia pichinchensis,March 13 2026,XP212-PR,4,C,4,C4,NA,NA,NA,NA,NA,NA,NA,NA,NA,NA,NA,NA,NA,NA,BP,5,FALSE
VB-MT2-P68,Vismia baccifera,March 13 2026,XP212-PR,4,C,6,C6,3,3,NA,10,10,90,NA,NA,NA,NA,NA,NA,NA,30,VB,2,FALSE
OP-MT7-P29,Ochroma pyramidale,May 19 2025,XP212-PR,4,C,7,C7,120,113,NA,10,1,0.5,5,1,20,1,1,5,10,7.5,OP,7,FALSE
BU-MT4-P61,Brosimum utile,October 15 2025,XP212-PR,4,C,8,C8,5,0,NA,NA,NA,NA,NA,NA,NA,NA,NA,NA,NA,0,BU,4,FALSE
CP-MT3-P4,Carapa guianensis,May 19 2025,XP212-PR,4,C,9,C9,5,5,NA,2.5,5,1,0.5,5,NA,NA,NA,NA,NA,2.5,CP,3,FALSE
BG-MT3-P32,Banara guianensis,October 15 2025,XP212-PR,4,C,11,C11,58,13,17,1,2.5,5,1,1,1,5,2.5,25,2.5,1,BG,3,FALSE
DC-MT2-P6,Dacryodes cupularis,October 15 2025,XP212-PR,4,C,12,C12,3,2,NA,1,0.5,NA,NA,NA,NA,NA,NA,NA,NA,0.5,DC,2,FALSE
MC-MT2-P26,Miconia conocuatrecasasii,October 15 2025,XP212-PR,4,C,13,C13,NA,NA,NA,NA,NA,NA,NA,NA,NA,NA,NA,NA,NA,NA,MC,2,FALSE
EA-MT5-P18,Ecuadendron acosta-solisianum,December 9 2025,XP212-PR,4,C,14,C14,9,6,NA,25,5,1,0.5,2.5,0.5,NA,NA,NA,NA,2.5,EA,5,FALSE
PG-MT2-P9,Pouruma guianensis,March 13 2026,XP212-PR,4,C,15,C15,3,1,NA,0.5,NA,NA,NA,NA,NA,NA,NA,NA,NA,0.5,PG,2,FALSE
BS-MT1-P10,Bactris setulosa,October 15 2025,XP212-PR,4,C,16,C16,1,1,NA,10,NA,NA,NA,NA,NA,NA,NA,NA,NA,10,BS,1,FALSE
IS-MT3-P35,Inga silanchensis,April 2 2025,XP212-PR,5,A,1,A1,NA,NA,NA,NA,NA,NA,NA,NA,NA,NA,NA,NA,NA,NA,IS,3,FALSE
CP-MT2-P57,Carapa guianensis,May 19 2025,XP212-PR,5,A,2,A2,NA,NA,NA,NA,NA,NA,NA,NA,NA,NA,NA,NA,NA,NA,CP,2,FALSE
OP-MT8-P27,Ochroma pyramidale,May 19 2025,XP212-PR,5,A,3,A3,NA,NA,NA,NA,NA,NA,NA,NA,NA,NA,NA,NA,NA,NA,OP,8,FALSE
BG-MT4-P75,Banara guianensis,October 15 2025,XP212-PR,5,A,4,A4,NA,NA,NA,NA,NA,NA,NA,NA,NA,NA,NA,NA,NA,NA,BG,4,FALSE
DC-MT1-P55,Dacryodes cupularis,October 15 2025,XP212-PR,5,A,9,A9,NA,NA,NA,NA,NA,NA,NA,NA,NA,NA,NA,NA,NA,NA,DC,1,FALSE
PG-MT2-P11,Pouruma guianensis,March 13 2026,XP212-PR,5,A,12,A12,NA,NA,NA,NA,NA,NA,NA,NA,NA,NA,NA,NA,NA,NA,PG,2,FALSE
AE-MT1-P44,Annona edulis,March 13 2026,XP212-PR,5,A,15,A15,NA,NA,NA,NA,NA,NA,NA,NA,NA,NA,NA,NA,NA,NA,AE,1,FALSE
CP-MT3-P54,Carapa guianensis,May 19 2025,XP212-PR,5,B,1,B1,NA,NA,NA,NA,NA,NA,NA,NA,NA,NA,NA,NA,NA,NA,CP,3,FALSE
IS-MT1-P66,Inga silanchensis,May 19 2025,XP212-PR,5,B,2,B2,NA,NA,NA,NA,NA,NA,NA,NA,NA,NA,NA,NA,NA,NA,IS,1,FALSE
OP-MT6-P2,Ochroma pyramidale,May 19 2025,XP212-PR,5,B,3,B3,NA,NA,NA,NA,NA,NA,NA,NA,NA,NA,NA,NA,NA,NA,OP,6,FALSE
BU-MT1-P6,Brosimum utile,May 19 2025,XP212-PR,5,B,4,B4,NA,NA,NA,NA,NA,NA,NA,NA,NA,NA,NA,NA,NA,NA,BU,1,FALSE
PA-MT6-P11,Piper aduncum,May 19 2025,XP212-PR,5,B,5,B5,NA,NA,NA,NA,NA,NA,NA,NA,NA,NA,NA,NA,NA,NA,PA,6,FALSE
PG-MT2-P64,Pouruma guianensis,March 13 2026,XP212-PR,5,B,7,B7,NA,NA,NA,NA,NA,NA,NA,NA,NA,NA,NA,NA,NA,NA,PG,2,FALSE
DC-MT2-P23,Dacryodes cupularis,October 15 2025,XP212-PR,5,B,12,B12,NA,NA,NA,NA,NA,NA,NA,NA,NA,NA,NA,NA,NA,NA,DC,2,FALSE
BG-MT5-P63,Banara guianensis,October 15 2025,XP212-PR,5,B,13,B13,NA,NA,NA,NA,NA,NA,NA,NA,NA,NA,NA,NA,NA,NA,BG,5,FALSE
CH-MT4-P78,Cecropia hispidissima,October 15 2025,XP212-PR,5,B,14,B14,NA,NA,NA,NA,NA,NA,NA,NA,NA,NA,NA,NA,NA,NA,CH,4,FALSE
AE-MT2-P7,Annona edulis,March 13 2026,XP212-PR,5,B,16,B16,NA,NA,NA,NA,NA,NA,NA,NA,NA,NA,NA,NA,NA,NA,AE,2,FALSE
OP-MT2-P51,Ochroma pyramidale,April 2 2025,XP212-PR,5,C,1,C1,NA,NA,NA,NA,NA,NA,NA,NA,NA,NA,NA,NA,NA,NA,OP,2,FALSE
CP-MT4-P3,Carapa guianensis,May 19 2025,XP212-PR,5,C,2,C2,NA,NA,NA,NA,NA,NA,NA,NA,NA,NA,NA,NA,NA,NA,CP,4,FALSE
DC-MT5-P1,Dacryodes cupularis,October 15 2025,XP212-PR,5,C,5,C5,NA,NA,NA,NA,NA,NA,NA,NA,NA,NA,NA,NA,NA,NA,DC,5,FALSE
BG-MT2-P99,Banara guianensis,October 15 2025,XP212-PR,5,C,8,C8,NA,NA,NA,NA,NA,NA,NA,NA,NA,NA,NA,NA,NA,NA,BG,2,FALSE
CH-MT3-P33,Cecropia hispidissima,October 15 2025,XP212-PR,5,C,11,C11,NA,NA,NA,NA,NA,NA,NA,NA,NA,NA,NA,NA,NA,NA,CH,3,FALSE
AE-MT5-P9,Annona edulis,March 13 2026,XP212-PR,5,C,12,C12,NA,NA,NA,NA,NA,NA,NA,NA,NA,NA,NA,NA,NA,NA,AE,5,FALSE
IS-MT3-P89,Inga silanchensis,March 13 2026,XP212-PR,5,C,13,C13,NA,NA,NA,NA,NA,NA,NA,NA,NA,NA,NA,NA,NA,NA,IS,3,FALSE
PG-MT4-P22,Pouruma guianensis,March 13 2026,XP212-PR,5,C,16,C16,NA,NA,NA,NA,NA,NA,NA,NA,NA,NA,NA,NA,NA,NA,PG,4,FALSE
PG-MT5-P47,Pouruma guianensis,20 of March 2026,XP213-PR,1,A,1,A1,2,2,0,0.5,1,NA,NA,NA,NA,NA,NA,NA,NA,0.5,PG,5,FALSE
BP-MT4-P91,Bauhinia pichinchensis,20 of March 2026,XP213-PR,1,A,2,A2,0,0,0,NA,NA,NA,NA,NA,NA,NA,NA,NA,NA,0,BP,4,FALSE
VB-MT5-P35,Vismia baccifera,20 of March 2026,XP213-PR,1,A,3,A3,5,4,0,0.5,0.5,1,75,NA,NA,NA,NA,NA,NA,15,VB,5,FALSE
CH-MT2-P13,Cecropia hispidissima,October 14 2025,XP213-PR,1,A,4,A4,15,15,2,0.5,10,7.5,10,20,2.5,1,20,2.5,20,10,CH,2,FALSE
AE-MT4-P39,Annona edulis,20 of March 2026,XP213-PR,1,A,6,A6,0,0,0,NA,NA,NA,NA,NA,NA,NA,NA,NA,NA,0,AE,4,FALSE
PA-MT6-P26,Piper aduncum,May 29 2025,XP213-PR,1,A,8,A8,281,122,0,15,5,1,5,10,5,60,40,5,2.5,5,PA,6,FALSE
EA-MT5-P35,Ecuadendron acosta-solisianum,December 10 2025,XP213-PR,1,A,9,A9,20,16,4,0.5,1,0.5,2.5,0.5,0.5,0.5,5,2.5,1,0.5,EA,5,FALSE
DC-MT4-P16,Dacryodes cupularis,October 14 2025,XP213-PR,1,A,10,A10,NA,NA,NA,NA,NA,NA,NA,NA,NA,NA,NA,NA,NA,NA,DC,4,FALSE
OP-MT9-P40,Ochroma pyramidale,April 7 2025,XP213-PR,1,A,11,A11,126,100,0,5,5,1,10,20,0.5,20,5,1,10,7.5,OP,9,FALSE
CP-MT4-P16,Carapa guianensis,May 29 2025,XP213-PR,1,A,12,A12,11,5,4,2.5,1,0.5,0.5,0.5,NA,NA,NA,NA,NA,0.5,CP,4,FALSE
MC-MT2-P21,Miconia conocuatrecasasii,October 14 2025,XP213-PR,1,A,13,A13,16,13,0,10,25,20,50,5,25,30,5,25,5,10,MC,2,FALSE
BG-MT1-P16,Banara guianensis,October 14 2025,XP213-PR,1,A,14,A14,61,14,4,10,10,75,35,10,50,10,5,1,2.5,1,BG,1,FALSE
BS-MT1-P61,Bactris setulosa,December 10 2025,XP213-PR,1,A,15,A15,NA,NA,NA,NA,NA,NA,NA,NA,NA,NA,NA,NA,NA,NA,BS,1,FALSE
BU-MT3-P7,Brosimum utile,October 14 2025,XP213-PR,1,A,16,A16,4,0,0,NA,NA,NA,NA,NA,NA,NA,NA,NA,NA,0,BU,3,FALSE
MC-MT3-P11,Miconia conocuatrecasasii,October 14 2025,XP213-PR,1,B,1,B1,0,0,0,NA,NA,NA,NA,NA,NA,NA,NA,NA,NA,0,MC,3,FALSE
BS-MT5-P3,Bactris setulosa,October 14 2025,XP213-PR,1,B,2,B2,5,3,NA,75,5,5,NA,NA,NA,NA,NA,NA,NA,10,BS,5,FALSE
BP-MT2-P40,Bauhinia pichinchensis,20 of March 2026,XP213-PR,1,B,3,B3,0,0,0,NA,NA,NA,NA,NA,NA,NA,NA,NA,NA,0,BP,2,FALSE
CP-MT1-P18,Carapa guianensis,October 14 2025,XP213-PR,1,B,4,B4,5,5,2,5,20,25,0.5,1,NA,NA,NA,NA,NA,0.5,CP,1,FALSE
AE-MT2-P20,Annona edulis,20 of March 2026,XP213-PR,1,B,5,B5,3,3,0,50,25,1,NA,NA,NA,NA,NA,NA,NA,25,AE,2,FALSE
PA-MT6-P4,Piper aduncum,May 29 2025,XP213-PR,1,B,6,B6,342,89,0,0.5,0.5,50,25,10,10,5,2.5,5,1,1,PA,6,FALSE
BU-MT4-P10,Brosimum utile,October 14 2025,XP213-PR,1,B,7,B7,10,2,4,2.5,0.5,NA,NA,NA,NA,NA,NA,NA,NA,0.5,BU,4,FALSE
OP-MT2-P34,Ochroma pyramidale,April 7 2025,XP213-PR,1,B,8,B8,78,70,0,90,95,97.5,10,5,22.5,50,90,90,1,70,OP,2,FALSE
EA-MT1-P103,Ecuadendron acosta-solisianum,20 of March 2026,XP213-PR,1,B,9,B9,0,0,0,NA,NA,NA,NA,NA,NA,NA,NA,NA,NA,0,EA,1,FALSE
BG-MT5-P31,Banara guianensis,October 14 2025,XP213-PR,1,B,10,B10,NA,NA,NA,NA,NA,NA,NA,NA,NA,NA,NA,NA,NA,NA,BG,5,FALSE
BG-MT1-P63,Banara guianensis,20 of March 2026,XP213-PR,1,B,10,B10,7,7,0,25,7.5,2.5,1,1,5,2.5,1,NA,NA,5,BG,1,FALSE
PG-MT1-P24,Pouruma guianensis,20 of March 2026,XP213-PR,1,B,11,B11,1,1,0,0.5,NA,NA,NA,NA,NA,NA,NA,NA,NA,0.5,PG,1,FALSE
VB-MT1-P7,Vismia baccifera,October 14 2025,XP213-PR,1,B,12,B12,47,10,NA,5,25,1,10,0.5,1,1,0.5,5,1,1,VB,1,FALSE
CH-MT4-P16,Cecropia hispidissima,October 14 2025,XP213-PR,1,B,13,B13,11,10,3,10,1,0.5,5,5,10,10,2.5,0.5,1,2.5,CH,4,FALSE
IS-MT2-P16,Inga silanchensis,December 10 2025,XP213-PR,1,B,14,B14,2,0,0,NA,NA,NA,NA,NA,NA,NA,NA,NA,NA,0,IS,2,FALSE
EA-MT5-P69,Ecuadendron acosta-solisianum,December 10 2025,XP213-PR,1,C,1,C1,2,1,1,0.5,NA,NA,NA,NA,NA,NA,NA,NA,NA,0.5,EA,5,FALSE
OP-MT8-P53,Ochroma pyramidale,May 29 2025,XP213-PR,1,C,2,C2,61,20,NA,5,5,7.5,2.5,5,10,7.5,2.5,5,1,5,OP,8,FALSE
BP-MT1-P61,Bauhinia pichinchensis,20 of March 2026,XP213-PR,1,C,3,C3,0,0,0,NA,NA,NA,NA,NA,NA,NA,NA,NA,NA,0,BP,1,FALSE
AE-MT3-P21,Annona edulis,20 of March 2026,XP213-PR,1,C,4,C4,3,2,0,0.5,0.5,NA,NA,NA,NA,NA,NA,NA,NA,0.5,AE,3,FALSE
CP-MT3-P39,Carapa guianensis,May 29 2025,XP213-PR,1,C,5,C5,5,4,3,1,2.5,2.5,5,NA,NA,NA,NA,NA,NA,1,CP,3,FALSE
IS-MT3-P40,Inga silanchensis,December 10 2025,XP213-PR,1,C,7,C7,2,1,0,1,NA,NA,NA,NA,NA,NA,NA,NA,NA,1,IS,3,FALSE
BS-MT6-P64,Bactris setulosa,December 10 2025,XP213-PR,1,C,9,C9,5,4,0,0.5,1,40,5,NA,NA,NA,NA,NA,NA,5,BS,6,FALSE
PG-MT1-P47,Pouruma guianensis,20 of March 2026,XP213-PR,1,C,10,C10,2,1,0,0.5,NA,NA,NA,NA,NA,NA,NA,NA,NA,0.5,PG,1,FALSE
CH-MT3-P3,Cecropia hispidissima,October 14 2025,XP213-PR,1,C,11,C11,17,17,NA,10,5,0.5,0.5,5,1,5,10,1,2.5,2.5,CH,3,FALSE
BG-MT2-P78,Banara guianensis,October 14 2025,XP213-PR,1,C,12,C12,30,5,0,40,1,5,0.5,0.5,NA,NA,NA,NA,NA,2.5,BG,2,FALSE
MC-MT1-P50,Miconia conocuatrecasasii,October 14 2025,XP213-PR,1,C,13,C13,NA,NA,NA,NA,NA,NA,NA,NA,NA,NA,NA,NA,NA,NA,MC,1,FALSE
MC-MT1-P9,Miconia conocuatrecasasii,20 of March 2026,XP213-PR,1,C,13,C13,1,1,0,0.5,NA,NA,NA,NA,NA,NA,NA,NA,NA,0.5,MC,1,FALSE
BU-MT2-P31,Brosimum utile,October 14 2025,XP213-PR,1,C,14,C14,2,0,1,NA,NA,NA,NA,NA,NA,NA,NA,NA,NA,0,BU,2,FALSE
DC-MT4-P4,Dacryodes cupularis,October 14 2025,XP213-PR,1,C,15,C15,3,2,0,1,10,NA,NA,NA,NA,NA,NA,NA,NA,5,DC,4,FALSE
VB-MT3-P28,Vismia baccifera,20 of March 2026,XP213-PR,1,C,16,C16,5,4,1,25,1,0.5,1,NA,NA,NA,NA,NA,NA,5,VB,3,FALSE
OP-MT2-P55,Ochroma pyramidale,April 7 2025,XP213-PR,2,A,1,A1,31,29,0,1,5,1,2.5,2.5,20,5,1,5,1,2.5,OP,2,FALSE
MC-MT2-P29,Miconia conocuatrecasasii,October 14 2025,XP213-PR,2,A,2,A2,7,6,2,30,1,20,10,25,90,NA,NA,NA,NA,20,MC,2,FALSE
PA-MT3-P5,Piper aduncum,April 7 2025,XP213-PR,2,A,3,A3,70,18,0,0.5,1,5,1,2.5,2.5,20,5,50,40,1,PA,3,FALSE
CH-MT2-P39,Cecropia hispidissima,October 14 2025,XP213-PR,2,A,4,A4,3,2,0,0.5,0.5,NA,NA,NA,NA,NA,NA,NA,NA,0.5,CH,2,FALSE
AE-MT5-P34,Annona edulis,20 of March 2026,XP213-PR,2,A,5,A5,4,2,0,0.5,5,NA,NA,NA,NA,NA,NA,NA,NA,1,AE,5,FALSE
CP-MT4-P62,Carapa guianensis,May 29 2025,XP213-PR,2,A,6,A6,7,3,5,2.5,5,0.5,NA,NA,NA,NA,NA,NA,NA,0.5,CP,4,FALSE
BG-MT1-P84,Banara guianensis,October 14 2025,XP213-PR,2,A,7,A7,52,8,0,10,0.5,1,0.5,1,5,5,0.5,NA,NA,0.5,BG,1,FALSE
DC-MT1-P46,Dacryodes cupularis,October 14 2025,XP213-PR,2,A,8,A8,3,2,0,0.5,1,NA,NA,NA,NA,NA,NA,NA,NA,0.5,DC,1,FALSE
IS-MT5-P75,Inga silanchensis,April 7 2025,XP213-PR,2,A,9,A9,8,7,3,10,5,2.5,5,5,10,0.5,NA,NA,NA,1,IS,5,FALSE
EA-MT5-P83,Ecuadendron acosta-solisianum,20 of March 2026,XP213-PR,2,A,10,A10,12,7,NA,0.5,50,1,50,0.5,0.5,0.5,1,NA,NA,10,EA,5,FALSE
PG-MT3-P26,Pouruma guianensis,20 of March 2026,XP213-PR,2,A,11,A11,1,0,0,NA,NA,NA,NA,NA,NA,NA,NA,NA,NA,0,PG,3,FALSE
VB-MT2-P9,Vismia baccifera,20 of March 2026,XP213-PR,2,A,12,A12,0,0,0,NA,NA,NA,NA,NA,NA,NA,NA,NA,NA,0,VB,2,FALSE
BP-MT2-P69,Bauhinia pichinchensis,20 of March 2026,XP213-PR,2,A,13,A13,0,0,0,NA,NA,NA,NA,NA,NA,NA,NA,NA,NA,0,BP,2,FALSE
BU-MT4-P23,Brosimum utile,October 14 2025,XP213-PR,2,A,15,A15,0,0,0,NA,NA,NA,NA,NA,NA,NA,NA,NA,NA,0,BU,4,FALSE
BS-MT1-P13,Bactris setulosa,October 14 2025,XP213-PR,2,A,16,A16,1,1,0,10,NA,NA,NA,NA,NA,NA,NA,NA,NA,10,BS,1,FALSE
IS-MT4-P28,Inga silanchensis,May 29 2025,XP213-PR,2,B,1,B1,2,2,1,10,5,NA,NA,NA,NA,NA,NA,NA,NA,7.5,IS,4,FALSE
MC-MT3-P15,Miconia conocuatrecasasii,October 14 2025,XP213-PR,2,B,2,B2,13,9,0,1,2.5,2.5,2.5,1,45,5,10,20,NA,5,MC,3,FALSE
CH-MT1-P27,Cecropia hispidissima,May 29 2025,XP213-PR,2,B,3,B3,8,1,2,0.5,NA,NA,NA,NA,NA,NA,NA,NA,NA,0.5,CH,1,FALSE
PG-MT1-P54,Pouruma guianensis,20 of March 2026,XP213-PR,2,B,4,B4,NA,NA,NA,NA,NA,NA,NA,NA,NA,NA,NA,NA,NA,NA,PG,1,FALSE
DC-MT3-P31,Dacryodes cupularis,October 14 2025,XP213-PR,2,B,6,B6,NA,NA,NA,NA,NA,NA,NA,NA,NA,NA,NA,NA,NA,NA,DC,3,FALSE
EA-MT3-P7,Ecuadendron acosta-solisianum,May 29 2025,XP213-PR,2,B,7,B7,26,21,NA,0.5,5,5,10,1,5,20,1,1,0.5,1,EA,3,FALSE
BU-MT4-P26,Brosimum utile,October 14 2025,XP213-PR,2,B,8,B8,4,0,0,NA,NA,NA,NA,NA,NA,NA,NA,NA,NA,0,BU,4,FALSE
BP-MT5-P29,Bauhinia pichinchensis,20 of March 2026,XP213-PR,2,B,9,B9,0,0,0,NA,NA,NA,NA,NA,NA,NA,NA,NA,NA,0,BP,5,FALSE
AE-MT3-P56,Annona edulis,20 of March 2026,XP213-PR,2,B,10,B10,3,1,0,0.5,NA,NA,NA,NA,NA,NA,NA,NA,NA,0.5,AE,3,FALSE
CP-MT5-P61,Carapa guianensis,October 14 2025,XP213-PR,2,B,11,B11,4,4,2,2.5,1,5,2.5,NA,NA,NA,NA,NA,NA,2.5,CP,5,FALSE
BS-MT5-P48,Bactris setulosa,December 10 2025,XP213-PR,2,B,13,B13,1,1,0,25,NA,NA,NA,NA,NA,NA,NA,NA,NA,25,BS,5,FALSE
VB-MT3-P62,Vismia baccifera,20 of March 2026,XP213-PR,2,B,14,B14,2,2,0,25,0.5,NA,NA,NA,NA,NA,NA,NA,NA,10,VB,3,FALSE
BG-MT4-P10,Banara guianensis,October 14 2025,XP213-PR,2,B,15,B15,13,3,0,0.5,0.5,0.5,NA,NA,NA,NA,NA,NA,NA,0.5,BG,4,FALSE
PA-MT7-P38,Piper aduncum,October 14 2025,XP213-PR,2,B,16,B16,32,4,0,1,25,30,1,NA,NA,NA,NA,NA,NA,1,PA,7,FALSE
IS-MT1-P37,Inga silanchensis,May 29 2025,XP213-PR,2,C,1,C1,7,6,2,10,5,5,5,20,NA,NA,NA,NA,NA,7.5,IS,1,FALSE
EA-MT1-P23,Ecuadendron acosta-solisianum,December 10 2025,XP213-PR,2,C,3,C3,14,10,NA,5,2.5,1,5,2.5,0.5,0.5,1,0.5,1,1,EA,1,FALSE
BP-MT4-P23,Bauhinia pichinchensis,20 of March 2026,XP213-PR,2,C,4,C4,0,0,0,NA,NA,NA,NA,NA,NA,NA,NA,NA,NA,0,BP,4,FALSE
BS-MT6-P38,Bactris setulosa,December 10 2025,XP213-PR,2,C,6,C6,3,2,1,5,20,NA,NA,NA,NA,NA,NA,NA,NA,10,BS,6,FALSE
BU-MT1-P24,Brosimum utile,May 29 2025,XP213-PR,2,C,7,C7,NA,NA,NA,NA,NA,NA,NA,NA,NA,NA,NA,NA,NA,NA,BU,1,FALSE
BU-MT1-P78,Brosimum utile,20 of March 2026,XP213-PR,2,C,7,C7,3,0,0,NA,NA,NA,NA,NA,NA,NA,NA,NA,NA,0,BU,1,FALSE
CH-MT2-P40,Cecropia hispidissima,October 14 2025,XP213-PR,2,C,8,C8,7,5,0,0.5,0.5,1,0.5,0.5,NA,NA,NA,NA,NA,0.5,CH,2,FALSE
AE-MT4-P13,Annona edulis,20 of March 2026,XP213-PR,2,C,9,C9,0,0,0,NA,NA,NA,NA,NA,NA,NA,NA,NA,NA,0,AE,4,FALSE
OP-MT8-P59,Ochroma pyramidale,May 29 2025,XP213-PR,2,C,10,C10,134,55,0,0.5,0.5,1,5,10,10,5,1,5,10,2.5,OP,8,FALSE
PG-MT5-P12,Pouruma guianensis,20 of March 2026,XP213-PR,2,C,11,C11,3,2,0,0.5,5,NA,NA,NA,NA,NA,NA,NA,NA,1,PG,5,FALSE
VB-MT3-P59,Vismia baccifera,20 of March 2026,XP213-PR,2,C,12,C12,1,1,0,1,NA,NA,NA,NA,NA,NA,NA,NA,NA,1,VB,3,FALSE
BG-MT1-P35,Banara guianensis,October 14 2025,XP213-PR,2,C,14,C14,23,4,2,5,5,0.5,1,NA,NA,NA,NA,NA,NA,0.5,BG,1,FALSE
DC-MT5-P77,Dacryodes cupularis,20 of March 2026,XP213-PR,2,C,16,C16,NA,NA,NA,NA,NA,NA,NA,NA,NA,NA,NA,NA,NA,NA,DC,5,FALSE
OP-MT9-P37,Ochroma pyramidale,April 7 2025,XP213-PR,3,A,1,A1,25,20,5,50,15,1,5,0.5,5,1,0.5,20,1,2.5,OP,9,FALSE
PG-MT1-P42,Pouruma guianensis,20 of March 2026,XP213-PR,3,A,2,A2,2,1,0,0.5,NA,NA,NA,NA,NA,NA,NA,NA,NA,0.5,PG,1,FALSE
IS-MT2-P51,Inga silanchensis,April 7 2025,XP213-PR,3,A,3,A3,6,6,4,0.5,1,5,2.5,1,1,NA,NA,NA,NA,2.5,IS,2,FALSE
BG-MT3-P74,Banara guianensis,October 14 2025,XP213-PR,3,A,4,A4,59,6,15,0.5,1,10,1,60,25,NA,NA,NA,NA,0.5,BG,3,FALSE
DC-MT3-P34,Dacryodes cupularis,October 14 2025,XP213-PR,3,A,5,A5,4,3,1,2.5,5,5,NA,NA,NA,NA,NA,NA,NA,5,DC,3,FALSE
EA-MT4-P8,Ecuadendron acosta-solisianum,May 29 2025,XP213-PR,3,A,6,A6,10,8,5,0.5,5,5,0.5,5,5,1,0.5,NA,NA,1,EA,4,FALSE
BS-MT6-P32,Bactris setulosa,October 14 2025,XP213-PR,3,A,7,A7,3,2,1,50,2.5,NA,NA,NA,NA,NA,NA,NA,NA,2.5,BS,6,FALSE
CH-MT4-P63,Cecropia hispidissima,October 14 2025,XP213-PR,3,A,9,A9,6,4,0,10,0.5,2.5,0.5,NA,NA,NA,NA,NA,NA,2.5,CH,4,FALSE
CP-MT3-P11,Carapa guianensis,May 29 2025,XP213-PR,3,A,10,A10,7,6,5,2.5,10,20,20,0.5,0.5,NA,NA,NA,NA,0.5,CP,3,FALSE
BP-MT1-P24,Bauhinia pichinchensis,20 of March 2026,XP213-PR,3,A,11,A11,0,0,0,NA,NA,NA,NA,NA,NA,NA,NA,NA,NA,0,BP,1,FALSE
BU-MT5-P36,Brosimum utile,October 14 2025,XP213-PR,3,A,12,A12,3,1,1,1,NA,NA,NA,NA,NA,NA,NA,NA,NA,0.5,BU,5,FALSE
AE-MT1-P1,Annona edulis,20 of March 2026,XP213-PR,3,A,14,A14,2,0,0,NA,NA,NA,NA,NA,NA,NA,NA,NA,NA,0,AE,1,FALSE
VB-MT1-P2,Vismia baccifera,October 14 2025,XP213-PR,3,A,15,A15,12,2,3,1,0.5,NA,NA,NA,NA,NA,NA,NA,NA,0.5,VB,1,FALSE
MC-MT1-P51,Miconia conocuatrecasasii,October 14 2025,XP213-PR,3,A,16,A16,6,5,0,30,30,10,70,20,NA,NA,NA,NA,NA,30,MC,1,FALSE
MC-MT1-P1,Miconia conocuatrecasasii,October 14 2025,XP213-PR,3,B,1,B1,NA,NA,NA,NA,NA,NA,NA,NA,NA,NA,NA,NA,NA,NA,MC,1,FALSE
CP-MT2-P50,Carapa guianensis,May 29 2025,XP213-PR,3,B,2,B2,NA,NA,NA,NA,NA,NA,NA,NA,NA,NA,NA,NA,NA,NA,CP,2,FALSE
CP-MT1-P62,Carapa guianensis,20 of March 2026,XP213-PR,3,B,2,B2,0,0,0,NA,NA,NA,NA,NA,NA,NA,NA,NA,NA,0,CP,1,FALSE
EA-MT5-P57,Ecuadendron acosta-solisianum,December 10 2025,XP213-PR,3,B,3,B3,17,7,0,0.5,5,0.5,1,0.5,0.5,5,NA,NA,NA,1,EA,5,FALSE
IS-MT5-P30,Inga silanchensis,April 7 2025,XP213-PR,3,B,4,B4,17,14,5,10,10,2.5,2.5,20,30,1,5,1,1,5,IS,5,FALSE
OP-MT7-P55,Ochroma pyramidale,May 29 2025,XP213-PR,3,B,5,B5,32,28,0,10,20,5,5,10,10,10,20,1,5,5,OP,7,FALSE
CH-MT4-P23,Cecropia hispidissima,October 14 2025,XP213-PR,3,B,6,B6,7,7,0,20,5,50,0.5,50,20,40,NA,NA,NA,40,CH,4,FALSE
BS-MT7-P17,Bactris setulosa,October 14 2025,XP213-PR,3,B,7,B7,5,3,0,50,0.5,20,NA,NA,NA,NA,NA,NA,NA,15,BS,7,FALSE
PG-MT2-P46,Pouruma guianensis,20 of March 2026,XP213-PR,3,B,8,B8,0,0,0,NA,NA,NA,NA,NA,NA,NA,NA,NA,NA,0,PG,2,FALSE
BU-MT3-P78,Brosimum utile,October 14 2025,XP213-PR,3,B,9,B9,3,0,0,NA,NA,NA,NA,NA,NA,NA,NA,NA,NA,0,BU,3,FALSE
AE-MT3-P38,Annona edulis,20 of March 2026,XP213-PR,3,B,10,B10,1,1,0,0.5,NA,NA,NA,NA,NA,NA,NA,NA,NA,0.5,AE,3,FALSE
DC-MT2-P4,Dacryodes cupularis,October 14 2025,XP213-PR,3,B,11,B11,4,3,2,0.5,0.5,0.5,NA,NA,NA,NA,NA,NA,NA,0.5,DC,2,FALSE
BP-MT1-P51,Bauhinia pichinchensis,20 of March 2026,XP213-PR,3,B,13,B13,1,1,0,0.5,NA,NA,NA,NA,NA,NA,NA,NA,NA,0.5,BP,1,FALSE
BG-MT2-P8,Banara guianensis,October 14 2025,XP213-PR,3,B,15,B15,NA,NA,NA,NA,NA,NA,NA,NA,NA,NA,NA,NA,NA,NA,BG,2,FALSE
VB-MT5-P62,Vismia baccifera,20 of March 2026,XP213-PR,3,B,16,B16,2,2,0,5,25,NA,NA,NA,NA,NA,NA,NA,NA,15,VB,5,FALSE
BS-MT5-P55,Bactris setulosa,December 10 2025,XP213-PR,3,C,1,C1,NA,NA,NA,NA,NA,NA,NA,NA,NA,NA,NA,NA,NA,NA,BS,5,FALSE
CH-MT5-P9,Cecropia hispidissima,October 14 2025,XP213-PR,3,C,2,C2,7,6,0,35,10,10,10,15,1,NA,NA,NA,NA,10,CH,5,FALSE
IS-MT4-P58,Inga silanchensis,May 29 2025,XP213-PR,3,C,3,C3,10,6,3,0.5,0.5,5,5,0.5,5,NA,NA,NA,NA,1,IS,4,FALSE
AE-MT1-P74,Annona edulis,20 of March 2026,XP213-PR,3,C,4,C4,5,4,0,10,1,0.5,50,NA,NA,NA,NA,NA,NA,5,AE,1,FALSE
PG-MT1-P43,Pouruma guianensis,20 of March 2026,XP213-PR,3,C,5,C5,1,1,0,0.5,NA,NA,NA,NA,NA,NA,NA,NA,NA,0.5,PG,1,FALSE
PA-MT7-P5,Piper aduncum,October 14 2025,XP213-PR,3,C,6,C6,34,5,0,5,5,5,1,1,NA,NA,NA,NA,NA,0.5,PA,7,FALSE
CP-MT1-P29,Carapa guianensis,October 14 2025,XP213-PR,3,C,7,C7,7,3,3,1,5,10,0.5,2.5,NA,NA,NA,NA,NA,2.5,CP,1,FALSE
OP-MT6-P52,Ochroma pyramidale,May 29 2025,XP213-PR,3,C,8,C8,43,34,0,5,20,10,20,5,5,20,1,20,5,10,OP,6,FALSE
MC-MT3-P56,Miconia conocuatrecasasii,October 14 2025,XP213-PR,3,C,10,C10,30,14,0,1,15,20,40,15,0.5,5,10,0.5,10,5,MC,3,FALSE
BG-MT3-P50,Banara guianensis,October 14 2025,XP213-PR,3,C,11,C11,53,7,3,25,50,1,10,0.5,1,2.5,NA,NA,NA,0.5,BG,3,FALSE
BP-MT3-P48,Bauhinia pichinchensis,20 of March 2026,XP213-PR,3,C,12,C12,0,0,0,NA,NA,NA,NA,NA,NA,NA,NA,NA,NA,0,BP,3,FALSE
EA-MT1-P15,Ecuadendron acosta-solisianum,December 10 2025,XP213-PR,3,C,13,C13,NA,NA,NA,NA,NA,NA,NA,NA,NA,NA,NA,NA,NA,NA,EA,1,FALSE
VB-MT5-P13,Vismia baccifera,20 of March 2026,XP213-PR,3,C,14,C14,2,2,0,0.5,30,NA,NA,NA,NA,NA,NA,NA,NA,15,VB,5,FALSE
DC-MT1-P45,Dacryodes cupularis,October 14 2025,XP213-PR,3,C,15,C15,NA,NA,NA,NA,NA,NA,NA,NA,NA,NA,NA,NA,NA,NA,DC,1,FALSE
BU-MT2-P4,Brosimum utile,October 14 2025,XP213-PR,3,C,16,C16,5,1,0,5,NA,NA,NA,NA,NA,NA,NA,NA,NA,1,BU,2,FALSE
VB-MT3-P47,Vismia baccifera,20 of March 2026,XP213-PR,4,A,1,A1,0,0,0,NA,NA,NA,NA,NA,NA,NA,NA,NA,NA,0,VB,3,FALSE
DC-MT3-P20,Dacryodes cupularis,20 of March 2026,XP213-PR,4,A,2,A2,0,0,0,NA,NA,NA,NA,NA,NA,NA,NA,NA,NA,0,DC,3,FALSE
OP-MT6-P25,Ochroma pyramidale,May 29 2025,XP213-PR,4,A,4,A4,48,16,0,0.5,0.5,5,0.5,1,0.5,2.5,10,0.5,0.5,0.5,OP,6,FALSE
PA-MT3-P18,Piper aduncum,April 7 2025,XP213-PR,4,A,5,A5,157,56,0,10,10,5,5,2.5,1,5,1,0.5,5,2.5,PA,3,FALSE
CP-MT2-P70,Carapa guianensis,May 29 2025,XP213-PR,4,A,6,A6,12,6,NA,0.5,2.5,0.5,2.5,0.5,2.5,NA,NA,NA,NA,0.5,CP,2,FALSE
CP-MT2-P80,Carapa guianensis,20 of March 2026,XP213-PR,4,A,6,A6,NA,NA,NA,NA,NA,NA,NA,NA,NA,NA,NA,NA,NA,NA,CP,2,FALSE
BG-MT5-P74,Banara guianensis,October 14 2025,XP213-PR,4,A,7,A7,30,10,12,0.5,1,0.5,0.5,1,0.5,0.5,0.5,2.5,0.5,0.5,BG,5,FALSE
IS-MT3-P78,Inga silanchensis,April 7 2025,XP213-PR,4,A,8,A8,NA,NA,NA,NA,NA,NA,NA,NA,NA,NA,NA,NA,NA,NA,IS,3,FALSE
BU-MT5-P64,Brosimum utile,October 14 2025,XP213-PR,4,A,9,A9,NA,NA,NA,NA,NA,NA,NA,NA,NA,NA,NA,NA,NA,NA,BU,5,FALSE
BP-MT4-P48,Bauhinia pichinchensis,20 of March 2026,XP213-PR,4,A,10,A10,0,0,0,NA,NA,NA,NA,NA,NA,NA,NA,NA,NA,0,BP,4,FALSE
CH-MT3-P39,Cecropia hispidissima,October 14 2025,XP213-PR,4,A,11,A11,17,17,2,5,10,5,10,5,5,10,10,10,10,5,CH,3,FALSE
PG-MT4-P47,Pouruma guianensis,20 of March 2026,XP213-PR,4,A,12,A12,2,0,0,NA,NA,NA,NA,NA,NA,NA,NA,NA,NA,0,PG,4,FALSE
MC-MT2-P42,Miconia conocuatrecasasii,October 14 2025,XP213-PR,4,A,13,A13,NA,NA,NA,NA,NA,NA,NA,NA,NA,NA,NA,NA,NA,NA,MC,2,FALSE
AE-MT4-P75,Annona edulis,20 of March 2026,XP213-PR,4,A,14,A14,4,2,0,10,0.5,NA,NA,NA,NA,NA,NA,NA,NA,5,AE,4,FALSE
BS-MT1-P43,Bactris setulosa,December 10 2025,XP213-PR,4,A,15,A15,1,1,0,5,NA,NA,NA,NA,NA,NA,NA,NA,NA,5,BS,1,FALSE
EA-MT1-P31,Ecuadendron acosta-solisianum,December 10 2025,XP213-PR,4,A,16,A16,12,5,0,0.5,5,0.5,1,0.5,NA,NA,NA,NA,NA,0.5,EA,1,FALSE
BP-MT2-P39,Bauhinia pichinchensis,20 of March 2026,XP213-PR,4,B,1,B1,0,0,0,NA,NA,NA,NA,NA,NA,NA,NA,NA,NA,0,BP,2,FALSE
BG-MT3-P91,Banara guianensis,October 14 2025,XP213-PR,4,B,2,B2,NA,NA,NA,NA,NA,NA,NA,NA,NA,NA,NA,NA,NA,NA,BG,3,FALSE
CH-MT1-P48,Cecropia hispidissima,May 29 2025,XP213-PR,4,B,3,B3,NA,NA,NA,NA,NA,NA,NA,NA,NA,NA,NA,NA,NA,NA,CH,1,FALSE
EA-MT2-P14,Ecuadendron acosta-solisianum,May 29 2025,XP213-PR,4,B,4,B4,51,21,4,1,1,1,30,10,0.5,0.5,10,15,20,1,EA,2,FALSE
BU-MT1-P61,Brosimum utile,May 29 2025,XP213-PR,4,B,6,B6,NA,NA,NA,NA,NA,NA,NA,NA,NA,NA,NA,NA,NA,NA,BU,1,FALSE
BU-MT1-P71,Brosimum utile,20 of March 2026,XP213-PR,4,B,6,B6,3,1,0,2.5,NA,NA,NA,NA,NA,NA,NA,NA,NA,1,BU,1,FALSE
IS-MT2-P40,Inga silanchensis,April 7 2025,XP213-PR,4,B,7,B7,9,8,1,10,20,5,7.5,10,5,0.5,0.5,NA,NA,5,IS,2,FALSE
OP-MT7-P47,Ochroma pyramidale,May 29 2025,XP213-PR,4,B,9,B9,19,16,0,2.5,2.5,1,1,0.5,5,5,20,10,25,5,OP,7,FALSE
PG-MT2-P65,Pouruma guianensis,20 of March 2026,XP213-PR,4,B,10,B10,2,0,0,NA,NA,NA,NA,NA,NA,NA,NA,NA,NA,0,PG,2,FALSE
BS-MT6-P2,Bactris setulosa,October 14 2025,XP213-PR,4,B,11,B11,NA,NA,NA,NA,NA,NA,NA,NA,NA,NA,NA,NA,NA,NA,BS,6,FALSE
AE-MT5-P74,Annona edulis,20 of March 2026,XP213-PR,4,B,12,B12,NA,NA,NA,NA,NA,NA,NA,NA,NA,NA,NA,NA,NA,NA,AE,5,FALSE
PA-MT6-P78,Piper aduncum,December 10 2025,XP213-PR,4,B,13,B13,21,12,0,0.5,0.5,0.5,0.5,1,2.5,0.5,5,20,20,2.5,PA,6,FALSE
DC-MT5-P49,Dacryodes cupularis,October 14 2025,XP213-PR,4,B,14,B14,NA,NA,NA,NA,NA,NA,NA,NA,NA,NA,NA,NA,NA,NA,DC,5,FALSE
VB-MT5-P25,Vismia baccifera,20 of March 2026,XP213-PR,4,B,15,B15,2,0,0,NA,NA,NA,NA,NA,NA,NA,NA,NA,NA,0,VB,5,FALSE
CP-MT3-P86,Carapa guianensis,20 of March 2026,XP213-PR,4,B,16,B16,0,0,0,NA,NA,NA,NA,NA,NA,NA,NA,NA,NA,0,CP,3,FALSE
CP-MT5-P1,Carapa guianensis,October 14 2025,XP213-PR,4,C,1,C1,NA,NA,NA,NA,NA,NA,NA,NA,NA,NA,NA,NA,NA,NA,CP,5,FALSE
CP-MT2-P84,Carapa guianensis,20 of March 2026,XP213-PR,4,C,1,C1,NA,NA,NA,NA,NA,NA,NA,NA,NA,NA,NA,NA,NA,NA,CP,2,FALSE
PG-MT3-P71,Pouruma guianensis,20 of March 2026,XP213-PR,4,C,2,C2,NA,NA,NA,NA,NA,NA,NA,NA,NA,NA,NA,NA,NA,NA,PG,3,FALSE
BU-MT3-P28,Brosimum utile,October 14 2025,XP213-PR,4,C,4,C4,NA,NA,NA,NA,NA,NA,NA,NA,NA,NA,NA,NA,NA,NA,BU,3,FALSE
BU-MT3-P85,Brosimum utile,20 of March 2026,XP213-PR,4,C,4,C4,NA,NA,NA,NA,NA,NA,NA,NA,NA,NA,NA,NA,NA,NA,BU,3,FALSE
EA-MT5-P91,Ecuadendron acosta-solisianum,20 of March 2026,XP213-PR,4,C,5,C5,0,0,0,NA,NA,NA,NA,NA,NA,NA,NA,NA,NA,0,EA,5,FALSE
IS-MT1-P16,Inga silanchensis,May 29 2025,XP213-PR,4,C,6,C6,NA,NA,NA,NA,NA,NA,NA,NA,NA,NA,NA,NA,NA,NA,IS,1,FALSE
VB-MT4-P52,Vismia baccifera,20 of March 2026,XP213-PR,4,C,8,C8,3,1,0,1,NA,NA,NA,NA,NA,NA,NA,NA,NA,0.5,VB,4,FALSE
BS-MT6-P60,Bactris setulosa,December 10 2025,XP213-PR,4,C,9,C9,3,2,1,5,50,NA,NA,NA,NA,NA,NA,NA,NA,20,BS,6,FALSE
AE-MT2-P55,Annona edulis,20 of March 2026,XP213-PR,4,C,10,C10,NA,NA,NA,NA,NA,NA,NA,NA,NA,NA,NA,NA,NA,NA,AE,2,FALSE
BG-MT4-P82,Banara guianensis,October 14 2025,XP213-PR,4,C,11,C11,NA,NA,NA,NA,NA,NA,NA,NA,NA,NA,NA,NA,NA,NA,BG,4,FALSE
PA-MT6-P93,Piper aduncum,20 of March 2026,XP213-PR,4,C,12,C12,3,2,0,10,15,NA,NA,NA,NA,NA,NA,NA,NA,10,PA,6,FALSE
DC-MT5-P9,Dacryodes cupularis,October 14 2025,XP213-PR,4,C,13,C13,NA,NA,NA,NA,NA,NA,NA,NA,NA,NA,NA,NA,NA,NA,DC,5,FALSE
BP-MT3-P55,Bauhinia pichinchensis,20 of March 2026,XP213-PR,4,C,16,C16,0,0,0,NA,NA,NA,NA,NA,NA,NA,NA,NA,NA,0,BP,3,FALSE
IS-MT3-P67,Inga silanchensis,April 7 2025,XP213-PR,5,A,1,A1,NA,NA,NA,NA,NA,NA,NA,NA,NA,NA,NA,NA,NA,NA,IS,3,FALSE
PA-MT3-P13,Piper aduncum,April 7 2025,XP213-PR,5,A,2,A2,NA,NA,NA,NA,NA,NA,NA,NA,NA,NA,NA,NA,NA,NA,PA,3,FALSE
CP-MT3-P41,Carapa guianensis,May 29 2025,XP213-PR,5,A,3,A3,NA,NA,NA,NA,NA,NA,NA,NA,NA,NA,NA,NA,NA,NA,CP,3,FALSE
PG-MT3-P6,Pouruma guianensis,20 of March 2026,XP213-PR,5,A,4,A4,NA,NA,NA,NA,NA,NA,NA,NA,NA,NA,NA,NA,NA,NA,PG,3,FALSE
AE-MT2-P69,Annona edulis,20 of March 2026,XP213-PR,5,A,6,A6,NA,NA,NA,NA,NA,NA,NA,NA,NA,NA,NA,NA,NA,NA,AE,2,FALSE
DC-MT4-P34,Dacryodes cupularis,October 14 2025,XP213-PR,5,A,9,A9,NA,NA,NA,NA,NA,NA,NA,NA,NA,NA,NA,NA,NA,NA,DC,4,FALSE
CH-MT3-P25,Cecropia hispidissima,October 14 2025,XP213-PR,5,A,11,A11,NA,NA,NA,NA,NA,NA,NA,NA,NA,NA,NA,NA,NA,NA,CH,3,FALSE
BG-MT4-P86,Banara guianensis,October 14 2025,XP213-PR,5,A,12,A12,NA,NA,NA,NA,NA,NA,NA,NA,NA,NA,NA,NA,NA,NA,BG,4,FALSE
OP-MT2-P43,Ochroma pyramidale,April 7 2025,XP213-PR,5,B,1,B1,NA,NA,NA,NA,NA,NA,NA,NA,NA,NA,NA,NA,NA,NA,OP,2,FALSE
CP-MT4-P55,Carapa guianensis,May 29 2025,XP213-PR,5,B,2,B2,NA,NA,NA,NA,NA,NA,NA,NA,NA,NA,NA,NA,NA,NA,CP,4,FALSE
IS-MT1-P60,Inga silanchensis,May 29 2025,XP213-PR,5,B,3,B3,NA,NA,NA,NA,NA,NA,NA,NA,NA,NA,NA,NA,NA,NA,IS,1,FALSE
DC-MT1-P16,Dacryodes cupularis,October 14 2025,XP213-PR,5,B,4,B4,NA,NA,NA,NA,NA,NA,NA,NA,NA,NA,NA,NA,NA,NA,DC,1,FALSE
AE-MT4-P43,Annona edulis,20 of March 2026,XP213-PR,5,B,6,B6,NA,NA,NA,NA,NA,NA,NA,NA,NA,NA,NA,NA,NA,NA,AE,4,FALSE
BG-MT2-P41,Banara guianensis,October 14 2025,XP213-PR,5,B,8,B8,NA,NA,NA,NA,NA,NA,NA,NA,NA,NA,NA,NA,NA,NA,BG,2,FALSE
PG-MT4-P40,Pouruma guianensis,20 of March 2026,XP213-PR,5,B,11,B11,NA,NA,NA,NA,NA,NA,NA,NA,NA,NA,NA,NA,NA,NA,PG,4,FALSE
CH-MT4-P13,Cecropia hispidissima,October 14 2025,XP213-PR,5,B,14,B14,NA,NA,NA,NA,NA,NA,NA,NA,NA,NA,NA,NA,NA,NA,CH,4,FALSE
CP-MT2-P13,Carapa guianensis,May 29 2025,XP213-PR,5,C,1,C1,NA,NA,NA,NA,NA,NA,NA,NA,NA,NA,NA,NA,NA,NA,CP,2,FALSE
PA-MT6-P76,Piper aduncum,May 29 2025,XP213-PR,5,C,2,C2,NA,NA,NA,NA,NA,NA,NA,NA,NA,NA,NA,NA,NA,NA,PA,6,FALSE
BU-MT1-P58,Brosimum utile,May 29 2025,XP213-PR,5,C,3,C3,NA,NA,NA,NA,NA,NA,NA,NA,NA,NA,NA,NA,NA,NA,BU,1,FALSE
DC-MT5-P19,Dacryodes cupularis,October 14 2025,XP213-PR,5,C,9,C9,NA,NA,NA,NA,NA,NA,NA,NA,NA,NA,NA,NA,NA,NA,DC,5,FALSE
IS-MT3-P88,Inga silanchensis,20 of March 2026,XP213-PR,5,C,11,C11,NA,NA,NA,NA,NA,NA,NA,NA,NA,NA,NA,NA,NA,NA,IS,3,FALSE
AE-MT2-P38,Annona edulis,20 of March 2026,XP213-PR,5,C,12,C12,NA,NA,NA,NA,NA,NA,NA,NA,NA,NA,NA,NA,NA,NA,AE,2,FALSE
PG-MT5-P73,Pouruma guianensis,20 of March 2026,XP213-PR,5,C,13,C13,NA,NA,NA,NA,NA,NA,NA,NA,NA,NA,NA,NA,NA,NA,PG,5,FALSE
BG-MT5-P13,Banara guianensis,October 14 2025,XP213-PR,5,C,14,C14,NA,NA,NA,NA,NA,NA,NA,NA,NA,NA,NA,NA,NA,NA,BG,5,FALSE
BS-MT1-P18,Bactris setulosa,August 28 2025,XP216-PLR,1,A,1,A1,1,0,0,NA,NA,NA,NA,NA,NA,NA,NA,NA,NA,0,BS,1,FALSE
DC-MT4-P53,Dacryodes cupularis,August 28 2025,XP216-PLR,1,A,2,A2,NA,NA,NA,NA,NA,NA,NA,NA,NA,NA,NA,NA,NA,NA,DC,4,FALSE
BP-MT2-P1,Bauhinia pichinchensis,February 18 2026,XP216-PLR,1,A,4,A4,0,0,0,NA,NA,NA,NA,NA,NA,NA,NA,NA,NA,0,BP,2,FALSE
CH-MT5-P47,Cecropia hispidissima,August 28 2025,XP216-PLR,1,A,6,A6,NA,NA,NA,NA,NA,NA,NA,NA,NA,NA,NA,NA,NA,NA,CH,5,FALSE
VB-MT5-P19,Vismia baccifera,February 18 2026,XP216-PLR,1,A,7,A7,6,0,0,NA,NA,NA,NA,NA,NA,NA,NA,NA,NA,0,VB,5,FALSE
PA-MT3-P26,Piper aduncum,March 31 2025,XP216-PLR,1,A,8,A8,14,10,3,5,2.5,1,5,2.5,10,5,12.5,15,10,2.5,PA,3,FALSE
AE-MT4-P4,Annona edulis,February 18 2026,XP216-PLR,1,A,9,A9,0,0,0,NA,NA,NA,NA,NA,NA,NA,NA,NA,NA,0,AE,4,FALSE
OP-MT9-P25,Ochroma pyramidale,March 31 2025,XP216-PLR,1,A,10,A10,NA,NA,NA,NA,NA,NA,NA,NA,NA,NA,NA,NA,NA,NA,OP,9,FALSE
IS-MT3-P32,Inga silanchensis,March 31 2025,XP216-PLR,1,A,11,A11,1,1,1,0.5,NA,NA,NA,NA,NA,NA,NA,NA,NA,0.5,IS,3,FALSE
PG-MT4-P44,Pouruma guianensis,February 18 2026,XP216-PLR,1,A,13,A13,3,1,0,0.5,NA,NA,NA,NA,NA,NA,NA,NA,NA,0.5,PG,4,FALSE
BG-MT3-P30,Banara guianensis,August 28 2025,XP216-PLR,1,A,14,A14,NA,NA,NA,NA,NA,NA,NA,NA,NA,NA,NA,NA,NA,NA,BG,3,FALSE
BU-MT5-P29,Brosimum utile,August 28 2025,XP216-PLR,1,A,15,A15,5,4,4,0.5,1,0.5,1,NA,NA,NA,NA,NA,NA,0.5,BU,5,FALSE
CP-MT1-P53,Carapa guianensis,August 28 2025,XP216-PLR,1,A,16,A16,6,4,6,1,10,0.5,1,NA,NA,NA,NA,NA,NA,2.5,CP,1,FALSE
BG-MT1-P55,Banara guianensis,August 28 2025,XP216-PLR,1,B,1,B1,12,2,1,30,1,NA,NA,NA,NA,NA,NA,NA,NA,1,BG,1,FALSE
OP-MT8-P17,Ochroma pyramidale,May 15 2025,XP216-PLR,1,B,2,B2,NA,NA,NA,NA,NA,NA,NA,NA,NA,NA,NA,NA,NA,NA,OP,8,FALSE
BU-MT2-P29,Brosimum utile,August 28 2025,XP216-PLR,1,B,4,B4,3,1,3,10,NA,NA,NA,NA,NA,NA,NA,NA,NA,2.5,BU,2,FALSE
AE-MT4-P17,Annona edulis,February 18 2026,XP216-PLR,1,B,5,B5,8,4,0,5,10,5,0.5,NA,NA,NA,NA,NA,NA,1,AE,4,FALSE
EA-MT3-P66,Ecuadendron acosta-solisianum,February 18 2026,XP216-PLR,1,B,7,B7,6,2,0,80,5,NA,NA,NA,NA,NA,NA,NA,NA,10,EA,3,FALSE
CH-MT2-P56,Cecropia hispidissima,August 28 2025,XP216-PLR,1,B,8,B8,NA,NA,NA,NA,NA,NA,NA,NA,NA,NA,NA,NA,NA,NA,CH,2,FALSE
MC-MT3-P53,Miconia conocuatrecasasii,August 28 2025,XP216-PLR,1,B,9,B9,NA,NA,NA,NA,NA,NA,NA,NA,NA,NA,NA,NA,NA,NA,MC,3,FALSE
PA-MT6-P64,Piper aduncum,May 15 2025,XP216-PLR,1,B,10,B10,11,8,0,10,15,7.5,2.5,50,1,0.5,0.5,NA,NA,2.5,PA,6,FALSE
CP-MT5-P62,Carapa guianensis,August 28 2025,XP216-PLR,1,B,11,B11,6,5,3,25,0.5,0.5,5,0.5,NA,NA,NA,NA,NA,2.5,CP,5,FALSE
IS-MT2-P90,Inga silanchensis,March 31 2025,XP216-PLR,1,B,12,B12,3,2,2,5,15,NA,NA,NA,NA,NA,NA,NA,NA,5,IS,2,FALSE
PG-MT1-P62,Pouruma guianensis,February 18 2026,XP216-PLR,1,B,13,B13,2,2,0,0.5,50,NA,NA,NA,NA,NA,NA,NA,NA,25,PG,1,FALSE
DC-MT1-P61,Dacryodes cupularis,February 18 2026,XP216-PLR,1,B,14,B14,3,3,0,20,60,15,NA,NA,NA,NA,NA,NA,NA,30,DC,1,FALSE
VB-MT3-P8,Vismia baccifera,February 18 2026,XP216-PLR,1,B,15,B15,4,0,0,NA,NA,NA,NA,NA,NA,NA,NA,NA,NA,0,VB,3,FALSE
BP-MT4-P53,Bauhinia pichinchensis,February 18 2026,XP216-PLR,1,B,16,B16,2,2,0,60,2.5,NA,NA,NA,NA,NA,NA,NA,NA,25,BP,4,FALSE
BU-MT4-P55,Brosimum utile,August 28 2025,XP216-PLR,1,C,1,C1,3,2,2,20,0.5,NA,NA,NA,NA,NA,NA,NA,NA,7.5,BU,4,FALSE
CP-MT4-P30,Carapa guianensis,May 15 2025,XP216-PLR,1,C,3,C3,NA,NA,NA,NA,NA,NA,NA,NA,NA,NA,NA,NA,NA,NA,CP,4,FALSE
PA-MT3-P100,Piper aduncum,February 18 2026,XP216-PLR,1,C,5,C5,3,1,0,25,NA,NA,NA,NA,NA,NA,NA,NA,NA,10,PA,3,FALSE
OP-MT7-P42,Ochroma pyramidale,May 15 2025,XP216-PLR,1,C,6,C6,7,1,1,15,NA,NA,NA,NA,NA,NA,NA,NA,NA,1,OP,7,FALSE
PG-MT1-P2,Pouruma guianensis,February 18 2026,XP216-PLR,1,C,7,C7,1,0,0,NA,NA,NA,NA,NA,NA,NA,NA,NA,NA,0,PG,1,FALSE
DC-MT1-P54,Dacryodes cupularis,August 28 2025,XP216-PLR,1,C,8,C8,4,3,3,2.5,10,1,NA,NA,NA,NA,NA,NA,NA,1,DC,1,FALSE
AE-MT2-P71,Annona edulis,February 18 2026,XP216-PLR,1,C,9,C9,9,5,0,2.5,30,0.5,0.5,10,NA,NA,NA,NA,NA,5,AE,2,FALSE
CH-MT1-P23,Cecropia hispidissima,May 15 2025,XP216-PLR,1,C,10,C10,NA,NA,NA,NA,NA,NA,NA,NA,NA,NA,NA,NA,NA,NA,CH,1,FALSE
EA-MT3-P5,Ecuadendron acosta-solisianum,May 15 2025,XP216-PLR,1,C,11,C11,17,6,4,30,15,0.5,0.5,2.5,0.5,NA,NA,NA,NA,2.5,EA,3,FALSE
IS-MT5-P36,Inga silanchensis,March 31 2025,XP216-PLR,1,C,12,C12,4,4,4,1,20,15,1,NA,NA,NA,NA,NA,NA,10,IS,5,FALSE
BG-MT4-P58,Banara guianensis,August 28 2025,XP216-PLR,1,C,14,C14,27,9,1,30,15,15,5,1,0.5,0.5,1,1,NA,1,BG,4,FALSE
BP-MT3-P6,Bauhinia pichinchensis,February 18 2026,XP216-PLR,1,C,15,C15,0,0,0,NA,NA,NA,NA,NA,NA,NA,NA,NA,NA,0,BP,3,FALSE
VB-MT3-P21,Vismia baccifera,February 18 2026,XP216-PLR,1,C,16,C16,2,1,0,0.5,NA,NA,NA,NA,NA,NA,NA,NA,NA,0.5,VB,3,FALSE
IS-MT2-P22,Inga silanchensis,March 31 2025,XP216-PLR,2,A,1,A1,4,1,0,1,NA,NA,NA,NA,NA,NA,NA,NA,NA,0.5,IS,2,FALSE
AE-MT3-P74,Annona edulis,February 18 2026,XP216-PLR,2,A,2,A2,10,2,0,0.5,0.5,NA,NA,NA,NA,NA,NA,NA,NA,0.5,AE,3,FALSE
BU-MT4-P21,Brosimum utile,August 28 2025,XP216-PLR,2,A,3,A3,4,3,4,10,0.5,2.5,NA,NA,NA,NA,NA,NA,NA,2.5,BU,4,FALSE
VB-MT3-P48,Vismia baccifera,February 18 2026,XP216-PLR,2,A,4,A4,5,1,0,50,NA,NA,NA,NA,NA,NA,NA,NA,NA,10,VB,3,FALSE
CP-MT5-P47,Carapa guianensis,August 28 2025,XP216-PLR,2,A,5,A5,5,5,4,1,0.5,1,1,0.5,NA,NA,NA,NA,NA,0.5,CP,5,FALSE
CH-MT2-P38,Cecropia hispidissima,August 28 2025,XP216-PLR,2,A,6,A6,3,0,0,NA,NA,NA,NA,NA,NA,NA,NA,NA,NA,0,CH,2,FALSE
EA-MT4-P28,Ecuadendron acosta-solisianum,February 18 2026,XP216-PLR,2,A,7,A7,12,12,1,12.5,5,10,20,15,25,15,25,20,10,10,EA,4,FALSE
PA-MT3-P22,Piper aduncum,March 31 2025,XP216-PLR,2,A,8,A8,4,3,0,5,10,5,NA,NA,NA,NA,NA,NA,NA,5,PA,3,FALSE
DC-MT1-P76,Dacryodes cupularis,August 28 2025,XP216-PLR,2,A,9,A9,NA,NA,NA,NA,NA,NA,NA,NA,NA,NA,NA,NA,NA,NA,DC,1,FALSE
OP-MT2-P14,Ochroma pyramidale,March 31 2025,XP216-PLR,2,A,10,A10,NA,NA,NA,NA,NA,NA,NA,NA,NA,NA,NA,NA,NA,NA,OP,2,FALSE
BP-MT4-P12,Bauhinia pichinchensis,February 18 2026,XP216-PLR,2,A,11,A11,1,1,0,0.5,NA,NA,NA,NA,NA,NA,NA,NA,NA,0.5,BP,4,FALSE
BG-MT4-P46,Banara guianensis,August 28 2025,XP216-PLR,2,A,12,A12,11,3,0,2.5,1,40,NA,NA,NA,NA,NA,NA,NA,5,BG,4,FALSE
PG-MT5-P70,Pouruma guianensis,February 18 2026,XP216-PLR,2,A,13,A13,2,1,0,0.5,NA,NA,NA,NA,NA,NA,NA,NA,NA,0.5,PG,5,FALSE
BS-MT5-P6,Bactris setulosa,August 28 2025,XP216-PLR,2,A,15,A15,1,1,0,10,NA,NA,NA,NA,NA,NA,NA,NA,NA,10,BS,5,FALSE
MC-MT2-P7,Miconia conocuatrecasasii,August 28 2025,XP216-PLR,2,A,16,A16,6,6,0,0.5,5,70,35,12.5,60,NA,NA,NA,NA,25,MC,2,FALSE
CH-MT4-P2,Cecropia hispidissima,August 28 2025,XP216-PLR,2,B,1,B1,1,0,0,NA,NA,NA,NA,NA,NA,NA,NA,NA,NA,0,CH,4,FALSE
OP-MT7-P14,Ochroma pyramidale,May 15 2025,XP216-PLR,2,B,2,B2,7,4,0,20,1,5,0.5,NA,NA,NA,NA,NA,NA,2.5,OP,7,FALSE
VB-MT3-P51,Vismia baccifera,February 18 2026,XP216-PLR,2,B,4,B4,3,0,0,NA,NA,NA,NA,NA,NA,NA,NA,NA,NA,0,VB,3,FALSE
MC-MT3-P50,Miconia conocuatrecasasii,August 28 2025,XP216-PLR,2,B,5,B5,4,3,0,50,35,5,NA,NA,NA,NA,NA,NA,NA,30,MC,3,FALSE
BG-MT3-P8,Banara guianensis,August 28 2025,XP216-PLR,2,B,6,B6,NA,NA,NA,NA,NA,NA,NA,NA,NA,NA,NA,NA,NA,NA,BG,3,FALSE
DC-MT4-P28,Dacryodes cupularis,August 28 2025,XP216-PLR,2,B,7,B7,4,3,2,10,2.5,5,NA,NA,NA,NA,NA,NA,NA,2.5,DC,4,FALSE
BP-MT5-P27,Bauhinia pichinchensis,February 18 2026,XP216-PLR,2,B,10,B10,3,0,0,NA,NA,NA,NA,NA,NA,NA,NA,NA,NA,0,BP,5,FALSE
CP-MT3-P25,Carapa guianensis,May 15 2025,XP216-PLR,2,B,11,B11,5,5,5,1,0.5,1,5,2.5,NA,NA,NA,NA,NA,1,CP,3,FALSE
BS-MT7-P11,Bactris setulosa,August 28 2025,XP216-PLR,2,B,12,B12,2,2,0,5,2.5,NA,NA,NA,NA,NA,NA,NA,NA,2.5,BS,7,FALSE
PG-MT3-P30,Pouruma guianensis,February 18 2026,XP216-PLR,2,B,13,B13,4,3,0,20,15,35,NA,NA,NA,NA,NA,NA,NA,20,PG,3,FALSE
BU-MT3-P51,Brosimum utile,August 28 2025,XP216-PLR,2,B,15,B15,3,1,2,1,NA,NA,NA,NA,NA,NA,NA,NA,NA,0.5,BU,3,FALSE
AE-MT4-P11,Annona edulis,February 18 2026,XP216-PLR,2,B,16,B16,4,1,0,0.5,NA,NA,NA,NA,NA,NA,NA,NA,NA,0.5,AE,4,FALSE
VB-MT2-P45,Vismia baccifera,February 18 2026,XP216-PLR,2,C,1,C1,4,0,0,NA,NA,NA,NA,NA,NA,NA,NA,NA,NA,0,VB,2,FALSE
CH-MT1-P50,Cecropia hispidissima,May 15 2025,XP216-PLR,2,C,3,C3,NA,NA,NA,NA,NA,NA,NA,NA,NA,NA,NA,NA,NA,NA,CH,1,FALSE
CH-MT3-P20,Cecropia hispidissima,February 18 2026,XP216-PLR,2,C,3,C3,4,2,0,1,45,NA,NA,NA,NA,NA,NA,NA,NA,10,CH,3,FALSE
CP-MT2-P68,Carapa guianensis,May 15 2025,XP216-PLR,2,C,4,C4,4,3,4,0.5,0.5,0.5,NA,NA,NA,NA,NA,NA,NA,0.5,CP,2,FALSE
BP-MT4-P29,Bauhinia pichinchensis,February 18 2026,XP216-PLR,2,C,5,C5,0,0,0,NA,NA,NA,NA,NA,NA,NA,NA,NA,NA,0,BP,4,FALSE
DC-MT3-P45,Dacryodes cupularis,August 28 2025,XP216-PLR,2,C,6,C6,4,2,3,5,5,NA,NA,NA,NA,NA,NA,NA,NA,2.5,DC,3,FALSE
EA-MT2-P12,Ecuadendron acosta-solisianum,May 15 2025,XP216-PLR,2,C,7,C7,15,6,13,10,5,0.5,0.5,1,0.5,NA,NA,NA,NA,1,EA,2,FALSE
BG-MT2-P5,Banara guianensis,August 28 2025,XP216-PLR,2,C,8,C8,11,2,1,5,0.5,NA,NA,NA,NA,NA,NA,NA,NA,0.5,BG,2,FALSE
MC-MT1-P8,Miconia conocuatrecasasii,August 28 2025,XP216-PLR,2,C,9,C9,6,6,0,35,30,20,20,50,20,NA,NA,NA,NA,25,MC,1,FALSE
BU-MT2-P24,Brosimum utile,August 28 2025,XP216-PLR,2,C,10,C10,7,2,3,5,1,NA,NA,NA,NA,NA,NA,NA,NA,1,BU,2,FALSE
OP-MT8-P9,Ochroma pyramidale,May 15 2025,XP216-PLR,2,C,11,C11,NA,NA,NA,NA,NA,NA,NA,NA,NA,NA,NA,NA,NA,NA,OP,8,FALSE
PG-MT1-P28,Pouruma guianensis,February 18 2026,XP216-PLR,2,C,14,C14,1,1,0,0.5,NA,NA,NA,NA,NA,NA,NA,NA,NA,0.5,PG,1,FALSE
AE-MT2-P39,Annona edulis,February 18 2026,XP216-PLR,2,C,16,C16,6,1,0,0.5,NA,NA,NA,NA,NA,NA,NA,NA,NA,0.5,AE,2,FALSE
CP-MT4-P45,Carapa guianensis,May 15 2025,XP216-PLR,3,A,1,A1,NA,NA,NA,NA,NA,NA,NA,NA,NA,NA,NA,NA,NA,NA,CP,4,FALSE
CP-MT5-P82,Carapa guianensis,February 18 2026,XP216-PLR,3,A,1,A1,4,2,2,0.5,1,NA,NA,NA,NA,NA,NA,NA,NA,0.5,CP,5,FALSE
BG-MT5-P34,Banara guianensis,August 28 2025,XP216-PLR,3,A,2,A2,0,0,0,NA,NA,NA,NA,NA,NA,NA,NA,NA,NA,0,BG,5,FALSE
VB-MT3-P55,Vismia baccifera,February 18 2026,XP216-PLR,3,A,3,A3,6,1,0,0.5,NA,NA,NA,NA,NA,NA,NA,NA,NA,0.5,VB,3,FALSE
BU-MT1-P5,Brosimum utile,May 15 2025,XP216-PLR,3,A,4,A4,3,1,3,1,NA,NA,NA,NA,NA,NA,NA,NA,NA,0.5,BU,1,FALSE
BP-MT1-P65,Bauhinia pichinchensis,February 18 2026,XP216-PLR,3,A,5,A5,2,1,0,0.5,NA,NA,NA,NA,NA,NA,NA,NA,NA,0.5,BP,1,FALSE
AE-MT5-P10,Annona edulis,February 18 2026,XP216-PLR,3,A,6,A6,7,5,0,2.5,0.5,2.5,20,1,NA,NA,NA,NA,NA,2.5,AE,5,FALSE
OP-MT2-P30,Ochroma pyramidale,March 31 2025,XP216-PLR,3,A,7,A7,NA,NA,NA,NA,NA,NA,NA,NA,NA,NA,NA,NA,NA,NA,OP,2,FALSE
IS-MT3-P2,Inga silanchensis,March 31 2025,XP216-PLR,3,A,9,A9,5,4,3,7.5,0.5,50,5,NA,NA,NA,NA,NA,NA,5,IS,3,FALSE
MC-MT2-P28,Miconia conocuatrecasasii,August 28 2025,XP216-PLR,3,A,11,A11,6,6,1,0.5,2.5,50,5,10,5,NA,NA,NA,NA,10,MC,2,FALSE
PA-MT7-P10,Piper aduncum,August 28 2025,XP216-PLR,3,A,12,A12,11,3,1,1,0.5,0.5,NA,NA,NA,NA,NA,NA,NA,0.5,PA,7,FALSE
CH-MT3-P60,Cecropia hispidissima,August 28 2025,XP216-PLR,3,A,13,A13,NA,NA,NA,NA,NA,NA,NA,NA,NA,NA,NA,NA,NA,NA,CH,3,FALSE
DC-MT5-P81,Dacryodes cupularis,February 18 2026,XP216-PLR,3,A,14,A14,1,1,0,10,NA,NA,NA,NA,NA,NA,NA,NA,NA,10,DC,5,FALSE
PG-MT4-P5,Pouruma guianensis,February 18 2026,XP216-PLR,3,A,16,A16,4,2,0,5,0.5,NA,NA,NA,NA,NA,NA,NA,NA,1,PG,4,FALSE
CH-MT3-P38,Cecropia hispidissima,August 28 2025,XP216-PLR,3,B,1,B1,0,0,0,NA,NA,NA,NA,NA,NA,NA,NA,NA,NA,0,CH,3,FALSE
PG-MT5-P29,Pouruma guianensis,February 18 2026,XP216-PLR,3,B,2,B2,3,2,0,0.5,1,NA,NA,NA,NA,NA,NA,NA,NA,0.5,PG,5,FALSE
IS-MT5-P80,Inga silanchensis,March 31 2025,XP216-PLR,3,B,3,B3,5,3,4,1,2.5,5,NA,NA,NA,NA,NA,NA,NA,2.5,IS,5,FALSE
VB-MT1-P16,Vismia baccifera,August 28 2025,XP216-PLR,3,B,4,B4,4,1,0,1,NA,NA,NA,NA,NA,NA,NA,NA,NA,0.5,VB,1,FALSE
CP-MT3-P46,Carapa guianensis,May 15 2025,XP216-PLR,3,B,5,B5,6,4,4,25,20,1,5,NA,NA,NA,NA,NA,NA,5,CP,3,FALSE
AE-MT2-P70,Annona edulis,February 18 2026,XP216-PLR,3,B,8,B8,8,5,0,2.5,1,5,0.5,2.5,NA,NA,NA,NA,NA,1,AE,2,FALSE
BS-MT6-P12,Bactris setulosa,August 28 2025,XP216-PLR,3,B,11,B11,0,0,0,NA,NA,NA,NA,NA,NA,NA,NA,NA,NA,0,BS,6,FALSE
MC-MT1-P16,Miconia conocuatrecasasii,August 28 2025,XP216-PLR,3,B,12,B12,6,4,0,1,1,12.5,0.5,NA,NA,NA,NA,NA,NA,1,MC,1,FALSE
BU-MT3-P73,Brosimum utile,August 28 2025,XP216-PLR,3,B,13,B13,6,1,4,5,NA,NA,NA,NA,NA,NA,NA,NA,NA,1,BU,3,FALSE
BG-MT1-P52,Banara guianensis,August 28 2025,XP216-PLR,3,B,14,B14,12,1,0,0.5,NA,NA,NA,NA,NA,NA,NA,NA,NA,0.5,BG,1,FALSE
BP-MT2-P60,Bauhinia pichinchensis,February 18 2026,XP216-PLR,3,B,15,B15,0,0,0,NA,NA,NA,NA,NA,NA,NA,NA,NA,NA,0,BP,2,FALSE
DC-MT2-P13,Dacryodes cupularis,August 28 2025,XP216-PLR,3,B,16,B16,4,3,4,20,2.5,0.5,NA,NA,NA,NA,NA,NA,NA,2.5,DC,2,FALSE
BU-MT5-P32,Brosimum utile,August 28 2025,XP216-PLR,3,C,3,C3,5,0,4,NA,NA,NA,NA,NA,NA,NA,NA,NA,NA,0,BU,5,FALSE
VB-MT2-P44,Vismia baccifera,February 18 2026,XP216-PLR,3,C,4,C4,4,0,0,NA,NA,NA,NA,NA,NA,NA,NA,NA,NA,0,VB,2,FALSE
AE-MT5-P14,Annona edulis,February 18 2026,XP216-PLR,3,C,5,C5,0,0,0,NA,NA,NA,NA,NA,NA,NA,NA,NA,NA,0,AE,5,FALSE
DC-MT5-P4,Dacryodes cupularis,August 28 2025,XP216-PLR,3,C,6,C6,2,2,2,10,10,NA,NA,NA,NA,NA,NA,NA,NA,10,DC,5,FALSE
IS-MT4-P40,Inga silanchensis,May 15 2025,XP216-PLR,3,C,7,C7,3,3,2,0.5,0.5,10,NA,NA,NA,NA,NA,NA,NA,2.5,IS,4,FALSE
BP-MT1-P13,Bauhinia pichinchensis,February 18 2026,XP216-PLR,3,C,8,C8,0,0,0,NA,NA,NA,NA,NA,NA,NA,NA,NA,NA,0,BP,1,FALSE
BG-MT1-P37,Banara guianensis,August 28 2025,XP216-PLR,3,C,9,C9,30,3,6,1,5,2.5,NA,NA,NA,NA,NA,NA,NA,0.5,BG,1,FALSE
CP-MT5-P22,Carapa guianensis,August 28 2025,XP216-PLR,3,C,10,C10,4,4,4,0.5,5,0.5,0.5,NA,NA,NA,NA,NA,NA,1,CP,5,FALSE
OP-MT6-P46,Ochroma pyramidale,May 15 2025,XP216-PLR,3,C,11,C11,NA,NA,NA,NA,NA,NA,NA,NA,NA,NA,NA,NA,NA,NA,OP,6,FALSE
EA-MT4-P32,Ecuadendron acosta-solisianum,February 18 2026,XP216-PLR,3,C,12,C12,11,4,2,0.5,0.5,22.5,1,NA,NA,NA,NA,NA,NA,1,EA,4,FALSE
PA-MT7-P35,Piper aduncum,August 28 2025,XP216-PLR,3,C,13,C13,13,5,2,10,5,0.5,10,1,NA,NA,NA,NA,NA,1,PA,7,FALSE
PG-MT3-P68,Pouruma guianensis,February 18 2026,XP216-PLR,3,C,14,C14,4,4,0,25,0.5,0.5,0.5,NA,NA,NA,NA,NA,NA,5,PG,3,FALSE
CH-MT5-P42,Cecropia hispidissima,August 28 2025,XP216-PLR,3,C,15,C15,2,2,0,1,0.5,NA,NA,NA,NA,NA,NA,NA,NA,0.5,CH,5,FALSE
DC-MT3-P25,Dacryodes cupularis,August 28 2025,XP216-PLR,4,A,1,A1,2,1,2,0.5,NA,NA,NA,NA,NA,NA,NA,NA,NA,0.5,DC,3,FALSE
BU-MT3-P64,Brosimum utile,August 28 2025,XP216-PLR,4,A,2,A2,6,0,0,NA,NA,NA,NA,NA,NA,NA,NA,NA,NA,0,BU,3,FALSE
CH-MT4-P72,Cecropia hispidissima,August 28 2025,XP216-PLR,4,A,3,A3,0,0,0,NA,NA,NA,NA,NA,NA,NA,NA,NA,NA,0,CH,4,FALSE
BG-MT2-P57,Banara guianensis,August 28 2025,XP216-PLR,4,A,4,A4,15,3,0,50,25,15,NA,NA,NA,NA,NA,NA,NA,2.5,BG,2,FALSE
AE-MT1-P61,Annona edulis,February 18 2026,XP216-PLR,4,A,5,A5,NA,NA,NA,NA,NA,NA,NA,NA,NA,NA,NA,NA,NA,NA,AE,1,FALSE
OP-MT9-P45,Ochroma pyramidale,March 31 2025,XP216-PLR,4,A,8,A8,NA,NA,NA,NA,NA,NA,NA,NA,NA,NA,NA,NA,NA,NA,OP,9,FALSE
BP-MT3-P5,Bauhinia pichinchensis,February 18 2026,XP216-PLR,4,A,10,A10,2,2,0,5,5,NA,NA,NA,NA,NA,NA,NA,NA,5,BP,3,FALSE
IS-MT1-P23,Inga silanchensis,May 15 2025,XP216-PLR,4,A,11,A11,2,2,1,1,0.5,NA,NA,NA,NA,NA,NA,NA,NA,0.5,IS,1,FALSE
PG-MT2-P59,Pouruma guianensis,February 18 2026,XP216-PLR,4,A,12,A12,4,1,0,0.5,NA,NA,NA,NA,NA,NA,NA,NA,NA,0.5,PG,2,FALSE
CP-MT1-P32,Carapa guianensis,August 28 2025,XP216-PLR,4,A,15,A15,4,4,4,1,0.5,2.5,0.5,NA,NA,NA,NA,NA,NA,1,CP,1,FALSE
VB-MT5-P3,Vismia baccifera,February 18 2026,XP216-PLR,4,A,15,A15,NA,NA,NA,NA,NA,NA,NA,NA,NA,NA,NA,NA,NA,NA,VB,5,FALSE
PG-MT1-P33,Pouruma guianensis,February 18 2026,XP216-PLR,4,B,1,B1,1,1,0,1,NA,NA,NA,NA,NA,NA,NA,NA,NA,1,PG,1,FALSE
IS-MT4-P5,Inga silanchensis,May 15 2025,XP216-PLR,4,B,2,B2,2,1,0,2.5,NA,NA,NA,NA,NA,NA,NA,NA,NA,1,IS,4,FALSE
VB-MT1-P31,Vismia baccifera,August 28 2025,XP216-PLR,4,B,3,B3,2,0,0,NA,NA,NA,NA,NA,NA,NA,NA,NA,NA,0,VB,1,FALSE
BP-MT1-P41,Bauhinia pichinchensis,February 18 2026,XP216-PLR,4,B,6,B6,2,1,0,1,NA,NA,NA,NA,NA,NA,NA,NA,NA,0.5,BP,1,FALSE
PA-MT6-P41,Piper aduncum,May 15 2025,XP216-PLR,4,B,7,B7,7,3,1,1,0.5,1,NA,NA,NA,NA,NA,NA,NA,0.5,PA,6,FALSE
CP-MT5-P63,Carapa guianensis,August 28 2025,XP216-PLR,4,B,9,B9,5,4,3,5,1,5,0.5,NA,NA,NA,NA,NA,NA,2.5,CP,5,FALSE
BU-MT1-P54,Brosimum utile,May 15 2025,XP216-PLR,4,B,10,B10,4,2,4,10,7.5,NA,NA,NA,NA,NA,NA,NA,NA,5,BU,1,FALSE
EA-MT4-P10,Ecuadendron acosta-solisianum,May 15 2025,XP216-PLR,4,B,11,B11,8,4,8,5,5,2.5,1,NA,NA,NA,NA,NA,NA,1,EA,4,FALSE
AE-MT5-P70,Annona edulis,February 18 2026,XP216-PLR,4,B,12,B12,10,3,0,5,0.5,5,NA,NA,NA,NA,NA,NA,NA,0.5,AE,5,FALSE
CH-MT2-P26,Cecropia hispidissima,August 28 2025,XP216-PLR,4,B,13,B13,3,1,1,25,NA,NA,NA,NA,NA,NA,NA,NA,NA,17.5,CH,2,FALSE
BG-MT5-P9,Banara guianensis,August 28 2025,XP216-PLR,4,B,15,B15,NA,NA,NA,NA,NA,NA,NA,NA,NA,NA,NA,NA,NA,NA,BG,5,FALSE
BG-MT3-P38,Banara guianensis,August 28 2025,XP216-PLR,4,C,1,C1,10,3,3,0.5,10,5,NA,NA,NA,NA,NA,NA,NA,2.5,BG,3,FALSE
VB-MT3-P3,Vismia baccifera,February 18 2026,XP216-PLR,4,C,2,C2,2,1,0,1,NA,NA,NA,NA,NA,NA,NA,NA,NA,0.5,VB,3,FALSE
DC-MT5-P15,Dacryodes cupularis,August 28 2025,XP216-PLR,4,C,3,C3,NA,NA,NA,NA,NA,NA,NA,NA,NA,NA,NA,NA,NA,NA,DC,5,FALSE
CH-MT4-P44,Cecropia hispidissima,August 28 2025,XP216-PLR,4,C,4,C4,4,4,2,0.5,0.5,1,1,NA,NA,NA,NA,NA,NA,0.5,CH,4,FALSE
MC-MT3-P2,Miconia conocuatrecasasii,August 28 2025,XP216-PLR,4,C,5,C5,4,3,0,5,25,25,NA,NA,NA,NA,NA,NA,NA,15,MC,3,FALSE
BP-MT2-P68,Bauhinia pichinchensis,February 18 2026,XP216-PLR,4,C,6,C6,1,0,0,NA,NA,NA,NA,NA,NA,NA,NA,NA,NA,0,BP,2,FALSE
CP-MT2-P40,Carapa guianensis,May 15 2025,XP216-PLR,4,C,7,C7,3,3,3,7.5,5,25,NA,NA,NA,NA,NA,NA,NA,10,CP,2,FALSE
IS-MT1-P43,Inga silanchensis,May 15 2025,XP216-PLR,4,C,8,C8,3,3,3,5,1,2.5,NA,NA,NA,NA,NA,NA,NA,2.5,IS,1,FALSE
OP-MT6-P45,Ochroma pyramidale,May 15 2025,XP216-PLR,4,C,11,C11,NA,NA,NA,NA,NA,NA,NA,NA,NA,NA,NA,NA,NA,NA,OP,6,FALSE
BS-MT6-P24,Bactris setulosa,August 28 2025,XP216-PLR,4,C,12,C12,2,1,1,2.5,NA,NA,NA,NA,NA,NA,NA,NA,NA,1,BS,6,FALSE
PG-MT3-P7,Pouruma guianensis,February 18 2026,XP216-PLR,4,C,13,C13,6,2,0,2.5,5,NA,NA,NA,NA,NA,NA,NA,NA,1,PG,3,FALSE
BU-MT5-P30,Brosimum utile,August 28 2025,XP216-PLR,4,C,14,C14,5,0,4,NA,NA,NA,NA,NA,NA,NA,NA,NA,NA,0,BU,5,FALSE
AE-MT3-P62,Annona edulis,February 18 2026,XP216-PLR,4,C,15,C15,6,3,0,1,0.5,10,NA,NA,NA,NA,NA,NA,NA,1,AE,3,FALSE
AE-MT2-P27,Annona edulis,February 18 2026,XP216-PLR,5,A,2,A2,NA,NA,NA,NA,NA,NA,NA,NA,NA,NA,NA,NA,NA,NA,AE,2,FALSE
BS-MT7-P65,Bactris setulosa,February 18 2026,XP216-PLR,5,A,3,A3,NA,NA,NA,NA,NA,NA,NA,NA,NA,NA,NA,NA,NA,NA,BS,7,FALSE
BP-MT5-P38,Bauhinia pichinchensis,February 18 2026,XP216-PLR,5,A,4,A4,NA,NA,NA,NA,NA,NA,NA,NA,NA,NA,NA,NA,NA,NA,BP,5,FALSE
CH-MT4-P24,Cecropia hispidissima,August 28 2025,XP216-PLR,5,A,8,A8,NA,NA,NA,NA,NA,NA,NA,NA,NA,NA,NA,NA,NA,NA,CH,4,FALSE
EA-MT4-P52,Ecuadendron acosta-solisianum,February 18 2026,XP216-PLR,5,A,10,A10,NA,NA,NA,NA,NA,NA,NA,NA,NA,NA,NA,NA,NA,NA,EA,4,FALSE
DC-MT4-P39,Dacryodes cupularis,August 28 2025,XP216-PLR,5,A,11,A11,NA,NA,NA,NA,NA,NA,NA,NA,NA,NA,NA,NA,NA,NA,DC,4,FALSE
VB-MT5-P47,Vismia baccifera,February 18 2026,XP216-PLR,5,A,12,A12,NA,NA,NA,NA,NA,NA,NA,NA,NA,NA,NA,NA,NA,NA,VB,5,FALSE
BG-MT4-P52,Banara guianensis,August 28 2025,XP216-PLR,5,A,13,A13,NA,NA,NA,NA,NA,NA,NA,NA,NA,NA,NA,NA,NA,NA,BG,4,FALSE
PG-MT4-P3,Pouruma guianensis,February 18 2026,XP216-PLR,5,A,14,A14,NA,NA,NA,NA,NA,NA,NA,NA,NA,NA,NA,NA,NA,NA,PG,4,FALSE
PG-MT1-P72,Pouruma guianensis,February 18 2026,XP216-PLR,5,B,1,B1,NA,NA,NA,NA,NA,NA,NA,NA,NA,NA,NA,NA,NA,NA,PG,1,FALSE
BP-MT3-P60,Bauhinia pichinchensis,February 18 2026,XP216-PLR,5,B,6,B6,NA,NA,NA,NA,NA,NA,NA,NA,NA,NA,NA,NA,NA,NA,BP,3,FALSE
VB-MT4-P55,Vismia baccifera,February 18 2026,XP216-PLR,5,B,7,B7,NA,NA,NA,NA,NA,NA,NA,NA,NA,NA,NA,NA,NA,NA,VB,4,FALSE
BG-MT2-P2,Banara guianensis,August 28 2025,XP216-PLR,5,B,9,B9,NA,NA,NA,NA,NA,NA,NA,NA,NA,NA,NA,NA,NA,NA,BG,2,FALSE
EA-MT1-P89,Ecuadendron acosta-solisianum,February 18 2026,XP216-PLR,5,B,12,B12,NA,NA,NA,NA,NA,NA,NA,NA,NA,NA,NA,NA,NA,NA,EA,1,FALSE
DC-MT5-P65,Dacryodes cupularis,August 28 2025,XP216-PLR,5,B,14,B14,NA,NA,NA,NA,NA,NA,NA,NA,NA,NA,NA,NA,NA,NA,DC,5,FALSE
AE-MT4-P51,Annona edulis,February 18 2026,XP216-PLR,5,B,15,B15,NA,NA,NA,NA,NA,NA,NA,NA,NA,NA,NA,NA,NA,NA,AE,4,FALSE
AE-MT1-P15,Annona edulis,February 18 2026,XP216-PLR,5,C,2,C2,NA,NA,NA,NA,NA,NA,NA,NA,NA,NA,NA,NA,NA,NA,AE,1,FALSE
IS-MT3-P103,Inga silanchensis,February 18 2026,XP216-PLR,5,C,3,C3,NA,NA,NA,NA,NA,NA,NA,NA,NA,NA,NA,NA,NA,NA,IS,3,FALSE
BP-MT4-P38,Bauhinia pichinchensis,February 18 2026,XP216-PLR,5,C,4,C4,NA,NA,NA,NA,NA,NA,NA,NA,NA,NA,NA,NA,NA,NA,BP,4,FALSE
CH-MT3-P16,Cecropia hispidissima,August 28 2025,XP216-PLR,5,C,5,C5,NA,NA,NA,NA,NA,NA,NA,NA,NA,NA,NA,NA,NA,NA,CH,3,FALSE
BU-MT4-P49,Brosimum utile,August 28 2025,XP216-PLR,5,C,6,C6,NA,NA,NA,NA,NA,NA,NA,NA,NA,NA,NA,NA,NA,NA,BU,4,FALSE
CP-MT1-P2,Carapa guianensis,August 28 2025,XP216-PLR,5,C,7,C7,NA,NA,NA,NA,NA,NA,NA,NA,NA,NA,NA,NA,NA,NA,CP,1,FALSE
BG-MT5-P36,Banara guianensis,August 28 2025,XP216-PLR,5,C,9,C9,NA,NA,NA,NA,NA,NA,NA,NA,NA,NA,NA,NA,NA,NA,BG,5,FALSE
DC-MT1-P58,Dacryodes cupularis,August 28 2025,XP216-PLR,5,C,13,C13,NA,NA,NA,NA,NA,NA,NA,NA,NA,NA,NA,NA,NA,NA,DC,1,FALSE
VB-MT2-P18,Vismia baccifera,February 18 2026,XP216-PLR,5,C,15,C15,NA,NA,NA,NA,NA,NA,NA,NA,NA,NA,NA,NA,NA,NA,VB,2,FALSE
PG-MT5-P14,Pouruma guianensis,February 18 2026,XP216-PLR,5,C,16,C16,NA,NA,NA,NA,NA,NA,NA,NA,NA,NA,NA,NA,NA,NA,PG,5,FALSE
AE-MT3-P4,Annona edulis,NA,XP217-PLR,1,A,1,A1,3,3,0,0.5,0.5,0.5,NA,NA,NA,NA,NA,NA,NA,0.5,AE,3,FALSE
EA-MT5-P53,Ecuadendron acosta-solisianum,November 27 2025,XP217-PLR,1,A,2,A2,17,6,1,0.5,0.5,0.5,1,0.5,0.5,NA,NA,NA,NA,0.5,EA,5,FALSE
PG-MT4-P26,Pouruma guianensis,NA,XP217-PLR,1,A,3,A3,1,0,1,NA,NA,NA,NA,NA,NA,NA,NA,NA,NA,0,PG,4,FALSE
CP-MT4-P6,Carapa guianensis,May 15 2025,XP217-PLR,1,A,5,A5,3,1,2,1,NA,NA,NA,NA,NA,NA,NA,NA,NA,0.5,CP,4,FALSE
OP-MT9-P1,Ochroma pyramidale,March 31 2025,XP217-PLR,1,A,6,A6,NA,NA,NA,NA,NA,NA,NA,NA,NA,NA,NA,NA,NA,NA,OP,9,FALSE
OP-MT6-P59,Ochroma pyramidale,NA,XP217-PLR,1,A,6,A6,4,2,0,5,0.5,NA,NA,NA,NA,NA,NA,NA,NA,2.5,OP,6,FALSE
IS-MT3-P61,Inga silanchensis,March 31 2025,XP217-PLR,1,A,8,A8,2,2,2,1,2.5,NA,NA,NA,NA,NA,NA,NA,NA,1,IS,3,FALSE
BG-MT5-P49,Banara guianensis,August 29 2025,XP217-PLR,1,A,9,A9,26,21,7,1,0.5,1,2.5,10,10,10,0.5,50,1,2.5,BG,5,FALSE
BP-MT2-P41,Bauhinia pichinchensis,NA,XP217-PLR,1,A,10,A10,1,1,0,20,NA,NA,NA,NA,NA,NA,NA,NA,NA,20,BP,2,FALSE
BS-MT1-P31,Bactris setulosa,November 27 2025,XP217-PLR,1,A,11,A11,1,0,1,NA,NA,NA,NA,NA,NA,NA,NA,NA,NA,0,BS,1,FALSE
CH-MT2-P55,Cecropia hispidissima,August 29 2025,XP217-PLR,1,A,12,A12,NA,NA,NA,NA,NA,NA,NA,NA,NA,NA,NA,NA,NA,NA,CH,2,FALSE
BU-MT2-P50,Brosimum utile,August 29 2025,XP217-PLR,1,A,14,A14,7,1,6,0.5,NA,NA,NA,NA,NA,NA,NA,NA,NA,0.5,BU,2,FALSE
MC-MT2-P52,Miconia conocuatrecasasii,August 29 2025,XP217-PLR,1,A,15,A15,3,3,2,0.5,0.5,50,NA,NA,NA,NA,NA,NA,NA,20,MC,2,FALSE
VB-MT5-P56,Vismia baccifera,NA,XP217-PLR,1,A,16,A16,4,2,2,2.5,0.5,NA,NA,NA,NA,NA,NA,NA,NA,1,VB,5,FALSE
OP-MT7-P21,Ochroma pyramidale,May 15 2025,XP217-PLR,1,B,1,B1,NA,NA,NA,NA,NA,NA,NA,NA,NA,NA,NA,NA,NA,NA,OP,7,FALSE
BG-MT3-P13,Banara guianensis,August 29 2025,XP217-PLR,1,B,2,B2,13,5,3,1,1,0.5,0.5,0.5,NA,NA,NA,NA,NA,0.5,BG,3,FALSE
AE-MT1-P71,Annona edulis,NA,XP217-PLR,1,B,3,B3,3,3,0,10,0.5,NA,NA,NA,NA,NA,NA,NA,NA,2.5,AE,1,FALSE
DC-MT5-P58,Dacryodes cupularis,August 29 2025,XP217-PLR,1,B,4,B4,NA,NA,NA,NA,NA,NA,NA,NA,NA,NA,NA,NA,NA,NA,DC,5,FALSE
CP-MT1-P56,Carapa guianensis,August 29 2025,XP217-PLR,1,B,5,B5,3,3,3,1,1,0.5,NA,NA,NA,NA,NA,NA,NA,1,CP,1,FALSE
VB-MT5-P51,Vismia baccifera,NA,XP217-PLR,1,B,6,B6,3,2,0,85,2.5,NA,NA,NA,NA,NA,NA,NA,NA,20,VB,5,FALSE
IS-MT2-P99,Inga silanchensis,March 31 2025,XP217-PLR,1,B,7,B7,2,1,1,0.5,NA,NA,NA,NA,NA,NA,NA,NA,NA,0.5,IS,2,FALSE
EA-MT1-P87,Ecuadendron acosta-solisianum,NA,XP217-PLR,1,B,8,B8,17,14,2,2.5,0.5,50,40,5,25,1,30,5,15,7.5,EA,1,FALSE
PG-MT2-P37,Pouruma guianensis,NA,XP217-PLR,1,B,9,B9,4,1,0,0.5,NA,NA,NA,NA,NA,NA,NA,NA,NA,0.5,PG,2,FALSE
BU-MT4-P42,Brosimum utile,August 29 2025,XP217-PLR,1,B,10,B10,6,0,5,NA,NA,NA,NA,NA,NA,NA,NA,NA,NA,0,BU,4,FALSE
PA-MT3-P30,Piper aduncum,November 27 2025,XP217-PLR,1,B,11,B11,9,6,1,20,25,1,2.5,0.5,NA,NA,NA,NA,NA,2.5,PA,3,FALSE
MC-MT1-P69,Miconia conocuatrecasasii,August 29 2025,XP217-PLR,1,B,12,B12,NA,NA,NA,NA,NA,NA,NA,NA,NA,NA,NA,NA,NA,NA,MC,1,FALSE
MC-MT1-P26,Miconia conocuatrecasasii,NA,XP217-PLR,1,B,12,B12,3,3,1,10,25,5,NA,NA,NA,NA,NA,NA,NA,10,MC,1,FALSE
BS-MT7-P53,Bactris setulosa,November 27 2025,XP217-PLR,1,B,14,B14,3,1,1,40,NA,NA,NA,NA,NA,NA,NA,NA,NA,15,BS,7,FALSE
BP-MT4-P33,Bauhinia pichinchensis,NA,XP217-PLR,1,B,15,B15,2,1,0,2.5,NA,NA,NA,NA,NA,NA,NA,NA,NA,2.5,BP,4,FALSE
AE-MT4-P49,Annona edulis,NA,XP217-PLR,1,C,1,C1,5,3,0,0.5,1,0.5,NA,NA,NA,NA,NA,NA,NA,0.5,AE,4,FALSE
EA-MT1-P62,Ecuadendron acosta-solisianum,November 27 2025,XP217-PLR,1,C,2,C2,10,5,5,0.5,0.5,7.5,1,0.5,NA,NA,NA,NA,NA,0.5,EA,1,FALSE
BS-MT7-P44,Bactris setulosa,November 27 2025,XP217-PLR,1,C,3,C3,4,4,3,2.5,0.5,5,60,NA,NA,NA,NA,NA,NA,20,BS,7,FALSE
BG-MT2-P34,Banara guianensis,August 29 2025,XP217-PLR,1,C,4,C4,28,12,15,10,25,0.5,25,10,0.5,7.5,30,5,1,1,BG,2,FALSE
MC-MT1-P18,Miconia conocuatrecasasii,August 29 2025,XP217-PLR,1,C,5,C5,NA,NA,NA,NA,NA,NA,NA,NA,NA,NA,NA,NA,NA,NA,MC,1,FALSE
MC-MT1-P7,Miconia conocuatrecasasii,NA,XP217-PLR,1,C,5,C5,2,1,0,5,NA,NA,NA,NA,NA,NA,NA,NA,NA,2.5,MC,1,FALSE
BP-MT4-P96,Bauhinia pichinchensis,NA,XP217-PLR,1,C,6,C6,0,0,0,NA,NA,NA,NA,NA,NA,NA,NA,NA,NA,0,BP,4,FALSE
CP-MT2-P72,Carapa guianensis,May 15 2025,XP217-PLR,1,C,7,C7,NA,NA,NA,NA,NA,NA,NA,NA,NA,NA,NA,NA,NA,NA,CP,2,FALSE
IS-MT5-P90,Inga silanchensis,March 31 2025,XP217-PLR,1,C,9,C9,2,2,1,0.5,0.5,NA,NA,NA,NA,NA,NA,NA,NA,0.5,IS,5,FALSE
PA-MT6-P47,Piper aduncum,May 15 2025,XP217-PLR,1,C,10,C10,7,4,2,1,2.5,2.5,0.5,NA,NA,NA,NA,NA,NA,0.5,PA,6,FALSE
DC-MT1-P48,Dacryodes cupularis,August 29 2025,XP217-PLR,1,C,11,C11,NA,NA,NA,NA,NA,NA,NA,NA,NA,NA,NA,NA,NA,NA,DC,1,FALSE
CH-MT5-P6,Cecropia hispidissima,August 29 2025,XP217-PLR,1,C,12,C12,4,3,0,0.5,0.5,0.5,NA,NA,NA,NA,NA,NA,NA,0.5,CH,5,FALSE
VB-MT3-P38,Vismia baccifera,NA,XP217-PLR,1,C,13,C13,7,1,0,2.5,NA,NA,NA,NA,NA,NA,NA,NA,NA,0.5,VB,3,FALSE
PG-MT2-P17,Pouruma guianensis,NA,XP217-PLR,1,C,14,C14,4,0,0,NA,NA,NA,NA,NA,NA,NA,NA,NA,NA,0,PG,2,FALSE
BU-MT4-P45,Brosimum utile,August 29 2025,XP217-PLR,1,C,15,C15,NA,NA,NA,NA,NA,NA,NA,NA,NA,NA,NA,NA,NA,NA,BU,4,FALSE
BU-MT3-P76,Brosimum utile,NA,XP217-PLR,1,C,15,C15,0,0,0,NA,NA,NA,NA,NA,NA,NA,NA,NA,NA,0,BU,3,FALSE
PG-MT3-P73,Pouruma guianensis,NA,XP217-PLR,2,A,3,A3,0,0,0,NA,NA,NA,NA,NA,NA,NA,NA,NA,NA,0,PG,3,FALSE
OP-MT2-P15,Ochroma pyramidale,March 31 2025,XP217-PLR,2,A,4,A4,NA,NA,NA,NA,NA,NA,NA,NA,NA,NA,NA,NA,NA,NA,OP,2,FALSE
OP-MT2-P61,Ochroma pyramidale,NA,XP217-PLR,2,A,4,A4,3,2,0,20,0.5,NA,NA,NA,NA,NA,NA,NA,NA,10,OP,2,FALSE
CH-MT4-P48,Cecropia hispidissima,August 29 2025,XP217-PLR,2,A,5,A5,3,1,1,30,NA,NA,NA,NA,NA,NA,NA,NA,NA,30,CH,4,FALSE
AE-MT2-P19,Annona edulis,NA,XP217-PLR,2,A,6,A6,3,1,0,0.5,NA,NA,NA,NA,NA,NA,NA,NA,NA,0.5,AE,2,FALSE
BU-MT1-P32,Brosimum utile,May 15 2025,XP217-PLR,2,A,7,A7,4,1,3,0.5,NA,NA,NA,NA,NA,NA,NA,NA,NA,0.5,BU,1,FALSE
BG-MT1-P4,Banara guianensis,August 29 2025,XP217-PLR,2,A,8,A8,0,0,0,NA,NA,NA,NA,NA,NA,NA,NA,NA,NA,0,BG,1,FALSE
CP-MT5-P34,Carapa guianensis,August 29 2025,XP217-PLR,2,A,9,A9,3,2,2,2.5,10,NA,NA,NA,NA,NA,NA,NA,NA,2.5,CP,5,FALSE
EA-MT2-P20,Ecuadendron acosta-solisianum,May 15 2025,XP217-PLR,2,A,10,A10,18,6,6,40,0.5,10,0.5,0.5,2.5,NA,NA,NA,NA,0.5,EA,2,FALSE
PA-MT3-P15,Piper aduncum,March 31 2025,XP217-PLR,2,A,11,A11,7,5,0,0.5,0.5,5,0.5,12.5,NA,NA,NA,NA,NA,2.5,PA,3,FALSE
IS-MT5-P87,Inga silanchensis,March 31 2025,XP217-PLR,2,A,12,A12,3,3,3,2.5,2.5,1,NA,NA,NA,NA,NA,NA,NA,1,IS,5,FALSE
DC-MT5-P50,Dacryodes cupularis,August 29 2025,XP217-PLR,2,A,13,A13,1,1,1,1,NA,NA,NA,NA,NA,NA,NA,NA,NA,1,DC,5,FALSE
BS-MT7-P39,Bactris setulosa,November 27 2025,XP217-PLR,2,A,14,A14,3,2,0,50,0.5,NA,NA,NA,NA,NA,NA,NA,NA,15,BS,7,FALSE
VB-MT5-P2,Vismia baccifera,NA,XP217-PLR,2,A,15,A15,3,0,1,NA,NA,NA,NA,NA,NA,NA,NA,NA,NA,0,VB,5,FALSE
BP-MT3-P10,Bauhinia pichinchensis,NA,XP217-PLR,2,A,16,A16,3,1,0,1,NA,NA,NA,NA,NA,NA,NA,NA,NA,1,BP,3,FALSE
BU-MT3-P43,Brosimum utile,August 29 2025,XP217-PLR,2,B,1,B1,4,0,3,NA,NA,NA,NA,NA,NA,NA,NA,NA,NA,0,BU,3,FALSE
EA-MT3-P6,Ecuadendron acosta-solisianum,May 15 2025,XP217-PLR,2,B,3,B3,22,9,18,10,7.5,2.5,1,10,0.5,0.5,0.5,0.5,NA,0.5,EA,3,FALSE
VB-MT5-P49,Vismia baccifera,NA,XP217-PLR,2,B,4,B4,3,0,0,NA,NA,NA,NA,NA,NA,NA,NA,NA,NA,0,VB,5,FALSE
PA-MT6-P2,Piper aduncum,May 15 2025,XP217-PLR,2,B,6,B6,5,3,3,0.5,0.5,50,NA,NA,NA,NA,NA,NA,NA,2.5,PA,6,FALSE
MC-MT1-P22,Miconia conocuatrecasasii,August 29 2025,XP217-PLR,2,B,7,B7,3,3,2,5,7.5,1,NA,NA,NA,NA,NA,NA,NA,2.5,MC,1,FALSE
BG-MT5-P21,Banara guianensis,August 29 2025,XP217-PLR,2,B,8,B8,NA,NA,NA,NA,NA,NA,NA,NA,NA,NA,NA,NA,NA,NA,BG,5,FALSE
CH-MT4-P53,Cecropia hispidissima,August 29 2025,XP217-PLR,2,B,9,B9,NA,NA,NA,NA,NA,NA,NA,NA,NA,NA,NA,NA,NA,NA,CH,4,FALSE
CP-MT1-P35,Carapa guianensis,August 29 2025,XP217-PLR,2,B,10,B10,3,3,3,1,0.5,10,NA,NA,NA,NA,NA,NA,NA,5,CP,1,FALSE
IS-MT4-P7,Inga silanchensis,May 15 2025,XP217-PLR,2,B,11,B11,1,1,0,10,NA,NA,NA,NA,NA,NA,NA,NA,NA,10,IS,4,FALSE
BS-MT6-P73,Bactris setulosa,November 27 2025,XP217-PLR,2,B,12,B12,4,2,1,50,0.5,NA,NA,NA,NA,NA,NA,NA,NA,10,BS,6,FALSE
AE-MT1-P23,Annona edulis,NA,XP217-PLR,2,B,13,B13,2,1,0,0.5,NA,NA,NA,NA,NA,NA,NA,NA,NA,0.5,AE,1,FALSE
BP-MT3-P27,Bauhinia pichinchensis,NA,XP217-PLR,2,B,14,B14,2,1,0,15,NA,NA,NA,NA,NA,NA,NA,NA,NA,7.5,BP,3,FALSE
PG-MT1-P71,Pouruma guianensis,NA,XP217-PLR,2,B,15,B15,2,2,0,0.5,2.5,NA,NA,NA,NA,NA,NA,NA,NA,1,PG,1,FALSE
DC-MT4-P5,Dacryodes cupularis,August 29 2025,XP217-PLR,2,B,16,B16,4,3,0,5,0.5,0.5,NA,NA,NA,NA,NA,NA,NA,1,DC,4,FALSE
VB-MT1-P47,Vismia baccifera,August 29 2025,XP217-PLR,2,C,1,C1,NA,NA,NA,NA,NA,NA,NA,NA,NA,NA,NA,NA,NA,NA,VB,1,FALSE
PG-MT1-P67,Pouruma guianensis,NA,XP217-PLR,2,C,2,C2,3,1,0,1,NA,NA,NA,NA,NA,NA,NA,NA,NA,0.5,PG,1,FALSE
CP-MT2-P47,Carapa guianensis,May 15 2025,XP217-PLR,2,C,3,C3,5,4,5,1,0.5,10,0.5,NA,NA,NA,NA,NA,NA,1,CP,2,FALSE
EA-MT3-P35,Ecuadendron acosta-solisianum,NA,XP217-PLR,2,C,4,C4,28,24,6,40,25,2.5,1,2.5,2.5,2.5,20,5,50,2.5,EA,3,FALSE
BP-MT2-P48,Bauhinia pichinchensis,NA,XP217-PLR,2,C,5,C5,3,1,0,25,NA,NA,NA,NA,NA,NA,NA,NA,NA,5,BP,2,FALSE
MC-MT2-P60,Miconia conocuatrecasasii,August 29 2025,XP217-PLR,2,C,6,C6,4,0,0,NA,NA,NA,NA,NA,NA,NA,NA,NA,NA,0,MC,2,FALSE
DC-MT3-P13,Dacryodes cupularis,August 29 2025,XP217-PLR,2,C,7,C7,5,4,4,5,20,2.5,0.5,NA,NA,NA,NA,NA,NA,10,DC,3,FALSE
BG-MT4-P2,Banara guianensis,August 29 2025,XP217-PLR,2,C,9,C9,10,4,2,2.5,0.5,0.5,0.5,NA,NA,NA,NA,NA,NA,0.5,BG,4,FALSE
OP-MT8-P6,Ochroma pyramidale,May 15 2025,XP217-PLR,2,C,10,C10,NA,NA,NA,NA,NA,NA,NA,NA,NA,NA,NA,NA,NA,NA,OP,8,FALSE
OP-MT8-P63,Ochroma pyramidale,November 27 2025,XP217-PLR,2,C,10,C10,NA,NA,NA,NA,NA,NA,NA,NA,NA,NA,NA,NA,NA,NA,OP,8,FALSE
BU-MT5-P21,Brosimum utile,August 29 2025,XP217-PLR,2,C,11,C11,3,1,2,1,NA,NA,NA,NA,NA,NA,NA,NA,NA,0.5,BU,5,FALSE
IS-MT3-P46,Inga silanchensis,November 27 2025,XP217-PLR,2,C,13,C13,2,2,2,0.5,0.5,NA,NA,NA,NA,NA,NA,NA,NA,0.5,IS,3,FALSE
BS-MT1-P2,Bactris setulosa,August 29 2025,XP217-PLR,2,C,14,C14,2,2,1,25,10,NA,NA,NA,NA,NA,NA,NA,NA,20,BS,1,FALSE
CH-MT2-P35,Cecropia hispidissima,August 29 2025,XP217-PLR,2,C,15,C15,2,1,0,2.5,NA,NA,NA,NA,NA,NA,NA,NA,NA,1,CH,2,FALSE
AE-MT5-P6,Annona edulis,NA,XP217-PLR,2,C,16,C16,1,1,0,0.5,NA,NA,NA,NA,NA,NA,NA,NA,NA,0.5,AE,5,FALSE
OP-MT8-P16,Ochroma pyramidale,May 15 2025,XP217-PLR,3,A,2,A2,NA,NA,NA,NA,NA,NA,NA,NA,NA,NA,NA,NA,NA,NA,OP,8,FALSE
BS-MT1-P68,Bactris setulosa,November 27 2025,XP217-PLR,3,A,3,A3,1,1,0,90,NA,NA,NA,NA,NA,NA,NA,NA,NA,90,BS,1,FALSE
VB-MT5-P5,Vismia baccifera,NA,XP217-PLR,3,A,5,A5,3,1,0,0.5,NA,NA,NA,NA,NA,NA,NA,NA,NA,0.5,VB,5,FALSE
EA-MT5-P34,Ecuadendron acosta-solisianum,November 27 2025,XP217-PLR,3,A,6,A6,16,6,0,1,0.5,0.5,2.5,0.5,0.5,NA,NA,NA,NA,0.5,EA,5,FALSE
PA-MT7-P56,Piper aduncum,NA,XP217-PLR,3,A,7,A7,5,4,0,0.5,50,15,10,NA,NA,NA,NA,NA,NA,10,PA,7,FALSE
CH-MT4-P33,Cecropia hispidissima,August 29 2025,XP217-PLR,3,A,8,A8,2,1,1,0.5,NA,NA,NA,NA,NA,NA,NA,NA,NA,0.5,CH,4,FALSE
IS-MT3-P11,Inga silanchensis,March 31 2025,XP217-PLR,3,A,9,A9,2,2,1,5,10,NA,NA,NA,NA,NA,NA,NA,NA,7.5,IS,3,FALSE
AE-MT4-P10,Annona edulis,NA,XP217-PLR,3,A,10,A10,7,3,3,0.5,0.5,0.5,NA,NA,NA,NA,NA,NA,NA,0.5,AE,4,FALSE
BP-MT1-P9,Bauhinia pichinchensis,NA,XP217-PLR,3,A,11,A11,3,1,0,5,NA,NA,NA,NA,NA,NA,NA,NA,NA,2.5,BP,1,FALSE
CP-MT4-P59,Carapa guianensis,May 15 2025,XP217-PLR,3,A,12,A12,3,3,3,2.5,1,0.5,NA,NA,NA,NA,NA,NA,NA,1,CP,4,FALSE
BG-MT3-P61,Banara guianensis,August 29 2025,XP217-PLR,3,A,13,A13,18,6,0,0.5,2.5,2.5,0.5,0.5,NA,NA,NA,NA,NA,0.5,BG,3,FALSE
BU-MT2-P13,Brosimum utile,August 29 2025,XP217-PLR,3,A,14,A14,6,2,4,0.5,0.5,NA,NA,NA,NA,NA,NA,NA,NA,0.5,BU,2,FALSE
PG-MT3-P42,Pouruma guianensis,NA,XP217-PLR,3,A,15,A15,3,1,0,1,NA,NA,NA,NA,NA,NA,NA,NA,NA,0.5,PG,3,FALSE
DC-MT2-P25,Dacryodes cupularis,August 29 2025,XP217-PLR,3,A,16,A16,4,2,2,0.5,1,NA,NA,NA,NA,NA,NA,NA,NA,0.5,DC,2,FALSE
CP-MT5-P76,Carapa guianensis,August 29 2025,XP217-PLR,3,B,1,B1,4,4,3,0.5,2.5,5,2.5,NA,NA,NA,NA,NA,NA,2.5,CP,5,FALSE
PG-MT1-P1,Pouruma guianensis,NA,XP217-PLR,3,B,2,B2,2,0,0,NA,NA,NA,NA,NA,NA,NA,NA,NA,NA,0,PG,1,FALSE
BG-MT1-P61,Banara guianensis,August 29 2025,XP217-PLR,3,B,3,B3,16,12,6,1,2.5,2.5,1,0.5,2.5,5,2.5,1,0.5,1,BG,1,FALSE
AE-MT1-P41,Annona edulis,NA,XP217-PLR,3,B,4,B4,5,1,1,0.5,NA,NA,NA,NA,NA,NA,NA,NA,NA,0.5,AE,1,FALSE
DC-MT3-P19,Dacryodes cupularis,August 29 2025,XP217-PLR,3,B,5,B5,5,5,5,2.5,0.5,10,0.5,1,NA,NA,NA,NA,NA,1,DC,3,FALSE
BP-MT5-P37,Bauhinia pichinchensis,NA,XP217-PLR,3,B,6,B6,3,2,0,50,25,NA,NA,NA,NA,NA,NA,NA,NA,20,BP,5,FALSE
OP-MT6-P29,Ochroma pyramidale,May 15 2025,XP217-PLR,3,B,7,B7,6,6,1,0.5,5,0.5,0.5,10,0.5,NA,NA,NA,NA,2.5,OP,6,FALSE
BS-MT5-P20,Bactris setulosa,August 29 2025,XP217-PLR,3,B,8,B8,3,2,2,30,45,NA,NA,NA,NA,NA,NA,NA,NA,30,BS,5,FALSE
VB-MT4-P56,Vismia baccifera,NA,XP217-PLR,3,B,9,B9,3,1,0,5,NA,NA,NA,NA,NA,NA,NA,NA,NA,2.5,VB,4,FALSE
CH-MT1-P3,Cecropia hispidissima,May 15 2025,XP217-PLR,3,B,11,B11,NA,NA,NA,NA,NA,NA,NA,NA,NA,NA,NA,NA,NA,NA,CH,1,FALSE
IS-MT4-P43,Inga silanchensis,May 15 2025,XP217-PLR,3,B,12,B12,3,3,3,5,40,1,NA,NA,NA,NA,NA,NA,NA,7.5,IS,4,FALSE
BU-MT3-P4,Brosimum utile,August 29 2025,XP217-PLR,3,B,13,B13,3,0,5,NA,NA,NA,NA,NA,NA,NA,NA,NA,NA,0,BU,3,FALSE
MC-MT2-P18,Miconia conocuatrecasasii,August 29 2025,XP217-PLR,3,B,15,B15,4,4,0,20,15,0.5,10,2.5,NA,NA,NA,NA,NA,2.5,MC,2,FALSE
EA-MT5-P29,Ecuadendron acosta-solisianum,November 27 2025,XP217-PLR,3,B,16,B16,NA,NA,NA,NA,NA,NA,NA,NA,NA,NA,NA,NA,NA,NA,EA,5,FALSE
PG-MT2-P55,Pouruma guianensis,NA,XP217-PLR,3,C,1,C1,4,1,2,10,NA,NA,NA,NA,NA,NA,NA,NA,NA,2.5,PG,2,FALSE
BU-MT4-P66,Brosimum utile,August 29 2025,XP217-PLR,3,C,2,C2,6,1,5,1,NA,NA,NA,NA,NA,NA,NA,NA,NA,0.5,BU,4,FALSE
OP-MT7-P6,Ochroma pyramidale,May 15 2025,XP217-PLR,3,C,3,C3,NA,NA,NA,NA,NA,NA,NA,NA,NA,NA,NA,NA,NA,NA,OP,7,FALSE
OP-MT6-P66,Ochroma pyramidale,NA,XP217-PLR,3,C,3,C3,6,0,0,NA,NA,NA,NA,NA,NA,NA,NA,NA,NA,0,OP,6,FALSE
DC-MT2-P46,Dacryodes cupularis,NA,XP217-PLR,3,C,4,C4,2,2,0,10,1,NA,NA,NA,NA,NA,NA,NA,NA,5,DC,2,FALSE
BG-MT3-P45,Banara guianensis,August 29 2025,XP217-PLR,3,C,5,C5,10,4,4,0.5,0.5,0.5,10,NA,NA,NA,NA,NA,NA,1,BG,3,FALSE
EA-MT5-P41,Ecuadendron acosta-solisianum,November 27 2025,XP217-PLR,3,C,6,C6,16,8,7,5,0.5,55,5,0.5,0.5,NA,NA,NA,NA,1,EA,5,FALSE
IS-MT1-P13,Inga silanchensis,May 15 2025,XP217-PLR,3,C,7,C7,3,3,2,5,10,10,NA,NA,NA,NA,NA,NA,NA,7.5,IS,1,FALSE
AE-MT3-P11,Annona edulis,NA,XP217-PLR,3,C,8,C8,4,2,0,0.5,5,NA,NA,NA,NA,NA,NA,NA,NA,1,AE,3,FALSE
VB-MT3-P6,Vismia baccifera,NA,XP217-PLR,3,C,9,C9,4,1,0,1,NA,NA,NA,NA,NA,NA,NA,NA,NA,0.5,VB,3,FALSE
CP-MT1-P40,Carapa guianensis,August 29 2025,XP217-PLR,3,C,10,C10,3,3,3,2.5,1,0.5,NA,NA,NA,NA,NA,NA,NA,1,CP,1,FALSE
BS-MT5-P2,Bactris setulosa,August 29 2025,XP217-PLR,3,C,13,C13,NA,NA,NA,NA,NA,NA,NA,NA,NA,NA,NA,NA,NA,NA,BS,5,FALSE
CH-MT2-P31,Cecropia hispidissima,August 29 2025,XP217-PLR,3,C,14,C14,2,1,2,2.5,NA,NA,NA,NA,NA,NA,NA,NA,NA,1,CH,2,FALSE
PA-MT7-P12,Piper aduncum,August 29 2025,XP217-PLR,3,C,15,C15,12,4,3,5,10,1,10,NA,NA,NA,NA,NA,NA,1,PA,7,FALSE
BP-MT4-P45,Bauhinia pichinchensis,NA,XP217-PLR,3,C,16,C16,3,2,0,1,5,NA,NA,NA,NA,NA,NA,NA,NA,2.5,BP,4,FALSE
MC-MT3-P47,Miconia conocuatrecasasii,August 29 2025,XP217-PLR,4,A,2,A2,4,3,4,10,2.5,1,NA,NA,NA,NA,NA,NA,NA,2.5,MC,3,FALSE
IS-MT2-P82,Inga silanchensis,March 31 2025,XP217-PLR,4,A,3,A3,1,1,1,55,NA,NA,NA,NA,NA,NA,NA,NA,NA,55,IS,2,FALSE
CP-MT3-P33,Carapa guianensis,May 15 2025,XP217-PLR,4,A,4,A4,0,0,0,NA,NA,NA,NA,NA,NA,NA,NA,NA,NA,0,CP,3,FALSE
BP-MT1-P49,Bauhinia pichinchensis,NA,XP217-PLR,4,A,5,A5,3,3,0,25,5,15,NA,NA,NA,NA,NA,NA,NA,15,BP,1,FALSE
BG-MT4-P32,Banara guianensis,August 29 2025,XP217-PLR,4,A,6,A6,0,0,0,NA,NA,NA,NA,NA,NA,NA,NA,NA,NA,0,BG,4,FALSE
BU-MT5-P37,Brosimum utile,August 29 2025,XP217-PLR,4,A,7,A7,4,0,3,NA,NA,NA,NA,NA,NA,NA,NA,NA,NA,0,BU,5,FALSE
OP-MT9-P5,Ochroma pyramidale,March 31 2025,XP217-PLR,4,A,8,A8,NA,NA,NA,NA,NA,NA,NA,NA,NA,NA,NA,NA,NA,NA,OP,9,FALSE
EA-MT5-P26,Ecuadendron acosta-solisianum,November 27 2025,XP217-PLR,4,A,9,A9,17,2,0,15,1,NA,NA,NA,NA,NA,NA,NA,NA,1,EA,5,FALSE
CH-MT3-P72,Cecropia hispidissima,August 29 2025,XP217-PLR,4,A,10,A10,0,0,0,NA,NA,NA,NA,NA,NA,NA,NA,NA,NA,0,CH,3,FALSE
PA-MT3-P28,Piper aduncum,March 31 2025,XP217-PLR,4,A,11,A11,8,5,3,5,2.5,30,25,5,NA,NA,NA,NA,NA,5,PA,3,FALSE
BS-MT6-P30,Bactris setulosa,August 29 2025,XP217-PLR,4,A,12,A12,0,0,0,NA,NA,NA,NA,NA,NA,NA,NA,NA,NA,0,BS,6,FALSE
AE-MT3-P7,Annona edulis,NA,XP217-PLR,4,A,13,A13,4,1,0,0.5,NA,NA,NA,NA,NA,NA,NA,NA,NA,0.5,AE,3,FALSE
PG-MT2-P29,Pouruma guianensis,NA,XP217-PLR,4,A,14,A14,5,2,1,1,1,NA,NA,NA,NA,NA,NA,NA,NA,0.5,PG,2,FALSE
DC-MT1-P47,Dacryodes cupularis,August 29 2025,XP217-PLR,4,A,15,A15,NA,NA,NA,NA,NA,NA,NA,NA,NA,NA,NA,NA,NA,NA,DC,1,FALSE
VB-MT5-P42,Vismia baccifera,NA,XP217-PLR,4,A,16,A16,3,1,0,50,NA,NA,NA,NA,NA,NA,NA,NA,NA,15,VB,5,FALSE
CP-MT2-P23,Carapa guianensis,May 15 2025,XP217-PLR,4,B,1,B1,2,1,2,0.5,NA,NA,NA,NA,NA,NA,NA,NA,NA,0.5,CP,2,FALSE
CH-MT1-P11,Cecropia hispidissima,May 15 2025,XP217-PLR,4,B,2,B2,NA,NA,NA,NA,NA,NA,NA,NA,NA,NA,NA,NA,NA,NA,CH,1,FALSE
CH-MT2-P58,Cecropia hispidissima,NA,XP217-PLR,4,B,2,B2,2,1,0,25,NA,NA,NA,NA,NA,NA,NA,NA,NA,25,CH,2,FALSE
PG-MT5-P56,Pouruma guianensis,NA,XP217-PLR,4,B,3,B3,3,2,2,0.5,50,NA,NA,NA,NA,NA,NA,NA,NA,15,PG,5,FALSE
BP-MT2-P33,Bauhinia pichinchensis,NA,XP217-PLR,4,B,4,B4,2,0,0,NA,NA,NA,NA,NA,NA,NA,NA,NA,NA,0,BP,2,FALSE
OP-MT2-P41,Ochroma pyramidale,March 31 2025,XP217-PLR,4,B,5,B5,NA,NA,NA,NA,NA,NA,NA,NA,NA,NA,NA,NA,NA,NA,OP,2,FALSE
OP-MT2-P73,Ochroma pyramidale,November 27 2025,XP217-PLR,4,B,5,B5,0,0,0,NA,NA,NA,NA,NA,NA,NA,NA,NA,NA,0,OP,2,FALSE
IS-MT1-P62,Inga silanchensis,May 15 2025,XP217-PLR,4,B,6,B6,3,3,3,1,0.5,0.5,NA,NA,NA,NA,NA,NA,NA,0.5,IS,1,FALSE
PA-MT7-P31,Piper aduncum,August 29 2025,XP217-PLR,4,B,7,B7,13,9,8,1,10,0.5,60,0.5,0.5,10,5,0.5,NA,2.5,PA,7,FALSE
BS-MT5-P52,Bactris setulosa,November 27 2025,XP217-PLR,4,B,8,B8,2,2,0,50,65,NA,NA,NA,NA,NA,NA,NA,NA,60,BS,5,FALSE
EA-MT4-P23,Ecuadendron acosta-solisianum,May 15 2025,XP217-PLR,4,B,10,B10,5,5,1,0.5,2.5,1,70,65,NA,NA,NA,NA,NA,40,EA,4,FALSE
DC-MT2-P50,Dacryodes cupularis,NA,XP217-PLR,4,B,11,B11,1,0,0,NA,NA,NA,NA,NA,NA,NA,NA,NA,NA,0,DC,2,FALSE
AE-MT1-P31,Annona edulis,NA,XP217-PLR,4,B,12,B12,5,2,0,5,5,NA,NA,NA,NA,NA,NA,NA,NA,1,AE,1,FALSE
BG-MT1-P14,Banara guianensis,August 29 2025,XP217-PLR,4,B,13,B13,4,0,0,NA,NA,NA,NA,NA,NA,NA,NA,NA,NA,0,BG,1,FALSE
VB-MT1-P8,Vismia baccifera,August 29 2025,XP217-PLR,4,B,14,B14,9,6,3,50,30,5,20,50,0.5,NA,NA,NA,NA,50,VB,1,FALSE
BU-MT3-P10,Brosimum utile,August 29 2025,XP217-PLR,4,B,16,B16,2,2,1,0.5,0.5,NA,NA,NA,NA,NA,NA,NA,NA,0.5,BU,3,FALSE
BU-MT1-P27,Brosimum utile,May 15 2025,XP217-PLR,4,C,1,C1,4,2,3,2.5,5,NA,NA,NA,NA,NA,NA,NA,NA,1,BU,1,FALSE
VB-MT2-P47,Vismia baccifera,NA,XP217-PLR,4,C,2,C2,2,0,0,NA,NA,NA,NA,NA,NA,NA,NA,NA,NA,0,VB,2,FALSE
EA-MT3-P37,Ecuadendron acosta-solisianum,NA,XP217-PLR,4,C,3,C3,19,12,3,5,5,5,25,30,1,10,2.5,0.5,5,5,EA,3,FALSE
BP-MT1-P15,Bauhinia pichinchensis,NA,XP217-PLR,4,C,4,C4,3,1,0,0.5,NA,NA,NA,NA,NA,NA,NA,NA,NA,0.5,BP,1,FALSE
PG-MT4-P13,Pouruma guianensis,NA,XP217-PLR,4,C,5,C5,2,1,0,0.5,NA,NA,NA,NA,NA,NA,NA,NA,NA,0.5,PG,4,FALSE
CH-MT5-P10,Cecropia hispidissima,August 29 2025,XP217-PLR,4,C,6,C6,2,2,1,0.5,85,NA,NA,NA,NA,NA,NA,NA,NA,40,CH,5,FALSE
OP-MT6-P21,Ochroma pyramidale,May 15 2025,XP217-PLR,4,C,7,C7,NA,NA,NA,NA,NA,NA,NA,NA,NA,NA,NA,NA,NA,NA,OP,6,FALSE
OP-MT9-P78,Ochroma pyramidale,November 27 2025,XP217-PLR,4,C,7,C7,NA,NA,NA,NA,NA,NA,NA,NA,NA,NA,NA,NA,NA,NA,OP,9,FALSE
AE-MT2-P37,Annona edulis,NA,XP217-PLR,4,C,9,C9,3,2,0,25,5,NA,NA,NA,NA,NA,NA,NA,NA,10,AE,2,FALSE
MC-MT3-P21,Miconia conocuatrecasasii,August 29 2025,XP217-PLR,4,C,10,C10,0,0,0,NA,NA,NA,NA,NA,NA,NA,NA,NA,NA,0,MC,3,FALSE
DC-MT4-P58,Dacryodes cupularis,August 29 2025,XP217-PLR,4,C,11,C11,6,3,4,0.5,0.5,0.5,NA,NA,NA,NA,NA,NA,NA,0.5,DC,4,FALSE
BG-MT2-P14,Banara guianensis,August 29 2025,XP217-PLR,4,C,12,C12,0,0,0,NA,NA,NA,NA,NA,NA,NA,NA,NA,NA,0,BG,2,FALSE
IS-MT5-P32,Inga silanchensis,November 27 2025,XP217-PLR,4,C,13,C13,4,4,1,0.5,5,20,0.5,NA,NA,NA,NA,NA,NA,NA,IS,5,FALSE
BS-MT7-P20,Bactris setulosa,August 29 2025,XP217-PLR,4,C,15,C15,2,2,1,80,60,NA,NA,NA,NA,NA,NA,NA,NA,70,BS,7,FALSE
CP-MT5-P4,Carapa guianensis,August 29 2025,XP217-PLR,4,C,16,C16,3,3,1,2.5,7.5,10,NA,NA,NA,NA,NA,NA,NA,5,CP,5,FALSE
VB-MT5-P16,Vismia baccifera,NA,XP217-PLR,5,A,2,A2,NA,NA,NA,NA,NA,NA,NA,NA,NA,NA,NA,NA,NA,NA,VB,5,FALSE
CH-MT3-P2,Cecropia hispidissima,August 29 2025,XP217-PLR,5,A,4,A4,NA,NA,NA,NA,NA,NA,NA,NA,NA,NA,NA,NA,NA,NA,CH,3,FALSE
PG-MT5-P42,Pouruma guianensis,NA,XP217-PLR,5,A,6,A6,NA,NA,NA,NA,NA,NA,NA,NA,NA,NA,NA,NA,NA,NA,PG,5,FALSE
CP-MT5-P28,Carapa guianensis,August 29 2025,XP217-PLR,5,A,8,A8,NA,NA,NA,NA,NA,NA,NA,NA,NA,NA,NA,NA,NA,NA,CP,5,FALSE
DC-MT4-P22,Dacryodes cupularis,August 29 2025,XP217-PLR,5,A,9,A9,NA,NA,NA,NA,NA,NA,NA,NA,NA,NA,NA,NA,NA,NA,DC,4,FALSE
AE-MT4-P20,Annona edulis,NA,XP217-PLR,5,A,10,A10,NA,NA,NA,NA,NA,NA,NA,NA,NA,NA,NA,NA,NA,NA,AE,4,FALSE
BS-MT5-P83,Bactris setulosa,NA,XP217-PLR,5,A,11,A11,NA,NA,NA,NA,NA,NA,NA,NA,NA,NA,NA,NA,NA,NA,BS,5,FALSE
IS-MT1-P20,Inga silanchensis,November 27 2025,XP217-PLR,5,A,12,A12,NA,NA,NA,NA,NA,NA,NA,NA,NA,NA,NA,NA,NA,NA,IS,1,FALSE
BP-MT3-P45,Bauhinia pichinchensis,NA,XP217-PLR,5,A,13,A13,NA,NA,NA,NA,NA,NA,NA,NA,NA,NA,NA,NA,NA,NA,BP,3,FALSE
BG-MT2-P4,Banara guianensis,August 29 2025,XP217-PLR,5,A,15,A15,NA,NA,NA,NA,NA,NA,NA,NA,NA,NA,NA,NA,NA,NA,BG,2,FALSE
AE-MT3-P37,Annona edulis,NA,XP217-PLR,5,B,1,B1,NA,NA,NA,NA,NA,NA,NA,NA,NA,NA,NA,NA,NA,NA,AE,3,FALSE
PG-MT5-P34,Pouruma guianensis,NA,XP217-PLR,5,B,2,B2,NA,NA,NA,NA,NA,NA,NA,NA,NA,NA,NA,NA,NA,NA,PG,5,FALSE
BG-MT5-P19,Banara guianensis,August 29 2025,XP217-PLR,5,B,3,B3,NA,NA,NA,NA,NA,NA,NA,NA,NA,NA,NA,NA,NA,NA,BG,5,FALSE
BG-MT1-P58,Banara guianensis,NA,XP217-PLR,5,B,3,B3,NA,NA,NA,NA,NA,NA,NA,NA,NA,NA,NA,NA,NA,NA,BG,1,FALSE
EA-MT2-P66,Ecuadendron acosta-solisianum,NA,XP217-PLR,5,B,4,B4,NA,NA,NA,NA,NA,NA,NA,NA,NA,NA,NA,NA,NA,NA,EA,2,FALSE
BU-MT4-P73,Brosimum utile,August 29 2025,XP217-PLR,5,B,5,B5,NA,NA,NA,NA,NA,NA,NA,NA,NA,NA,NA,NA,NA,NA,BU,4,FALSE
BU-MT4-P27,Brosimum utile,NA,XP217-PLR,5,B,5,B5,NA,NA,NA,NA,NA,NA,NA,NA,NA,NA,NA,NA,NA,NA,BU,4,FALSE
DC-MT5-P34,Dacryodes cupularis,August 29 2025,XP217-PLR,5,B,8,B8,NA,NA,NA,NA,NA,NA,NA,NA,NA,NA,NA,NA,NA,NA,DC,5,FALSE
VB-MT4-P15,Vismia baccifera,NA,XP217-PLR,5,B,14,B14,NA,NA,NA,NA,NA,NA,NA,NA,NA,NA,NA,NA,NA,NA,VB,4,FALSE
BP-MT4-P68,Bauhinia pichinchensis,NA,XP217-PLR,5,B,16,B16,NA,NA,NA,NA,NA,NA,NA,NA,NA,NA,NA,NA,NA,NA,BP,4,FALSE
DC-MT1-P62,Dacryodes cupularis,August 29 2025,XP217-PLR,5,C,1,C1,NA,NA,NA,NA,NA,NA,NA,NA,NA,NA,NA,NA,NA,NA,DC,1,FALSE
AE-MT5-P18,Annona edulis,NA,XP217-PLR,5,C,2,C2,NA,NA,NA,NA,NA,NA,NA,NA,NA,NA,NA,NA,NA,NA,AE,5,FALSE
IS-MT3-P104,Inga silanchensis,NA,XP217-PLR,5,C,3,C3,NA,NA,NA,NA,NA,NA,NA,NA,NA,NA,NA,NA,NA,NA,IS,3,FALSE
BP-MT4-P98,Bauhinia pichinchensis,NA,XP217-PLR,5,C,7,C7,NA,NA,NA,NA,NA,NA,NA,NA,NA,NA,NA,NA,NA,NA,BP,4,FALSE
PG-MT3-P5,Pouruma guianensis,NA,XP217-PLR,5,C,8,C8,NA,NA,NA,NA,NA,NA,NA,NA,NA,NA,NA,NA,NA,NA,PG,3,FALSE
EA-MT2-P41,Ecuadendron acosta-solisianum,NA,XP217-PLR,5,C,9,C9,NA,NA,NA,NA,NA,NA,NA,NA,NA,NA,NA,NA,NA,NA,EA,2,FALSE
CH-MT4-P35,Cecropia hispidissima,August 29 2025,XP217-PLR,5,C,10,C10,NA,NA,NA,NA,NA,NA,NA,NA,NA,NA,NA,NA,NA,NA,CH,4,FALSE
BG-MT4-P68,Banara guianensis,August 29 2025,XP217-PLR,5,C,15,C15,NA,NA,NA,NA,NA,NA,NA,NA,NA,NA,NA,NA,NA,NA,BG,4,FALSE
VB-MT5-P11,Vismia baccifera,NA,XP217-PLR,5,C,16,C16,NA,NA,NA,NA,NA,NA,NA,NA,NA,NA,NA,NA,NA,NA,VB,5,FALSE
MC-MT3-P40,Miconia conocuatrecasasii,September 25 2025,XP218-PLR,1,A,1,A1,6,5,2,5,1,25,5,50,NA,NA,NA,NA,NA,20,MC,3,FALSE
CH-MT1-P7,Cecropia hispidissima,May 7 2025,XP218-PLR,1,A,2,A2,NA,NA,NA,NA,NA,NA,NA,NA,NA,NA,NA,NA,NA,NA,CH,1,FALSE
CH-MT3-P28,Cecropia hispidissima,March 25 2026,XP218-PLR,1,A,2,A2,2,1,0,30,NA,NA,NA,NA,NA,NA,NA,NA,NA,25,CH,3,FALSE
BP-MT2-P27,Bauhinia pichinchensis,March 25 2026,XP218-PLR,1,A,3,A3,1,0,1,NA,NA,NA,NA,NA,NA,NA,NA,NA,NA,0,BP,2,FALSE
PA-MT3-P25,Piper aduncum,March 18 2025,XP218-PLR,1,A,4,A4,14,6,0,10,1,5,25,20,30,NA,NA,NA,NA,5,PA,3,FALSE
EA-MT5-P65,Ecuadendron acosta-solisianum,November 13 2025,XP218-PLR,1,A,5,A5,17,5,17,10,10,0.5,0.5,1,NA,NA,NA,NA,NA,0.5,EA,5,FALSE
BU-MT3-P56,Brosimum utile,September 25 2025,XP218-PLR,1,A,6,A6,5,3,5,10,25,5,NA,NA,NA,NA,NA,NA,NA,5,BU,3,FALSE
VB-MT3-P58,Vismia baccifera,March 25 2026,XP218-PLR,1,A,7,A7,5,3,0,10,1,2.5,NA,NA,NA,NA,NA,NA,NA,2.5,VB,3,FALSE
BS-MT5-P62,Bactris setulosa,November 13 2025,XP218-PLR,1,A,8,A8,3,1,2,5,NA,NA,NA,NA,NA,NA,NA,NA,NA,1,BS,5,FALSE
BG-MT5-P37,Banara guianensis,September 25 2025,XP218-PLR,1,A,9,A9,30,6,9,7.5,7.5,70,40,5,0.5,NA,NA,NA,NA,2.5,BG,5,FALSE
OP-MT9-P33,Ochroma pyramidale,March 18 2025,XP218-PLR,1,A,10,A10,NA,NA,NA,NA,NA,NA,NA,NA,NA,NA,NA,NA,NA,NA,OP,9,FALSE
CP-MT4-P22,Carapa guianensis,May 7 2025,XP218-PLR,1,A,11,A11,5,4,5,2.5,1,5,2.5,NA,NA,NA,NA,NA,NA,1,CP,4,FALSE
IS-MT5-P89,Inga silanchensis,March 18 2025,XP218-PLR,1,A,12,A12,6,4,6,10,25,25,50,NA,NA,NA,NA,NA,NA,15,IS,5,FALSE
AE-MT4-P12,Annona edulis,March 25 2026,XP218-PLR,1,A,14,A14,7,3,0,0.5,10,2.5,NA,NA,NA,NA,NA,NA,NA,2.5,AE,4,FALSE
DC-MT3-P69,Dacryodes cupularis,September 25 2025,XP218-PLR,1,A,15,A15,2,1,1,1,NA,NA,NA,NA,NA,NA,NA,NA,NA,0.5,DC,3,FALSE
PG-MT4-P6,Pouruma guianensis,March 25 2026,XP218-PLR,1,A,16,A16,5,1,0,0.5,NA,NA,NA,NA,NA,NA,NA,NA,NA,0.5,PG,4,FALSE
CH-MT4-P25,Cecropia hispidissima,September 25 2025,XP218-PLR,1,B,1,B1,4,4,2,0.5,2.5,2.5,5,NA,NA,NA,NA,NA,NA,2.5,CH,4,FALSE
BS-MT5-P46,Bactris setulosa,November 13 2025,XP218-PLR,1,B,2,B2,4,2,3,75,50,NA,NA,NA,NA,NA,NA,NA,NA,40,BS,5,FALSE
EA-MT1-P14,Ecuadendron acosta-solisianum,November 13 2025,XP218-PLR,1,B,3,B3,15,7,8,5,1,1,0.5,0.5,0.5,1,NA,NA,NA,0.5,EA,1,FALSE
IS-MT4-P12,Inga silanchensis,May 7 2025,XP218-PLR,1,B,4,B4,3,3,3,1,0.5,20,NA,NA,NA,NA,NA,NA,NA,5,IS,4,FALSE
OP-MT2-P48,Ochroma pyramidale,March 18 2025,XP218-PLR,1,B,5,B5,NA,NA,NA,NA,NA,NA,NA,NA,NA,NA,NA,NA,NA,NA,OP,2,FALSE
BU-MT4-P71,Brosimum utile,September 25 2025,XP218-PLR,1,B,6,B6,4,0,2,NA,NA,NA,NA,NA,NA,NA,NA,NA,NA,0,BU,4,FALSE
PA-MT6-P5,Piper aduncum,May 7 2025,XP218-PLR,1,B,9,B9,9,6,4,2.5,1,2.5,12.5,5,20,NA,NA,NA,NA,5,PA,6,FALSE
CP-MT3-P21,Carapa guianensis,May 7 2025,XP218-PLR,1,B,10,B10,5,5,4,1,0.5,0.5,0.5,1,NA,NA,NA,NA,NA,0.5,CP,3,FALSE
AE-MT5-P22,Annona edulis,March 25 2026,XP218-PLR,1,B,11,B11,2,1,0,0.5,NA,NA,NA,NA,NA,NA,NA,NA,NA,0.5,AE,5,FALSE
PG-MT2-P23,Pouruma guianensis,March 25 2026,XP218-PLR,1,B,12,B12,2,1,1,0.5,NA,NA,NA,NA,NA,NA,NA,NA,NA,0.5,PG,2,FALSE
VB-MT5-P28,Vismia baccifera,March 25 2026,XP218-PLR,1,B,13,B13,5,3,0,1,90,90,NA,NA,NA,NA,NA,NA,NA,30,VB,5,FALSE
BG-MT2-P83,Banara guianensis,September 25 2025,XP218-PLR,1,B,14,B14,17,9,12,1,1,0.5,10,20,5,0.5,2.5,0.5,NA,1,BG,2,FALSE
DC-MT1-P24,Dacryodes cupularis,September 25 2025,XP218-PLR,1,B,15,B15,3,2,2,7.5,5,NA,NA,NA,NA,NA,NA,NA,NA,5,DC,1,FALSE
BP-MT4-P50,Bauhinia pichinchensis,March 25 2026,XP218-PLR,1,B,16,B16,2,0,1,NA,NA,NA,NA,NA,NA,NA,NA,NA,NA,0,BP,4,FALSE
PG-MT4-P46,Pouruma guianensis,March 25 2026,XP218-PLR,1,C,1,C1,4,1,1,2.5,NA,NA,NA,NA,NA,NA,NA,NA,NA,1,PG,4,FALSE
BG-MT3-P65,Banara guianensis,September 25 2025,XP218-PLR,1,C,2,C2,NA,NA,NA,NA,NA,NA,NA,NA,NA,NA,NA,NA,NA,NA,BG,3,FALSE
IS-MT1-P24,Inga silanchensis,May 7 2025,XP218-PLR,1,C,3,C3,2,2,1,2.5,10,NA,NA,NA,NA,NA,NA,NA,NA,5,IS,1,FALSE
OP-MT8-P8,Ochroma pyramidale,May 7 2025,XP218-PLR,1,C,4,C4,6,5,1,0.5,0.5,1,0.5,2.5,NA,NA,NA,NA,NA,0.5,OP,8,FALSE
AE-MT2-P73,Annona edulis,March 25 2026,XP218-PLR,1,C,5,C5,3,1,0,2.5,NA,NA,NA,NA,NA,NA,NA,NA,NA,1,AE,2,FALSE
BS-MT5-P47,Bactris setulosa,November 13 2025,XP218-PLR,1,C,6,C6,2,2,1,1,50,NA,NA,NA,NA,NA,NA,NA,NA,25,BS,5,FALSE
VB-MT4-P27,Vismia baccifera,March 25 2026,XP218-PLR,1,C,7,C7,3,0,0,NA,NA,NA,NA,NA,NA,NA,NA,NA,NA,0,VB,4,FALSE
EA-MT1-P56,Ecuadendron acosta-solisianum,November 13 2025,XP218-PLR,1,C,9,C9,12,2,7,0.5,1,NA,NA,NA,NA,NA,NA,NA,NA,0.5,EA,1,FALSE
MC-MT3-P13,Miconia conocuatrecasasii,September 25 2025,XP218-PLR,1,C,10,C10,10,9,4,60,50,2.5,35,5,2.5,10,75,10,NA,15,MC,3,FALSE
CH-MT4-P80,Cecropia hispidissima,September 25 2025,XP218-PLR,1,C,11,C11,NA,NA,NA,NA,NA,NA,NA,NA,NA,NA,NA,NA,NA,NA,CH,4,FALSE
CH-MT5-P46,Cecropia hispidissima,March 25 2026,XP218-PLR,1,C,11,C11,1,1,0,0.5,NA,NA,NA,NA,NA,NA,NA,NA,NA,0.5,CH,5,FALSE
CP-MT5-P9,Carapa guianensis,September 25 2025,XP218-PLR,1,C,12,C12,4,4,3,5,0.5,0.5,1,NA,NA,NA,NA,NA,NA,1,CP,5,FALSE
BU-MT5-P35,Brosimum utile,September 25 2025,XP218-PLR,1,C,13,C13,3,1,2,5,NA,NA,NA,NA,NA,NA,NA,NA,NA,1,BU,5,FALSE
BP-MT1-P34,Bauhinia pichinchensis,March 25 2026,XP218-PLR,1,C,14,C14,1,0,1,NA,NA,NA,NA,NA,NA,NA,NA,NA,NA,0,BP,1,FALSE
PA-MT6-P85,Piper aduncum,March 25 2026,XP218-PLR,1,C,15,C15,1,1,0,40,NA,NA,NA,NA,NA,NA,NA,NA,NA,40,PA,6,FALSE
DC-MT4-P13,Dacryodes cupularis,September 25 2025,XP218-PLR,1,C,16,C16,NA,NA,NA,NA,NA,NA,NA,NA,NA,NA,NA,NA,NA,NA,DC,4,FALSE
VB-MT2-P31,Vismia baccifera,March 25 2026,XP218-PLR,2,A,1,A1,3,1,0,0.5,NA,NA,NA,NA,NA,NA,NA,NA,NA,0.5,VB,2,FALSE
PG-MT5-P35,Pouruma guianensis,March 25 2026,XP218-PLR,2,A,2,A2,2,1,0,1,NA,NA,NA,NA,NA,NA,NA,NA,NA,0.5,PG,5,FALSE
OP-MT7-P16,Ochroma pyramidale,May 7 2025,XP218-PLR,2,A,3,A3,6,3,1,2.5,2.5,2.5,NA,NA,NA,NA,NA,NA,NA,1,OP,7,FALSE
PA-MT3-P39,Piper aduncum,March 18 2025,XP218-PLR,2,A,4,A4,11,6,3,10,10,10,5,0.5,0.5,NA,NA,NA,NA,1,PA,3,FALSE
EA-MT2-P18,Ecuadendron acosta-solisianum,May 7 2025,XP218-PLR,2,A,5,A5,8,6,4,60,10,10,0.5,2.5,5,NA,NA,NA,NA,5,EA,2,FALSE
BU-MT5-P55,Brosimum utile,September 25 2025,XP218-PLR,2,A,6,A6,6,2,4,2.5,0.5,NA,NA,NA,NA,NA,NA,NA,NA,5,BU,5,FALSE
BS-MT5-P39,Bactris setulosa,November 13 2025,XP218-PLR,2,A,7,A7,3,1,1,50,NA,NA,NA,NA,NA,NA,NA,NA,NA,15,BS,5,FALSE
DC-MT4-P82,Dacryodes cupularis,September 25 2025,XP218-PLR,2,A,8,A8,NA,NA,NA,NA,NA,NA,NA,NA,NA,NA,NA,NA,NA,NA,DC,4,FALSE
CP-MT1-P26,Carapa guianensis,September 25 2025,XP218-PLR,2,A,9,A9,5,4,5,1,1,1,1,NA,NA,NA,NA,NA,NA,0.5,CP,1,FALSE
AE-MT4-P54,Annona edulis,March 25 2026,XP218-PLR,2,A,10,A10,5,3,0,1,0.5,0.5,NA,NA,NA,NA,NA,NA,NA,0.5,AE,4,FALSE
BG-MT1-P82,Banara guianensis,September 25 2025,XP218-PLR,2,A,13,A13,10,8,5,5,25,10,5,0.5,0.5,1,0.5,NA,NA,2.5,BG,1,FALSE
BP-MT1-P26,Bauhinia pichinchensis,March 25 2026,XP218-PLR,2,A,14,A14,1,0,0,NA,NA,NA,NA,NA,NA,NA,NA,NA,NA,0,BP,1,FALSE
CH-MT5-P8,Cecropia hispidissima,September 25 2025,XP218-PLR,2,A,15,A15,3,3,3,0.5,1,0.5,NA,NA,NA,NA,NA,NA,NA,0.5,CH,5,FALSE
IS-MT3-P58,Inga silanchensis,November 13 2025,XP218-PLR,2,A,16,A16,7,5,6,20,10,0.5,1,0.5,NA,NA,NA,NA,NA,1,IS,3,FALSE
IS-MT1-P39,Inga silanchensis,May 7 2025,XP218-PLR,2,B,1,B1,1,1,1,25,NA,NA,NA,NA,NA,NA,NA,NA,NA,25,IS,1,FALSE
BG-MT2-P71,Banara guianensis,September 25 2025,XP218-PLR,2,B,3,B3,15,2,10,0.5,0.5,NA,NA,NA,NA,NA,NA,NA,NA,0.5,BG,2,FALSE
OP-MT6-P17,Ochroma pyramidale,May 7 2025,XP218-PLR,2,B,4,B4,NA,NA,NA,NA,NA,NA,NA,NA,NA,NA,NA,NA,NA,NA,OP,6,FALSE
EA-MT4-P16,Ecuadendron acosta-solisianum,May 7 2025,XP218-PLR,2,B,5,B5,10,9,10,1,2.5,1,1,1,2.5,1,2.5,1,NA,1,EA,4,FALSE
CP-MT2-P46,Carapa guianensis,May 7 2025,XP218-PLR,2,B,7,B7,NA,NA,NA,NA,NA,NA,NA,NA,NA,NA,NA,NA,NA,NA,CP,2,FALSE
DC-MT5-P83,Dacryodes cupularis,March 25 2026,XP218-PLR,2,B,8,B8,2,1,0,90,NA,NA,NA,NA,NA,NA,NA,NA,NA,90,DC,5,FALSE
PG-MT1-P25,Pouruma guianensis,March 25 2026,XP218-PLR,2,B,9,B9,2,1,0,0.5,NA,NA,NA,NA,NA,NA,NA,NA,NA,0.5,PG,1,FALSE
BS-MT6-P5,Bactris setulosa,September 25 2025,XP218-PLR,2,B,10,B10,2,1,2,25,NA,NA,NA,NA,NA,NA,NA,NA,NA,12.5,BS,6,FALSE
AE-MT2-P66,Annona edulis,March 25 2026,XP218-PLR,2,B,11,B11,4,0,0,NA,NA,NA,NA,NA,NA,NA,NA,NA,NA,0,AE,2,FALSE
MC-MT1-P63,Miconia conocuatrecasasii,September 25 2025,XP218-PLR,2,B,12,B12,5,2,3,1,55,0.5,NA,NA,NA,NA,NA,NA,NA,10,MC,1,FALSE
BP-MT2-P14,Bauhinia pichinchensis,March 25 2026,XP218-PLR,2,B,13,B13,1,1,0,0.5,NA,NA,NA,NA,NA,NA,NA,NA,NA,0.5,BP,2,FALSE
CH-MT5-P50,Cecropia hispidissima,September 25 2025,XP218-PLR,2,B,14,B14,4,4,2,7.5,0.5,0.5,50,NA,NA,NA,NA,NA,NA,10,CH,5,FALSE
BU-MT2-P8,Brosimum utile,September 25 2025,XP218-PLR,2,B,15,B15,2,1,1,1,NA,NA,NA,NA,NA,NA,NA,NA,NA,0.5,BU,2,FALSE
VB-MT4-P53,Vismia baccifera,March 25 2026,XP218-PLR,2,B,16,B16,1,1,0,0.5,NA,NA,NA,NA,NA,NA,NA,NA,NA,0.5,VB,4,FALSE
MC-MT2-P2,Miconia conocuatrecasasii,September 25 2025,XP218-PLR,2,C,2,C2,3,2,0,15,10,NA,NA,NA,NA,NA,NA,NA,NA,10,MC,2,FALSE
BS-MT7-P41,Bactris setulosa,November 13 2025,XP218-PLR,2,C,3,C3,3,3,0,75,80,0.5,NA,NA,NA,NA,NA,NA,NA,75,BS,7,FALSE
BP-MT4-P11,Bauhinia pichinchensis,March 25 2026,XP218-PLR,2,C,4,C4,2,1,0,0.5,NA,NA,NA,NA,NA,NA,NA,NA,NA,0.5,BP,4,FALSE
BG-MT1-P25,Banara guianensis,September 25 2025,XP218-PLR,2,C,5,C5,11,3,1,0.5,5,0.5,NA,NA,NA,NA,NA,NA,NA,0.5,BG,1,FALSE
IS-MT4-P62,Inga silanchensis,May 7 2025,XP218-PLR,2,C,6,C6,3,2,2,1,2.5,NA,NA,NA,NA,NA,NA,NA,NA,1,IS,4,FALSE
CP-MT3-P45,Carapa guianensis,May 7 2025,XP218-PLR,2,C,8,C8,4,4,3,5,0.5,2.5,7.5,NA,NA,NA,NA,NA,NA,2.5,CP,3,FALSE
VB-MT5-P59,Vismia baccifera,March 25 2026,XP218-PLR,2,C,9,C9,3,1,0,50,NA,NA,NA,NA,NA,NA,NA,NA,NA,25,VB,5,FALSE
EA-MT1-P84,Ecuadendron acosta-solisianum,March 25 2026,XP218-PLR,2,C,11,C11,11,1,0,1,NA,NA,NA,NA,NA,NA,NA,NA,NA,0.5,EA,1,FALSE
CH-MT3-P11,Cecropia hispidissima,September 25 2025,XP218-PLR,2,C,12,C12,4,4,0,40,0.5,0.5,25,NA,NA,NA,NA,NA,NA,10,CH,3,FALSE
BU-MT3-P37,Brosimum utile,September 25 2025,XP218-PLR,2,C,13,C13,5,2,5,1,45,NA,NA,NA,NA,NA,NA,NA,NA,5,BU,3,FALSE
AE-MT1-P66,Annona edulis,March 25 2026,XP218-PLR,2,C,14,C14,5,1,0,1,NA,NA,NA,NA,NA,NA,NA,NA,NA,0.5,AE,1,FALSE
PG-MT5-P46,Pouruma guianensis,March 25 2026,XP218-PLR,2,C,16,C16,4,2,0,5,10,NA,NA,NA,NA,NA,NA,NA,NA,2.5,PG,5,FALSE
CP-MT4-P46,Carapa guianensis,May 7 2025,XP218-PLR,3,A,1,A1,NA,NA,NA,NA,NA,NA,NA,NA,NA,NA,NA,NA,NA,NA,CP,4,FALSE
MC-MT1-P36,Miconia conocuatrecasasii,September 25 2025,XP218-PLR,3,A,2,A2,5,5,3,0.5,5,50,40,10,NA,NA,NA,NA,NA,15,MC,1,FALSE
OP-MT6-P42,Ochroma pyramidale,May 7 2025,XP218-PLR,3,A,3,A3,NA,NA,NA,NA,NA,NA,NA,NA,NA,NA,NA,NA,NA,NA,OP,6,FALSE
IS-MT3-P33,Inga silanchensis,March 18 2025,XP218-PLR,3,A,4,A4,4,4,4,1,5,0.5,1,NA,NA,NA,NA,NA,NA,1,IS,3,FALSE
BS-MT7-P31,Bactris setulosa,November 13 2025,XP218-PLR,3,A,5,A5,4,3,4,5,50,25,NA,NA,NA,NA,NA,NA,NA,10,BS,7,FALSE
BU-MT2-P10,Brosimum utile,September 25 2025,XP218-PLR,3,A,6,A6,6,2,5,1,0.5,NA,NA,NA,NA,NA,NA,NA,NA,0.5,BU,2,FALSE
VB-MT4-P34,Vismia baccifera,March 25 2026,XP218-PLR,3,A,7,A7,5,2,0,75,90,NA,NA,NA,NA,NA,NA,NA,NA,15,VB,4,FALSE
PA-MT7-P14,Piper aduncum,September 25 2025,XP218-PLR,3,A,8,A8,2,2,2,25,10,NA,NA,NA,NA,NA,NA,NA,NA,15,PA,7,FALSE
EA-MT4-P43,Ecuadendron acosta-solisianum,March 25 2026,XP218-PLR,3,A,9,A9,23,16,0,7.5,5,1,1,5,10,25,5,7.5,45,10,EA,4,FALSE
CH-MT2-P30,Cecropia hispidissima,September 25 2025,XP218-PLR,3,A,11,A11,0,0,0,NA,NA,NA,NA,NA,NA,NA,NA,NA,NA,0,CH,2,FALSE
BP-MT3-P13,Bauhinia pichinchensis,March 25 2026,XP218-PLR,3,A,12,A12,0,0,0,NA,NA,NA,NA,NA,NA,NA,NA,NA,NA,0,BP,3,FALSE
PG-MT1-P63,Pouruma guianensis,March 25 2026,XP218-PLR,3,A,13,A13,2,0,2,NA,NA,NA,NA,NA,NA,NA,NA,NA,NA,0,PG,1,FALSE
BG-MT1-P96,Banara guianensis,September 25 2025,XP218-PLR,3,A,14,A14,NA,NA,NA,NA,NA,NA,NA,NA,NA,NA,NA,NA,NA,NA,BG,1,FALSE
DC-MT3-P24,Dacryodes cupularis,September 25 2025,XP218-PLR,3,A,15,A15,4,4,4,25,10,1,1,NA,NA,NA,NA,NA,NA,2.5,DC,3,FALSE
AE-MT5-P24,Annona edulis,March 25 2026,XP218-PLR,3,A,16,A16,4,1,0,5,NA,NA,NA,NA,NA,NA,NA,NA,NA,1,AE,5,FALSE
IS-MT2-P65,Inga silanchensis,March 18 2025,XP218-PLR,3,B,2,B2,4,3,3,20,25,25,NA,NA,NA,NA,NA,NA,NA,17.5,IS,2,FALSE
BS-MT7-P3,Bactris setulosa,September 25 2025,XP218-PLR,3,B,3,B3,4,2,4,25,0.5,NA,NA,NA,NA,NA,NA,NA,NA,7.5,BS,7,FALSE
BG-MT5-P24,Banara guianensis,September 25 2025,XP218-PLR,3,B,5,B5,10,2,1,1,40,NA,NA,NA,NA,NA,NA,NA,NA,1,BG,5,FALSE
BP-MT2-P56,Bauhinia pichinchensis,March 25 2026,XP218-PLR,3,B,7,B7,2,2,0,0.5,40,NA,NA,NA,NA,NA,NA,NA,NA,20,BP,2,FALSE
PG-MT2-P47,Pouruma guianensis,March 25 2026,XP218-PLR,3,B,8,B8,3,0,0,NA,NA,NA,NA,NA,NA,NA,NA,NA,NA,0,PG,2,FALSE
AE-MT5-P7,Annona edulis,March 25 2026,XP218-PLR,3,B,9,B9,4,3,0,0.5,5,1,NA,NA,NA,NA,NA,NA,NA,1,AE,5,FALSE
CP-MT5-P65,Carapa guianensis,September 25 2025,XP218-PLR,3,B,10,B10,4,3,3,5,0.5,1,NA,NA,NA,NA,NA,NA,NA,1,CP,5,FALSE
BU-MT1-P65,Brosimum utile,May 7 2025,XP218-PLR,3,B,11,B11,2,1,0,5,NA,NA,NA,NA,NA,NA,NA,NA,NA,2.5,BU,1,FALSE
VB-MT1-P12,Vismia baccifera,September 25 2025,XP218-PLR,3,B,12,B12,11,6,2,5,0.5,2.5,10,5,1,NA,NA,NA,NA,5,VB,1,FALSE
DC-MT5-P24,Dacryodes cupularis,September 25 2025,XP218-PLR,3,B,13,B13,0,0,0,NA,NA,NA,NA,NA,NA,NA,NA,NA,NA,0,DC,5,FALSE
CH-MT2-P21,Cecropia hispidissima,September 25 2025,XP218-PLR,3,B,14,B14,5,5,4,10,7.5,1,0.5,60,NA,NA,NA,NA,NA,15,CH,2,FALSE
EA-MT3-P42,Ecuadendron acosta-solisianum,March 25 2026,XP218-PLR,3,B,15,B15,33,24,6,50,30,10,10,5,1,50,25,5,25,5,EA,3,FALSE
OP-MT8-P1,Ochroma pyramidale,May 7 2025,XP218-PLR,3,C,1,C1,7,4,4,0.5,2.5,1,0.5,NA,NA,NA,NA,NA,NA,0.5,OP,8,FALSE
PG-MT3-P13,Pouruma guianensis,March 25 2026,XP218-PLR,3,C,2,C2,2,1,0,0.5,NA,NA,NA,NA,NA,NA,NA,NA,NA,0.5,PG,3,FALSE
PA-MT7-P61,Piper aduncum,September 25 2025,XP218-PLR,3,C,3,C3,14,8,8,0.5,0.5,0.5,5,1,0.5,0.5,0.5,NA,NA,0.5,PA,7,FALSE
CP-MT2-P32,Carapa guianensis,May 7 2025,XP218-PLR,3,C,4,C4,NA,NA,NA,NA,NA,NA,NA,NA,NA,NA,NA,NA,NA,NA,CP,2,FALSE
EA-MT3-P13,Ecuadendron acosta-solisianum,May 7 2025,XP218-PLR,3,C,6,C6,11,5,11,5,0.5,1,10,40,NA,NA,NA,NA,NA,10,EA,3,FALSE
AE-MT4-P69,Annona edulis,March 25 2026,XP218-PLR,3,C,7,C7,6,2,0,50,0.5,NA,NA,NA,NA,NA,NA,NA,NA,10,AE,4,FALSE
VB-MT1-P3,Vismia baccifera,September 25 2025,XP218-PLR,3,C,8,C8,12,5,5,0.5,0.5,0.5,5,25,NA,NA,NA,NA,NA,5,VB,1,FALSE
IS-MT3-P36,Inga silanchensis,November 13 2025,XP218-PLR,3,C,9,C9,3,3,2,1,5,5,NA,NA,NA,NA,NA,NA,NA,5,IS,3,FALSE
DC-MT2-P20,Dacryodes cupularis,September 25 2025,XP218-PLR,3,C,10,C10,3,1,3,10,NA,NA,NA,NA,NA,NA,NA,NA,NA,2.5,DC,2,FALSE
BP-MT4-P87,Bauhinia pichinchensis,March 25 2026,XP218-PLR,3,C,11,C11,0,0,0,NA,NA,NA,NA,NA,NA,NA,NA,NA,NA,0,BP,4,FALSE
CH-MT3-P61,Cecropia hispidissima,September 25 2025,XP218-PLR,3,C,13,C13,4,4,4,7.5,10,10,25,NA,NA,NA,NA,NA,NA,10,CH,3,FALSE
BS-MT6-P10,Bactris setulosa,September 25 2025,XP218-PLR,3,C,14,C14,2,2,1,0.5,0.5,NA,NA,NA,NA,NA,NA,NA,NA,0.5,BS,6,FALSE
BG-MT3-P95,Banara guianensis,September 25 2025,XP218-PLR,3,C,15,C15,6,4,1,0.5,0.5,1,0.5,NA,NA,NA,NA,NA,NA,0.5,BG,3,FALSE
BU-MT4-P3,Brosimum utile,September 25 2025,XP218-PLR,3,C,16,C16,3,0,1,NA,NA,NA,NA,NA,NA,NA,NA,NA,NA,0,BU,4,FALSE
VB-MT4-P1,Vismia baccifera,March 25 2026,XP218-PLR,4,A,1,A1,5,3,0,2.5,2.5,10,NA,NA,NA,NA,NA,NA,NA,5,VB,4,FALSE
IS-MT3-P64,Inga silanchensis,March 18 2025,XP218-PLR,4,A,2,A2,3,2,3,5,5,NA,NA,NA,NA,NA,NA,NA,NA,2.5,IS,3,FALSE
CP-MT5-P15,Carapa guianensis,September 25 2025,XP218-PLR,4,A,3,A3,4,4,3,0.5,2.5,1,0.5,NA,NA,NA,NA,NA,NA,1,CP,5,FALSE
DC-MT5-P38,Dacryodes cupularis,September 25 2025,XP218-PLR,4,A,4,A4,2,2,0,0.5,0.5,NA,NA,NA,NA,NA,NA,NA,NA,0.5,DC,5,FALSE
BU-MT1-P46,Brosimum utile,May 7 2025,XP218-PLR,4,A,5,A5,2,1,2,0.5,NA,NA,NA,NA,NA,NA,NA,NA,NA,0.5,BU,1,FALSE
PG-MT3-P56,Pouruma guianensis,March 25 2026,XP218-PLR,4,A,6,A6,5,2,0,1,1,NA,NA,NA,NA,NA,NA,NA,NA,0.5,PG,3,FALSE
BP-MT5-P43,Bauhinia pichinchensis,March 25 2026,XP218-PLR,4,A,8,A8,0,0,0,NA,NA,NA,NA,NA,NA,NA,NA,NA,NA,0,BP,5,FALSE
CH-MT4-P43,Cecropia hispidissima,September 25 2025,XP218-PLR,4,A,9,A9,NA,NA,NA,NA,NA,NA,NA,NA,NA,NA,NA,NA,NA,NA,CH,4,FALSE
MC-MT1-P37,Miconia conocuatrecasasii,September 25 2025,XP218-PLR,4,A,10,A10,5,5,3,10,2.5,1,15,15,NA,NA,NA,NA,NA,7.5,MC,1,FALSE
OP-MT9-P7,Ochroma pyramidale,March 18 2025,XP218-PLR,4,A,12,A12,NA,NA,NA,NA,NA,NA,NA,NA,NA,NA,NA,NA,NA,NA,OP,9,FALSE
BG-MT3-P28,Banara guianensis,September 25 2025,XP218-PLR,4,A,13,A13,10,5,3,0.5,1,2.5,1,0.5,NA,NA,NA,NA,NA,0.5,BG,3,FALSE
BS-MT1-P8,Bactris setulosa,September 25 2025,XP218-PLR,4,A,14,A14,2,1,2,50,NA,NA,NA,NA,NA,NA,NA,NA,NA,25,BS,1,FALSE
EA-MT1-P30,Ecuadendron acosta-solisianum,November 13 2025,XP218-PLR,4,A,15,A15,30,7,4,0.5,1,1,0.5,1,0.5,0.5,NA,NA,NA,0.5,EA,1,FALSE
AE-MT3-P3,Annona edulis,March 25 2026,XP218-PLR,4,A,16,A16,7,3,0,25,0.5,0.5,NA,NA,NA,NA,NA,NA,NA,5,AE,3,FALSE
IS-MT2-P84,Inga silanchensis,March 18 2025,XP218-PLR,4,B,1,B1,1,1,1,1,NA,NA,NA,NA,NA,NA,NA,NA,NA,1,IS,2,FALSE
BP-MT1-P14,Bauhinia pichinchensis,March 25 2026,XP218-PLR,4,B,2,B2,1,1,1,1,NA,NA,NA,NA,NA,NA,NA,NA,NA,1,BP,1,FALSE
DC-MT2-P35,Dacryodes cupularis,March 25 2026,XP218-PLR,4,B,3,B3,3,3,0,5,5,0.5,NA,NA,NA,NA,NA,NA,NA,1,DC,2,FALSE
MC-MT2-P37,Miconia conocuatrecasasii,September 25 2025,XP218-PLR,4,B,4,B4,4,3,2,0.5,30,75,NA,NA,NA,NA,NA,NA,NA,17.5,MC,2,FALSE
BG-MT4-P37,Banara guianensis,September 25 2025,XP218-PLR,4,B,5,B5,17,3,1,2.5,5,1,NA,NA,NA,NA,NA,NA,NA,0.5,BG,4,FALSE
OP-MT2-P10,Ochroma pyramidale,March 18 2025,XP218-PLR,4,B,6,B6,NA,NA,NA,NA,NA,NA,NA,NA,NA,NA,NA,NA,NA,NA,OP,2,FALSE
CP-MT1-P48,Carapa guianensis,September 25 2025,XP218-PLR,4,B,7,B7,4,4,4,0.5,2.5,0.5,5,NA,NA,NA,NA,NA,NA,1,CP,1,FALSE
BS-MT5-P27,Bactris setulosa,September 25 2025,XP218-PLR,4,B,8,B8,4,1,3,5,NA,NA,NA,NA,NA,NA,NA,NA,NA,1,BS,5,FALSE
BU-MT3-P1,Brosimum utile,September 25 2025,XP218-PLR,4,B,10,B10,3,0,3,NA,NA,NA,NA,NA,NA,NA,NA,NA,NA,0,BU,3,FALSE
EA-MT5-P67,Ecuadendron acosta-solisianum,November 13 2025,XP218-PLR,4,B,11,B11,16,9,10,5,1,2.5,5,10,25,20,5,1,NA,2.5,EA,5,FALSE
CH-MT3-P86,Cecropia hispidissima,September 25 2025,XP218-PLR,4,B,12,B12,3,2,2,2.5,0.5,NA,NA,NA,NA,NA,NA,NA,NA,1,CH,3,FALSE
PA-MT6-P13,Piper aduncum,November 13 2025,XP218-PLR,4,B,13,B13,7,4,1,50,60,2.5,25,NA,NA,NA,NA,NA,NA,25,PA,6,FALSE
PG-MT5-P45,Pouruma guianensis,March 25 2026,XP218-PLR,4,B,14,B14,4,0,2,NA,NA,NA,NA,NA,NA,NA,NA,NA,NA,0,PG,5,FALSE
AE-MT3-P42,Annona edulis,March 25 2026,XP218-PLR,4,B,15,B15,9,6,0,5,7.5,0.5,1,5,NA,NA,NA,NA,NA,1,AE,3,FALSE
VB-MT2-P36,Vismia baccifera,March 25 2026,XP218-PLR,4,B,16,B16,7,5,0,10,50,10,50,90,NA,NA,NA,NA,NA,50,VB,2,FALSE
BP-MT3-P1,Bauhinia pichinchensis,March 25 2026,XP218-PLR,4,C,1,C1,1,1,0,0.5,NA,NA,NA,NA,NA,NA,NA,NA,NA,0.5,BP,3,FALSE
EA-MT5-P19,Ecuadendron acosta-solisianum,November 13 2025,XP218-PLR,4,C,2,C2,26,10,15,2.5,1,0.5,10,7.5,1,1,0.5,1,1,1,EA,5,FALSE
BU-MT5-P56,Brosimum utile,September 25 2025,XP218-PLR,4,C,3,C3,5,3,4,5,0.5,0.5,NA,NA,NA,NA,NA,NA,NA,1,BU,5,FALSE
OP-MT7-P5,Ochroma pyramidale,May 7 2025,XP218-PLR,4,C,5,C5,NA,NA,NA,NA,NA,NA,NA,NA,NA,NA,NA,NA,NA,NA,OP,7,FALSE
OP-MT6-P63,Ochroma pyramidale,March 25 2026,XP218-PLR,4,C,5,C5,3,1,0,50,NA,NA,NA,NA,NA,NA,NA,NA,NA,30,OP,6,FALSE
CH-MT1-P28,Cecropia hispidissima,May 7 2025,XP218-PLR,4,C,6,C6,4,2,0,10,5,NA,NA,NA,NA,NA,NA,NA,NA,5,CH,1,FALSE
VB-MT5-P58,Vismia baccifera,March 25 2026,XP218-PLR,4,C,7,C7,5,4,0,50,20,1,90,NA,NA,NA,NA,NA,NA,10,VB,5,FALSE
PG-MT4-P17,Pouruma guianensis,March 25 2026,XP218-PLR,4,C,8,C8,5,3,3,75,5,5,NA,NA,NA,NA,NA,NA,NA,10,PG,4,FALSE
BG-MT4-P9,Banara guianensis,September 25 2025,XP218-PLR,4,C,9,C9,25,3,1,10,0.5,1,NA,NA,NA,NA,NA,NA,NA,0.5,BG,4,FALSE
IS-MT5-P18,Inga silanchensis,March 18 2025,XP218-PLR,4,C,10,C10,1,1,0,5,NA,NA,NA,NA,NA,NA,NA,NA,NA,5,IS,5,FALSE
PA-MT6-P16,Piper aduncum,May 7 2025,XP218-PLR,4,C,11,C11,7,5,1,0.5,0.5,25,1,1,NA,NA,NA,NA,NA,2.5,PA,6,FALSE
AE-MT2-P32,Annona edulis,March 25 2026,XP218-PLR,4,C,12,C12,6,4,1,0.5,25,5,10,NA,NA,NA,NA,NA,NA,10,AE,2,FALSE
BS-MT1-P76,Bactris setulosa,November 13 2025,XP218-PLR,4,C,13,C13,3,3,3,5,1,1,NA,NA,NA,NA,NA,NA,NA,1,BS,1,FALSE
MC-MT2-P57,Miconia conocuatrecasasii,September 25 2025,XP218-PLR,4,C,14,C14,2,1,0,80,NA,NA,NA,NA,NA,NA,NA,NA,NA,40,MC,2,FALSE
CP-MT5-P59,Carapa guianensis,September 25 2025,XP218-PLR,4,C,15,C15,3,2,3,10,2.5,NA,NA,NA,NA,NA,NA,NA,NA,5,CP,5,FALSE
DC-MT1-P70,Dacryodes cupularis,September 25 2025,XP218-PLR,4,C,16,C16,3,1,2,10,NA,NA,NA,NA,NA,NA,NA,NA,NA,2.5,DC,1,FALSE
BU-MT4-P18,Brosimum utile,September 25 2025,XP218-PLR,5,A,3,A3,NA,NA,NA,NA,NA,NA,NA,NA,NA,NA,NA,NA,NA,NA,BU,4,FALSE
BG-MT2-P3,Banara guianensis,September 25 2025,XP218-PLR,5,A,4,A4,NA,NA,NA,NA,NA,NA,NA,NA,NA,NA,NA,NA,NA,NA,BG,2,FALSE
PG-MT1-P4,Pouruma guianensis,March 25 2026,XP218-PLR,5,A,6,A6,NA,NA,NA,NA,NA,NA,NA,NA,NA,NA,NA,NA,NA,NA,PG,1,FALSE
CH-MT2-P15,Cecropia hispidissima,September 25 2025,XP218-PLR,5,A,7,A7,NA,NA,NA,NA,NA,NA,NA,NA,NA,NA,NA,NA,NA,NA,CH,2,FALSE
BP-MT5-P8,Bauhinia pichinchensis,March 25 2026,XP218-PLR,5,A,8,A8,NA,NA,NA,NA,NA,NA,NA,NA,NA,NA,NA,NA,NA,NA,BP,5,FALSE
CP-MT1-P44,Carapa guianensis,September 25 2025,XP218-PLR,5,A,10,A10,NA,NA,NA,NA,NA,NA,NA,NA,NA,NA,NA,NA,NA,NA,CP,1,FALSE
DC-MT1-P50,Dacryodes cupularis,September 25 2025,XP218-PLR,5,A,13,A13,NA,NA,NA,NA,NA,NA,NA,NA,NA,NA,NA,NA,NA,NA,DC,1,FALSE
VB-MT5-P53,Vismia baccifera,March 25 2026,XP218-PLR,5,A,14,A14,NA,NA,NA,NA,NA,NA,NA,NA,NA,NA,NA,NA,NA,NA,VB,5,FALSE
IS-MT4-P14,Inga silanchensis,November 13 2025,XP218-PLR,5,A,15,A15,NA,NA,NA,NA,NA,NA,NA,NA,NA,NA,NA,NA,NA,NA,IS,4,FALSE
AE-MT4-P15,Annona edulis,March 25 2026,XP218-PLR,5,A,16,A16,NA,NA,NA,NA,NA,NA,NA,NA,NA,NA,NA,NA,NA,NA,AE,4,FALSE
AE-MT3-P71,Annona edulis,March 25 2026,XP218-PLR,5,B,2,B2,NA,NA,NA,NA,NA,NA,NA,NA,NA,NA,NA,NA,NA,NA,AE,3,FALSE
EA-MT1-P83,Ecuadendron acosta-solisianum,March 25 2026,XP218-PLR,5,B,5,B5,NA,NA,NA,NA,NA,NA,NA,NA,NA,NA,NA,NA,NA,NA,EA,1,FALSE
BG-MT4-P30,Banara guianensis,September 25 2025,XP218-PLR,5,B,8,B8,NA,NA,NA,NA,NA,NA,NA,NA,NA,NA,NA,NA,NA,NA,BG,4,FALSE
DC-MT4-P2,Dacryodes cupularis,September 25 2025,XP218-PLR,5,B,9,B9,NA,NA,NA,NA,NA,NA,NA,NA,NA,NA,NA,NA,NA,NA,DC,4,FALSE
BP-MT3-P36,Bauhinia pichinchensis,March 25 2026,XP218-PLR,5,B,11,B11,NA,NA,NA,NA,NA,NA,NA,NA,NA,NA,NA,NA,NA,NA,BP,3,FALSE
IS-MT2-P54,Inga silanchensis,November 13 2025,XP218-PLR,5,B,13,B13,NA,NA,NA,NA,NA,NA,NA,NA,NA,NA,NA,NA,NA,NA,IS,2,FALSE
PG-MT3-P17,Pouruma guianensis,March 25 2026,XP218-PLR,5,B,15,B15,NA,NA,NA,NA,NA,NA,NA,NA,NA,NA,NA,NA,NA,NA,PG,3,FALSE
VB-MT3-P29,Vismia baccifera,March 25 2026,XP218-PLR,5,B,16,B16,NA,NA,NA,NA,NA,NA,NA,NA,NA,NA,NA,NA,NA,NA,VB,3,FALSE
AE-MT1-P5,Annona edulis,March 25 2026,XP218-PLR,5,C,3,C3,NA,NA,NA,NA,NA,NA,NA,NA,NA,NA,NA,NA,NA,NA,AE,1,FALSE
EA-MT5-P103,Ecuadendron acosta-solisianum,March 25 2026,XP218-PLR,5,C,4,C4,NA,NA,NA,NA,NA,NA,NA,NA,NA,NA,NA,NA,NA,NA,EA,5,FALSE
IS-MT3-P106,Inga silanchensis,March 25 2026,XP218-PLR,5,C,6,C6,NA,NA,NA,NA,NA,NA,NA,NA,NA,NA,NA,NA,NA,NA,IS,3,FALSE
BS-MT7-P68,Bactris setulosa,March 25 2026,XP218-PLR,5,C,8,C8,NA,NA,NA,NA,NA,NA,NA,NA,NA,NA,NA,NA,NA,NA,BS,7,FALSE
BP-MT4-P52,Bauhinia pichinchensis,March 25 2026,XP218-PLR,5,C,9,C9,NA,NA,NA,NA,NA,NA,NA,NA,NA,NA,NA,NA,NA,NA,BP,4,FALSE
CH-MT4-P52,Cecropia hispidissima,September 25 2025,XP218-PLR,5,C,10,C10,NA,NA,NA,NA,NA,NA,NA,NA,NA,NA,NA,NA,NA,NA,CH,4,FALSE
CH-MT5-P56,Cecropia hispidissima,March 25 2026,XP218-PLR,5,C,10,C10,NA,NA,NA,NA,NA,NA,NA,NA,NA,NA,NA,NA,NA,NA,CH,5,FALSE
DC-MT5-P63,Dacryodes cupularis,September 25 2025,XP218-PLR,5,C,12,C12,NA,NA,NA,NA,NA,NA,NA,NA,NA,NA,NA,NA,NA,NA,DC,5,FALSE
PG-MT4-P41,Pouruma guianensis,March 25 2026,XP218-PLR,5,C,13,C13,NA,NA,NA,NA,NA,NA,NA,NA,NA,NA,NA,NA,NA,NA,PG,4,FALSE
BG-MT5-P71,Banara guianensis,September 25 2025,XP218-PLR,5,C,15,C15,NA,NA,NA,NA,NA,NA,NA,NA,NA,NA,NA,NA,NA,NA,BG,5,FALSE
VB-MT2-P41,Vismia baccifera,March 25 2026,XP218-PLR,5,C,16,C16,NA,NA,NA,NA,NA,NA,NA,NA,NA,NA,NA,NA,NA,NA,VB,2,FALSE
MC-MT2-P45,Miconia conocuatrecasasii,October 14 2025,XP219-PLR,1,A,1,A1,6,5,0,5,1,10,20,50,NA,NA,NA,NA,NA,15,MC,2,FALSE
CP-MT1-P19,Carapa guianensis,October 14 2025,XP219-PLR,1,A,2,A2,3,2,1,10,1,NA,NA,NA,NA,NA,NA,NA,NA,2.5,CP,1,FALSE
BP-MT3-P17,Bauhinia pichinchensis,March 11 2026,XP219-PLR,1,A,3,A3,1,1,0,10,NA,NA,NA,NA,NA,NA,NA,NA,NA,10,BP,3,FALSE
AE-MT1-P7,Annona edulis,March 11 2026,XP219-PLR,1,A,4,A4,7,5,0,25,2.5,40,1,0.5,NA,NA,NA,NA,NA,15,AE,1,FALSE
PG-MT4-P45,Pouruma guianensis,March 11 2026,XP219-PLR,1,A,5,A5,5,1,0,0.5,NA,NA,NA,NA,NA,NA,NA,NA,NA,0.5,PG,4,FALSE
IS-MT3-P15,Inga silanchensis,April 2 2025,XP219-PLR,1,A,6,A6,3,2,3,30,17.5,NA,NA,NA,NA,NA,NA,NA,NA,15,IS,3,FALSE
OP-MT9-P55,Ochroma pyramidale,April 2 2025,XP219-PLR,1,A,8,A8,NA,NA,NA,NA,NA,NA,NA,NA,NA,NA,NA,NA,NA,NA,OP,9,FALSE
DC-MT4-P51,Dacryodes cupularis,October 14 2025,XP219-PLR,1,A,9,A9,NA,NA,NA,NA,NA,NA,NA,NA,NA,NA,NA,NA,NA,NA,DC,4,FALSE
BU-MT1-P48,Brosimum utile,May 19 2025,XP219-PLR,1,A,10,A10,2,1,1,0.5,NA,NA,NA,NA,NA,NA,NA,NA,NA,0.5,BU,1,FALSE
EA-MT4-P25,Ecuadendron acosta-solisianum,May 19 2025,XP219-PLR,1,A,11,A11,6,1,5,1,NA,NA,NA,NA,NA,NA,NA,NA,NA,0.5,EA,4,FALSE
VB-MT2-P27,Vismia baccifera,March 11 2026,XP219-PLR,1,A,12,A12,5,1,0,5,NA,NA,NA,NA,NA,NA,NA,NA,NA,1,VB,2,FALSE
PA-MT6-P80,Piper aduncum,December 10 2025,XP219-PLR,1,A,13,A13,4,1,0,10,NA,NA,NA,NA,NA,NA,NA,NA,NA,5,PA,6,FALSE
BS-MT5-P66,Bactris setulosa,December 10 2025,XP219-PLR,1,A,14,A14,5,4,3,25,0.5,10,1,NA,NA,NA,NA,NA,NA,5,BS,5,FALSE
BG-MT1-P33,Banara guianensis,October 14 2025,XP219-PLR,1,A,15,A15,30,6,3,45,1,50,10,0.5,0.5,NA,NA,NA,NA,1,BG,1,FALSE
CH-MT5-P64,Cecropia hispidissima,October 14 2025,XP219-PLR,1,A,16,A16,NA,NA,NA,NA,NA,NA,NA,NA,NA,NA,NA,NA,NA,NA,CH,5,FALSE
DC-MT5-P10,Dacryodes cupularis,October 14 2025,XP219-PLR,1,B,1,B1,NA,NA,NA,NA,NA,NA,NA,NA,NA,NA,NA,NA,NA,NA,DC,5,FALSE
MC-MT1-P4,Miconia conocuatrecasasii,October 14 2025,XP219-PLR,1,B,2,B2,6,4,0,2.5,25,0.5,1,NA,NA,NA,NA,NA,NA,5,MC,1,FALSE
CH-MT3-P32,Cecropia hispidissima,October 14 2025,XP219-PLR,1,B,3,B3,3,1,1,0.5,NA,NA,NA,NA,NA,NA,NA,NA,NA,0.5,CH,3,FALSE
BG-MT3-P77,Banara guianensis,October 14 2025,XP219-PLR,1,B,4,B4,NA,NA,NA,NA,NA,NA,NA,NA,NA,NA,NA,NA,NA,NA,BG,3,FALSE
IS-MT1-P30,Inga silanchensis,May 19 2025,XP219-PLR,1,B,5,B5,4,2,3,2.5,2.5,NA,NA,NA,NA,NA,NA,NA,NA,1,IS,1,FALSE
OP-MT2-P46,Ochroma pyramidale,April 2 2025,XP219-PLR,1,B,7,B7,NA,NA,NA,NA,NA,NA,NA,NA,NA,NA,NA,NA,NA,NA,OP,2,FALSE
OP-MT7-P65,Ochroma pyramidale,December 10 2025,XP219-PLR,1,B,7,B7,NA,NA,NA,NA,NA,NA,NA,NA,NA,NA,NA,NA,NA,NA,OP,7,FALSE
BP-MT4-P76,Bauhinia pichinchensis,March 11 2026,XP219-PLR,1,B,8,B8,NA,NA,NA,NA,NA,NA,NA,NA,NA,NA,NA,NA,NA,NA,BP,4,FALSE
VB-MT4-P92,Vismia baccifera,March 11 2026,XP219-PLR,1,B,9,B9,4,1,0,2.5,NA,NA,NA,NA,NA,NA,NA,NA,NA,0.5,VB,4,FALSE
CP-MT4-P31,Carapa guianensis,May 19 2025,XP219-PLR,1,B,10,B10,NA,NA,NA,NA,NA,NA,NA,NA,NA,NA,NA,NA,NA,NA,CP,4,FALSE
EA-MT5-P56,Ecuadendron acosta-solisianum,December 10 2025,XP219-PLR,1,B,11,B11,11,8,2,0.5,5,10,5,5,7.5,20,5,NA,NA,5,EA,5,FALSE
BS-MT5-P28,Bactris setulosa,October 14 2025,XP219-PLR,1,B,13,B13,3,1,2,5,NA,NA,NA,NA,NA,NA,NA,NA,NA,1,BS,5,FALSE
PG-MT2-P12,Pouruma guianensis,March 11 2026,XP219-PLR,1,B,14,B14,3,0,1,NA,NA,NA,NA,NA,NA,NA,NA,NA,NA,0,PG,2,FALSE
AE-MT2-P46,Annona edulis,March 11 2026,XP219-PLR,1,B,15,B15,7,2,0,0.5,0.5,NA,NA,NA,NA,NA,NA,NA,NA,0.5,AE,2,FALSE
BU-MT4-P39,Brosimum utile,October 14 2025,XP219-PLR,1,B,16,B16,6,1,5,0.5,NA,NA,NA,NA,NA,NA,NA,NA,NA,0.5,BU,4,FALSE
VB-MT4-P6,Vismia baccifera,March 11 2026,XP219-PLR,1,C,1,C1,5,1,1,0.5,NA,NA,NA,NA,NA,NA,NA,NA,NA,0.5,VB,4,FALSE
OP-MT8-P14,Ochroma pyramidale,May 19 2025,XP219-PLR,1,C,2,C2,NA,NA,NA,NA,NA,NA,NA,NA,NA,NA,NA,NA,NA,NA,OP,8,FALSE
OP-MT2-P77,Ochroma pyramidale,December 10 2025,XP219-PLR,1,C,2,C2,NA,NA,NA,NA,NA,NA,NA,NA,NA,NA,NA,NA,NA,NA,OP,2,FALSE
CH-MT4-P69,Cecropia hispidissima,October 14 2025,XP219-PLR,1,C,3,C3,3,2,2,40,0.5,NA,NA,NA,NA,NA,NA,NA,NA,15,CH,4,FALSE
BP-MT1-P8,Bauhinia pichinchensis,March 11 2026,XP219-PLR,1,C,4,C4,2,2,0,2.5,0.5,NA,NA,NA,NA,NA,NA,NA,NA,1,BP,1,FALSE
PG-MT2-P45,Pouruma guianensis,March 11 2026,XP219-PLR,1,C,5,C5,4,1,0,0.5,NA,NA,NA,NA,NA,NA,NA,NA,NA,0.5,PG,2,FALSE
MC-MT3-P6,Miconia conocuatrecasasii,October 14 2025,XP219-PLR,1,C,7,C7,6,3,1,30,20,1,NA,NA,NA,NA,NA,NA,NA,12.5,MC,3,FALSE
IS-MT2-P20,Inga silanchensis,December 10 2025,XP219-PLR,1,C,9,C9,7,3,4,2.5,1,20,NA,NA,NA,NA,NA,NA,NA,1,IS,2,FALSE
AE-MT5-P60,Annona edulis,March 11 2026,XP219-PLR,1,C,10,C10,7,4,0,1,2.5,0.5,0.5,NA,NA,NA,NA,NA,NA,0.5,AE,5,FALSE
EA-MT4-P64,Ecuadendron acosta-solisianum,March 11 2026,XP219-PLR,1,C,11,C11,12,8,2,0.5,2.5,75,50,1,2.5,1,0.5,NA,NA,7.5,EA,4,FALSE
BG-MT4-P13,Banara guianensis,October 14 2025,XP219-PLR,1,C,12,C12,15,6,0,0.5,5,1,0.5,5,0.5,NA,NA,NA,NA,0.5,BG,4,FALSE
PA-MT7-P32,Piper aduncum,October 14 2025,XP219-PLR,1,C,13,C13,8,3,0,5,2.5,1,NA,NA,NA,NA,NA,NA,NA,0.5,PA,7,FALSE
BS-MT1-P3,Bactris setulosa,October 14 2025,XP219-PLR,1,C,14,C14,3,1,2,0.5,NA,NA,NA,NA,NA,NA,NA,NA,NA,0.5,BS,1,FALSE
CP-MT1-P49,Carapa guianensis,October 14 2025,XP219-PLR,1,C,15,C15,5,5,3,2.5,1,1,20,10,NA,NA,NA,NA,NA,5,CP,1,FALSE
BU-MT4-P4,Brosimum utile,October 14 2025,XP219-PLR,1,C,16,C16,4,2,3,0.5,1,NA,NA,NA,NA,NA,NA,NA,NA,0.5,BU,4,FALSE
IS-MT2-P98,Inga silanchensis,April 2 2025,XP219-PLR,2,A,1,A1,3,3,3,0.5,10,10,NA,NA,NA,NA,NA,NA,NA,2.5,IS,2,FALSE
BS-MT1-P47,Bactris setulosa,December 10 2025,XP219-PLR,2,A,2,A2,5,3,4,0.5,25,10,NA,NA,NA,NA,NA,NA,NA,5,BS,1,FALSE
PG-MT4-P29,Pouruma guianensis,March 11 2026,XP219-PLR,2,A,3,A3,3,3,2,2.5,2.5,1,NA,NA,NA,NA,NA,NA,NA,2.5,PG,4,FALSE
PA-MT3-P48,Piper aduncum,April 2 2025,XP219-PLR,2,A,4,A4,25,5,3,1,2.5,0.5,50,1,NA,NA,NA,NA,NA,1,PA,3,FALSE
CH-MT1-P12,Cecropia hispidissima,May 19 2025,XP219-PLR,2,A,5,A5,NA,NA,NA,NA,NA,NA,NA,NA,NA,NA,NA,NA,NA,NA,CH,1,FALSE
EA-MT5-P46,Ecuadendron acosta-solisianum,December 10 2025,XP219-PLR,2,A,6,A6,10,6,6,2.5,0.5,1,1,5,0.5,NA,NA,NA,NA,0.5,EA,5,FALSE
DC-MT2-P45,Dacryodes cupularis,October 14 2025,XP219-PLR,2,A,7,A7,NA,NA,NA,NA,NA,NA,NA,NA,NA,NA,NA,NA,NA,NA,DC,2,FALSE
CP-MT3-P1,Carapa guianensis,May 19 2025,XP219-PLR,2,A,8,A8,NA,NA,NA,NA,NA,NA,NA,NA,NA,NA,NA,NA,NA,NA,CP,3,FALSE
BP-MT4-P34,Bauhinia pichinchensis,March 11 2026,XP219-PLR,2,A,9,A9,NA,NA,NA,NA,NA,NA,NA,NA,NA,NA,NA,NA,NA,NA,BP,4,FALSE
AE-MT2-P4,Annona edulis,March 11 2026,XP219-PLR,2,A,10,A10,7,1,1,0.5,NA,NA,NA,NA,NA,NA,NA,NA,NA,0.5,AE,2,FALSE
BU-MT3-P68,Brosimum utile,October 14 2025,XP219-PLR,2,A,11,A11,6,2,5,30,0.5,NA,NA,NA,NA,NA,NA,NA,NA,2.5,BU,3,FALSE
OP-MT2-P27,Ochroma pyramidale,April 2 2025,XP219-PLR,2,A,12,A12,NA,NA,NA,NA,NA,NA,NA,NA,NA,NA,NA,NA,NA,NA,OP,2,FALSE
BG-MT2-P54,Banara guianensis,October 14 2025,XP219-PLR,2,A,14,A14,9,2,1,0.5,0.5,NA,NA,NA,NA,NA,NA,NA,NA,0.5,BG,2,FALSE
VB-MT2-P53,Vismia baccifera,March 11 2026,XP219-PLR,2,A,15,A15,5,1,0,1,NA,NA,NA,NA,NA,NA,NA,NA,NA,0.5,VB,2,FALSE
VB-MT5-P63,Vismia baccifera,March 11 2026,XP219-PLR,2,B,1,B1,6,2,1,1,NA,NA,NA,NA,NA,NA,NA,NA,NA,0.5,VB,5,FALSE
BU-MT5-P38,Brosimum utile,October 14 2025,XP219-PLR,2,B,2,B2,4,1,2,1,NA,NA,NA,NA,NA,NA,NA,NA,NA,0.5,BU,5,FALSE
BS-MT6-P40,Bactris setulosa,December 10 2025,XP219-PLR,2,B,3,B3,4,4,3,25,1,2.5,5,NA,NA,NA,NA,NA,NA,5,BS,6,FALSE
IS-MT4-P36,Inga silanchensis,May 19 2025,XP219-PLR,2,B,4,B4,4,4,2,25,30,2.5,2.5,NA,NA,NA,NA,NA,NA,10,IS,4,FALSE
BG-MT1-P51,Banara guianensis,October 14 2025,XP219-PLR,2,B,5,B5,19,8,5,0.5,0.5,0.5,0.5,5,1,0.5,1,NA,NA,0.5,BG,1,FALSE
AE-MT5-P29,Annona edulis,March 11 2026,XP219-PLR,2,B,6,B6,9,4,0,5,1,1,2.5,NA,NA,NA,NA,NA,NA,1,AE,5,FALSE
DC-MT5-P60,Dacryodes cupularis,October 14 2025,XP219-PLR,2,B,8,B8,3,0,2,NA,NA,NA,NA,NA,NA,NA,NA,NA,NA,0,DC,5,FALSE
CP-MT2-P39,Carapa guianensis,May 19 2025,XP219-PLR,2,B,9,B9,4,3,4,5,5,0.5,NA,NA,NA,NA,NA,NA,NA,1,CP,2,FALSE
EA-MT1-P11,Ecuadendron acosta-solisianum,December 10 2025,XP219-PLR,2,B,10,B10,7,5,1,5,2.5,5,5,2.5,NA,NA,NA,NA,NA,2.5,EA,1,FALSE
PG-MT5-P38,Pouruma guianensis,March 11 2026,XP219-PLR,2,B,11,B11,1,1,0,1,NA,NA,NA,NA,NA,NA,NA,NA,NA,1,PG,5,FALSE
CH-MT1-P56,Cecropia hispidissima,May 19 2025,XP219-PLR,2,B,12,B12,NA,NA,NA,NA,NA,NA,NA,NA,NA,NA,NA,NA,NA,NA,CH,1,FALSE
MC-MT2-P61,Miconia conocuatrecasasii,October 14 2025,XP219-PLR,2,B,14,B14,5,3,1,10,2.5,1,NA,NA,NA,NA,NA,NA,NA,2.5,MC,2,FALSE
BP-MT4-P8,Bauhinia pichinchensis,March 11 2026,XP219-PLR,2,B,15,B15,1,1,0,25,NA,NA,NA,NA,NA,NA,NA,NA,NA,25,BP,4,FALSE
IS-MT1-P21,Inga silanchensis,May 19 2025,XP219-PLR,2,C,1,C1,3,3,2,1,5,5,NA,NA,NA,NA,NA,NA,NA,2.5,IS,1,FALSE
CH-MT5-P11,Cecropia hispidissima,October 14 2025,XP219-PLR,2,C,2,C2,6,4,0,30,50,20,20,NA,NA,NA,NA,NA,NA,20,CH,5,FALSE
VB-MT5-P14,Vismia baccifera,March 11 2026,XP219-PLR,2,C,3,C3,6,4,0,1,0.5,2.5,1,1,NA,NA,NA,NA,NA,1,VB,5,FALSE
MC-MT1-P21,Miconia conocuatrecasasii,October 14 2025,XP219-PLR,2,C,4,C4,12,3,0,0.5,0.5,0.5,NA,NA,NA,NA,NA,NA,NA,0.5,MC,1,FALSE
PA-MT6-P18,Piper aduncum,May 19 2025,XP219-PLR,2,C,5,C5,18,4,8,2.5,5,10,1,NA,NA,NA,NA,NA,NA,0.5,PA,6,FALSE
EA-MT3-P21,Ecuadendron acosta-solisianum,May 19 2025,XP219-PLR,2,C,6,C6,16,9,13,25,5,0.5,1,1,0.5,1,0.5,1,NA,1,EA,3,FALSE
CP-MT5-P33,Carapa guianensis,October 14 2025,XP219-PLR,2,C,7,C7,3,3,2,2.5,5,5,NA,NA,NA,NA,NA,NA,NA,5,CP,5,FALSE
BP-MT1-P20,Bauhinia pichinchensis,March 11 2026,XP219-PLR,2,C,9,C9,1,1,0,10,NA,NA,NA,NA,NA,NA,NA,NA,NA,10,BP,1,FALSE
BU-MT3-P74,Brosimum utile,October 14 2025,XP219-PLR,2,C,10,C10,4,1,3,12.5,NA,NA,NA,NA,NA,NA,NA,NA,NA,2.5,BU,3,FALSE
OP-MT7-P25,Ochroma pyramidale,May 19 2025,XP219-PLR,2,C,11,C11,NA,NA,NA,NA,NA,NA,NA,NA,NA,NA,NA,NA,NA,NA,OP,7,FALSE
OP-MT9-P70,Ochroma pyramidale,December 10 2025,XP219-PLR,2,C,11,C11,NA,NA,NA,NA,NA,NA,NA,NA,NA,NA,NA,NA,NA,NA,OP,9,FALSE
PG-MT1-P70,Pouruma guianensis,March 11 2026,XP219-PLR,2,C,12,C12,4,2,0,15,0.5,NA,NA,NA,NA,NA,NA,NA,NA,2.5,PG,1,FALSE
DC-MT1-P71,Dacryodes cupularis,October 14 2025,XP219-PLR,2,C,13,C13,NA,NA,NA,NA,NA,NA,NA,NA,NA,NA,NA,NA,NA,NA,DC,1,FALSE
BS-MT1-P57,Bactris setulosa,December 10 2025,XP219-PLR,2,C,14,C14,1,1,0,50,NA,NA,NA,NA,NA,NA,NA,NA,NA,50,BS,1,FALSE
BG-MT4-P41,Banara guianensis,October 14 2025,XP219-PLR,2,C,15,C15,18,2,2,30,5,NA,NA,NA,NA,NA,NA,NA,NA,0.5,BG,4,FALSE
AE-MT2-P25,Annona edulis,March 11 2026,XP219-PLR,2,C,16,C16,3,1,0,25,NA,NA,NA,NA,NA,NA,NA,NA,NA,5,AE,2,FALSE
BP-MT3-P46,Bauhinia pichinchensis,March 11 2026,XP219-PLR,3,A,1,A1,1,1,0,30,NA,NA,NA,NA,NA,NA,NA,NA,NA,30,BP,3,FALSE
IS-MT3-P24,Inga silanchensis,April 2 2025,XP219-PLR,3,A,2,A2,NA,NA,NA,NA,NA,NA,NA,NA,NA,NA,NA,NA,NA,NA,IS,3,FALSE
IS-MT2-P66,Inga silanchensis,March 11 2026,XP219-PLR,3,A,2,A2,3,3,0,20,5,15,NA,NA,NA,NA,NA,NA,NA,15,IS,2,FALSE
BU-MT5-P40,Brosimum utile,October 14 2025,XP219-PLR,3,A,3,A3,6,2,5,5,0.5,NA,NA,NA,NA,NA,NA,NA,NA,0.5,BU,5,FALSE
VB-MT3-P11,Vismia baccifera,March 11 2026,XP219-PLR,3,A,4,A4,4,1,0,0.5,NA,NA,NA,NA,NA,NA,NA,NA,NA,0.5,VB,3,FALSE
EA-MT1-P105,Ecuadendron acosta-solisianum,March 11 2026,XP219-PLR,3,A,5,A5,NA,NA,NA,NA,NA,NA,NA,NA,NA,NA,NA,NA,NA,NA,EA,1,FALSE
BS-MT6-P18,Bactris setulosa,October 14 2025,XP219-PLR,3,A,6,A6,3,2,2,1,25,NA,NA,NA,NA,NA,NA,NA,NA,7.5,BS,6,FALSE
OP-MT6-P18,Ochroma pyramidale,May 19 2025,XP219-PLR,3,A,7,A7,NA,NA,NA,NA,NA,NA,NA,NA,NA,NA,NA,NA,NA,NA,OP,6,FALSE
MC-MT3-P29,Miconia conocuatrecasasii,October 14 2025,XP219-PLR,3,A,8,A8,6,3,0,25,0.5,0.5,NA,NA,NA,NA,NA,NA,NA,5,MC,3,FALSE
AE-MT1-P55,Annona edulis,March 11 2026,XP219-PLR,3,A,9,A9,NA,NA,NA,NA,NA,NA,NA,NA,NA,NA,NA,NA,NA,NA,AE,1,FALSE
BG-MT1-P13,Banara guianensis,October 14 2025,XP219-PLR,3,A,10,A10,7,1,0,20,NA,NA,NA,NA,NA,NA,NA,NA,NA,5,BG,1,FALSE
DC-MT2-P34,Dacryodes cupularis,March 11 2026,XP219-PLR,3,A,11,A11,1,1,0,1,NA,NA,NA,NA,NA,NA,NA,NA,NA,1,DC,2,FALSE
PG-MT3-P61,Pouruma guianensis,March 11 2026,XP219-PLR,3,A,12,A12,6,2,0,1,2.5,NA,NA,NA,NA,NA,NA,NA,NA,0.5,PG,3,FALSE
PA-MT7-P6,Piper aduncum,October 14 2025,XP219-PLR,3,A,14,A14,5,2,0,2.5,1,NA,NA,NA,NA,NA,NA,NA,NA,0.5,PA,7,FALSE
CP-MT5-P20,Carapa guianensis,October 14 2025,XP219-PLR,3,A,15,A15,5,5,4,5,0.5,10,5,2.5,NA,NA,NA,NA,NA,5,CP,5,FALSE
CH-MT3-P34,Cecropia hispidissima,October 14 2025,XP219-PLR,3,A,16,A16,1,1,0,50,NA,NA,NA,NA,NA,NA,NA,NA,NA,50,CH,3,FALSE
AE-MT4-P89,Annona edulis,March 11 2026,XP219-PLR,3,B,1,B1,8,5,0,1,40,5,25,10,NA,NA,NA,NA,NA,10,AE,4,FALSE
VB-MT1-P5,Vismia baccifera,October 14 2025,XP219-PLR,3,B,2,B2,NA,NA,NA,NA,NA,NA,NA,NA,NA,NA,NA,NA,NA,NA,VB,1,FALSE
CP-MT2-P51,Carapa guianensis,May 19 2025,XP219-PLR,3,B,3,B3,1,1,1,5,NA,NA,NA,NA,NA,NA,NA,NA,NA,5,CP,2,FALSE
PG-MT3-P4,Pouruma guianensis,March 11 2026,XP219-PLR,3,B,4,B4,5,2,0,1,1,NA,NA,NA,NA,NA,NA,NA,NA,0.5,PG,3,FALSE
BS-MT7-P23,Bactris setulosa,October 14 2025,XP219-PLR,3,B,5,B5,3,2,1,50,75,NA,NA,NA,NA,NA,NA,NA,NA,50,BS,7,FALSE
OP-MT7-P3,Ochroma pyramidale,May 19 2025,XP219-PLR,3,B,6,B6,NA,NA,NA,NA,NA,NA,NA,NA,NA,NA,NA,NA,NA,NA,OP,7,FALSE
BP-MT5-P44,Bauhinia pichinchensis,March 11 2026,XP219-PLR,3,B,7,B7,NA,NA,NA,NA,NA,NA,NA,NA,NA,NA,NA,NA,NA,NA,BP,5,FALSE
BU-MT3-P9,Brosimum utile,October 14 2025,XP219-PLR,3,B,8,B8,6,2,5,1,0.5,NA,NA,NA,NA,NA,NA,NA,NA,0.5,BU,3,FALSE
PA-MT6-P91,Piper aduncum,March 11 2026,XP219-PLR,3,B,9,B9,2,0,0,NA,NA,NA,NA,NA,NA,NA,NA,NA,NA,0,PA,6,FALSE
DC-MT3-P36,Dacryodes cupularis,October 14 2025,XP219-PLR,3,B,10,B10,NA,NA,NA,NA,NA,NA,NA,NA,NA,NA,NA,NA,NA,NA,DC,3,FALSE
IS-MT2-P72,Inga silanchensis,April 2 2025,XP219-PLR,3,B,11,B11,3,2,2,5,0.5,NA,NA,NA,NA,NA,NA,NA,NA,1,IS,2,FALSE
BG-MT3-P24,Banara guianensis,October 14 2025,XP219-PLR,3,B,12,B12,NA,NA,NA,NA,NA,NA,NA,NA,NA,NA,NA,NA,NA,NA,BG,3,FALSE
MC-MT1-P44,Miconia conocuatrecasasii,October 14 2025,XP219-PLR,3,B,13,B13,5,3,0,20,0.5,50,NA,NA,NA,NA,NA,NA,NA,20,MC,1,FALSE
EA-MT1-P27,Ecuadendron acosta-solisianum,December 10 2025,XP219-PLR,3,B,15,B15,2,2,1,10,2.5,NA,NA,NA,NA,NA,NA,NA,NA,5,EA,1,FALSE
CH-MT2-P12,Cecropia hispidissima,October 14 2025,XP219-PLR,3,B,16,B16,3,0,0,NA,NA,NA,NA,NA,NA,NA,NA,NA,NA,0,CH,2,FALSE
IS-MT5-P68,Inga silanchensis,April 2 2025,XP219-PLR,3,C,2,C2,2,1,2,20,NA,NA,NA,NA,NA,NA,NA,NA,NA,7.5,IS,5,FALSE
BP-MT2-P70,Bauhinia pichinchensis,March 11 2026,XP219-PLR,3,C,3,C3,1,1,0,0.5,NA,NA,NA,NA,NA,NA,NA,NA,NA,0.5,BP,2,FALSE
BS-MT7-P55,Bactris setulosa,December 10 2025,XP219-PLR,3,C,4,C4,2,2,2,5,1,NA,NA,NA,NA,NA,NA,NA,NA,2.5,BS,7,FALSE
CP-MT3-P19,Carapa guianensis,May 19 2025,XP219-PLR,3,C,5,C5,2,2,2,1,5,NA,NA,NA,NA,NA,NA,NA,NA,2.5,CP,3,FALSE
EA-MT2-P23,Ecuadendron acosta-solisianum,May 19 2025,XP219-PLR,3,C,6,C6,13,7,10,5,20,5,5,1,0.5,1,NA,NA,NA,2.5,EA,2,FALSE
VB-MT1-P22,Vismia baccifera,October 14 2025,XP219-PLR,3,C,7,C7,8,3,0,2.5,25,1,NA,NA,NA,NA,NA,NA,NA,0.5,VB,1,FALSE
OP-MT8-P33,Ochroma pyramidale,May 19 2025,XP219-PLR,3,C,8,C8,NA,NA,NA,NA,NA,NA,NA,NA,NA,NA,NA,NA,NA,NA,OP,8,FALSE
OP-MT7-P66,Ochroma pyramidale,December 10 2025,XP219-PLR,3,C,8,C8,NA,NA,NA,NA,NA,NA,NA,NA,NA,NA,NA,NA,NA,NA,OP,7,FALSE
BU-MT2-P7,Brosimum utile,October 14 2025,XP219-PLR,3,C,9,C9,4,1,2,2.5,NA,NA,NA,NA,NA,NA,NA,NA,NA,0.5,BU,2,FALSE
BG-MT5-P45,Banara guianensis,October 14 2025,XP219-PLR,3,C,11,C11,21,7,6,1,0.5,1,5,5,5,5,NA,NA,NA,0.5,BG,5,FALSE
AE-MT4-P21,Annona edulis,March 11 2026,XP219-PLR,3,C,13,C13,6,2,0,1,10,NA,NA,NA,NA,NA,NA,NA,NA,1,AE,4,FALSE
DC-MT3-P8,Dacryodes cupularis,October 14 2025,XP219-PLR,3,C,14,C14,3,3,2,10,1,0.5,NA,NA,NA,NA,NA,NA,NA,1,DC,3,FALSE
PG-MT2-P2,Pouruma guianensis,March 11 2026,XP219-PLR,3,C,15,C15,5,1,1,0.5,NA,NA,NA,NA,NA,NA,NA,NA,NA,0.5,PG,2,FALSE
CH-MT5-P45,Cecropia hispidissima,October 14 2025,XP219-PLR,3,C,16,C16,5,3,0,1,1,2.5,NA,NA,NA,NA,NA,NA,NA,1,CH,5,FALSE
OP-MT9-P47,Ochroma pyramidale,April 2 2025,XP219-PLR,4,A,1,A1,NA,NA,NA,NA,NA,NA,NA,NA,NA,NA,NA,NA,NA,NA,OP,9,FALSE
CP-MT1-P67,Carapa guianensis,October 14 2025,XP219-PLR,4,A,2,A2,6,5,3,5,1,1,0.5,10,NA,NA,NA,NA,NA,0.5,CP,1,FALSE
IS-MT5-P23,Inga silanchensis,April 2 2025,XP219-PLR,4,A,3,A3,1,1,0,35,NA,NA,NA,NA,NA,NA,NA,NA,NA,35,IS,5,FALSE
CH-MT4-P47,Cecropia hispidissima,October 14 2025,XP219-PLR,4,A,4,A4,2,1,0,0.5,NA,NA,NA,NA,NA,NA,NA,NA,NA,0.5,CH,4,FALSE
AE-MT1-P72,Annona edulis,March 11 2026,XP219-PLR,4,A,5,A5,7,5,0,12.5,0.5,0.5,0.5,1,NA,NA,NA,NA,NA,0.5,AE,1,FALSE
DC-MT1-P26,Dacryodes cupularis,October 14 2025,XP219-PLR,4,A,6,A6,NA,NA,NA,NA,NA,NA,NA,NA,NA,NA,NA,NA,NA,NA,DC,1,FALSE
BU-MT2-P43,Brosimum utile,October 14 2025,XP219-PLR,4,A,7,A7,1,0,1,NA,NA,NA,NA,NA,NA,NA,NA,NA,NA,0,BU,2,FALSE
PA-MT3-P32,Piper aduncum,April 2 2025,XP219-PLR,4,A,8,A8,4,1,0,0.5,NA,NA,NA,NA,NA,NA,NA,NA,NA,0.5,PA,3,FALSE
BP-MT1-P4,Bauhinia pichinchensis,March 11 2026,XP219-PLR,4,A,9,A9,NA,NA,NA,NA,NA,NA,NA,NA,NA,NA,NA,NA,NA,NA,BP,1,FALSE
EA-MT5-P59,Ecuadendron acosta-solisianum,December 10 2025,XP219-PLR,4,A,11,A11,NA,NA,NA,NA,NA,NA,NA,NA,NA,NA,NA,NA,NA,NA,EA,5,FALSE
PG-MT1-P15,Pouruma guianensis,March 11 2026,XP219-PLR,4,A,12,A12,3,1,0,0.5,NA,NA,NA,NA,NA,NA,NA,NA,NA,0.5,PG,1,FALSE
VB-MT2-P42,Vismia baccifera,March 11 2026,XP219-PLR,4,A,13,A13,1,0,0,NA,NA,NA,NA,NA,NA,NA,NA,NA,NA,0,VB,2,FALSE
BS-MT5-P14,Bactris setulosa,October 14 2025,XP219-PLR,4,A,14,A14,2,2,1,45,0.5,NA,NA,NA,NA,NA,NA,NA,NA,22.5,BS,5,FALSE
BG-MT2-P55,Banara guianensis,October 14 2025,XP219-PLR,4,A,15,A15,NA,NA,NA,NA,NA,NA,NA,NA,NA,NA,NA,NA,NA,NA,BG,2,FALSE
DC-MT4-P46,Dacryodes cupularis,October 14 2025,XP219-PLR,4,B,1,B1,NA,NA,NA,NA,NA,NA,NA,NA,NA,NA,NA,NA,NA,NA,DC,4,FALSE
AE-MT3-P41,Annona edulis,March 11 2026,XP219-PLR,4,B,2,B2,7,5,1,0.5,0.5,0.5,25,20,NA,NA,NA,NA,NA,2.5,AE,3,FALSE
PG-MT2-P33,Pouruma guianensis,March 11 2026,XP219-PLR,4,B,4,B4,5,0,1,NA,NA,NA,NA,NA,NA,NA,NA,NA,NA,0,PG,2,FALSE
BG-MT5-P82,Banara guianensis,October 14 2025,XP219-PLR,4,B,5,B5,22,3,0,0.5,1,0.5,NA,NA,NA,NA,NA,NA,NA,0.5,BG,5,FALSE
OP-MT6-P4,Ochroma pyramidale,May 19 2025,XP219-PLR,4,B,6,B6,NA,NA,NA,NA,NA,NA,NA,NA,NA,NA,NA,NA,NA,NA,OP,6,FALSE
OP-MT2-P78,Ochroma pyramidale,December 10 2025,XP219-PLR,4,B,6,B6,NA,NA,NA,NA,NA,NA,NA,NA,NA,NA,NA,NA,NA,NA,OP,2,FALSE
IS-MT2-P15,Inga silanchensis,December 10 2025,XP219-PLR,4,B,7,B7,3,3,2,10,10,15,NA,NA,NA,NA,NA,NA,NA,12.5,IS,2,FALSE
CP-MT5-P17,Carapa guianensis,October 14 2025,XP219-PLR,4,B,8,B8,NA,NA,NA,NA,NA,NA,NA,NA,NA,NA,NA,NA,NA,NA,CP,5,FALSE
EA-MT5-P12,Ecuadendron acosta-solisianum,December 10 2025,XP219-PLR,4,B,10,B10,16,4,0,1,1,0.5,1,NA,NA,NA,NA,NA,NA,0.5,EA,5,FALSE
BP-MT2-P7,Bauhinia pichinchensis,March 11 2026,XP219-PLR,4,B,11,B11,1,0,0,NA,NA,NA,NA,NA,NA,NA,NA,NA,NA,0,BP,2,FALSE
PA-MT6-P31,Piper aduncum,May 19 2025,XP219-PLR,4,B,12,B12,5,1,0,20,NA,NA,NA,NA,NA,NA,NA,NA,NA,5,PA,6,FALSE
BS-MT1-P69,Bactris setulosa,December 10 2025,XP219-PLR,4,B,13,B13,3,2,2,25,5,NA,NA,NA,NA,NA,NA,NA,NA,10,BS,1,FALSE
VB-MT4-P29,Vismia baccifera,March 11 2026,XP219-PLR,4,B,14,B14,2,1,0,5,NA,NA,NA,NA,NA,NA,NA,NA,NA,2.5,VB,4,FALSE
BU-MT4-P50,Brosimum utile,October 14 2025,XP219-PLR,4,B,15,B15,6,0,5,NA,NA,NA,NA,NA,NA,NA,NA,NA,NA,0,BU,4,FALSE
CH-MT2-P62,Cecropia hispidissima,October 14 2025,XP219-PLR,4,B,16,B16,NA,NA,NA,NA,NA,NA,NA,NA,NA,NA,NA,NA,NA,NA,CH,2,FALSE
BU-MT1-P25,Brosimum utile,May 19 2025,XP219-PLR,4,C,1,C1,6,0,5,NA,NA,NA,NA,NA,NA,NA,NA,NA,NA,0,BU,1,FALSE
CP-MT4-P63,Carapa guianensis,May 19 2025,XP219-PLR,4,C,2,C2,0,0,0,NA,NA,NA,NA,NA,NA,NA,NA,NA,NA,0,CP,4,FALSE
PG-MT5-P51,Pouruma guianensis,March 11 2026,XP219-PLR,4,C,3,C3,2,1,1,5,NA,NA,NA,NA,NA,NA,NA,NA,NA,2.5,PG,5,FALSE
VB-MT3-P93,Vismia baccifera,March 11 2026,XP219-PLR,4,C,5,C5,8,4,0,50,50,20,5,NA,NA,NA,NA,NA,NA,30,VB,3,FALSE
BS-MT5-P41,Bactris setulosa,December 10 2025,XP219-PLR,4,C,6,C6,1,1,1,2.5,NA,NA,NA,NA,NA,NA,NA,NA,NA,2.5,BS,5,FALSE
EA-MT1-P79,Ecuadendron acosta-solisianum,March 11 2026,XP219-PLR,4,C,7,C7,4,4,0,0.5,0.5,1,2.5,NA,NA,NA,NA,NA,NA,0.5,EA,1,FALSE
IS-MT4-P54,Inga silanchensis,May 19 2025,XP219-PLR,4,C,8,C8,2,1,1,1,NA,NA,NA,NA,NA,NA,NA,NA,NA,0.5,IS,4,FALSE
DC-MT2-P22,Dacryodes cupularis,March 11 2026,XP219-PLR,4,C,9,C9,0,0,0,NA,NA,NA,NA,NA,NA,NA,NA,NA,NA,0,DC,2,FALSE
BG-MT3-P58,Banara guianensis,October 14 2025,XP219-PLR,4,C,10,C10,28,2,0,1,10,NA,NA,NA,NA,NA,NA,NA,NA,0.5,BG,3,FALSE
AE-MT5-P47,Annona edulis,March 11 2026,XP219-PLR,4,C,11,C11,5,0,0,NA,NA,NA,NA,NA,NA,NA,NA,NA,NA,0,AE,5,FALSE
MC-MT2-P30,Miconia conocuatrecasasii,October 14 2025,XP219-PLR,4,C,12,C12,3,1,0,55,NA,NA,NA,NA,NA,NA,NA,NA,NA,50,MC,2,FALSE
CH-MT4-P7,Cecropia hispidissima,October 14 2025,XP219-PLR,4,C,13,C13,4,2,1,10,5,NA,NA,NA,NA,NA,NA,NA,NA,2.5,CH,4,FALSE
BP-MT2-P67,Bauhinia pichinchensis,March 11 2026,XP219-PLR,4,C,16,C16,2,2,0,70,15,NA,NA,NA,NA,NA,NA,NA,NA,50,BP,2,FALSE
PG-MT4-P16,Pouruma guianensis,March 11 2026,XP219-PLR,5,A,1,A1,NA,NA,NA,NA,NA,NA,NA,NA,NA,NA,NA,NA,NA,NA,PG,4,FALSE
VB-MT4-P30,Vismia baccifera,March 11 2026,XP219-PLR,5,A,2,A2,NA,NA,NA,NA,NA,NA,NA,NA,NA,NA,NA,NA,NA,NA,VB,4,FALSE
BG-MT2-P6,Banara guianensis,October 14 2025,XP219-PLR,5,A,4,A4,NA,NA,NA,NA,NA,NA,NA,NA,NA,NA,NA,NA,NA,NA,BG,2,FALSE
DC-MT5-P28,Dacryodes cupularis,October 14 2025,XP219-PLR,5,A,5,A5,NA,NA,NA,NA,NA,NA,NA,NA,NA,NA,NA,NA,NA,NA,DC,5,FALSE
BS-MT5-P85,Bactris setulosa,March 11 2026,XP219-PLR,5,A,7,A7,NA,NA,NA,NA,NA,NA,NA,NA,NA,NA,NA,NA,NA,NA,BS,5,FALSE
AE-MT3-P85,Annona edulis,March 11 2026,XP219-PLR,5,A,9,A9,NA,NA,NA,NA,NA,NA,NA,NA,NA,NA,NA,NA,NA,NA,AE,3,FALSE
IS-MT3-P109,Inga silanchensis,March 11 2026,XP219-PLR,5,A,11,A11,NA,NA,NA,NA,NA,NA,NA,NA,NA,NA,NA,NA,NA,NA,IS,3,FALSE
BP-MT3-P54,Bauhinia pichinchensis,March 11 2026,XP219-PLR,5,A,15,A15,NA,NA,NA,NA,NA,NA,NA,NA,NA,NA,NA,NA,NA,NA,BP,3,FALSE
EA-MT4-P46,Ecuadendron acosta-solisianum,March 11 2026,XP219-PLR,5,A,16,A16,NA,NA,NA,NA,NA,NA,NA,NA,NA,NA,NA,NA,NA,NA,EA,4,FALSE
IS-MT3-P80,Inga silanchensis,December 10 2025,XP219-PLR,5,B,1,B1,NA,NA,NA,NA,NA,NA,NA,NA,NA,NA,NA,NA,NA,NA,IS,3,FALSE
BP-MT4-P1,Bauhinia pichinchensis,March 11 2026,XP219-PLR,5,B,4,B4,NA,NA,NA,NA,NA,NA,NA,NA,NA,NA,NA,NA,NA,NA,BP,4,FALSE
AE-MT1-P26,Annona edulis,March 11 2026,XP219-PLR,5,B,5,B5,NA,NA,NA,NA,NA,NA,NA,NA,NA,NA,NA,NA,NA,NA,AE,1,FALSE
PG-MT2-P42,Pouruma guianensis,March 11 2026,XP219-PLR,5,B,7,B7,NA,NA,NA,NA,NA,NA,NA,NA,NA,NA,NA,NA,NA,NA,PG,2,FALSE
CH-MT3-P88,Cecropia hispidissima,October 14 2025,XP219-PLR,5,B,9,B9,NA,NA,NA,NA,NA,NA,NA,NA,NA,NA,NA,NA,NA,NA,CH,3,FALSE
BG-MT4-P26,Banara guianensis,October 14 2025,XP219-PLR,5,B,10,B10,NA,NA,NA,NA,NA,NA,NA,NA,NA,NA,NA,NA,NA,NA,BG,4,FALSE
VB-MT4-P54,Vismia baccifera,March 11 2026,XP219-PLR,5,B,12,B12,NA,NA,NA,NA,NA,NA,NA,NA,NA,NA,NA,NA,NA,NA,VB,4,FALSE
DC-MT4-P11,Dacryodes cupularis,October 14 2025,XP219-PLR,5,B,16,B16,NA,NA,NA,NA,NA,NA,NA,NA,NA,NA,NA,NA,NA,NA,DC,4,FALSE
BU-MT5-P1,Brosimum utile,October 14 2025,XP219-PLR,5,C,2,C2,NA,NA,NA,NA,NA,NA,NA,NA,NA,NA,NA,NA,NA,NA,BU,5,FALSE
DC-MT1-P9,Dacryodes cupularis,October 14 2025,XP219-PLR,5,C,3,C3,NA,NA,NA,NA,NA,NA,NA,NA,NA,NA,NA,NA,NA,NA,DC,1,FALSE
AE-MT4-P31,Annona edulis,March 11 2026,XP219-PLR,5,C,4,C4,NA,NA,NA,NA,NA,NA,NA,NA,NA,NA,NA,NA,NA,NA,AE,4,FALSE
VB-MT4-P12,Vismia baccifera,March 11 2026,XP219-PLR,5,C,5,C5,NA,NA,NA,NA,NA,NA,NA,NA,NA,NA,NA,NA,NA,NA,VB,4,FALSE
BG-MT5-P54,Banara guianensis,October 14 2025,XP219-PLR,5,C,7,C7,NA,NA,NA,NA,NA,NA,NA,NA,NA,NA,NA,NA,NA,NA,BG,5,FALSE
BP-MT3-P26,Bauhinia pichinchensis,March 11 2026,XP219-PLR,5,C,8,C8,NA,NA,NA,NA,NA,NA,NA,NA,NA,NA,NA,NA,NA,NA,BP,3,FALSE
EA-MT2-P39,Ecuadendron acosta-solisianum,March 11 2026,XP219-PLR,5,C,11,C11,NA,NA,NA,NA,NA,NA,NA,NA,NA,NA,NA,NA,NA,NA,EA,2,FALSE
CH-MT5-P30,Cecropia hispidissima,October 14 2025,XP219-PLR,5,C,12,C12,NA,NA,NA,NA,NA,NA,NA,NA,NA,NA,NA,NA,NA,NA,CH,5,FALSE
CP-MT5-P57,Carapa guianensis,October 14 2025,XP219-PLR,5,C,15,C15,NA,NA,NA,NA,NA,NA,NA,NA,NA,NA,NA,NA,NA,NA,CP,5,FALSE
PG-MT5-P75,Pouruma guianensis,March 11 2026,XP219-PLR,5,C,16,C16,NA,NA,NA,NA,NA,NA,NA,NA,NA,NA,NA,NA,NA,NA,PG,5,FALSE
CH-MT2-P16,Cecropia hispidissima,August 20 2025,XP222-OG,1,A,2,A2,NA,NA,NA,NA,NA,NA,NA,NA,NA,NA,NA,NA,NA,NA,CH,2,FALSE
CP-MT3-P37,Carapa guianensis,May 21 2025,XP222-OG,1,A,4,A4,2,2,2,7.5,2.5,NA,NA,NA,NA,NA,NA,NA,NA,5,CP,3,FALSE
BS-MT6-P23,Bactris setulosa,August 20 2025,XP222-OG,1,A,5,A5,NA,NA,NA,NA,NA,NA,NA,NA,NA,NA,NA,NA,NA,NA,BS,6,FALSE
EA-MT2-P37,Ecuadendron acosta-solisianum,February 4 2026,XP222-OG,1,A,8,A8,15,14,0,0.5,0.5,10,25,1,40,7.5,25,1,0.5,5,EA,2,FALSE
PG-MT3-P35,Pouruma guianensis,February 4 2026,XP222-OG,1,A,9,A9,3,2,1,2.5,45,NA,NA,NA,NA,NA,NA,NA,NA,15,PG,3,FALSE
BU-MT3-P69,Brosimum utile,August 20 2025,XP222-OG,1,A,10,A10,3,2,2,0.5,0.5,NA,NA,NA,NA,NA,NA,NA,NA,0.5,BU,3,FALSE
OP-MT9-P62,Ochroma pyramidale,November 20 2025,XP222-OG,1,A,12,A12,NA,NA,NA,NA,NA,NA,NA,NA,NA,NA,NA,NA,NA,NA,OP,9,FALSE
AE-MT4-P65,Annona edulis,February 4 2026,XP222-OG,1,A,13,A13,2,2,0,0.5,1,NA,NA,NA,NA,NA,NA,NA,NA,0.5,AE,4,FALSE
BG-MT1-P77,Banara guianensis,August 20 2025,XP222-OG,1,A,14,A14,NA,NA,NA,NA,NA,NA,NA,NA,NA,NA,NA,NA,NA,NA,BG,1,FALSE
DC-MT1-P80,Dacryodes cupularis,August 20 2025,XP222-OG,1,A,15,A15,5,5,4,45,15,10,10,50,NA,NA,NA,NA,NA,20,DC,1,FALSE
BP-MT3-P8,Bauhinia pichinchensis,February 4 2026,XP222-OG,1,A,16,A16,2,1,2,25,NA,NA,NA,NA,NA,NA,NA,NA,NA,10,BP,3,FALSE
EA-MT5-P86,Ecuadendron acosta-solisianum,February 4 2026,XP222-OG,1,B,2,B2,10,7,0,2.5,1,0.5,1,5,0.5,2.5,NA,NA,NA,1,EA,5,FALSE
BG-MT3-P53,Banara guianensis,August 20 2025,XP222-OG,1,B,3,B3,12,4,0,30,0.5,0.5,0.5,NA,NA,NA,NA,NA,NA,1,BG,3,FALSE
BS-MT6-P42,Bactris setulosa,November 20 2025,XP222-OG,1,B,4,B4,3,1,0,50,NA,NA,NA,NA,NA,NA,NA,NA,NA,10,BS,6,FALSE
CH-MT1-P39,Cecropia hispidissima,May 21 2025,XP222-OG,1,B,5,B5,NA,NA,NA,NA,NA,NA,NA,NA,NA,NA,NA,NA,NA,NA,CH,1,FALSE
CH-MT3-P80,Cecropia hispidissima,February 4 2026,XP222-OG,1,B,5,B5,2,1,0,2.5,NA,NA,NA,NA,NA,NA,NA,NA,NA,2.5,CH,3,FALSE
BP-MT4-P47,Bauhinia pichinchensis,February 4 2026,XP222-OG,1,B,6,B6,1,1,0,0.5,NA,NA,NA,NA,NA,NA,NA,NA,NA,0.5,BP,4,FALSE
AE-MT3-P69,Annona edulis,February 4 2026,XP222-OG,1,B,9,B9,5,4,2,20,2.5,5,5,NA,NA,NA,NA,NA,NA,7.5,AE,3,FALSE
VB-MT5-P17,Vismia baccifera,February 4 2026,XP222-OG,1,B,10,B10,4,2,0,2.5,2.5,NA,NA,NA,NA,NA,NA,NA,NA,1,VB,5,FALSE
PG-MT4-P19,Pouruma guianensis,February 4 2026,XP222-OG,1,B,11,B11,2,2,0,1,0.5,NA,NA,NA,NA,NA,NA,NA,NA,0.5,PG,4,FALSE
BU-MT2-P27,Brosimum utile,August 20 2025,XP222-OG,1,B,12,B12,4,2,4,0.5,0.5,NA,NA,NA,NA,NA,NA,NA,NA,0.5,BU,2,FALSE
CP-MT1-P50,Carapa guianensis,August 20 2025,XP222-OG,1,B,14,B14,3,3,2,1,1,1,NA,NA,NA,NA,NA,NA,NA,1,CP,1,FALSE
DC-MT3-P32,Dacryodes cupularis,August 20 2025,XP222-OG,1,B,16,B16,6,5,5,1,5,0.5,2.5,2.5,NA,NA,NA,NA,NA,2.5,DC,3,FALSE
PG-MT3-P52,Pouruma guianensis,February 4 2026,XP222-OG,1,C,2,C2,2,2,0,0.5,1,NA,NA,NA,NA,NA,NA,NA,NA,0.5,PG,3,FALSE
DC-MT3-P47,Dacryodes cupularis,August 20 2025,XP222-OG,1,C,6,C6,4,4,3,1,0.5,5,0.5,NA,NA,NA,NA,NA,NA,1,DC,3,FALSE
BG-MT2-P53,Banara guianensis,August 20 2025,XP222-OG,1,C,7,C7,NA,NA,NA,NA,NA,NA,NA,NA,NA,NA,NA,NA,NA,NA,BG,2,FALSE
BG-MT1-P1,Banara guianensis,February 4 2026,XP222-OG,1,C,7,C7,1,1,0,0.5,NA,NA,NA,NA,NA,NA,NA,NA,NA,0.5,BG,1,FALSE
BS-MT1-P54,Bactris setulosa,November 20 2025,XP222-OG,1,C,8,C8,4,2,0,50,0.5,NA,NA,NA,NA,NA,NA,NA,NA,25,BS,1,FALSE
CP-MT4-P2,Carapa guianensis,May 21 2025,XP222-OG,1,C,11,C11,2,2,2,0.5,20,NA,NA,NA,NA,NA,NA,NA,NA,15,CP,4,FALSE
CH-MT1-P26,Cecropia hispidissima,May 21 2025,XP222-OG,1,C,12,C12,NA,NA,NA,NA,NA,NA,NA,NA,NA,NA,NA,NA,NA,NA,CH,1,FALSE
BP-MT5-P19,Bauhinia pichinchensis,February 4 2026,XP222-OG,1,C,13,C13,2,1,0,0.5,NA,NA,NA,NA,NA,NA,NA,NA,NA,1,BP,5,FALSE
BU-MT2-P3,Brosimum utile,August 20 2025,XP222-OG,1,C,14,C14,NA,NA,NA,NA,NA,NA,NA,NA,NA,NA,NA,NA,NA,NA,BU,2,FALSE
AE-MT3-P10,Annona edulis,February 4 2026,XP222-OG,1,C,15,C15,7,7,3,0.5,2.5,25,0.5,5,2.5,2.5,NA,NA,NA,2.5,AE,3,FALSE
CP-MT2-P38,Carapa guianensis,May 21 2025,XP222-OG,2,A,1,A1,4,4,3,50,2.5,10,50,NA,NA,NA,NA,NA,NA,45,CP,2,FALSE
BP-MT3-P25,Bauhinia pichinchensis,February 4 2026,XP222-OG,2,A,3,A3,5,3,0,5,70,1,20,NA,NA,NA,NA,NA,NA,20,BP,3,FALSE
BU-MT1-P72,Brosimum utile,May 21 2025,XP222-OG,2,A,4,A4,3,1,3,0.5,NA,NA,NA,NA,NA,NA,NA,NA,NA,0.5,BU,1,FALSE
CH-MT5-P65,Cecropia hispidissima,August 20 2025,XP222-OG,2,A,5,A5,5,3,NA,10,10,NA,NA,NA,NA,NA,NA,NA,NA,10,CH,5,FALSE
EA-MT5-P28,Ecuadendron acosta-solisianum,November 20 2025,XP222-OG,2,A,6,A6,15,10,12,2.5,5,1,10,2.5,2.5,5,2.5,10,0.5,2.5,EA,5,FALSE
PG-MT5-P23,Pouruma guianensis,February 4 2026,XP222-OG,2,A,7,A7,3,3,0,2.5,1,0.5,NA,NA,NA,NA,NA,NA,NA,1,PG,5,FALSE
IS-MT5-P34,Inga silanchensis,November 20 2025,XP222-OG,2,A,8,A8,2,2,1,25,5,NA,NA,NA,NA,NA,NA,NA,NA,10,IS,5,FALSE
VB-MT3-P69,Vismia baccifera,February 4 2026,XP222-OG,2,A,9,A9,1,0,0,NA,NA,NA,NA,NA,NA,NA,NA,NA,NA,0,VB,3,FALSE
OP-MT9-P10,Ochroma pyramidale,November 20 2025,XP222-OG,2,A,10,A10,5,4,1,60,5,50,10,NA,NA,NA,NA,NA,NA,20,OP,9,FALSE
BG-MT4-P73,Banara guianensis,August 20 2025,XP222-OG,2,A,11,A11,NA,NA,NA,NA,NA,NA,NA,NA,NA,NA,NA,NA,NA,NA,BG,4,FALSE
AE-MT2-P47,Annona edulis,February 4 2026,XP222-OG,2,A,14,A14,2,2,0,5,10,NA,NA,NA,NA,NA,NA,NA,NA,7.5,AE,2,FALSE
BS-MT5-P61,Bactris setulosa,November 20 2025,XP222-OG,2,A,16,A16,4,3,3,55,0.5,5,NA,NA,NA,NA,NA,NA,NA,10,BS,5,FALSE
BS-MT1-P55,Bactris setulosa,November 20 2025,XP222-OG,2,B,1,B1,4,4,2,2.5,55,10,5,NA,NA,NA,NA,NA,NA,15,BS,1,FALSE
BG-MT3-P42,Banara guianensis,August 20 2025,XP222-OG,2,B,2,B2,20,5,0,20,0.5,0.5,1,0.5,NA,NA,NA,NA,NA,1,BG,3,FALSE
OP-MT9-P69,Ochroma pyramidale,November 20 2025,XP222-OG,2,B,3,B3,NA,NA,NA,NA,NA,NA,NA,NA,NA,NA,NA,NA,NA,NA,OP,9,FALSE
PG-MT5-P50,Pouruma guianensis,February 4 2026,XP222-OG,2,B,4,B4,5,2,3,1,5,NA,NA,NA,NA,NA,NA,NA,NA,1,PG,5,FALSE
IS-MT5-P58,Inga silanchensis,November 20 2025,XP222-OG,2,B,5,B5,3,3,2,1,1,2.5,NA,NA,NA,NA,NA,NA,NA,1,IS,5,FALSE
BU-MT4-P82,Brosimum utile,August 20 2025,XP222-OG,2,B,7,B7,NA,NA,NA,NA,NA,NA,NA,NA,NA,NA,NA,NA,NA,NA,BU,4,FALSE
VB-MT5-P22,Vismia baccifera,February 4 2026,XP222-OG,2,B,8,B8,4,4,2,0.5,1,5,5,NA,NA,NA,NA,NA,NA,5,VB,5,FALSE
CP-MT2-P56,Carapa guianensis,May 21 2025,XP222-OG,2,B,9,B9,4,4,4,20,30,40,10,NA,NA,NA,NA,NA,NA,20,CP,2,FALSE
AE-MT1-P3,Annona edulis,February 4 2026,XP222-OG,2,B,10,B10,8,2,5,1,0.5,NA,NA,NA,NA,NA,NA,NA,NA,0.5,AE,1,FALSE
CH-MT4-P45,Cecropia hispidissima,August 20 2025,XP222-OG,2,B,11,B11,4,4,3,10,15,2.5,45,NA,NA,NA,NA,NA,NA,7.5,CH,4,FALSE
DC-MT2-P28,Dacryodes cupularis,August 20 2025,XP222-OG,2,B,12,B12,NA,NA,NA,NA,NA,NA,NA,NA,NA,NA,NA,NA,NA,NA,DC,2,FALSE
PA-MT7-P60,Piper aduncum,February 4 2026,XP222-OG,2,B,13,B13,6,6,0,0.5,70,20,20,1,50,NA,NA,NA,NA,15,PA,7,FALSE
EA-MT5-P70,Ecuadendron acosta-solisianum,November 20 2025,XP222-OG,2,B,14,B14,15,14,6,50,40,75,50,4,10,10,5,5,2.5,10,EA,5,FALSE
BP-MT2-P32,Bauhinia pichinchensis,February 4 2026,XP222-OG,2,B,16,B16,5,4,0,0.5,1,15,10,NA,NA,NA,NA,NA,NA,2.5,BP,2,FALSE
BS-MT1-P17,Bactris setulosa,August 20 2025,XP222-OG,2,C,1,C1,2,2,2,50,1,NA,NA,NA,NA,NA,NA,NA,NA,25,BS,1,FALSE
VB-MT2-P25,Vismia baccifera,February 4 2026,XP222-OG,2,C,2,C2,0,0,0,NA,NA,NA,NA,NA,NA,NA,NA,NA,NA,0,VB,2,FALSE
AE-MT5-P39,Annona edulis,February 4 2026,XP222-OG,2,C,3,C3,7,5,2,2.5,2.5,0.5,1,1,NA,NA,NA,NA,NA,1,AE,5,FALSE
DC-MT5-P21,Dacryodes cupularis,August 20 2025,XP222-OG,2,C,5,C5,4,3,3,15,40,10,NA,NA,NA,NA,NA,NA,NA,15,DC,5,FALSE
CP-MT3-P34,Carapa guianensis,May 21 2025,XP222-OG,2,C,8,C8,NA,NA,NA,NA,NA,NA,NA,NA,NA,NA,NA,NA,NA,NA,CP,3,FALSE
BP-MT1-P29,Bauhinia pichinchensis,February 4 2026,XP222-OG,2,C,9,C9,NA,NA,NA,NA,NA,NA,NA,NA,NA,NA,NA,NA,NA,NA,BP,1,FALSE
BU-MT5-P39,Brosimum utile,August 20 2025,XP222-OG,2,C,11,C11,6,1,5,0.5,NA,NA,NA,NA,NA,NA,NA,NA,NA,0.5,BU,5,FALSE
BG-MT1-P94,Banara guianensis,August 20 2025,XP222-OG,2,C,13,C13,19,12,7,0.5,1,5,5,7.5,1,25,5,25,30,7.5,BG,1,FALSE
EA-MT2-P34,Ecuadendron acosta-solisianum,February 4 2026,XP222-OG,2,C,14,C14,17,14,7,1,0.5,1,50,2.5,15,20,1,5,1,5,EA,2,FALSE
PG-MT2-P15,Pouruma guianensis,February 4 2026,XP222-OG,2,C,16,C16,3,3,2,20,1,15,NA,NA,NA,NA,NA,NA,NA,10,PG,2,FALSE
CP-MT4-P21,Carapa guianensis,May 21 2025,XP222-OG,3,A,1,A1,NA,NA,NA,NA,NA,NA,NA,NA,NA,NA,NA,NA,NA,NA,CP,4,FALSE
VB-MT3-P40,Vismia baccifera,February 4 2026,XP222-OG,3,A,2,A2,2,0,0,NA,NA,NA,NA,NA,NA,NA,NA,NA,NA,0,VB,3,FALSE
BS-MT1-P75,Bactris setulosa,November 20 2025,XP222-OG,3,A,3,A3,3,2,1,50,0.5,NA,NA,NA,NA,NA,NA,NA,NA,15,BS,1,FALSE
BP-MT2-P51,Bauhinia pichinchensis,February 4 2026,XP222-OG,3,A,4,A4,3,2,0,10,15,NA,NA,NA,NA,NA,NA,NA,NA,10,BP,2,FALSE
CH-MT3-P57,Cecropia hispidissima,August 20 2025,XP222-OG,3,A,7,A7,NA,NA,NA,NA,NA,NA,NA,NA,NA,NA,NA,NA,NA,NA,CH,3,FALSE
EA-MT1-P47,Ecuadendron acosta-solisianum,November 20 2025,XP222-OG,3,A,9,A9,4,1,0,20,NA,NA,NA,NA,NA,NA,NA,NA,NA,5,EA,1,FALSE
AE-MT2-P22,Annona edulis,February 4 2026,XP222-OG,3,A,11,A11,8,5,4,2.5,25,1,5,0.5,NA,NA,NA,NA,NA,5,AE,2,FALSE
BU-MT4-P25,Brosimum utile,August 20 2025,XP222-OG,3,A,12,A12,5,2,4,0.5,50,NA,NA,NA,NA,NA,NA,NA,NA,7.5,BU,4,FALSE
BG-MT4-P67,Banara guianensis,August 20 2025,XP222-OG,3,A,14,A14,NA,NA,NA,NA,NA,NA,NA,NA,NA,NA,NA,NA,NA,NA,BG,4,FALSE
BG-MT1-P47,Banara guianensis,February 4 2026,XP222-OG,3,A,14,A14,5,2,0,0.5,0.5,NA,NA,NA,NA,NA,NA,NA,NA,0.5,BG,1,FALSE
PG-MT1-P8,Pouruma guianensis,February 4 2026,XP222-OG,3,A,15,A15,1,1,0,2.5,NA,NA,NA,NA,NA,NA,NA,NA,NA,2.5,PG,1,FALSE
DC-MT3-P40,Dacryodes cupularis,February 4 2026,XP222-OG,3,A,16,A16,2,2,1,1,2.5,NA,NA,NA,NA,NA,NA,NA,NA,1,DC,3,FALSE
CP-MT5-P31,Carapa guianensis,August 20 2025,XP222-OG,3,B,1,B1,4,4,3,10,50,5,NA,NA,NA,NA,NA,NA,NA,20,CP,5,FALSE
BP-MT4-P19,Bauhinia pichinchensis,February 4 2026,XP222-OG,3,B,2,B2,2,2,0,10,15,NA,NA,NA,NA,NA,NA,NA,NA,12.5,BP,4,FALSE
BU-MT3-P3,Brosimum utile,August 20 2025,XP222-OG,3,B,3,B3,2,1,2,0.5,NA,NA,NA,NA,NA,NA,NA,NA,NA,0.5,BU,3,FALSE
VB-MT4-P67,Vismia baccifera,February 4 2026,XP222-OG,3,B,4,B4,NA,NA,NA,NA,NA,NA,NA,NA,NA,NA,NA,NA,NA,NA,VB,4,FALSE
OP-MT6-P60,Ochroma pyramidale,February 4 2026,XP222-OG,3,B,5,B5,6,3,0,10,20,50,NA,NA,NA,NA,NA,NA,NA,15,OP,6,FALSE
PG-MT4-P14,Pouruma guianensis,February 4 2026,XP222-OG,3,B,6,B6,0,0,0,NA,NA,NA,NA,NA,NA,NA,NA,NA,NA,0,PG,4,FALSE
CH-MT3-P43,Cecropia hispidissima,August 20 2025,XP222-OG,3,B,7,B7,4,1,0,10,NA,NA,NA,NA,NA,NA,NA,NA,NA,5,CH,3,FALSE
BG-MT2-P26,Banara guianensis,August 20 2025,XP222-OG,3,B,8,B8,NA,NA,NA,NA,NA,NA,NA,NA,NA,NA,NA,NA,NA,NA,BG,2,FALSE
AE-MT2-P18,Annona edulis,February 4 2026,XP222-OG,3,B,9,B9,2,2,0,10,25,NA,NA,NA,NA,NA,NA,NA,NA,15,AE,2,FALSE
DC-MT5-P61,Dacryodes cupularis,August 20 2025,XP222-OG,3,B,10,B10,NA,NA,NA,NA,NA,NA,NA,NA,NA,NA,NA,NA,NA,NA,DC,5,FALSE
BS-MT5-P19,Bactris setulosa,August 20 2025,XP222-OG,3,B,13,B13,1,1,0,2.5,NA,NA,NA,NA,NA,NA,NA,NA,NA,2.5,BS,5,FALSE
EA-MT1-P74,Ecuadendron acosta-solisianum,November 20 2025,XP222-OG,3,B,15,B15,19,13,2,7.5,5,2.5,1,15,0.5,5,0.5,50,5,5,EA,1,FALSE
PG-MT3-P27,Pouruma guianensis,February 4 2026,XP222-OG,3,C,4,C4,3,3,0,0.5,0.5,20,NA,NA,NA,NA,NA,NA,NA,5,PG,3,FALSE
DC-MT2-P42,Dacryodes cupularis,February 4 2026,XP222-OG,3,C,5,C5,1,1,1,25,NA,NA,NA,NA,NA,NA,NA,NA,NA,25,DC,2,FALSE
BP-MT2-P30,Bauhinia pichinchensis,February 4 2026,XP222-OG,3,C,6,C6,NA,NA,NA,NA,NA,NA,NA,NA,NA,NA,NA,NA,NA,NA,BP,2,FALSE
BG-MT5-P47,Banara guianensis,August 20 2025,XP222-OG,3,C,7,C7,NA,NA,NA,NA,NA,NA,NA,NA,NA,NA,NA,NA,NA,NA,BG,5,FALSE
VB-MT4-P50,Vismia baccifera,February 4 2026,XP222-OG,3,C,8,C8,8,2,0,25,5,NA,NA,NA,NA,NA,NA,NA,NA,2.5,VB,4,FALSE
BS-MT6-P79,Bactris setulosa,November 20 2025,XP222-OG,3,C,9,C9,3,2,0,50,65,NA,NA,NA,NA,NA,NA,NA,NA,50,BS,6,FALSE
EA-MT1-P33,Ecuadendron acosta-solisianum,November 20 2025,XP222-OG,3,C,10,C10,17,14,1,1,1,5,2.5,1,5,5,1,10,5,2.5,EA,1,FALSE
CH-MT4-P95,Cecropia hispidissima,August 20 2025,XP222-OG,3,C,13,C13,NA,NA,NA,NA,NA,NA,NA,NA,NA,NA,NA,NA,NA,NA,CH,4,FALSE
BU-MT5-P48,Brosimum utile,August 20 2025,XP222-OG,3,C,15,C15,3,1,3,1,NA,NA,NA,NA,NA,NA,NA,NA,NA,0.5,BU,5,FALSE
AE-MT3-P15,Annona edulis,February 4 2026,XP222-OG,3,C,16,C16,6,5,2,0.5,1,0.5,1,0.5,NA,NA,NA,NA,NA,1,AE,3,FALSE
VB-MT4-P37,Vismia baccifera,February 4 2026,XP222-OG,4,A,1,A1,2,0,0,NA,NA,NA,NA,NA,NA,NA,NA,NA,NA,0,VB,4,FALSE
CH-MT2-P69,Cecropia hispidissima,August 20 2025,XP222-OG,4,A,2,A2,NA,NA,NA,NA,NA,NA,NA,NA,NA,NA,NA,NA,NA,NA,CH,2,FALSE
BS-MT7-P7,Bactris setulosa,August 20 2025,XP222-OG,4,A,3,A3,1,1,0,0.5,NA,NA,NA,NA,NA,NA,NA,NA,NA,0.5,BS,7,FALSE
CP-MT1-P27,Carapa guianensis,August 20 2025,XP222-OG,4,A,4,A4,3,3,3,2.5,0.5,0.5,NA,NA,NA,NA,NA,NA,NA,1,CP,1,FALSE
BU-MT5-P53,Brosimum utile,August 20 2025,XP222-OG,4,A,5,A5,7,5,6,5,2.5,0.5,1,1,NA,NA,NA,NA,NA,1,BU,5,FALSE
AE-MT5-P57,Annona edulis,February 4 2026,XP222-OG,4,A,6,A6,7,6,2,1,2.5,0.5,2.5,0.5,10,NA,NA,NA,NA,2.5,AE,5,FALSE
EA-MT1-P51,Ecuadendron acosta-solisianum,November 20 2025,XP222-OG,4,A,10,A10,17,14,2,5,20,10,10,5,10,1,2.5,5,5,2.5,EA,1,FALSE
BG-MT1-P41,Banara guianensis,August 20 2025,XP222-OG,4,A,11,A11,NA,NA,NA,NA,NA,NA,NA,NA,NA,NA,NA,NA,NA,NA,BG,1,FALSE
BG-MT1-P85,Banara guianensis,February 4 2026,XP222-OG,4,A,11,A11,6,2,0,1,1,NA,NA,NA,NA,NA,NA,NA,NA,0.5,BG,1,FALSE
PG-MT3-P28,Pouruma guianensis,February 4 2026,XP222-OG,4,A,14,A14,3,3,0,15,2.5,50,NA,NA,NA,NA,NA,NA,NA,7.5,PG,3,FALSE
BP-MT4-P90,Bauhinia pichinchensis,February 4 2026,XP222-OG,4,A,15,A15,NA,NA,NA,NA,NA,NA,NA,NA,NA,NA,NA,NA,NA,NA,BP,4,FALSE
DC-MT1-P79,Dacryodes cupularis,August 20 2025,XP222-OG,4,A,16,A16,3,1,2,0.5,NA,NA,NA,NA,NA,NA,NA,NA,NA,0.5,DC,1,FALSE
BG-MT5-P60,Banara guianensis,August 20 2025,XP222-OG,4,B,1,B1,14,6,3,15,50,40,30,5,1,NA,NA,NA,NA,10,BG,5,FALSE
BU-MT4-P44,Brosimum utile,August 20 2025,XP222-OG,4,B,3,B3,5,1,4,0.5,NA,NA,NA,NA,NA,NA,NA,NA,NA,0.5,BU,4,FALSE
CH-MT4-P92,Cecropia hispidissima,August 20 2025,XP222-OG,4,B,5,B5,NA,NA,NA,NA,NA,NA,NA,NA,NA,NA,NA,NA,NA,NA,CH,4,FALSE
DC-MT4-P75,Dacryodes cupularis,August 20 2025,XP222-OG,4,B,6,B6,NA,NA,NA,NA,NA,NA,NA,NA,NA,NA,NA,NA,NA,NA,DC,4,FALSE
EA-MT2-P25,Ecuadendron acosta-solisianum,May 21 2025,XP222-OG,4,B,9,B9,25,20,20,10,20,30,2.5,5,5,1,0.5,2.5,2.5,5,EA,2,FALSE
CP-MT5-P26,Carapa guianensis,August 20 2025,XP222-OG,4,B,10,B10,4,4,4,5,10,5,5,NA,NA,NA,NA,NA,NA,5,CP,5,FALSE
BS-MT6-P1,Bactris setulosa,August 20 2025,XP222-OG,4,B,12,B12,4,2,4,10,5,NA,NA,NA,NA,NA,NA,NA,NA,5,BS,6,FALSE
VB-MT4-P18,Vismia baccifera,February 4 2026,XP222-OG,4,B,13,B13,4,1,0,5,NA,NA,NA,NA,NA,NA,NA,NA,NA,1,VB,4,FALSE
AE-MT1-P47,Annona edulis,February 4 2026,XP222-OG,4,B,14,B14,7,2,4,5,1,NA,NA,NA,NA,NA,NA,NA,NA,1,AE,1,FALSE
BP-MT1-P21,Bauhinia pichinchensis,February 4 2026,XP222-OG,4,B,15,B15,3,3,0,5,10,20,NA,NA,NA,NA,NA,NA,NA,10,BP,1,FALSE
PG-MT4-P25,Pouruma guianensis,February 4 2026,XP222-OG,4,B,16,B16,3,2,0,0.5,0.5,NA,NA,NA,NA,NA,NA,NA,NA,0.5,PG,4,FALSE
AE-MT4-P18,Annona edulis,February 4 2026,XP222-OG,4,C,2,C2,10,3,3,2.5,40,5,NA,NA,NA,NA,NA,NA,NA,5,AE,4,FALSE
DC-MT4-P26,Dacryodes cupularis,August 20 2025,XP222-OG,4,C,3,C3,3,3,3,0.5,1,5,NA,NA,NA,NA,NA,NA,NA,1,DC,4,FALSE
VB-MT4-P9,Vismia baccifera,February 4 2026,XP222-OG,4,C,4,C4,4,1,0,10,NA,NA,NA,NA,NA,NA,NA,NA,NA,2.5,VB,4,FALSE
CP-MT1-P28,Carapa guianensis,August 20 2025,XP222-OG,4,C,5,C5,4,3,4,1,1,0.5,NA,NA,NA,NA,NA,NA,NA,0.5,CP,1,FALSE
CH-MT5-P26,Cecropia hispidissima,August 20 2025,XP222-OG,4,C,8,C8,NA,NA,NA,NA,NA,NA,NA,NA,NA,NA,NA,NA,NA,NA,CH,5,FALSE
EA-MT3-P12,Ecuadendron acosta-solisianum,May 21 2025,XP222-OG,4,C,9,C9,14,6,12,1,0.5,1,0.5,2.5,1,NA,NA,NA,NA,0.5,EA,3,FALSE
BU-MT1-P41,Brosimum utile,May 21 2025,XP222-OG,4,C,10,C10,3,0,3,NA,NA,NA,NA,NA,NA,NA,NA,NA,NA,0,BU,1,FALSE
BG-MT3-P80,Banara guianensis,August 20 2025,XP222-OG,4,C,11,C11,20,9,0,0.5,0.5,1,1,25,0.5,0.5,0.5,0.5,NA,1,BG,3,FALSE
PG-MT5-P20,Pouruma guianensis,February 4 2026,XP222-OG,4,C,13,C13,4,3,0,0.5,2.5,5,NA,NA,NA,NA,NA,NA,NA,1,PG,5,FALSE
BS-MT7-P26,Bactris setulosa,November 20 2025,XP222-OG,4,C,14,C14,3,3,0,25,25,0.5,NA,NA,NA,NA,NA,NA,NA,20,BS,7,FALSE
BP-MT1-P70,Bauhinia pichinchensis,February 4 2026,XP222-OG,4,C,15,C15,1,1,0,1,NA,NA,NA,NA,NA,NA,NA,NA,NA,1,BP,1,FALSE
PA-MT3-P43,Piper aduncum,November 20 2025,XP222-OG,4,C,16,C16,9,7,20,5,1,0.5,0.5,0.5,1,1,NA,NA,NA,2.5,PA,3,FALSE
IS-MT5-P62,Inga silanchensis,November 20 2025,XP222-OG,5,A,2,A2,NA,NA,NA,NA,NA,NA,NA,NA,NA,NA,NA,NA,NA,NA,IS,5,FALSE
PG-MT1-P9,Pouruma guianensis,February 4 2026,XP222-OG,5,A,5,A5,NA,NA,NA,NA,NA,NA,NA,NA,NA,NA,NA,NA,NA,NA,PG,1,FALSE
VB-MT4-P31,Vismia baccifera,February 4 2026,XP222-OG,5,A,7,A7,NA,NA,NA,NA,NA,NA,NA,NA,NA,NA,NA,NA,NA,NA,VB,4,FALSE
AE-MT3-P61,Annona edulis,February 4 2026,XP222-OG,5,A,9,A9,NA,NA,NA,NA,NA,NA,NA,NA,NA,NA,NA,NA,NA,NA,AE,3,FALSE
BG-MT4-P38,Banara guianensis,August 20 2025,XP222-OG,5,A,10,A10,NA,NA,NA,NA,NA,NA,NA,NA,NA,NA,NA,NA,NA,NA,BG,4,FALSE
BP-MT4-P16,Bauhinia pichinchensis,February 4 2026,XP222-OG,5,A,11,A11,NA,NA,NA,NA,NA,NA,NA,NA,NA,NA,NA,NA,NA,NA,BP,4,FALSE
BU-MT3-P57,Brosimum utile,August 20 2025,XP222-OG,5,A,13,A13,NA,NA,NA,NA,NA,NA,NA,NA,NA,NA,NA,NA,NA,NA,BU,3,FALSE
EA-MT3-P43,Ecuadendron acosta-solisianum,February 4 2026,XP222-OG,5,A,14,A14,NA,NA,NA,NA,NA,NA,NA,NA,NA,NA,NA,NA,NA,NA,EA,3,FALSE
DC-MT5-P7,Dacryodes cupularis,August 20 2025,XP222-OG,5,A,16,A16,NA,NA,NA,NA,NA,NA,NA,NA,NA,NA,NA,NA,NA,NA,DC,5,FALSE
AE-MT1-P53,Annona edulis,February 4 2026,XP222-OG,5,B,1,B1,NA,NA,NA,NA,NA,NA,NA,NA,NA,NA,NA,NA,NA,NA,AE,1,FALSE
VB-MT3-P71,Vismia baccifera,February 4 2026,XP222-OG,5,B,3,B3,NA,NA,NA,NA,NA,NA,NA,NA,NA,NA,NA,NA,NA,NA,VB,3,FALSE
CH-MT3-P17,Cecropia hispidissima,August 20 2025,XP222-OG,5,B,5,B5,NA,NA,NA,NA,NA,NA,NA,NA,NA,NA,NA,NA,NA,NA,CH,3,FALSE
CP-MT5-P67,Carapa guianensis,August 20 2025,XP222-OG,5,B,6,B6,NA,NA,NA,NA,NA,NA,NA,NA,NA,NA,NA,NA,NA,NA,CP,5,FALSE
IS-MT3-P72,Inga silanchensis,February 4 2026,XP222-OG,5,B,9,B9,NA,NA,NA,NA,NA,NA,NA,NA,NA,NA,NA,NA,NA,NA,IS,3,FALSE
PG-MT3-P3,Pouruma guianensis,February 4 2026,XP222-OG,5,B,11,B11,NA,NA,NA,NA,NA,NA,NA,NA,NA,NA,NA,NA,NA,NA,PG,3,FALSE
BG-MT5-P70,Banara guianensis,August 20 2025,XP222-OG,5,B,13,B13,NA,NA,NA,NA,NA,NA,NA,NA,NA,NA,NA,NA,NA,NA,BG,5,FALSE
BP-MT4-P62,Bauhinia pichinchensis,February 4 2026,XP222-OG,5,B,14,B14,NA,NA,NA,NA,NA,NA,NA,NA,NA,NA,NA,NA,NA,NA,BP,4,FALSE
DC-MT4-P65,Dacryodes cupularis,August 20 2025,XP222-OG,5,B,16,B16,NA,NA,NA,NA,NA,NA,NA,NA,NA,NA,NA,NA,NA,NA,DC,4,FALSE
PG-MT4-P31,Pouruma guianensis,February 4 2026,XP222-OG,5,C,2,C2,NA,NA,NA,NA,NA,NA,NA,NA,NA,NA,NA,NA,NA,NA,PG,4,FALSE
EA-MT1-P104,Ecuadendron acosta-solisianum,February 4 2026,XP222-OG,5,C,4,C4,NA,NA,NA,NA,NA,NA,NA,NA,NA,NA,NA,NA,NA,NA,EA,1,FALSE
AE-MT4-P40,Annona edulis,February 4 2026,XP222-OG,5,C,5,C5,NA,NA,NA,NA,NA,NA,NA,NA,NA,NA,NA,NA,NA,NA,AE,4,FALSE
DC-MT1-P52,Dacryodes cupularis,August 20 2025,XP222-OG,5,C,6,C6,NA,NA,NA,NA,NA,NA,NA,NA,NA,NA,NA,NA,NA,NA,DC,1,FALSE
CH-MT5-P84,Cecropia hispidissima,August 20 2025,XP222-OG,5,C,7,C7,NA,NA,NA,NA,NA,NA,NA,NA,NA,NA,NA,NA,NA,NA,CH,5,FALSE
BP-MT4-P71,Bauhinia pichinchensis,February 4 2026,XP222-OG,5,C,10,C10,NA,NA,NA,NA,NA,NA,NA,NA,NA,NA,NA,NA,NA,NA,BP,4,FALSE
IS-MT2-P46,Inga silanchensis,November 20 2025,XP222-OG,5,C,11,C11,NA,NA,NA,NA,NA,NA,NA,NA,NA,NA,NA,NA,NA,NA,IS,2,FALSE
VB-MT2-P56,Vismia baccifera,February 4 2026,XP222-OG,5,C,12,C12,NA,NA,NA,NA,NA,NA,NA,NA,NA,NA,NA,NA,NA,NA,VB,2,FALSE
BG-MT2-P90,Banara guianensis,August 20 2025,XP222-OG,5,C,15,C15,NA,NA,NA,NA,NA,NA,NA,NA,NA,NA,NA,NA,NA,NA,BG,2,FALSE
BS-MT7-P84,Bactris setulosa,February 4 2026,XP222-OG,5,C,16,C16,NA,NA,NA,NA,NA,NA,NA,NA,NA,NA,NA,NA,NA,NA,BS,7,FALSE
OP-MT9-P3,Ochroma pyramidale,April 9 2025,XP224-OG,1,A,1,A1,NA,NA,NA,NA,NA,NA,NA,NA,NA,NA,NA,NA,NA,NA,OP,9,FALSE
EA-MT1-P6,Ecuadendron acosta-solisianum,December 1 2025,XP224-OG,1,A,2,A2,15,13,0,1,2.5,5,1,5,2.5,0.5,0.5,10,0.5,1,EA,1,FALSE
PA-MT6-P83,Piper aduncum,May 21 2025,XP224-OG,1,A,3,A3,27,23,12,2.5,15,2.5,1,2.5,10,30,10,15,1,2.5,PA,6,FALSE
BP-MT3-P29,Bauhinia pichinchensis,31/03/2026,XP224-OG,1,A,4,A4,2,1,1,17.5,NA,NA,NA,NA,NA,NA,NA,NA,NA,17.5,BP,3,FALSE
BS-MT1-P22,Bactris setulosa,September 02 2025,XP224-OG,1,A,5,A5,3,3,2,2.5,2.5,50,NA,NA,NA,NA,NA,NA,NA,10,BS,1,FALSE
VB-MT3-P22,Vismia baccifera,31/03/2026,XP224-OG,1,A,6,A6,2,2,0,5,1,NA,NA,NA,NA,NA,NA,NA,NA,2.5,VB,3,FALSE
IS-MT3-P39,Inga silanchensis,April 9 2025,XP224-OG,1,A,7,A7,3,3,2,5,1,2.5,NA,NA,NA,NA,NA,NA,NA,2.5,IS,3,FALSE
PG-MT2-P63,Pouruma guianensis,31/03/2026,XP224-OG,1,A,8,A8,2,2,0,0.5,0.5,NA,NA,NA,NA,NA,NA,NA,NA,0.5,PG,2,FALSE
AE-MT3-P63,Annona edulis,31/03/2026,XP224-OG,1,A,9,A9,0,0,0,NA,NA,NA,NA,NA,NA,NA,NA,NA,NA,0,AE,3,FALSE
BU-MT2-P18,Brosimum utile,September 02 2025,XP224-OG,1,A,10,A10,NA,NA,NA,NA,NA,NA,NA,NA,NA,NA,NA,NA,NA,NA,BU,2,FALSE
CH-MT4-P58,Cecropia hispidissima,September 02 2025,XP224-OG,1,A,11,A11,5,4,0,0.5,0.5,5,0.5,NA,NA,NA,NA,NA,NA,1,CH,4,FALSE
CP-MT1-P12,Carapa guianensis,September 02 2025,XP224-OG,1,A,12,A12,4,4,4,1,1,0.5,0.5,NA,NA,NA,NA,NA,NA,0.5,CP,1,FALSE
MC-MT1-P15,Miconia conocuatrecasasii,September 02 2025,XP224-OG,1,A,13,A13,NA,NA,NA,NA,NA,NA,NA,NA,NA,NA,NA,NA,NA,NA,MC,1,FALSE
MC-MT1-P3,Miconia conocuatrecasasii,31/03/2026,XP224-OG,1,A,13,A13,6,5,0,2.5,10,7.5,1,0.5,NA,NA,NA,NA,NA,2.5,MC,1,FALSE
BG-MT1-P48,Banara guianensis,September 02 2025,XP224-OG,1,A,15,A15,NA,NA,NA,NA,NA,NA,NA,NA,NA,NA,NA,NA,NA,NA,BG,1,FALSE
DC-MT5-P33,Dacryodes cupularis,September 02 2025,XP224-OG,1,A,16,A16,NA,NA,NA,NA,NA,NA,NA,NA,NA,NA,NA,NA,NA,NA,DC,5,FALSE
AE-MT5-P69,Annona edulis,31/03/2026,XP224-OG,1,B,1,B1,3,2,0,0.5,1,NA,NA,NA,NA,NA,NA,NA,NA,0.5,AE,5,FALSE
IS-MT5-P73,Inga silanchensis,April 9 2025,XP224-OG,1,B,2,B2,2,2,1,20,2.5,NA,NA,NA,NA,NA,NA,NA,NA,10,IS,5,FALSE
BP-MT2-P62,Bauhinia pichinchensis,31/03/2026,XP224-OG,1,B,3,B3,1,1,0,50,NA,NA,NA,NA,NA,NA,NA,NA,NA,50,BP,2,FALSE
OP-MT2-P16,Ochroma pyramidale,April 9 2025,XP224-OG,1,B,4,B4,NA,NA,NA,NA,NA,NA,NA,NA,NA,NA,NA,NA,NA,NA,OP,2,FALSE
BS-MT7-P54,Bactris setulosa,December 1 2025,XP224-OG,1,B,5,B5,4,2,2,0.5,50,NA,NA,NA,NA,NA,NA,NA,NA,15,BS,7,FALSE
PA-MT6-P72,Piper aduncum,December 1 2025,XP224-OG,1,B,6,B6,3,3,1,0.5,5,0.5,NA,NA,NA,NA,NA,NA,NA,1,PA,6,FALSE
EA-MT5-P4,Ecuadendron acosta-solisianum,December 1 2025,XP224-OG,1,B,7,B7,6,6,1,0.5,2.5,0.5,0.5,0.5,1,NA,NA,NA,NA,0.5,EA,5,FALSE
MC-MT3-P43,Miconia conocuatrecasasii,September 02 2025,XP224-OG,1,B,8,B8,4,3,2,5,0.5,2.5,NA,NA,NA,NA,NA,NA,NA,2.5,MC,3,FALSE
CH-MT2-P51,Cecropia hispidissima,September 02 2025,XP224-OG,1,B,9,B9,NA,NA,NA,NA,NA,NA,NA,NA,NA,NA,NA,NA,NA,NA,CH,2,FALSE
CH-MT4-P18,Cecropia hispidissima,31/03/2026,XP224-OG,1,B,9,B9,0,0,0,NA,NA,NA,NA,NA,NA,NA,NA,NA,NA,0,CH,4,FALSE
CP-MT4-P12,Carapa guianensis,May 21 2025,XP224-OG,1,B,10,B10,2,1,1,0.5,NA,NA,NA,NA,NA,NA,NA,NA,NA,0.5,CP,4,FALSE
BU-MT1-P19,Brosimum utile,May 21 2025,XP224-OG,1,B,11,B11,0,0,0,NA,NA,NA,NA,NA,NA,NA,NA,NA,NA,0,BU,1,FALSE
PG-MT1-P50,Pouruma guianensis,31/03/2026,XP224-OG,1,B,12,B12,1,0,0,NA,NA,NA,NA,NA,NA,NA,NA,NA,NA,0,PG,1,FALSE
VB-MT1-P39,Vismia baccifera,September 02 2025,XP224-OG,1,B,14,B14,7,5,2,0.5,50,10,0.5,10,NA,NA,NA,NA,NA,5,VB,1,FALSE
BG-MT2-P32,Banara guianensis,September 02 2025,XP224-OG,1,B,15,B15,NA,NA,NA,NA,NA,NA,NA,NA,NA,NA,NA,NA,NA,NA,BG,2,FALSE
DC-MT2-P27,Dacryodes cupularis,September 02 2025,XP224-OG,1,B,16,B16,3,3,2,0.5,0.5,2.5,NA,NA,NA,NA,NA,NA,NA,1,DC,2,FALSE
DC-MT4-P56,Dacryodes cupularis,September 02 2025,XP224-OG,1,C,1,C1,4,3,3,0.5,5,10,NA,NA,NA,NA,NA,NA,NA,2.5,DC,4,FALSE
CP-MT3-P2,Carapa guianensis,May 21 2025,XP224-OG,1,C,3,C3,3,2,2,0.5,5,NA,NA,NA,NA,NA,NA,NA,NA,0.5,CP,3,FALSE
OP-MT6-P56,Ochroma pyramidale,May 21 2025,XP224-OG,1,C,4,C4,NA,NA,NA,NA,NA,NA,NA,NA,NA,NA,NA,NA,NA,NA,OP,6,FALSE
BG-MT1-P60,Banara guianensis,September 02 2025,XP224-OG,1,C,5,C5,13,5,5,0.5,12.5,50,0.5,5,NA,NA,NA,NA,NA,0.5,BG,1,FALSE
CH-MT5-P23,Cecropia hispidissima,September 02 2025,XP224-OG,1,C,6,C6,2,2,0,50,10,NA,NA,NA,NA,NA,NA,NA,NA,40,CH,5,FALSE
MC-MT3-P14,Miconia conocuatrecasasii,September 02 2025,XP224-OG,1,C,8,C8,4,3,0,0.5,10,5,NA,NA,NA,NA,NA,NA,NA,5,MC,3,FALSE
EA-MT1-P41,Ecuadendron acosta-solisianum,December 1 2025,XP224-OG,1,C,9,C9,12,9,0,1,0.5,10,47.5,0.5,1,0.5,1,5,NA,5,EA,1,FALSE
IS-MT3-P27,Inga silanchensis,December 1 2025,XP224-OG,1,C,10,C10,9,4,1,0.5,2.5,1,1,NA,NA,NA,NA,NA,NA,0.5,IS,3,FALSE
BU-MT4-P58,Brosimum utile,September 02 2025,XP224-OG,1,C,11,C11,2,0,2,NA,NA,NA,NA,NA,NA,NA,NA,NA,NA,0,BU,4,FALSE
VB-MT3-P7,Vismia baccifera,31/03/2026,XP224-OG,1,C,12,C12,3,3,0,2.5,2.5,0.5,NA,NA,NA,NA,NA,NA,NA,1,VB,3,FALSE
AE-MT1-P30,Annona edulis,31/03/2026,XP224-OG,1,C,13,C13,9,4,0,47.5,2.5,0.5,0.5,NA,NA,NA,NA,NA,NA,2.5,AE,1,FALSE
BP-MT2-P19,Bauhinia pichinchensis,31/03/2026,XP224-OG,1,C,14,C14,1,1,0,0.5,NA,NA,NA,NA,NA,NA,NA,NA,NA,0.5,BP,2,FALSE
PG-MT4-P49,Pouruma guianensis,31/03/2026,XP224-OG,1,C,15,C15,3,2,0,0.5,30,NA,NA,NA,NA,NA,NA,NA,NA,15,PG,4,FALSE
BS-MT6-P67,Bactris setulosa,December 1 2025,XP224-OG,1,C,16,C16,3,2,3,50,30,NA,NA,NA,NA,NA,NA,NA,NA,30,BS,6,FALSE
BP-MT2-P26,Bauhinia pichinchensis,31/03/2026,XP224-OG,2,A,1,A1,2,3,0,20,5,10,NA,NA,NA,NA,NA,NA,NA,10,BP,2,TRUE
IS-MT3-P74,Inga silanchensis,April 9 2025,XP224-OG,2,A,2,A2,NA,NA,NA,NA,NA,NA,NA,NA,NA,NA,NA,NA,NA,NA,IS,3,FALSE
BS-MT5-P64,Bactris setulosa,December 1 2025,XP224-OG,2,A,3,A3,4,1,3,10,NA,NA,NA,NA,NA,NA,NA,NA,NA,1,BS,5,FALSE
CP-MT2-P10,Carapa guianensis,May 21 2025,XP224-OG,2,A,4,A4,4,4,3,1,0.5,0.5,0.5,NA,NA,NA,NA,NA,NA,0.5,CP,2,FALSE
PA-MT3-P23,Piper aduncum,April 9 2025,XP224-OG,2,A,5,A5,12,12,9,0.5,40,1,1,25,20,5,5,0.5,10,5,PA,3,FALSE
OP-MT9-P22,Ochroma pyramidale,April 9 2025,XP224-OG,2,A,6,A6,NA,NA,NA,NA,NA,NA,NA,NA,NA,NA,NA,NA,NA,NA,OP,9,FALSE
CH-MT3-P51,Cecropia hispidissima,September 02 2025,XP224-OG,2,A,7,A7,NA,NA,NA,NA,NA,NA,NA,NA,NA,NA,NA,NA,NA,NA,CH,3,FALSE
EA-MT4-P18,Ecuadendron acosta-solisianum,May 21 2025,XP224-OG,2,A,8,A8,13,7,9,1,2.5,0.5,2.5,1,5,2.5,NA,NA,NA,1,EA,4,FALSE
BU-MT2-P34,Brosimum utile,September 02 2025,XP224-OG,2,A,9,A9,NA,NA,NA,NA,NA,NA,NA,NA,NA,NA,NA,NA,NA,NA,BU,2,FALSE
BU-MT2-P59,Brosimum utile,31/03/2026,XP224-OG,2,A,9,A9,0,0,0,NA,NA,NA,NA,NA,NA,NA,NA,NA,NA,0,BU,2,FALSE
VB-MT4-P58,Vismia baccifera,31/03/2026,XP224-OG,2,A,10,A10,3,3,1,50,5,0.5,NA,NA,NA,NA,NA,NA,NA,10,VB,4,FALSE
AE-MT1-P39,Annona edulis,31/03/2026,XP224-OG,2,A,11,A11,2,1,0,10,NA,NA,NA,NA,NA,NA,NA,NA,NA,5,AE,1,FALSE
PG-MT1-P3,Pouruma guianensis,31/03/2026,XP224-OG,2,A,12,A12,1,0,0,NA,NA,NA,NA,NA,NA,NA,NA,NA,NA,0,PG,1,FALSE
BG-MT3-P18,Banara guianensis,September 02 2025,XP224-OG,2,A,14,A14,13,6,7,0.5,2.5,1,0.5,1,0.5,NA,NA,NA,NA,0.5,BG,3,FALSE
DC-MT1-P77,Dacryodes cupularis,September 02 2025,XP224-OG,2,A,16,A16,2,2,1,0.5,NA,NA,NA,NA,NA,NA,NA,NA,NA,1,DC,1,FALSE
BP-MT4-P35,Bauhinia pichinchensis,31/03/2026,XP224-OG,2,B,1,B1,0,0,0,NA,NA,NA,NA,NA,NA,NA,NA,NA,NA,0,BP,4,FALSE
MC-MT1-P75,Miconia conocuatrecasasii,September 02 2025,XP224-OG,2,B,2,B2,NA,NA,NA,NA,NA,NA,NA,NA,NA,NA,NA,NA,NA,NA,MC,1,FALSE
CH-MT1-P17,Cecropia hispidissima,May 21 2025,XP224-OG,2,B,3,B3,NA,NA,NA,NA,NA,NA,NA,NA,NA,NA,NA,NA,NA,NA,CH,1,FALSE
CH-MT2-P50,Cecropia hispidissima,31/03/2026,XP224-OG,2,B,3,B3,3,3,1,2.5,5,0.5,NA,NA,NA,NA,NA,NA,NA,1,CH,2,FALSE
VB-MT1-P19,Vismia baccifera,September 02 2025,XP224-OG,2,B,4,B4,12,3,0,0.5,1,25,NA,NA,NA,NA,NA,NA,NA,1,VB,1,FALSE
BG-MT2-P30,Banara guianensis,September 02 2025,XP224-OG,2,B,5,B5,NA,NA,NA,NA,NA,NA,NA,NA,NA,NA,NA,NA,NA,NA,BG,2,FALSE
OP-MT6-P53,Ochroma pyramidale,May 21 2025,XP224-OG,2,B,6,B6,NA,NA,NA,NA,NA,NA,NA,NA,NA,NA,NA,NA,NA,NA,OP,6,FALSE
OP-MT9-P63,Ochroma pyramidale,December 1 2025,XP224-OG,2,B,6,B6,NA,NA,NA,NA,NA,NA,NA,NA,NA,NA,NA,NA,NA,NA,OP,9,FALSE
BU-MT1-P16,Brosimum utile,May 21 2025,XP224-OG,2,B,7,B7,NA,NA,NA,NA,NA,NA,NA,NA,NA,NA,NA,NA,NA,NA,BU,1,FALSE
EA-MT3-P4,Ecuadendron acosta-solisianum,May 21 2025,XP224-OG,2,B,8,B8,14,12,4,0.5,1,0.5,0.5,0.5,1,0.5,1,0.5,0.5,0.5,EA,3,FALSE
CP-MT1-P47,Carapa guianensis,September 02 2025,XP224-OG,2,B,10,B10,0,0,0,NA,NA,NA,NA,NA,NA,NA,NA,NA,NA,0,CP,1,FALSE
BS-MT6-P81,Bactris setulosa,December 1 2025,XP224-OG,2,B,11,B11,1,0,0,NA,NA,NA,NA,NA,NA,NA,NA,NA,NA,0,BS,6,FALSE
IS-MT2-P10,Inga silanchensis,April 9 2025,XP224-OG,2,B,12,B12,NA,NA,NA,NA,NA,NA,NA,NA,NA,NA,NA,NA,NA,NA,IS,2,FALSE
AE-MT1-P63,Annona edulis,31/03/2026,XP224-OG,2,B,13,B13,5,4,0,5,0.5,1,1,NA,NA,NA,NA,NA,NA,0.5,AE,1,FALSE
PG-MT4-P9,Pouruma guianensis,31/03/2026,XP224-OG,2,B,15,B15,3,0,0,NA,NA,NA,NA,NA,NA,NA,NA,NA,NA,0,PG,4,FALSE
DC-MT5-P59,Dacryodes cupularis,September 02 2025,XP224-OG,2,B,16,B16,NA,NA,NA,NA,NA,NA,NA,NA,NA,NA,NA,NA,NA,NA,DC,5,FALSE
BG-MT1-P21,Banara guianensis,September 02 2025,XP224-OG,2,C,1,C1,0,0,0,NA,NA,NA,NA,NA,NA,NA,NA,NA,NA,0,BG,1,FALSE
CP-MT4-P24,Carapa guianensis,May 21 2025,XP224-OG,2,C,2,C2,1,1,1,5,NA,NA,NA,NA,NA,NA,NA,NA,NA,5,CP,4,FALSE
PA-MT3-P75,Piper aduncum,31/03/2026,XP224-OG,2,C,3,C3,3,3,0,50,30,2.5,NA,NA,NA,NA,NA,NA,NA,30,PA,3,FALSE
BU-MT5-P34,Brosimum utile,September 02 2025,XP224-OG,2,C,4,C4,4,0,3,NA,NA,NA,NA,NA,NA,NA,NA,NA,NA,0,BU,5,FALSE
OP-MT7-P48,Ochroma pyramidale,May 21 2025,XP224-OG,2,C,5,C5,NA,NA,NA,NA,NA,NA,NA,NA,NA,NA,NA,NA,NA,NA,OP,7,FALSE
OP-MT6-P58,Ochroma pyramidale,31/03/2026,XP224-OG,2,C,5,C5,1,0,0,NA,NA,NA,NA,NA,NA,NA,NA,NA,NA,0,OP,6,FALSE
BS-MT5-P1,Bactris setulosa,September 02 2025,XP224-OG,2,C,6,C6,NA,NA,NA,NA,NA,NA,NA,NA,NA,NA,NA,NA,NA,NA,BS,5,FALSE
IS-MT2-P27,Inga silanchensis,May 21 2025,XP224-OG,2,C,7,C7,2,2,1,20,2.5,NA,NA,NA,NA,NA,NA,NA,NA,10,IS,2,FALSE
BP-MT1-P30,Bauhinia pichinchensis,31/03/2026,XP224-OG,2,C,9,C9,1,0,1,NA,NA,NA,NA,NA,NA,NA,NA,NA,NA,0,BP,1,FALSE
CH-MT4-P82,Cecropia hispidissima,September 02 2025,XP224-OG,2,C,10,C10,4,3,2,1,1,1,NA,NA,NA,NA,NA,NA,NA,1,CH,4,FALSE
EA-MT1-P9,Ecuadendron acosta-solisianum,December 1 2025,XP224-OG,2,C,11,C11,4,4,0,0.5,0.5,0.5,0.5,NA,NA,NA,NA,NA,NA,0.5,EA,1,FALSE
AE-MT2-P16,Annona edulis,31/03/2026,XP224-OG,2,C,12,C12,2,1,0,0.5,NA,NA,NA,NA,NA,NA,NA,NA,NA,0.5,AE,2,FALSE
DC-MT5-P82,Dacryodes cupularis,31/03/2026,XP224-OG,2,C,13,C13,0,0,0,NA,NA,NA,NA,NA,NA,NA,NA,NA,NA,0,DC,5,FALSE
VB-MT5-P46,Vismia baccifera,31/03/2026,XP224-OG,2,C,15,C15,2,2,0,0.5,0.5,NA,NA,NA,NA,NA,NA,NA,NA,0.5,VB,5,FALSE
PG-MT5-P60,Pouruma guianensis,31/03/2026,XP224-OG,2,C,16,C16,2,2,0,0.5,0.5,NA,NA,NA,NA,NA,NA,NA,NA,0.5,PG,5,FALSE
MC-MT3-P23,Miconia conocuatrecasasii,September 02 2025,XP224-OG,3,A,1,A1,3,3,1,1,1,5,NA,NA,NA,NA,NA,NA,NA,1,MC,3,FALSE
EA-MT5-P9,Ecuadendron acosta-solisianum,December 1 2025,XP224-OG,3,A,2,A2,21,8,4,0.5,0.5,1,0.5,0.5,0.5,0.5,0.5,NA,NA,0.5,EA,5,FALSE
CP-MT5-P64,Carapa guianensis,September 02 2025,XP224-OG,3,A,3,A3,4,4,4,5,0.5,0.5,1,NA,NA,NA,NA,NA,NA,1,CP,5,FALSE
AE-MT5-P45,Annona edulis,31/03/2026,XP224-OG,3,A,4,A4,4,1,0,1,NA,NA,NA,NA,NA,NA,NA,NA,NA,1,AE,5,FALSE
PA-MT6-P63,Piper aduncum,May 21 2025,XP224-OG,3,A,5,A5,27,23,12,50,5,10,10,12.5,1,0.5,25,40,5,10,PA,6,FALSE
PG-MT3-P8,Pouruma guianensis,31/03/2026,XP224-OG,3,A,6,A6,6,0,0,NA,NA,NA,NA,NA,NA,NA,NA,NA,NA,0,PG,3,FALSE
OP-MT2-P54,Ochroma pyramidale,April 9 2025,XP224-OG,3,A,7,A7,NA,NA,NA,NA,NA,NA,NA,NA,NA,NA,NA,NA,NA,NA,OP,2,FALSE
VB-MT2-P5,Vismia baccifera,31/03/2026,XP224-OG,3,A,8,A8,3,1,0,1,NA,NA,NA,NA,NA,NA,NA,NA,NA,0.5,VB,2,FALSE
CH-MT3-P8,Cecropia hispidissima,September 02 2025,XP224-OG,3,A,9,A9,4,3,3,1,0.5,25,NA,NA,NA,NA,NA,NA,NA,5,CH,3,FALSE
BG-MT5-P65,Banara guianensis,September 02 2025,XP224-OG,3,A,10,A10,21,15,16,5,10,15,2.5,0.5,2.5,1,25,5,10,2.5,BG,5,FALSE
IS-MT4-P3,Inga silanchensis,May 21 2025,XP224-OG,3,A,11,A11,4,3,4,5,5,50,NA,NA,NA,NA,NA,NA,NA,10,IS,4,FALSE
BS-MT7-P10,Bactris setulosa,September 02 2025,XP224-OG,3,A,13,A13,2,2,2,1,40,NA,NA,NA,NA,NA,NA,NA,NA,20,BS,7,FALSE
DC-MT5-P35,Dacryodes cupularis,31/03/2026,XP224-OG,3,A,14,A14,1,1,0,1,NA,NA,NA,NA,NA,NA,NA,NA,NA,1,DC,5,FALSE
BU-MT4-P11,Brosimum utile,September 02 2025,XP224-OG,3,A,15,A15,1,1,1,1,NA,NA,NA,NA,NA,NA,NA,NA,NA,1,BU,4,FALSE
BP-MT4-P94,Bauhinia pichinchensis,31/03/2026,XP224-OG,3,A,16,A16,0,0,0,NA,NA,NA,NA,NA,NA,NA,NA,NA,NA,0,BP,4,FALSE
PA-MT7-P49,Piper aduncum,September 02 2025,XP224-OG,3,B,1,B1,9,5,6,0.5,5,10,25,5,NA,NA,NA,NA,NA,2.5,PA,7,FALSE
BG-MT3-P62,Banara guianensis,September 02 2025,XP224-OG,3,B,2,B2,1,0,1,NA,NA,NA,NA,NA,NA,NA,NA,NA,NA,0,BG,3,FALSE
BS-MT7-P32,Bactris setulosa,December 1 2025,XP224-OG,3,B,3,B3,4,3,3,1,30,50,NA,NA,NA,NA,NA,NA,NA,25,BS,7,FALSE
MC-MT1-P11,Miconia conocuatrecasasii,September 02 2025,XP224-OG,3,B,4,B4,6,6,0,2.5,30,5,5,50,25,NA,NA,NA,NA,25,MC,1,FALSE
AE-MT3-P29,Annona edulis,31/03/2026,XP224-OG,3,B,5,B5,8,3,1,50,1,1,NA,NA,NA,NA,NA,NA,NA,5,AE,3,FALSE
BU-MT3-P62,Brosimum utile,September 02 2025,XP224-OG,3,B,6,B6,6,1,6,0.5,NA,NA,NA,NA,NA,NA,NA,NA,NA,0.5,BU,3,FALSE
PG-MT2-P38,Pouruma guianensis,31/03/2026,XP224-OG,3,B,8,B8,5,2,0,0.5,50,NA,NA,NA,NA,NA,NA,NA,NA,10,PG,2,FALSE
BP-MT3-P50,Bauhinia pichinchensis,31/03/2026,XP224-OG,3,B,9,B9,0,0,0,NA,NA,NA,NA,NA,NA,NA,NA,NA,NA,0,BP,3,FALSE
IS-MT4-P35,Inga silanchensis,May 21 2025,XP224-OG,3,B,10,B10,NA,NA,NA,NA,NA,NA,NA,NA,NA,NA,NA,NA,NA,NA,IS,4,FALSE
DC-MT3-P33,Dacryodes cupularis,September 02 2025,XP224-OG,3,B,11,B11,1,1,1,1,NA,NA,NA,NA,NA,NA,NA,NA,NA,1,DC,3,FALSE
EA-MT5-P88,Ecuadendron acosta-solisianum,31/03/2026,XP224-OG,3,B,13,B13,8,6,1,1,0.5,0.5,1,100,2.5,NA,NA,NA,NA,15,EA,5,FALSE
CH-MT2-P20,Cecropia hispidissima,September 02 2025,XP224-OG,3,B,14,B14,0,0,0,NA,NA,NA,NA,NA,NA,NA,NA,NA,NA,0,CH,2,FALSE
CP-MT5-P11,Carapa guianensis,September 02 2025,XP224-OG,3,B,15,B15,2,2,0,0.5,0.5,NA,NA,NA,NA,NA,NA,NA,NA,0.5,CP,5,FALSE
VB-MT5-P60,Vismia baccifera,31/03/2026,XP224-OG,3,B,16,B16,3,1,0,1,NA,NA,NA,NA,NA,NA,NA,NA,NA,0.5,VB,5,FALSE
BP-MT5-P26,Bauhinia pichinchensis,31/03/2026,XP224-OG,3,C,1,C1,2,2,0,2.5,5,NA,NA,NA,NA,NA,NA,NA,NA,2.5,BP,5,FALSE
MC-MT2-P68,Miconia conocuatrecasasii,September 02 2025,XP224-OG,3,C,2,C2,8,7,2,0.5,75,0.5,1,25,50,1,NA,NA,NA,5,MC,2,FALSE
EA-MT2-P63,Ecuadendron acosta-solisianum,31/03/2026,XP224-OG,3,C,3,C3,7,7,2,50,5,5,1,0.5,5,0.5,NA,NA,NA,2.5,EA,2,FALSE
AE-MT5-P23,Annona edulis,31/03/2026,XP224-OG,3,C,4,C4,3,1,0,1,NA,NA,NA,NA,NA,NA,NA,NA,NA,0.5,AE,5,FALSE
IS-MT2-P5,Inga silanchensis,December 1 2025,XP224-OG,3,C,5,C5,2,2,1,20,2.5,NA,NA,NA,NA,NA,NA,NA,NA,17.5,IS,2,FALSE
CP-MT2-P59,Carapa guianensis,May 21 2025,XP224-OG,3,C,7,C7,NA,NA,NA,NA,NA,NA,NA,NA,NA,NA,NA,NA,NA,NA,CP,2,FALSE
CP-MT5-P74,Carapa guianensis,31/03/2026,XP224-OG,3,C,7,C7,3,3,2,0.5,0.5,1,NA,NA,NA,NA,NA,NA,NA,0.5,CP,5,FALSE
BU-MT2-P60,Brosimum utile,September 02 2025,XP224-OG,3,C,9,C9,0,0,0,NA,NA,NA,NA,NA,NA,NA,NA,NA,NA,0,BU,2,FALSE
CH-MT1-P42,Cecropia hispidissima,May 21 2025,XP224-OG,3,C,10,C10,NA,NA,NA,NA,NA,NA,NA,NA,NA,NA,NA,NA,NA,NA,CH,1,FALSE
CH-MT3-P50,Cecropia hispidissima,31/03/2026,XP224-OG,3,C,10,C10,0,0,0,NA,NA,NA,NA,NA,NA,NA,NA,NA,NA,0,CH,3,FALSE
PA-MT7-P16,Piper aduncum,September 02 2025,XP224-OG,3,C,12,C12,6,6,4,25,2.5,0.5,55,0.5,5,NA,NA,NA,NA,10,PA,7,FALSE
BS-MT5-P50,Bactris setulosa,December 1 2025,XP224-OG,3,C,13,C13,1,1,0,50,NA,NA,NA,NA,NA,NA,NA,NA,NA,50,BS,5,FALSE
BG-MT3-P9,Banara guianensis,September 02 2025,XP224-OG,3,C,14,C14,NA,NA,NA,NA,NA,NA,NA,NA,NA,NA,NA,NA,NA,NA,BG,3,FALSE
PG-MT5-P27,Pouruma guianensis,31/03/2026,XP224-OG,3,C,15,C15,2,0,0,NA,NA,NA,NA,NA,NA,NA,NA,NA,NA,0,PG,5,FALSE
VB-MT3-P27,Vismia baccifera,31/03/2026,XP224-OG,3,C,16,C16,7,7,0,7.5,5,10,15,5,1,5,NA,NA,NA,5,VB,3,FALSE
BS-MT6-P20,Bactris setulosa,September 02 2025,XP224-OG,4,A,1,A1,4,2,0,70,50,NA,NA,NA,NA,NA,NA,NA,NA,50,BS,6,FALSE
MC-MT2-P16,Miconia conocuatrecasasii,September 02 2025,XP224-OG,4,A,2,A2,3,2,0,10,10,NA,NA,NA,NA,NA,NA,NA,NA,5,MC,2,FALSE
BU-MT3-P71,Brosimum utile,September 02 2025,XP224-OG,4,A,3,A3,4,0,2,NA,NA,NA,NA,NA,NA,NA,NA,NA,NA,0,BU,3,FALSE
CP-MT3-P26,Carapa guianensis,May 21 2025,XP224-OG,4,A,5,A5,5,5,4,20,20,5,0.5,5,NA,NA,NA,NA,NA,7.5,CP,3,FALSE
IS-MT2-P44,Inga silanchensis,April 9 2025,XP224-OG,4,A,6,A6,3,2,2,5,50,NA,NA,NA,NA,NA,NA,NA,NA,15,IS,2,FALSE
OP-MT8-P24,Ochroma pyramidale,May 21 2025,XP224-OG,4,A,7,A7,NA,NA,NA,NA,NA,NA,NA,NA,NA,NA,NA,NA,NA,NA,OP,8,FALSE
PA-MT3-P14,Piper aduncum,April 9 2025,XP224-OG,4,A,8,A8,9,6,4,2.5,5,5,10,15,0.5,NA,NA,NA,NA,2.5,PA,3,FALSE
EA-MT1-P28,Ecuadendron acosta-solisianum,December 1 2025,XP224-OG,4,A,9,A9,8,5,0,2.5,1,0.5,0.5,2.5,NA,NA,NA,NA,NA,1,EA,1,FALSE
BP-MT4-P74,Bauhinia pichinchensis,31/03/2026,XP224-OG,4,A,10,A10,1,1,0,20,NA,NA,NA,NA,NA,NA,NA,NA,NA,20,BP,4,FALSE
CH-MT4-P32,Cecropia hispidissima,September 02 2025,XP224-OG,4,A,11,A11,3,2,2,0.5,5,NA,NA,NA,NA,NA,NA,NA,NA,1,CH,4,FALSE
DC-MT1-P6,Dacryodes cupularis,September 02 2025,XP224-OG,4,A,12,A12,NA,NA,NA,NA,NA,NA,NA,NA,NA,NA,NA,NA,NA,NA,DC,1,FALSE
VB-MT4-P51,Vismia baccifera,31/03/2026,XP224-OG,4,A,13,A13,5,3,0,1,1,1,NA,NA,NA,NA,NA,NA,NA,1,VB,4,FALSE
BG-MT4-P17,Banara guianensis,September 02 2025,XP224-OG,4,A,14,A14,13,3,0,5,0.5,1,NA,NA,NA,NA,NA,NA,NA,0.5,BG,4,FALSE
AE-MT5-P55,Annona edulis,31/03/2026,XP224-OG,4,A,15,A15,4,1,0,1,NA,NA,NA,NA,NA,NA,NA,NA,NA,0.5,AE,5,FALSE
PG-MT5-P53,Pouruma guianensis,31/03/2026,XP224-OG,4,A,16,A16,2,1,0,0.5,NA,NA,NA,NA,NA,NA,NA,NA,NA,0.5,PG,5,FALSE
IS-MT5-P8,Inga silanchensis,April 9 2025,XP224-OG,4,B,2,B2,1,1,0,2.5,NA,NA,NA,NA,NA,NA,NA,NA,NA,2.5,IS,5,FALSE
EA-MT2-P21,Ecuadendron acosta-solisianum,May 21 2025,XP224-OG,4,B,4,B4,15,9,2,1,1,2.5,2.5,0.5,0.5,0.5,1,0.5,NA,0.5,EA,2,FALSE
CP-MT5-P40,Carapa guianensis,September 02 2025,XP224-OG,4,B,5,B5,5,4,3,1,1,0.5,2.5,NA,NA,NA,NA,NA,NA,1,CP,5,FALSE
OP-MT7-P37,Ochroma pyramidale,May 21 2025,XP224-OG,4,B,7,B7,NA,NA,NA,NA,NA,NA,NA,NA,NA,NA,NA,NA,NA,NA,OP,7,FALSE
OP-MT6-P49,Ochroma pyramidale,31/03/2026,XP224-OG,4,B,7,B7,4,3,1,0.5,0.5,5,NA,NA,NA,NA,NA,NA,NA,0.5,OP,6,FALSE
CH-MT5-P55,Cecropia hispidissima,September 02 2025,XP224-OG,4,B,8,B8,NA,NA,NA,NA,NA,NA,NA,NA,NA,NA,NA,NA,NA,NA,CH,5,FALSE
DC-MT3-P9,Dacryodes cupularis,September 02 2025,XP224-OG,4,B,9,B9,1,1,0,0.5,NA,NA,NA,NA,NA,NA,NA,NA,NA,0.5,DC,3,FALSE
PG-MT2-P51,Pouruma guianensis,31/03/2026,XP224-OG,4,B,10,B10,2,1,0,10,NA,NA,NA,NA,NA,NA,NA,NA,NA,2.5,PG,2,FALSE
BG-MT4-P72,Banara guianensis,September 02 2025,XP224-OG,4,B,11,B11,NA,NA,NA,NA,NA,NA,NA,NA,NA,NA,NA,NA,NA,NA,BG,4,FALSE
BS-MT6-P19,Bactris setulosa,September 02 2025,XP224-OG,4,B,12,B12,3,2,1,10,60,NA,NA,NA,NA,NA,NA,NA,NA,40,BS,6,FALSE
BP-MT1-P17,Bauhinia pichinchensis,31/03/2026,XP224-OG,4,B,13,B13,3,1,20,NA,NA,NA,NA,NA,NA,NA,NA,NA,NA,10,BP,1,FALSE
AE-MT4-P47,Annona edulis,31/03/2026,XP224-OG,4,B,14,B14,1,1,0,1,NA,NA,NA,NA,NA,NA,NA,NA,NA,1,AE,4,FALSE
VB-MT2-P29,Vismia baccifera,31/03/2026,XP224-OG,4,B,15,B15,2,2,0,2.5,15,NA,NA,NA,NA,NA,NA,NA,NA,10,VB,2,FALSE
BU-MT3-P5,Brosimum utile,September 02 2025,XP224-OG,4,B,16,B16,4,1,3,10,NA,NA,NA,NA,NA,NA,NA,NA,NA,2.5,BU,3,FALSE
AE-MT4-P35,Annona edulis,31/03/2026,XP224-OG,4,C,1,C1,5,4,0,0.5,2.5,0.5,10,NA,NA,NA,NA,NA,NA,2.5,AE,4,FALSE
CH-MT3-P54,Cecropia hispidissima,September 02 2025,XP224-OG,4,C,2,C2,NA,NA,NA,NA,NA,NA,NA,NA,NA,NA,NA,NA,NA,NA,CH,3,FALSE
CH-MT4-P59,Cecropia hispidissima,31/03/2026,XP224-OG,4,C,2,C2,0,0,0,NA,NA,NA,NA,NA,NA,NA,NA,NA,NA,0,CH,4,FALSE
EA-MT4-P68,Ecuadendron acosta-solisianum,31/03/2026,XP224-OG,4,C,3,C3,11,10,0,2.5,2.5,5,50,5,0.5,0.5,1,0.5,0.5,1,EA,4,FALSE
BG-MT5-P44,Banara guianensis,September 02 2025,XP224-OG,4,C,4,C4,6,1,1,5,NA,NA,NA,NA,NA,NA,NA,NA,NA,1,BG,5,FALSE
VB-MT3-P9,Vismia baccifera,31/03/2026,XP224-OG,4,C,5,C5,3,2,0,5,2.5,NA,NA,NA,NA,NA,NA,NA,NA,2.5,VB,3,FALSE
CP-MT5-P30,Carapa guianensis,September 02 2025,XP224-OG,4,C,6,C6,NA,NA,NA,NA,NA,NA,NA,NA,NA,NA,NA,NA,NA,NA,CP,5,FALSE
CP-MT2-P93,Carapa guianensis,31/03/2026,XP224-OG,4,C,6,C6,NA,NA,NA,NA,NA,NA,NA,NA,NA,NA,NA,NA,NA,NA,CP,2,FALSE
IS-MT1-P22,Inga silanchensis,May 21 2025,XP224-OG,4,C,8,C8,0,0,0,NA,NA,NA,NA,NA,NA,NA,NA,NA,NA,0,IS,1,FALSE
BU-MT5-P45,Brosimum utile,September 02 2025,XP224-OG,4,C,9,C9,4,0,4,NA,NA,NA,NA,NA,NA,NA,NA,NA,NA,0,BU,5,FALSE
PG-MT1-P61,Pouruma guianensis,31/03/2026,XP224-OG,4,C,11,C11,1,1,0,0.5,NA,NA,NA,NA,NA,NA,NA,NA,NA,0.5,PG,1,FALSE
OP-MT8-P49,Ochroma pyramidale,May 21 2025,XP224-OG,4,C,12,C12,NA,NA,NA,NA,NA,NA,NA,NA,NA,NA,NA,NA,NA,NA,OP,8,FALSE
BS-MT6-P45,Bactris setulosa,December 1 2025,XP224-OG,4,C,13,C13,3,3,1,1,10,5,NA,NA,NA,NA,NA,NA,NA,5,BS,6,FALSE
DC-MT4-P33,Dacryodes cupularis,September 02 2025,XP224-OG,4,C,14,C14,NA,NA,NA,NA,NA,NA,NA,NA,NA,NA,NA,NA,NA,NA,DC,4,FALSE
BP-MT1-P46,Bauhinia pichinchensis,31/03/2026,XP224-OG,4,C,16,C16,1,1,0,50,NA,NA,NA,NA,NA,NA,NA,NA,NA,50,BP,1,FALSE
IS-MT4-P9,Inga silanchensis,December 1 2025,XP224-OG,5,A,3,A3,NA,NA,NA,NA,NA,NA,NA,NA,NA,NA,NA,NA,NA,NA,IS,4,FALSE
AE-MT3-P47,Annona edulis,31/03/2026,XP224-OG,5,A,5,A5,NA,NA,NA,NA,NA,NA,NA,NA,NA,NA,NA,NA,NA,NA,AE,3,FALSE
BP-MT3-P52,Bauhinia pichinchensis,31/03/2026,XP224-OG,5,A,8,A8,NA,NA,NA,NA,NA,NA,NA,NA,NA,NA,NA,NA,NA,NA,BP,3,FALSE
BG-MT5-P22,Banara guianensis,September 02 2025,XP224-OG,5,A,9,A9,NA,NA,NA,NA,NA,NA,NA,NA,NA,NA,NA,NA,NA,NA,BG,5,FALSE
VB-MT5-P20,Vismia baccifera,31/03/2026,XP224-OG,5,A,10,A10,NA,NA,NA,NA,NA,NA,NA,NA,NA,NA,NA,NA,NA,NA,VB,5,FALSE
CH-MT4-P14,Cecropia hispidissima,September 02 2025,XP224-OG,5,A,11,A11,NA,NA,NA,NA,NA,NA,NA,NA,NA,NA,NA,NA,NA,NA,CH,4,FALSE
PG-MT2-P61,Pouruma guianensis,31/03/2026,XP224-OG,5,A,14,A14,NA,NA,NA,NA,NA,NA,NA,NA,NA,NA,NA,NA,NA,NA,PG,2,FALSE
DC-MT5-P55,Dacryodes cupularis,September 02 2025,XP224-OG,5,A,16,A16,NA,NA,NA,NA,NA,NA,NA,NA,NA,NA,NA,NA,NA,NA,DC,5,FALSE
CP-MT1-P25,Carapa guianensis,September 02 2025,XP224-OG,5,B,1,B1,NA,NA,NA,NA,NA,NA,NA,NA,NA,NA,NA,NA,NA,NA,CP,1,FALSE
PG-MT4-P39,Pouruma guianensis,31/03/2026,XP224-OG,5,B,2,B2,NA,NA,NA,NA,NA,NA,NA,NA,NA,NA,NA,NA,NA,NA,PG,4,FALSE
BS-MT1-P95,Bactris setulosa,31/03/2026,XP224-OG,5,B,3,B3,NA,NA,NA,NA,NA,NA,NA,NA,NA,NA,NA,NA,NA,NA,BS,1,FALSE
VB-MT2-P52,Vismia baccifera,31/03/2026,XP224-OG,5,B,5,B5,NA,NA,NA,NA,NA,NA,NA,NA,NA,NA,NA,NA,NA,NA,VB,2,FALSE
BU-MT4-P63,Brosimum utile,September 02 2025,XP224-OG,5,B,6,B6,NA,NA,NA,NA,NA,NA,NA,NA,NA,NA,NA,NA,NA,NA,BU,4,FALSE
BG-MT2-P70,Banara guianensis,September 02 2025,XP224-OG,5,B,7,B7,NA,NA,NA,NA,NA,NA,NA,NA,NA,NA,NA,NA,NA,NA,BG,2,FALSE
AE-MT2-P50,Annona edulis,31/03/2026,XP224-OG,5,B,10,B10,NA,NA,NA,NA,NA,NA,NA,NA,NA,NA,NA,NA,NA,NA,AE,2,FALSE
DC-MT1-P60,Dacryodes cupularis,September 02 2025,XP224-OG,5,B,11,B11,NA,NA,NA,NA,NA,NA,NA,NA,NA,NA,NA,NA,NA,NA,DC,1,FALSE
EA-MT3-P61,Ecuadendron acosta-solisianum,31/03/2026,XP224-OG,5,B,12,B12,NA,NA,NA,NA,NA,NA,NA,NA,NA,NA,NA,NA,NA,NA,EA,3,FALSE
BP-MT5-P15,Bauhinia pichinchensis,31/03/2026,XP224-OG,5,B,14,B14,NA,NA,NA,NA,NA,NA,NA,NA,NA,NA,NA,NA,NA,NA,BP,5,FALSE
VB-MT2-P12,Vismia baccifera,31/03/2026,XP224-OG,5,C,1,C1,NA,NA,NA,NA,NA,NA,NA,NA,NA,NA,NA,NA,NA,NA,VB,2,FALSE
BG-MT4-P35,Banara guianensis,September 02 2025,XP224-OG,5,C,4,C4,NA,NA,NA,NA,NA,NA,NA,NA,NA,NA,NA,NA,NA,NA,BG,4,FALSE
AE-MT1-P42,Annona edulis,31/03/2026,XP224-OG,5,C,5,C5,NA,NA,NA,NA,NA,NA,NA,NA,NA,NA,NA,NA,NA,NA,AE,1,FALSE
EA-MT2-P27,Ecuadendron acosta-solisianum,31/03/2026,XP224-OG,5,C,6,C6,NA,NA,NA,NA,NA,NA,NA,NA,NA,NA,NA,NA,NA,NA,EA,2,FALSE
IS-MT2-P41,Inga silanchensis,December 1 2025,XP224-OG,5,C,8,C8,NA,NA,NA,NA,NA,NA,NA,NA,NA,NA,NA,NA,NA,NA,IS,2,FALSE
BP-MT4-P6,Bauhinia pichinchensis,31/03/2026,XP224-OG,5,C,10,C10,NA,NA,NA,NA,NA,NA,NA,NA,NA,NA,NA,NA,NA,NA,BP,4,FALSE
DC-MT2-P19,Dacryodes cupularis,September 02 2025,XP224-OG,5,C,12,C12,NA,NA,NA,NA,NA,NA,NA,NA,NA,NA,NA,NA,NA,NA,DC,2,FALSE
PG-MT3-P40,Pouruma guianensis,31/03/2026,XP224-OG,5,C,13,C13,NA,NA,NA,NA,NA,NA,NA,NA,NA,NA,NA,NA,NA,NA,PG,3,FALSE
CH-MT2-P46,Cecropia hispidissima,September 02 2025,XP224-OG,5,C,16,C16,NA,NA,NA,NA,NA,NA,NA,NA,NA,NA,NA,NA,NA,NA,CH,2,FALSE
BU-MT1-P3,Brosimum utile,May 21 2025,XP225-OG,1,A,1,A1,6,3,6,1,0.5,0.5,NA,NA,NA,NA,NA,NA,NA,0.5,BU,1,FALSE
CP-MT3-P77,Carapa guianensis,May 21 2025,XP225-OG,1,A,2,A2,NA,NA,NA,NA,NA,NA,NA,NA,NA,NA,NA,NA,NA,NA,CP,3,FALSE
MC-MT1-P54,Miconia conocuatrecasasii,September 03 2025,XP225-OG,1,A,3,A3,6,5,5,5,10,12.5,1,15,NA,NA,NA,NA,NA,10,MC,1,FALSE
PG-MT3-P67,Pouruma guianensis,01/04/2026,XP225-OG,1,A,6,A6,5,2,1,0.5,0.5,NA,NA,NA,NA,NA,NA,NA,NA,0.5,PG,3,FALSE
CH-MT4-P11,Cecropia hispidissima,September 03 2025,XP225-OG,1,A,7,A7,NA,NA,NA,NA,NA,NA,NA,NA,NA,NA,NA,NA,NA,NA,CH,4,FALSE
VB-MT2-P40,Vismia baccifera,01/04/2026,XP225-OG,1,A,8,A8,3,2,0,20,5,NA,NA,NA,NA,NA,NA,NA,NA,10,VB,2,FALSE
IS-MT2-P6,Inga silanchensis,December 1 2025,XP225-OG,1,A,9,A9,1,1,1,30,NA,NA,NA,NA,NA,NA,NA,NA,NA,30,IS,2,FALSE
DC-MT3-P64,Dacryodes cupularis,01/04/2026,XP225-OG,1,A,10,A10,1,1,0,25,NA,NA,NA,NA,NA,NA,NA,NA,NA,25,DC,3,FALSE
BG-MT5-P55,Banara guianensis,September 03 2025,XP225-OG,1,A,11,A11,NA,NA,NA,NA,NA,NA,NA,NA,NA,NA,NA,NA,NA,NA,BG,5,FALSE
OP-MT9-P2,Ochroma pyramidale,April 9 2025,XP225-OG,1,A,12,A12,NA,NA,NA,NA,NA,NA,NA,NA,NA,NA,NA,NA,NA,NA,OP,9,FALSE
BS-MT1-P9,Bactris setulosa,September 03 2025,XP225-OG,1,A,13,A13,3,1,3,5,NA,NA,NA,NA,NA,NA,NA,NA,NA,1,BS,1,FALSE
AE-MT3-P51,Annona edulis,01/04/2026,XP225-OG,1,A,14,A14,3,2,2,1,5,NA,NA,NA,NA,NA,NA,NA,NA,1,AE,3,FALSE
BP-MT1-P28,Bauhinia pichinchensis,01/04/2026,XP225-OG,1,A,15,A15,0,0,0,NA,NA,NA,NA,NA,NA,NA,NA,NA,NA,0,BP,1,FALSE
EA-MT5-P97,Ecuadendron acosta-solisianum,01/04/2026,XP225-OG,1,A,16,A16,12,8,4,2.5,2.5,0.5,2.5,10,5,10,0.5,0.5,NA,1,EA,5,FALSE
OP-MT2-P39,Ochroma pyramidale,April 9 2025,XP225-OG,1,B,1,B1,NA,NA,NA,NA,NA,NA,NA,NA,NA,NA,NA,NA,NA,NA,OP,2,FALSE
OP-MT9-P61,Ochroma pyramidale,December 1 2025,XP225-OG,1,B,1,B1,0,0,0,NA,NA,NA,NA,NA,NA,NA,NA,NA,NA,0,OP,9,FALSE
DC-MT3-P49,Dacryodes cupularis,September 03 2025,XP225-OG,1,B,2,B2,2,2,2,10,5,NA,NA,NA,NA,NA,NA,NA,NA,7.5,DC,3,FALSE
AE-MT2-P59,Annona edulis,01/04/2026,XP225-OG,1,B,4,B4,3,1,0,0.5,NA,NA,NA,NA,NA,NA,NA,NA,NA,0.5,AE,2,FALSE
IS-MT1-P2,Inga silanchensis,May 21 2025,XP225-OG,1,B,5,B5,3,3,3,45,25,20,NA,NA,NA,NA,NA,NA,NA,30,IS,1,FALSE
CH-MT2-P52,Cecropia hispidissima,September 03 2025,XP225-OG,1,B,6,B6,NA,NA,NA,NA,NA,NA,NA,NA,NA,NA,NA,NA,NA,NA,CH,2,FALSE
CP-MT1-P22,Carapa guianensis,September 03 2025,XP225-OG,1,B,7,B7,2,2,2,2.5,1,NA,NA,NA,NA,NA,NA,NA,NA,1,CP,1,FALSE
BG-MT1-P32,Banara guianensis,September 03 2025,XP225-OG,1,B,8,B8,NA,NA,NA,NA,NA,NA,NA,NA,NA,NA,NA,NA,NA,NA,BG,1,FALSE
EA-MT1-P13,Ecuadendron acosta-solisianum,December 1 2025,XP225-OG,1,B,9,B9,18,6,2,10,10,5,1,0.5,0.5,NA,NA,NA,NA,0.5,EA,1,FALSE
VB-MT3-P64,Vismia baccifera,01/04/2026,XP225-OG,1,B,10,B10,4,3,0,25,25,15,NA,NA,NA,NA,NA,NA,NA,20,VB,3,FALSE
BP-MT1-P48,Bauhinia pichinchensis,01/04/2026,XP225-OG,1,B,11,B11,0,0,0,NA,NA,NA,NA,NA,NA,NA,NA,NA,NA,0,BP,1,FALSE
PG-MT4-P36,Pouruma guianensis,01/04/2026,XP225-OG,1,B,12,B12,1,0,0,NA,NA,NA,NA,NA,NA,NA,NA,NA,NA,0,PG,4,FALSE
BS-MT5-P4,Bactris setulosa,September 03 2025,XP225-OG,1,B,13,B13,4,3,4,60,5,40,NA,NA,NA,NA,NA,NA,NA,40,BS,5,FALSE
BU-MT2-P21,Brosimum utile,September 03 2025,XP225-OG,1,B,15,B15,7,1,6,1,NA,NA,NA,NA,NA,NA,NA,NA,NA,0.5,BU,2,FALSE
PA-MT7-P19,Piper aduncum,September 03 2025,XP225-OG,1,B,16,B16,12,8,6,2.5,2.5,5,1,20,1,20,40,NA,NA,5,PA,7,FALSE
DC-MT5-P74,Dacryodes cupularis,September 03 2025,XP225-OG,1,C,1,C1,NA,NA,NA,NA,NA,NA,NA,NA,NA,NA,NA,NA,NA,NA,DC,5,FALSE
CP-MT2-P74,Carapa guianensis,May 21 2025,XP225-OG,1,C,2,C2,7,4,5,5,20,1,5,NA,NA,NA,NA,NA,NA,1,CP,2,FALSE
PG-MT1-P45,Pouruma guianensis,01/04/2026,XP225-OG,1,C,3,C3,1,0,0,NA,NA,NA,NA,NA,NA,NA,NA,NA,NA,0,PG,1,FALSE
AE-MT4-P44,Annona edulis,01/04/2026,XP225-OG,1,C,4,C4,0,0,0,NA,NA,NA,NA,NA,NA,NA,NA,NA,NA,0,AE,4,FALSE
BG-MT2-P64,Banara guianensis,September 03 2025,XP225-OG,1,C,5,C5,NA,NA,NA,NA,NA,NA,NA,NA,NA,NA,NA,NA,NA,NA,BG,2,FALSE
EA-MT4-P47,Ecuadendron acosta-solisianum,01/04/2026,XP225-OG,1,C,6,C6,2,2,2,0.5,0.5,NA,NA,NA,NA,NA,NA,NA,NA,0.5,EA,4,FALSE
IS-MT2-P55,Inga silanchensis,May 21 2025,XP225-OG,1,C,7,C7,NA,NA,NA,NA,NA,NA,NA,NA,NA,NA,NA,NA,NA,NA,IS,2,FALSE
OP-MT8-P48,Ochroma pyramidale,May 21 2025,XP225-OG,1,C,8,C8,NA,NA,NA,NA,NA,NA,NA,NA,NA,NA,NA,NA,NA,NA,OP,8,FALSE
PA-MT6-P74,Piper aduncum,01/04/2026,XP225-OG,1,C,9,C9,2,1,0,1,NA,NA,NA,NA,NA,NA,NA,NA,NA,0.5,PA,6,FALSE
BU-MT4-P60,Brosimum utile,September 03 2025,XP225-OG,1,C,11,C11,3,2,3,0.5,0.5,NA,NA,NA,NA,NA,NA,NA,NA,0.5,BU,4,FALSE
VB-MT4-P13,Vismia baccifera,01/04/2026,XP225-OG,1,C,12,C12,4,4,0,10,10,5,25,NA,NA,NA,NA,NA,NA,10,VB,4,FALSE
BS-MT1-P77,Bactris setulosa,December 1 2025,XP225-OG,1,C,13,C13,3,2,3,5,0.5,NA,NA,NA,NA,NA,NA,NA,NA,1,BS,1,FALSE
BP-MT4-P39,Bauhinia pichinchensis,01/04/2026,XP225-OG,1,C,14,C14,0,0,0,NA,NA,NA,NA,NA,NA,NA,NA,NA,NA,0,BP,4,FALSE
CH-MT3-P52,Cecropia hispidissima,September 03 2025,XP225-OG,1,C,15,C15,NA,NA,NA,NA,NA,NA,NA,NA,NA,NA,NA,NA,NA,NA,CH,3,FALSE
IS-MT5-P25,Inga silanchensis,April 9 2025,XP225-OG,2,A,1,A1,2,2,2,0.5,10,NA,NA,NA,NA,NA,NA,NA,NA,5,IS,5,FALSE
PG-MT5-P8,Pouruma guianensis,01/04/2026,XP225-OG,2,A,2,A2,2,1,0,1,NA,NA,NA,NA,NA,NA,NA,NA,NA,0.5,PG,5,FALSE
DC-MT2-P1,Dacryodes cupularis,September 03 2025,XP225-OG,2,A,3,A3,2,2,1,2.5,0.5,NA,NA,NA,NA,NA,NA,NA,NA,1,DC,2,FALSE
CP-MT4-P79,Carapa guianensis,May 21 2025,XP225-OG,2,A,5,A5,3,0,3,NA,NA,NA,NA,NA,NA,NA,NA,NA,NA,0,CP,4,FALSE
OP-MT9-P20,Ochroma pyramidale,April 9 2025,XP225-OG,2,A,6,A6,NA,NA,NA,NA,NA,NA,NA,NA,NA,NA,NA,NA,NA,NA,OP,9,FALSE
CH-MT5-P52,Cecropia hispidissima,September 03 2025,XP225-OG,2,A,7,A7,5,4,2,0.5,0.5,2.5,1,NA,NA,NA,NA,NA,NA,1,CH,5,FALSE
BU-MT5-P4,Brosimum utile,September 03 2025,XP225-OG,2,A,8,A8,0,0,0,NA,NA,NA,NA,NA,NA,NA,NA,NA,NA,0,BU,5,FALSE
VB-MT4-P32,Vismia baccifera,01/04/2026,XP225-OG,2,A,9,A9,3,0,0,NA,NA,NA,NA,NA,NA,NA,NA,NA,NA,0,VB,4,FALSE
PA-MT3-P31,Piper aduncum,April 9 2025,XP225-OG,2,A,10,A10,16,8,15,0.5,1,1,0.5,0.5,20,5,10,NA,NA,1,PA,3,FALSE
EA-MT5-P60,Ecuadendron acosta-solisianum,December 1 2025,XP225-OG,2,A,12,A12,11,4,5,25,1,5,0.5,NA,NA,NA,NA,NA,NA,1,EA,5,FALSE
BS-MT6-P29,Bactris setulosa,September 03 2025,XP225-OG,2,A,13,A13,2,1,1,80,NA,NA,NA,NA,NA,NA,NA,NA,NA,60,BS,6,FALSE
BP-MT2-P64,Bauhinia pichinchensis,01/04/2026,XP225-OG,2,A,14,A14,2,2,0,1,60,NA,NA,NA,NA,NA,NA,NA,NA,45,BP,2,FALSE
BG-MT2-P16,Banara guianensis,September 03 2025,XP225-OG,2,A,15,A15,16,2,3,1,0.5,NA,NA,NA,NA,NA,NA,NA,NA,0.5,BG,2,FALSE
AE-MT2-P23,Annona edulis,01/04/2026,XP225-OG,2,A,16,A16,0,0,0,NA,NA,NA,NA,NA,NA,NA,NA,NA,NA,0,AE,2,FALSE
OP-MT7-P44,Ochroma pyramidale,May 21 2025,XP225-OG,2,B,1,B1,NA,NA,NA,NA,NA,NA,NA,NA,NA,NA,NA,NA,NA,NA,OP,7,FALSE
BS-MT5-P72,Bactris setulosa,December 1 2025,XP225-OG,2,B,2,B2,3,3,3,45,2.5,55,NA,NA,NA,NA,NA,NA,NA,30,BS,5,FALSE
BG-MT4-P74,Banara guianensis,September 03 2025,XP225-OG,2,B,3,B3,21,4,9,5,0.5,1,1,NA,NA,NA,NA,NA,NA,0.5,BG,4,FALSE
PG-MT2-P43,Pouruma guianensis,01/04/2026,XP225-OG,2,B,4,B4,4,3,2,1,0.5,NA,NA,NA,NA,NA,NA,NA,NA,0.5,PG,2,FALSE
AE-MT4-P58,Annona edulis,01/04/2026,XP225-OG,2,B,5,B5,2,2,0,0.5,30,NA,NA,NA,NA,NA,NA,NA,NA,10,AE,4,FALSE
DC-MT1-P39,Dacryodes cupularis,September 03 2025,XP225-OG,2,B,7,B7,2,2,2,10,0.5,NA,NA,NA,NA,NA,NA,NA,NA,5,DC,1,FALSE
CP-MT5-P70,Carapa guianensis,September 03 2025,XP225-OG,2,B,8,B8,4,2,2,0.5,1,NA,NA,NA,NA,NA,NA,NA,NA,0.5,CP,5,FALSE
MC-MT1-P56,Miconia conocuatrecasasii,September 03 2025,XP225-OG,2,B,9,B9,4,2,4,10,15,NA,NA,NA,NA,NA,NA,NA,NA,7.5,MC,1,FALSE
VB-MT2-P2,Vismia baccifera,01/04/2026,XP225-OG,2,B,10,B10,3,3,0,1,1,2.5,NA,NA,NA,NA,NA,NA,NA,1,VB,2,FALSE
IS-MT4-P52,Inga silanchensis,May 21 2025,XP225-OG,2,B,12,B12,0,0,0,NA,NA,NA,NA,NA,NA,NA,NA,NA,NA,0,IS,4,FALSE
BU-MT5-P26,Brosimum utile,September 03 2025,XP225-OG,2,B,13,B13,4,1,4,12.5,NA,NA,NA,NA,NA,NA,NA,NA,NA,2.5,BU,5,FALSE
BP-MT5-P48,Bauhinia pichinchensis,01/04/2026,XP225-OG,2,B,14,B14,2,2,0,2.5,0.5,NA,NA,NA,NA,NA,NA,NA,NA,1,BP,5,FALSE
CH-MT2-P44,Cecropia hispidissima,September 03 2025,XP225-OG,2,B,15,B15,NA,NA,NA,NA,NA,NA,NA,NA,NA,NA,NA,NA,NA,NA,CH,2,FALSE
EA-MT5-P38,Ecuadendron acosta-solisianum,December 1 2025,XP225-OG,2,B,16,B16,8,6,2,2.5,0.5,0.5,0.5,5,0.5,NA,NA,NA,NA,0.5,EA,5,FALSE
IS-MT4-P57,Inga silanchensis,May 21 2025,XP225-OG,2,C,1,C1,NA,NA,NA,NA,NA,NA,NA,NA,NA,NA,NA,NA,NA,NA,IS,4,FALSE
PA-MT6-P51,Piper aduncum,May 21 2025,XP225-OG,2,C,3,C3,NA,NA,NA,NA,NA,NA,NA,NA,NA,NA,NA,NA,NA,NA,PA,6,FALSE
PG-MT3-P22,Pouruma guianensis,01/04/2026,XP225-OG,2,C,4,C4,1,1,0,0.5,NA,NA,NA,NA,NA,NA,NA,NA,NA,0.5,PG,3,FALSE
VB-MT5-P33,Vismia baccifera,01/04/2026,XP225-OG,2,C,5,C5,2,1,0,5,NA,NA,NA,NA,NA,NA,NA,NA,NA,2.5,VB,5,FALSE
OP-MT6-P14,Ochroma pyramidale,May 21 2025,XP225-OG,2,C,6,C6,NA,NA,NA,NA,NA,NA,NA,NA,NA,NA,NA,NA,NA,NA,OP,6,FALSE
OP-MT9-P12,Ochroma pyramidale,December 1 2025,XP225-OG,2,C,6,C6,0,0,0,NA,NA,NA,NA,NA,NA,NA,NA,NA,NA,0,OP,9,FALSE
AE-MT4-P53,Annona edulis,01/04/2026,XP225-OG,2,C,7,C7,1,1,0,5,NA,NA,NA,NA,NA,NA,NA,NA,NA,5,AE,4,FALSE
CP-MT3-P32,Carapa guianensis,May 21 2025,XP225-OG,2,C,8,C8,NA,NA,NA,NA,NA,NA,NA,NA,NA,NA,NA,NA,NA,NA,CP,3,FALSE
BU-MT3-P53,Brosimum utile,September 03 2025,XP225-OG,2,C,9,C9,3,1,3,0.5,NA,NA,NA,NA,NA,NA,NA,NA,NA,0.5,BU,3,FALSE
MC-MT3-P17,Miconia conocuatrecasasii,September 03 2025,XP225-OG,2,C,10,C10,3,1,1,0.5,NA,NA,NA,NA,NA,NA,NA,NA,NA,0.5,MC,3,FALSE
BS-MT5-P16,Bactris setulosa,September 03 2025,XP225-OG,2,C,11,C11,2,1,2,10,NA,NA,NA,NA,NA,NA,NA,NA,NA,5,BS,5,FALSE
EA-MT1-P17,Ecuadendron acosta-solisianum,December 1 2025,XP225-OG,2,C,12,C12,18,4,16,0.5,0.5,0.5,0.5,NA,NA,NA,NA,NA,NA,0.5,EA,1,FALSE
BG-MT4-P14,Banara guianensis,September 03 2025,XP225-OG,2,C,13,C13,NA,NA,NA,NA,NA,NA,NA,NA,NA,NA,NA,NA,NA,NA,BG,4,FALSE
BP-MT3-P30,Bauhinia pichinchensis,01/04/2026,XP225-OG,2,C,14,C14,0,0,0,NA,NA,NA,NA,NA,NA,NA,NA,NA,NA,0,BP,3,FALSE
CH-MT4-P36,Cecropia hispidissima,September 03 2025,XP225-OG,2,C,15,C15,7,6,7,7.5,5,1,2.5,0.5,10,NA,NA,NA,NA,2.5,CH,4,FALSE
DC-MT3-P15,Dacryodes cupularis,September 03 2025,XP225-OG,2,C,16,C16,3,3,3,20,5,5,NA,NA,NA,NA,NA,NA,NA,7.5,DC,3,FALSE
CH-MT1-P13,Cecropia hispidissima,May 21 2025,XP225-OG,3,A,1,A1,NA,NA,NA,NA,NA,NA,NA,NA,NA,NA,NA,NA,NA,NA,CH,1,FALSE
EA-MT2-P28,Ecuadendron acosta-solisianum,01/04/2026,XP225-OG,3,A,2,A2,6,6,0,10,10,12.5,30,1,0.5,NA,NA,NA,NA,5,EA,2,FALSE
PA-MT3-P4,Piper aduncum,April 9 2025,XP225-OG,3,A,3,A3,7,7,7,20,10,5,0.5,2.5,1,25,NA,NA,NA,10,PA,3,FALSE
OP-MT2-P33,Ochroma pyramidale,April 9 2025,XP225-OG,3,A,4,A4,NA,NA,NA,NA,NA,NA,NA,NA,NA,NA,NA,NA,NA,NA,OP,2,FALSE
OP-MT6-P57,Ochroma pyramidale,01/04/2026,XP225-OG,3,A,4,A4,0,0,0,NA,NA,NA,NA,NA,NA,NA,NA,NA,NA,0,OP,6,FALSE
CP-MT1-P58,Carapa guianensis,September 03 2025,XP225-OG,3,A,5,A5,3,3,3,5,1,0.5,NA,NA,NA,NA,NA,NA,NA,2.5,CP,1,FALSE
PG-MT1-P12,Pouruma guianensis,01/04/2026,XP225-OG,3,A,7,A7,2,0,0,NA,NA,NA,NA,NA,NA,NA,NA,NA,NA,0,PG,1,FALSE
AE-MT1-P25,Annona edulis,01/04/2026,XP225-OG,3,A,8,A8,4,2,0,0.5,0.5,NA,NA,NA,NA,NA,NA,NA,NA,0.5,AE,1,FALSE
MC-MT2-P19,Miconia conocuatrecasasii,September 03 2025,XP225-OG,3,A,9,A9,2,2,2,0.5,5,NA,NA,NA,NA,NA,NA,NA,NA,1,MC,2,FALSE
IS-MT3-P12,Inga silanchensis,April 9 2025,XP225-OG,3,A,10,A10,1,1,1,1,NA,NA,NA,NA,NA,NA,NA,NA,NA,1,IS,3,FALSE
BP-MT1-P74,Bauhinia pichinchensis,01/04/2026,XP225-OG,3,A,11,A11,1,0,0,NA,NA,NA,NA,NA,NA,NA,NA,NA,NA,0,BP,1,FALSE
DC-MT4-P7,Dacryodes cupularis,September 03 2025,XP225-OG,3,A,12,A12,NA,NA,NA,NA,NA,NA,NA,NA,NA,NA,NA,NA,NA,NA,DC,4,FALSE
BU-MT4-P7,Brosimum utile,September 03 2025,XP225-OG,3,A,13,A13,4,1,3,40,NA,NA,NA,NA,NA,NA,NA,NA,NA,10,BU,4,FALSE
VB-MT5-P64,Vismia baccifera,01/04/2026,XP225-OG,3,A,14,A14,3,0,1,NA,NA,NA,NA,NA,NA,NA,NA,NA,NA,0,VB,5,FALSE
BG-MT3-P20,Banara guianensis,September 03 2025,XP225-OG,3,A,15,A15,15,6,5,1,5,7.5,20,5,5,NA,NA,NA,NA,2.5,BG,3,FALSE
BS-MT6-P70,Bactris setulosa,December 1 2025,XP225-OG,3,A,16,A16,2,2,2,10,0.5,NA,NA,NA,NA,NA,NA,NA,NA,5,BS,6,FALSE
PA-MT3-P47,Piper aduncum,December 1 2025,XP225-OG,3,B,1,B1,6,4,2,10,50,75,5,NA,NA,NA,NA,NA,NA,10,PA,3,FALSE
BU-MT3-P22,Brosimum utile,September 03 2025,XP225-OG,3,B,2,B2,9,4,8,2.5,5,1,1,NA,NA,NA,NA,NA,NA,1,BU,3,FALSE
AE-MT5-P30,Annona edulis,01/04/2026,XP225-OG,3,B,3,B3,5,1,1,0.5,NA,NA,NA,NA,NA,NA,NA,NA,NA,0.5,AE,5,FALSE
BG-MT1-P70,Banara guianensis,September 03 2025,XP225-OG,3,B,4,B4,22,5,0,2.5,5,1,25,20,NA,NA,NA,NA,NA,1,BG,1,FALSE
VB-MT1-P34,Vismia baccifera,September 03 2025,XP225-OG,3,B,5,B5,12,6,6,25,10,2.5,12.5,1,1,NA,NA,NA,NA,5,VB,1,FALSE
CH-MT4-P89,Cecropia hispidissima,September 03 2025,XP225-OG,3,B,6,B6,NA,NA,NA,NA,NA,NA,NA,NA,NA,NA,NA,NA,NA,NA,CH,4,FALSE
PG-MT4-P28,Pouruma guianensis,01/04/2026,XP225-OG,3,B,7,B7,2,2,0,0.5,1,NA,NA,NA,NA,NA,NA,NA,NA,0.5,PG,4,FALSE
OP-MT7-P50,Ochroma pyramidale,May 21 2025,XP225-OG,3,B,8,B8,NA,NA,NA,NA,NA,NA,NA,NA,NA,NA,NA,NA,NA,NA,OP,7,FALSE
OP-MT6-P64,Ochroma pyramidale,01/04/2026,XP225-OG,3,B,8,B8,2,2,0,5,10,NA,NA,NA,NA,NA,NA,NA,NA,5,OP,6,FALSE
IS-MT2-P48,Inga silanchensis,April 9 2025,XP225-OG,3,B,9,B9,4,3,4,5,50,5,NA,NA,NA,NA,NA,NA,NA,20,IS,2,FALSE
EA-MT4-P13,Ecuadendron acosta-solisianum,May 21 2025,XP225-OG,3,B,10,B10,16,5,10,45,0.5,0.5,0.5,2.5,NA,NA,NA,NA,NA,2.5,EA,4,FALSE
MC-MT3-P48,Miconia conocuatrecasasii,September 03 2025,XP225-OG,3,B,11,B11,3,3,1,25,25,1,NA,NA,NA,NA,NA,NA,NA,20,MC,3,FALSE
DC-MT5-P5,Dacryodes cupularis,September 03 2025,XP225-OG,3,B,12,B12,3,2,1,5,25,NA,NA,NA,NA,NA,NA,NA,NA,10,DC,5,FALSE
CP-MT1-P39,Carapa guianensis,September 03 2025,XP225-OG,3,B,13,B13,3,2,3,2.5,0.5,NA,NA,NA,NA,NA,NA,NA,NA,0.5,CP,1,FALSE
BP-MT3-P28,Bauhinia pichinchensis,01/04/2026,XP225-OG,3,B,14,B14,0,0,0,NA,NA,NA,NA,NA,NA,NA,NA,NA,NA,0,BP,3,FALSE
BS-MT6-P61,Bactris setulosa,December 1 2025,XP225-OG,3,B,16,B16,3,1,3,50,NA,NA,NA,NA,NA,NA,NA,NA,NA,10,BS,6,FALSE
AE-MT2-P63,Annona edulis,01/04/2026,XP225-OG,3,C,1,C1,3,1,0,2.5,NA,NA,NA,NA,NA,NA,NA,NA,NA,1,AE,2,FALSE
BU-MT2-P2,Brosimum utile,September 03 2025,XP225-OG,3,C,2,C2,NA,NA,NA,NA,NA,NA,NA,NA,NA,NA,NA,NA,NA,NA,BU,2,FALSE
BU-MT2-P15,Brosimum utile,01/04/2026,XP225-OG,3,C,2,C2,0,0,0,NA,NA,NA,NA,NA,NA,NA,NA,NA,NA,0,BU,2,FALSE
CP-MT5-P69,Carapa guianensis,September 03 2025,XP225-OG,3,C,3,C3,2,2,0,0.5,1,NA,NA,NA,NA,NA,NA,NA,NA,0.5,CP,5,FALSE
IS-MT3-P50,Inga silanchensis,December 1 2025,XP225-OG,3,C,5,C5,2,2,2,2.5,5,NA,NA,NA,NA,NA,NA,NA,NA,5,IS,3,FALSE
MC-MT3-P25,Miconia conocuatrecasasii,September 03 2025,XP225-OG,3,C,6,C6,3,2,2,2.5,40,NA,NA,NA,NA,NA,NA,NA,NA,20,MC,3,FALSE
VB-MT4-P66,Vismia baccifera,01/04/2026,XP225-OG,3,C,7,C7,2,2,1,12.5,5,NA,NA,NA,NA,NA,NA,NA,NA,10,VB,4,FALSE
CH-MT1-P37,Cecropia hispidissima,May 21 2025,XP225-OG,3,C,8,C8,NA,NA,NA,NA,NA,NA,NA,NA,NA,NA,NA,NA,NA,NA,CH,1,FALSE
EA-MT1-P44,Ecuadendron acosta-solisianum,December 1 2025,XP225-OG,3,C,11,C11,12,6,1,0.5,0.5,5,0.5,0.5,0.5,NA,NA,NA,NA,0.5,EA,1,FALSE
PG-MT5-P66,Pouruma guianensis,01/04/2026,XP225-OG,3,C,13,C13,3,0,1,NA,NA,NA,NA,NA,NA,NA,NA,NA,NA,0,PG,5,FALSE
BS-MT1-P40,Bactris setulosa,December 1 2025,XP225-OG,3,C,14,C14,2,2,2,50,1,NA,NA,NA,NA,NA,NA,NA,NA,25,BS,1,FALSE
BG-MT5-P35,Banara guianensis,September 03 2025,XP225-OG,3,C,15,C15,11,4,3,0.5,5,5,5,NA,NA,NA,NA,NA,NA,0.5,BG,5,FALSE
BP-MT4-P60,Bauhinia pichinchensis,01/04/2026,XP225-OG,3,C,16,C16,2,2,0,25,5,NA,NA,NA,NA,NA,NA,NA,NA,15,BP,4,FALSE
DC-MT4-P30,Dacryodes cupularis,September 03 2025,XP225-OG,4,A,1,A1,4,4,2,1,0.5,10,5,NA,NA,NA,NA,NA,NA,2.5,DC,4,FALSE
CH-MT3-P18,Cecropia hispidissima,September 03 2025,XP225-OG,4,A,2,A2,NA,NA,NA,NA,NA,NA,NA,NA,NA,NA,NA,NA,NA,NA,CH,3,FALSE
IS-MT3-P1,Inga silanchensis,April 9 2025,XP225-OG,4,A,3,A3,2,2,1,1,75,NA,NA,NA,NA,NA,NA,NA,NA,30,IS,3,FALSE
VB-MT4-P3,Vismia baccifera,01/04/2026,XP225-OG,4,A,4,A4,7,2,0,50,1,NA,NA,NA,NA,NA,NA,NA,NA,10,VB,4,FALSE
BS-MT7-P22,Bactris setulosa,September 03 2025,XP225-OG,4,A,5,A5,3,3,0,0.5,5,40,NA,NA,NA,NA,NA,NA,NA,10,BS,7,FALSE
CP-MT4-P41,Carapa guianensis,May 21 2025,XP225-OG,4,A,6,A6,4,4,2,0.5,0.5,0.5,0.5,NA,NA,NA,NA,NA,NA,0.5,CP,4,FALSE
BP-MT2-P52,Bauhinia pichinchensis,01/04/2026,XP225-OG,4,A,8,A8,0,0,0,NA,NA,NA,NA,NA,NA,NA,NA,NA,NA,0,BP,2,FALSE
OP-MT6-P11,Ochroma pyramidale,May 21 2025,XP225-OG,4,A,9,A9,NA,NA,NA,NA,NA,NA,NA,NA,NA,NA,NA,NA,NA,NA,OP,6,FALSE
OP-MT6-P61,Ochroma pyramidale,01/04/2026,XP225-OG,4,A,9,A9,0,0,0,NA,NA,NA,NA,NA,NA,NA,NA,NA,NA,0,OP,6,FALSE
BU-MT1-P2,Brosimum utile,May 21 2025,XP225-OG,4,A,10,A10,NA,NA,NA,NA,NA,NA,NA,NA,NA,NA,NA,NA,NA,NA,BU,1,FALSE
AE-MT3-P39,Annona edulis,01/04/2026,XP225-OG,4,A,12,A12,0,0,0,NA,NA,NA,NA,NA,NA,NA,NA,NA,NA,0,AE,3,FALSE
EA-MT1-P35,Ecuadendron acosta-solisianum,December 1 2025,XP225-OG,4,A,14,A14,1,0,0,NA,NA,NA,NA,NA,NA,NA,NA,NA,NA,0,EA,1,FALSE
PG-MT2-P18,Pouruma guianensis,01/04/2026,XP225-OG,4,A,15,A15,2,0,0,NA,NA,NA,NA,NA,NA,NA,NA,NA,NA,0,PG,2,FALSE
BG-MT1-P53,Banara guianensis,September 03 2025,XP225-OG,4,A,16,A16,18,4,1,0.5,5,2.5,0.5,NA,NA,NA,NA,NA,NA,0.5,BG,1,FALSE
MC-MT1-P59,Miconia conocuatrecasasii,September 03 2025,XP225-OG,4,B,1,B1,6,4,1,30,70,0.5,0.5,NA,NA,NA,NA,NA,NA,10,MC,1,FALSE
BP-MT4-P86,Bauhinia pichinchensis,01/04/2026,XP225-OG,4,B,2,B2,3,2,0,5,60,NA,NA,NA,NA,NA,NA,NA,NA,10,BP,4,FALSE
BS-MT7-P33,Bactris setulosa,December 1 2025,XP225-OG,4,B,3,B3,3,3,0,0.5,0.5,90,NA,NA,NA,NA,NA,NA,NA,30,BS,7,FALSE
AE-MT1-P35,Annona edulis,01/04/2026,XP225-OG,4,B,4,B4,3,0,0,NA,NA,NA,NA,NA,NA,NA,NA,NA,NA,0,AE,1,FALSE
PA-MT6-P79,Piper aduncum,May 21 2025,XP225-OG,4,B,5,B5,5,3,2,0.5,1,0.5,NA,NA,NA,NA,NA,NA,NA,0.5,PA,6,FALSE
PG-MT3-P69,Pouruma guianensis,01/04/2026,XP225-OG,4,B,6,B6,5,3,0,0.5,25,0.5,NA,NA,NA,NA,NA,NA,NA,2.5,PG,3,FALSE
IS-MT2-P2,Inga silanchensis,April 9 2025,XP225-OG,4,B,7,B7,2,2,1,10,80,NA,NA,NA,NA,NA,NA,NA,NA,50,IS,2,FALSE
EA-MT3-P58,Ecuadendron acosta-solisianum,May 21 2025,XP225-OG,4,B,8,B8,20,4,10,10,0.5,0.5,25,5,NA,NA,NA,NA,NA,1,EA,3,FALSE
OP-MT8-P46,Ochroma pyramidale,May 21 2025,XP225-OG,4,B,9,B9,NA,NA,NA,NA,NA,NA,NA,NA,NA,NA,NA,NA,NA,NA,OP,8,FALSE
CH-MT5-P12,Cecropia hispidissima,September 03 2025,XP225-OG,4,B,10,B10,0,0,0,NA,NA,NA,NA,NA,NA,NA,NA,NA,NA,0,CH,5,FALSE
BG-MT3-P73,Banara guianensis,September 03 2025,XP225-OG,4,B,11,B11,40,7,1,5,1,0.5,2.5,1,5,1,NA,NA,NA,0.5,BG,3,FALSE
CP-MT2-P27,Carapa guianensis,May 21 2025,XP225-OG,4,B,12,B12,3,2,2,0.5,1,NA,NA,NA,NA,NA,NA,NA,NA,0.5,CP,2,FALSE
DC-MT1-P81,Dacryodes cupularis,September 03 2025,XP225-OG,4,B,13,B13,NA,NA,NA,NA,NA,NA,NA,NA,NA,NA,NA,NA,NA,NA,DC,1,FALSE
VB-MT2-P16,Vismia baccifera,01/04/2026,XP225-OG,4,B,14,B14,2,2,0,75,35,NA,NA,NA,NA,NA,NA,NA,NA,50,VB,2,FALSE
BU-MT4-P6,Brosimum utile,September 03 2025,XP225-OG,4,B,15,B15,6,2,5,0.5,0.5,NA,NA,NA,NA,NA,NA,NA,NA,0.5,BU,4,FALSE
BU-MT3-P15,Brosimum utile,September 03 2025,XP225-OG,4,C,1,C1,6,1,5,0.5,NA,NA,NA,NA,NA,NA,NA,NA,NA,0.5,BU,3,FALSE
EA-MT2-P22,Ecuadendron acosta-solisianum,May 21 2025,XP225-OG,4,C,3,C3,6,4,6,0.5,0.5,10,2.5,NA,NA,NA,NA,NA,NA,1,EA,2,FALSE
CP-MT5-P53,Carapa guianensis,September 03 2025,XP225-OG,4,C,4,C4,3,3,3,0.5,2.5,5,NA,NA,NA,NA,NA,NA,NA,2.5,CP,5,FALSE
BP-MT2-P43,Bauhinia pichinchensis,01/04/2026,XP225-OG,4,C,5,C5,0,0,0,NA,NA,NA,NA,NA,NA,NA,NA,NA,NA,0,BP,2,FALSE
IS-MT5-P21,Inga silanchensis,April 9 2025,XP225-OG,4,C,6,C6,3,3,3,1,0.5,30,NA,NA,NA,NA,NA,NA,NA,10,IS,5,FALSE
BG-MT3-P41,Banara guianensis,September 03 2025,XP225-OG,4,C,7,C7,0,0,0,NA,NA,NA,NA,NA,NA,NA,NA,NA,NA,0,BG,3,FALSE
VB-MT1-P30,Vismia baccifera,September 03 2025,XP225-OG,4,C,8,C8,14,5,3,5,5,0.5,1,2.5,NA,NA,NA,NA,NA,2.5,VB,1,FALSE
BS-MT1-P29,Bactris setulosa,December 1 2025,XP225-OG,4,C,10,C10,2,1,0,90,NA,NA,NA,NA,NA,NA,NA,NA,NA,85,BS,1,FALSE
MC-MT2-P70,Miconia conocuatrecasasii,September 03 2025,XP225-OG,4,C,11,C11,6,4,2,5,5,10,25,NA,NA,NA,NA,NA,NA,10,MC,2,FALSE
PA-MT7-P3,Piper aduncum,September 03 2025,XP225-OG,4,C,12,C12,8,4,2,50,25,15,5,NA,NA,NA,NA,NA,NA,10,PA,7,FALSE
DC-MT3-P75,Dacryodes cupularis,01/04/2026,XP225-OG,4,C,13,C13,0,0,0,NA,NA,NA,NA,NA,NA,NA,NA,NA,NA,0,DC,3,FALSE
AE-MT4-P37,Annona edulis,01/04/2026,XP225-OG,4,C,14,C14,1,1,0,2.5,NA,NA,NA,NA,NA,NA,NA,NA,NA,2.5,AE,4,FALSE
CH-MT4-P31,Cecropia hispidissima,September 03 2025,XP225-OG,4,C,15,C15,2,2,0,1,25,NA,NA,NA,NA,NA,NA,NA,NA,10,CH,4,FALSE
PG-MT2-P50,Pouruma guianensis,01/04/2026,XP225-OG,4,C,16,C16,3,1,0,NA,0.5,NA,NA,NA,NA,NA,NA,NA,NA,0.5,PG,2,FALSE
IS-MT3-P92,Inga silanchensis,01/04/2026,XP225-OG,5,A,4,A4,NA,NA,NA,NA,NA,NA,NA,NA,NA,NA,NA,NA,NA,NA,IS,3,FALSE
AE-MT2-P40,Annona edulis,01/04/2026,XP225-OG,5,A,5,A5,NA,NA,NA,NA,NA,NA,NA,NA,NA,NA,NA,NA,NA,NA,AE,2,FALSE
BG-MT4-P23,Banara guianensis,September 03 2025,XP225-OG,5,A,6,A6,NA,NA,NA,NA,NA,NA,NA,NA,NA,NA,NA,NA,NA,NA,BG,4,FALSE
PG-MT5-P2,Pouruma guianensis,01/04/2026,XP225-OG,5,A,7,A7,NA,NA,NA,NA,NA,NA,NA,NA,NA,NA,NA,NA,NA,NA,PG,5,FALSE
BP-MT4-P61,Bauhinia pichinchensis,01/04/2026,XP225-OG,5,A,8,A8,NA,NA,NA,NA,NA,NA,NA,NA,NA,NA,NA,NA,NA,NA,BP,4,FALSE
DC-MT5-P52,Dacryodes cupularis,September 03 2025,XP225-OG,5,A,10,A10,NA,NA,NA,NA,NA,NA,NA,NA,NA,NA,NA,NA,NA,NA,DC,5,FALSE
EA-MT3-P38,Ecuadendron acosta-solisianum,01/04/2026,XP225-OG,5,A,14,A14,NA,NA,NA,NA,NA,NA,NA,NA,NA,NA,NA,NA,NA,NA,EA,3,FALSE
BU-MT5-P41,Brosimum utile,September 03 2025,XP225-OG,5,A,15,A15,NA,NA,NA,NA,NA,NA,NA,NA,NA,NA,NA,NA,NA,NA,BU,5,FALSE
VB-MT2-P50,Vismia baccifera,01/04/2026,XP225-OG,5,A,16,A16,NA,NA,NA,NA,NA,NA,NA,NA,NA,NA,NA,NA,NA,NA,VB,2,FALSE
IS-MT1-P18,Inga silanchensis,December 1 2025,XP225-OG,5,B,1,B1,NA,NA,NA,NA,NA,NA,NA,NA,NA,NA,NA,NA,NA,NA,IS,1,FALSE
BS-MT6-P88,Bactris setulosa,01/04/2026,XP225-OG,5,B,3,B3,NA,NA,NA,NA,NA,NA,NA,NA,NA,NA,NA,NA,NA,NA,BS,6,FALSE
AE-MT3-P68,Annona edulis,01/04/2026,XP225-OG,5,B,4,B4,NA,NA,NA,NA,NA,NA,NA,NA,NA,NA,NA,NA,NA,NA,AE,3,FALSE
BG-MT5-P30,Banara guianensis,September 03 2025,XP225-OG,5,B,5,B5,NA,NA,NA,NA,NA,NA,NA,NA,NA,NA,NA,NA,NA,NA,BG,5,FALSE
BP-MT3-P39,Bauhinia pichinchensis,01/04/2026,XP225-OG,5,B,6,B6,NA,NA,NA,NA,NA,NA,NA,NA,NA,NA,NA,NA,NA,NA,BP,3,FALSE
CP-MT5-P35,Carapa guianensis,September 03 2025,XP225-OG,5,B,8,B8,NA,NA,NA,NA,NA,NA,NA,NA,NA,NA,NA,NA,NA,NA,CP,5,FALSE
DC-MT1-P57,Dacryodes cupularis,September 03 2025,XP225-OG,5,B,11,B11,NA,NA,NA,NA,NA,NA,NA,NA,NA,NA,NA,NA,NA,NA,DC,1,FALSE
VB-MT3-P66,Vismia baccifera,01/04/2026,XP225-OG,5,B,13,B13,NA,NA,NA,NA,NA,NA,NA,NA,NA,NA,NA,NA,NA,NA,VB,3,FALSE
CH-MT3-P22,Cecropia hispidissima,September 03 2025,XP225-OG,5,B,14,B14,NA,NA,NA,NA,NA,NA,NA,NA,NA,NA,NA,NA,NA,NA,CH,3,FALSE
PG-MT1-P56,Pouruma guianensis,01/04/2026,XP225-OG,5,B,15,B15,NA,NA,NA,NA,NA,NA,NA,NA,NA,NA,NA,NA,NA,NA,PG,1,FALSE
BG-MT2-P13,Banara guianensis,September 03 2025,XP225-OG,5,C,1,C1,NA,NA,NA,NA,NA,NA,NA,NA,NA,NA,NA,NA,NA,NA,BG,2,FALSE
EA-MT4-P72,Ecuadendron acosta-solisianum,01/04/2026,XP225-OG,5,C,6,C6,NA,NA,NA,NA,NA,NA,NA,NA,NA,NA,NA,NA,NA,NA,EA,4,FALSE
VB-MT2-P34,Vismia baccifera,01/04/2026,XP225-OG,5,C,7,C7,NA,NA,NA,NA,NA,NA,NA,NA,NA,NA,NA,NA,NA,NA,VB,2,FALSE
DC-MT4-P24,Dacryodes cupularis,September 03 2025,XP225-OG,5,C,8,C8,NA,NA,NA,NA,NA,NA,NA,NA,NA,NA,NA,NA,NA,NA,DC,4,FALSE
BP-MT4-P78,Bauhinia pichinchensis,01/04/2026,XP225-OG,5,C,9,C9,NA,NA,NA,NA,NA,NA,NA,NA,NA,NA,NA,NA,NA,NA,BP,4,FALSE
CH-MT5-P38,Cecropia hispidissima,September 03 2025,XP225-OG,5,C,10,C10,NA,NA,NA,NA,NA,NA,NA,NA,NA,NA,NA,NA,NA,NA,CH,5,FALSE
AE-MT5-P11,Annona edulis,01/04/2026,XP225-OG,5,C,11,C11,NA,NA,NA,NA,NA,NA,NA,NA,NA,NA,NA,NA,NA,NA,AE,5,FALSE
PG-MT4-P69,Pouruma guianensis,01/04/2026,XP225-OG,5,C,12,C12,NA,NA,NA,NA,NA,NA,NA,NA,NA,NA,NA,NA,NA,NA,PG,4,FALSE
IS-MT2-P57,Inga silanchensis,December 1 2025,XP225-OG,5,C,16,C16,NA,NA,NA,NA,NA,NA,NA,NA,NA,NA,NA,NA,NA,NA,IS,2,FALSE
CH-MT1-P20,Cecropia hispidissima,May 9 2025,XP223-OG,1,A,1,A1,0,0,0,NA,NA,NA,NA,NA,NA,NA,NA,NA,NA,0,CH,1,FALSE
AE-MT5-P17,Annona edulis,NA,XP223-OG,1,A,2,A2,5,1,0,1,NA,NA,NA,NA,NA,NA,NA,NA,NA,0.5,AE,5,FALSE
BU-MT2-P56,Brosimum utile,August 19 2025,XP223-OG,1,A,3,A3,1,1,1,2.5,NA,NA,NA,NA,NA,NA,NA,NA,NA,2.5,BU,2,FALSE
EA-MT2-P6,Ecuadendron acosta-solisianum,May 9 2025,XP223-OG,1,A,4,A4,10,9,9,2.5,7.5,20,2.5,5,0.5,10,5,1,NA,1,EA,2,FALSE
MC-MT1-P47,Miconia conocuatrecasasii,August 19 2025,XP223-OG,1,A,5,A5,7,6,1,10,0.5,0.5,0.5,0.5,1,NA,NA,NA,NA,2.5,MC,1,FALSE
IS-MT2-P87,Inga silanchensis,March 20 2025,XP223-OG,1,A,6,A6,1,1,1,25,NA,NA,NA,NA,NA,NA,NA,NA,NA,25,IS,2,FALSE
BG-MT5-P80,Banara guianensis,August 19 2025,XP223-OG,1,A,7,A7,NA,NA,NA,NA,NA,NA,NA,NA,NA,NA,NA,NA,NA,NA,BG,5,FALSE
BG-MT1-P64,Banara guianensis,NA,XP223-OG,1,A,7,A7,14,0,0,NA,NA,NA,NA,NA,NA,NA,NA,NA,NA,0,BG,1,FALSE
VB-MT4-P23,Vismia baccifera,NA,XP223-OG,1,A,8,A8,NA,NA,NA,NA,NA,NA,NA,NA,NA,NA,NA,NA,NA,NA,VB,4,FALSE
PA-MT3-P46,Piper aduncum,March 20 2025,XP223-OG,1,A,9,A9,0,0,0,NA,NA,NA,NA,NA,NA,NA,NA,NA,NA,0,PA,3,FALSE
OP-MT9-P72,Ochroma pyramidale,March 20 2025,XP223-OG,1,A,10,A10,NA,NA,NA,NA,NA,NA,NA,NA,NA,NA,NA,NA,NA,NA,OP,9,FALSE
OP-MT9-P34,Ochroma pyramidale,December 3 2025,XP223-OG,1,A,10,A10,NA,NA,NA,NA,NA,NA,NA,NA,NA,NA,NA,NA,NA,NA,OP,9,FALSE
BP-MT2-P29,Bauhinia pichinchensis,NA,XP223-OG,1,A,11,A11,1,1,0,5,NA,NA,NA,NA,NA,NA,NA,NA,NA,5,BP,2,FALSE
CP-MT5-P49,Carapa guianensis,August 19 2025,XP223-OG,1,A,12,A12,5,4,1,0.5,10,10,7.5,NA,NA,NA,NA,NA,NA,7.5,CP,5,FALSE
BS-MT6-P71,Bactris setulosa,December 3 2025,XP223-OG,1,A,13,A13,4,4,2,2.5,0.5,25,50,NA,NA,NA,NA,NA,NA,10,BS,6,FALSE
DC-MT3-P14,Dacryodes cupularis,August 19 2025,XP223-OG,1,A,14,A14,3,2,2,5,2.5,NA,NA,NA,NA,NA,NA,NA,NA,2.5,DC,3,FALSE
PG-MT1-P38,Pouruma guianensis,NA,XP223-OG,1,A,15,A15,2,2,2,0.5,0.5,NA,NA,NA,NA,NA,NA,NA,NA,0.5,PG,1,FALSE
BG-MT3-P56,Banara guianensis,August 19 2025,XP223-OG,1,B,1,B1,NA,NA,NA,NA,NA,NA,NA,NA,NA,NA,NA,NA,NA,NA,BG,3,FALSE
MC-MT3-P67,Miconia conocuatrecasasii,August 19 2025,XP223-OG,1,B,2,B2,NA,NA,NA,NA,NA,NA,NA,NA,NA,NA,NA,NA,NA,NA,MC,3,FALSE
MC-MT2-P27,Miconia conocuatrecasasii,NA,XP223-OG,1,B,2,B2,6,4,1,1,30,0.5,2.5,NA,NA,NA,NA,NA,NA,5,MC,2,FALSE
BU-MT1-P68,Brosimum utile,May 9 2025,XP223-OG,1,B,3,B3,5,0,5,NA,NA,NA,NA,NA,NA,NA,NA,NA,NA,0,BU,1,FALSE
OP-MT2-P53,Ochroma pyramidale,March 20 2025,XP223-OG,1,B,4,B4,NA,NA,NA,NA,NA,NA,NA,NA,NA,NA,NA,NA,NA,NA,OP,2,FALSE
OP-MT9-P35,Ochroma pyramidale,December 3 2025,XP223-OG,1,B,4,B4,NA,NA,NA,NA,NA,NA,NA,NA,NA,NA,NA,NA,NA,NA,OP,9,FALSE
PG-MT2-P53,Pouruma guianensis,NA,XP223-OG,1,B,5,B5,2,0,2,NA,NA,NA,NA,NA,NA,NA,NA,NA,NA,0,PG,2,FALSE
CP-MT1-P65,Carapa guianensis,NA,XP223-OG,1,B,6,B6,5,5,1,5,25,2.5,2.5,0.5,NA,NA,NA,NA,NA,5,CP,1,FALSE
AE-MT4-P25,Annona edulis,NA,XP223-OG,1,B,7,B7,6,3,0,0.5,1,1,NA,NA,NA,NA,NA,NA,NA,0.5,AE,4,FALSE
BS-MT6-P9,Bactris setulosa,August 19 2025,XP223-OG,1,B,8,B8,3,3,1,30,40,40,NA,NA,NA,NA,NA,NA,NA,37.5,BS,6,FALSE
PA-MT6-P53,Piper aduncum,May 9 2025,XP223-OG,1,B,9,B9,0,0,0,NA,NA,NA,NA,NA,NA,NA,NA,NA,NA,0,PA,6,FALSE
EA-MT5-P58,Ecuadendron acosta-solisianum,December 3 2025,XP223-OG,1,B,10,B10,15,12,7,15,20,20,12.5,1,5,2.5,5,10,5,5,EA,5,FALSE
CH-MT5-P51,Cecropia hispidissima,August 19 2025,XP223-OG,1,B,11,B11,NA,NA,NA,NA,NA,NA,NA,NA,NA,NA,NA,NA,NA,NA,CH,5,FALSE
CH-MT5-P69,Cecropia hispidissima,NA,XP223-OG,1,B,11,B11,2,2,1,25,0.5,NA,NA,NA,NA,NA,NA,NA,NA,10,CH,5,FALSE
IS-MT5-P6,Inga silanchensis,March 20 2025,XP223-OG,1,B,12,B12,3,2,1,50,2.5,NA,NA,NA,NA,NA,NA,NA,NA,25,IS,5,FALSE
VB-MT1-P11,Vismia baccifera,August 19 2025,XP223-OG,1,B,13,B13,0,0,0,NA,NA,NA,NA,NA,NA,NA,NA,NA,NA,0,VB,1,FALSE
BP-MT1-P56,Bauhinia pichinchensis,NA,XP223-OG,1,B,14,B14,2,2,0,0.5,0.5,NA,NA,NA,NA,NA,NA,NA,NA,0.5,BP,1,FALSE
DC-MT2-P36,Dacryodes cupularis,NA,XP223-OG,1,B,15,B15,2,2,2,5,12.5,NA,NA,NA,NA,NA,NA,NA,NA,7.5,DC,2,FALSE
OP-MT6-P5,Ochroma pyramidale,May 9 2025,XP223-OG,1,C,1,C1,NA,NA,NA,NA,NA,NA,NA,NA,NA,NA,NA,NA,NA,NA,OP,6,FALSE
OP-MT9-P65,Ochroma pyramidale,December 3 2025,XP223-OG,1,C,1,C1,0,0,0,NA,NA,NA,NA,NA,NA,NA,NA,NA,NA,0,OP,9,FALSE
BU-MT4-P81,Brosimum utile,August 19 2025,XP223-OG,1,C,2,C2,3,2,3,0.5,0.5,NA,NA,NA,NA,NA,NA,NA,NA,0.5,BU,4,FALSE
VB-MT3-P63,Vismia baccifera,NA,XP223-OG,1,C,3,C3,0,0,0,NA,NA,NA,NA,NA,NA,NA,NA,NA,NA,0,VB,3,FALSE
BG-MT2-P46,Banara guianensis,August 19 2025,XP223-OG,1,C,4,C4,0,0,0,NA,NA,NA,NA,NA,NA,NA,NA,NA,NA,0,BG,2,FALSE
CP-MT1-P23,Carapa guianensis,August 19 2025,XP223-OG,1,C,6,C6,4,4,3,2.5,1,1,2.5,NA,NA,NA,NA,NA,NA,1,CP,1,FALSE
CH-MT4-P60,Cecropia hispidissima,August 19 2025,XP223-OG,1,C,7,C7,0,0,0,NA,NA,NA,NA,NA,NA,NA,NA,NA,NA,0,CH,4,FALSE
MC-MT1-P43,Miconia conocuatrecasasii,August 19 2025,XP223-OG,1,C,8,C8,0,0,0,NA,NA,NA,NA,NA,NA,NA,NA,NA,NA,0,MC,1,FALSE
DC-MT5-P32,Dacryodes cupularis,August 19 2025,XP223-OG,1,C,9,C9,NA,NA,NA,NA,NA,NA,NA,NA,NA,NA,NA,NA,NA,NA,DC,5,FALSE
IS-MT4-P13,Inga silanchensis,May 9 2025,XP223-OG,1,C,10,C10,NA,NA,NA,NA,NA,NA,NA,NA,NA,NA,NA,NA,NA,NA,IS,4,FALSE
BP-MT3-P12,Bauhinia pichinchensis,NA,XP223-OG,1,C,11,C11,2,1,0,5,NA,NA,NA,NA,NA,NA,NA,NA,NA,2.5,BP,3,FALSE
AE-MT3-P9,Annona edulis,NA,XP223-OG,1,C,12,C12,6,5,1,5,1,20,15,0.5,NA,NA,NA,NA,NA,15,AE,3,FALSE
EA-MT5-P23,Ecuadendron acosta-solisianum,December 3 2025,XP223-OG,1,C,13,C13,10,6,2,1,0.5,0.5,2.5,1,1,NA,NA,NA,NA,0.5,EA,5,FALSE
BS-MT1-P35,Bactris setulosa,December 3 2025,XP223-OG,1,C,15,C15,3,1,1,35,NA,NA,NA,NA,NA,NA,NA,NA,NA,10,BS,1,FALSE
PG-MT2-P70,Pouruma guianensis,NA,XP223-OG,1,C,16,C16,2,1,0,0.5,NA,NA,NA,NA,NA,NA,NA,NA,NA,0.5,PG,2,FALSE
EA-MT4-P24,Ecuadendron acosta-solisianum,May 9 2025,XP223-OG,2,A,1,A1,5,4,5,10,12.5,1,1,NA,NA,NA,NA,NA,NA,7.5,EA,4,FALSE
BG-MT1-P65,Banara guianensis,August 19 2025,XP223-OG,2,A,2,A2,12,6,6,5,2.5,5,2.5,1,1,NA,NA,NA,NA,1,BG,1,FALSE
VB-MT4-P65,Vismia baccifera,NA,XP223-OG,2,A,3,A3,0,0,0,NA,NA,NA,NA,NA,NA,NA,NA,NA,NA,0,VB,4,FALSE
DC-MT5-P51,Dacryodes cupularis,August 19 2025,XP223-OG,2,A,4,A4,0,0,0,NA,NA,NA,NA,NA,NA,NA,NA,NA,NA,0,DC,5,FALSE
CP-MT1-P51,Carapa guianensis,August 19 2025,XP223-OG,2,A,5,A5,4,4,4,10,10,1,7.5,NA,NA,NA,NA,NA,NA,7.5,CP,1,FALSE
BU-MT2-P40,Brosimum utile,August 19 2025,XP223-OG,2,A,6,A6,0,0,0,NA,NA,NA,NA,NA,NA,NA,NA,NA,NA,0,BU,2,FALSE
PG-MT4-P70,Pouruma guianensis,NA,XP223-OG,2,A,7,A7,3,1,2,2.5,NA,NA,NA,NA,NA,NA,NA,NA,NA,0.5,PG,4,FALSE
OP-MT9-P31,Ochroma pyramidale,March 20 2025,XP223-OG,2,A,8,A8,NA,NA,NA,NA,NA,NA,NA,NA,NA,NA,NA,NA,NA,NA,OP,9,FALSE
OP-MT9-P66,Ochroma pyramidale,December 3 2025,XP223-OG,2,A,8,A8,NA,NA,NA,NA,NA,NA,NA,NA,NA,NA,NA,NA,NA,NA,OP,9,FALSE
BP-MT1-P11,Bauhinia pichinchensis,NA,XP223-OG,2,A,9,A9,NA,NA,NA,NA,NA,NA,NA,NA,NA,NA,NA,NA,NA,NA,BP,1,FALSE
IS-MT3-P62,Inga silanchensis,March 20 2025,XP223-OG,2,A,10,A10,1,1,0,0.5,NA,NA,NA,NA,NA,NA,NA,NA,NA,0.5,IS,3,FALSE
AE-MT3-P33,Annona edulis,NA,XP223-OG,2,A,11,A11,5,2,1,0.5,5,NA,NA,NA,NA,NA,NA,NA,NA,1,AE,3,FALSE
PA-MT7-P42,Piper aduncum,August 19 2025,XP223-OG,2,A,12,A12,NA,NA,NA,NA,NA,NA,NA,NA,NA,NA,NA,NA,NA,NA,PA,7,FALSE
MC-MT3-P10,Miconia conocuatrecasasii,August 19 2025,XP223-OG,2,A,13,A13,4,4,1,0.5,5,0.5,2.5,NA,NA,NA,NA,NA,NA,2.5,MC,3,FALSE
CH-MT3-P46,Cecropia hispidissima,August 19 2025,XP223-OG,2,A,14,A14,NA,NA,NA,NA,NA,NA,NA,NA,NA,NA,NA,NA,NA,NA,CH,3,FALSE
CH-MT4-P4,Cecropia hispidissima,NA,XP223-OG,2,A,14,A14,2,1,0,2.5,NA,NA,NA,NA,NA,NA,NA,NA,NA,1,CH,4,FALSE
BS-MT1-P24,Bactris setulosa,August 19 2025,XP223-OG,2,A,15,A15,NA,NA,NA,NA,NA,NA,NA,NA,NA,NA,NA,NA,NA,NA,BS,1,FALSE
BS-MT1-P91,Bactris setulosa,NA,XP223-OG,2,A,15,A15,3,1,1,40,NA,NA,NA,NA,NA,NA,NA,NA,NA,10,BS,1,FALSE
EA-MT1-P68,Ecuadendron acosta-solisianum,December 3 2025,XP223-OG,2,B,1,B1,15,15,9,10,10,5,12.5,10,30,12.5,10,15,20,10,EA,1,FALSE
IS-MT5-P86,Inga silanchensis,March 20 2025,XP223-OG,2,B,2,B2,NA,NA,NA,NA,NA,NA,NA,NA,NA,NA,NA,NA,NA,NA,IS,5,FALSE
IS-MT5-P78,Inga silanchensis,NA,XP223-OG,2,B,2,B2,2,1,0,0.5,NA,NA,NA,NA,NA,NA,NA,NA,NA,0.5,IS,5,FALSE
AE-MT5-P15,Annona edulis,NA,XP223-OG,2,B,3,B3,6,6,0,15,0.5,0.5,30,2.5,0.5,NA,NA,NA,NA,2.5,AE,5,FALSE
DC-MT4-P57,Dacryodes cupularis,NA,XP223-OG,2,B,5,B5,NA,NA,NA,NA,NA,NA,NA,NA,NA,NA,NA,NA,NA,NA,DC,4,FALSE
OP-MT7-P11,Ochroma pyramidale,May 9 2025,XP223-OG,2,B,6,B6,NA,NA,NA,NA,NA,NA,NA,NA,NA,NA,NA,NA,NA,NA,OP,7,FALSE
CP-MT5-P18,Carapa guianensis,August 19 2025,XP223-OG,2,B,7,B7,1,1,0,0.5,NA,NA,NA,NA,NA,NA,NA,NA,NA,0.5,CP,5,FALSE
BP-MT1-P73,Bauhinia pichinchensis,NA,XP223-OG,2,B,8,B8,2,2,1,5,50,NA,NA,NA,NA,NA,NA,NA,NA,30,BP,1,FALSE
CH-MT5-P22,Cecropia hispidissima,August 19 2025,XP223-OG,2,B,9,B9,8,5,0,2.5,10,5,50,45,NA,NA,NA,NA,NA,25,CH,5,FALSE
PG-MT2-P62,Pouruma guianensis,NA,XP223-OG,2,B,10,B10,4,3,0,1,5,12.5,NA,NA,NA,NA,NA,NA,NA,5,PG,2,FALSE
BS-MT7-P57,Bactris setulosa,December 3 2025,XP223-OG,2,B,11,B11,2,1,1,0.5,NA,NA,NA,NA,NA,NA,NA,NA,NA,0.5,BS,7,FALSE
MC-MT2-P32,Miconia conocuatrecasasii,August 19 2025,XP223-OG,2,B,13,B13,6,4,1,0.5,2.5,2.5,NA,NA,NA,NA,NA,NA,NA,1,MC,2,FALSE
BU-MT3-P45,Brosimum utile,August 19 2025,XP223-OG,2,B,14,B14,5,2,4,20,2.5,NA,NA,NA,NA,NA,NA,NA,NA,2.5,BU,3,FALSE
VB-MT2-P48,Vismia baccifera,NA,XP223-OG,2,B,15,B15,5,1,1,0.5,NA,NA,NA,NA,NA,NA,NA,NA,NA,0.5,VB,2,FALSE
BG-MT4-P27,Banara guianensis,August 19 2025,XP223-OG,2,B,16,B16,20,4,0,5,0.5,1,0.5,NA,NA,NA,NA,NA,NA,0.5,BG,4,FALSE
OP-MT6-P54,Ochroma pyramidale,May 9 2025,XP223-OG,2,C,2,C2,NA,NA,NA,NA,NA,NA,NA,NA,NA,NA,NA,NA,NA,NA,OP,6,FALSE
OP-MT6-P62,Ochroma pyramidale,NA,XP223-OG,2,C,2,C2,4,3,1,15,2.5,15,NA,NA,NA,NA,NA,NA,NA,10,OP,6,FALSE
IS-MT4-P32,Inga silanchensis,May 9 2025,XP223-OG,2,C,4,C4,1,0,0,NA,NA,NA,NA,NA,NA,NA,NA,NA,NA,0,IS,4,FALSE
BG-MT4-P36,Banara guianensis,August 19 2025,XP223-OG,2,C,5,C5,0,0,0,NA,NA,NA,NA,NA,NA,NA,NA,NA,NA,0,BG,4,FALSE
BP-MT3-P4,Bauhinia pichinchensis,NA,XP223-OG,2,C,6,C6,2,2,0,1,5,NA,NA,NA,NA,NA,NA,NA,NA,2.5,BP,3,FALSE
BS-MT6-P58,Bactris setulosa,December 3 2025,XP223-OG,2,C,7,C7,1,1,0,60,NA,NA,NA,NA,NA,NA,NA,NA,NA,60,BS,6,FALSE
CP-MT2-P67,Carapa guianensis,May 9 2025,XP223-OG,2,C,8,C8,NA,NA,NA,NA,NA,NA,NA,NA,NA,NA,NA,NA,NA,NA,CP,2,FALSE
BU-MT1-P53,Brosimum utile,May 9 2025,XP223-OG,2,C,9,C9,3,0,2,NA,NA,NA,NA,NA,NA,NA,NA,NA,NA,0,BU,1,FALSE
AE-MT2-P67,Annona edulis,NA,XP223-OG,2,C,10,C10,4,2,0,1,2.5,NA,NA,NA,NA,NA,NA,NA,NA,1,AE,2,FALSE
EA-MT5-P85,Ecuadendron acosta-solisianum,NA,XP223-OG,2,C,11,C11,13,4,4,20,15,1,2.5,NA,NA,NA,NA,NA,NA,1,EA,5,FALSE
PG-MT3-P45,Pouruma guianensis,NA,XP223-OG,2,C,12,C12,3,3,0,1,1,35,NA,NA,NA,NA,NA,NA,NA,5,PG,3,FALSE
CH-MT3-P24,Cecropia hispidissima,August 19 2025,XP223-OG,2,C,13,C13,4,4,3,5,35,10,15,NA,NA,NA,NA,NA,NA,12.5,CH,3,FALSE
MC-MT1-P38,Miconia conocuatrecasasii,August 19 2025,XP223-OG,2,C,14,C14,6,5,2,50,5,5,1,0.5,NA,NA,NA,NA,NA,7.5,MC,1,FALSE
VB-MT3-P73,Vismia baccifera,NA,XP223-OG,2,C,15,C15,0,0,0,NA,NA,NA,NA,NA,NA,NA,NA,NA,NA,0,VB,3,FALSE
PA-MT3-P20,Piper aduncum,December 3 2025,XP223-OG,2,C,16,C16,10,4,6,30,70,50,0.5,NA,NA,NA,NA,NA,NA,15,PA,3,FALSE
AE-MT2-P53,Annona edulis,NA,XP223-OG,3,A,1,A1,7,6,0,7.5,20,0.5,1,1,0.5,NA,NA,NA,NA,1,AE,2,FALSE
VB-MT3-P2,Vismia baccifera,NA,XP223-OG,3,A,3,A3,4,0,1,NA,NA,NA,NA,NA,NA,NA,NA,NA,NA,0,VB,3,FALSE
BG-MT5-P64,Banara guianensis,August 19 2025,XP223-OG,3,A,4,A4,22,12,1,50,50,25,90,1,5,0.5,2.5,10,1,2.5,BG,5,FALSE
CP-MT3-P53,Carapa guianensis,May 9 2025,XP223-OG,3,A,5,A5,5,5,4,0.5,0.5,2.5,1,5,NA,NA,NA,NA,NA,1,CP,3,FALSE
OP-MT9-P60,Ochroma pyramidale,December 3 2025,XP223-OG,3,A,6,A6,NA,NA,NA,NA,NA,NA,NA,NA,NA,NA,NA,NA,NA,NA,OP,9,FALSE
PA-MT3-P55,Piper aduncum,March 20 2025,XP223-OG,3,A,7,A7,NA,NA,NA,NA,NA,NA,NA,NA,NA,NA,NA,NA,NA,NA,PA,3,FALSE
DC-MT3-P38,Dacryodes cupularis,August 19 2025,XP223-OG,3,A,9,A9,0,0,0,NA,NA,NA,NA,NA,NA,NA,NA,NA,NA,0,DC,3,FALSE
BU-MT5-P43,Brosimum utile,August 19 2025,XP223-OG,3,A,10,A10,2,2,1,0.5,0.5,NA,NA,NA,NA,NA,NA,NA,NA,0.5,BU,5,FALSE
BP-MT4-P4,Bauhinia pichinchensis,NA,XP223-OG,3,A,11,A11,3,2,0,10,1,NA,NA,NA,NA,NA,NA,NA,NA,2.5,BP,4,FALSE
EA-MT4-P33,Ecuadendron acosta-solisianum,NA,XP223-OG,3,A,12,A12,2,2,3,7.5,0.5,NA,NA,NA,NA,NA,NA,NA,NA,2.5,EA,4,FALSE
BS-MT1-P58,Bactris setulosa,December 3 2025,XP223-OG,3,A,13,A13,4,4,3,25,10,10,0.5,NA,NA,NA,NA,NA,NA,10,BS,1,FALSE
IS-MT2-P26,Inga silanchensis,December 3 2025,XP223-OG,3,A,14,A14,3,3,3,10,5,10,NA,NA,NA,NA,NA,NA,NA,10,IS,2,FALSE
CH-MT2-P5,Cecropia hispidissima,August 19 2025,XP223-OG,3,A,15,A15,4,2,0,0.5,0.5,NA,NA,NA,NA,NA,NA,NA,NA,0.5,CH,2,FALSE
PG-MT2-P28,Pouruma guianensis,NA,XP223-OG,3,A,16,A16,1,0,0,NA,NA,NA,NA,NA,NA,NA,NA,NA,NA,0,PG,2,FALSE
BG-MT3-P10,Banara guianensis,August 19 2025,XP223-OG,3,B,1,B1,7,1,0,1,NA,NA,NA,NA,NA,NA,NA,NA,NA,0.5,BG,3,FALSE
PG-MT5-P9,Pouruma guianensis,NA,XP223-OG,3,B,2,B2,1,1,1,10,NA,NA,NA,NA,NA,NA,NA,NA,NA,10,PG,5,FALSE
CH-MT3-P77,Cecropia hispidissima,August 19 2025,XP223-OG,3,B,3,B3,NA,NA,NA,NA,NA,NA,NA,NA,NA,NA,NA,NA,NA,NA,CH,3,FALSE
CH-MT5-P67,Cecropia hispidissima,NA,XP223-OG,3,B,3,B3,7,3,0,25,5,5,NA,NA,NA,NA,NA,NA,NA,15,CH,5,FALSE
IS-MT1-P10,Inga silanchensis,May 9 2025,XP223-OG,3,B,5,B5,3,2,2,7.5,1,NA,NA,NA,NA,NA,NA,NA,NA,2.5,IS,1,FALSE
OP-MT7-P1,Ochroma pyramidale,May 9 2025,XP223-OG,3,B,6,B6,NA,NA,NA,NA,NA,NA,NA,NA,NA,NA,NA,NA,NA,NA,OP,7,FALSE
CP-MT3-P50,Carapa guianensis,May 9 2025,XP223-OG,3,B,7,B7,7,7,6,20,50,5,10,5,25,5,NA,NA,NA,15,CP,3,FALSE
BP-MT2-P61,Bauhinia pichinchensis,NA,XP223-OG,3,B,8,B8,5,5,1,10,5,10,5,15,NA,NA,NA,NA,NA,7.5,BP,2,FALSE
AE-MT3-P24,Annona edulis,NA,XP223-OG,3,B,9,B9,7,3,2,1,15,0.5,NA,NA,NA,NA,NA,NA,NA,1,AE,3,FALSE
BU-MT3-P72,Brosimum utile,August 19 2025,XP223-OG,3,B,11,B11,2,1,1,0.5,NA,NA,NA,NA,NA,NA,NA,NA,NA,0.5,BU,3,FALSE
BS-MT5-P59,Bactris setulosa,December 3 2025,XP223-OG,3,B,12,B12,5,1,4,40,NA,NA,NA,NA,NA,NA,NA,NA,NA,7.5,BS,5,FALSE
DC-MT4-P77,Dacryodes cupularis,August 19 2025,XP223-OG,3,B,13,B13,6,5,3,0.5,5,5,5,5,NA,NA,NA,NA,NA,2.5,DC,4,FALSE
EA-MT5-P5,Ecuadendron acosta-solisianum,December 3 2025,XP223-OG,3,B,14,B14,20,17,9,12.5,20,12.5,60,30,30,1,5,2.5,5,10,EA,5,FALSE
VB-MT3-P72,Vismia baccifera,NA,XP223-OG,3,B,15,B15,0,0,0,NA,NA,NA,NA,NA,NA,NA,NA,NA,NA,0,VB,3,FALSE
PA-MT7-P26,Piper aduncum,August 19 2025,XP223-OG,3,B,16,B16,9,8,3,5,5,50,25,40,25,1,1,NA,NA,12.5,PA,7,FALSE
DC-MT1-P2,Dacryodes cupularis,August 19 2025,XP223-OG,3,C,1,C1,5,4,1,25,30,30,15,NA,NA,NA,NA,NA,NA,25,DC,1,FALSE
VB-MT5-P26,Vismia baccifera,NA,XP223-OG,3,C,2,C2,7,2,1,15,5,NA,NA,NA,NA,NA,NA,NA,NA,10,VB,5,FALSE
MC-MT2-P53,Miconia conocuatrecasasii,August 19 2025,XP223-OG,3,C,3,C3,7,5,3,50,2.5,25,10,10,NA,NA,NA,NA,NA,20,MC,2,FALSE
BS-MT5-P11,Bactris setulosa,August 19 2025,XP223-OG,3,C,4,C4,3,2,3,5,60,NA,NA,NA,NA,NA,NA,NA,NA,30,BS,5,FALSE
IS-MT5-P26,Inga silanchensis,December 3 2025,XP223-OG,3,C,6,C6,4,4,3,5,10,20,10,NA,NA,NA,NA,NA,NA,10,IS,5,FALSE
AE-MT4-P72,Annona edulis,NA,XP223-OG,3,C,7,C7,7,5,0,5,5,10,1,1,NA,NA,NA,NA,NA,2.5,AE,4,FALSE
EA-MT3-P9,Ecuadendron acosta-solisianum,May 9 2025,XP223-OG,3,C,8,C8,11,11,11,5,5,30,10,15,15,20,10,50,40,15,EA,3,FALSE
PG-MT4-P54,Pouruma guianensis,NA,XP223-OG,3,C,9,C9,6,3,3,50,10,1,NA,NA,NA,NA,NA,NA,NA,10,PG,4,FALSE
BG-MT2-P9,Banara guianensis,August 19 2025,XP223-OG,3,C,10,C10,12,6,4,2.5,5,5,10,0.5,10,NA,NA,NA,NA,1,BG,2,FALSE
BP-MT4-P14,Bauhinia pichinchensis,NA,XP223-OG,3,C,11,C11,1,1,0,25,NA,NA,NA,NA,NA,NA,NA,NA,NA,25,BP,4,FALSE
CH-MT2-P23,Cecropia hispidissima,August 19 2025,XP223-OG,3,C,12,C12,NA,NA,NA,NA,NA,NA,NA,NA,NA,NA,NA,NA,NA,NA,CH,2,FALSE
CP-MT5-P66,Carapa guianensis,August 19 2025,XP223-OG,3,C,13,C13,2,1,2,5,NA,NA,NA,NA,NA,NA,NA,NA,NA,2.5,CP,5,FALSE
BU-MT5-P6,Brosimum utile,August 19 2025,XP223-OG,3,C,14,C14,4,1,4,5,NA,NA,NA,NA,NA,NA,NA,NA,NA,1,BU,5,FALSE
PA-MT7-P54,Piper aduncum,NA,XP223-OG,3,C,16,C16,10,5,0,0.5,50,0.5,30,0.5,NA,NA,NA,NA,NA,17.5,PA,7,FALSE
BS-MT7-P2,Bactris setulosa,August 19 2025,XP223-OG,4,A,1,A1,2,2,1,50,50,NA,NA,NA,NA,NA,NA,NA,NA,50,BS,7,FALSE
OP-MT8-P39,Ochroma pyramidale,May 9 2025,XP223-OG,4,A,2,A2,NA,NA,NA,NA,NA,NA,NA,NA,NA,NA,NA,NA,NA,NA,OP,8,FALSE
OP-MT9-P59,Ochroma pyramidale,December 3 2025,XP223-OG,4,A,2,A2,NA,NA,NA,NA,NA,NA,NA,NA,NA,NA,NA,NA,NA,NA,OP,9,FALSE
IS-MT3-P29,Inga silanchensis,March 20 2025,XP223-OG,4,A,3,A3,2,1,1,10,NA,NA,NA,NA,NA,NA,NA,NA,NA,7.5,IS,3,FALSE
CP-MT4-P17,Carapa guianensis,May 9 2025,XP223-OG,4,A,5,A5,5,4,5,0.5,2.5,0.5,0.5,NA,NA,NA,NA,NA,NA,0.5,CP,4,FALSE
BU-MT4-P74,Brosimum utile,August 19 2025,XP223-OG,4,A,6,A6,3,1,1,0.5,NA,NA,NA,NA,NA,NA,NA,NA,NA,0.5,BU,4,FALSE
DC-MT1-P25,Dacryodes cupularis,August 19 2025,XP223-OG,4,A,7,A7,6,6,4,5,1,2.5,5,20,0.5,NA,NA,NA,NA,5,DC,1,FALSE
PG-MT1-P30,Pouruma guianensis,NA,XP223-OG,4,A,9,A9,3,2,2,0.5,1,NA,NA,NA,NA,NA,NA,NA,NA,0.5,PG,1,FALSE
BP-MT4-P70,Bauhinia pichinchensis,NA,XP223-OG,4,A,10,A10,3,2,0,1,0.5,NA,NA,NA,NA,NA,NA,NA,NA,0.5,BP,4,FALSE
VB-MT1-P20,Vismia baccifera,August 19 2025,XP223-OG,4,A,13,A13,12,7,2,5,5,2.5,2.5,0.5,10,50,NA,NA,NA,10,VB,1,FALSE
BG-MT1-P6,Banara guianensis,August 19 2025,XP223-OG,4,A,14,A14,0,0,0,NA,NA,NA,NA,NA,NA,NA,NA,NA,NA,0,BG,1,FALSE
AE-MT1-P18,Annona edulis,NA,XP223-OG,4,A,15,A15,10,7,2,0.5,20,20,0.5,40,0.5,0.5,NA,NA,NA,10,AE,1,FALSE
EA-MT1-P75,Ecuadendron acosta-solisianum,December 3 2025,XP223-OG,4,A,16,A16,16,11,3,40,0.5,40,20,1,5,2.5,5,5,25,20,EA,1,FALSE
BP-MT5-P41,Bauhinia pichinchensis,NA,XP223-OG,4,B,1,B1,3,3,0,80,0.5,10,NA,NA,NA,NA,NA,NA,NA,30,BP,5,FALSE
EA-MT3-P62,Ecuadendron acosta-solisianum,NA,XP223-OG,4,B,2,B2,9,6,4,1,2.5,25,0.5,1,1,NA,NA,NA,NA,1,EA,3,FALSE
CP-MT4-P38,Carapa guianensis,May 9 2025,XP223-OG,4,B,3,B3,3,3,2,0.5,1,0.5,NA,NA,NA,NA,NA,NA,NA,0.5,CP,4,FALSE
BG-MT3-P89,Banara guianensis,August 19 2025,XP223-OG,4,B,4,B4,0,0,0,NA,NA,NA,NA,NA,NA,NA,NA,NA,NA,0,BG,3,FALSE
CH-MT1-P10,Cecropia hispidissima,May 9 2025,XP223-OG,4,B,5,B5,2,2,0,30,60,NA,NA,NA,NA,NA,NA,NA,NA,45,CH,1,FALSE
IS-MT2-P85,Inga silanchensis,March 20 2025,XP223-OG,4,B,6,B6,3,3,2,0.5,1,0.5,NA,NA,NA,NA,NA,NA,NA,0.5,IS,2,FALSE
DC-MT4-P1,Dacryodes cupularis,August 19 2025,XP223-OG,4,B,7,B7,3,2,1,35,10,NA,NA,NA,NA,NA,NA,NA,NA,10,DC,4,FALSE
PG-MT5-P18,Pouruma guianensis,NA,XP223-OG,4,B,8,B8,5,3,3,2.5,10,25,NA,NA,NA,NA,NA,NA,NA,5,PG,5,FALSE
OP-MT8-P36,Ochroma pyramidale,May 9 2025,XP223-OG,4,B,9,B9,NA,NA,NA,NA,NA,NA,NA,NA,NA,NA,NA,NA,NA,NA,OP,8,FALSE
VB-MT4-P14,Vismia baccifera,NA,XP223-OG,4,B,10,B10,5,1,0,0.5,NA,NA,NA,NA,NA,NA,NA,NA,NA,0.5,VB,4,FALSE
PA-MT6-P22,Piper aduncum,May 9 2025,XP223-OG,4,B,12,B12,11,11,2,20,40,70,30,35,30,35,30,5,20,25,PA,6,FALSE
BS-MT6-P66,Bactris setulosa,December 3 2025,XP223-OG,4,B,13,B13,4,4,4,0.5,2.5,0.5,5,NA,NA,NA,NA,NA,NA,1,BS,6,FALSE
BU-MT3-P33,Brosimum utile,August 19 2025,XP223-OG,4,B,14,B14,7,4,6,1,35,0.5,0.5,NA,NA,NA,NA,NA,NA,2.5,BU,3,FALSE
AE-MT4-P22,Annona edulis,NA,XP223-OG,4,B,15,B15,9,8,4,10,5,10,10,5,5,50,30,NA,NA,10,AE,4,FALSE
BS-MT5-P31,Bactris setulosa,August 19 2025,XP223-OG,4,C,1,C1,3,3,3,50,50,30,NA,NA,NA,NA,NA,NA,NA,40,BS,5,FALSE
BU-MT4-P78,Brosimum utile,August 19 2025,XP223-OG,4,C,2,C2,3,1,3,45,NA,NA,NA,NA,NA,NA,NA,NA,NA,10,BU,4,FALSE
BG-MT1-P68,Banara guianensis,August 19 2025,XP223-OG,4,C,4,C4,NA,NA,NA,NA,NA,NA,NA,NA,NA,NA,NA,NA,NA,NA,BG,1,FALSE
BG-MT1-P90,Banara guianensis,NA,XP223-OG,4,C,4,C4,7,1,0,25,NA,NA,NA,NA,NA,NA,NA,NA,NA,1,BG,1,FALSE
EA-MT1-P53,Ecuadendron acosta-solisianum,December 3 2025,XP223-OG,4,C,5,C5,0,0,0,NA,NA,NA,NA,NA,NA,NA,NA,NA,NA,0,EA,1,FALSE
MC-MT2-P11,Miconia conocuatrecasasii,August 19 2025,XP223-OG,4,C,6,C6,4,2,2,2.5,0.5,NA,NA,NA,NA,NA,NA,NA,NA,1,MC,2,FALSE
AE-MT1-P70,Annona edulis,NA,XP223-OG,4,C,7,C7,5,0,0,NA,NA,NA,NA,NA,NA,NA,NA,NA,NA,0,AE,1,FALSE
CH-MT4-P88,Cecropia hispidissima,August 19 2025,XP223-OG,4,C,9,C9,NA,NA,NA,NA,NA,NA,NA,NA,NA,NA,NA,NA,NA,NA,CH,4,FALSE
DC-MT2-P11,Dacryodes cupularis,August 19 2025,XP223-OG,4,C,10,C10,5,4,4,10,5,2.5,5,NA,NA,NA,NA,NA,NA,5,DC,2,FALSE
PG-MT5-P64,Pouruma guianensis,NA,XP223-OG,4,C,11,C11,5,4,2,2.5,1,2.5,1,NA,NA,NA,NA,NA,NA,1,PG,5,FALSE
IS-MT1-P63,Inga silanchensis,May 9 2025,XP223-OG,4,C,12,C12,0,0,0,NA,NA,NA,NA,NA,NA,NA,NA,NA,NA,0,IS,1,FALSE
CP-MT1-P1,Carapa guianensis,August 19 2025,XP223-OG,4,C,13,C13,2,2,2,25,2.5,NA,NA,NA,NA,NA,NA,NA,NA,10,CP,1,FALSE
BP-MT2-P58,Bauhinia pichinchensis,NA,XP223-OG,4,C,15,C15,2,2,0,5,10,NA,NA,NA,NA,NA,NA,NA,NA,7.5,BP,2,FALSE
VB-MT3-P12,Vismia baccifera,NA,XP223-OG,4,C,16,C16,4,2,0,10,5,NA,NA,NA,NA,NA,NA,NA,NA,7.5,VB,3,FALSE
VB-MT5-P66,Vismia baccifera,NA,XP223-OG,5,A,1,A1,NA,NA,NA,NA,NA,NA,NA,NA,NA,NA,NA,NA,NA,NA,VB,5,FALSE
BU-MT4-P36,Brosimum utile,August 19 2025,XP223-OG,5,A,2,A2,NA,NA,NA,NA,NA,NA,NA,NA,NA,NA,NA,NA,NA,NA,BU,4,FALSE
BU-MT4-P24,Brosimum utile,NA,XP223-OG,5,A,2,A2,NA,NA,NA,NA,NA,NA,NA,NA,NA,NA,NA,NA,NA,NA,BU,4,FALSE
BP-MT3-P11,Bauhinia pichinchensis,NA,XP223-OG,5,A,5,A5,NA,NA,NA,NA,NA,NA,NA,NA,NA,NA,NA,NA,NA,NA,BP,3,FALSE
IS-MT3-P73,Inga silanchensis,December 3 2025,XP223-OG,5,A,6,A6,NA,NA,NA,NA,NA,NA,NA,NA,NA,NA,NA,NA,NA,NA,IS,3,FALSE
PG-MT3-P21,Pouruma guianensis,NA,XP223-OG,5,A,7,A7,NA,NA,NA,NA,NA,NA,NA,NA,NA,NA,NA,NA,NA,NA,PG,3,FALSE
AE-MT5-P3,Annona edulis,NA,XP223-OG,5,A,8,A8,NA,NA,NA,NA,NA,NA,NA,NA,NA,NA,NA,NA,NA,NA,AE,5,FALSE
BG-MT5-P67,Banara guianensis,August 19 2025,XP223-OG,5,A,9,A9,NA,NA,NA,NA,NA,NA,NA,NA,NA,NA,NA,NA,NA,NA,BG,5,FALSE
DC-MT5-P22,Dacryodes cupularis,August 19 2025,XP223-OG,5,A,10,A10,NA,NA,NA,NA,NA,NA,NA,NA,NA,NA,NA,NA,NA,NA,DC,5,FALSE
CH-MT2-P73,Cecropia hispidissima,August 19 2025,XP223-OG,5,A,13,A13,NA,NA,NA,NA,NA,NA,NA,NA,NA,NA,NA,NA,NA,NA,CH,2,FALSE
BP-MT4-P57,Bauhinia pichinchensis,NA,XP223-OG,5,B,1,B1,NA,NA,NA,NA,NA,NA,NA,NA,NA,NA,NA,NA,NA,NA,BP,4,FALSE
DC-MT1-P37,Dacryodes cupularis,August 19 2025,XP223-OG,5,B,2,B2,NA,NA,NA,NA,NA,NA,NA,NA,NA,NA,NA,NA,NA,NA,DC,1,FALSE
PG-MT1-P18,Pouruma guianensis,NA,XP223-OG,5,B,4,B4,NA,NA,NA,NA,NA,NA,NA,NA,NA,NA,NA,NA,NA,NA,PG,1,FALSE
BS-MT1-P92,Bactris setulosa,NA,XP223-OG,5,B,6,B6,NA,NA,NA,NA,NA,NA,NA,NA,NA,NA,NA,NA,NA,NA,BS,1,FALSE
CH-MT4-P75,Cecropia hispidissima,August 19 2025,XP223-OG,5,B,7,B7,NA,NA,NA,NA,NA,NA,NA,NA,NA,NA,NA,NA,NA,NA,CH,4,FALSE
AE-MT2-P11,Annona edulis,NA,XP223-OG,5,B,8,B8,NA,NA,NA,NA,NA,NA,NA,NA,NA,NA,NA,NA,NA,NA,AE,2,FALSE
VB-MT4-P8,Vismia baccifera,NA,XP223-OG,5,B,9,B9,NA,NA,NA,NA,NA,NA,NA,NA,NA,NA,NA,NA,NA,NA,VB,4,FALSE
BG-MT2-P51,Banara guianensis,August 19 2025,XP223-OG,5,B,10,B10,NA,NA,NA,NA,NA,NA,NA,NA,NA,NA,NA,NA,NA,NA,BG,2,FALSE
EA-MT3-P27,Ecuadendron acosta-solisianum,NA,XP223-OG,5,B,11,B11,NA,NA,NA,NA,NA,NA,NA,NA,NA,NA,NA,NA,NA,NA,EA,3,FALSE
IS-MT2-P58,Inga silanchensis,December 3 2025,XP223-OG,5,B,13,B13,NA,NA,NA,NA,NA,NA,NA,NA,NA,NA,NA,NA,NA,NA,IS,2,FALSE
CP-MT5-P10,Carapa guianensis,August 19 2025,XP223-OG,5,B,14,B14,NA,NA,NA,NA,NA,NA,NA,NA,NA,NA,NA,NA,NA,NA,CP,5,FALSE
PG-MT3-P64,Pouruma guianensis,NA,XP223-OG,5,C,1,C1,NA,NA,NA,NA,NA,NA,NA,NA,NA,NA,NA,NA,NA,NA,PG,3,FALSE
DC-MT4-P60,Dacryodes cupularis,August 19 2025,XP223-OG,5,C,2,C2,NA,NA,NA,NA,NA,NA,NA,NA,NA,NA,NA,NA,NA,NA,DC,4,FALSE
EA-MT4-P41,Ecuadendron acosta-solisianum,NA,XP223-OG,5,C,6,C6,NA,NA,NA,NA,NA,NA,NA,NA,NA,NA,NA,NA,NA,NA,EA,4,FALSE
BG-MT4-P45,Banara guianensis,August 19 2025,XP223-OG,5,C,8,C8,NA,NA,NA,NA,NA,NA,NA,NA,NA,NA,NA,NA,NA,NA,BG,4,FALSE
BP-MT4-P42,Bauhinia pichinchensis,NA,XP223-OG,5,C,9,C9,NA,NA,NA,NA,NA,NA,NA,NA,NA,NA,NA,NA,NA,NA,BP,4,FALSE
VB-MT3-P1,Vismia baccifera,NA,XP223-OG,5,C,10,C10,NA,NA,NA,NA,NA,NA,NA,NA,NA,NA,NA,NA,NA,NA,VB,3,FALSE
AE-MT4-P42,Annona edulis,NA,XP223-OG,5,C,11,C11,NA,NA,NA,NA,NA,NA,NA,NA,NA,NA,NA,NA,NA,NA,AE,4,FALSE
IS-MT3-P76,Inga silanchensis,NA,XP223-OG,5,C,15,C15,NA,NA,NA,NA,NA,NA,NA,NA,NA,NA,NA,NA,NA,NA,IS,3,FALSE
PG-MT2-P19,Pouruma guianensis,February 11 2026,XP214-PR,1,A,1,A1,3,0,0,NA,NA,NA,NA,NA,NA,NA,NA,NA,NA,0,PG,2,FALSE
CH-MT1-P49,Cecropia hispidissima,May 27 2025,XP214-PR,1,A,2,A2,NA,NA,NA,NA,NA,NA,NA,NA,NA,NA,NA,NA,NA,NA,CH,1,FALSE
IS-MT2-P21,Inga silanchensis,April 15 2025,XP214-PR,1,A,3,A3,4,4,4,1,1,0.5,2.5,NA,NA,NA,NA,NA,NA,1,IS,2,FALSE
OP-MT9-P13,Ochroma pyramidale,April 15 2025,XP214-PR,1,A,4,A4,84,64,NA,95,95,5,10,15,10,5,50,5,1,40,OP,9,FALSE
MC-MT2-P38,Miconia conocuatrecasasii,September 17 2025,XP214-PR,1,A,5,A5,14,6,0,5,10,0.5,0.5,0.5,1,NA,NA,NA,NA,1,MC,2,FALSE
BP-MT2-P44,Bauhinia pichinchensis,February 11 2026,XP214-PR,1,A,6,A6,NA,NA,NA,NA,NA,NA,NA,NA,NA,NA,NA,NA,NA,NA,BP,2,FALSE
DC-MT4-P55,Dacryodes cupularis,September 17 2025,XP214-PR,1,A,7,A7,5,5,0,5,0.5,0.5,10,0.5,NA,NA,NA,NA,NA,2.5,DC,4,FALSE
PA-MT6-P36,Piper aduncum,May 27 2025,XP214-PR,1,A,9,A9,219,69,0,15,0.5,0.5,2.5,5,0.5,5,1,10,0.5,1,PA,6,FALSE
BU-MT4-P53,Brosimum utile,September 17 2025,XP214-PR,1,A,10,A10,3,2,1,0.5,0.5,NA,NA,NA,NA,NA,NA,NA,NA,0.5,BU,4,FALSE
BG-MT1-P11,Banara guianensis,September 17 2025,XP214-PR,1,A,11,A11,79,7,0,50,40,5,0.5,2.5,2.5,1,NA,NA,NA,0.5,BG,1,FALSE
CP-MT1-P21,Carapa guianensis,September 17 2025,XP214-PR,1,A,13,A13,2,2,0,2.5,0.5,NA,NA,NA,NA,NA,NA,NA,NA,1,CP,1,FALSE
VB-MT1-P29,Vismia baccifera,September 17 2025,XP214-PR,1,A,15,A15,516,113,7,15,20,7.5,5,10,15,40,5,1,2.5,1,VB,1,FALSE
AE-MT3-P70,Annona edulis,February 11 2026,XP214-PR,1,A,16,A16,10,3,0,2.5,10,40,NA,NA,NA,NA,NA,NA,NA,10,AE,3,FALSE
MC-MT1-P64,Miconia conocuatrecasasii,September 17 2025,XP214-PR,1,B,2,B2,22,13,0,1,0.5,0.5,2.5,2.5,1,5,0.5,0.5,0.5,0.5,MC,1,FALSE
PA-MT7-P33,Piper aduncum,September 17 2025,XP214-PR,1,B,3,B3,24,6,0,0.5,0.5,1,2.5,0.5,0.5,NA,NA,NA,NA,0.5,PA,7,FALSE
VB-MT5-P21,Vismia baccifera,February 11 2026,XP214-PR,1,B,4,B4,32,1,0,0.5,NA,NA,NA,NA,NA,NA,NA,NA,NA,0.5,VB,5,FALSE
BU-MT3-P49,Brosimum utile,September 17 2025,XP214-PR,1,B,5,B5,3,0,0,NA,NA,NA,NA,NA,NA,NA,NA,NA,NA,0,BU,3,FALSE
AE-MT1-P2,Annona edulis,February 11 2026,XP214-PR,1,B,6,B6,6,2,0,0.5,1,NA,NA,NA,NA,NA,NA,NA,NA,0.5,AE,1,FALSE
IS-MT1-P42,Inga silanchensis,May 27 2025,XP214-PR,1,B,8,B8,4,4,4,10,2.5,1,0.5,NA,NA,NA,NA,NA,NA,2.5,IS,1,FALSE
BP-MT1-P59,Bauhinia pichinchensis,February 11 2026,XP214-PR,1,B,9,B9,4,3,0,5,50,0.5,NA,NA,NA,NA,NA,NA,NA,15,BP,1,FALSE
BG-MT2-P60,Banara guianensis,September 17 2025,XP214-PR,1,B,10,B10,80,8,0,2.5,10,2.5,1,1,1,5,0.5,NA,NA,0.5,BG,2,FALSE
CH-MT2-P71,Cecropia hispidissima,September 17 2025,XP214-PR,1,B,11,B11,4,3,0,5,50,2.5,NA,NA,NA,NA,NA,NA,NA,5,CH,2,FALSE
OP-MT8-P12,Ochroma pyramidale,May 27 2025,XP214-PR,1,B,12,B12,56,31,NA,95,95,5,10,95,5,15,15,5,15,30,OP,8,FALSE
CP-MT1-P60,Carapa guianensis,September 17 2025,XP214-PR,1,B,13,B13,0,0,0,NA,NA,NA,NA,NA,NA,NA,NA,NA,NA,0,CP,1,FALSE
DC-MT1-P1,Dacryodes cupularis,September 17 2025,XP214-PR,1,B,14,B14,1,1,0,2.5,NA,NA,NA,NA,NA,NA,NA,NA,NA,2.5,DC,1,FALSE
PG-MT5-P11,Pouruma guianensis,February 11 2026,XP214-PR,1,B,15,B15,5,2,0,0.5,5,NA,NA,NA,NA,NA,NA,NA,NA,1,PG,5,FALSE
BS-MT7-P18,Bactris setulosa,September 17 2025,XP214-PR,1,B,16,B16,NA,NA,NA,NA,NA,NA,NA,NA,NA,NA,NA,NA,NA,NA,BS,7,FALSE
PG-MT4-P61,Pouruma guianensis,February 11 2026,XP214-PR,1,C,1,C1,4,1,0,0.5,NA,NA,NA,NA,NA,NA,NA,NA,NA,0.5,PG,4,FALSE
VB-MT4-P71,Vismia baccifera,February 11 2026,XP214-PR,1,C,2,C2,16,1,0,2.5,NA,NA,NA,NA,NA,NA,NA,NA,NA,0.5,VB,4,FALSE
PA-MT3-P59,Piper aduncum,February 11 2026,XP214-PR,1,C,4,C4,6,2,0,40,5,NA,NA,NA,NA,NA,NA,NA,NA,5,PA,3,FALSE
CH-MT3-P66,Cecropia hispidissima,September 17 2025,XP214-PR,1,C,5,C5,19,13,0,0.5,1,0.5,1,0.5,10,1,5,1,0.5,1,CH,3,FALSE
OP-MT7-P45,Ochroma pyramidale,May 27 2025,XP214-PR,1,C,7,C7,54,36,NA,5,5,5,5,5,5,2.5,1,5,2.5,5,OP,7,FALSE
AE-MT5-P38,Annona edulis,February 11 2026,XP214-PR,1,C,8,C8,10,1,0,5,NA,NA,NA,NA,NA,NA,NA,NA,NA,0.5,AE,5,FALSE
DC-MT2-P47,Dacryodes cupularis,September 17 2025,XP214-PR,1,C,9,C9,1,1,0,0.5,NA,NA,NA,NA,NA,NA,NA,NA,NA,0.5,DC,2,FALSE
EA-MT5-P96,Ecuadendron acosta-solisianum,February 11 2026,XP214-PR,1,C,10,C10,16,8,0,0.5,0.5,1,1,5,1,0.5,1,NA,NA,0.5,EA,5,FALSE
CP-MT4-P44,Carapa guianensis,May 27 2025,XP214-PR,1,C,12,C12,8,5,4,0.5,0.5,0.5,5,0.5,NA,NA,NA,NA,NA,0.5,CP,4,FALSE
BU-MT5-P50,Brosimum utile,September 17 2025,XP214-PR,1,C,13,C13,0,0,0,NA,NA,NA,NA,NA,NA,NA,NA,NA,NA,0,BU,5,FALSE
BP-MT3-P20,Bauhinia pichinchensis,February 11 2026,XP214-PR,1,C,14,C14,3,2,1,1,5,NA,NA,NA,NA,NA,NA,NA,NA,1,BP,3,FALSE
BG-MT3-P63,Banara guianensis,September 17 2025,XP214-PR,1,C,15,C15,92,3,5,0.5,5,20,NA,NA,NA,NA,NA,NA,NA,0.5,BG,3,FALSE
MC-MT1-P55,Miconia conocuatrecasasii,September 17 2025,XP214-PR,1,C,16,C16,33,16,1,0.5,0.5,10,30,5,1,0.5,30,0.5,0.5,1,MC,1,FALSE
CP-MT2-P94,Carapa guianensis,May 27 2025,XP214-PR,2,A,1,A1,10,7,2,1,5,0.5,0.5,2.5,2.5,0.5,NA,NA,NA,1,CP,2,FALSE
BS-MT6-P7,Bactris setulosa,September 17 2025,XP214-PR,2,A,2,A2,4,4,1,0.5,0.5,0.5,10,NA,NA,NA,NA,NA,NA,2.5,BS,6,FALSE
OP-MT9-P57,Ochroma pyramidale,April 15 2025,XP214-PR,2,A,4,A4,78,44,NA,2.5,2.5,0.5,10,10,10,2.5,2.5,15,1,1,OP,9,FALSE
VB-MT1-P60,Vismia baccifera,September 17 2025,XP214-PR,2,A,5,A5,469,23,17,1,0.5,2.5,2.5,50,50,1,0.5,0.5,1,0.5,VB,1,FALSE
MC-MT3-P44,Miconia conocuatrecasasii,September 17 2025,XP214-PR,2,A,6,A6,29,11,0,25,20,0.5,0.5,1,12.5,0.5,5,1,50,1,MC,3,FALSE
BP-MT4-P64,Bauhinia pichinchensis,February 11 2026,XP214-PR,2,A,7,A7,1,0,0,NA,NA,NA,NA,NA,NA,NA,NA,NA,NA,0,BP,4,FALSE
PA-MT3-P45,Piper aduncum,April 15 2025,XP214-PR,2,A,8,A8,220,56,0,1,0.5,0.5,5,1,0.5,5,2.5,10,10,1,PA,3,FALSE
AE-MT4-P1,Annona edulis,February 11 2026,XP214-PR,2,A,9,A9,21,1,0,10,NA,NA,NA,NA,NA,NA,NA,NA,NA,0.5,AE,4,FALSE
BU-MT2-P44,Brosimum utile,September 17 2025,XP214-PR,2,A,10,A10,NA,NA,NA,NA,NA,NA,NA,NA,NA,NA,NA,NA,NA,NA,BU,2,FALSE
DC-MT1-P86,Dacryodes cupularis,February 11 2026,XP214-PR,2,A,11,A11,NA,NA,NA,NA,NA,NA,NA,NA,NA,NA,NA,NA,NA,NA,DC,1,FALSE
IS-MT3-P31,Inga silanchensis,April 15 2025,XP214-PR,2,A,12,A12,NA,NA,NA,NA,NA,NA,NA,NA,NA,NA,NA,NA,NA,NA,IS,3,FALSE
CH-MT4-P27,Cecropia hispidissima,September 17 2025,XP214-PR,2,A,13,A13,6,5,0,1,0.5,0.5,0.5,0.5,NA,NA,NA,NA,NA,0.5,CH,4,FALSE
BG-MT5-P61,Banara guianensis,September 17 2025,XP214-PR,2,A,14,A14,170,2,0,1,0.5,NA,NA,NA,NA,NA,NA,NA,NA,0.5,BG,5,FALSE
PG-MT3-P11,Pouruma guianensis,February 11 2026,XP214-PR,2,A,15,A15,4,1,0,0.5,NA,NA,NA,NA,NA,NA,NA,NA,NA,0.5,PG,3,FALSE
BG-MT1-P5,Banara guianensis,September 17 2025,XP214-PR,2,B,3,B3,60,9,13,0.5,0.5,5,0.5,5,5,1,0.5,2.5,NA,0.5,BG,1,FALSE
OP-MT2-P47,Ochroma pyramidale,April 15 2025,XP214-PR,2,B,4,B4,52,45,NA,1,1,2.5,1,2.5,5,1,2.5,10,5,1,OP,2,FALSE
CH-MT4-P26,Cecropia hispidissima,September 17 2025,XP214-PR,2,B,5,B5,9,8,0,7.5,1,0.5,0.5,0.5,1,0.5,0.5,NA,NA,0.5,CH,4,FALSE
BP-MT1-P57,Bauhinia pichinchensis,February 11 2026,XP214-PR,2,B,6,B6,5,2,0,1,1,NA,NA,NA,NA,NA,NA,NA,NA,0.5,BP,1,FALSE
IS-MT2-P38,Inga silanchensis,April 15 2025,XP214-PR,2,B,8,B8,11,11,2,1,0.5,2.5,0.5,0.5,2.5,2.5,2.5,0.5,0.5,0.5,IS,2,FALSE
AE-MT3-P13,Annona edulis,February 11 2026,XP214-PR,2,B,9,B9,10,5,0,40,10,50,1,0.5,NA,NA,NA,NA,NA,5,AE,3,FALSE
CP-MT4-P4,Carapa guianensis,May 27 2025,XP214-PR,2,B,10,B10,11,3,7,0.5,0.5,2.5,NA,NA,NA,NA,NA,NA,NA,0.5,CP,4,FALSE
PG-MT5-P28,Pouruma guianensis,February 11 2026,XP214-PR,2,B,11,B11,4,2,0,0.5,10,NA,NA,NA,NA,NA,NA,NA,NA,2.5,PG,5,FALSE
DC-MT3-P56,Dacryodes cupularis,September 17 2025,XP214-PR,2,B,13,B13,1,1,0,0.5,NA,NA,NA,NA,NA,NA,NA,NA,NA,0.5,DC,3,FALSE
BU-MT5-P33,Brosimum utile,September 17 2025,XP214-PR,2,B,14,B14,2,1,0,1,NA,NA,NA,NA,NA,NA,NA,NA,NA,0.5,BU,5,FALSE
VB-MT3-P31,Vismia baccifera,February 11 2026,XP214-PR,2,B,15,B15,47,2,0,1,2.5,NA,NA,NA,NA,NA,NA,NA,NA,0.5,VB,3,FALSE
DC-MT1-P15,Dacryodes cupularis,February 11 2026,XP214-PR,2,C,1,C1,4,4,0,1,0.5,1,10,NA,NA,NA,NA,NA,NA,7.5,DC,1,FALSE
VB-MT3-P19,Vismia baccifera,February 11 2026,XP214-PR,2,C,2,C2,26,8,0,0.5,0.5,0.5,1,5,1,1,0.5,NA,NA,0.5,VB,3,FALSE
CH-MT3-P40,Cecropia hispidissima,September 17 2025,XP214-PR,2,C,3,C3,21,19,0,5,50,50,2.5,1,1,2.5,2.5,2.5,10,5,CH,3,FALSE
AE-MT5-P68,Annona edulis,February 11 2026,XP214-PR,2,C,4,C4,23,3,0,30,1,5,NA,NA,NA,NA,NA,NA,NA,0.5,AE,5,FALSE
BG-MT1-P50,Banara guianensis,September 17 2025,XP214-PR,2,C,7,C7,54,5,0,10,0.5,0.5,0.5,5,NA,NA,NA,NA,NA,0.5,BG,1,FALSE
OP-MT6-P37,Ochroma pyramidale,May 27 2025,XP214-PR,2,C,8,C8,35,21,NA,2.5,25,1,2.5,0.5,5,2.5,1,1,0.5,1,OP,6,FALSE
BU-MT1-P77,Brosimum utile,May 27 2025,XP214-PR,2,C,9,C9,6,2,1,0.5,0.5,NA,NA,NA,NA,NA,NA,NA,NA,0.5,BU,1,FALSE
CP-MT3-P76,Carapa guianensis,May 27 2025,XP214-PR,2,C,10,C10,6,6,1,1,0.5,0.5,0.5,0.5,0.5,NA,NA,NA,NA,0.5,CP,3,FALSE
BP-MT3-P53,Bauhinia pichinchensis,February 11 2026,XP214-PR,2,C,12,C12,13,3,0,1,0.5,0.5,NA,NA,NA,NA,NA,NA,NA,0.5,BP,3,FALSE
PG-MT3-P16,Pouruma guianensis,February 11 2026,XP214-PR,2,C,13,C13,5,1,0,10,NA,NA,NA,NA,NA,NA,NA,NA,NA,2.5,PG,3,FALSE
MC-MT3-P8,Miconia conocuatrecasasii,September 17 2025,XP214-PR,2,C,16,C16,13,4,0,2.5,1,20,0.5,NA,NA,NA,NA,NA,NA,2.5,MC,3,FALSE
BU-MT4-P59,Brosimum utile,September 17 2025,XP214-PR,3,A,1,A1,2,1,0,0.5,NA,NA,NA,NA,NA,NA,NA,NA,NA,0.5,BU,4,FALSE
IS-MT3-P14,Inga silanchensis,April 15 2025,XP214-PR,3,A,2,A2,5,5,1,10,0.5,2.5,1,2.5,NA,NA,NA,NA,NA,1,IS,3,FALSE
BP-MT1-P10,Bauhinia pichinchensis,February 11 2026,XP214-PR,3,A,3,A3,NA,NA,NA,NA,NA,NA,NA,NA,NA,NA,NA,NA,NA,NA,BP,1,FALSE
CH-MT4-P51,Cecropia hispidissima,September 17 2025,XP214-PR,3,A,5,A5,20,14,0,2.5,2.5,0.5,5,1,2.5,5,0.5,1,5,2.5,CH,4,FALSE
DC-MT4-P47,Dacryodes cupularis,September 17 2025,XP214-PR,3,A,8,A8,NA,NA,NA,NA,NA,NA,NA,NA,NA,NA,NA,NA,NA,NA,DC,4,FALSE
MC-MT2-P56,Miconia conocuatrecasasii,September 17 2025,XP214-PR,3,A,9,A9,37,16,0,0.5,5,25,10,25,20,5,20,12.5,20,2.5,MC,2,FALSE
AE-MT5-P12,Annona edulis,February 11 2026,XP214-PR,3,A,10,A10,6,3,0,10,12.5,0.5,NA,NA,NA,NA,NA,NA,NA,5,AE,5,FALSE
BS-MT5-P35,Bactris setulosa,September 17 2025,XP214-PR,3,A,11,A11,4,3,2,5,60,2.5,NA,NA,NA,NA,NA,NA,NA,12.5,BS,5,FALSE
PG-MT4-P55,Pouruma guianensis,February 11 2026,XP214-PR,3,A,12,A12,3,3,1,20,1,50,NA,NA,NA,NA,NA,NA,NA,20,PG,4,FALSE
VB-MT2-P96,Vismia baccifera,February 11 2026,XP214-PR,3,A,13,A13,32,5,0,10,25,2.5,50,35,NA,NA,NA,NA,NA,1,VB,2,FALSE
BG-MT5-P39,Banara guianensis,September 17 2025,XP214-PR,3,A,14,A14,25,3,0,2.5,1,0.5,NA,NA,NA,NA,NA,NA,NA,0.5,BG,5,FALSE
CP-MT5-P12,Carapa guianensis,September 17 2025,XP214-PR,3,A,16,A16,1,1,0,1,NA,NA,NA,NA,NA,NA,NA,NA,NA,1,CP,5,FALSE
CH-MT5-P5,Cecropia hispidissima,September 17 2025,XP214-PR,3,B,1,B1,6,5,0,2.5,5,5,5,5,NA,NA,NA,NA,NA,5,CH,5,FALSE
BG-MT3-P68,Banara guianensis,September 17 2025,XP214-PR,3,B,3,B3,92,7,1,0.5,5,90,90,85,90,35,NA,NA,NA,25,BG,3,FALSE
IS-MT5-P79,Inga silanchensis,April 15 2025,XP214-PR,3,B,4,B4,3,2,0,10,20,NA,NA,NA,NA,NA,NA,NA,NA,15,IS,5,FALSE
OP-MT7-P56,Ochroma pyramidale,May 27 2025,XP214-PR,3,B,6,B6,34,15,NA,95,95,95,0.5,50,20,10,10,95,0.5,50,OP,7,FALSE
CP-MT5-P48,Carapa guianensis,September 17 2025,XP214-PR,3,B,7,B7,0,0,0,NA,NA,NA,NA,NA,NA,NA,NA,NA,NA,0,CP,5,FALSE
BU-MT2-P14,Brosimum utile,September 17 2025,XP214-PR,3,B,8,B8,NA,NA,NA,NA,NA,NA,NA,NA,NA,NA,NA,NA,NA,NA,BU,2,FALSE
PG-MT1-P41,Pouruma guianensis,February 11 2026,XP214-PR,3,B,9,B9,3,3,0,0.5,0.5,5,NA,NA,NA,NA,NA,NA,NA,1,PG,1,FALSE
PA-MT7-P17,Piper aduncum,September 17 2025,XP214-PR,3,B,10,B10,45,18,0,1,2.5,1,30,0.5,10,1,5,0.5,0.5,1,PA,7,FALSE
EA-MT3-P16,Ecuadendron acosta-solisianum,May 27 2025,XP214-PR,3,B,11,B11,18,0,3,NA,NA,NA,NA,NA,NA,NA,NA,NA,NA,0,EA,3,FALSE
BP-MT5-P14,Bauhinia pichinchensis,February 11 2026,XP214-PR,3,B,12,B12,0,0,0,NA,NA,NA,NA,NA,NA,NA,NA,NA,NA,0,BP,5,FALSE
AE-MT2-P13,Annona edulis,February 11 2026,XP214-PR,3,B,13,B13,15,5,0,25,0.5,0.5,5,12.5,NA,NA,NA,NA,NA,2.5,AE,2,FALSE
BS-MT1-P6,Bactris setulosa,September 17 2025,XP214-PR,3,B,14,B14,6,6,3,2.5,10,20,45,20,25,NA,NA,NA,NA,10,BS,1,FALSE
DC-MT5-P36,Dacryodes cupularis,September 17 2025,XP214-PR,3,B,15,B15,5,2,2,5,2.5,NA,NA,NA,NA,NA,NA,NA,NA,1,DC,5,FALSE
VB-MT4-P62,Vismia baccifera,February 11 2026,XP214-PR,3,B,16,B16,31,3,0,5,0.5,10,NA,NA,NA,NA,NA,NA,NA,0.5,VB,4,FALSE
CH-MT5-P29,Cecropia hispidissima,September 17 2025,XP214-PR,3,C,2,C2,8,8,0,10,1,10,7.5,20,0.5,5,1,NA,NA,5,CH,5,FALSE
PG-MT5-P72,Pouruma guianensis,February 11 2026,XP214-PR,3,C,3,C3,5,1,0,0.5,NA,NA,NA,NA,NA,NA,NA,NA,NA,0.5,PG,5,FALSE
BU-MT1-P80,Brosimum utile,May 27 2025,XP214-PR,3,C,4,C4,NA,NA,NA,NA,NA,NA,NA,NA,NA,NA,NA,NA,NA,NA,BU,1,FALSE
BG-MT4-P65,Banara guianensis,September 17 2025,XP214-PR,3,C,5,C5,24,2,2,25,15,NA,NA,NA,NA,NA,NA,NA,NA,1,BG,4,FALSE
OP-MT6-P32,Ochroma pyramidale,May 27 2025,XP214-PR,3,C,7,C7,13,10,NA,95,92.5,95,5,1,1,0.5,5,95,0.5,40,OP,6,FALSE
VB-MT3-P49,Vismia baccifera,February 11 2026,XP214-PR,3,C,8,C8,19,4,1,5,0.5,0.5,0.5,NA,NA,NA,NA,NA,NA,0.5,VB,3,FALSE
PA-MT6-P58,Piper aduncum,May 27 2025,XP214-PR,3,C,9,C9,72,15,0,1,10,1,0.5,0.5,10,5,0.5,0.5,0.5,0.5,PA,6,FALSE
IS-MT4-P45,Inga silanchensis,May 27 2025,XP214-PR,3,C,10,C10,4,2,0,0.5,0.5,NA,NA,NA,NA,NA,NA,NA,NA,0.5,IS,4,FALSE
DC-MT5-P20,Dacryodes cupularis,September 17 2025,XP214-PR,3,C,12,C12,NA,NA,NA,NA,NA,NA,NA,NA,NA,NA,NA,NA,NA,NA,DC,5,FALSE
BP-MT2-P37,Bauhinia pichinchensis,February 11 2026,XP214-PR,3,C,13,C13,3,0,0,NA,NA,NA,NA,NA,NA,NA,NA,NA,NA,0,BP,2,FALSE
AE-MT1-P37,Annona edulis,February 11 2026,XP214-PR,3,C,15,C15,8,1,0,0.5,NA,NA,NA,NA,NA,NA,NA,NA,NA,0.5,AE,1,FALSE
MC-MT3-P32,Miconia conocuatrecasasii,NA,XP214-PR,3,C,16,C16,NA,NA,NA,NA,NA,NA,NA,NA,NA,NA,NA,NA,NA,NA,MC,3,FALSE
MC-MT2-P6,Miconia conocuatrecasasii,February 11 2026,XP214-PR,3,C,16,C16,10,4,0,1,2.5,0.5,50,NA,NA,NA,NA,NA,NA,2.5,MC,2,FALSE
VB-MT4-P38,Vismia baccifera,February 11 2026,XP214-PR,4,A,1,A1,52,4,0,0.5,25,25,1,NA,NA,NA,NA,NA,NA,0.5,VB,4,FALSE
MC-MT1-P27,Miconia conocuatrecasasii,September 17 2025,XP214-PR,4,A,2,A2,54,8,0,2.5,0.5,1,2.5,5,2.5,2.5,1,NA,NA,0.5,MC,1,FALSE
BG-MT3-P86,Banara guianensis,September 17 2025,XP214-PR,4,A,3,A3,187,4,2,5,5,0.5,0.5,NA,NA,NA,NA,NA,NA,2.5,BG,3,FALSE
CH-MT1-P57,Cecropia hispidissima,May 27 2025,XP214-PR,4,A,4,A4,NA,NA,NA,NA,NA,NA,NA,NA,NA,NA,NA,NA,NA,NA,CH,1,FALSE
CH-MT3-P76,Cecropia hispidissima,February 11 2026,XP214-PR,4,A,4,A4,2,0,0,NA,NA,NA,NA,NA,NA,NA,NA,NA,NA,0,CH,3,FALSE
EA-MT2-P5,Ecuadendron acosta-solisianum,May 27 2025,XP214-PR,4,A,5,A5,10,6,0,35,10,5,5,2.5,5,NA,NA,NA,NA,5,EA,2,FALSE
OP-MT2-P35,Ochroma pyramidale,April 15 2025,XP214-PR,4,A,6,A6,21,6,0,0.5,0.5,0.5,0.5,0.5,1,NA,NA,NA,NA,0.5,OP,2,FALSE
BS-MT6-P3,Bactris setulosa,September 17 2025,XP214-PR,4,A,7,A7,NA,NA,NA,NA,NA,NA,NA,NA,NA,NA,NA,NA,NA,NA,BS,6,FALSE
PA-MT3-P74,Piper aduncum,April 15 2025,XP214-PR,4,A,8,A8,85,11,0,1,0.5,0.5,0.5,1,2.5,0.5,0.5,0.5,0.5,0.5,PA,3,FALSE
DC-MT3-P3,Dacryodes cupularis,September 17 2025,XP214-PR,4,A,10,A10,NA,NA,NA,NA,NA,NA,NA,NA,NA,NA,NA,NA,NA,NA,DC,3,FALSE
IS-MT5-P39,Inga silanchensis,April 15 2025,XP214-PR,4,A,11,A11,10,6,4,0.5,0.5,0.5,0.5,0.5,1,NA,NA,NA,NA,0.5,IS,5,FALSE
BU-MT3-P61,Brosimum utile,September 17 2025,XP214-PR,4,A,13,A13,NA,NA,NA,NA,NA,NA,NA,NA,NA,NA,NA,NA,NA,NA,BU,3,FALSE
AE-MT4-P55,Annona edulis,February 11 2026,XP214-PR,4,A,14,A14,3,0,0,NA,NA,NA,NA,NA,NA,NA,NA,NA,NA,0,AE,4,FALSE
PG-MT1-P22,Pouruma guianensis,February 11 2026,XP214-PR,4,A,15,A15,2,0,0,NA,NA,NA,NA,NA,NA,NA,NA,NA,NA,0,PG,1,FALSE
BP-MT2-P20,Bauhinia pichinchensis,February 11 2026,XP214-PR,4,A,16,A16,2,1,0,1,NA,NA,NA,NA,NA,NA,NA,NA,NA,0.5,BP,2,FALSE
BP-MT4-P13,Bauhinia pichinchensis,February 11 2026,XP214-PR,4,B,1,B1,NA,NA,NA,NA,NA,NA,NA,NA,NA,NA,NA,NA,NA,NA,BP,4,FALSE
PG-MT2-P48,Pouruma guianensis,February 11 2026,XP214-PR,4,B,2,B2,4,1,0,0.5,NA,NA,NA,NA,NA,NA,NA,NA,NA,0.5,PG,2,FALSE
MC-MT2-P47,Miconia conocuatrecasasii,September 17 2025,XP214-PR,4,B,3,B3,52,14,0,1,5,10,0.5,1,1,0.5,5,0.5,0.5,0.5,MC,2,FALSE
BG-MT2-P42,Banara guianensis,September 17 2025,XP214-PR,4,B,5,B5,14,0,0,NA,NA,NA,NA,NA,NA,NA,NA,NA,NA,0,BG,2,FALSE
CP-MT3-P48,Carapa guianensis,May 27 2025,XP214-PR,4,B,6,B6,2,1,0,5,NA,NA,NA,NA,NA,NA,NA,NA,NA,2.5,CP,3,FALSE
AE-MT3-P67,Annona edulis,February 11 2026,XP214-PR,4,B,7,B7,7,2,0,2.5,25,NA,NA,NA,NA,NA,NA,NA,NA,5,AE,3,FALSE
EA-MT4-P31,Ecuadendron acosta-solisianum,February 11 2026,XP214-PR,4,B,8,B8,12,2,0,15,25,NA,NA,NA,NA,NA,NA,NA,NA,15,EA,4,FALSE
OP-MT8-P28,Ochroma pyramidale,May 27 2025,XP214-PR,4,B,9,B9,11,1,0,90,NA,NA,NA,NA,NA,NA,NA,NA,NA,30,OP,8,FALSE
IS-MT4-P47,Inga silanchensis,May 27 2025,XP214-PR,4,B,10,B10,4,1,0,0.5,NA,NA,NA,NA,NA,NA,NA,NA,NA,0.5,IS,4,FALSE
CH-MT2-P2,Cecropia hispidissima,September 17 2025,XP214-PR,4,B,12,B12,4,3,0,0.5,1,1,NA,NA,NA,NA,NA,NA,NA,0.5,CH,2,FALSE
BU-MT4-P65,Brosimum utile,September 17 2025,XP214-PR,4,B,14,B14,2,1,2,0.5,NA,NA,NA,NA,NA,NA,NA,NA,NA,0.5,BU,4,FALSE
VB-MT3-P16,Vismia baccifera,February 11 2026,XP214-PR,4,B,15,B15,16,3,0,5,0.5,10,NA,NA,NA,NA,NA,NA,NA,0.5,VB,3,FALSE
DC-MT1-P65,Dacryodes cupularis,September 17 2025,XP214-PR,4,B,16,B16,NA,NA,NA,NA,NA,NA,NA,NA,NA,NA,NA,NA,NA,NA,DC,1,FALSE
IS-MT1-P52,Inga silanchensis,May 27 2025,XP214-PR,4,C,2,C2,6,4,2,0.5,0.5,0.5,0.5,NA,NA,NA,NA,NA,NA,0.5,IS,1,FALSE
VB-MT5-P23,Vismia baccifera,February 11 2026,XP214-PR,4,C,3,C3,43,2,0,35,2.5,NA,NA,NA,NA,NA,NA,NA,NA,0.5,VB,5,FALSE
CP-MT2-P92,Carapa guianensis,May 27 2025,XP214-PR,4,C,6,C6,3,2,3,1,0.5,NA,NA,NA,NA,NA,NA,NA,NA,0.5,CP,2,FALSE
CH-MT4-P17,Cecropia hispidissima,September 17 2025,XP214-PR,4,C,7,C7,9,8,0,0.5,0.5,0.5,1,0.5,0.5,0.5,0.5,NA,NA,0.5,CH,4,FALSE
BG-MT4-P61,Banara guianensis,September 17 2025,XP214-PR,4,C,9,C9,8,6,0,25,75,0.5,0.5,0.5,0.5,NA,NA,NA,NA,5,BG,4,FALSE
BP-MT4-P55,Bauhinia pichinchensis,February 11 2026,XP214-PR,4,C,10,C10,NA,NA,NA,NA,NA,NA,NA,NA,NA,NA,NA,NA,NA,NA,BP,4,FALSE
EA-MT4-P71,Ecuadendron acosta-solisianum,May 27 2025,XP214-PR,4,C,11,C11,59,17,2,12.5,15,1,1,5,1,5,2.5,2.5,1,0.5,EA,4,FALSE
PG-MT2-P32,Pouruma guianensis,February 11 2026,XP214-PR,4,C,13,C13,3,2,0,12.5,50,NA,NA,NA,NA,NA,NA,NA,NA,25,PG,2,FALSE
AE-MT2-P10,Annona edulis,February 11 2026,XP214-PR,4,C,14,C14,8,1,0,0.5,NA,NA,NA,NA,NA,NA,NA,NA,NA,0.5,AE,2,FALSE
BU-MT3-P83,Brosimum utile,September 17 2025,XP214-PR,4,C,16,C16,8,1,3,2.5,NA,NA,NA,NA,NA,NA,NA,NA,NA,0.5,BU,3,FALSE
OP-MT9-P16,Ochroma pyramidale,April 15 2025,XP214-PR,5,A,1,A1,NA,NA,NA,NA,NA,NA,NA,NA,NA,NA,NA,NA,NA,NA,OP,9,FALSE
PA-MT3-P42,Piper aduncum,April 15 2025,XP214-PR,5,A,2,A2,NA,NA,NA,NA,NA,NA,NA,NA,NA,NA,NA,NA,NA,NA,PA,3,FALSE
CP-MT4-P57,Carapa guianensis,May 27 2025,XP214-PR,5,A,3,A3,NA,NA,NA,NA,NA,NA,NA,NA,NA,NA,NA,NA,NA,NA,CP,4,FALSE
IS-MT3-P99,Inga silanchensis,February 11 2026,XP214-PR,5,A,4,A4,NA,NA,NA,NA,NA,NA,NA,NA,NA,NA,NA,NA,NA,NA,IS,3,FALSE
BU-MT1-P17,Brosimum utile,May 27 2025,XP214-PR,5,A,5,A5,NA,NA,NA,NA,NA,NA,NA,NA,NA,NA,NA,NA,NA,NA,BU,1,FALSE
AE-MT3-P17,Annona edulis,February 11 2026,XP214-PR,5,A,6,A6,NA,NA,NA,NA,NA,NA,NA,NA,NA,NA,NA,NA,NA,NA,AE,3,FALSE
BG-MT5-P50,Banara guianensis,September 17 2025,XP214-PR,5,A,12,A12,NA,NA,NA,NA,NA,NA,NA,NA,NA,NA,NA,NA,NA,NA,BG,5,FALSE
DC-MT4-P19,Dacryodes cupularis,September 17 2025,XP214-PR,5,A,13,A13,NA,NA,NA,NA,NA,NA,NA,NA,NA,NA,NA,NA,NA,NA,DC,4,FALSE
PG-MT1-P34,Pouruma guianensis,February 11 2026,XP214-PR,5,A,15,A15,NA,NA,NA,NA,NA,NA,NA,NA,NA,NA,NA,NA,NA,NA,PG,1,FALSE
IS-MT2-P56,Inga silanchensis,April 15 2025,XP214-PR,5,B,1,B1,NA,NA,NA,NA,NA,NA,NA,NA,NA,NA,NA,NA,NA,NA,IS,2,FALSE
CP-MT2-P88,Carapa guianensis,May 27 2025,XP214-PR,5,B,2,B2,NA,NA,NA,NA,NA,NA,NA,NA,NA,NA,NA,NA,NA,NA,CP,2,FALSE
PA-MT6-P20,Piper aduncum,May 27 2025,XP214-PR,5,B,3,B3,NA,NA,NA,NA,NA,NA,NA,NA,NA,NA,NA,NA,NA,NA,PA,6,FALSE
DC-MT1-P53,Dacryodes cupularis,September 17 2025,XP214-PR,5,B,5,B5,NA,NA,NA,NA,NA,NA,NA,NA,NA,NA,NA,NA,NA,NA,DC,1,FALSE
AE-MT5-P73,Annona edulis,February 11 2026,XP214-PR,5,B,6,B6,NA,NA,NA,NA,NA,NA,NA,NA,NA,NA,NA,NA,NA,NA,AE,5,FALSE
BG-MT4-P31,Banara guianensis,September 17 2025,XP214-PR,5,B,8,B8,NA,NA,NA,NA,NA,NA,NA,NA,NA,NA,NA,NA,NA,NA,BG,4,FALSE
CH-MT3-P15,Cecropia hispidissima,September 17 2025,XP214-PR,5,B,9,B9,NA,NA,NA,NA,NA,NA,NA,NA,NA,NA,NA,NA,NA,NA,CH,3,FALSE
PG-MT4-P20,Pouruma guianensis,February 11 2026,XP214-PR,5,B,14,B14,NA,NA,NA,NA,NA,NA,NA,NA,NA,NA,NA,NA,NA,NA,PG,4,FALSE
CP-MT2-P83,Carapa guianensis,May 27 2025,XP214-PR,5,C,1,C1,NA,NA,NA,NA,NA,NA,NA,NA,NA,NA,NA,NA,NA,NA,CP,2,FALSE
OP-MT7-P38,Ochroma pyramidale,May 27 2025,XP214-PR,5,C,2,C2,NA,NA,NA,NA,NA,NA,NA,NA,NA,NA,NA,NA,NA,NA,OP,7,FALSE
PG-MT4-P38,Pouruma guianensis,February 11 2026,XP214-PR,5,C,3,C3,NA,NA,NA,NA,NA,NA,NA,NA,NA,NA,NA,NA,NA,NA,PG,4,FALSE
AE-MT1-P49,Annona edulis,February 11 2026,XP214-PR,5,C,5,C5,NA,NA,NA,NA,NA,NA,NA,NA,NA,NA,NA,NA,NA,NA,AE,1,FALSE
BG-MT2-P86,Banara guianensis,September 17 2025,XP214-PR,5,C,10,C10,NA,NA,NA,NA,NA,NA,NA,NA,NA,NA,NA,NA,NA,NA,BG,2,FALSE
IS-MT3-P86,Inga silanchensis,February 11 2026,XP214-PR,5,C,11,C11,NA,NA,NA,NA,NA,NA,NA,NA,NA,NA,NA,NA,NA,NA,IS,3,FALSE
CH-MT2-P75,Cecropia hispidissima,September 17 2025,XP214-PR,5,C,12,C12,NA,NA,NA,NA,NA,NA,NA,NA,NA,NA,NA,NA,NA,NA,CH,2,FALSE
DC-MT5-P17,Dacryodes cupularis,September 17 2025,XP214-PR,5,C,16,C16,NA,NA,NA,NA,NA,NA,NA,NA,NA,NA,NA,NA,NA,NA,DC,5,FALSE
CP-MT3-P10,Carapa guianensis,May 26 2025,XP215-PR,1,A,1,A1,8,7,7,0.5,0.5,2.5,10,5,10,45,NA,NA,NA,5,CP,3,FALSE
PG-MT2-P20,Pouruma guianensis,February 13 2026,XP215-PR,1,A,3,A3,3,1,0,1,NA,NA,NA,NA,NA,NA,NA,NA,NA,0.5,PG,2,FALSE
CH-MT2-P18,Cecropia hispidissima,September 18 2025,XP215-PR,1,A,5,A5,8,5,0,0.5,0.5,0.5,0.5,0.5,NA,NA,NA,NA,NA,0.5,CH,2,FALSE
IS-MT2-P69,Inga silanchensis,April 14 2025,XP215-PR,1,A,6,A6,4,4,0,0.5,2.5,20,0.5,NA,NA,NA,NA,NA,NA,5,IS,2,FALSE
PA-MT3-P2,Piper aduncum,April 14 2025,XP215-PR,1,A,7,A7,536,237,14,1,2.5,5,1,0.5,1,0.5,2.5,1,50,0.5,PA,3,FALSE
OP-MT2-P5,Ochroma pyramidale,April 14 2025,XP215-PR,1,A,8,A8,55,34,NA,20,5,5,10,15,1,5,15,0.5,1,5,OP,2,FALSE
BG-MT4-P22,Banara guianensis,September 18 2025,XP215-PR,1,A,9,A9,47,1,0,2.5,NA,NA,NA,NA,NA,NA,NA,NA,NA,0.5,BG,4,FALSE
BU-MT4-P32,Brosimum utile,September 18 2025,XP215-PR,1,A,11,A11,NA,NA,NA,NA,NA,NA,NA,NA,NA,NA,NA,NA,NA,NA,BU,4,FALSE
BS-MT7-P24,Bactris setulosa,September 18 2025,XP215-PR,1,A,13,A13,2,2,1,1,2.5,NA,NA,NA,NA,NA,NA,NA,NA,1,BS,7,FALSE
BP-MT2-P73,Bauhinia pichinchensis,February 13 2026,XP215-PR,1,A,14,A14,NA,NA,NA,NA,NA,NA,NA,NA,NA,NA,NA,NA,NA,NA,BP,2,FALSE
AE-MT4-P46,Annona edulis,February 13 2026,XP215-PR,1,A,15,A15,13,3,5,7.5,5,20,NA,NA,NA,NA,NA,NA,NA,0.5,AE,4,FALSE
VB-MT2-P46,Vismia baccifera,February 13 2026,XP215-PR,1,A,16,A16,20,0,0,NA,NA,NA,NA,NA,NA,NA,NA,NA,NA,0,VB,2,FALSE
DC-MT2-P7,Dacryodes cupularis,September 18 2025,XP215-PR,1,B,1,B1,NA,NA,NA,NA,NA,NA,NA,NA,NA,NA,NA,NA,NA,NA,DC,2,FALSE
IS-MT5-P69,Inga silanchensis,April 14 2025,XP215-PR,1,B,2,B2,4,3,0,2.5,2.5,5,NA,NA,NA,NA,NA,NA,NA,2.5,IS,5,FALSE
OP-MT6-P41,Ochroma pyramidale,May 26 2025,XP215-PR,1,B,3,B3,68,56,NA,10,10,20,5,10,10,2.5,5,5,10,10,OP,6,FALSE
VB-MT3-P60,Vismia baccifera,February 13 2026,XP215-PR,1,B,4,B4,30,2,2,5,10,NA,NA,NA,NA,NA,NA,NA,NA,0.5,VB,3,FALSE
BP-MT1-P60,Bauhinia pichinchensis,February 13 2026,XP215-PR,1,B,6,B6,1,1,0,30,NA,NA,NA,NA,NA,NA,NA,NA,NA,30,BP,1,FALSE
PG-MT5-P58,Pouruma guianensis,February 13 2026,XP215-PR,1,B,7,B7,3,1,0,0.5,NA,NA,NA,NA,NA,NA,NA,NA,NA,0.5,PG,5,FALSE
EA-MT4-P29,Ecuadendron acosta-solisianum,February 13 2026,XP215-PR,1,B,9,B9,6,1,0,1,NA,NA,NA,NA,NA,NA,NA,NA,NA,0.5,EA,4,FALSE
CH-MT1-P31,Cecropia hispidissima,May 26 2025,XP215-PR,1,B,10,B10,NA,NA,NA,NA,NA,NA,NA,NA,NA,NA,NA,NA,NA,NA,CH,1,FALSE
BG-MT3-P85,Banara guianensis,September 18 2025,XP215-PR,1,B,11,B11,91,3,10,0.5,10,5,NA,NA,NA,NA,NA,NA,NA,0.5,BG,3,FALSE
AE-MT1-P67,Annona edulis,February 13 2026,XP215-PR,1,B,12,B12,26,5,0,1,50,2.5,10,1,NA,NA,NA,NA,NA,1,AE,1,FALSE
BU-MT4-P22,Brosimum utile,September 18 2025,XP215-PR,1,B,15,B15,2,0,0,NA,NA,NA,NA,NA,NA,NA,NA,NA,NA,0,BU,4,FALSE
DC-MT3-P26,Dacryodes cupularis,September 18 2025,XP215-PR,1,C,1,C1,NA,NA,NA,NA,NA,NA,NA,NA,NA,NA,NA,NA,NA,NA,DC,3,FALSE
AE-MT2-P36,Annona edulis,February 13 2026,XP215-PR,1,C,2,C2,7,0,0,NA,NA,NA,NA,NA,NA,NA,NA,NA,NA,0,AE,2,FALSE
PA-MT7-P28,Piper aduncum,September 18 2025,XP215-PR,1,C,3,C3,68,22,0,0.5,0.5,2.5,1,1,2.5,0.5,10,1,10,0.5,PA,7,FALSE
OP-MT6-P19,Ochroma pyramidale,May 26 2025,XP215-PR,1,C,4,C4,46,46,NA,10,20,15,5,5,5,5,2.5,15,5,7.5,OP,6,FALSE
VB-MT1-P54,Vismia baccifera,September 18 2025,XP215-PR,1,C,5,C5,28,3,4,10,1,2.5,NA,NA,NA,NA,NA,NA,NA,0.5,VB,1,FALSE
CH-MT4-P21,Cecropia hispidissima,September 18 2025,XP215-PR,1,C,6,C6,9,5,0,0.5,0.5,1,5,0.5,NA,NA,NA,NA,NA,0.5,CH,4,FALSE
CP-MT4-P35,Carapa guianensis,May 26 2025,XP215-PR,1,C,7,C7,6,4,2,0.5,2.5,0.5,0.5,NA,NA,NA,NA,NA,NA,0.5,CP,4,FALSE
EA-MT4-P3,Ecuadendron acosta-solisianum,May 26 2025,XP215-PR,1,C,8,C8,34,19,5,2.5,2.5,5,7.5,2.5,10,2.5,2.5,5,1,0.5,EA,4,FALSE
BS-MT6-P33,Bactris setulosa,September 18 2025,XP215-PR,1,C,10,C10,2,2,0,50,40,NA,NA,NA,NA,NA,NA,NA,NA,45,BS,6,FALSE
BU-MT4-P62,Brosimum utile,September 18 2025,XP215-PR,1,C,11,C11,5,1,2,0.5,NA,NA,NA,NA,NA,NA,NA,NA,NA,0.5,BU,4,FALSE
MC-MT3-P24,Miconia conocuatrecasasii,NA,XP215-PR,1,C,13,C13,NA,NA,NA,NA,NA,NA,NA,NA,NA,NA,NA,NA,NA,NA,MC,3,FALSE
MC-MT2-P20,Miconia conocuatrecasasii,February 13 2026,XP215-PR,1,C,13,C13,7,4,0,10,15,2.5,0.5,NA,NA,NA,NA,NA,NA,7.5,MC,2,FALSE
BG-MT5-P91,Banara guianensis,September 18 2025,XP215-PR,1,C,14,C14,66,8,0,5,1,0.5,0.5,1,0.5,10,1,NA,NA,0.5,BG,5,FALSE
BP-MT2-P54,Bauhinia pichinchensis,February 13 2026,XP215-PR,1,C,15,C15,NA,NA,NA,NA,NA,NA,NA,NA,NA,NA,NA,NA,NA,NA,BP,2,FALSE
PG-MT3-P18,Pouruma guianensis,February 13 2026,XP215-PR,1,C,16,C16,NA,NA,NA,NA,NA,NA,NA,NA,NA,NA,NA,NA,NA,NA,PG,3,FALSE
IS-MT2-P42,Inga silanchensis,April 14 2025,XP215-PR,2,A,2,A2,6,6,2,25,5,10,0.5,0.5,0.5,NA,NA,NA,NA,2.5,IS,2,FALSE
CH-MT4-P67,Cecropia hispidissima,September 18 2025,XP215-PR,2,A,4,A4,7,6,1,20,5,0.5,0.5,25,0.5,NA,NA,NA,NA,2.5,CH,4,FALSE
DC-MT1-P18,Dacryodes cupularis,September 18 2025,XP215-PR,2,A,5,A5,NA,NA,NA,NA,NA,NA,NA,NA,NA,NA,NA,NA,NA,NA,DC,1,FALSE
OP-MT2-P50,Ochroma pyramidale,April 14 2025,XP215-PR,2,A,7,A7,52,24,NA,5,5,10,1,2.5,1,1,1,30,2.5,2.5,OP,2,FALSE
CP-MT2-P17,Carapa guianensis,May 26 2025,XP215-PR,2,A,8,A8,0,0,0,NA,NA,NA,NA,NA,NA,NA,NA,NA,NA,0,CP,2,FALSE
PA-MT3-P7,Piper aduncum,April 14 2025,XP215-PR,2,A,9,A9,150,53,3,5,10,10,0.5,2.5,2.5,10,2.5,1,2.5,0.5,PA,3,FALSE
PG-MT2-P21,Pouruma guianensis,February 13 2026,XP215-PR,2,A,10,A10,NA,NA,NA,NA,NA,NA,NA,NA,NA,NA,NA,NA,NA,NA,PG,2,FALSE
AE-MT5-P31,Annona edulis,February 13 2026,XP215-PR,2,A,11,A11,20,1,0,0.5,NA,NA,NA,NA,NA,NA,NA,NA,NA,0.5,AE,5,FALSE
BG-MT5-P10,Banara guianensis,September 18 2025,XP215-PR,2,A,12,A12,0,0,0,NA,NA,NA,NA,NA,NA,NA,NA,NA,NA,0,BG,5,FALSE
BP-MT4-P63,Bauhinia pichinchensis,February 13 2026,XP215-PR,2,A,13,A13,NA,NA,NA,NA,NA,NA,NA,NA,NA,NA,NA,NA,NA,NA,BP,4,FALSE
VB-MT2-P49,Vismia baccifera,February 13 2026,XP215-PR,2,A,14,A14,0,0,0,NA,NA,NA,NA,NA,NA,NA,NA,NA,NA,0,VB,2,FALSE
BU-MT3-P17,Brosimum utile,September 18 2025,XP215-PR,2,A,15,A15,0,0,0,NA,NA,NA,NA,NA,NA,NA,NA,NA,NA,0,BU,3,FALSE
BG-MT1-P88,Banara guianensis,September 18 2025,XP215-PR,2,B,2,B2,NA,NA,NA,NA,NA,NA,NA,NA,NA,NA,NA,NA,NA,NA,BG,1,FALSE
DC-MT2-P39,Dacryodes cupularis,February 13 2026,XP215-PR,2,B,3,B3,3,3,2,5,2.5,1,NA,NA,NA,NA,NA,NA,NA,2.5,DC,2,FALSE
CH-MT5-P61,Cecropia hispidissima,September 18 2025,XP215-PR,2,B,4,B4,NA,NA,NA,NA,NA,NA,NA,NA,NA,NA,NA,NA,NA,NA,CH,5,FALSE
PG-MT4-P24,Pouruma guianensis,February 13 2026,XP215-PR,2,B,6,B6,2,1,0,1,NA,NA,NA,NA,NA,NA,NA,NA,NA,0.5,PG,4,FALSE
BU-MT2-P49,Brosimum utile,September 18 2025,XP215-PR,2,B,7,B7,3,0,0,NA,NA,NA,NA,NA,NA,NA,NA,NA,NA,0,BU,2,FALSE
BP-MT3-P38,Bauhinia pichinchensis,February 13 2026,XP215-PR,2,B,8,B8,NA,NA,NA,NA,NA,NA,NA,NA,NA,NA,NA,NA,NA,NA,BP,3,FALSE
IS-MT5-P67,Inga silanchensis,April 14 2025,XP215-PR,2,B,9,B9,6,5,3,0.5,0.5,1,0.5,0.5,NA,NA,NA,NA,NA,0.5,IS,5,FALSE
OP-MT8-P25,Ochroma pyramidale,May 26 2025,XP215-PR,2,B,11,B11,44,18,NA,1,0.5,5,35,0.5,1,2.5,25,0.5,0.5,2.5,OP,8,FALSE
CP-MT1-P38,Carapa guianensis,September 18 2025,XP215-PR,2,B,12,B12,4,3,3,20,5,10,NA,NA,NA,NA,NA,NA,NA,5,CP,1,FALSE
MC-MT3-P16,Miconia conocuatrecasasii,September 18 2025,XP215-PR,2,B,13,B13,18,11,4,5,2.5,0.5,5,10,0.5,2.5,2.5,5,0.5,1,MC,3,FALSE
VB-MT3-P35,Vismia baccifera,February 13 2026,XP215-PR,2,B,14,B14,15,5,3,5,5,0.5,0.5,0.5,NA,NA,NA,NA,NA,1,VB,3,FALSE
AE-MT3-P6,Annona edulis,February 13 2026,XP215-PR,2,B,15,B15,9,6,4,1,1,1,10,10,1,NA,NA,NA,NA,1,AE,3,FALSE
BG-MT3-P46,Banara guianensis,September 18 2025,XP215-PR,2,C,1,C1,41,1,12,1,NA,NA,NA,NA,NA,NA,NA,NA,NA,0.5,BG,3,FALSE
PA-MT6-P55,Piper aduncum,May 26 2025,XP215-PR,2,C,2,C2,148,35,10,1,2.5,0.5,2.5,0.5,5,15,25,20,2.5,0.5,PA,6,FALSE
CH-MT5-P14,Cecropia hispidissima,September 18 2025,XP215-PR,2,C,4,C4,8,8,0,2.5,12.5,1,10,5,1,1,2.5,NA,NA,2.5,CH,5,FALSE
DC-MT4-P79,Dacryodes cupularis,September 18 2025,XP215-PR,2,C,5,C5,NA,NA,NA,NA,NA,NA,NA,NA,NA,NA,NA,NA,NA,NA,DC,4,FALSE
PG-MT2-P26,Pouruma guianensis,February 13 2026,XP215-PR,2,C,6,C6,2,2,0,1,0.5,NA,NA,NA,NA,NA,NA,NA,NA,0.5,PG,2,FALSE
CP-MT4-P54,Carapa guianensis,May 26 2025,XP215-PR,2,C,7,C7,10,5,5,2.5,1,2.5,0.5,0.5,NA,NA,NA,NA,NA,1,CP,4,FALSE
OP-MT8-P45,Ochroma pyramidale,May 26 2025,XP215-PR,2,C,8,C8,NA,NA,NA,NA,NA,NA,NA,NA,NA,NA,NA,NA,NA,NA,OP,8,FALSE
IS-MT4-P22,Inga silanchensis,May 26 2025,XP215-PR,2,C,11,C11,8,5,2,5,75,1,0.5,1,NA,NA,NA,NA,NA,10,IS,4,FALSE
MC-MT1-P35,Miconia conocuatrecasasii,September 18 2025,XP215-PR,2,C,12,C12,26,10,3,2.5,12.5,0.5,10,2.5,5,1,1,5,2.5,5,MC,1,FALSE
BP-MT5-P5,Bauhinia pichinchensis,February 13 2026,XP215-PR,2,C,13,C13,5,3,0,0.5,0.5,5,NA,NA,NA,NA,NA,NA,NA,2.5,BP,5,FALSE
VB-MT2-P17,Vismia baccifera,February 13 2026,XP215-PR,2,C,14,C14,41,10,0,2.5,10,10,5,20,20,10,5,10,0.5,1,VB,2,FALSE
BU-MT3-P52,Brosimum utile,September 18 2025,XP215-PR,2,C,15,C15,2,0,0,NA,NA,NA,NA,NA,NA,NA,NA,NA,NA,0,BU,3,FALSE
AE-MT1-P48,Annona edulis,February 13 2026,XP215-PR,2,C,16,C16,20,3,0,0.5,2.5,5,NA,NA,NA,NA,NA,NA,NA,1,AE,1,FALSE
MC-MT2-P69,Miconia conocuatrecasasii,September 18 2025,XP215-PR,3,A,1,A1,22,14,0,5,25,2.5,5,0.5,20,12.5,1,5,15,7.5,MC,2,FALSE
VB-MT2-P14,Vismia baccifera,February 13 2026,XP215-PR,3,A,2,A2,29,4,2,10,60,1,0.5,NA,NA,NA,NA,NA,NA,0.5,VB,2,FALSE
EA-MT2-P3,Ecuadendron acosta-solisianum,May 26 2025,XP215-PR,3,A,3,A3,48,36,5,2.5,5,10,1,1,10,5,2.5,0.5,5,1,EA,2,FALSE
CP-MT5-P42,Carapa guianensis,September 18 2025,XP215-PR,3,A,5,A5,5,5,1,30,2.5,1,15,5,NA,NA,NA,NA,NA,5,CP,5,FALSE
CH-MT2-P7,Cecropia hispidissima,September 18 2025,XP215-PR,3,A,6,A6,8,7,0,0.5,0.5,0.5,0.5,1,2.5,1,NA,NA,NA,0.5,CH,2,FALSE
BG-MT4-P33,Banara guianensis,September 18 2025,XP215-PR,3,A,7,A7,61,11,8,1,1,1,0.5,2.5,1,0.5,0.5,0.5,0.5,0.5,BG,4,FALSE
PG-MT5-P57,Pouruma guianensis,February 13 2026,XP215-PR,3,A,8,A8,6,4,0,5,0.5,0.5,0.5,NA,NA,NA,NA,NA,NA,0.5,PG,5,FALSE
DC-MT5-P12,Dacryodes cupularis,September 18 2025,XP215-PR,3,A,9,A9,2,2,1,0.5,0.5,NA,NA,NA,NA,NA,NA,NA,NA,0.5,DC,5,FALSE
IS-MT3-P68,Inga silanchensis,April 14 2025,XP215-PR,3,A,10,A10,4,4,2,1,0.5,1,0.5,NA,NA,NA,NA,NA,NA,0.5,IS,3,FALSE
OP-MT9-P27,Ochroma pyramidale,April 14 2025,XP215-PR,3,A,11,A11,77,65,NA,10,2.5,5,5,5,5,2.5,10,10,5,7.5,OP,9,FALSE
BU-MT1-P28,Brosimum utile,May 26 2025,XP215-PR,3,A,12,A12,9,2,3,1,0.5,NA,NA,NA,NA,NA,NA,NA,NA,0.5,BU,1,FALSE
AE-MT2-P2,Annona edulis,February 13 2026,XP215-PR,3,A,14,A14,8,5,0,2.5,5,0.5,10,5,NA,NA,NA,NA,NA,5,AE,2,FALSE
BP-MT4-P26,Bauhinia pichinchensis,February 13 2026,XP215-PR,3,A,16,A16,4,4,0,5,1,0.5,1,NA,NA,NA,NA,NA,NA,1,BP,4,FALSE
CH-MT3-P41,Cecropia hispidissima,September 18 2025,XP215-PR,3,B,1,B1,8,3,0,2.5,0.5,0.5,NA,NA,NA,NA,NA,NA,NA,0.5,CH,3,FALSE
CP-MT2-P1,Carapa guianensis,May 26 2025,XP215-PR,3,B,2,B2,10,7,7,10,10,1,1,10,5,0.5,NA,NA,NA,1,CP,2,FALSE
OP-MT7-P27,Ochroma pyramidale,May 26 2025,XP215-PR,3,B,4,B4,43,21,NA,2.5,0.5,1,1,0.5,2.5,10,5,10,1,1,OP,7,FALSE
BG-MT2-P81,Banara guianensis,September 18 2025,XP215-PR,3,B,5,B5,90,5,27,0.5,0.5,1,0.5,1,NA,NA,NA,NA,NA,0.5,BG,2,FALSE
VB-MT1-P6,Vismia baccifera,September 18 2025,XP215-PR,3,B,6,B6,243,97,15,5,5,2.5,2.5,10,10,5,10,10,1,1,VB,1,FALSE
PG-MT2-P41,Pouruma guianensis,February 13 2026,XP215-PR,3,B,7,B7,4,1,0,0.5,NA,NA,NA,NA,NA,NA,NA,NA,NA,0.5,PG,2,FALSE
BU-MT1-P45,Brosimum utile,May 26 2025,XP215-PR,3,B,8,B8,NA,NA,NA,NA,NA,NA,NA,NA,NA,NA,NA,NA,NA,NA,BU,1,FALSE
DC-MT1-P19,Dacryodes cupularis,September 18 2025,XP215-PR,3,B,9,B9,4,3,2,2.5,0.5,2.5,NA,NA,NA,NA,NA,NA,NA,1,DC,1,FALSE
MC-MT2-P55,Miconia conocuatrecasasii,September 18 2025,XP215-PR,3,B,10,B10,13,13,4,12.5,1,5,5,1,0.5,2.5,1,10,0.5,2.5,MC,2,FALSE
IS-MT1-P1,Inga silanchensis,May 26 2025,XP215-PR,3,B,11,B11,7,4,4,5,0.5,2.5,10,NA,NA,NA,NA,NA,NA,2.5,IS,1,FALSE
AE-MT3-P28,Annona edulis,February 13 2026,XP215-PR,3,B,12,B12,9,5,0,1,5,10,20,5,NA,NA,NA,NA,NA,5,AE,3,FALSE
PA-MT7-P9,Piper aduncum,September 18 2025,XP215-PR,3,B,13,B13,80,24,6,0.5,1,0.5,5,1,0.5,2.5,0.5,10,2.5,0.5,PA,7,FALSE
BP-MT2-P45,Bauhinia pichinchensis,February 13 2026,XP215-PR,3,B,16,B16,3,1,0,5,NA,NA,NA,NA,NA,NA,NA,NA,NA,1,BP,2,FALSE
EA-MT3-P33,Ecuadendron acosta-solisianum,February 13 2026,XP215-PR,3,C,1,C1,18,13,6,25,40,10,10,20,20,20,1,5,0.5,5,EA,3,FALSE
DC-MT3-P63,Dacryodes cupularis,February 13 2026,XP215-PR,3,C,3,C3,3,3,1,2.5,10,1,NA,NA,NA,NA,NA,NA,NA,2.5,DC,3,FALSE
MC-MT3-P54,Miconia conocuatrecasasii,September 18 2025,XP215-PR,3,C,4,C4,8,5,2,1,0.5,0.5,10,1,NA,NA,NA,NA,NA,1,MC,3,FALSE
CP-MT3-P74,Carapa guianensis,May 26 2025,XP215-PR,3,C,5,C5,9,9,6,0.5,1,2.5,10,5,5,5,1,1,NA,1,CP,3,FALSE
VB-MT5-P55,Vismia baccifera,February 13 2026,XP215-PR,3,C,6,C6,24,7,3,0.5,0.5,1,1,0.5,1,0.5,NA,NA,NA,0.5,VB,5,FALSE
IS-MT1-P25,Inga silanchensis,May 26 2025,XP215-PR,3,C,7,C7,3,3,1,1,0.5,2.5,NA,NA,NA,NA,NA,NA,NA,0.5,IS,1,FALSE
AE-MT3-P26,Annona edulis,February 13 2026,XP215-PR,3,C,9,C9,11,5,0,1,1,0.5,1,0.5,NA,NA,NA,NA,NA,0.5,AE,3,FALSE
BS-MT5-P23,Bactris setulosa,September 18 2025,XP215-PR,3,C,10,C10,5,3,2,25,0.5,5,NA,NA,NA,NA,NA,NA,NA,5,BS,5,FALSE
BG-MT3-P79,Banara guianensis,September 18 2025,XP215-PR,3,C,11,C11,50,8,15,10,10,1,1,1,2.5,2.5,0.5,NA,NA,0.5,BG,3,FALSE
BP-MT4-P69,Bauhinia pichinchensis,February 13 2026,XP215-PR,3,C,13,C13,NA,NA,NA,NA,NA,NA,NA,NA,NA,NA,NA,NA,NA,NA,BP,4,FALSE
PG-MT3-P37,Pouruma guianensis,February 13 2026,XP215-PR,3,C,14,C14,6,3,0,0.5,1,50,NA,NA,NA,NA,NA,NA,NA,7.5,PG,3,FALSE
CH-MT3-P26,Cecropia hispidissima,September 18 2025,XP215-PR,3,C,15,C15,9,9,1,25,10,25,50,50,30,15,60,5,NA,35,CH,3,FALSE
BU-MT2-P16,Brosimum utile,September 18 2025,XP215-PR,3,C,16,C16,5,0,1,NA,NA,NA,NA,NA,NA,NA,NA,NA,NA,0,BU,2,FALSE
BU-MT3-P24,Brosimum utile,September 18 2025,XP215-PR,4,A,1,A1,NA,NA,NA,NA,NA,NA,NA,NA,NA,NA,NA,NA,NA,NA,BU,3,FALSE
CH-MT3-P42,Cecropia hispidissima,September 18 2025,XP215-PR,4,A,2,A2,10,3,0,2.5,1,1,NA,NA,NA,NA,NA,NA,NA,0.5,CH,3,FALSE
DC-MT4-P25,Dacryodes cupularis,September 18 2025,XP215-PR,4,A,4,A4,0,0,0,NA,NA,NA,NA,NA,NA,NA,NA,NA,NA,0,DC,4,FALSE
BP-MT3-P49,Bauhinia pichinchensis,February 13 2026,XP215-PR,4,A,5,A5,NA,NA,NA,NA,NA,NA,NA,NA,NA,NA,NA,NA,NA,NA,BP,3,FALSE
IS-MT3-P66,Inga silanchensis,April 14 2025,XP215-PR,4,A,7,A7,4,4,1,0.5,0.5,1,0.5,NA,NA,NA,NA,NA,NA,0.5,IS,3,FALSE
CP-MT5-P3,Carapa guianensis,September 18 2025,XP215-PR,4,A,8,A8,3,2,1,0.5,0.5,NA,NA,NA,NA,NA,NA,NA,NA,0.5,CP,5,FALSE
OP-MT9-P54,Ochroma pyramidale,April 14 2025,XP215-PR,4,A,9,A9,10,2,0,0.5,0.5,NA,NA,NA,NA,NA,NA,NA,NA,0.5,OP,9,FALSE
AE-MT4-P59,Annona edulis,February 13 2026,XP215-PR,4,A,10,A10,4,3,0,30,0.5,0.5,NA,NA,NA,NA,NA,NA,NA,10,AE,4,FALSE
MC-MT1-P13,Miconia conocuatrecasasii,September 18 2025,XP215-PR,4,A,11,A11,33,20,0,10,10,30,0.5,0.5,2.5,5,5,5,20,10,MC,1,FALSE
BG-MT1-P91,Banara guianensis,September 18 2025,XP215-PR,4,A,12,A12,61,5,0,5,1,1,5,5,NA,NA,NA,NA,NA,0.5,BG,1,FALSE
PA-MT3-P71,Piper aduncum,February 13 2026,XP215-PR,4,A,13,A13,5,2,0,0.5,5,NA,NA,NA,NA,NA,NA,NA,NA,1,PA,3,FALSE
PG-MT3-P60,Pouruma guianensis,February 13 2026,XP215-PR,4,A,14,A14,3,1,0,0.5,NA,NA,NA,NA,NA,NA,NA,NA,NA,0.5,PG,3,FALSE
VB-MT2-P69,Vismia baccifera,February 13 2026,XP215-PR,4,A,15,A15,12,4,0,1,1,1,0.5,NA,NA,NA,NA,NA,NA,0.5,VB,2,FALSE
BG-MT2-P56,Banara guianensis,September 18 2025,XP215-PR,4,B,1,B1,55,1,3,75,NA,NA,NA,NA,NA,NA,NA,NA,NA,0.5,BG,2,FALSE
VB-MT5-P48,Vismia baccifera,February 13 2026,XP215-PR,4,B,2,B2,26,1,0,10,NA,NA,NA,NA,NA,NA,NA,NA,NA,0.5,VB,5,FALSE
AE-MT1-P8,Annona edulis,February 13 2026,XP215-PR,4,B,3,B3,5,2,0,10,0.5,NA,NA,NA,NA,NA,NA,NA,NA,1,AE,1,FALSE
CH-MT4-P85,Cecropia hispidissima,September 18 2025,XP215-PR,4,B,4,B4,11,10,0,20,10,2.5,0.5,2.5,1,2.5,0.5,1,0.5,2.5,CH,4,FALSE
PG-MT5-P43,Pouruma guianensis,February 13 2026,XP215-PR,4,B,5,B5,3,1,0,0.5,NA,NA,NA,NA,NA,NA,NA,NA,NA,0.5,PG,5,FALSE
CP-MT3-P84,Carapa guianensis,February 13 2026,XP215-PR,4,B,6,B6,3,2,0,0.5,2.5,NA,NA,NA,NA,NA,NA,NA,NA,1,CP,3,FALSE
EA-MT3-P15,Ecuadendron acosta-solisianum,May 26 2025,XP215-PR,4,B,7,B7,31,10,12,0.5,0.5,1,5,0.5,1,2.5,0.5,2.5,15,1,EA,3,FALSE
MC-MT1-P14,Miconia conocuatrecasasii,September 18 2025,XP215-PR,4,B,8,B8,26,14,0,5,10,2.5,30,5,20,10,0.5,10,5,7.5,MC,1,FALSE
IS-MT4-P55,Inga silanchensis,May 26 2025,XP215-PR,4,B,9,B9,3,2,1,1,0.5,NA,NA,NA,NA,NA,NA,NA,NA,0.5,IS,4,FALSE
BU-MT5-P23,Brosimum utile,September 18 2025,XP215-PR,4,B,11,B11,3,0,1,NA,NA,NA,NA,NA,NA,NA,NA,NA,NA,0,BU,5,FALSE
BS-MT5-P15,Bactris setulosa,September 18 2025,XP215-PR,4,B,12,B12,5,4,2,2.5,5,5,10,NA,NA,NA,NA,NA,NA,5,BS,5,FALSE
BP-MT1-P37,Bauhinia pichinchensis,February 13 2026,XP215-PR,4,B,13,B13,NA,NA,NA,NA,NA,NA,NA,NA,NA,NA,NA,NA,NA,NA,BP,1,FALSE
DC-MT3-P42,Dacryodes cupularis,September 18 2025,XP215-PR,4,B,15,B15,NA,NA,NA,NA,NA,NA,NA,NA,NA,NA,NA,NA,NA,NA,DC,3,FALSE
CP-MT1-P9,Carapa guianensis,September 18 2025,XP215-PR,4,C,1,C1,4,2,0,2.5,2.5,NA,NA,NA,NA,NA,NA,NA,NA,1,CP,1,FALSE
BP-MT1-P52,Bauhinia pichinchensis,February 13 2026,XP215-PR,4,C,2,C2,0,0,0,NA,NA,NA,NA,NA,NA,NA,NA,NA,NA,0,BP,1,FALSE
VB-MT3-P24,Vismia baccifera,February 13 2026,XP215-PR,4,C,4,C4,9,2,0,20,80,0.5,NA,NA,NA,NA,NA,NA,NA,2.5,VB,3,FALSE
BS-MT1-P20,Bactris setulosa,September 18 2025,XP215-PR,4,C,6,C6,2,2,0,10,5,NA,NA,NA,NA,NA,NA,NA,NA,7.5,BS,1,FALSE
BG-MT1-P92,Banara guianensis,September 18 2025,XP215-PR,4,C,7,C7,80,4,0,25,5,5,0.5,NA,NA,NA,NA,NA,NA,0.5,BG,1,FALSE
AE-MT2-P65,Annona edulis,February 13 2026,XP215-PR,4,C,8,C8,9,4,0,0.5,5,5,5,NA,NA,NA,NA,NA,NA,1,AE,2,FALSE
CH-MT1-P18,Cecropia hispidissima,May 26 2025,XP215-PR,4,C,9,C9,NA,NA,NA,NA,NA,NA,NA,NA,NA,NA,NA,NA,NA,NA,CH,1,FALSE
PA-MT6-P7,Piper aduncum,May 26 2025,XP215-PR,4,C,10,C10,98,37,0,2.5,5,10,5,0.5,0.5,5,1,2.5,10,1,PA,6,FALSE
MC-MT2-P23,Miconia conocuatrecasasii,September 18 2025,XP215-PR,4,C,11,C11,14,6,0,0.5,5,10,20,5,0.5,NA,NA,NA,NA,0.5,MC,2,FALSE
OP-MT7-P58,Ochroma pyramidale,May 26 2025,XP215-PR,4,C,12,C12,52,32,NA,15,5,10,5,0.5,1,2.5,5,0.5,2.5,2.5,OP,7,FALSE
DC-MT5-P54,Dacryodes cupularis,September 18 2025,XP215-PR,4,C,13,C13,NA,NA,NA,NA,NA,NA,NA,NA,NA,NA,NA,NA,NA,NA,DC,5,FALSE
EA-MT4-P54,Ecuadendron acosta-solisianum,February 13 2026,XP215-PR,4,C,14,C14,9,5,0,10,10,1,1,5,NA,NA,NA,NA,NA,0.5,EA,4,FALSE
PG-MT1-P57,Pouruma guianensis,February 13 2026,XP215-PR,4,C,15,C15,4,1,0,10,NA,NA,NA,NA,NA,NA,NA,NA,NA,5,PG,1,FALSE
BU-MT5-P3,Brosimum utile,September 18 2025,XP215-PR,4,C,16,C16,5,3,0,1,1,5,NA,NA,NA,NA,NA,NA,NA,1,BU,5,FALSE
CP-MT4-P14,Carapa guianensis,May 26 2025,XP215-PR,5,A,1,A1,NA,NA,NA,NA,NA,NA,NA,NA,NA,NA,NA,NA,NA,NA,CP,4,FALSE
PA-MT6-P44,Piper aduncum,May 26 2025,XP215-PR,5,A,2,A2,NA,NA,NA,NA,NA,NA,NA,NA,NA,NA,NA,NA,NA,NA,PA,6,FALSE
OP-MT8-P31,Ochroma pyramidale,May 26 2025,XP215-PR,5,A,3,A3,NA,NA,NA,NA,NA,NA,NA,NA,NA,NA,NA,NA,NA,NA,OP,8,FALSE
PG-MT4-P74,Pouruma guianensis,February 13 2026,XP215-PR,5,A,4,A4,NA,NA,NA,NA,NA,NA,NA,NA,NA,NA,NA,NA,NA,NA,PG,4,FALSE
CH-MT2-P29,Cecropia hispidissima,September 18 2025,XP215-PR,5,A,5,A5,NA,NA,NA,NA,NA,NA,NA,NA,NA,NA,NA,NA,NA,NA,CH,2,FALSE
BG-MT2-P52,Banara guianensis,September 18 2025,XP215-PR,5,A,6,A6,NA,NA,NA,NA,NA,NA,NA,NA,NA,NA,NA,NA,NA,NA,BG,2,FALSE
DC-MT5-P46,Dacryodes cupularis,September 18 2025,XP215-PR,5,A,8,A8,NA,NA,NA,NA,NA,NA,NA,NA,NA,NA,NA,NA,NA,NA,DC,5,FALSE
AE-MT5-P61,Annona edulis,February 13 2026,XP215-PR,5,A,14,A14,NA,NA,NA,NA,NA,NA,NA,NA,NA,NA,NA,NA,NA,NA,AE,5,FALSE
IS-MT3-P93,Inga silanchensis,February 13 2026,XP215-PR,5,A,16,A16,NA,NA,NA,NA,NA,NA,NA,NA,NA,NA,NA,NA,NA,NA,IS,3,FALSE
IS-MT3-P51,Inga silanchensis,April 14 2025,XP215-PR,5,B,1,B1,NA,NA,NA,NA,NA,NA,NA,NA,NA,NA,NA,NA,NA,NA,IS,3,FALSE
CP-MT2-P61,Carapa guianensis,May 26 2025,XP215-PR,5,B,2,B2,NA,NA,NA,NA,NA,NA,NA,NA,NA,NA,NA,NA,NA,NA,CP,2,FALSE
OP-MT6-P16,Ochroma pyramidale,May 26 2025,XP215-PR,5,B,3,B3,NA,NA,NA,NA,NA,NA,NA,NA,NA,NA,NA,NA,NA,NA,OP,6,FALSE
BU-MT1-P52,Brosimum utile,May 26 2025,XP215-PR,5,B,4,B4,NA,NA,NA,NA,NA,NA,NA,NA,NA,NA,NA,NA,NA,NA,BU,1,FALSE
PG-MT3-P58,Pouruma guianensis,February 13 2026,XP215-PR,5,B,7,B7,NA,NA,NA,NA,NA,NA,NA,NA,NA,NA,NA,NA,NA,NA,PG,3,FALSE
DC-MT4-P14,Dacryodes cupularis,September 18 2025,XP215-PR,5,B,10,B10,NA,NA,NA,NA,NA,NA,NA,NA,NA,NA,NA,NA,NA,NA,DC,4,FALSE
BG-MT5-P66,Banara guianensis,September 18 2025,XP215-PR,5,B,13,B13,NA,NA,NA,NA,NA,NA,NA,NA,NA,NA,NA,NA,NA,NA,BG,5,FALSE
AE-MT1-P16,Annona edulis,February 13 2026,XP215-PR,5,B,15,B15,NA,NA,NA,NA,NA,NA,NA,NA,NA,NA,NA,NA,NA,NA,AE,1,FALSE
OP-MT2-P18,Ochroma pyramidale,April 14 2025,XP215-PR,5,C,1,C1,NA,NA,NA,NA,NA,NA,NA,NA,NA,NA,NA,NA,NA,NA,OP,2,FALSE
CP-MT3-P27,Carapa guianensis,May 26 2025,XP215-PR,5,C,2,C2,NA,NA,NA,NA,NA,NA,NA,NA,NA,NA,NA,NA,NA,NA,CP,3,FALSE
IS-MT3-P94,Inga silanchensis,February 13 2026,XP215-PR,5,C,4,C4,NA,NA,NA,NA,NA,NA,NA,NA,NA,NA,NA,NA,NA,NA,IS,3,FALSE
DC-MT1-P20,Dacryodes cupularis,September 18 2025,XP215-PR,5,C,5,C5,NA,NA,NA,NA,NA,NA,NA,NA,NA,NA,NA,NA,NA,NA,DC,1,FALSE
AE-MT5-P59,Annona edulis,February 13 2026,XP215-PR,5,C,8,C8,NA,NA,NA,NA,NA,NA,NA,NA,NA,NA,NA,NA,NA,NA,AE,5,FALSE
PG-MT5-P54,Pouruma guianensis,February 13 2026,XP215-PR,5,C,9,C9,NA,NA,NA,NA,NA,NA,NA,NA,NA,NA,NA,NA,NA,NA,PG,5,FALSE
BG-MT4-P78,Banara guianensis,September 18 2025,XP215-PR,5,C,14,C14,NA,NA,NA,NA,NA,NA,NA,NA,NA,NA,NA,NA,NA,NA,BG,4,FALSE
CH-MT4-P86,Cecropia hispidissima,September 18 2025,XP215-PR,5,C,16,C16,NA,NA,NA,NA,NA,NA,NA,NA,NA,NA,NA,NA,NA,NA,CH,4,FALSE
BU-MT1-P13,Brosimum utile,May 27 2025,XP220-PLR,1,A,1,A1,7,3,4,0.5,12.5,2.5,NA,NA,NA,NA,NA,NA,NA,1,BU,1,FALSE
EA-MT3-P23,Ecuadendron acosta-solisianum,May 27 2025,XP220-PLR,1,A,2,A2,24,9,13,0.5,10,10,2.5,0.5,1,5,0.5,10,NA,1,EA,3,FALSE
BP-MT2-P15,Bauhinia pichinchensis,February 12 2026,XP220-PLR,1,A,3,A3,3,2,0,60,5,NA,NA,NA,NA,NA,NA,NA,NA,15,BP,2,FALSE
AE-MT5-P58,Annona edulis,February 12 2026,XP220-PLR,1,A,4,A4,7,5,6,50,5,0.5,10,17.5,NA,NA,NA,NA,NA,10,AE,5,FALSE
OP-MT9-P11,Ochroma pyramidale,April 16 2025,XP220-PLR,1,A,5,A5,NA,NA,NA,NA,NA,NA,NA,NA,NA,NA,NA,NA,NA,NA,OP,9,FALSE
VB-MT2-P24,Vismia baccifera,February 12 2026,XP220-PLR,1,A,6,A6,0,0,0,NA,NA,NA,NA,NA,NA,NA,NA,NA,NA,0,VB,2,FALSE
PA-MT3-P10,Piper aduncum,April 16 2025,XP220-PLR,1,A,7,A7,7,5,0,40,2.5,2.5,1,5,NA,NA,NA,NA,NA,2.5,PA,3,FALSE
CH-MT4-P57,Cecropia hispidissima,September 16 2025,XP220-PLR,1,A,8,A8,2,2,0,1,97.5,NA,NA,NA,NA,NA,NA,NA,NA,NA,CH,4,FALSE
CP-MT2-P52,Carapa guianensis,May 27 2025,XP220-PLR,1,A,9,A9,5,5,5,5,5,5,2.5,0.5,NA,NA,NA,NA,NA,2.5,CP,2,FALSE
IS-MT2-P71,Inga silanchensis,April 16 2025,XP220-PLR,1,A,10,A10,5,4,3,2.5,10,5,1,NA,NA,NA,NA,NA,NA,2.5,IS,2,FALSE
MC-MT1-P79,Miconia conocuatrecasasii,September 16 2025,XP220-PLR,1,A,11,A11,9,7,5,5,10,1,25,12.5,0.5,0.5,NA,NA,NA,5,MC,1,FALSE
BS-MT1-P23,Bactris setulosa,September 16 2025,XP220-PLR,1,A,12,A12,2,2,1,50,90,NA,NA,NA,NA,NA,NA,NA,NA,75,BS,1,FALSE
BG-MT4-P11,Banara guianensis,September 16 2025,XP220-PLR,1,A,14,A14,35,12,4,50,10,5,30,5,30,1,2.5,10,1,1,BG,4,FALSE
DC-MT4-P36,Dacryodes cupularis,September 16 2025,XP220-PLR,1,A,15,A15,4,4,4,1,0.5,2.5,0.5,NA,NA,NA,NA,NA,NA,1,DC,4,FALSE
PG-MT4-P72,Pouruma guianensis,February 12 2026,XP220-PLR,1,A,16,A16,4,4,3,0.5,1,2.5,1,NA,NA,NA,NA,NA,NA,1,PG,4,FALSE
BS-MT6-P34,Bactris setulosa,September 16 2025,XP220-PLR,1,B,1,B1,3,3,3,2.5,40,70,NA,NA,NA,NA,NA,NA,NA,30,BS,6,FALSE
OP-MT2-P75,Ochroma pyramidale,April 16 2025,XP220-PLR,1,B,2,B2,NA,NA,NA,NA,NA,NA,NA,NA,NA,NA,NA,NA,NA,NA,OP,2,FALSE
CH-MT4-P79,Cecropia hispidissima,September 16 2025,XP220-PLR,1,B,3,B3,4,3,3,45,0.5,0.5,NA,NA,NA,NA,NA,NA,NA,15,CH,4,FALSE
PG-MT1-P60,Pouruma guianensis,February 12 2026,XP220-PLR,1,B,5,B5,6,5,2,1,10,2.5,5,5,NA,NA,NA,NA,NA,5,PG,1,FALSE
IS-MT5-P16,Inga silanchensis,April 16 2025,XP220-PLR,1,B,6,B6,5,5,4,0.5,0.5,25,30,50,NA,NA,NA,NA,NA,10,IS,5,FALSE
BP-MT2-P47,Bauhinia pichinchensis,February 12 2026,XP220-PLR,1,B,8,B8,NA,NA,NA,NA,NA,NA,NA,NA,NA,NA,NA,NA,NA,NA,BP,2,FALSE
VB-MT2-P43,Vismia baccifera,February 12 2026,XP220-PLR,1,B,9,B9,4,2,1,25,15,NA,NA,NA,NA,NA,NA,NA,NA,10,VB,2,FALSE
DC-MT2-P53,Dacryodes cupularis,February 12 2026,XP220-PLR,1,B,10,B10,3,3,1,0.5,0.5,5,NA,NA,NA,NA,NA,NA,NA,2.5,DC,2,FALSE
BU-MT5-P44,Brosimum utile,September 16 2025,XP220-PLR,1,B,11,B11,4,4,3,0.5,0.5,0.5,1,NA,NA,NA,NA,NA,NA,0.5,BU,5,FALSE
AE-MT3-P32,Annona edulis,February 12 2026,XP220-PLR,1,B,13,B13,7,6,6,5,10,2.5,25,20,15,NA,NA,NA,NA,20,AE,3,FALSE
BG-MT2-P19,Banara guianensis,September 16 2025,XP220-PLR,1,B,14,B14,18,9,12,1,25,0.5,1,5,5,15,50,5,NA,2.5,BG,2,FALSE
CP-MT5-P60,Carapa guianensis,September 16 2025,XP220-PLR,1,B,16,B16,4,4,4,20,25,25,10,NA,NA,NA,NA,NA,NA,20,CP,5,FALSE
CP-MT3-P30,Carapa guianensis,May 27 2025,XP220-PLR,1,C,1,C1,3,3,3,2.5,5,0.5,NA,NA,NA,NA,NA,NA,NA,1,CP,3,FALSE
CH-MT4-P46,Cecropia hispidissima,September 16 2025,XP220-PLR,1,C,2,C2,3,2,1,0.5,0.5,NA,NA,NA,NA,NA,NA,NA,NA,0.5,CH,4,FALSE
BP-MT4-P41,Bauhinia pichinchensis,February 12 2026,XP220-PLR,1,C,4,C4,3,2,0,0.5,5,NA,NA,NA,NA,NA,NA,NA,NA,1,BP,4,FALSE
OP-MT8-P11,Ochroma pyramidale,May 27 2025,XP220-PLR,1,C,5,C5,NA,NA,NA,NA,NA,NA,NA,NA,NA,NA,NA,NA,NA,NA,OP,8,FALSE
IS-MT1-P40,Inga silanchensis,May 27 2025,XP220-PLR,1,C,6,C6,5,4,3,12.5,1,12.5,15,NA,NA,NA,NA,NA,NA,12.5,IS,1,FALSE
DC-MT5-P80,Dacryodes cupularis,September 16 2025,XP220-PLR,1,C,9,C9,NA,NA,NA,NA,NA,NA,NA,NA,NA,NA,NA,NA,NA,NA,DC,5,FALSE
VB-MT3-P67,Vismia baccifera,February 12 2026,XP220-PLR,1,C,10,C10,5,3,1,75,60,55,NA,NA,NA,NA,NA,NA,NA,60,VB,3,FALSE
PG-MT3-P54,Pouruma guianensis,February 12 2026,XP220-PLR,1,C,11,C11,4,3,0,1,2.5,5,NA,NA,NA,NA,NA,NA,NA,2.5,PG,3,FALSE
BG-MT5-P26,Banara guianensis,September 16 2025,XP220-PLR,1,C,14,C14,24,12,12,10,1,5,15,20,5,0.5,2.5,0.5,1,1,BG,5,FALSE
AE-MT2-P68,Annona edulis,February 12 2026,XP220-PLR,1,C,15,C15,10,8,5,55,60,75,20,25,10,1,1,NA,NA,10,AE,2,FALSE
BU-MT3-P40,Brosimum utile,September 16 2025,XP220-PLR,1,C,16,C16,4,2,2,0.5,1,NA,NA,NA,NA,NA,NA,NA,NA,0.5,BU,3,FALSE
PG-MT2-P72,Pouruma guianensis,February 12 2026,XP220-PLR,2,A,1,A1,5,3,2,0.5,0.5,0.5,NA,NA,NA,NA,NA,NA,NA,0.5,PG,2,FALSE
OP-MT8-P20,Ochroma pyramidale,May 27 2025,XP220-PLR,2,A,2,A2,NA,NA,NA,NA,NA,NA,NA,NA,NA,NA,NA,NA,NA,NA,OP,8,FALSE
VB-MT2-P59,Vismia baccifera,February 12 2026,XP220-PLR,2,A,3,A3,6,3,1,0.5,1,0.5,NA,NA,NA,NA,NA,NA,NA,0.5,VB,2,FALSE
CH-MT2-P17,Cecropia hispidissima,September 16 2025,XP220-PLR,2,A,4,A4,4,4,2,10,25,25,40,NA,NA,NA,NA,NA,NA,25,CH,2,FALSE
AE-MT5-P27,Annona edulis,February 12 2026,XP220-PLR,2,A,5,A5,7,4,4,1,5,7.5,0.5,NA,NA,NA,NA,NA,NA,1,AE,5,FALSE
PA-MT3-P54,Piper aduncum,April 16 2025,XP220-PLR,2,A,6,A6,5,4,1,0.5,25,5,5,NA,NA,NA,NA,NA,NA,5,PA,3,FALSE
IS-MT3-P43,Inga silanchensis,April 16 2025,XP220-PLR,2,A,7,A7,3,3,3,12.5,50,50,NA,NA,NA,NA,NA,NA,NA,35,IS,3,FALSE
EA-MT4-P74,Ecuadendron acosta-solisianum,May 27 2025,XP220-PLR,2,A,8,A8,21,7,16,1,10,10,12.5,1,1,1,NA,NA,NA,1,EA,4,FALSE
BP-MT1-P5,Bauhinia pichinchensis,February 12 2026,XP220-PLR,2,A,10,A10,2,1,0,10,NA,NA,NA,NA,NA,NA,NA,NA,NA,5,BP,1,FALSE
CP-MT3-P49,Carapa guianensis,May 27 2025,XP220-PLR,2,A,12,A12,5,4,3,25,22.5,0.5,10,NA,NA,NA,NA,NA,NA,15,CP,3,FALSE
BU-MT4-P68,Brosimum utile,September 16 2025,XP220-PLR,2,A,13,A13,3,2,3,2.5,10,NA,NA,NA,NA,NA,NA,NA,NA,5,BU,4,FALSE
MC-MT3-P7,Miconia conocuatrecasasii,September 16 2025,XP220-PLR,2,A,14,A14,NA,NA,NA,NA,NA,NA,NA,NA,NA,NA,NA,NA,NA,NA,MC,3,FALSE
BG-MT2-P72,Banara guianensis,September 16 2025,XP220-PLR,2,A,16,A16,NA,NA,NA,NA,NA,NA,NA,NA,NA,NA,NA,NA,NA,NA,BG,2,FALSE
EA-MT2-P44,Ecuadendron acosta-solisianum,February 12 2026,XP220-PLR,2,B,1,B1,2,1,1,20,NA,NA,NA,NA,NA,NA,NA,NA,NA,20,EA,2,FALSE
BU-MT4-P1,Brosimum utile,September 16 2025,XP220-PLR,2,B,2,B2,7,4,7,5,2.5,2.5,5,NA,NA,NA,NA,NA,NA,2.5,BU,4,FALSE
MC-MT1-P76,Miconia conocuatrecasasii,September 16 2025,XP220-PLR,2,B,3,B3,4,4,0,5,25,25,20,NA,NA,NA,NA,NA,NA,22.5,MC,1,FALSE
PG-MT1-P69,Pouruma guianensis,February 12 2026,XP220-PLR,2,B,4,B4,1,0,1,NA,NA,NA,NA,NA,NA,NA,NA,NA,NA,0,PG,1,FALSE
PA-MT7-P30,Piper aduncum,September 16 2025,XP220-PLR,2,B,5,B5,13,11,6,0.5,1,30,0.5,10,2.5,10,0.5,50,12.5,7.5,PA,7,FALSE
CH-MT5-P4,Cecropia hispidissima,September 16 2025,XP220-PLR,2,B,6,B6,4,4,2,2.5,50,1,0.5,NA,NA,NA,NA,NA,NA,5,CH,5,FALSE
OP-MT6-P43,Ochroma pyramidale,May 27 2025,XP220-PLR,2,B,8,B8,NA,NA,NA,NA,NA,NA,NA,NA,NA,NA,NA,NA,NA,NA,OP,6,FALSE
VB-MT2-P61,Vismia baccifera,February 12 2026,XP220-PLR,2,B,9,B9,8,5,1,5,10,45,50,0.5,NA,NA,NA,NA,NA,25,VB,2,FALSE
BP-MT1-P58,Bauhinia pichinchensis,February 12 2026,XP220-PLR,2,B,10,B10,2,1,0,0.5,NA,NA,NA,NA,NA,NA,NA,NA,NA,0.5,BP,1,FALSE
BG-MT3-P3,Banara guianensis,September 16 2025,XP220-PLR,2,B,11,B11,NA,NA,NA,NA,NA,NA,NA,NA,NA,NA,NA,NA,NA,NA,BG,3,FALSE
DC-MT5-P6,Dacryodes cupularis,September 16 2025,XP220-PLR,2,B,13,B13,3,3,3,1,2.5,0.5,NA,NA,NA,NA,NA,NA,NA,1,DC,5,FALSE
CP-MT1-P7,Carapa guianensis,September 16 2025,XP220-PLR,2,B,15,B15,2,2,2,12.5,5,NA,NA,NA,NA,NA,NA,NA,NA,7.5,CP,1,FALSE
AE-MT5-P28,Annona edulis,February 12 2026,XP220-PLR,2,B,16,B16,6,4,4,0.5,0.5,0.5,1,NA,NA,NA,NA,NA,NA,0.5,AE,5,FALSE
BU-MT5-P22,Brosimum utile,September 16 2025,XP220-PLR,2,C,2,C2,4,1,3,0.5,NA,NA,NA,NA,NA,NA,NA,NA,NA,0.5,BU,5,FALSE
CH-MT1-P2,Cecropia hispidissima,May 27 2025,XP220-PLR,2,C,3,C3,NA,NA,NA,NA,NA,NA,NA,NA,NA,NA,NA,NA,NA,NA,CH,1,FALSE
BP-MT5-P46,Bauhinia pichinchensis,February 12 2026,XP220-PLR,2,C,4,C4,2,1,0,50,NA,NA,NA,NA,NA,NA,NA,NA,NA,25,BP,5,FALSE
PA-MT6-P9,Piper aduncum,May 27 2025,XP220-PLR,2,C,8,C8,12,9,8,0.5,2.5,1,2.5,10,0.5,10,20,0.5,NA,1,PA,6,FALSE
CP-MT4-P34,Carapa guianensis,May 27 2025,XP220-PLR,2,C,9,C9,3,3,3,0.5,2.5,0.5,NA,NA,NA,NA,NA,NA,NA,1,CP,4,FALSE
DC-MT1-P30,Dacryodes cupularis,September 16 2025,XP220-PLR,2,C,10,C10,3,2,3,22.5,1,5,NA,NA,NA,NA,NA,NA,NA,5,DC,1,FALSE
AE-MT2-P15,Annona edulis,February 12 2026,XP220-PLR,2,C,13,C13,11,2,3,1,25,NA,NA,NA,NA,NA,NA,NA,NA,5,AE,2,FALSE
VB-MT4-P45,Vismia baccifera,February 12 2026,XP220-PLR,2,C,14,C14,8,5,3,0.5,2.5,0.5,0.5,0.5,NA,NA,NA,NA,NA,0.5,VB,4,FALSE
BG-MT5-P52,Banara guianensis,September 16 2025,XP220-PLR,2,C,15,C15,24,7,10,35,0.5,0.5,1,0.5,2.5,0.5,NA,NA,NA,0.5,BG,5,FALSE
PG-MT3-P49,Pouruma guianensis,February 12 2026,XP220-PLR,2,C,16,C16,4,3,0,2.5,1,2.5,NA,NA,NA,NA,NA,NA,NA,1,PG,3,FALSE
BU-MT1-P8,Brosimum utile,May 27 2025,XP220-PLR,3,A,1,A1,5,3,5,5,2.5,5,NA,NA,NA,NA,NA,NA,NA,2.5,BU,1,FALSE
EA-MT1-P92,Ecuadendron acosta-solisianum,February 12 2026,XP220-PLR,3,A,2,A2,17,11,11,15,5,1,5,60,10,5,5,0.5,0.5,1,EA,1,FALSE
BS-MT7-P19,Bactris setulosa,September 16 2025,XP220-PLR,3,A,3,A3,4,3,3,10,30,50,30,NA,NA,NA,NA,NA,NA,30,BS,7,FALSE
BP-MT3-P15,Bauhinia pichinchensis,February 12 2026,XP220-PLR,3,A,4,A4,3,3,0,25,5,5,NA,NA,NA,NA,NA,NA,NA,7.5,BP,3,FALSE
MC-MT2-P39,Miconia conocuatrecasasii,September 16 2025,XP220-PLR,3,A,6,A6,7,6,3,2.5,10,5,1,2.5,15,NA,NA,NA,NA,2.5,MC,2,FALSE
AE-MT1-P57,Annona edulis,February 12 2026,XP220-PLR,3,A,7,A7,8,5,5,5,0.5,0.5,0.5,0.5,NA,NA,NA,NA,NA,0.5,AE,1,FALSE
PA-MT7-P4,Piper aduncum,September 16 2025,XP220-PLR,3,A,8,A8,12,8,6,2.5,0.5,30,2.5,5,25,10,20,NA,NA,10,PA,7,FALSE
OP-MT2-P17,Ochroma pyramidale,April 16 2025,XP220-PLR,3,A,9,A9,NA,NA,NA,NA,NA,NA,NA,NA,NA,NA,NA,NA,NA,NA,OP,2,FALSE
IS-MT3-P17,Inga silanchensis,April 16 2025,XP220-PLR,3,A,10,A10,3,3,2,2.5,50,5,NA,NA,NA,NA,NA,NA,NA,5,IS,3,FALSE
VB-MT4-P25,Vismia baccifera,February 12 2026,XP220-PLR,3,A,11,A11,4,0,0,NA,NA,NA,NA,NA,NA,NA,NA,NA,NA,0,VB,4,FALSE
CP-MT5-P68,Carapa guianensis,September 16 2025,XP220-PLR,3,A,12,A12,4,4,4,1,5,1,2.5,NA,NA,NA,NA,NA,NA,1,CP,5,FALSE
DC-MT1-P64,Dacryodes cupularis,September 16 2025,XP220-PLR,3,A,13,A13,NA,NA,NA,NA,NA,NA,NA,NA,NA,NA,NA,NA,NA,NA,DC,1,FALSE
CH-MT3-P73,Cecropia hispidissima,September 16 2025,XP220-PLR,3,A,14,A14,5,5,3,2.5,25,1,0.5,0.5,NA,NA,NA,NA,NA,5,CH,3,FALSE
BG-MT3-P33,Banara guianensis,September 16 2025,XP220-PLR,3,A,15,A15,26,7,2,5,5,25,10,20,50,1,NA,NA,NA,1,BG,3,FALSE
PG-MT1-P73,Pouruma guianensis,February 12 2026,XP220-PLR,3,A,16,A16,4,1,0,0.5,NA,NA,NA,NA,NA,NA,NA,NA,NA,0.5,PG,1,FALSE
BG-MT1-P2,Banara guianensis,September 16 2025,XP220-PLR,3,B,1,B1,NA,NA,NA,NA,NA,NA,NA,NA,NA,NA,NA,NA,NA,NA,BG,1,FALSE
BU-MT2-P17,Brosimum utile,September 16 2025,XP220-PLR,3,B,2,B2,6,2,4,0.5,0.5,NA,NA,NA,NA,NA,NA,NA,NA,0.5,BU,2,FALSE
OP-MT7-P30,Ochroma pyramidale,May 27 2025,XP220-PLR,3,B,3,B3,0,0,0,NA,NA,NA,NA,NA,NA,NA,NA,NA,NA,0,OP,7,FALSE
BP-MT1-P16,Bauhinia pichinchensis,February 12 2026,XP220-PLR,3,B,4,B4,1,1,0,10,NA,NA,NA,NA,NA,NA,NA,NA,NA,10,BP,1,FALSE
CP-MT4-P56,Carapa guianensis,May 27 2025,XP220-PLR,3,B,5,B5,5,1,0,0.5,NA,NA,NA,NA,NA,NA,NA,NA,NA,0.5,CP,4,FALSE
DC-MT3-P76,Dacryodes cupularis,September 16 2025,XP220-PLR,3,B,6,B6,3,2,2,5,1,NA,NA,NA,NA,NA,NA,NA,NA,2.5,DC,3,FALSE
VB-MT5-P18,Vismia baccifera,February 12 2026,XP220-PLR,3,B,7,B7,8,4,3,2.5,0.5,0.5,0.5,NA,NA,NA,NA,NA,NA,0.5,VB,5,FALSE
PG-MT5-P4,Pouruma guianensis,February 12 2026,XP220-PLR,3,B,9,B9,5,3,4,1,0.5,5,NA,NA,NA,NA,NA,NA,NA,1,PG,5,FALSE
EA-MT1-P80,Ecuadendron acosta-solisianum,February 12 2026,XP220-PLR,3,B,10,B10,14,6,9,2.5,1,1,1,1,5,NA,NA,NA,NA,1,EA,1,FALSE
IS-MT2-P19,Inga silanchensis,April 16 2025,XP220-PLR,3,B,12,B12,2,2,1,10,1,NA,NA,NA,NA,NA,NA,NA,NA,5,IS,2,FALSE
AE-MT4-P38,Annona edulis,February 12 2026,XP220-PLR,3,B,14,B14,8,5,4,2.5,2.5,1,1,0.5,NA,NA,NA,NA,NA,1,AE,4,FALSE
CH-MT3-P74,Cecropia hispidissima,September 16 2025,XP220-PLR,3,B,15,B15,1,1,0,0.5,NA,NA,NA,NA,NA,NA,NA,NA,NA,0.5,CH,3,FALSE
MC-MT3-P9,Miconia conocuatrecasasii,September 16 2025,XP220-PLR,3,B,16,B16,6,6,2,55,5,15,50,10,10,NA,NA,NA,NA,15,MC,3,FALSE
BP-MT2-P16,Bauhinia pichinchensis,February 12 2026,XP220-PLR,3,C,1,C1,2,2,0,15,50,NA,NA,NA,NA,NA,NA,NA,NA,30,BP,2,FALSE
IS-MT5-P63,Inga silanchensis,April 16 2025,XP220-PLR,3,C,2,C2,4,4,2,1,10,0.5,1,NA,NA,NA,NA,NA,NA,2.5,IS,5,FALSE
BU-MT3-P26,Brosimum utile,September 16 2025,XP220-PLR,3,C,4,C4,7,5,6,1,0.5,10,0.5,1,NA,NA,NA,NA,NA,1,BU,3,FALSE
BG-MT1-P30,Banara guianensis,September 16 2025,XP220-PLR,3,C,5,C5,17,3,3,0.5,20,25,NA,NA,NA,NA,NA,NA,NA,0.5,BG,1,FALSE
PG-MT5-P31,Pouruma guianensis,February 12 2026,XP220-PLR,3,C,6,C6,5,2,0,1,0.5,NA,NA,NA,NA,NA,NA,NA,NA,0.5,PG,5,FALSE
DC-MT3-P68,Dacryodes cupularis,September 16 2025,XP220-PLR,3,C,8,C8,5,2,4,0.5,1,NA,NA,NA,NA,NA,NA,NA,NA,0.5,DC,3,FALSE
PA-MT6-P101,Piper aduncum,February 12 2026,XP220-PLR,3,C,9,C9,5,3,0,60,40,25,NA,NA,NA,NA,NA,NA,NA,30,PA,6,FALSE
CH-MT5-P59,Cecropia hispidissima,September 16 2025,XP220-PLR,3,C,10,C10,3,3,0,50,0.5,5,NA,NA,NA,NA,NA,NA,NA,15,CH,5,FALSE
MC-MT2-P64,Miconia conocuatrecasasii,September 16 2025,XP220-PLR,3,C,11,C11,10,7,3,5,5,1,10,10,15,0.5,NA,NA,NA,0.5,MC,2,FALSE
BS-MT5-P8,Bactris setulosa,September 16 2025,XP220-PLR,3,C,13,C13,3,3,2,1,5,5,NA,NA,NA,NA,NA,NA,NA,5,BS,5,FALSE
VB-MT1-P14,Vismia baccifera,September 16 2025,XP220-PLR,3,C,14,C14,19,8,7,1,1,2.5,2.5,20,7.5,2.5,2.5,NA,NA,1,VB,1,FALSE
CP-MT5-P8,Carapa guianensis,September 16 2025,XP220-PLR,3,C,15,C15,3,2,2,0.5,1,NA,NA,NA,NA,NA,NA,NA,NA,0.5,CP,5,FALSE
AE-MT3-P12,Annona edulis,February 12 2026,XP220-PLR,3,C,16,C16,10,6,2,5,5,10,2.5,1,0.5,NA,NA,NA,NA,2.5,AE,3,FALSE
BU-MT4-P33,Brosimum utile,September 16 2025,XP220-PLR,4,A,2,A2,4,1,3,0.5,NA,NA,NA,NA,NA,NA,NA,NA,NA,0.5,BU,4,FALSE
DC-MT3-P66,Dacryodes cupularis,February 12 2026,XP220-PLR,4,A,3,A3,0,0,0,NA,NA,NA,NA,NA,NA,NA,NA,NA,NA,0,DC,3,FALSE
BG-MT3-P44,Banara guianensis,September 16 2025,XP220-PLR,4,A,4,A4,16,8,3,20,25,10,25,40,30,10,20,NA,NA,5,BG,3,FALSE
CP-MT5-P39,Carapa guianensis,September 16 2025,XP220-PLR,4,A,5,A5,5,4,5,0.5,0.5,5,10,NA,NA,NA,NA,NA,NA,2.5,CP,5,FALSE
BP-MT4-P21,Bauhinia pichinchensis,February 12 2026,XP220-PLR,4,A,6,A6,1,1,0,5,NA,NA,NA,NA,NA,NA,NA,NA,NA,5,BP,4,FALSE
OP-MT9-P6,Ochroma pyramidale,April 16 2025,XP220-PLR,4,A,8,A8,NA,NA,NA,NA,NA,NA,NA,NA,NA,NA,NA,NA,NA,NA,OP,9,FALSE
AE-MT1-P14,Annona edulis,February 12 2026,XP220-PLR,4,A,9,A9,10,6,0,10,20,12.5,75,10,7.5,NA,NA,NA,NA,12.5,AE,1,FALSE
PG-MT3-P47,Pouruma guianensis,February 12 2026,XP220-PLR,4,A,11,A11,5,4,1,0.5,30,1,1,NA,NA,NA,NA,NA,NA,1,PG,3,FALSE
VB-MT5-P7,Vismia baccifera,February 12 2026,XP220-PLR,4,A,13,A13,8,7,0,0.5,5,25,0.5,2.5,25,2.5,NA,NA,NA,10,VB,5,FALSE
CH-MT5-P33,Cecropia hispidissima,September 16 2025,XP220-PLR,4,A,14,A14,4,4,0,5,60,10,5,NA,NA,NA,NA,NA,NA,7.5,CH,5,FALSE
BS-MT5-P26,Bactris setulosa,September 16 2025,XP220-PLR,4,A,15,A15,2,2,1,10,90,NA,NA,NA,NA,NA,NA,NA,NA,50,BS,5,FALSE
MC-MT1-P67,Miconia conocuatrecasasii,September 16 2025,XP220-PLR,4,B,1,B1,5,4,2,80,0.5,5,10,NA,NA,NA,NA,NA,NA,10,MC,1,FALSE
BP-MT3-P44,Bauhinia pichinchensis,February 12 2026,XP220-PLR,4,B,3,B3,3,1,0,0.5,NA,NA,NA,NA,NA,NA,NA,NA,NA,0.5,BP,3,FALSE
CP-MT2-P19,Carapa guianensis,May 27 2025,XP220-PLR,4,B,4,B4,4,4,2,0.5,5,50,5,NA,NA,NA,NA,NA,NA,40,CP,2,FALSE
OP-MT7-P46,Ochroma pyramidale,May 27 2025,XP220-PLR,4,B,5,B5,6,3,2,1,5,0.5,NA,NA,NA,NA,NA,NA,NA,1,OP,7,FALSE
IS-MT4-P53,Inga silanchensis,May 27 2025,XP220-PLR,4,B,6,B6,6,6,6,50,15,0.5,10,40,0.5,NA,NA,NA,NA,25,IS,4,FALSE
BG-MT1-P27,Banara guianensis,September 16 2025,XP220-PLR,4,B,7,B7,21,9,9,1,5,10,5,25,5,0.5,20,10,NA,2.5,BG,1,FALSE
PA-MT6-P42,Piper aduncum,May 27 2025,XP220-PLR,4,B,8,B8,10,8,1,5,25,50,2.5,12.5,75,25,2.5,NA,NA,25,PA,6,FALSE
EA-MT2-P10,Ecuadendron acosta-solisianum,May 27 2025,XP220-PLR,4,B,9,B9,22,13,16,10,5,1,2.5,10,0.5,5,1,2.5,1,1,EA,2,FALSE
AE-MT2-P56,Annona edulis,February 12 2026,XP220-PLR,4,B,10,B10,7,5,1,5,85,85,70,10,NA,NA,NA,NA,NA,50,AE,2,FALSE
CH-MT1-P41,Cecropia hispidissima,May 27 2025,XP220-PLR,4,B,11,B11,4,2,1,0.5,2.5,20,NA,NA,NA,NA,NA,NA,NA,5,CH,1,FALSE
DC-MT4-P62,Dacryodes cupularis,September 16 2025,XP220-PLR,4,B,12,B12,3,3,2,0.5,5,1,NA,NA,NA,NA,NA,NA,NA,2.5,DC,4,FALSE
BU-MT3-P29,Brosimum utile,September 16 2025,XP220-PLR,4,B,14,B14,5,1,4,0.5,NA,NA,NA,NA,NA,NA,NA,NA,NA,0.5,BU,3,FALSE
PG-MT2-P1,Pouruma guianensis,February 12 2026,XP220-PLR,4,B,15,B15,4,3,2,5,2.5,0.5,NA,NA,NA,NA,NA,NA,NA,1,PG,2,FALSE
VB-MT5-P61,Vismia baccifera,February 12 2026,XP220-PLR,4,B,16,B16,18,0,0,NA,NA,NA,NA,NA,NA,NA,NA,NA,NA,0,VB,5,FALSE
CH-MT2-P9,Cecropia hispidissima,September 16 2025,XP220-PLR,4,C,1,C1,2,0,0,NA,NA,NA,NA,NA,NA,NA,NA,NA,NA,0,CH,2,FALSE
IS-MT4-P24,Inga silanchensis,May 27 2025,XP220-PLR,4,C,4,C4,5,5,4,5,5,30,50,40,NA,NA,NA,NA,NA,10,IS,4,FALSE
BP-MT4-P43,Bauhinia pichinchensis,February 12 2026,XP220-PLR,4,C,5,C5,1,1,0,1,NA,NA,NA,NA,NA,NA,NA,NA,NA,1,BP,4,FALSE
VB-MT1-P13,Vismia baccifera,September 16 2025,XP220-PLR,4,C,6,C6,NA,NA,NA,NA,NA,NA,NA,NA,NA,NA,NA,NA,NA,NA,VB,1,FALSE
OP-MT6-P28,Ochroma pyramidale,May 27 2025,XP220-PLR,4,C,7,C7,NA,NA,NA,NA,NA,NA,NA,NA,NA,NA,NA,NA,NA,NA,OP,6,FALSE
MC-MT2-P49,Miconia conocuatrecasasii,September 16 2025,XP220-PLR,4,C,8,C8,5,4,3,0.5,40,5,20,NA,NA,NA,NA,NA,NA,5,MC,2,FALSE
BU-MT2-P28,Brosimum utile,September 16 2025,XP220-PLR,4,C,9,C9,6,2,5,15,10,NA,NA,NA,NA,NA,NA,NA,NA,2.5,BU,2,FALSE
PG-MT2-P71,Pouruma guianensis,February 12 2026,XP220-PLR,4,C,11,C11,5,2,5,0.5,2.5,NA,NA,NA,NA,NA,NA,NA,NA,0.5,PG,2,FALSE
BG-MT4-P5,Banara guianensis,September 16 2025,XP220-PLR,4,C,12,C12,31,20,21,5,1,1,10,12.5,10,5,5,0.5,20,2.5,BG,4,FALSE
AE-MT3-P64,Annona edulis,February 12 2026,XP220-PLR,4,C,13,C13,10,7,1,25,5,25,80,15,0.5,1,NA,NA,NA,15,AE,3,FALSE
DC-MT2-P18,Dacryodes cupularis,September 16 2025,XP220-PLR,4,C,14,C14,2,2,1,1,0.5,NA,NA,NA,NA,NA,NA,NA,NA,0.5,DC,2,FALSE
CP-MT1-P13,Carapa guianensis,September 16 2025,XP220-PLR,4,C,16,C16,3,3,2,10,5,0.5,NA,NA,NA,NA,NA,NA,NA,5,CP,1,FALSE
EA-MT2-P32,Ecuadendron acosta-solisianum,February 12 2026,XP220-PLR,5,A,2,A2,NA,NA,NA,NA,NA,NA,NA,NA,NA,NA,NA,NA,NA,NA,EA,2,FALSE
AE-MT3-P44,Annona edulis,February 12 2026,XP220-PLR,5,A,3,A3,NA,NA,NA,NA,NA,NA,NA,NA,NA,NA,NA,NA,NA,NA,AE,3,FALSE
BP-MT4-P10,Bauhinia pichinchensis,February 12 2026,XP220-PLR,5,A,4,A4,NA,NA,NA,NA,NA,NA,NA,NA,NA,NA,NA,NA,NA,NA,BP,4,FALSE
VB-MT3-P26,Vismia baccifera,February 12 2026,XP220-PLR,5,A,8,A8,NA,NA,NA,NA,NA,NA,NA,NA,NA,NA,NA,NA,NA,NA,VB,3,FALSE
PG-MT5-P68,Pouruma guianensis,February 12 2026,XP220-PLR,5,A,10,A10,NA,NA,NA,NA,NA,NA,NA,NA,NA,NA,NA,NA,NA,NA,PG,5,FALSE
CH-MT3-P6,Cecropia hispidissima,September 16 2025,XP220-PLR,5,A,11,A11,NA,NA,NA,NA,NA,NA,NA,NA,NA,NA,NA,NA,NA,NA,CH,3,FALSE
IS-MT3-P105,Inga silanchensis,February 12 2026,XP220-PLR,5,A,12,A12,NA,NA,NA,NA,NA,NA,NA,NA,NA,NA,NA,NA,NA,NA,IS,3,FALSE
BG-MT4-P79,Banara guianensis,September 16 2025,XP220-PLR,5,A,13,A13,NA,NA,NA,NA,NA,NA,NA,NA,NA,NA,NA,NA,NA,NA,BG,4,FALSE
DC-MT5-P2,Dacryodes cupularis,September 16 2025,XP220-PLR,5,A,16,A16,NA,NA,NA,NA,NA,NA,NA,NA,NA,NA,NA,NA,NA,NA,DC,5,FALSE
VB-MT5-P30,Vismia baccifera,February 12 2026,XP220-PLR,5,B,1,B1,NA,NA,NA,NA,NA,NA,NA,NA,NA,NA,NA,NA,NA,NA,VB,5,FALSE
AE-MT1-P34,Annona edulis,February 12 2026,XP220-PLR,5,B,2,B2,NA,NA,NA,NA,NA,NA,NA,NA,NA,NA,NA,NA,NA,NA,AE,1,FALSE
DC-MT1-P56,Dacryodes cupularis,September 16 2025,XP220-PLR,5,B,3,B3,NA,NA,NA,NA,NA,NA,NA,NA,NA,NA,NA,NA,NA,NA,DC,1,FALSE
BG-MT5-P68,Banara guianensis,September 16 2025,XP220-PLR,5,B,4,B4,NA,NA,NA,NA,NA,NA,NA,NA,NA,NA,NA,NA,NA,NA,BG,5,FALSE
CP-MT1-P8,Carapa guianensis,September 16 2025,XP220-PLR,5,B,6,B6,NA,NA,NA,NA,NA,NA,NA,NA,NA,NA,NA,NA,NA,NA,CP,1,FALSE
BP-MT5-P47,Bauhinia pichinchensis,February 12 2026,XP220-PLR,5,B,10,B10,NA,NA,NA,NA,NA,NA,NA,NA,NA,NA,NA,NA,NA,NA,BP,5,FALSE
PG-MT4-P59,Pouruma guianensis,February 12 2026,XP220-PLR,5,B,11,B11,NA,NA,NA,NA,NA,NA,NA,NA,NA,NA,NA,NA,NA,NA,PG,4,FALSE
CH-MT4-P41,Cecropia hispidissima,September 16 2025,XP220-PLR,5,B,13,B13,NA,NA,NA,NA,NA,NA,NA,NA,NA,NA,NA,NA,NA,NA,CH,4,FALSE
VB-MT4-P42,Vismia baccifera,February 12 2026,XP220-PLR,5,C,1,C1,NA,NA,NA,NA,NA,NA,NA,NA,NA,NA,NA,NA,NA,NA,VB,4,FALSE
AE-MT4-P73,Annona edulis,February 12 2026,XP220-PLR,5,C,3,C3,NA,NA,NA,NA,NA,NA,NA,NA,NA,NA,NA,NA,NA,NA,AE,4,FALSE
EA-MT3-P48,Ecuadendron acosta-solisianum,February 12 2026,XP220-PLR,5,C,4,C4,NA,NA,NA,NA,NA,NA,NA,NA,NA,NA,NA,NA,NA,NA,EA,3,FALSE
BU-MT2-P19,Brosimum utile,September 16 2025,XP220-PLR,5,C,5,C5,NA,NA,NA,NA,NA,NA,NA,NA,NA,NA,NA,NA,NA,NA,BU,2,FALSE
BS-MT6-P92,Bactris setulosa,February 12 2026,XP220-PLR,5,C,7,C7,NA,NA,NA,NA,NA,NA,NA,NA,NA,NA,NA,NA,NA,NA,BS,6,FALSE
BP-MT5-P35,Bauhinia pichinchensis,February 12 2026,XP220-PLR,5,C,11,C11,NA,NA,NA,NA,NA,NA,NA,NA,NA,NA,NA,NA,NA,NA,BP,5,FALSE
DC-MT4-P67,Dacryodes cupularis,September 16 2025,XP220-PLR,5,C,14,C14,NA,NA,NA,NA,NA,NA,NA,NA,NA,NA,NA,NA,NA,NA,DC,4,FALSE
BG-MT2-P44,Banara guianensis,September 16 2025,XP220-PLR,5,C,15,C15,NA,NA,NA,NA,NA,NA,NA,NA,NA,NA,NA,NA,NA,NA,BG,2,FALSE
PG-MT1-P48,Pouruma guianensis,February 12 2026,XP220-PLR,5,C,16,C16,NA,NA,NA,NA,NA,NA,NA,NA,NA,NA,NA,NA,NA,NA,PG,1,FALSE
IS-MT5-P15,Inga silanchensis,April 16 2025,XP221-OG,1,A,1,A1,3,3,3,2.5,10,70,NA,NA,NA,NA,NA,NA,NA,20,IS,5,FALSE
OP-MT7-P19,Ochroma pyramidale,May 27 2025,XP221-OG,1,A,3,A3,NA,NA,NA,NA,NA,NA,NA,NA,NA,NA,NA,NA,NA,NA,OP,7,FALSE
CP-MT4-P11,Carapa guianensis,May 27 2025,XP221-OG,1,A,4,A4,3,3,3,2.5,5,0.5,NA,NA,NA,NA,NA,NA,NA,2.5,CP,4,FALSE
VB-MT3-P10,Vismia baccifera,February 12 2026,XP221-OG,1,A,5,A5,2,2,1,1,0.5,NA,NA,NA,NA,NA,NA,NA,NA,0.5,VB,3,FALSE
MC-MT3-P35,Miconia conocuatrecasasii,September 15 2025,XP221-OG,1,A,6,A6,4,2,2,20,25,NA,NA,NA,NA,NA,NA,NA,NA,15,MC,3,FALSE
CH-MT2-P65,Cecropia hispidissima,September 15 2025,XP221-OG,1,A,7,A7,NA,NA,NA,NA,NA,NA,NA,NA,NA,NA,NA,NA,NA,NA,CH,2,FALSE
BP-MT1-P39,Bauhinia pichinchensis,February 12 2026,XP221-OG,1,A,8,A8,1,1,0,0.5,NA,NA,NA,NA,NA,NA,NA,NA,NA,0.5,BP,1,FALSE
BG-MT1-P71,Banara guianensis,September 15 2025,XP221-OG,1,A,9,A9,NA,NA,NA,NA,NA,NA,NA,NA,NA,NA,NA,NA,NA,NA,BG,1,FALSE
PA-MT6-P50,Piper aduncum,May 27 2025,XP221-OG,1,A,10,A10,8,4,5,60,30,2.5,0.5,NA,NA,NA,NA,NA,NA,10,PA,6,FALSE
PG-MT4-P52,Pouruma guianensis,February 12 2026,XP221-OG,1,A,12,A12,3,1,0,0.5,NA,NA,NA,NA,NA,NA,NA,NA,NA,0.5,PG,4,FALSE
BU-MT3-P27,Brosimum utile,September 15 2025,XP221-OG,1,A,13,A13,3,1,3,5,NA,NA,NA,NA,NA,NA,NA,NA,NA,2.5,BU,3,FALSE
AE-MT2-P72,Annona edulis,February 12 2026,XP221-OG,1,A,14,A14,8,7,4,0.5,5,5,2.5,5,10,1,NA,NA,NA,5,AE,2,FALSE
DC-MT2-P43,Dacryodes cupularis,February 12 2026,XP221-OG,1,A,16,A16,3,2,0,7.5,5,NA,NA,NA,NA,NA,NA,NA,NA,5,DC,2,FALSE
BG-MT3-P1,Banara guianensis,September 15 2025,XP221-OG,1,B,2,B2,13,7,0,20,10,1,5,7.5,1,17.5,NA,NA,NA,2.5,BG,3,FALSE
CH-MT1-P55,Cecropia hispidissima,May 27 2025,XP221-OG,1,B,3,B3,NA,NA,NA,NA,NA,NA,NA,NA,NA,NA,NA,NA,NA,NA,CH,1,FALSE
CH-MT3-P75,Cecropia hispidissima,February 12 2026,XP221-OG,1,B,3,B3,4,4,0,2.5,20,0.5,5,NA,NA,NA,NA,NA,NA,2.5,CH,3,FALSE
DC-MT1-P43,Dacryodes cupularis,September 15 2025,XP221-OG,1,B,5,B5,NA,NA,NA,NA,NA,NA,NA,NA,NA,NA,NA,NA,NA,NA,DC,1,FALSE
PG-MT3-P29,Pouruma guianensis,February 12 2026,XP221-OG,1,B,6,B6,2,1,0,1,NA,NA,NA,NA,NA,NA,NA,NA,NA,0.5,PG,3,FALSE
VB-MT4-P64,Vismia baccifera,February 12 2026,XP221-OG,1,B,8,B8,0,0,0,NA,NA,NA,NA,NA,NA,NA,NA,NA,NA,0,VB,4,FALSE
AE-MT4-P74,Annona edulis,February 12 2026,XP221-OG,1,B,9,B9,7,4,0,7.5,5,2.5,10,NA,NA,NA,NA,NA,NA,7.5,AE,4,FALSE
BP-MT2-P42,Bauhinia pichinchensis,February 12 2026,XP221-OG,1,B,11,B11,NA,NA,NA,NA,NA,NA,NA,NA,NA,NA,NA,NA,NA,NA,BP,2,FALSE
CP-MT5-P44,Carapa guianensis,September 15 2025,XP221-OG,1,B,12,B12,1,0,1,NA,NA,NA,NA,NA,NA,NA,NA,NA,NA,0,CP,5,FALSE
BU-MT5-P18,Brosimum utile,September 15 2025,XP221-OG,1,B,14,B14,7,1,6,30,NA,NA,NA,NA,NA,NA,NA,NA,NA,5,BU,5,FALSE
CH-MT4-P90,Cecropia hispidissima,September 15 2025,XP221-OG,1,C,2,C2,5,4,2,1,5,50,0.5,NA,NA,NA,NA,NA,NA,5,CH,4,FALSE
BG-MT5-P58,Banara guianensis,September 15 2025,XP221-OG,1,C,3,C3,6,2,0,1,2.5,NA,NA,NA,NA,NA,NA,NA,NA,0.5,BG,5,FALSE
PG-MT4-P42,Pouruma guianensis,February 12 2026,XP221-OG,1,C,4,C4,5,4,0,1,1,2.5,0.5,NA,NA,NA,NA,NA,NA,0.5,PG,4,FALSE
MC-MT3-P52,Miconia conocuatrecasasii,September 15 2025,XP221-OG,1,C,5,C5,6,4,0,2.5,5,25,80,NA,NA,NA,NA,NA,NA,20,MC,3,FALSE
BS-MT7-P1,Bactris setulosa,September 15 2025,XP221-OG,1,C,6,C6,4,3,3,2.5,20,25,NA,NA,NA,NA,NA,NA,NA,15,BS,7,FALSE
OP-MT8-P19,Ochroma pyramidale,May 27 2025,XP221-OG,1,C,9,C9,NA,NA,NA,NA,NA,NA,NA,NA,NA,NA,NA,NA,NA,NA,OP,8,FALSE
VB-MT2-P28,Vismia baccifera,February 12 2026,XP221-OG,1,C,11,C11,5,2,0,0.5,0.5,NA,NA,NA,NA,NA,NA,NA,NA,0.5,VB,2,FALSE
CP-MT2-P8,Carapa guianensis,May 27 2025,XP221-OG,1,C,12,C12,2,2,0,2.5,0.5,NA,NA,NA,NA,NA,NA,NA,NA,1,CP,2,FALSE
DC-MT5-P37,Dacryodes cupularis,September 15 2025,XP221-OG,1,C,13,C13,NA,NA,NA,NA,NA,NA,NA,NA,NA,NA,NA,NA,NA,NA,DC,5,FALSE
BU-MT2-P53,Brosimum utile,September 15 2025,XP221-OG,1,C,14,C14,3,0,2,NA,NA,NA,NA,NA,NA,NA,NA,NA,NA,0,BU,2,FALSE
BP-MT4-P79,Bauhinia pichinchensis,February 12 2026,XP221-OG,1,C,15,C15,NA,NA,NA,NA,NA,NA,NA,NA,NA,NA,NA,NA,NA,NA,BP,4,FALSE
AE-MT5-P40,Annona edulis,February 12 2026,XP221-OG,1,C,16,C16,12,8,4,10,2.5,1,25,1,2.5,2.5,5,NA,NA,2.5,AE,5,FALSE
BP-MT1-P35,Bauhinia pichinchensis,February 12 2026,XP221-OG,2,A,1,A1,4,3,0,1,25,40,NA,NA,NA,NA,NA,NA,NA,15,BP,1,FALSE
AE-MT1-P20,Annona edulis,February 12 2026,XP221-OG,2,A,2,A2,9,7,0,5,20,30,40,25,50,75,NA,NA,NA,30,AE,1,FALSE
OP-MT2-P13,Ochroma pyramidale,April 16 2025,XP221-OG,2,A,3,A3,NA,NA,NA,NA,NA,NA,NA,NA,NA,NA,NA,NA,NA,NA,OP,2,FALSE
PG-MT5-P48,Pouruma guianensis,February 12 2026,XP221-OG,2,A,4,A4,5,4,0,0.5,5,2.5,1,NA,NA,NA,NA,NA,NA,1,PG,5,FALSE
VB-MT4-P43,Vismia baccifera,February 12 2026,XP221-OG,2,A,6,A6,NA,NA,NA,NA,NA,NA,NA,NA,NA,NA,NA,NA,NA,NA,VB,4,FALSE
IS-MT3-P57,Inga silanchensis,April 16 2025,XP221-OG,2,A,7,A7,5,5,5,10,10,15,20,2.5,NA,NA,NA,NA,NA,5,IS,3,FALSE
MC-MT3-P58,Miconia conocuatrecasasii,September 15 2025,XP221-OG,2,A,8,A8,9,6,2,0.5,0.5,0.5,1,1,5,NA,NA,NA,NA,0.5,MC,3,FALSE
CP-MT3-P64,Carapa guianensis,May 27 2025,XP221-OG,2,A,9,A9,2,2,1,1,10,NA,NA,NA,NA,NA,NA,NA,NA,5,CP,3,FALSE
EA-MT2-P8,Ecuadendron acosta-solisianum,May 27 2025,XP221-OG,2,A,11,A11,16,12,14,5,2.5,0.5,2.5,0.5,1,0.5,5,2.5,5,1,EA,2,FALSE
BG-MT4-P3,Banara guianensis,September 15 2025,XP221-OG,2,A,12,A12,18,7,0,40,50,20,20,2.5,25,0.5,NA,NA,NA,5,BG,4,FALSE
DC-MT5-P85,Dacryodes cupularis,February 12 2026,XP221-OG,2,A,13,A13,4,3,0,10,2.5,1,NA,NA,NA,NA,NA,NA,NA,2.5,DC,5,FALSE
CH-MT4-P68,Cecropia hispidissima,September 15 2025,XP221-OG,2,A,14,A14,NA,NA,NA,NA,NA,NA,NA,NA,NA,NA,NA,NA,NA,NA,CH,4,FALSE
BU-MT5-P54,Brosimum utile,September 15 2025,XP221-OG,2,A,16,A16,4,4,2,1,12.5,1,0.5,NA,NA,NA,NA,NA,NA,2.5,BU,5,FALSE
CH-MT1-P36,Cecropia hispidissima,May 27 2025,XP221-OG,2,B,1,B1,NA,NA,NA,NA,NA,NA,NA,NA,NA,NA,NA,NA,NA,NA,CH,1,FALSE
CH-MT3-P82,Cecropia hispidissima,February 12 2026,XP221-OG,2,B,1,B1,0,0,0,NA,NA,NA,NA,NA,NA,NA,NA,NA,NA,0,CH,3,FALSE
BU-MT3-P36,Brosimum utile,September 15 2025,XP221-OG,2,B,2,B2,5,2,5,30,0.5,NA,NA,NA,NA,NA,NA,NA,NA,5,BU,3,FALSE
AE-MT2-P61,Annona edulis,February 12 2026,XP221-OG,2,B,3,B3,8,6,1,15,10,30,10,0.5,0.5,NA,NA,NA,NA,5,AE,2,FALSE
MC-MT2-P51,Miconia conocuatrecasasii,September 15 2025,XP221-OG,2,B,4,B4,6,5,1,25,5,25,25,15,NA,NA,NA,NA,NA,20,MC,2,FALSE
PA-MT7-P1,Piper aduncum,September 15 2025,XP221-OG,2,B,5,B5,3,2,0,0.5,2.5,NA,NA,NA,NA,NA,NA,NA,NA,1,PA,7,FALSE
BP-MT3-P59,Bauhinia pichinchensis,February 12 2026,XP221-OG,2,B,6,B6,3,3,2,0.5,1,2.5,NA,NA,NA,NA,NA,NA,NA,1,BP,3,FALSE
PG-MT3-P12,Pouruma guianensis,February 12 2026,XP221-OG,2,B,7,B7,4,2,1,10,0.5,NA,NA,NA,NA,NA,NA,NA,NA,1,PG,3,FALSE
CP-MT2-P45,Carapa guianensis,May 27 2025,XP221-OG,2,B,8,B8,4,4,4,5,10,40,30,NA,NA,NA,NA,NA,NA,20,CP,2,FALSE
VB-MT2-P13,Vismia baccifera,February 12 2026,XP221-OG,2,B,9,B9,4,3,0,45,35,5,NA,NA,NA,NA,NA,NA,NA,30,VB,2,FALSE
EA-MT4-P37,Ecuadendron acosta-solisianum,February 12 2026,XP221-OG,2,B,10,B10,8,8,2,10,10,2.5,1,12.5,70,50,0.5,NA,NA,25,EA,4,FALSE
IS-MT2-P35,Inga silanchensis,April 16 2025,XP221-OG,2,B,11,B11,5,5,4,12.5,40,15,2.5,5,NA,NA,NA,NA,NA,15,IS,2,FALSE
BG-MT4-P1,Banara guianensis,September 15 2025,XP221-OG,2,B,13,B13,29,11,1,10,40,5,10,15,1,5,10,5,2.5,1,BG,4,FALSE
DC-MT1-P8,Dacryodes cupularis,September 15 2025,XP221-OG,2,B,15,B15,NA,NA,NA,NA,NA,NA,NA,NA,NA,NA,NA,NA,NA,NA,DC,1,FALSE
VB-MT1-P9,Vismia baccifera,September 15 2025,XP221-OG,2,C,1,C1,9,5,2,50,5,50,2.5,50,NA,NA,NA,NA,NA,25,VB,1,FALSE
BU-MT2-P47,Brosimum utile,September 15 2025,XP221-OG,2,C,2,C2,3,1,2,7.5,NA,NA,NA,NA,NA,NA,NA,NA,NA,2.5,BU,2,FALSE
DC-MT4-P42,Dacryodes cupularis,September 15 2025,XP221-OG,2,C,3,C3,NA,NA,NA,NA,NA,NA,NA,NA,NA,NA,NA,NA,NA,NA,DC,4,FALSE
AE-MT4-P67,Annona edulis,February 12 2026,XP221-OG,2,C,4,C4,10,7,0,30,0.5,1,0.5,5,1,0.5,NA,NA,NA,1,AE,4,FALSE
OP-MT8-P37,Ochroma pyramidale,May 27 2025,XP221-OG,2,C,5,C5,NA,NA,NA,NA,NA,NA,NA,NA,NA,NA,NA,NA,NA,NA,OP,8,FALSE
PG-MT1-P6,Pouruma guianensis,February 12 2026,XP221-OG,2,C,6,C6,3,2,0,1,25,NA,NA,NA,NA,NA,NA,NA,NA,5,PG,1,FALSE
CH-MT5-P68,Cecropia hispidissima,September 15 2025,XP221-OG,2,C,7,C7,NA,NA,NA,NA,NA,NA,NA,NA,NA,NA,NA,NA,NA,NA,CH,5,FALSE
IS-MT1-P49,Inga silanchensis,May 27 2025,XP221-OG,2,C,9,C9,NA,NA,NA,NA,NA,NA,NA,NA,NA,NA,NA,NA,NA,NA,IS,1,FALSE
CP-MT5-P54,Carapa guianensis,September 15 2025,XP221-OG,2,C,10,C10,2,2,1,50,50,NA,NA,NA,NA,NA,NA,NA,NA,50,CP,5,FALSE
BP-MT1-P71,Bauhinia pichinchensis,February 12 2026,XP221-OG,2,C,11,C11,0,0,0,NA,NA,NA,NA,NA,NA,NA,NA,NA,NA,0,BP,1,FALSE
BG-MT3-P76,Banara guianensis,September 15 2025,XP221-OG,2,C,14,C14,0,0,0,NA,NA,NA,NA,NA,NA,NA,NA,NA,NA,0,BG,3,FALSE
BS-MT1-P25,Bactris setulosa,September 15 2025,XP221-OG,3,A,1,A1,3,2,2,2.5,25,NA,NA,NA,NA,NA,NA,NA,NA,10,BS,1,FALSE
VB-MT4-P47,Vismia baccifera,February 12 2026,XP221-OG,3,A,3,A3,0,0,0,NA,NA,NA,NA,NA,NA,NA,NA,NA,NA,0,VB,4,FALSE
OP-MT9-P71,Ochroma pyramidale,April 16 2025,XP221-OG,3,A,4,A4,NA,NA,NA,NA,NA,NA,NA,NA,NA,NA,NA,NA,NA,NA,OP,9,FALSE
PA-MT3-P35,Piper aduncum,April 16 2025,XP221-OG,3,A,5,A5,6,2,4,0.5,1,NA,NA,NA,NA,NA,NA,NA,NA,0.5,PA,3,FALSE
IS-MT3-P18,Inga silanchensis,April 16 2025,XP221-OG,3,A,6,A6,5,4,4,2.5,5,2.5,2.5,NA,NA,NA,NA,NA,NA,2.5,IS,3,FALSE
CP-MT5-P29,Carapa guianensis,September 15 2025,XP221-OG,3,A,7,A7,2,2,2,45,2.5,NA,NA,NA,NA,NA,NA,NA,NA,5,CP,5,FALSE
AE-MT1-P24,Annona edulis,February 12 2026,XP221-OG,3,A,8,A8,4,3,0,5,25,25,NA,NA,NA,NA,NA,NA,NA,7.5,AE,1,FALSE
BP-MT2-P9,Bauhinia pichinchensis,February 12 2026,XP221-OG,3,A,9,A9,2,1,0,0.5,NA,NA,NA,NA,NA,NA,NA,NA,NA,0.5,BP,2,FALSE
BU-MT1-P42,Brosimum utile,May 27 2025,XP221-OG,3,A,10,A10,7,5,6,0.5,25,1,22.5,0.5,NA,NA,NA,NA,NA,7.5,BU,1,FALSE
EA-MT4-P12,Ecuadendron acosta-solisianum,May 27 2025,XP221-OG,3,A,11,A11,7,6,7,1,17.5,2.5,0.5,10,2.5,NA,NA,NA,NA,5,EA,4,FALSE
BG-MT2-P35,Banara guianensis,September 15 2025,XP221-OG,3,A,12,A12,11,5,3,20,50,1,10,5,NA,NA,NA,NA,NA,5,BG,2,FALSE
DC-MT2-P10,Dacryodes cupularis,September 15 2025,XP221-OG,3,A,14,A14,NA,NA,NA,NA,NA,NA,NA,NA,NA,NA,NA,NA,NA,NA,DC,2,FALSE
CH-MT5-P37,Cecropia hispidissima,September 15 2025,XP221-OG,3,A,15,A15,4,2,0,1,1,NA,NA,NA,NA,NA,NA,NA,NA,0.5,CH,5,FALSE
PG-MT4-P21,Pouruma guianensis,February 12 2026,XP221-OG,3,A,16,A16,5,3,1,1,2.5,0.5,NA,NA,NA,NA,NA,NA,NA,0.5,PG,4,FALSE
BS-MT5-P34,Bactris setulosa,September 15 2025,XP221-OG,3,B,1,B1,2,1,2,20,NA,NA,NA,NA,NA,NA,NA,NA,NA,10,BS,5,FALSE
BU-MT1-P79,Brosimum utile,May 27 2025,XP221-OG,3,B,4,B4,3,0,2,NA,NA,NA,NA,NA,NA,NA,NA,NA,NA,0,BU,1,FALSE
CP-MT5-P2,Carapa guianensis,September 15 2025,XP221-OG,3,B,5,B5,3,3,3,1,0.5,10,NA,NA,NA,NA,NA,NA,NA,1,CP,5,FALSE
PA-MT7-P11,Piper aduncum,September 15 2025,XP221-OG,3,B,6,B6,16,11,9,1,1,0.5,1,2.5,5,1,25,5,30,5,PA,7,FALSE
IS-MT5-P49,Inga silanchensis,April 16 2025,XP221-OG,3,B,7,B7,1,1,1,0.5,NA,NA,NA,NA,NA,NA,NA,NA,NA,0.5,IS,5,FALSE
BG-MT1-P10,Banara guianensis,September 15 2025,XP221-OG,3,B,8,B8,NA,NA,NA,NA,NA,NA,NA,NA,NA,NA,NA,NA,NA,NA,BG,1,FALSE
PG-MT2-P31,Pouruma guianensis,February 12 2026,XP221-OG,3,B,9,B9,5,2,0,0.5,1,NA,NA,NA,NA,NA,NA,NA,NA,0.5,PG,2,FALSE
VB-MT3-P23,Vismia baccifera,February 12 2026,XP221-OG,3,B,10,B10,13,6,3,5,2.5,12.5,25,5,1,NA,NA,NA,NA,1,VB,3,FALSE
AE-MT1-P45,Annona edulis,February 12 2026,XP221-OG,3,B,11,B11,10,9,5,5,5,15,10,40,5,0.5,0.5,0.5,NA,2.5,AE,1,FALSE
OP-MT7-P39,Ochroma pyramidale,May 27 2025,XP221-OG,3,B,12,B12,NA,NA,NA,NA,NA,NA,NA,NA,NA,NA,NA,NA,NA,NA,OP,7,FALSE
EA-MT4-P50,Ecuadendron acosta-solisianum,February 12 2026,XP221-OG,3,B,13,B13,9,8,7,30,40,0.5,0.5,1,5,0.5,0.5,NA,NA,5,EA,4,FALSE
BP-MT4-P30,Bauhinia pichinchensis,February 12 2026,XP221-OG,3,B,14,B14,1,1,0,30,NA,NA,NA,NA,NA,NA,NA,NA,NA,30,BP,4,FALSE
MC-MT1-P58,Miconia conocuatrecasasii,September 15 2025,XP221-OG,3,B,15,B15,11,9,3,2.5,1,45,40,20,15,10,7.5,60,NA,10,MC,1,FALSE
CH-MT3-P29,Cecropia hispidissima,September 15 2025,XP221-OG,3,B,16,B16,5,5,2,5,20,30,10,35,NA,NA,NA,NA,NA,17.5,CH,3,FALSE
CP-MT1-P5,Carapa guianensis,September 15 2025,XP221-OG,3,C,1,C1,1,1,1,5,NA,NA,NA,NA,NA,NA,NA,NA,NA,5,CP,1,FALSE
OP-MT6-P35,Ochroma pyramidale,May 27 2025,XP221-OG,3,C,3,C3,NA,NA,NA,NA,NA,NA,NA,NA,NA,NA,NA,NA,NA,NA,OP,6,FALSE
IS-MT4-P31,Inga silanchensis,May 27 2025,XP221-OG,3,C,5,C5,4,4,4,25,10,40,40,NA,NA,NA,NA,NA,NA,30,IS,4,FALSE
PA-MT3-P73,Piper aduncum,February 12 2026,XP221-OG,3,C,6,C6,6,1,1,2.5,NA,NA,NA,NA,NA,NA,NA,NA,NA,0.5,PA,3,FALSE
VB-MT3-P70,Vismia baccifera,February 12 2026,XP221-OG,3,C,7,C7,4,2,0,7.5,1,NA,NA,NA,NA,NA,NA,NA,NA,2.5,VB,3,FALSE
CH-MT4-P5,Cecropia hispidissima,September 15 2025,XP221-OG,3,C,8,C8,4,3,2,40,0.5,10,NA,NA,NA,NA,NA,NA,NA,15,CH,4,FALSE
PG-MT5-P10,Pouruma guianensis,February 12 2026,XP221-OG,3,C,9,C9,3,3,1,12.5,0.5,0.5,NA,NA,NA,NA,NA,NA,NA,2.5,PG,5,FALSE
DC-MT3-P7,Dacryodes cupularis,September 15 2025,XP221-OG,3,C,10,C10,4,4,3,2.5,20,1,5,NA,NA,NA,NA,NA,NA,5,DC,3,FALSE
BG-MT5-P6,Banara guianensis,September 15 2025,XP221-OG,3,C,11,C11,18,14,7,0.5,1,10,50,12.5,1,50,25,0.5,0.5,5,BG,5,FALSE
AE-MT5-P1,Annona edulis,February 12 2026,XP221-OG,3,C,12,C12,10,8,1,0.5,10,12.5,5,2.5,50,2.5,0.5,NA,NA,5,AE,5,FALSE
BU-MT4-P40,Brosimum utile,September 15 2025,XP221-OG,3,C,13,C13,4,1,3,0.5,NA,NA,NA,NA,NA,NA,NA,NA,NA,0.5,BU,4,FALSE
BP-MT5-P28,Bauhinia pichinchensis,February 12 2026,XP221-OG,3,C,15,C15,2,2,0,25,20,NA,NA,NA,NA,NA,NA,NA,NA,22.5,BP,5,FALSE
BS-MT5-P24,Bactris setulosa,September 15 2025,XP221-OG,3,C,16,C16,4,2,3,25,1,NA,NA,NA,NA,NA,NA,NA,NA,5,BS,5,FALSE
BU-MT3-P30,Brosimum utile,September 15 2025,XP221-OG,4,A,1,A1,6,5,5,0.5,0.5,0.5,1,10,NA,NA,NA,NA,NA,2.5,BU,3,FALSE
PG-MT4-P34,Pouruma guianensis,February 12 2026,XP221-OG,4,A,3,A3,4,2,0,10,10,NA,NA,NA,NA,NA,NA,NA,NA,5,PG,4,FALSE
OP-MT9-P17,Ochroma pyramidale,April 16 2025,XP221-OG,4,A,4,A4,NA,NA,NA,NA,NA,NA,NA,NA,NA,NA,NA,NA,NA,NA,OP,9,FALSE
BG-MT3-P51,Banara guianensis,September 15 2025,XP221-OG,4,A,5,A5,NA,NA,NA,NA,NA,NA,NA,NA,NA,NA,NA,NA,NA,NA,BG,3,FALSE
CH-MT3-P45,Cecropia hispidissima,September 15 2025,XP221-OG,4,A,6,A6,3,2,2,35,25,NA,NA,NA,NA,NA,NA,NA,NA,25,CH,3,FALSE
PA-MT3-P60,Piper aduncum,April 16 2025,XP221-OG,4,A,7,A7,17,13,8,0.5,2.5,25,25,1,5,15,1,20,0.5,5,PA,3,FALSE
CP-MT4-P50,Carapa guianensis,May 27 2025,XP221-OG,4,A,8,A8,1,1,1,25,NA,NA,NA,NA,NA,NA,NA,NA,NA,25,CP,4,FALSE
MC-MT1-P31,Miconia conocuatrecasasii,September 15 2025,XP221-OG,4,A,9,A9,4,4,1,50,5,10,60,NA,NA,NA,NA,NA,NA,35,MC,1,FALSE
BP-MT3-P14,Bauhinia pichinchensis,February 12 2026,XP221-OG,4,A,10,A10,2,2,0,2.5,10,NA,NA,NA,NA,NA,NA,NA,NA,5,BP,3,FALSE
IS-MT2-P33,Inga silanchensis,April 16 2025,XP221-OG,4,A,11,A11,3,3,2,55,35,2.5,NA,NA,NA,NA,NA,NA,NA,40,IS,2,FALSE
EA-MT3-P24,Ecuadendron acosta-solisianum,May 27 2025,XP221-OG,4,A,12,A12,18,15,2.5,1,5,0.5,50,1,20,1,25,0.5,0.5,2.5,EA,3,FALSE
AE-MT2-P1,Annona edulis,February 12 2026,XP221-OG,4,A,13,A13,7,6,0,5,5,1,40,25,20,NA,NA,NA,NA,10,AE,2,FALSE
DC-MT3-P48,Dacryodes cupularis,September 15 2025,XP221-OG,4,A,14,A14,3,3,2,1,0.5,0.5,NA,NA,NA,NA,NA,NA,NA,0.5,DC,3,FALSE
VB-MT3-P36,Vismia baccifera,February 12 2026,XP221-OG,4,A,15,A15,6,4,2,10,25,12.5,15,NA,NA,NA,NA,NA,NA,15,VB,3,FALSE
BU-MT4-P38,Brosimum utile,September 15 2025,XP221-OG,4,B,1,B1,4,2,4,0.5,25,NA,NA,NA,NA,NA,NA,NA,NA,5,BU,4,FALSE
MC-MT1-P72,Miconia conocuatrecasasii,September 15 2025,XP221-OG,4,B,2,B2,6,6,1,25,15,15,50,5,50,NA,NA,NA,NA,20,MC,1,FALSE
VB-MT3-P53,Vismia baccifera,February 12 2026,XP221-OG,4,B,3,B3,6,2,0,0.5,10,NA,NA,NA,NA,NA,NA,NA,NA,1,VB,3,FALSE
IS-MT4-P15,Inga silanchensis,May 27 2025,XP221-OG,4,B,4,B4,2,2,1,0.5,30,NA,NA,NA,NA,NA,NA,NA,NA,7.5,IS,4,FALSE
DC-MT4-P3,Dacryodes cupularis,September 15 2025,XP221-OG,4,B,6,B6,1,1,0,1,NA,NA,NA,NA,NA,NA,NA,NA,NA,1,DC,4,FALSE
CH-MT2-P25,Cecropia hispidissima,September 15 2025,XP221-OG,4,B,7,B7,3,3,0,0.5,1,25,NA,NA,NA,NA,NA,NA,NA,5,CH,2,FALSE
AE-MT2-P5,Annona edulis,February 12 2026,XP221-OG,4,B,8,B8,8,7,1,12.5,15,1,10,12.5,0.5,1,NA,NA,NA,5,AE,2,FALSE
PA-MT6-P90,Piper aduncum,May 27 2025,XP221-OG,4,B,9,B9,7,5,4,0.5,2.5,2.5,5,50,NA,NA,NA,NA,NA,10,PA,6,FALSE
OP-MT2-P19,Ochroma pyramidale,April 16 2025,XP221-OG,4,B,10,B10,NA,NA,NA,NA,NA,NA,NA,NA,NA,NA,NA,NA,NA,NA,OP,2,FALSE
OP-MT9-P87,Ochroma pyramidale,February 12 2026,XP221-OG,4,B,10,B10,NA,NA,NA,NA,NA,NA,NA,NA,NA,NA,NA,NA,NA,NA,OP,9,FALSE
BG-MT1-P29,Banara guianensis,September 15 2025,XP221-OG,4,B,11,B11,3,3,0,1,25,5,NA,NA,NA,NA,NA,NA,NA,10,BG,1,FALSE
BP-MT4-P80,Bauhinia pichinchensis,February 12 2026,XP221-OG,4,B,12,B12,3,1,0,5,NA,NA,NA,NA,NA,NA,NA,NA,NA,1,BP,4,FALSE
CP-MT1-P45,Carapa guianensis,September 15 2025,XP221-OG,4,B,13,B13,2,2,1,20,10,NA,NA,NA,NA,NA,NA,NA,NA,15,CP,1,FALSE
EA-MT2-P45,Ecuadendron acosta-solisianum,February 12 2026,XP221-OG,4,B,14,B14,13,8,1,0.5,25,1,10,1,1,2.5,0.5,NA,NA,2.5,EA,2,FALSE
PG-MT5-P61,Pouruma guianensis,February 12 2026,XP221-OG,4,B,15,B15,5,2,0,0.5,0.5,NA,NA,NA,NA,NA,NA,NA,NA,0.5,PG,5,FALSE
BS-MT6-P6,Bactris setulosa,September 15 2025,XP221-OG,4,B,16,B16,3,1,3,7.5,NA,NA,NA,NA,NA,NA,NA,NA,NA,2.5,BS,6,FALSE
IS-MT1-P14,Inga silanchensis,May 27 2025,XP221-OG,4,C,2,C2,3,3,3,30,10,0.5,NA,NA,NA,NA,NA,NA,NA,12.5,IS,1,FALSE
AE-MT4-P57,Annona edulis,February 12 2026,XP221-OG,4,C,3,C3,5,5,0,10,1,1,0.5,5,NA,NA,NA,NA,NA,2.5,AE,4,FALSE
BU-MT4-P5,Brosimum utile,September 15 2025,XP221-OG,4,C,4,C4,4,3,3,5,5,50,NA,NA,NA,NA,NA,NA,NA,15,BU,4,FALSE
CH-MT2-P41,Cecropia hispidissima,September 15 2025,XP221-OG,4,C,5,C5,NA,NA,NA,NA,NA,NA,NA,NA,NA,NA,NA,NA,NA,NA,CH,2,FALSE
BP-MT2-P12,Bauhinia pichinchensis,February 12 2026,XP221-OG,4,C,6,C6,1,1,0,5,NA,NA,NA,NA,NA,NA,NA,NA,NA,5,BP,2,FALSE
OP-MT6-P27,Ochroma pyramidale,May 27 2025,XP221-OG,4,C,7,C7,NA,NA,NA,NA,NA,NA,NA,NA,NA,NA,NA,NA,NA,NA,OP,6,FALSE
CP-MT3-P70,Carapa guianensis,May 27 2025,XP221-OG,4,C,8,C8,NA,NA,NA,NA,NA,NA,NA,NA,NA,NA,NA,NA,NA,NA,CP,3,FALSE
BG-MT2-P75,Banara guianensis,September 15 2025,XP221-OG,4,C,10,C10,13,4,0,0.5,0.5,10,5,NA,NA,NA,NA,NA,NA,0.5,BG,2,FALSE
MC-MT2-P72,Miconia conocuatrecasasii,September 15 2025,XP221-OG,4,C,11,C11,6,4,0,10,10,20,0.5,NA,NA,NA,NA,NA,NA,10,MC,2,FALSE
VB-MT1-P10,Vismia baccifera,September 15 2025,XP221-OG,4,C,13,C13,6,5,2,30,20,20,40,20,NA,NA,NA,NA,NA,25,VB,1,FALSE
PG-MT1-P74,Pouruma guianensis,February 12 2026,XP221-OG,4,C,14,C14,2,1,0,10,NA,NA,NA,NA,NA,NA,NA,NA,NA,2.5,PG,1,FALSE
DC-MT5-P14,Dacryodes cupularis,September 15 2025,XP221-OG,4,C,16,C16,NA,NA,NA,NA,NA,NA,NA,NA,NA,NA,NA,NA,NA,NA,DC,5,FALSE
VB-MT4-P11,Vismia baccifera,February 12 2026,XP221-OG,5,A,3,A3,NA,NA,NA,NA,NA,NA,NA,NA,NA,NA,NA,NA,NA,NA,VB,4,FALSE
CH-MT3-P84,Cecropia hispidissima,September 15 2025,XP221-OG,5,A,4,A4,NA,NA,NA,NA,NA,NA,NA,NA,NA,NA,NA,NA,NA,NA,CH,3,FALSE
AE-MT5-P2,Annona edulis,February 12 2026,XP221-OG,5,A,5,A5,NA,NA,NA,NA,NA,NA,NA,NA,NA,NA,NA,NA,NA,NA,AE,5,FALSE
BG-MT5-P28,Banara guianensis,September 15 2025,XP221-OG,5,A,8,A8,NA,NA,NA,NA,NA,NA,NA,NA,NA,NA,NA,NA,NA,NA,BG,5,FALSE
PG-MT1-P44,Pouruma guianensis,February 12 2026,XP221-OG,5,A,9,A9,NA,NA,NA,NA,NA,NA,NA,NA,NA,NA,NA,NA,NA,NA,PG,1,FALSE
CP-MT1-P3,Carapa guianensis,September 15 2025,XP221-OG,5,A,10,A10,NA,NA,NA,NA,NA,NA,NA,NA,NA,NA,NA,NA,NA,NA,CP,1,FALSE
EA-MT4-P49,Ecuadendron acosta-solisianum,February 12 2026,XP221-OG,5,A,11,A11,NA,NA,NA,NA,NA,NA,NA,NA,NA,NA,NA,NA,NA,NA,EA,4,FALSE
BP-MT3-P22,Bauhinia pichinchensis,February 12 2026,XP221-OG,5,A,12,A12,NA,NA,NA,NA,NA,NA,NA,NA,NA,NA,NA,NA,NA,NA,BP,3,FALSE
BU-MT5-P47,Brosimum utile,September 15 2025,XP221-OG,5,A,13,A13,NA,NA,NA,NA,NA,NA,NA,NA,NA,NA,NA,NA,NA,NA,BU,5,FALSE
DC-MT5-P27,Dacryodes cupularis,September 15 2025,XP221-OG,5,A,15,A15,NA,NA,NA,NA,NA,NA,NA,NA,NA,NA,NA,NA,NA,NA,DC,5,FALSE
PG-MT2-P13,Pouruma guianensis,February 12 2026,XP221-OG,5,B,4,B4,NA,NA,NA,NA,NA,NA,NA,NA,NA,NA,NA,NA,NA,NA,PG,2,FALSE
BP-MT3-P32,Bauhinia pichinchensis,February 12 2026,XP221-OG,5,B,5,B5,NA,NA,NA,NA,NA,NA,NA,NA,NA,NA,NA,NA,NA,NA,BP,3,FALSE
CH-MT5-P24,Cecropia hispidissima,September 15 2025,XP221-OG,5,B,6,B6,NA,NA,NA,NA,NA,NA,NA,NA,NA,NA,NA,NA,NA,NA,CH,5,FALSE
VB-MT2-P15,Vismia baccifera,February 12 2026,XP221-OG,5,B,9,B9,NA,NA,NA,NA,NA,NA,NA,NA,NA,NA,NA,NA,NA,NA,VB,2,FALSE
BG-MT2-P21,Banara guianensis,September 15 2025,XP221-OG,5,B,11,B11,NA,NA,NA,NA,NA,NA,NA,NA,NA,NA,NA,NA,NA,NA,BG,2,FALSE
DC-MT1-P34,Dacryodes cupularis,September 15 2025,XP221-OG,5,B,12,B12,NA,NA,NA,NA,NA,NA,NA,NA,NA,NA,NA,NA,NA,NA,DC,1,FALSE
AE-MT3-P2,Annona edulis,February 12 2026,XP221-OG,5,B,16,B16,NA,NA,NA,NA,NA,NA,NA,NA,NA,NA,NA,NA,NA,NA,AE,3,FALSE
BS-MT1-P96,Bactris setulosa,February 12 2026,XP221-OG,5,C,1,C1,NA,NA,NA,NA,NA,NA,NA,NA,NA,NA,NA,NA,NA,NA,BS,1,FALSE
VB-MT2-P4,Vismia baccifera,February 12 2026,XP221-OG,5,C,3,C3,NA,NA,NA,NA,NA,NA,NA,NA,NA,NA,NA,NA,NA,NA,VB,2,FALSE
IS-MT3-P97,Inga silanchensis,February 12 2026,XP221-OG,5,C,4,C4,NA,NA,NA,NA,NA,NA,NA,NA,NA,NA,NA,NA,NA,NA,IS,3,FALSE
EA-MT3-P69,Ecuadendron acosta-solisianum,February 12 2026,XP221-OG,5,C,8,C8,NA,NA,NA,NA,NA,NA,NA,NA,NA,NA,NA,NA,NA,NA,EA,3,FALSE
DC-MT2-P29,Dacryodes cupularis,September 15 2025,XP221-OG,5,C,10,C10,NA,NA,NA,NA,NA,NA,NA,NA,NA,NA,NA,NA,NA,NA,DC,2,FALSE
AE-MT5-P20,Annona edulis,February 12 2026,XP221-OG,5,C,11,C11,NA,NA,NA,NA,NA,NA,NA,NA,NA,NA,NA,NA,NA,NA,AE,5,FALSE
BP-MT4-P84,Bauhinia pichinchensis,February 12 2026,XP221-OG,5,C,13,C13,NA,NA,NA,NA,NA,NA,NA,NA,NA,NA,NA,NA,NA,NA,BP,4,FALSE
PG-MT2-P54,Pouruma guianensis,February 12 2026,XP221-OG,5,C,15,C15,NA,NA,NA,NA,NA,NA,NA,NA,NA,NA,NA,NA,NA,NA,PG,2,FALSE
BG-MT4-P69,Banara guianensis,September 15 2025,XP221-OG,5,C,16,C16,NA,NA,NA,NA,NA,NA,NA,NA,NA,NA,NA,NA,NA,NA,BG,4,FALSE
