,Unique_code,Species,Date_treelet_planted,Date_tree_Control,Date_mortality,Survival,Plot_ID,Subblock,Location,Tube,Block,First Height (cm),Second Height (cm),Diameter stem field,No. Leaves (H),DAP (cm),RDA (cm),No. leafleft (F),Second height stem 2 (cm),Diameter stem 2 (cm),DAP stem 2 (cm),RDA stem 2 (cm),Second height stem 3 (cm),Diameter stem 3 (cm),DAP stem 3 (cm),RDA stem 3  (cm),Distance to base,Angle to the base,Distance to the top,Angle to the top,Distance to base 2,Angle to the base 2,Distance to the top 2,Angle to the top 2,Second height stem 4 (cm),Diameter stem 4 (cm),DPA stem 4 (cm),RDA stem 4 (cm),Second height stem 5 (cm),Diameter stem 5 (cm),DPA stem 5 (cm),RDA stem 5 (cm),Second height stem 6 (cm),Diameter stem 6 (cm),DPA stem 6 (cm),RDA stem 6 (cm),Second height stem 7 (cm),Diameter stem 7 (cm),DPA stem 7 (cm),RDA stem 7 (cm),Second height stem 8 (cm),Diameter stem 8 (cm),DPA stem 8 (cm),RDA stem 8 (cm),NOTES
,CH-MT4-P29,Cecropia hispidissima,August 08 2025,February 25 2026,,0,XP201-PR,A,1,A1,1,38,65,0.8,3,,0.8,,,,,,,,,,,,,,,,,,,,,,,,,,,,,,,,,,,,,,
,PA-MT3-P12,Piper aduncum,March 18 2025,February 25 2026,,0,XP201-PR,A,2,A2,1,24,127,1.15,65,,1.15,,,,,,,,,,,,,,,,,,,,,,,,,,,,,,,,,,,,,,
,OP-MT9-P38,Ochroma pyramidale,March 18 2025,February 25 2026,,0,XP201-PR,A,3,A3,1,39,190,7,16,2.2,,,,,,,,,,,,,,,,,,,,,,,,,,,,,,,,,,,,,,,
,BG-MT5-P4,Bauhinia pichinchensis,January 21 2026,February 25 2026,,0,XP201-PR,A,4,A4,1,,14,0.2,1,,0.2,14,,,,,,,,,,,,,,,,,,,,,,,,,,,,,,,,,,,,,
,EA-MT5-P33,Ecuadendron acosta-solisianum,November 13 2025,February 25 2026,,0,XP201-PR,A,5,A5,1,30,36,0.8,6,,0.8,14,,,,,,,,,,,,,,,,,,,,,,,,,,,,,,,,,,,,,
,IS-MT2-P61,Inga silanchensis,March 18 2025,February 25 2026,,0,XP201-PR,A,7,A7,1,28,70,1.5,10,,1.5,41,,,,,,,,,,,,,,,,,,,,,,,,,,,,,,,,,,,,,
,AE-MT4-P24,Annona edulis,January 21 2026,February 25 2026,,0,XP201-PR,A,10,A10,1,,47,0.5,7,,0.5,,,,,,,,,,,,,,,,,,,,,,,,,,,,,,,,,,,,,,
,BS-MT5-P38,Bactris setulosa,November 13 2025,February 25 2026,,0,XP201-PR,A,11,A11,1,29,39,1.5,4,,1.5,,,,,,,,,,,,,,,,,,,,,,,,,,,,,,,,,,,,,,
,BU-MT1-P7,Brosimum utile,May 07 2025,February 25 2026,,0,XP201-PR,A,12,A12,1,26,58,1,10,,1,,,,,,,,,,,,,,,,,,,,,,,,,,,,,,,,,,,,,,
,VB-MT4-P16,Vismia baccifera,January 21 2026,February 25 2026,,0,XP201-PR,A,13,A13,1,,32,0.3,5,,0.3,,,,,,,,,,,,,,,,,,,,,,,,,,,,,,,,,,,,,,
,BG-MT1-P12,Banara guianensis,August 08 2025,February 25 2026,February 25 2026,1,XP201-PR,A,15,A15,1,51,,,,,0,,,,,,,,,,,,,,,,,,,,,,,,,,,,,,,,,,,,,,
,PG-MT5-P41,Pouruma guianensis,January 21 2026,February 25 2026,,0,XP201-PR,A,16,A16,1,,10,0.3,3,,0.3,,,,,,,,,,,,,,,,,,,,,,,,,,,,,,,,,,,,,,
,CP-MT3-P3,Carapa guianensis,May 07 2025,February 25 2026,,0,XP201-PR,B,1,B1,1,52,71,1.6,6,,1.6,61,,,,,,,,,,,,,,,,,,,,,,,,,,,,,,,,,,,,,
,PA-MT6-P102,Piper aduncum,January 21 2026,February 25 2026,,0,XP201-PR,B,2,B2,1,,47,0.5,4,,0.5,,,,,,,,,,,,,,,,,,,,,,,,,,,,,,,,,,,,,,
,IS-MT5-P2,Inga silanchensis,March 18 2025,February 25 2026,,0,XP201-PR,B,3,B3,1,26,42,1,7,,1,22,,,,,,,,,,,,,,,,,,,,,,,,,,,,,,,,,,,,,
,BU-MT1-P22,Brosimum utile,May 07 2025,February 25 2026,,0,XP201-PR,B,4,B4,1,25,81,0.6,7,,0.6,,,,,,,,,,,,,,,,,,,,,,,,,,,,,,,,,,,,,,
,CH-MT2-P11,Cecropia hispidissima,August 08 2025,February 25 2026,,0,XP201-PR,B,6,B6,1,22,63,1.4,6,,1.4,,,,,,,,,,,,,,,,,,,,,,,,,,,,,,,,,,,,,,
,OP-MT7-P13,Ochroma pyramidale,May 07 2025,February 25 2026,,0,XP201-PR,B,7,B7,1,70,410,19,17,6,,,,,,,,,,,4.6,-23.3,4.8,24.5,,,,,,,,,,,,,,,,,,,,,,,,,
,BP-MT1-P18,Bauhinia pichinchensis,January 21 2026,February 25 2026,,0,XP201-PR,B,8,B8,1,,21,0.6,2,,0.6,,,,,,,,,,,,,,,,,,,,,,,,,,,,,,,,,,,,,,
,AE-MT2-P17,Annona edulis,January 21 2026,February 25 2026,,0,XP201-PR,B,9,B9,1,,54,0.6,3,,0.6,,,,,,,,,,,,,,,,,,,,,,,,,,,,,,,,,,,,,,
,BS-MT6-P8,Bactris setulosa,August 08 2025,February 25 2026,,0,XP201-PR,B,10,B10,1,16,29,1.3,5,,1.3,,,,,,,,,,,,,,,,,,,,,,,,,,,,,,,,,,,,,,
,EA-MT1-P34,Ecuadendron acosta-solisianum,November 13 2025,February 25 2026,,0,XP201-PR,B,11,B11,1,29,35,0.5,6,,0.5,14,,,,,,,,,,,,,,,,,,,,,,,,,,,,,,,,,,,,,
,BG-MT3-P21,Banara guianensis,August 08 2025,February 25 2026,,0,XP201-PR,B,12,B12,1,63,150,1.7,52,0.5,,,,,,,,,,,,,,,,,,,,,,,,,,,,,,,,,,,,,,,
,VB-MT3-P20,Vismia baccifera,January 21 2026,February 25 2026,,0,XP201-PR,B,13,B13,1,,34,0.4,5,,0.4,,,,,,,,,,,,,,,,,,,,,,,,,,,,,,,,,,,,,,
,DC-MT5-P76,Dacryodes cupularis,January 21 2026,February 25 2026,,0,XP201-PR,B,14,B14,1,,30,0.5,2,,0.5,,,,,,,,,,,,,,,,,,,,,,,,,,,,,,,,,,,,,,
,PG-MT4-P89,Pouruma guianensis,January 21 2026,February 25 2026,,0,XP201-PR,B,15,B15,1,,18,0.4,3,,0.4,,,,,,,,,,,,,,,,,,,,,,,,,,,,,,,,,,,,,,
,AE-MT4-P27,Annona edulis,January 21 2026,February 25 2026,,0,XP201-PR,C,1,C1,1,,43,0.5,9,,0.5,,,,,,,,,,,,,,,,,,,,,,,,,,,,,,,,,,,,,,
,BG-MT4-P15,Banara guianensis,August 08 2025,February 25 2026,,0,XP201-PR,C,2,C2,1,61,118,1.25,77,,1.25,,,,,,,,,,,,,,,,,,,,,,,,,,,,,,,,,,,,,,
,DC-MT3-P29,Dacryodes cupularis,August 08 2025,February 25 2026,,0,XP201-PR,C,4,C4,1,25,35,0.6,4,,0.6,22,,,,,,,,,,,,,,,,,,,,,,,,,,,,,,,,,,,,,
,BS-MT7-P13,Bactris setulosa,August 08 2025,February 25 2026,,0,XP201-PR,C,5,C5,1,19,16,1.1,4,,1.1,,,,,,,,,,,,,,,,,,,,,,,,,,,,,,,,,,,,,,
,CH-MT4-P61,Cecropia hispidissima,August 08 2025,February 25 2026,,0,XP201-PR,C,6,C6,1,46,90,1.2,10,,1.2,,,,,,,,,,,,,,,,,,,,,,,,,,,,,,,,,,,,,,
,IS-MT4-P56,Inga silanchensis,May 07 2025,February 25 2026,,0,XP201-PR,C,7,C7,1,20,86,1.9,11,,1.9,61,,,,,,,,,,,,,,,,,,,,,,,,,,,,,,,,,,,,,
,PA-MT6-P30,Piper aduncum,May 07 2025,February 25 2026,,0,XP201-PR,C,8,C8,1,14,146,4,220,1.3,,,,,,,,,,,,,,,,,,,,,,,,,,,,,,,,,,,,,,,
,CP-MT1-P46,Carapa guianensis,August 08 2025,February 25 2026,,0,XP201-PR,C,9,C9,1,54,80,1.3,6,,1.3,27,,,,,,,,,,,,,,,,,,,,,,,,,,,,,,,,,,,,,
,VB-MT5-P12,Vismia baccifera,January 21 2026,February 25 2026,,0,XP201-PR,C,10,C10,1,,35,0.5,14,,0.5,,,,,,,,,,,,,,,,,,,,,,,,,,,,,,,,,,,,,,
,MC-MT1-P6,Miconia conocuatrecasasii,August 08 2025,February 25 2026,,0,XP201-PR,C,11,C11,1,22,35,0.9,11,,0.9,,,,,,,,,,,,,,,,,,,,,,,,,,,,,,,,,,,,,,
,BU-MT1-P20,Brosimum utile,November 13 2025,February 25 2026,,0,XP201-PR,C,12,C12,1,12,17,0.4,0,,0.4,,,,,,,,,,,,,,,,,,,,,,,,,,,,,,,,,,,,,,
,BP-MT2-P53,Bauhinia pichinchensis,January 21 2026,February 25 2026,February 25 2026,1,XP201-PR,C,13,C13,1,,,,,,0,,,,,,,,,,,,,,,,,,,,,,,,,,,,,,,,,,,,,,
,PG-MT3-P62,Pouruma guianensis,January 21 2026,February 25 2026,,0,XP201-PR,C,14,C14,1,,17,0.35,2,,0.35,,,,,,,,,,,,,,,,,,,,,,,,,,,,,,,,,,,,,,
,EA-MT5-P82,Ecuadendron acosta-solisianum,January 21 2026,February 25 2026,,0,XP201-PR,C,15,C15,1,,50,0.65,7,,0.65,13,,,,,,,,,,,,,,,,,,,,,,,,,,,,,,,,,,,,,
,BG-MT3-P75,Banara guianensis,August 08 2025,February 25 2026,,0,XP201-PR,A,1,A1,2,67,110,1.2,37,,1.2,,,,,,,,,,,,,,,,,,,,,,,,,,,,,,,,,,,,,,
,BS-MT5-P21,Bactris setulosa,August 08 2025,February 25 2026,,0,XP201-PR,A,2,A2,2,11,29,1.9,6,,1.9,,,,,,,,,,,,,,,,,,,,,,,,,,,,,,,,,,,,,,
,AE-MT5-P50,Annona edulis,January 21 2026,February 25 2026,,0,XP201-PR,A,3,A3,2,,48,0.5,6,,0.5,,,,,,,,,,,,,,,,,,,,,,,,,,,,,,,,,,,,,,
,DC-MT4-P10,Dacryodes cupularis,August 08 2025,February 25 2026,,0,XP201-PR,A,5,A5,2,25.5,31,0.7,3,,0.7,14,,,,,,,,,,,,,,,,,,,,,,,,,,,,,,,,,,,,,
,EA-MT4-P14,Ecuadendron acosta-solisianum,May 07 2025,February 25 2026,,0,XP201-PR,A,6,A6,2,49,65,1.4,0,,1.4,,,,,,,,,,,,,,,,,,,,,,,,,,,,,,,,,,,,,,
,OP-MT2-P7,Ochroma pyramidale,March 18 2025,February 25 2026,,0,XP201-PR,A,7,A7,2,37,450,11.5,21,3.7,,,,,,,,,,,5.1,-23.3,4.8,24.5,,,,,,,,,,,,,,,,,,,,,,,,,
,IS-MT3-P3,Inga silanchensis,March 18 2025,February 25 2026,,0,XP201-PR,A,8,A8,2,29,43,0.9,3,,0.9,11,,,,,,,,,,,,,,,,,,,,,,,,,,,,,,,,,,,,,
,PG-MT2-P69,Pouruma guianensis,January 21 2026,February 25 2026,February 25 2026,1,XP201-PR,A,9,A9,2,,,,,,0,,,,,,,,,,,,,,,,,,,,,,,,,,,,,,,,,,,,,,
,CH-MT3-P55,Cecropia hispidissima,August 08 2025,February 25 2026,,0,XP201-PR,A,10,A10,2,46,76,1,8,,1,,,,,,,,,,,,,,,,,,,,,,,,,,,,,,,,,,,,,,
,CP-MT4-P13,Carapa guianensis,May 07 2025,February 25 2026,,0,XP201-PR,A,11,A11,2,42,96,1.9,9,,1.9,49,,,,,,,,,,,,,,,,,,,,,,,,,,,,,,,,,,,,,
,VB-MT1-P28,Vismia baccifera,August 08 2025,February 25 2026,,0,XP201-PR,A,12,A12,2,35.5,78,0.9,55,,0.9,,,,,,,,,,,,,,,,,,,,,,,,,,,,,,,,,,,,,,
,BP-MT4-P31,Bauhinia pichinchensis,January 21 2026,February 25 2026,,0,XP201-PR,A,13,A13,2,,23,0.6,3,,0.6,,,,,,,,,,,,,,,,,,,,,,,,,,,,,,,,,,,,,,
,BU-MT1-P38,Brosimum utile,November 13 2025,February 25 2026,,0,XP201-PR,A,14,A14,2,38,35,0.7,9,,0.7,,,,,,,,,,,,,,,,,,,,,,,,,,,,,,,,,,,,,,
,DC-MT4-P20,Dacryodes cupularis,August 08 2025,February 25 2026,,0,XP201-PR,B,1,B1,2,22,26,0.7,3,,0.7,11,,,,,,,,,,,,,,,,,,,,,,,,,,,,,,,,,,,,,
,EA-MT5-P10,Ecuadendron acosta-solisianum,November 13 2025,February 25 2026,,0,XP201-PR,B,2,B2,2,39,49,0.8,7,,0.8,18,,,,,,,,,,,,,,,,,,,,,,,,,,,,,,,,,,,,,
,PG-MT3-P59,Pouruma guianensis,January 21 2026,February 25 2026,,0,XP201-PR,B,3,B3,2,,17,0.4,5,,0.4,,,,,,,,,,,,,,,,,,,,,,,,,,,,,,,,,,,,,,
,CP-MT2-P49,Carapa guianensis,May 07 2025,February 25 2026,,0,XP201-PR,B,4,B4,2,57,101,2.1,9,,2.1,53,,,,,,,,,,,,,,,,,,,,,,,,,,,,,,,,,,,,,
,BG-MT5-P14,Banara guianensis,August 08 2025,February 25 2026,,0,XP201-PR,B,5,B5,2,60,140,1.4,58,0.4,,,,,,,,,,,,,,,,,,,,,,,,,,,,,,,,,,,,,,,
,OP-MT6-P3,Ochroma pyramidale,May 07 2025,February 25 2026,August 08 2025,1,XP201-PR,B,6,B6,2,52,,,,,0,,,,,,,,,,,,,,,,,,,,,,,,,,,,,,,,,,,,,,
,OP-MT7-P4,Ochroma pyramidale,November 13 2025,February 25 2026,,0,XP201-PR,B,6,B6,2,80,85,1.3,9,,1.3,,,,,,,,,,,,,,,,,,,,,,,,,,,,,,,,,,,,,,
,BP-MT3-P42,Bauhinia pichinchensis,January 21 2026,February 25 2026,,0,XP201-PR,B,7,B7,2,,21,0.5,2,,0.5,,,,,,,,,,,,,,,,,,,,,,,,,,,,,,,,,,,,,,
,PA-MT6-P61,Piper aduncum,May 07 2025,February 25 2026,,0,XP201-PR,B,8,B8,2,15,148,2,308,,2,,131,1.6,,1.6,,,,,,,,,,,,,,,,,,,,,,,,,,,,,,,,,diameter was measured with vernier
,MC-MT1-P19,Miconia conocuatrecasasii,August 08 2025,February 25 2026,,0,XP201-PR,B,9,B9,2,19,40,0.9,14,,0.9,,,,,,,,,,,,,,,,,,,,,,,,,,,,,,,,,,,,,,
,IS-MT1-P5,Inga silanchensis,May 07 2025,February 25 2026,,0,XP201-PR,B,10,B10,2,32,70,1.6,6,,1.6,14,,,,,,,,,,,,,,,,,,,,,,,,,,,,,,,,,,,,,
,CH-MT5-P31,Cecropia hispidissima,August 08 2025,February 25 2026,,0,XP201-PR,B,12,B12,2,50,63,0.7,3,,0.7,,,,,,,,,,,,,,,,,,,,,,,,,,,,,,,,,,,,,,
,BS-MT6-P56,Bactris setulosa,November 13 2025,February 25 2026,,0,XP201-PR,B,13,B13,2,24,30,1.4,5,,1.4,,,,,,,,,,,,,,,,,,,,,,,,,,,,,,,,,,,,,,
,VB-MT2-P19,Vismia baccifera,January 21 2026,February 25 2026,,0,XP201-PR,B,14,B14,2,,41,0.4,9,,0.4,,,,,,,,,,,,,,,,,,,,,,,,,,,,,,,,,,,,,,
,BU-MT2-P1,Brosimum utile,August 08 2025,February 25 2026,,0,XP201-PR,B,15,B15,2,29,50,0.7,7,,0.7,,,,,,,,,,,,,,,,,,,,,,,,,,,,,,,,,,,,,,
,AE-MT2-P30,Annona edulis,January 21 2026,February 25 2026,,0,XP201-PR,B,16,B16,2,,31,0.5,6,,0.5,,,,,,,,,,,,,,,,,,,,,,,,,,,,,,,,,,,,,,
,BP-MT1-P7,Bauhinia pichinchensis,January 21 2026,February 25 2026,,0,XP201-PR,C,1,C1,2,,30,0.5,1,,0.5,,,,,,,,,,,,,,,,,,,,,,,,,,,,,,,,,,,,,,
,BG-MT1-P75,Banara guianensis,August 08 2025,February 25 2026,,0,XP201-PR,C,3,C3,2,62,20,0.6,2,,0.6,,,,,,,,,,,,,,,,,,,,,,,,,,,,,,,,,,,,,,
,PG-MT2-P16,Pouruma guianensis,January 21 2026,February 25 2026,,0,XP201-PR,C,4,C4,2,,15,0.3,4,,0.3,,,,,,,,,,,,,,,,,,,,,,,,,,,,,,,,,,,,,,
,IS-MT1-P57,Inga silanchensis,May 07 2025,February 25 2026,,0,XP201-PR,C,5,C5,2,16,35,0.7,6,,0.7,16,,,,,,,,,,,,,,,,,,,,,,,,,,,,,,,,,,,,,
,BU-MT3-P75,Brosimum utile,August 08 2025,February 25 2026,,0,XP201-PR,C,6,C6,2,30,33,0.6,2,,0.6,,,,,,,,,,,,,,,,,,,,,,,,,,,,,,,,,,,,,,
,DC-MT3-P51,Dacryodes cupularis,August 08 2025,February 25 2026,,0,XP201-PR,C,7,C7,2,21,20,0.7,2,,0.7,10,,,,,,,,,,,,,,,,,,,,,,,,,,,,,,,,,,,,,
,EA-MT5-P71,Ecuadendron acosta-solisianum,November 13 2025,February 25 2026,,0,XP201-PR,C,9,C9,2,44,56,1.2,7,,1.2,17,,,,,,,,,,,,,,,,,,,,,,,,,,,,,,,,,,,,,
,VB-MT2-P62,Vismia baccifera,January 21 2026,February 25 2026,,0,XP201-PR,C,10,C10,2,,15,0.2,4,,0.2,,,,,,,,,,,,,,,,,,,,,,,,,,,,,,,,,,,,,,
,OP-MT7-P2,Ochroma pyramidale,May 07 2025,February 25 2026,,0,XP201-PR,C,11,C11,2,58,470,6.5,22,2.1,,,,,,,,,,,4.5,-20.4,4.7,34,,,,,,,,,,,,,,,,,,,,,,,,,
,CH-MT1-P16,Cecropia hispidissima,May 07 2025,February 25 2026,August 08 2025,1,XP201-PR,C,12,C12,2,19,,,,,0,,,,,,,,,,,,,,,,,,,,,,,,,,,,,,,,,,,,,,
,CH-MT2-P60,Cecropia hispidissima,January 21 2026,February 25 2026,,0,XP201-PR,C,12,C12,2,,33,0.5,2,,0.5,,,,,,,,,,,,,,,,,,,,,,,,,,,,,,,,,,,,,,
,CP-MT5-P13,Carapa guianensis,August 08 2025,February 25 2026,,0,XP201-PR,C,13,C13,2,47,64,1.6,4,,1.6,18,,,,,,,,,,,,,,,,,,,,,,,,,,,,,,,,,,,,,
,AE-MT3-P48,Annona edulis,January 21 2026,February 25 2026,,0,XP201-PR,C,15,C15,2,,45,0.6,7,,0.6,,,,,,,,,,,,,,,,,,,,,,,,,,,,,,,,,,,,,,
,BS-MT5-P56,Bactris setulosa,November 13 2025,February 25 2026,,0,XP201-PR,C,16,C16,2,27,22,1.2,5,,1.2,,,,,,,,,,,,,,,,,,,,,,,,,,,,,,,,,,,,,,
,PG-MT1-P10,Pouruma guianensis,January 21 2026,February 25 2026,,0,XP201-PR,A,1,A1,3,,38,0.4,2,,0.4,,,,,,,,,,,,,,,,,,,,,,,,,,,,,,,,,,,,,,
,VB-MT5-P68,Vismia baccifera,January 21 2026,February 25 2026,,0,XP201-PR,A,2,A2,3,,39,0.3,14,,0.3,,,,,,,,,,,,,,,,,,,,,,,,,,,,,,,,,,,,,,
,DC-MT2-P21,Dacryodes cupularis,August 08 2025,February 25 2026,February 25 2026,1,XP201-PR,A,4,A4,3,12,,,,,0,,,,,,,,,,,,,,,,,,,,,,,,,,,,,,,,,,,,,,
,AE-MT3-P1,Annona edulis,January 21 2026,February 25 2026,,0,XP201-PR,A,5,A5,3,,31,0.5,7,,0.5,,,,,,,,,,,,,,,,,,,,,,,,,,,,,,,,,,,,,,
,MC-MT3-P46,Miconia conocuatrecasasii,August 08 2025,February 25 2026,,0,XP201-PR,A,7,A7,3,19,42,1.1,12,,1.1,,,,,,,,,,,,,,,,,,,,,,,,,,,,,,,,,,,,,,
,IS-MT2-P60,Inga silanchensis,March 18 2025,February 25 2026,,0,XP201-PR,A,8,A8,3,24,64,1.1,6,,1.1,21,,,,,,,,,,,,,,,,,,,,,,,,,,,,,,,,,,,,,
,OP-MT2-P45,Ochroma pyramidale,March 18 2025,February 25 2026,,0,XP201-PR,A,9,A9,3,46,420,10,16,3.2,,,,,,,,,,,4.6,-26.6,4.8,22.6,,,,,,,,,,,,,,,,,,,,,,,,,
,CH-MT1-P45,Cecropia hispidissima,May 07 2025,February 25 2026,February 25 2026,1,XP201-PR,A,10,A10,3,27,,,,,0,,,,,,,,,,,,,,,,,,,,,,,,,,,,,,,,,,,,,,
,EA-MT2-P16,Ecuadendron acosta-solisianum,May 07 2025,February 25 2026,,0,XP201-PR,A,11,A11,3,55,94,1.6,11,,1.6,48,,,,,,,,,,,,,,,,,,,,,,,,,,,,,,,,,,,,,
,CP-MT4-P23,Carapa guianensis,May 07 2025,February 25 2026,,0,XP201-PR,A,12,A12,3,43,94,1.6,6,,1.6,16,,,,,,,,,,,,,,,,,,,,,,,,,,,,,,,,,,,,,
,BG-MT5-P15,Banara guianensis,August 08 2025,February 25 2026,,0,XP201-PR,A,13,A13,3,41,42,1.1,12,,1.1,,,,,,,,,,,,,,,,,,,,,,,,,,,,,,,,,,,,,,
,BS-MT1-P46,Bactris setulosa,November 13 2025,February 25 2026,,0,XP201-PR,A,14,A14,3,32,22,1.3,3,,1.3,,,,,,,,,,,,,,,,,,,,,,,,,,,,,,,,,,,,,,
,BU-MT3-P13,Brosimum utile,January 21 2026,February 25 2026,,0,XP201-PR,A,15,A15,3,,25,0.4,1,,0.4,,,,,,,,,,,,,,,,,,,,,,,,,,,,,,,,,,,,,,
,BP-MT2-P31,Bauhinia pichinchensis,January 21 2026,February 25 2026,,0,XP201-PR,A,16,A16,3,,35,0.6,4,,0.6,,,,,,,,,,,,,,,,,,,,,,,,,,,,,,,,,,,,,,
,BU-MT4-P31,Brosimum utile,August 08 2025,February 25 2026,,0,XP201-PR,B,1,B1,3,33,35,0.4,5,,0.4,,,,,,,,,,,,,,,,,,,,,,,,,,,,,,,,,,,,,,
,BG-MT2-P39,Banara guianensis,August 08 2025,February 25 2026,,0,XP201-PR,B,2,B2,3,60,128,1.6,52,,1.6,,,,,,,,,,,,,,,,,,,,,,,,,,,,,,,,,,,,,,
,OP-MT8-P23,Ochroma pyramidale,May 07 2025,February 25 2026,,0,XP201-PR,B,3,B3,3,73,530,15,26,4.8,,,,,,,,,,,4.6,-23.1,4.9,36,,,,,,,,,,,,,,,,,,,,,,,,,
,BS-MT5-P81,Bactris setulosa,January 21 2026,February 25 2026,February 25 2026,1,XP201-PR,B,3,B3,3,,,,,,0,,,,,,,,,,,,,,,,,,,,,,,,,,,,,,,,,,,,,,
,IS-MT5-P14,Inga silanchensis,March 18 2025,February 25 2026,,0,XP201-PR,B,4,B4,3,27,43,1,9,,1,28,,,,,,,,,,,,,,,,,,,,,,,,,,,,,,,,,,,,,
,VB-MT3-P39,Vismia baccifera,January 21 2026,February 25 2026,,0,XP201-PR,B,6,B6,3,,58,0.5,12,,0.5,,,,,,,,,,,,,,,,,,,,,,,,,,,,,,,,,,,,,,
,PG-MT2-P39,Pouruma guianensis,January 21 2026,February 25 2026,,0,XP201-PR,B,7,B7,3,,20,0.3,4,,0.3,,,,,,,,,,,,,,,,,,,,,,,,,,,,,,,,,,,,,,
,EA-MT2-P60,Ecuadendron acosta-solisianum,May 07 2025,February 25 2026,,0,XP201-PR,B,8,B8,3,38,75,1.3,10,,1.3,29,,,,,,,,,,,,,,,,,,,,,,,,,,,,,,,,,,,,,
,MC-MT2-P4,Miconia conocuatrecasasii,August 08 2025,February 25 2026,,0,XP201-PR,B,9,B9,3,20,52,0.8,18,,0.8,,,,,,,,,,,,,,,,,,,,,,,,,,,,,,,,,,,,,,
,CP-MT1-P36,Carapa guianensis,August 08 2025,February 25 2026,,0,XP201-PR,B,11,B11,3,47,72,1.6,5,,1.6,24,,,,,,,,,,,,,,,,,,,,,,,,,,,,,,,,,,,,,
,AE-MT5-P51,Annona edulis,January 21 2026,February 25 2026,,0,XP201-PR,B,12,B12,3,,29,0.5,6,,0.5,,,,,,,,,,,,,,,,,,,,,,,,,,,,,,,,,,,,,,
,BP-MT1-P19,Bauhinia pichinchensis,January 21 2026,February 25 2026,February 25 2026,1,XP201-PR,B,13,B13,3,,,,,,0,,,,,,,,,,,,,,,,,,,,,,,,,,,,,,,,,,,,,,
,PA-MT7-P48,Piper aduncum,August 08 2025,February 25 2026,,0,XP201-PR,B,14,B14,3,33,51,1,15,,1,,,,,,,,,,,,,,,,,,,,,,,,,,,,,,,,,,,,,,
,CH-MT2-P76,Cecropia hispidissima,August 08 2025,February 25 2026,,0,XP201-PR,B,15,B15,3,26,104,1.3,4,,1.3,,,,,,,,,,,,,,,,,,,,,,,,,,,,,,,,,,,,,,
,DC-MT1-P3,Dacryodes cupularis,August 08 2025,February 25 2026,February 25 2026,1,XP201-PR,B,16,B16,3,25,,,,,0,,,,,,,,,,,,,,,,,,,,,,,,,,,,,,,,,,,,,,
,EA-MT2-P33,Ecuadendron acosta-solisianum,January 21 2026,February 25 2026,,0,XP201-PR,C,1,C1,3,,84,1.3,7,,1.3,14,,,,,,,,,,,,,,,,,,,,,,,,,,,,,,,,,,,,,
,DC-MT5-P71,Dacryodes cupularis,August 08 2025,February 25 2026,,0,XP201-PR,C,4,C4,3,27,35,0.7,6,,0.7,18,,,,,,,,,,,,,,,,,,,,,,,,,,,,,,,,,,,,,
,BG-MT3-P15,Banara guianensis,August 08 2025,February 25 2026,,0,XP201-PR,C,5,C5,3,58,140,1.3,55,0.4,,,,,,,,,,,,,,,,,,,,,,,,,,,,,,,,,,,,,,,
,PA-MT3-P38,Piper aduncum,November 13 2025,February 25 2026,,0,XP201-PR,C,6,C6,3,24,50,0.7,15,,0.7,,,,,,,,,,,,,,,,,,,,,,,,,,,,,,,,,,,,,,
,BP-MT2-P59,Bauhinia pichinchensis,January 21 2026,February 25 2026,,0,XP201-PR,C,7,C7,3,,17,0.4,2,,0.4,,,,,,,,,,,,,,,,,,,,,,,,,,,,,,,,,,,,,,
,BU-MT3-P31,Brosimum utile,August 08 2025,February 25 2026,,0,XP201-PR,C,8,C8,3,30,50,0.8,6,,0.8,,,,,,,,,,,,,,,,,,,,,,,,,,,,,,,,,,,,,,
,CP-MT5-P6,Carapa guianensis,August 08 2025,February 25 2026,November 13 2025,1,XP201-PR,C,9,C9,3,52,,,,,0,,,,,,,,,,,,,,,,,,,,,,,,,,,,,,,,,,,,,,
,CP-MT5-P6,Carapa guianensis,January 21 2026,February 25 2026,,0,XP201-PR,C,9,C9,3,,65,1.7,5,,1.7,16,,,,,,,,,,,,,,,,,,,,,,,,,,,,,,,,,,,,,
,PG-MT5-P62,Pouruma guianensis,January 21 2026,February 25 2026,,0,XP201-PR,C,11,C11,3,,20,0.4,4,,0.4,,,,,,,,,,,,,,,,,,,,,,,,,,,,,,,,,,,,,,
,IS-MT4-P8,Inga silanchensis,May 07 2025,February 25 2026,,0,XP201-PR,C,12,C12,3,28,76,1.1,10,,1.1,33,,,,,,,,,,,,,,,,,,,,,,,,,,,,,,,,,,,,,
,CH-MT3-P59,Cecropia hispidissima,August 08 2025,February 25 2026,,0,XP201-PR,C,13,C13,3,48,94,1.8,7,,1.8,,,,,,,,,,,,,,,,,,,,,,,,,,,,,,,,,,,,,,
,BS-MT7-P48,Bactris setulosa,November 13 2025,February 25 2026,,0,XP201-PR,C,14,C14,3,38,18,1.1,4,,1.1,,,,,,,,,,,,,,,,,,,,,,,,,,,,,,,,,,,,,,
,AE-MT1-P65,Annona edulis,January 21 2026,February 25 2026,,0,XP201-PR,C,15,C15,3,,52,0.6,4,,0.6,,,,,,,,,,,,,,,,,,,,,,,,,,,,,,,,,,,,,,
,VB-MT2-P100,Vismia baccifera,January 21 2026,February 25 2026,,0,XP201-PR,C,16,C16,3,,22,0.3,5,,0.3,,,,,,,,,,,,,,,,,,,,,,,,,,,,,,,,,,,,,,
,PA-MT3-P52,Piper aduncum,March 18 2025,February 25 2026,,0,XP201-PR,A,1,A1,4,28,198,5,170,1.6,,,178,4,1.3,,,,,,,,,,,,,,,,,,,,,,,,,,,,,,,,,,
,BP-MT3-P61,Bauhinia pichinchensis,January 21 2026,February 25 2026,,0,XP201-PR,A,2,A2,4,,16,0.4,1,,0.4,,,,,,,,,,,,,,,,,,,,,,,,,,,,,,,,,,,,,,
,BS-MT1-P4,Bactris setulosa,August 08 2025,February 25 2026,,0,XP201-PR,A,3,A3,4,20,16,0.8,5,,0.8,,,,,,,,,,,,,,,,,,,,,,,,,,,,,,,,,,,,,,
,AE-MT4-P9,Annona edulis,January 21 2026,February 25 2026,,0,XP201-PR,A,4,A4,4,,48,0.6,6,,0.6,,,,,,,,,,,,,,,,,,,,,,,,,,,,,,,,,,,,,,
,IS-MT3-P55,Inga silanchensis,March 18 2025,February 25 2026,,0,XP201-PR,A,5,A5,4,26,66,1.6,9,,1.6,31,,,,,,,,,,,,,,,,,,,,,,,,,,,,,,,,,,,,,
,CP-MT3-P35,Carapa guianensis,May 07 2025,February 25 2026,,0,XP201-PR,A,6,A6,4,53,63,1.4,5,,1.4,25,,,,,,,,,,,,,,,,,,,,,,,,,,,,,,,,,,,,,
,BU-MT5-P27,Brosimum utile,August 08 2025,February 25 2026,,0,XP201-PR,A,7,A7,4,33,50,0.8,8,,0.8,,,,,,,,,,,,,,,,,,,,,,,,,,,,,,,,,,,,,,
,PG-MT4-P60,Pouruma guianensis,January 21 2026,February 25 2026,,0,XP201-PR,A,8,A8,4,,13,0.4,3,,0.4,,,,,,,,,,,,,,,,,,,,,,,,,,,,,,,,,,,,,,
,EA-MT5-P20,Ecuadendron acosta-solisianum,November 13 2025,February 25 2026,,0,XP201-PR,A,9,A9,4,41,49,0.6,6,,0.6,16,,,,,,,,,,,,,,,,,,,,,,,,,,,,,,,,,,,,,
,BG-MT2-P50,Banara guianensis,August 08 2025,February 25 2026,,0,XP201-PR,A,10,A10,4,54,132,1.7,87,,1.7,,,,,,,,,,,,,,,,,,,,,,,,,,,,,,,,,,,,,,
,OP-MT9-P9,Ochroma pyramidale,March 18 2025,February 25 2026,,0,XP201-PR,A,12,A12,4,62,540,35,45,11.1,,,,,,,,,,,4.7,-23.1,4.9,36,,,,,,,,,,,,,,,,,,,,,,,,,
,CH-MT4-P10,Cecropia hispidissima,August 08 2025,February 25 2026,,0,XP201-PR,A,14,A14,4,44,87,1.1,4,,1.1,,,,,,,,,,,,,,,,,,,,,,,,,,,,,,,,,,,,,,
,VB-MT5-P9,Vismia baccifera,January 21 2026,February 25 2026,,0,XP201-PR,A,15,A15,4,,41,0.4,12,,0.4,,,,,,,,,,,,,,,,,,,,,,,,,,,,,,,,,,,,,,
,DC-MT1-P66,Dacryodes cupularis,August 08 2025,February 25 2026,,0,XP201-PR,A,16,A16,4,33,36,0.6,6,,0.6,22,,,,,,,,,,,,,,,,,,,,,,,,,,,,,,,,,,,,,
,BU-MT5-P10,Brosimum utile,August 08 2025,February 25 2026,,0,XP201-PR,B,1,B1,4,28,40,0.7,8,,0.7,,,,,,,,,,,,,,,,,,,,,,,,,,,,,,,,,,,,,,
,VB-MT1-P15,Vismia baccifera,August 08 2025,February 25 2026,,0,XP201-PR,B,2,B2,4,32,80,1.3,36,,1.3,,,,,,,,,,,,,,,,,,,,,,,,,,,,,,,,,,,,,,
,CP-MT2-P66,Carapa guianensis,May 07 2025,February 25 2026,,0,XP201-PR,B,3,B3,4,50,31,0.9,3,,0.9,12,,,,,,,,,,,,,,,,,,,,,,,,,,,,,,,,,,,,,
,BG-MT4-P59,Banara guianensis,August 08 2025,February 25 2026,,0,XP201-PR,B,4,B4,4,64,150,1.4,87,0.4,,,,,,,,,,,,,,,,,,,,,,,,,,,,,,,,,,,,,,,
,BS-MT5-P68,Bactris setulosa,November 13 2025,February 25 2026,,0,XP201-PR,B,6,B6,4,27,15,1.3,4,,1.3,,,,,,,,,,,,,,,,,,,,,,,,,,,,,,,,,,,,,,
,DC-MT5-P75,Dacryodes cupularis,January 21 2026,February 25 2026,,0,XP201-PR,B,7,B7,4,,10,0.5,0,,0.5,,,,,,,,,,,,,,,,,,,,,,,,,,,,,,,,,,,,,,
,CH-MT5-P60,Cecropia hispidissima,August 08 2025,February 25 2026,,0,XP201-PR,B,9,B9,4,45,82,1.5,7,,1.5,,,,,,,,,,,,,,,,,,,,,,,,,,,,,,,,,,,,,,
,OP-MT6-P50,Ochroma pyramidale,May 07 2025,February 25 2026,,0,XP201-PR,B,10,B10,4,80,1250,31,39,9.9,,,,,,,,,,,4.5,-15.6,8.1,68.2,,,,,,,,,,,,,,,,,,,,,,,,,
,EA-MT2-P61,Ecuadendron acosta-solisianum,January 21 2026,February 25 2026,,0,XP201-PR,B,11,B11,4,,73,1.1,4,,1.1,7,,,,,,,,,,,,,,,,,,,,,,,,,,,,,,,,,,,,,
,PG-MT1-P11,Pouruma guianensis,January 21 2026,February 25 2026,,0,XP201-PR,B,12,B12,4,,18,1.4,3,,1.4,,,,,,,,,,,,,,,,,,,,,,,,,,,,,,,,,,,,,,
,BP-MT4-P54,Bauhinia pichinchensis,January 21 2026,February 25 2026,,0,XP201-PR,B,13,B13,4,,17,0.4,2,,0.4,,,,,,,,,,,,,,,,,,,,,,,,,,,,,,,,,,,,,,
,MC-MT3-P65,Miconia conocuatrecasasii,August 08 2025,February 25 2026,,0,XP201-PR,B,14,B14,4,17,44,0.7,7,,0.7,,,,,,,,,,,,,,,,,,,,,,,,,,,,,,,,,,,,,,
,AE-MT2-P14,Annona edulis,January 21 2026,February 25 2026,,0,XP201-PR,B,15,B15,4,,57,0.5,8,,0.5,,,,,,,,,,,,,,,,,,,,,,,,,,,,,,,,,,,,,,
,IS-MT2-P12,Inga silanchensis,November 13 2025,February 25 2026,,0,XP201-PR,B,16,B16,4,25,18,0.5,3,,0.5,6,,,,,,,,,,,,,,,,,,,,,,,,,,,,,,,,,,,,,
,OP-MT8-P55,Ochroma pyramidale,May 07 2025,February 25 2026,,0,XP201-PR,C,1,C1,4,68,890,14,24,4.5,,,,,,,,,,,4.8,-33.7,4.6,49.8,,,,,,,,,,,,,,,,,,,,,,,,,
,PG-MT1-P35,Pouruma guianensis,January 21 2026,February 25 2026,,0,XP201-PR,C,2,C2,4,,34,0.4,3,,0.4,,,,,,,,,,,,,,,,,,,,,,,,,,,,,,,,,,,,,,
,PA-MT7-P36,Piper aduncum,August 08 2025,February 25 2026,,0,XP201-PR,C,3,C3,4,36,19,0.6,2,,0.6,,,,,,,,,,,,,,,,,,,,,,,,,,,,,,,,,,,,,,
,BS-MT5-P69,Bactris setulosa,November 13 2025,February 25 2026,February 25 2026,1,XP201-PR,C,4,C4,4,10,,,,,0,,,,,,,,,,,,,,,,,,,,,,,,,,,,,,,,,,,,,,
,BU-MT4-P12,Brosimum utile,August 08 2025,February 25 2026,November 13 2025,1,XP201-PR,C,5,C5,4,29,,,,,0,,,,,,,,,,,,,,,,,,,,,,,,,,,,,,,,,,,,,,
,BU-MT3-P84,Brosimum utile,January 21 2026,February 25 2026,,0,XP201-PR,C,5,C5,4,,25,0.5,4,,0.5,,,,,,,,,,,,,,,,,,,,,,,,,,,,,,,,,,,,,,
,BP-MT4-P83,Bauhinia pichinchensis,January 21 2026,February 25 2026,,0,XP201-PR,C,6,C6,4,,35,0.6,3,,0.6,,,,,,,,,,,,,,,,,,,,,,,,,,,,,,,,,,,,,,
,MC-MT2-P50,Miconia conocuatrecasasii,August 08 2025,February 25 2026,,0,XP201-PR,C,7,C7,4,24,40,0.8,11,,0.8,,,,,,,,,,,,,,,,,,,,,,,,,,,,,,,,,,,,,,
,CH-MT5-P85,Cecropia hispidissima,January 21 2026,February 25 2026,,0,XP201-PR,C,8,C8,4,,63,0.6,4,,0.6,,,,,,,,,,,,,,,,,,,,,,,,,,,,,,,,,,,,,,
,BG-MT1-P66,Banara guianensis,August 08 2025,February 25 2026,,0,XP201-PR,C,9,C9,4,52,128,1.5,131,,1.5,,,,,,,,,,,,,,,,,,,,,,,,,,,,,,,,,,,,,,
,IS-MT3-P49,Inga silanchensis,November 13 2025,February 25 2026,,0,XP201-PR,C,11,C11,4,32,41,1.1,6,,1.1,29,,,,,,,,,,,,,,,,,,,,,,,,,,,,,,,,,,,,,
,EA-MT5-P21,Ecuadendron acosta-solisianum,November 13 2025,February 25 2026,,0,XP201-PR,C,12,C12,4,32,36,0.9,7,,0.9,18,,,,,,,,,,,,,,,,,,,,,,,,,,,,,,,,,,,,,
,CP-MT3-P60,Carapa guianensis,January 21 2026,February 25 2026,,0,XP201-PR,C,13,C13,4,,57,1.3,3,,1.3,8,,,,,,,,,,,,,,,,,,,,,,,,,,,,,,,,,,,,,
,DC-MT5-P45,Dacryodes cupularis,August 08 2025,February 25 2026,November 13 2025,1,XP201-PR,C,14,C14,4,18,,,,,0,,,,,,,,,,,,,,,,,,,,,,,,,,,,,,,,,,,,,,
,AE-MT1-P100,Annona edulis,January 21 2026,February 25 2026,,0,XP201-PR,C,15,C15,4,,45,0.7,5,,0.7,,,,,,,,,,,,,,,,,,,,,,,,,,,,,,,,,,,,,,
,VB-MT2-P63,Vismia baccifera,January 21 2026,February 25 2026,,0,XP201-PR,C,16,C16,4,,20,0.3,4,,0.3,,,,,,,,,,,,,,,,,,,,,,,,,,,,,,,,,,,,,,
,CH-MT3-P63,Cecropia hispidissima,September 05 2025,February 26 2026,,0,XP202-PR,A,4,A4,1,50,73,1.6,10,,1.6,,,,,,,,,,,,,,,,,,,,,,,,,,,,,,,,,,,,,,
,BG-MT5-P27,Banara guianensis,September 05 2025,February 26 2026,December 3 2025,1,XP202-PR,A,5,A5,1,56,,,,,0,,,,,,,,,,,,,,,,,,,,,,,,,,,,,,,,,,,,,,
,BG-MT1-P62,Banara guianensis,,February 26 2026,,0,XP202-PR,A,5,A5,1,,56,1.6,13,,1.6,,,,,,,,,,,,,,,,,,,,,,,,,,,,,,,,,,,,,,
,AE-MT5-P44,Annona edulis,,February 26 2026,,0,XP202-PR,A,6,A6,1,,48,0.5,5,,0.5,,,,,,,,,,,,,,,,,,,,,,,,,,,,,,,,,,,,,,
,PG-MT3-P24,Pouruma guianensis,,February 26 2026,,0,XP202-PR,A,7,A7,1,,19,0.35,4,,0.35,,,,,,,,,,,,,,,,,,,,,,,,,,,,,,,,,,,,,,
,PA-MT3-P58,Piper aduncum,March 20 2025,February 26 2026,,0,XP202-PR,A,8,A8,1,23.5,92,1.7,84,,1.7,,15,0.7,,0.7,,,,,,,,,,,,,,,,,,,,,,,,,,,,,,,,,
,EA-MT1-P50,Ecuadendron acosta-solisianum,December 3 2025,February 26 2026,,0,XP202-PR,A,9,A9,1,43,48,0.7,4,,0.7,9,,,,,,,,,,,,,,,,,,,,,,,,,,,,,,,,,,,,,
,BP-MT3-P23,Bauhinia pichinchensis,,February 26 2026,,0,XP202-PR,A,10,A10,1,,25,0.4,2,,0.4,,,,,,,,,,,,,,,,,,,,,,,,,,,,,,,,,,,,,,
,IS-MT5-P54,Inga silanchensis,March 20 2025,February 26 2026,,0,XP202-PR,A,11,A11,1,19,44,1.4,9,,1.4,34,,,,,,,,,,,,,,,,,,,,,,,,,,,,,,,,,,,,,
,OP-MT6-P48,Ochroma pyramidale,May 09 2025,February 26 2026,,0,XP202-PR,A,12,A12,1,71,218,11,49,3.5,,,,,,,,,,,,,,,,,,,,,,,,,,,,,,,,,,,,,,,
,CP-MT1-P55,Carapa guianensis,September 05 2025,February 26 2026,,0,XP202-PR,A,13,A13,1,43,45,1.1,3,,1.1,16,,,,,,,,,,,,,,,,,,,,,,,,,,,,,,,,,,,,,
,VB-MT1-P36,Vismia baccifera,September 05 2025,February 26 2026,December 3 2025,1,XP202-PR,A,14,A14,1,34,,,,,0,,,,,,,,,,,,,,,,,,,,,,,,,,,,,,,,,,,,,,
,VB-MT1-P35,Vismia baccifera,,February 26 2026,,0,XP202-PR,A,14,A14,1,,27,0.5,8,,0.5,,,,,,,,,,,,,,,,,,,,,,,,,,,,,,,,,,,,,,
,BS-MT1-P72,Bactris setulosa,December 3 2025,February 26 2026,,0,XP202-PR,A,15,A15,1,25,22,1.2,4,,1.2,,,,,,,,,,,,,,,,,,,,,,,,,,,,,,,,,,,,,,
,BU-MT4-P56,Brosimum utile,September 05 2025,February 26 2026,,0,XP202-PR,A,16,A16,1,32,35,0.6,5,,0.6,,,,,,,,,,,,,,,,,,,,,,,,,,,,,,,,,,,,,,
,AE-MT3-P60,Annona edulis,,February 26 2026,,0,XP202-PR,B,1,B1,1,,36,0.5,5,,0.5,,,,,,,,,,,,,,,,,,,,,,,,,,,,,,,,,,,,,,
,CH-MT4-P76,Cecropia hispidissima,September 05 2025,February 26 2026,,0,XP202-PR,B,2,B2,1,40,54,0.7,6,,0.7,,,,,,,,,,,,,,,,,,,,,,,,,,,,,,,,,,,,,,
,PG-MT5-P55,Pouruma guianensis,,February 26 2026,,0,XP202-PR,B,4,B4,1,,21,0.3,1,,0.3,,,,,,,,,,,,,,,,,,,,,,,,,,,,,,,,,,,,,,
,BP-MT5-P22,Bauhinia pichinchensis,,February 26 2026,,0,XP202-PR,B,5,B5,1,,32,0.4,2,,0.4,,,,,,,,,,,,,,,,,,,,,,,,,,,,,,,,,,,,,,
,EA-MT4-P2,Ecuadendron acosta-solisianum,May 09 2025,February 26 2026,,0,XP202-PR,B,7,B7,1,47,30,1.6,3,,1.6,5,,,,,,,,,,,,,,,,,,,,,,,,,,,,,,,,,,,,,
,BS-MT6-P65,Bactris setulosa,December 3 2025,February 26 2026,,0,XP202-PR,B,8,B8,1,25,25,1.2,3,,1.2,,,,,,,,,,,,,,,,,,,,,,,,,,,,,,,,,,,,,,
,DC-MT5-P31,Dacryodes cupularis,September 05 2025,February 26 2026,,0,XP202-PR,B,9,B9,1,34,33,0.8,3,,0.8,5,,,,,,,,,,,,,,,,,,,,,,,,,,,,,,,,,,,,,
,VB-MT3-P50,Vismia baccifera,,February 26 2026,,0,XP202-PR,B,10,B10,1,,42,0.4,10,,0.4,,,,,,,,,,,,,,,,,,,,,,,,,,,,,,,,,,,,,,
,BG-MT2-P27,Banara guianensis,September 05 2025,February 26 2026,,0,XP202-PR,B,11,B11,1,60,36,0.55,23,,0.55,,,,,,,,,,,,,,,,,,,,,,,,,,,,,,,,,,,,,,
,IS-MT4-P17,Inga silanchensis,May 09 2025,February 26 2026,,0,XP202-PR,B,12,B12,1,16,17,0.6,2,,0.6,4,,,,,,,,,,,,,,,,,,,,,,,,,,,,,,,,,,,,,
,BU-MT3-P19,Brosimum utile,September 05 2025,February 26 2026,December 3 2025,1,XP202-PR,B,16,B16,1,18,,,,,0,,,,,,,,,,,,,,,,,,,,,,,,,,,,,,,,,,,,,,
,BU-MT3-P34,Brosimum utile,,February 26 2026,,0,XP202-PR,B,16,B16,1,,37,0.6,5,,0.6,,,,,,,,,,,,,,,,,,,,,,,,,,,,,,,,,,,,,,
,IS-MT4-P51,Inga silanchensis,May 09 2025,February 26 2026,,0,XP202-PR,C,2,C2,1,12,29,0.6,4,,0.6,10,,,,,,,,,,,,,,,,,,,,,,,,,,,,,,,,,,,,,
,CP-MT3-P52,Carapa guianensis,May 09 2025,February 26 2026,,0,XP202-PR,C,3,C3,1,30,35,1.1,3,,1.1,10,,,,,,,,,,,,,,,,,,,,,,,,,,,,,,,,,,,,,
,DC-MT4-P29,Dacryodes cupularis,September 05 2025,February 26 2026,,0,XP202-PR,C,4,C4,1,19,,,,,0,,,,,,,,,,,,,,,,,,,,,,,,,,,,,,,,,,,,,,
,MC-MT3-P28,Miconia conocuatrecasasii,September 05 2025,February 26 2026,,0,XP202-PR,C,5,C5,1,19,30,0.6,17,,0.6,,,,,,,,,,,,,,,,,,,,,,,,,,,,,,,,,,,,,,
,AE-MT1-P64,Annona edulis,,February 26 2026,,0,XP202-PR,C,6,C6,1,,45,0.4,5,,0.4,,,,,,,,,,,,,,,,,,,,,,,,,,,,,,,,,,,,,,
,BP-MT1-P83,Bauhinia pichinchensis,,February 26 2026,,0,XP202-PR,C,7,C7,1,,23,0.4,1,,0.4,,,,,,,,,,,,,,,,,,,,,,,,,,,,,,,,,,,,,,
,BU-MT1-P10,Brosimum utile,May 09 2025,February 26 2026,,0,XP202-PR,C,8,C8,1,50,39,0.5,3,,0.5,,,,,,,,,,,,,,,,,,,,,,,,,,,,,,,,,,,,,,
,PG-MT4-P65,Pouruma guianensis,,February 26 2026,,0,XP202-PR,C,9,C9,1,,19,0.3,4,,0.3,,,,,,,,,,,,,,,,,,,,,,,,,,,,,,,,,,,,,,
,VB-MT4-P48,Vismia baccifera,,February 26 2026,,0,XP202-PR,C,10,C10,1,,32,0.3,20,,0.3,,,,,,,,,,,,,,,,,,,,,,,,,,,,,,,,,,,,,,
,EA-MT1-P1,Ecuadendron acosta-solisianum,December 3 2025,February 26 2026,,0,XP202-PR,C,11,C11,1,50,41,0.7,7,,0.7,10,,,,,,,,,,,,,,,,,,,,,,,,,,,,,,,,,,,,,
,OP-MT7-P54,Ochroma pyramidale,May 09 2025,February 26 2026,,0,XP202-PR,C,12,C12,1,67,510,23,13,7.3,,,,,,,,,,,4.7,-32.6,4.6,24,,,,,,,,,,,,,,,,,,,,,,,,,
,BS-MT1-P16,Bactris setulosa,September 05 2025,February 26 2026,,0,XP202-PR,C,13,C13,1,22,17,0.5,1,,0.5,,,,,,,,,,,,,,,,,,,,,,,,,,,,,,,,,,,,,,
,CH-MT2-P64,Cecropia hispidissima,September 05 2025,February 26 2026,,0,XP202-PR,C,14,C14,1,20,59,1.2,10,,1.2,,,,,,,,,,,,,,,,,,,,,,,,,,,,,,,,,,,,,,
,BG-MT1-P95,Banara guianensis,September 05 2025,February 26 2026,December 3 2025,1,XP202-PR,C,15,C15,1,54,,,,,0,,,,,,,,,,,,,,,,,,,,,,,,,,,,,,,,,,,,,,
,BG-MT1-P24,Banara guianensis,,February 26 2026,,0,XP202-PR,C,15,C15,1,,56,0.55,10,,0.55,,,,,,,,,,,,,,,,,,,,,,,,,,,,,,,,,,,,,,
,PA-MT6-P28,Piper aduncum,December 3 2025,February 26 2026,,0,XP202-PR,C,16,C16,1,42,40,0.5,8,,0.5,,,,,,,,,,,,,,,,,,,,,,,,,,,,,,,,,,,,,,
,IS-MT2-P80,Inga silanchensis,March 20 2025,February 26 2026,,0,XP202-PR,A,1,A1,2,27,128,2.7,15,,2.7,81,,,,,,,,,,,,,,,,,,,,,,,,,,,,,,,,,,,,,
,AE-MT4-P98,Annona edulis,,February 26 2026,,0,XP202-PR,A,2,A2,2,,42,0.5,6,,0.5,,,,,,,,,,,,,,,,,,,,,,,,,,,,,,,,,,,,,,
,PA-MT7-P55,Piper aduncum,,February 26 2026,,0,XP202-PR,A,4,A4,2,,45,0.5,2,,0.5,,,,,,,,,,,,,,,,,,,,,,,,,,,,,,,,,,,,,,
,DC-MT3-P2,Dacryodes cupularis,September 05 2025,February 26 2026,,0,XP202-PR,A,5,A5,2,37,,,,,0,,,,,,,,,,,,,,,,,,,,,,,,,,,,,,,,,,,,,,
,CP-MT1-P42,Carapa guianensis,September 05 2025,February 26 2026,,0,XP202-PR,A,6,A6,2,160,80,1.75,8,,1.75,32,,,,,,,,,,,,,,,,,,,,,,,,,,,,,,,,,,,,,
,MC-MT1-P71,Miconia conocuatrecasasii,September 05 2025,February 26 2026,,0,XP202-PR,A,7,A7,2,22,36,0.7,21,,0.7,,,,,,,,,,,,,,,,,,,,,,,,,,,,,,,,,,,,,,
,VB-MT4-P5,Vismia baccifera,,February 26 2026,,0,XP202-PR,A,8,A8,2,,12,0.4,25,,0.4,,,,,,,,,,,,,,,,,,,,,,,,,,,,,,,,,,,,,,
,BU-MT3-P39,Brosimum utile,September 05 2025,February 26 2026,,0,XP202-PR,A,9,A9,2,38,53,0.6,7,,0.6,,,,,,,,,,,,,,,,,,,,,,,,,,,,,,,,,,,,,,
,BG-MT3-P36,Banara guianensis,September 05 2025,February 26 2026,,0,XP202-PR,A,10,A10,2,66,113,1.5,87,,1.5,,,,,,,,,,,,,,,,,,,,,,,,,,,,,,,,,,,,,,
,EA-MT3-P3,Ecuadendron acosta-solisianum,May 09 2025,February 26 2026,,0,XP202-PR,A,11,A11,2,22,83,1.5,8,,1.5,31,,,,,,,,,,,,,,,,,,,,,,,,,,,,,,,,,,,,,
,CH-MT5-P17,Cecropia hispidissima,September 05 2025,February 26 2026,,0,XP202-PR,A,12,A12,2,49,130,2.1,8,,2.1,,,,,,,,,,,,,,,,,,,,,,,,,,,,,,,,,,,,,,
,PG-MT2-P44,Pouruma guianensis,,February 26 2026,,0,XP202-PR,A,14,A14,2,,15,0.4,1,,0.4,,,,,,,,,,,,,,,,,,,,,,,,,,,,,,,,,,,,,,
,BS-MT6-P31,Bactris setulosa,September 05 2025,February 26 2026,February 26 2026,1,XP202-PR,A,15,A15,2,23,,,,,0,,,,,,,,,,,,,,,,,,,,,,,,,,,,,,,,,,,,,,
,BP-MT2-P75,Bauhinia pichinchensis,,February 26 2026,,0,XP202-PR,A,16,A16,2,,28,0.3,2,,0.3,,,,,,,,,,,,,,,,,,,,,,,,,,,,,,,,,,,,,,check code
,DC-MT1-P29,Dacryodes cupularis,September 05 2025,February 26 2026,,0,XP202-PR,B,1,B1,2,40,32,0.7,2,,0.7,8,,,,,,,,,,,,,,,,,,,,,,,,,,,,,,,,,,,,,
,CP-MT3-P24,Carapa guianensis,May 09 2025,February 26 2026,,0,XP202-PR,B,3,B3,2,50,103,2.2,8,,2.2,37,,,,,,,,,,,,,,,,,,,,,,,,,,,,,,,,,,,,,
,VB-MT4-P24,Vismia baccifera,,February 26 2026,,0,XP202-PR,B,4,B4,2,,21,0.4,22,,0.4,,,,,,,,,,,,,,,,,,,,,,,,,,,,,,,,,,,,,,
,BS-MT7-P45,Bactris setulosa,December 3 2025,February 26 2026,,0,XP202-PR,B,5,B5,2,25,9,0.9,1,,0.9,,,,,,,,,,,,,,,,,,,,,,,,,,,,,,,,,,,,,,
,CH-MT4-P81,Cecropia hispidissima,September 05 2025,February 26 2026,,0,XP202-PR,B,6,B6,2,48,84,1.2,6,,1.2,,,,,,,,,,,,,,,,,,,,,,,,,,,,,,,,,,,,,,
,OP-MT6-P23,Ochroma pyramidale,May 09 2025,February 26 2026,,0,XP202-PR,B,7,B7,2,68,800,43,87,13.7,,,,,,,,,,,6.7,-11,9.9,44.8,,,,,,,,,,,,,,,,,,,,,,,,,
,BP-MT4-P95,Bauhinia pichinchensis,,February 26 2026,,0,XP202-PR,B,8,B8,2,,20,0.6,7,,0.6,,,,,,,,,,,,,,,,,,,,,,,,,,,,,,,,,,,,,,
,AE-MT1-P22,Annona edulis,,February 26 2026,,0,XP202-PR,B,9,B9,2,,31,0.4,11,,0.4,,,,,,,,,,,,,,,,,,,,,,,,,,,,,,,,,,,,,,
,BG-MT4-P28,Banara guianensis,September 05 2025,February 26 2026,,0,XP202-PR,B,11,B11,2,67,110,1.4,58,,1.4,,,,,,,,,,,,,,,,,,,,,,,,,,,,,,,,,,,,,,
,IS-MT5-P19,Inga silanchensis,March 20 2025,February 26 2026,,0,XP202-PR,B,12,B12,2,25,50,1.3,7,,1.3,25,,,,,,,,,,,,,,,,,,,,,,,,,,,,,,,,,,,,,
,EA-MT5-P52,Ecuadendron acosta-solisianum,December 3 2025,February 26 2026,,0,XP202-PR,B,13,B13,2,57,60,1.15,6,,1.15,14,,,,,,,,,,,,,,,,,,,,,,,,,,,,,,,,,,,,,
,BU-MT5-P2,Brosimum utile,September 05 2025,February 26 2026,,0,XP202-PR,B,14,B14,2,33,46,0.65,6,,0.65,,,,,,,,,,,,,,,,,,,,,,,,,,,,,,,,,,,,,,
,PA-MT7-P23,Piper aduncum,September 05 2025,February 26 2026,,0,XP202-PR,B,15,B15,2,38,74,0.55,24,,0.55,33,0.5,,,,,,,,,,,,,,,,,,,,,,,,,,,,,,,,,,,,
,PG-MT2-P26,Pouruma guianensis,,February 26 2026,,0,XP202-PR,B,16,B16,2,,18,0.4,5,,0.4,,,,,,,,,,,,,,,,,,,,,,,,,,,,,,,,,,,,,,
,BP-MT2-P77,Bauhinia pichinchensis,,February 26 2026,,0,XP202-PR,C,2,C2,2,,6,0.4,0,,0.4,,,,,,,,,,,,,,,,,,,,,,,,,,,,,,,,,,,,,,
,PG-MT1-P80,Pouruma guianensis,,February 26 2026,,0,XP202-PR,C,3,C3,2,,37,0.4,4,,0.4,,,,,,,,,,,,,,,,,,,,,,,,,,,,,,,,,,,,,,
,IS-MT1-P64,Inga silanchensis,May 09 2025,February 26 2026,,0,XP202-PR,C,4,C4,2,15,37,0.7,5,,0.7,18,,,,,,,,,,,,,,,,,,,,,,,,,,,,,,,,,,,,,
,BS-MT7-P28,Bactris setulosa,December 3 2025,February 26 2026,,0,XP202-PR,C,5,C5,2,25,17,,,,0,,,,,,,,,,,,,,,,,,,,,,,,,,,,,,,,,,,,,,
,DC-MT3-P62,Dacryodes cupularis,,February 26 2026,,0,XP202-PR,C,6,C6,2,,30,0.6,4,,0.6,17,,,,,,,,,,,,,,,,,,,,,,,,,,,,,,,,,,,,,
,BU-MT5-P20,Brosimum utile,September 05 2025,February 26 2026,,0,XP202-PR,C,7,C7,2,39,47,0.8,9,,0.8,,,,,,,,,,,,,,,,,,,,,,,,,,,,,,,,,,,,,,
,CH-MT4-P87,Cecropia hispidissima,September 05 2025,February 26 2026,,0,XP202-PR,C,8,C8,2,46,103,1.7,8,,1.7,,,,,,,,,,,,,,,,,,,,,,,,,,,,,,,,,,,,,,
,OP-MT8-P26,Ochroma pyramidale,May 09 2025,February 26 2026,,0,XP202-PR,C,9,C9,2,33,500,22,75,7,,,,,,,,,,,4.6,-13.1,5.4,40.5,,,,,,,,,,,,,,,,,,,,,,,,,
,CP-MT4-P10,Carapa guianensis,May 09 2025,February 26 2026,,0,XP202-PR,C,10,C10,2,47,137,14,7,4.5,,42,,,,,,,,,,,,,,,,,,,,,,,,,,,,,,,,,,,,,
,VB-MT3-P46,Vismia baccifera,,February 26 2026,,0,XP202-PR,C,11,C11,2,,53,0.5,31,,0.5,,,,,,,,,,,,,,,,,,,,,,,,,,,,,,,,,,,,,,
,EA-MT4-P57,Ecuadendron acosta-solisianum,,February 26 2026,,0,XP202-PR,C,13,C13,2,,67,0.9,8,,0.9,14,,,,,,,,,,,,,,,,,,,,,,,,,,,,,,,,,,,,,check code
,BG-MT1-P3,Banara guianensis,September 05 2025,February 26 2026,,0,XP202-PR,C,15,C15,2,50,125,1.9,68,,1.9,,,,,,,,,,,,,,,,,,,,,,,,,,,,,,,,,,,,,,
,AE-MT5-P64,Annona edulis,,February 26 2026,,0,XP202-PR,C,16,C16,2,,40,0.6,7,,0.6,,,,,,,,,,,,,,,,,,,,,,,,,,,,,,,,,,,,,,
,AE-MT3-P53,Annona edulis,,February 26 2026,,0,XP202-PR,A,1,A1,3,,45,0.5,7,,0.5,,,,,,,,,,,,,,,,,,,,,,,,,,,,,,,,,,,,,,
,PA-MT3-P17,Piper aduncum,March 20 2025,February 26 2026,,0,XP202-PR,A,2,A2,3,35,163,4.5,325,1.4,,,180,0.5,0.2,,164,5,1.6,,,,,,,,,,,,,,,,,,,,,,,,,,,,,,
,OP-MT9-P64,Ochroma pyramidale,March 20 2025,February 26 2026,,0,XP202-PR,A,3,A3,3,48,660,28.5,48,9.1,,,,,,,,,,,5.8,-28.5,5,30.8,,,,,,,,,,,,,,,,,,,,,,,,,
,DC-MT2-P9,Dacryodes cupularis,September 05 2025,February 26 2026,,0,XP202-PR,A,4,A4,3,29,30,0.7,6,,0.7,15,,,,,,,,,,,,,,,,,,,,,,,,,,,,,,,,,,,,,
,VB-MT4-P44,Vismia baccifera,,February 26 2026,,0,XP202-PR,A,5,A5,3,,93,0.3,6,,0.3,,,,,,,,,,,,,,,,,,,,,,,,,,,,,,,,,,,,,,
,IS-MT3-P10,Inga silanchensis,March 20 2025,February 26 2026,,0,XP202-PR,A,6,A6,3,24.5,96,1.9,18,,1.9,68,,,,,,,,,,,,,,,,,,,,,,,,,,,,,,,,,,,,,
,CH-MT1-P38,Cecropia hispidissima,May 09 2025,February 26 2026,February 26 2026,1,XP202-PR,A,7,A7,3,13,,,,,0,,,,,,,,,,,,,,,,,,,,,,,,,,,,,,,,,,,,,,
,BU-MT2-P45,Brosimum utile,September 05 2025,February 26 2026,February 26 2026,1,XP202-PR,A,8,A8,3,20,,,,,0,,,,,,,,,,,,,,,,,,,,,,,,,,,,,,,,,,,,,,
,MC-MT2-P65,Miconia conocuatrecasasii,September 05 2025,February 26 2026,,0,XP202-PR,A,9,A9,3,22,51,0.9,13,,0.9,,,,,,,,,,,,,,,,,,,,,,,,,,,,,,,,,,,,,,
,CP-MT2-P28,Carapa guianensis,May 09 2025,February 26 2026,,0,XP202-PR,A,10,A10,3,60,62,1.3,3,,1.3,10,,,,,,,,,,,,,,,,,,,,,,,,,,,,,,,,,,,,,
,BS-MT6-P52,Bactris setulosa,December 3 2025,February 26 2026,,0,XP202-PR,A,11,A11,3,26,26,1.4,3,,1.4,,,,,,,,,,,,,,,,,,,,,,,,,,,,,,,,,,,,,,
,PG-MT3-P55,Pouruma guianensis,,February 26 2026,,0,XP202-PR,A,13,A13,3,,22,0.4,5,,0.4,,,,,,,,,,,,,,,,,,,,,,,,,,,,,,,,,,,,,,
,BP-MT4-P82,Bauhinia pichinchensis,,February 26 2026,,0,XP202-PR,A,14,A14,3,,20,0.5,3,,0.5,,,,,,,,,,,,,,,,,,,,,,,,,,,,,,,,,,,,,,
,BG-MT3-P43,Banara guianensis,September 05 2025,February 26 2026,,0,XP202-PR,A,15,A15,3,77,130,1.4,65,,1.4,,,,,,,,,,,,,,,,,,,,,,,,,,,,,,,,,,,,,,
,EA-MT5-P7,Ecuadendron acosta-solisianum,December 3 2025,February 26 2026,,0,XP202-PR,A,16,A16,3,64,68,1,7,,1,21,,,,,,,,,,,,,,,,,,,,,,,,,,,,,,,,,,,,,
,VB-MT3-P18,Vismia baccifera,,February 26 2026,,0,XP202-PR,B,2,B2,3,,42,0.4,16,,0.4,,,,,,,,,,,,,,,,,,,,,,,,,,,,,,,,,,,,,,
,AE-MT4-P61,Annona edulis,,February 26 2026,,0,XP202-PR,B,3,B3,3,,37,0.4,4,,0.4,,,,,,,,,,,,,,,,,,,,,,,,,,,,,,,,,,,,,,
,PG-MT3-P31,Pouruma guianensis,,February 26 2026,,0,XP202-PR,B,4,B4,3,,19,0.4,4,,0.4,,,,,,,,,,,,,,,,,,,,,,,,,,,,,,,,,,,,,,
,CH-MT5-P3,Cecropia hispidissima,September 05 2025,February 26 2026,,0,XP202-PR,B,5,B5,3,53,98,2,9,,2,,,,,,,,,,,,,,,,,,,,,,,,,,,,,,,,,,,,,,
,BG-MT3-P59,Banara guianensis,September 05 2025,February 26 2026,,0,XP202-PR,B,6,B6,3,55,55,0.6,21,,0.6,,,,,,,,,,,,,,,,,,,,,,,,,,,,,,,,,,,,,,
,PA-MT6-P60,Piper aduncum,May 09 2025,February 26 2026,,0,XP202-PR,B,7,B7,3,15,90,1.9,101,,1.9,,73,1.7,,1.7,62,0.9,,0.9,,,,,,,,,,,,,,,,,,,,,,,,,,,,,
,IS-MT1-P19,Inga silanchensis,May 09 2025,February 26 2026,,0,XP202-PR,B,8,B8,3,22,29,0.9,5,,0.9,19,,,,,,,,,,,,,,,,,,,,,,,,,,,,,,,,,,,,,
,BS-MT5-P10,Bactris setulosa,September 05 2025,February 26 2026,,0,XP202-PR,B,9,B9,3,20,25,1.3,4,,1.3,,,,,,,,,,,,,,,,,,,,,,,,,,,,,,,,,,,,,,
,MC-MT1-P28,Miconia conocuatrecasasii,September 05 2025,February 26 2026,,0,XP202-PR,B,10,B10,3,24,43,1.3,18,,1.3,,,,,,,,,,,,,,,,,,,,,,,,,,,,,,,,,,,,,,
,OP-MT2-P6,Ochroma pyramidale,March 20 2025,February 26 2026,,0,XP202-PR,B,11,B11,3,45,1100,35,47,11.1,,,,,,,,,,,6,-23.4,8.5,54.5,,,,,,,,,,,,,,,,,,,,,,,,,
,BP-MT1-P1,Bauhinia pichinchensis,,February 26 2026,,0,XP202-PR,B,12,B12,3,,20,0.5,2,,0.5,,,,,,,,,,,,,,,,,,,,,,,,,,,,,,,,,,,,,,
,DC-MT4-P18,Dacryodes cupularis,September 05 2025,February 26 2026,,0,XP202-PR,B,13,B13,3,22,19,0.6,1,,0.6,,,,,,,,,,,,,,,,,,,,,,,,,,,,,,,,,,,,,,
,CP-MT5-P14,Carapa guianensis,September 05 2025,February 26 2026,,0,XP202-PR,B,14,B14,3,60,70,1.7,6,,1.7,34,,,,,,,,,,,,,,,,,,,,,,,,,,,,,,,,,,,,,
,BU-MT4-P19,Brosimum utile,September 05 2025,February 26 2026,,0,XP202-PR,B,15,B15,3,33,37,0.6,1,,0.6,,,,,,,,,,,,,,,,,,,,,,,,,,,,,,,,,,,,,,
,EA-MT5-P55,Ecuadendron acosta-solisianum,December 3 2025,February 26 2026,,0,XP202-PR,B,16,B16,3,50,50,1.1,5,,1.1,17,,,,,,,,,,,,,,,,,,,,,,,,,,,,,,,,,,,,,
,EA-MT3-P68,Ecuadendron acosta-solisianum,,February 26 2026,February 26 2026,1,XP202-PR,C,1,C1,3,,,,,,0,,,,,,,,,,,,,,,,,,,,,,,,,,,,,,,,,,,,,,
,DC-MT3-P50,Dacryodes cupularis,September 05 2025,February 26 2026,,0,XP202-PR,C,2,C2,3,34,37,0.9,4,,0.9,15,,,,,,,,,,,,,,,,,,,,,,,,,,,,,,,,,,,,,
,CH-MT2-P10,Cecropia hispidissima,September 05 2025,February 26 2026,December 3 2025,1,XP202-PR,C,3,C3,3,29,,,,,0,,,,,,,,,,,,,,,,,,,,,,,,,,,,,,,,,,,,,,
,CH-MT3-81,Cecropia hispidissima,,February 26 2026,,0,XP202-PR,C,3,C3,3,,56,0.7,2,,0.7,,,,,,,,,,,,,,,,,,,,,,,,,,,,,,,,,,,,,,
,CP-MT4-P5,Carapa guianensis,May 09 2025,February 26 2026,,0,XP202-PR,C,5,C5,3,20,47,1.7,6,,1.7,27,,,,,,,,,,,,,,,,,,,,,,,,,,,,,,,,,,,,,
,VB-MT4-P20,Vismia baccifera,,February 26 2026,,0,XP202-PR,C,6,C6,3,,14,0.5,45,,0.5,,,,,,,,,,,,,,,,,,,,,,,,,,,,,,,,,,,,,,
,BG-MT4-P18,Banara guianensis,September 05 2025,February 26 2026,February 26 2026,1,XP202-PR,C,7,C7,3,66,,,,,0,,,,,,,,,,,,,,,,,,,,,,,,,,,,,,,,,,,,,,
,OP-MT8-P29,Ochroma pyramidale,May 09 2025,February 26 2026,,0,XP202-PR,C,8,C8,3,50,440,13.5,26,4.3,,,,,,,,,,,5.1,-8.9,5.5,35.4,,,,,,,,,,,,,,,,,,,,,,,,,
,BU-MT1-P1,Brosimum utile,May 09 2025,February 26 2026,,0,XP202-PR,C,9,C9,3,22,26,0.5,3,,0.5,,,,,,,,,,,,,,,,,,,,,,,,,,,,,,,,,,,,,,
,BP-MT2-P65,Bauhinia pichinchensis,,February 26 2026,,0,XP202-PR,C,10,C10,3,,17,0.4,2,,0.4,,,,,,,,,,,,,,,,,,,,,,,,,,,,,,,,,,,,,,
,AE-MT5-P33,Annona edulis,,February 26 2026,,0,XP202-PR,C,11,C11,3,,36,0.45,4,,0.45,,,,,,,,,,,,,,,,,,,,,,,,,,,,,,,,,,,,,,
,IS-MT5-P38,Inga silanchensis,December 3 2025,February 26 2026,February 26 2026,1,XP202-PR,C,12,C12,3,10,,,,,0,,,,,,,,,,,,,,,,,,,,,,,,,,,,,,,,,,,,,,
,BS-MT6-P41,Bactris setulosa,December 3 2025,February 26 2026,,0,XP202-PR,C,13,C13,3,30,30,1.3,2,,1.3,,,,,,,,,,,,,,,,,,,,,,,,,,,,,,,,,,,,,,
,PG-MT4-P30,Pouruma guianensis,,February 26 2026,,0,XP202-PR,C,15,C15,3,,18,0.3,4,,0.3,,,,,,,,,,,,,,,,,,,,,,,,,,,,,,,,,,,,,,
,IS-MT3-P71,Inga silanchensis,March 20 2025,February 26 2026,,0,XP202-PR,A,1,A1,4,13,55,1.4,8,,1.4,40,,,,,,,,,,,,,,,,,,,,,,,,,,,,,,,,,,,,,
,DC-MT5-P18,Dacryodes cupularis,September 05 2025,February 26 2026,December 3 2025,1,XP202-PR,A,2,A2,4,40,,,,,0,,,,,,,,,,,,,,,,,,,,,,,,,,,,,,,,,,,,,,
,OP-MT9-P74,Ochroma pyramidale,March 20 2025,February 26 2026,,0,XP202-PR,A,3,A3,4,53.5,300,36.5,54,11.6,,,,,,,,,,,4.6,-17.8,6.4,18.5,,,,,,,,,,,,,,,,,,,,,,,,,
,CP-MT5-P25,Carapa guianensis,September 05 2025,February 26 2026,,0,XP202-PR,A,4,A4,4,52,,1.1,3,,1.1,15,,,,,,,,,,,,,,,,,,,,,,,,,,,,,,,,,,,,,
,BS-MT5-P71,Bactris setulosa,December 3 2025,February 26 2026,,0,XP202-PR,A,5,A5,4,22,23,1,1,,1,,,,,,,,,,,,,,,,,,,,,,,,,,,,,,,,,,,,,,
,AE-MT1-P9,Annona edulis,,February 26 2026,,0,XP202-PR,A,7,A7,4,,37,0.35,4,,0.35,,,,,,,,,,,,,,,,,,,,,,,,,,,,,,,,,,,,,,
,EA-MT2-P62,Ecuadendron acosta-solisianum,,February 26 2026,,0,XP202-PR,A,8,A8,4,,31,0.6,3,,0.6,6,,,,,,,,,,,,,,,,,,,,,,,,,,,,,,,,,,,,,
,PG-MT2-P66,Pouruma guianensis,,February 26 2026,,0,XP202-PR,A,9,A9,4,,12,0.3,2,,0.3,,,,,,,,,,,,,,,,,,,,,,,,,,,,,,,,,,,,,,
,MC-MT1-P60,Miconia conocuatrecasasii,September 05 2025,February 26 2026,,0,XP202-PR,A,10,A10,4,28,73,1.4,19,,1.4,,,,,,,,,,,,,,,,,,,,,,,,,,,,,,,,,,,,,,
,CH-MT3-P62,Cecropia hispidissima,September 05 2025,February 26 2026,,0,XP202-PR,A,11,A11,4,48,97,2,11,,2,,,,,,,,,,,,,,,,,,,,,,,,,,,,,,,,,,,,,,
,BU-MT4-P9,Brosimum utile,September 05 2025,February 26 2026,,0,XP202-PR,A,12,A12,4,37,42,0.6,6,,0.6,,,,,,,,,,,,,,,,,,,,,,,,,,,,,,,,,,,,,,
,BP-MT1-P36,Bauhinia pichinchensis,,February 26 2026,,0,XP202-PR,A,13,A13,4,,21,0.4,2,,0.4,,,,,,,,,,,,,,,,,,,,,,,,,,,,,,,,,,,,,,
,BG-MT2-P77,Banara guianensis,September 05 2025,February 26 2026,,0,XP202-PR,A,14,A14,4,40,102,1.4,72,,1.4,,,,,,,,,,,,,,,,,,,,,,,,,,,,,,,,,,,,,,
,VB-MT1-P26,Vismia baccifera,September 05 2025,February 26 2026,,0,XP202-PR,A,15,A15,4,15,103,2.9,245,,2.9,,,,,,,,,,,,,,,,,,,,,,,,,,,,,,,,,,,,,,
,OP-MT2-P56,Ochroma pyramidale,March 20 2025,February 26 2026,,0,XP202-PR,B,1,B1,4,25,750,30,40,9.5,,,,,,,,,,,5.3,-9.4,7,51.3,,,,,,,,,,,,,,,,,,,,,,,,,
,BS-MT7-P14,Bactris setulosa,September 05 2025,February 26 2026,,0,XP202-PR,B,2,B2,4,14,15,0.4,3,,0.4,,,,,,,,,,,,,,,,,,,,,,,,,,,,,,,,,,,,,,
,MC-MT3-P57,Miconia conocuatrecasasii,September 05 2025,February 26 2026,,0,XP202-PR,B,3,B3,4,16,29,0.4,12,,0.4,,,,,,,,,,,,,,,,,,,,,,,,,,,,,,,,,,,,,,
,IS-MT2-P89,Inga silanchensis,March 20 2025,February 26 2026,,0,XP202-PR,B,4,B4,4,32.5,69,1.4,37,,1.4,,,,,,,,,,,,,,,,,,,,,,,,,,,,,,,,,,,,,,
,PA-MT7-P34,Piper aduncum,September 05 2025,February 26 2026,,0,XP202-PR,B,5,B5,4,32,84,1.5,51,,1.5,55,0.9,,,,,,,,,,,,,,,,,,,,,,,,,,,,,,,,,,,,
,AE-MT3-P35,Annona edulis,,February 26 2026,,0,XP202-PR,B,6,B6,4,,34,0.4,2,,0.4,,,,,,,,,,,,,,,,,,,,,,,,,,,,,,,,,,,,,,
,PG-MT4-P62,Pouruma guianensis,,February 26 2026,,0,XP202-PR,B,7,B7,4,,21,0.4,4,,0.4,,,,,,,,,,,,,,,,,,,,,,,,,,,,,,,,,,,,,,
,EA-MT2-P19,Ecuadendron acosta-solisianum,May 09 2025,February 26 2026,,0,XP202-PR,B,8,B8,4,33,81,1.6,16,,1.6,50,,,,,,,,,,,,,,,,,,,,,,,,,,,,,,,,,,,,,
,DC-MT5-P68,Dacryodes cupularis,,February 26 2026,,0,XP202-PR,B,9,B9,4,,8,0.5,3,,0.5,7,,,,,,,,,,,,,,,,,,,,,,,,,,,,,,,,,,,,,
,VB-MT4-P72,Vismia baccifera,,February 26 2026,,0,XP202-PR,B,10,B10,4,,25,0.3,21,,0.3,,,,,,,,,,,,,,,,,,,,,,,,,,,,,,,,,,,,,,
,CH-MT3-P70,Cecropia hispidissima,September 05 2025,February 26 2026,,0,XP202-PR,B,12,B12,4,41,92,1.6,9,,1.6,,,,,,,,,,,,,,,,,,,,,,,,,,,,,,,,,,,,,,
,BG-MT5-P7,Banara guianensis,September 05 2025,February 26 2026,,0,XP202-PR,B,13,B13,4,53,104,2.4,111,,2.4,,,,,,,,,,,,,,,,,,,,,,,,,,,,,,,,,,,,,,
,BU-MT3-P32,Brosimum utile,September 05 2025,February 26 2026,February 26 2026,1,XP202-PR,B,14,B14,4,28,,,,,0,,,,,,,,,,,,,,,,,,,,,,,,,,,,,,,,,,,,,,
,BP-MT4-P27,Bauhinia pichinchensis,,February 26 2026,,0,XP202-PR,B,15,B15,4,,31,3,0.4,,3,,,,,,,,,,,,,,,,,,,,,,,,,,,,,,,,,,,,,,
,CP-MT2-P20,Carapa guianensis,,February 26 2026,,0,XP202-PR,B,16,B16,4,,70,1.1,3,,1.1,10,,,,,,,,,,,,,,,,,,,,,,,,,,,,,,,,,,,,,
,CH-MT1-P44,Cecropia hispidissima,May 09 2025,February 26 2026,February 26 2026,1,XP202-PR,C,1,C1,4,7,,,,,0,,,,,,,,,,,,,,,,,,,,,,,,,,,,,,,,,,,,,,
,BS-MT5-P13,Bactris setulosa,September 05 2025,February 26 2026,,0,XP202-PR,C,2,C2,4,38,,1.5,6,,1.5,,,,,,,,,,,,,,,,,,,,,,,,,,,,,,,,,,,,,,
,BP-MT3-P35,Bauhinia pichinchensis,,February 26 2026,,0,XP202-PR,C,3,C3,4,,8,0.4,0,,0.4,,,,,,,,,,,,,,,,,,,,,,,,,,,,,,,,,,,,,,
,CP-MT2-P11,Carapa guianensis,May 09 2025,February 26 2026,,0,XP202-PR,C,4,C4,4,55,95,2.3,7,,2.3,57,,,,,,,,,,,,,,,,,,,,,,,,,,,,,,,,,,,,,
,VB-MT4-P21,Vismia baccifera,,February 26 2026,,0,XP202-PR,C,5,C5,4,,44,0.4,6,,0.4,,,,,,,,,,,,,,,,,,,,,,,,,,,,,,,,,,,,,,
,EA-MT1-P70,Ecuadendron acosta-solisianum,December 3 2025,February 26 2026,,0,XP202-PR,C,6,C6,4,34,36,0.9,5,,0.9,11,,,,,,,,,,,,,,,,,,,,,,,,,,,,,,,,,,,,,
,BG-MT1-P67,Banara guianensis,September 05 2025,February 26 2026,,0,XP202-PR,C,7,C7,4,61,100,1.3,50,,1.3,,,,,,,,,,,,,,,,,,,,,,,,,,,,,,,,,,,,,,
,PG-MT5-P24,Pouruma guianensis,,February 26 2026,,0,XP202-PR,C,8,C8,4,,22,0.3,3,,0.3,,,,,,,,,,,,,,,,,,,,,,,,,,,,,,,,,,,,,,
,BU-MT2-P51,Brosimum utile,September 05 2025,February 26 2026,,0,XP202-PR,C,9,C9,4,35,41,0.7,5,,0.7,,,,,,,,,,,,,,,,,,,,,,,,,,,,,,,,,,,,,,
,PA-MT6-P3,Piper aduncum,May 09 2025,February 26 2026,,0,XP202-PR,C,11,C11,4,20,39,2.1,118,,2.1,,146,1.4,0.4,,104,1.3,0.4,,,,,,,,,,,,,,,,,,,,,,,,,,,,,,
,OP-MT7-P41,Ochroma pyramidale,May 09 2025,February 26 2026,,0,XP202-PR,C,12,C12,4,67,490,17,27,5.4,,,,,,,,,,,4.6,-20.8,5.1,34.3,,,,,,,,,,,,,,,,,,,,,,,,,
,DC-MT1-P27,Dacryodes cupularis,September 05 2025,February 26 2026,December 3 2025,1,XP202-PR,C,13,C13,4,6,,,,,0,,,,,,,,,,,,,,,,,,,,,,,,,,,,,,,,,,,,,,
,IS-MT5-P57,Inga silanchensis,December 3 2025,February 26 2026,,0,XP202-PR,C,14,C14,4,34,36,0.9,4,,0.9,12,,,,,,,,,,,,,,,,,,,,,,,,,,,,,,,,,,,,,
,MC-MT2-P8,Miconia conocuatrecasasii,September 05 2025,February 26 2026,,0,XP202-PR,C,15,C15,4,27,61,1.2,16,,1.2,,,,,,,,,,,,,,,,,,,,,,,,,,,,,,,,,,,,,,
,AE-MT5-P67,Annona edulis,,February 26 2026,,0,XP202-PR,C,16,C16,4,,35,0.4,6,,0.4,,,,,,,,,,,,,,,,,,,,,,,,,,,,,,,,,,,,,,check code
,OP-MT9-P76,Ochroma pyramidale,March 20 2025,February 26 2026,,0,XP202-PR,A,1,A1,5,49,137,4.9,12,1.6,,,,,,,,,,,,,,,,,,,,,,,,,,,,,,,,,,,,,,,
,CP-MT4-P60,Carapa guianensis,May 09 2025,February 26 2026,February 26 2026,1,XP202-PR,A,2,A2,5,50,,,,,0,,,,,,,,,,,,,,,,,,,,,,,,,,,,,,,,,,,,,,
,PA-MT6-P17,Piper aduncum,May 09 2025,February 26 2026,February 26 2026,1,XP202-PR,A,3,A3,5,20,,,,,0,,,,,,,,,,,,,,,,,,,,,,,,,,,,,,,,,,,,,,
,IS-MT3-P82,Inga silanchensis,,February 26 2026,,0,XP202-PR,A,4,A4,5,,30.5,0.5,4,,0.5,7,,,,,,,,,,,,,,,,,,,,,,,,,,,,,,,,,,,,,
,VB-MT5-P64,Vismia baccifera,,February 26 2026,,0,XP202-PR,A,6,A6,5,,34,0.4,5,,0.4,,,,,,,,,,,,,,,,,,,,,,,,,,,,,,,,,,,,,,
,BG-MT4-P76,Banara guianensis,September 05 2025,February 26 2026,,0,XP202-PR,A,7,A7,5,53,39,0.4,23,,0.4,,,,,,,,,,,,,,,,,,,,,,,,,,,,,,,,,,,,,,
,BP-MT5-P45,Bauhinia pichinchensis,,February 26 2026,,0,XP202-PR,A,8,A8,5,,18,0.4,3,,0.4,,,,,,,,,,,,,,,,,,,,,,,,,,,,,,,,,,,,,,
,DC-MT4-P40,Dacryodes cupularis,September 05 2025,February 26 2026,,0,XP202-PR,A,10,A10,5,21,26,0.5,1,,0.5,5,,,,,,,,,,,,,,,,,,,,,,,,,,,,,,,,,,,,,
,CH-MT2-P22,Cecropia hispidissima,September 05 2025,February 26 2026,,0,XP202-PR,A,11,A11,5,51,54,0.6,3,,0.6,,,,,,,,,,,,,,,,,,,,,,,,,,,,,,,,,,,,,,
,AE-MT4-P52,Annona edulis,,February 26 2026,,0,XP202-PR,A,13,A13,5,,33,0.4,3,,0.4,,,,,,,,,,,,,,,,,,,,,,,,,,,,,,,,,,,,,,
,PG-MT5-P16,Pouruma guianensis,,February 26 2026,,0,XP202-PR,A,14,A14,5,,16,0.4,3,,0.4,,,,,,,,,,,,,,,,,,,,,,,,,,,,,,,,,,,,,,
,EA-MT4-P58,Ecuadendron acosta-solisianum,,February 26 2026,,0,XP202-PR,A,16,A16,5,,73,1.4,5,,1.4,11,,,,,,,,,,,,,,,,,,,,,,,,,,,,,,,,,,,,,
,IS-MT5-P11,Inga silanchensis,March 20 2025,February 26 2026,February 26 2026,1,XP202-PR,B,1,B1,5,34,,,,,0,,,,,,,,,,,,,,,,,,,,,,,,,,,,,,,,,,,,,,
,CP-MT2-P4,Carapa guianensis,May 09 2025,February 26 2026,February 26 2026,1,XP202-PR,B,2,B2,5,58,,,,,0,,,,,,,,,,,,,,,,,,,,,,,,,,,,,,,,,,,,,,
,OP-MT7-P28,Ochroma pyramidale,May 09 2025,February 26 2026,February 26 2026,1,XP202-PR,B,3,B3,5,66,,,,,0,,,,,,,,,,,,,,,,,,,,,,,,,,,,,,,,,,,,,,
,BS-MT5-P82,Bactris setulosa,,February 26 2026,,0,XP202-PR,B,4,B4,5,,16,1.3,2,,1.3,,,,,,,,,,,,,,,,,,,,,,,,,,,,,,,,,,,,,,
,BP-MT5-P40,Bauhinia pichinchensis,,February 26 2026,,0,XP202-PR,B,6,B6,5,,15,0.3,0,,0.3,,,,,,,,,,,,,,,,,,,,,,,,,,,,,,,,,,,,,,
,DC-MT1-P84,Dacryodes cupularis,September 05 2025,February 26 2026,,0,XP202-PR,B,7,B7,5,37,35,0.4,1,,0.4,5,,,,,,,,,,,,,,,,,,,,,,,,,,,,,,,,,,,,,
,BG-MT5-P53,Banara guianensis,September 05 2025,February 26 2026,,0,XP202-PR,B,8,B8,5,32,39,0.4,18,,0.4,,,,,,,,,,,,,,,,,,,,,,,,,,,,,,,,,,,,,,
,VB-MT3-P4,Vismia baccifera,,February 26 2026,,0,XP202-PR,B,9,B9,5,,24,0.3,5,,0.3,,,,,,,,,,,,,,,,,,,,,,,,,,,,,,,,,,,,,,
,AE-MT2-P42,Annona edulis,,February 26 2026,,0,XP202-PR,B,11,B11,5,,75,0.4,5,,0.4,,,,,,,,,,,,,,,,,,,,,,,,,,,,,,,,,,,,,,
,EA-MT4-P48,Ecuadendron acosta-solisianum,,February 26 2026,,0,XP202-PR,B,12,B12,5,,88,1.5,5,,1.5,11,,,,,,,,,,,,,,,,,,,,,,,,,,,,,,,,,,,,,
,PG-MT3-P70,Pouruma guianensis,,February 26 2026,February 26 2026,1,XP202-PR,B,15,B15,5,,,,,,0,,,,,,,,,,,,,,,,,,,,,,,,,,,,,,,,,,,,,,
,CP-MT3-P8,Carapa guianensis,May 09 2025,February 26 2026,,0,XP202-PR,C,1,C1,5,36,39,1.1,3,,1.1,,,,,,,,,,,,,,,,,,,,,,,,,,,,,,,,,,,,,,
,OP-MT8-P41,Ochroma pyramidale,May 09 2025,February 26 2026,February 26 2026,1,XP202-PR,C,2,C2,5,42,,,,,0,,,,,,,,,,,,,,,,,,,,,,,,,,,,,,,,,,,,,,
,BU-MT1-P36,Brosimum utile,May 09 2025,February 26 2026,February 26 2026,1,XP202-PR,C,4,C4,5,25,,,,,0,,,,,,,,,,,,,,,,,,,,,,,,,,,,,,,,,,,,,,
,CH-MT5-P19,Cecropia hispidissima,September 05 2025,February 26 2026,,0,XP202-PR,C,6,C6,5,58,88,1.6,4,,1.6,,,,,,,,,,,,,,,,,,,,,,,,,,,,,,,,,,,,,,
,IS-MT2-P63,Inga silanchensis,December 3 2025,February 26 2026,,0,XP202-PR,C,7,C7,5,46,35,0.7,2,,0.7,9,,,,,,,,,,,,,,,,,,,,,,,,,,,,,,,,,,,,,
,DC-MT3-P35,Dacryodes cupularis,September 05 2025,February 26 2026,February 26 2026,1,XP202-PR,C,8,C8,5,28,,,,,0,,,,,,,,,,,,,,,,,,,,,,,,,,,,,,,,,,,,,,
,PG-MT4-P57,Pouruma guianensis,,February 26 2026,,0,XP202-PR,C,9,C9,5,,12,0.3,4,,0.3,,,,,,,,,,,,,,,,,,,,,,,,,,,,,,,,,,,,,,
,VB-MT3-P17,Vismia baccifera,,February 26 2026,,0,XP202-PR,C,10,C10,5,,29.5,0.3,9,,0.3,,,,,,,,,,,,,,,,,,,,,,,,,,,,,,,,,,,,,,
,BG-MT2-P87,Banara guianensis,September 05 2025,February 26 2026,February 26 2026,1,XP202-PR,C,13,C13,5,55,,,,,0,,,,,,,,,,,,,,,,,,,,,,,,,,,,,,,,,,,,,,
,AE-MT3-P36,Annona edulis,,February 26 2026,,0,XP202-PR,C,14,C14,5,,43,0.5,6,,0.5,,,,,,,,,,,,,,,,,,,,,,,,,,,,,,,,,,,,,,
,BP-MT4-P32,Bauhinia pichinchensis,,February 26 2026,,0,XP202-PR,C,15,C15,5,,25,0.9,3,,0.9,,,,,,,,,,,,,,,,,,,,,,,,,,,,,,,,,,,,,,
,BU-MT3-P34,Brosimum utile,,February 26 2026,,0,XP202-PR,B,16,B16,1,,37,0.6,5,,0.6,,,,,,,,,,,,,,,,,,,,,,,,,,,,,,,,,,,,,,
,MC-MT3-P70,Miconia conocuatrecasasii,August 25 2025,March 30 2026,,0,XP203-PR,A,1,A1,1,12,23,0.4,10,,0.4,,,,,,,,,,,,,,,,,,,,,,,,,,,,,,,,,,,,,,
,BG-MT1-P42,Banara guianensis,August 25 2025,March 30 2026,,0,XP203-PR,A,3,A3,1,56,56,0.7,70,,0.7,,,,,,,,,,,,,,,,,,,,,,,,,,,,,,,,,,,,,,
,VB-MT3-P14,Vismia baccifera,,March 30 2026,,0,XP203-PR,A,4,A4,1,,54,0.3,8,,0.3,,,,,,,,,,,,,,,,,,,,,,,,,,,,,,,,,,,,,,
,BP-MT4-P56,Bauhinia pichinchensis,,March 30 2026,March 30 2026,1,XP203-PR,A,5,A5,1,,,,,,0,,,,,,,,,,,,,,,,,,,,,,,,,,,,,,,,,,,,,,
,BU-MT3-P12,Brosimum utile,August 25 2025,March 30 2026,,0,XP203-PR,A,7,A7,1,34,38,0.3,3,,0.3,,,,,,,,,,,,,,,,,,,,,,,,,,,,,,,,,,,,,,
,DC-MT1-P78,Dacryodes cupularis,August 25 2025,March 30 2026,,0,XP203-PR,A,8,A8,1,30,31,0.8,3,,0.8,12,,,,,,,,,,,,,,,,,,,,,,,,,,,,,,,,,,,,,
,BS-MT5-P44,Bactris setulosa,November 25 2025,March 30 2026,,0,XP203-PR,A,9,A9,1,12,12,1.5,3,,1.5,,,,,,,,,,,,,,,,,,,,,,,,,,,,,,,,,,,,,,
,IS-MT3-P20,Inga silanchensis,March 25 2025,March 30 2026,,0,XP203-PR,A,10,A10,1,25,25,0.3,3,,0.3,9,,,,,,,,,,,,,,,,,,,,,,,,,,,,,,,,,,,,,
,OP-MT8-P40,Ochroma pyramidale,May 14 2025,March 30 2026,,0,XP203-PR,A,11,A11,1,52,70,1,9,,1,,,,,,,,,,,,,,,,,,,,,,,,,,,,,,,,,,,,,,
,PA-MT3-P49,Piper aduncum,March 25 2025,March 30 2026,,0,XP203-PR,A,12,A12,1,19,100,1.8,106,,1.8,,,,,,,,,,,,,,,,,,,,,,,,,,,,,,,,,,,,,,
,EA-MT4-P40,Ecuadendron acosta-solisianum,,March 30 2026,,0,XP203-PR,A,13,A13,1,,102,1.5,6,,1.5,17,,,,,,,,,,,,,,,,,,,,,,,,,,,,,,,,,,,,,
,CH-MT2-P37,Cecropia hispidissima,August 25 2025,March 30 2026,,0,XP203-PR,A,14,A14,1,48,53,0.6,2,,0.6,,,,,,,,,,,,,,,,,,,,,,,,,,,,,,,,,,,,,,
,PG-MT2-P34,Pouruma guianensis,,March 30 2026,,0,XP203-PR,A,15,A15,1,,19,0.2,3,,0.2,,,,,,,,,,,,,,,,,,,,,,,,,,,,,,,,,,,,,,
,AE-MT2-P41,Annona edulis,,March 30 2026,,0,XP203-PR,A,16,A16,1,,36,0.2,10,,0.2,,,,,,,,,,,,,,,,,,,,,,,,,,,,,,,,,,,,,,
,EA-MT1-P52,Ecuadendron acosta-solisianum,November 25 2025,March 30 2026,,0,XP203-PR,B,2,B2,1,39,60,0.8,7,,0.8,15,,,,,,,,,,,,,,,,,,,,,,,,,,,,,,,,,,,,,
,VB-MT3-P41,Vismia baccifera,,March 30 2026,,0,XP203-PR,B,3,B3,1,,46,0.2,21,,0.2,,,,,,,,,,,,,,,,,,,,,,,,,,,,,,,,,,,,,,
,IS-MT4-P42,Inga silanchensis,May 14 2025,March 30 2026,,0,XP203-PR,B,4,B4,1,27,46,0.9,6,,0.9,19,,,,,,,,,,,,,,,,,,,,,,,,,,,,,,,,,,,,,
,BS-MT5-P60,Bactris setulosa,November 25 2025,March 30 2026,,0,XP203-PR,B,5,B5,1,10,10,0.5,1,,0.5,,,,,,,,,,,,,,,,,,,,,,,,,,,,,,,,,,,,,,
,BP-MT3-P41,Bauhinia pichinchensis,,March 30 2026,,0,XP203-PR,B,6,B6,1,,29,0.3,3,,0.3,,,,,,,,,,,,,,,,,,,,,,,,,,,,,,,,,,,,,,
,AE-MT1-P19,Annona edulis,,March 30 2026,,0,XP203-PR,B,7,B7,1,,34,0.3,7,,0.3,,,,,,,,,,,,,,,,,,,,,,,,,,,,,,,,,,,,,,
,CH-MT1-P15,Cecropia hispidissima,May 14 2025,March 30 2026,March 30 2026,1,XP203-PR,B,8,B8,1,22,,,,,0,,,,,,,,,,,,,,,,,,,,,,,,,,,,,,,,,,,,,,
,BU-MT3-P8,Brosimum utile,August 25 2025,March 30 2026,,0,XP203-PR,B,9,B9,1,37,46,0.4,4,,0.4,,,,,,,,,,,,,,,,,,,,,,,,,,,,,,,,,,,,,,
,PG-MT1-P55,Pouruma guianensis,,March 30 2026,,0,XP203-PR,B,10,B10,1,,25,0.2,2,,0.2,,,,,,,,,,,,,,,,,,,,,,,,,,,,,,,,,,,,,,
,CP-MT4-P67,Carapa guianensis,May 14 2025,March 30 2026,,0,XP203-PR,B,11,B11,1,36,83,1.5,3,,1.5,17,,,,,,,,,,,,,,,,,,,,,,,,,,,,,,,,,,,,,
,DC-MT1-P11,Dacryodes cupularis,August 25 2025,March 30 2026,,0,XP203-PR,B,13,B13,1,40,40,0.3,3,,0.3,11,,,,,,,,,,,,,,,,,,,,,,,,,,,,,,,,,,,,,
,BG-MT4-P19,Banara guianensis,August 25 2025,March 30 2026,,0,XP203-PR,B,14,B14,1,51,74,0.4,31,,0.4,,,,,,,,,,,,,,,,,,,,,,,,,,,,,,,,,,,,,,
,MC-MT1-P52,Miconia conocuatrecasasii,August 25 2025,March 30 2026,,0,XP203-PR,C,1,C1,1,21,41,0.9,28,,0.9,,,,,,,,,,,,,,,,,,,,,,,,,,,,,,,,,,,,,,
,IS-MT1-P17,Inga silanchensis,May 14 2025,March 30 2026,,0,XP203-PR,C,2,C2,1,22,36,0.9,4,,0.9,11,,,,,,,,,,,,,,,,,,,,,,,,,,,,,,,,,,,,,
,BP-MT2-P50,Bauhinia pichinchensis,,March 30 2026,,0,XP203-PR,C,3,C3,1,,28,0.2,3,,0.2,,,,,,,,,,,,,,,,,,,,,,,,,,,,,,,,,,,,,,
,CH-MT1-P47,Cecropia hispidissima,May 14 2025,March 30 2026,August 25 2025,1,XP203-PR,C,4,C4,1,18,,,,,0,,,,,,,,,,,,,,,,,,,,,,,,,,,,,,,,,,,,,,
,CH-MT3-P21,Cecropia hispidissima,,March 30 2026,,0,XP203-PR,C,4,C4,1,,56,0.4,2,,0.4,,,,,,,,,,,,,,,,,,,,,,,,,,,,,,,,,,,,,,
,VB-MT5-P50,Vismia baccifera,,March 30 2026,,0,XP203-PR,C,5,C5,1,,37,0.2,15,,0.2,,,,,,,,,,,,,,,,,,,,,,,,,,,,,,,,,,,,,,
,BU-MT1-P14,Brosimum utile,May 14 2025,March 30 2026,March 30 2026,1,XP203-PR,C,6,C6,1,33,,,,,0,,,,,,,,,,,,,,,,,,,,,,,,,,,,,,,,,,,,,,
,PA-MT6-P6,Piper aduncum,May 14 2025,March 30 2026,,0,XP203-PR,C,7,C7,1,7,67,1.4,94,,1.4,,,,,,,,,,,,,,,,,,,,,,,,,,,,,,,,,,,,,,
,OP-MT8-P35,Ochroma pyramidale,May 14 2025,March 30 2026,August 25 2025,1,XP203-PR,C,8,C8,1,51,,,,,0,,,,,,,,,,,,,,,,,,,,,,,,,,,,,,,,,,,,,,
,OP-MT8-P47,Ochroma pyramidale,November 25 2025,March 30 2026,,0,XP203-PR,C,8,C8,1,42,50,0.8,9,,0.8,,,,,,,,,,,,,,,,,,,,,,,,,,,,,,,,,,,,,,
,DC-MT2-P8,Dacryodes cupularis,,March 30 2026,,0,XP203-PR,C,9,C9,1,,17,0.2,5,,0.2,17,,,,,,,,,,,,,,,,,,,,,,,,,,,,,,,,,,,,,
,PG-MT5-P3,Pouruma guianensis,,March 30 2026,,0,XP203-PR,C,10,C10,1,,24,0.1,4,,0.1,,,,,,,,,,,,,,,,,,,,,,,,,,,,,,,,,,,,,,
,BG-MT2-P62,Banara guianensis,August 25 2025,March 30 2026,,0,XP203-PR,C,12,C12,1,57,68,0.8,115,,0.8,,,,,,,,,,,,,,,,,,,,,,,,,,,,,,,,,,,,,,
,EA-MT1-P26,Ecuadendron acosta-solisianum,November 25 2025,March 30 2026,,0,XP203-PR,C,13,C13,1,36,57,0.7,9,,0.7,20,,,,,,,,, ,,,,,,,,,,,,,,,,,,,,,,,,,,,,
,BS-MT7-P61,Bactris setulosa,November 25 2025,March 30 2026,,0,XP203-PR,C,14,C14,1,10,10,13,3,,13,,,,,,,,,,,,,,,,,,,,,,,,,,,,,,,,,,,,,,
,CP-MT5-P16,Carapa guianensis,August 25 2025,March 30 2026,,0,XP203-PR,C,15,C15,1,50,60,1.4,7,,1.4,31,,,,,,,,,,,,,,,,,,,,,,,,,,,,,,,,,,,,,
,AE-MT2-P12,Annona edulis,,March 30 2026,,0,XP203-PR,C,16,C16,1,,44,0.3,14,,0.3,,,,,,,,,,,,,,,,,,,,,,,,,,,,,,,,,,,,,,
,BP-MT3-P37,Bauhinia pichinchensis,,March 30 2026,,0,XP203-PR,A,1,A1,2,,13,0.2,2,,0.2,,,,,,,,,,,,,,,,,,,,,,,,,,,,,,,,,,,,,,
,BS-MT6-P82,Bactris setulosa,November 25 2025,March 30 2026,,0,XP203-PR,A,2,A2,2,12,12,0.9,3,,0.9,,,,,,,,,,,,,,,,,,,,,,,,,,,,,,,,,,,,,,
,PA-MT7-P22,Piper aduncum,August 25 2025,March 30 2026,,0,XP203-PR,A,3,A3,2,38,53,0.7,61,,0.7,,,,,,,,,,,,,,,,,,,,,,,,,,,,,,,,,,,,,,
,BG-MT4-P39,Banara guianensis,August 25 2025,March 30 2026,,0,XP203-PR,A,4,A4,2,65,82,0.8,84,,0.8,,,,,,,,,,,,,,,,,,,,,,,,,,,,,,,,,,,,,,
,DC-MT5-P11,Dacryodes cupularis,August 25 2025,March 30 2026,,0,XP203-PR,A,5,A5,2,29,39,0.5,6,,0.5,31,,,,,,,,,,,,,,,,,,,,,,,,,,,,,,,,,,,,,
,IS-MT2-P49,Inga silanchensis,March 25 2025,March 30 2026,,0,XP203-PR,A,6,A6,2,18,33,0.6,6,,0.6,20,,,,,,,,,,,,,,,,,,,,,,,,,,,,,,,,,,,,,
,CH-MT5-P15,Cecropia hispidissima,August 25 2025,March 30 2026,,0,XP203-PR,A,7,A7,2,58,86,1.6,7,,1.6,,,,,,,,,,,,,,,,,,,,,,,,,,,,,,,,,,,,,,
,OP-MT2-P24,Ochroma pyramidale,March 25 2025,March 30 2026,,0,XP203-PR,A,8,A8,2,41,480,21,50,6.7,,,,,,,,,,,7.7,-17.1,7.5,17.8,,,,,,,,,,,,,,,,,,,,,,,,,
,EA-MT4-P4,Ecuadendron acosta-solisianum,May 14 2025,March 30 2026,,0,XP203-PR,A,10,A10,2,45,69,1.8,18,,1.8,50,,,,,,,,,,,,,,,,,,,,,,,,,,,,,,,,,,,,,
,AE-MT3-P73,Annona edulis,,March 30 2026,,0,XP203-PR,A,11,A11,2,,30,0.4,15,,0.4,,,,,,,,,,,,,,,,,,,,,,,,,,,,,,,,,,,,,,
,VB-MT3-P13,Vismia baccifera,,March 30 2026,,0,XP203-PR,A,12,A12,2,,48,0.2,13,,0.2,,,,,,,,,,,,,,,,,,,,,,,,,,,,,,,,,,,,,,
,CP-MT5-P52,Carapa guianensis,August 25 2025,March 30 2026,,0,XP203-PR,A,13,A13,2,50,55,1.1,5,,1.1,28,,,,,,,,,,,,,,,,,,,,,,,,,,,,,,,,,,,,,
,PG-MT1-P36,Pouruma guianensis,,March 30 2026,,0,XP203-PR,A,14,A14,2,,33,0.3,3,,0.3,,,,,,,,,,,,,,,,,,,,,,,,,,,,,,,,,,,,,,
,BU-MT2-P52,Brosimum utile,August 25 2025,March 30 2026,,0,XP203-PR,A,15,A15,2,32,50,0.8,10,,0.8,,,,,,,,,,,,,,,,,,,,,,,,,,,,,,,,,,,,,,
,MC-MT2-P5,Miconia conocuatrecasasii,August 25 2025,March 30 2026,,0,XP203-PR,A,16,A16,2,24,51,0.8,18,,0.8,,,,,,,,,,,,,,,,,,,,,,,,,,,,,,,,,,,,,,
,IS-MT5-P24,Inga silanchensis,March 25 2025,March 30 2026,,0,XP203-PR,B,1,B1,2,21,35,0.7,4,,0.7,9,,,,,,,,,,,,,,,,,,,,,,,,,,,,,,,,,,,,,
,CH-MT5-P54,Cecropia hispidissima,August 25 2025,March 30 2026,,0,XP203-PR,B,2,B2,2,49,80,1,10,,1,,,,,,,,,,,,,,,,,,,,,,,,,,,,,,,,,,,,,,
,OP-MT2-P60,Ochroma pyramidale,November 25 2025,March 30 2026,,0,XP203-PR,B,4,B4,2,60,60,1.4,9,,1.4,,,,,,,,,,,,,,,,,,,,,,,,,,,,,,,,,,,,,,
,PG-MT2-P52,Pouruma guianensis,,March 30 2026,,0,XP203-PR,B,3,B3,2,17,0.1,4,,,4,,,,,,,,,,,,,,,,,,,,,,,,,,,,,,,,,,,,,,correct in sorteo sheet
,BU-MT1-P37,Brosimum utile,May 14 2025,March 30 2026,,0,XP203-PR,B,5,B5,2,20,25,0.5,7,,0.5,,,,,,,,,,,,,,,,,,,,,,,,,,,,,,,,,,,,,,
,AE-MT4-P63,Annona edulis,,March 30 2026,,0,XP203-PR,B,6,B6,2,,47,0.3,12,,0.3,,,,,,,,,,,,,,,,,,,,,,,,,,,,,,,,,,,,,,
,CP-MT1-P11,Carapa guianensis,August 25 2025,March 30 2026,,0,XP203-PR,B,7,B7,2,51,62,1.4,7,,1.4,7,,,,,,,,,,,,,,,,,,,,,,,,,,,,,,,,,,,,,
,BS-MT7-P16,Bactris setulosa,August 25 2025,March 30 2026,,0,XP203-PR,B,8,B8,2,12,12,1.5,5,,1.5,,,,,,,,,,,,,,,,,,,,,,,,,,,,,,,,,,,,,,
,VB-MT4-P59,Vismia baccifera,,March 30 2026,,0,XP203-PR,B,9,B9,2,,33,0.2,26,,0.2,,,,,,,,,,,,,,,,,,,,,,,,,,,,,,,,,,,,,,
,DC-MT3-P53,Dacryodes cupularis,August 25 2025,March 30 2026,,0,XP203-PR,B,10,B10,2,26,26,0.2,2,,0.2,8,,,,,,,,,,,,,,,,,,,,,,,,,,,,,,,,,,,,,
,BP-MT5-P10,Bauhinia pichinchensis,,March 30 2026,March 30 2026,1,XP203-PR,B,13,B13,2,,,,,,0,,,,,,,,,,,,,,,,,,,,,,,,,,,,,,,,,,,,,,
,BG-MT3-P29,Banara guianensis,August 25 2025,March 30 2026,,0,XP203-PR,B,14,B14,2,69.5,99,1.2,161,,1.2,,,,,,,,,,,,,,,,,,,,,,,,,,,,,,,,,,,,,,
,EA-MT1-P97,Ecuadendron acosta-solisianum,November 25 2025,March 30 2026,,0,XP203-PR,B,15,B15,2,45,51,1,8,,1,20,,,,,,,,,,,,,,,,,,,,,,,,,,,,,,,,,,,,,
,OP-MT7-P31,Ochroma pyramidale,May 14 2025,March 30 2026,,0,XP203-PR,C,2,C2,2,70,200,8.5,16,2.7,,,,,,,,,,,,,,,,,,,,,,,,,,,,,,,,,,,,,,,
,CP-MT2-P6,Carapa guianensis,May 14 2025,March 30 2026,,0,XP203-PR,C,3,C3,2,68,73,2.1,8,,2.1,32,,,,,,,,,,,,,,,,,,,,,,,,,,,,,,,,,,,,,
,PG-MT3-P39,Pouruma guianensis,,March 30 2026,,0,XP203-PR,C,4,C4,2,,15,0.1,5,,0.1,,,,,,,,,,,,,,,,,,,,,,,,,,,,,,,,,,,,,,
,AE-MT3-P58,Annona edulis,,March 30 2026,,0,XP203-PR,C,5,C5,2,,47,0.5,19,,0.5,,,,,,,,,,,,,,,,,,,,,,,,,,,,,,,,,,,,,,
,IS-MT1-P35,Inga silanchensis,May 14 2025,March 30 2026,,0,XP203-PR,C,6,C6,2,38,40,0.8,6,,0.8,22,,,,,,,,,,,,,,,,,,,,,,,,,,,,,,,,,,,,,
,DC-MT1-P72,Dacryodes cupularis,,March 30 2026,,0,XP203-PR,C,7,C7,2,,14,0.4,2,,0.4,3,,,,,,,,,,,,,,,,,,,,,,,,,,,,,,,,,,,,,
,BS-MT6-P11,Bactris setulosa,August 25 2025,March 30 2026,,0,XP203-PR,C,8,C8,2,13,13,1.3,6,,1.3,,,,,,,,,,,,,,,,,,,,,,,,,,,,,,,,,,,,,,
,BP-MT1-P42,Bauhinia pichinchensis,,March 30 2026,,0,XP203-PR,C,9,C9,2,,20,0.2,2,,0.2,,,,,,,,,,,,,,,,,,,,,,,,,,,,,,,,,,,,,,
,VB-MT3-P44,Vismia baccifera,,March 30 2026,,0,XP203-PR,C,10,C10,2,,49,0.2,10,,0.2,,,,,,,,,,,,,,,,,,,,,,,,,,,,,,,,,,,,,,
,BG-MT5-P88,Banara guianensis,August 25 2025,March 30 2026,,0,XP203-PR,C,11,C11,2,65,47,0.4,11,,0.4,,,,,,,,,,,,,,,,,,,,,,,,,,,,,,,,,,,,,,
,BU-MT4-P8,Brosimum utile,August 25 2025,March 30 2026,,0,XP203-PR,C,12,C12,2,27,31,0.3,4,,0.3,,,,,,,,,,,,,,,,,,,,,,,,,,,,,,,,,,,,,,
,EA-MT4-P53,Ecuadendron acosta-solisianum,,March 30 2026,,0,XP203-PR,C,13,C13,2,,52,0.8,8,,0.8,13,,,,,,,,,,,,,,,,,,,,,,,,,,,,,,,,,,,,,
,CH-MT4-P96,Cecropia hispidissima,August 25 2025,March 30 2026,,0,XP203-PR,C,14,C14,2,35,45,0.5,7,,0.5,,,,,,,,,,,,,,,,,,,,,,,,,,,,,,,,,,,,,,
,MC-MT1-P29,Miconia conocuatrecasasii,August 25 2025,March 30 2026,,0,XP203-PR,C,16,C16,2,25.5,55,1,17,,1,,,,,,,,,,,,,,,,,,,,,,,,,,,,,,,,,,,,,,
,IS-MT3-P56,Inga silanchensis,March 25 2025,March 30 2026,March 30 2026,1,XP203-PR,A,1,A1,3,13,,,,,0,,,,,,,,,,,,,,,,,,,,,,,,,,,,,,,,,,,,,,
,EA-MT5-P61,Ecuadendron acosta-solisianum,November 25 2025,March 30 2026,,0,XP203-PR,A,2,A2,3,35,47,0.6,6,,0.6,12,,,,,,,,,,,,,,,,,,,,,,,,,,,,,,,,,,,,,
,AE-MT5-P19,Annona edulis,,March 30 2026,,0,XP203-PR,A,3,A3,3,,42,0.4,14,,0.4,,,,,,,,,,,,,,,,,,,,,,,,,,,,,,,,,,,,,,
,PG-MT4-P10,Pouruma guianensis,,March 30 2026,,0,XP203-PR,A,4,A4,3,,30,0.2,4,,0.2,,,,,,,,,,,,,,,,,,,,,,,,,,,,,,,,,,,,,,
,DC-MT4-P81,Dacryodes cupularis,August 25 2025,March 30 2026,,0,XP203-PR,A,5,A5,3,23,26,0.3,5,,0.3,24,,,,,,,,,,,,,,,,,,,,,,,,,,,,,,,,,,,,,
,CH-MT4-P6,Cecropia hispidissima,August 25 2025,March 30 2026,,0,XP203-PR,A,6,A6,3,48,88,1.1,3,,1.1,,,,,,,,,,,,,,,,,,,,,,,,,,,,,,,,,,,,,,
,CP-MT3-P31,Carapa guianensis,May 14 2025,March 30 2026,,0,XP203-PR,A,8,A8,3,58,73,1.3,4,,1.3,15,,,,,,,,,,,,,,,,,,,,,,,,,,,,,,,,,,,,,
,OP-MT9-P18,Ochroma pyramidale,March 25 2025,March 30 2026,,0,XP203-PR,A,9,A9,3,60,76,1.1,7,,1.1,,,,,,,,,,,,,,,,,,,,,,,,,,,,,,,,,,,,,,
,BS-MT1-P52,Bactris setulosa,November 25 2025,March 30 2026,,0,XP203-PR,A,11,A11,3,10,10,1.1,3,,1.1,,,,,,,,,,,,,,,,,,,,,,,,,,,,,,,,,,,,,,
,VB-MT1-P25,Vismia baccifera,August 25 2025,March 30 2026,,0,XP203-PR,A,12,A12,3,31,73,2,292,,2,,,,,,,,,,,,,,,,,,,,,,,,,,,,,,,,,,,,,,
,BP-MT1-P6,Bauhinia pichinchensis,,March 30 2026,,0,XP203-PR,A,13,A13,3,,22,0.3,1,,0.3,,,,,,,,,,,,,,,,,,,,,,,,,,,,,,,,,,,,,,
,PA-MT3-P53,Piper aduncum,November 25 2025,March 30 2026,,0,XP203-PR,A,14,A14,3,20,23,0.3,10,,0.3,,,,,,,,,,,,,,,,,,,,,,,,,,,,,,,,,,,,,,
,BG-MT2-P37,Banara guianensis,August 25 2025,March 30 2026,,0,XP203-PR,A,15,A15,3,50,82,1.1,42,,1.1,,,,,,,,,,,,,,,,,,,,,,,,,,,,,,,,,,,,,,
,BU-MT5-P31,Brosimum utile,August 25 2025,March 30 2026,,0,XP203-PR,A,16,A16,3,29,40,1.3,5,,1.3,,,,,,,,,,,,,,,,,,,,,,,,,,,,,,,,,,,,,,
,OP-MT2-P20,Ochroma pyramidale,March 25 2025,March 30 2026,,0,XP203-PR,B,1,B1,3,39,62,1.2,5,,1.2,,,,,,,,,,,,,,,,,,,,,,,,,,,,,,,,,,,,,,
,BG-MT3-P72,Banara guianensis,August 25 2025,March 30 2026,,0,XP203-PR,B,2,B2,3,72,82,0.4,60,,0.4,,,,,,,,,,,,,,,,,,,,,,,,,,,,,,,,,,,,,,
,IS-MT5-P46,Inga silanchensis,March 25 2025,March 30 2026,,0,XP203-PR,B,3,B3,3,27,36,0.5,3,,0.5,16,,,,,,,,,,,,,,,,,,,,,,,,,,,,,,,,,,,,,
,PA-MT3-P69,Piper aduncum,,March 30 2026,,0,XP203-PR,B,4,B4,3,,41,0.4,6,,0.4,,,,,,,,,,,,,,,,,,,,,,,,,,,,,,,,,,,,,,
,AE-MT4-P19,Annona edulis,,March 30 2026,,0,XP203-PR,B,5,B5,3,,43,0.2,13,,0.2,,,,,,,,,,,,,,,,,,,,,,,,,,,,,,,,,,,,,,
,CP-MT1-P52,Carapa guianensis,August 25 2025,March 30 2026,November 25 2025,1,XP203-PR,B,7,B7,3,29,,,,,0,,,,,,,,,,,,,,,,,,,,,,,,,,,,,,,,,,,,,,
,CP-MT1-P52,Carapa guianensis,,March 30 2026,,0,XP203-PR,B,7,B7,3,,50,0.5,2,,0.5,8,,,,,,,,,,,,,,,,,,,,,,,,,,,,,,,,,,,,,
,MC-MT1-P49,Miconia conocuatrecasasii,August 25 2025,March 30 2026,,0,XP203-PR,B,8,B8,3,17,53,1.1,25,,1.1,,,,,,,,,,,,,,,,,,,,,,,,,,,,,,,,,,,,,,
,BS-MT1-P7,Bactris setulosa,August 25 2025,March 30 2026,,0,XP203-PR,B,9,B9,3,10,10,1.2,6,,1.2,,,,,,,,,,,,,,,,,,,,,,,,,,,,,,,,,,,,,,
,EA-MT1-P64,Ecuadendron acosta-solisianum,November 25 2025,March 30 2026,,0,XP203-PR,B,10,B10,3,49,59,1,7,,1,20,,,,,,,,,,,,,,,,,,,,,,,,,,,,,,,,,,,,,
,PG-MT3-P51,Pouruma guianensis,,March 30 2026,,0,XP203-PR,B,11,B11,3,,8,0.1,1,,0.1,,,,,,,,,,,,,,,,,,,,,,,,,,,,,,,,,,,,,,
,VB-MT2-P21,Vismia baccifera,,March 30 2026,,0,XP203-PR,B,12,B12,3,,35,0.1,22,,0.1,,,,,,,,,,,,,,,,,,,,,,,,,,,,,,,,,,,,,,
,BU-MT4-P72,Brosimum utile,August 25 2025,March 30 2026,,0,XP203-PR,B,13,B13,3,30,46,0.5,7,,0.5,,,,,,,,,,,,,,,,,,,,,,,,,,,,,,,,,,,,,,
,BP-MT4-P58,Bauhinia pichinchensis,,March 30 2026,March 30 2026,1,XP203-PR,B,14,B14,3,,,,,,0,,,,,,,,,,,,,,,,,,,,,,,,,,,,,,,,,,,,,,
,CH-MT3-P58,Cecropia hispidissima,August 25 2025,March 30 2026,,0,XP203-PR,B,16,B16,3,50,60,0.4,3,,0.4,,,,,,,,,,,,,,,,,,,,,,,,,,,,,,,,,,,,,,
,PG-MT5-P19,Pouruma guianensis,,March 30 2026,,0,XP203-PR,C,1,C1,3,,18,0.2,3,,0.2,,,,,,,,,,,,,,,,,,,,,,,,,,,,,,,,,,,,,,
,VB-MT2-P65,Vismia baccifera,,March 30 2026,,0,XP203-PR,C,3,C3,3,,22,0.1,6,,0.1,,,,,,,,,,,,,,,,,,,,,,,,,,,,,,,,,,,,,,
,CP-MT2-P9,Carapa guianensis,May 14 2025,March 30 2026,,0,XP203-PR,C,4,C4,3,85,85,1.4,6,,1.4,32,,,,,,,,,,,,,,,,,,,,,,,,,,,,,,,,,,,,,
,AE-MT5-P54,Annona edulis,,March 30 2026,,0,XP203-PR,C,5,C5,3,,47,0.4,14,,0.4,,,,,,,,,,,,,,,,,,,,,,,,,,,,,,,,,,,,,,
,BG-MT3-P70,Banara guianensis,August 25 2025,March 30 2026,,0,XP203-PR,C,6,C6,3,68,40,0.7,27,,0.7,,,,,,,,,,,,,,,,,,,,,,,,,,,,,,,,,,,,,,
,EA-MT3-P17,Ecuadendron acosta-solisianum,May 14 2025,March 30 2026,August 25 2025,1,XP203-PR,C,7,C7,3,20,,,,,0,,,,,,,,,,,,,,,,,,,,,,,,,,,,,,,,,,,,,,
,EA-MT1-P98,Ecuadendron acosta-solisianum,November 25 2025,March 30 2026,,0,XP203-PR,C,7,C7,3,35,58,1.1,7,,1.1,15,,,,,,,,,,,,,,,,,,,,,,,,,,,,,,,,,,,,,
,BP-MT2-P22,Bauhinia pichinchensis,,March 30 2026,,0,XP203-PR,C,8,C8,3,,22,0.2,4,,0.2,,,,,,,,,,,,,,,,,,,,,,,,,,,,,,,,,,,,,,
,CH-MT5-P16,Cecropia hispidissima,August 25 2025,March 30 2026,,0,XP203-PR,C,9,C9,3,61,75,1,5,,1,,,,,,,,,,,,,,,,,,,,,,,,,,,,,,,,,,,,,,
,MC-MT2-P22,Miconia conocuatrecasasii,August 25 2025,March 30 2026,March 30 2026,1,XP203-PR,C,10,C10,3,20,,,,,0,,,,,,,,,,,,,,,,,,,,,,,,,,,,,,,,,,,,,,
,OP-MT6-P33,Ochroma pyramidale,May 14 2025,March 30 2026,,0,XP203-PR,C,11,C11,3,42,161,4.1,16,1.3,,,,,,,,,,,,,,,,,,,,,,,,,,,,,,,,,,,,,,,
,BS-MT5-P18,Bactris setulosa,August 25 2025,March 30 2026,,0,XP203-PR,C,12,C12,3,13,14,1.3,6,,1.3,,,,,,,,,,,,,,,,,,,,,,,,,,,,,,,,,,,,,,
,BU-MT5-P25,Brosimum utile,August 25 2025,March 30 2026,November 25 2025,1,XP203-PR,C,14,C14,3,24,,,,,0,,,,,,,,,,,,,,,,,,,,,,,,,,,,,,,,,,,,,,
,BU-MT4-P48,Brosimum utile,,March 30 2026,,0,XP203-PR,C,14,C14,3,,53,0.4,1,,0.4,,,,,,,,,,,,,,,,,,,,,,,,,,,,,,,,,,,,,,
,DC-MT4-P68,Dacryodes cupularis,August 25 2025,March 30 2026,,0,XP203-PR,C,15,C15,3,35,35,0.4,3,,0.4,15,,,,,,,,,,,,,,,,,,,,,,,,,,,,,,,,,,,,,
,IS-MT3-P25,Inga silanchensis,November 25 2025,March 30 2026,,0,XP203-PR,C,16,C16,3,29,29,0.4,6,,0.4,18,,,,,,,,,,,,,,,,,,,,,,,,,,,,,,,,,,,,,
,DC-MT3-P21,Dacryodes cupularis,August 25 2025,March 30 2026,March 30 2026,1,XP203-PR,A,2,A2,4,29,,,,,0,,,,,,,,,,,,,,,,,,,,,,,,,,,,,,,,,,,,,,
,IS-MT2-P62,Inga silanchensis,March 25 2025,March 30 2026,,0,XP203-PR,A,3,A3,4,23,23,0.4,7,,0.4,14,,,,,,,,,,,,,,,,,,,,,,,,,,,,,,,,,,,,,
,CP-MT3-P5,Carapa guianensis,May 14 2025,March 30 2026,,0,XP203-PR,A,4,A4,4,62,75,2,6,,2,28,,,,,,,,,,,,,,,,,,,,,,,,,,,,,,,,,,,,,
,CH-MT2-P6,Cecropia hispidissima,August 25 2025,March 30 2026,,0,XP203-PR,A,5,A5,4,7,52,0.9,9,,0.9,,,,,,,,,,,,,,,,,,,,,,,,,,,,,,,,,,,,,,
,PG-MT4-P50,Pouruma guianensis,,March 30 2026,,0,XP203-PR,A,6,A6,4,,28,0.2,1,,0.2,,,,,,,,,,,,,,,,,,,,,,,,,,,,,,,,,,,,,,
,AE-MT4-P36,Annona edulis,,March 30 2026,,0,XP203-PR,A,7,A7,4,,16,0.1,14,,0.1,,,,,,,,,,,,,,,,,,,,,,,,,,,,,,,,,,,,,,
,BG-MT1-P98,Banara guianensis,August 25 2025,March 30 2026,,0,XP203-PR,A,8,A8,4,65,120,1.5,67,,1.5,,,,,,,,,,,,,,,,,,,,,,,,,,,,,,,,,,,,,,
,OP-MT9-P21,Ochroma pyramidale,March 25 2025,March 30 2026,May 14 2025,1,XP203-PR,A,9,A9,4,55,,,,,0,,,,,,,,,,,,,,,,,,,,,,,,,,,,,,,,,,,,,,
,OP-MT9-P19,Ochroma pyramidale,November 25 2025,March 30 2026,,0,XP203-PR,A,9,A9,4,76,89,1,8,,1,,,,,,,,,,,,,,,,,,,,,,,,,,,,,,,,,,,,,,
,PA-MT3-P11,Piper aduncum,March 25 2025,March 30 2026,,0,XP203-PR,A,10,A10,4,32,130,2.2,253,,2.2,,,,,,,,,,,,,,,,,,,,,,,,,,,,,,,,,,,,,,
,BP-MT1-P72,Bauhinia pichinchensis,,March 30 2026,March 30 2026,1,XP203-PR,A,11,A11,4,,,,,,0,,,,,,,,,,,,,,,,,,,,,,,,,,,,,,,,,,,,,,
,BU-MT3-P50,Brosimum utile,August 25 2025,March 30 2026,,0,XP203-PR,A,12,A12,4,27,36,0.2,5,,0.2,,,,,,,,,,,,,,,,,,,,,,,,,,,,,,,,,,,,,,
,MC-MT3-P52,Miconia conocuatrecasasii,August 25 2025,March 30 2026,,0,XP203-PR,A,13,A13,4,21,60,1.1,32,,1.1,,,,,,,,,,,,,,,,,,,,,,,,,,,,,,,,,,,,,,
,EA-MT1-P96,Ecuadendron acosta-solisianum,,March 30 2026,,0,XP203-PR,A,14,A14,4,,54,0.7,7,,0.7,16,,,,,,,,,,,,,,,,,,,,,,,,,,,,,,,,,,,,,
,BS-MT5-P9,Bactris setulosa,August 25 2025,March 30 2026,,0,XP203-PR,A,15,A15,4,8,8,0.8,7,,0.8,,,,,,,,,,,,,,,,,,,,,,,,,,,,,,,,,,,,,,
,VB-MT5-P45,Vismia baccifera,,March 30 2026,,0,XP203-PR,A,16,A16,4,,41,0.1,4,,0.1,,,,,,,,,,,,,,,,,,,,,,,,,,,,,,,,,,,,,,
,DC-MT2-P17,Dacryodes cupularis,August 25 2025,March 30 2026,,0,XP203-PR,B,1,B1,4,10,17,0.4,5,,0.4,21,,,,,,,,,,,,,,,,,,,,,,,,,,,,,,,,,,,,,
,IS-MT4-P11,Inga silanchensis,May 14 2025,March 30 2026,,0,XP203-PR,B,2,B2,4,20,43,1.8,6,,1.8,28,,,,,,,,,,,,,,,,,,,,,,,,,,,,,,,,,,,,,
,PA-MT7-P46,Piper aduncum,August 25 2025,March 30 2026,,0,XP203-PR,B,3,B3,4,34,61,1,90,,1,,,,,,,,,,,,,,,,,,,,,,,,,,,,,,,,,,,,,,
,PG-MT5-P37,Pouruma guianensis,,March 30 2026,,0,XP203-PR,B,4,B4,4,,27,0.1,3,,0.1,,,,,,,,,,,,,,,,,,,,,,,,,,,,,,,,,,,,,,
,CP-MT2-P73,Carapa guianensis,,March 30 2026,,0,XP203-PR,B,5,B5,4,,90,1.3,2,,1.3,8,,,,,,,,,,,,,,,,,,,,,,,,,,,,,,,,,,,,,
,BS-MT1-P63,Bactris setulosa,November 25 2025,March 30 2026,March 30 2026,1,XP203-PR,B,6,B6,4,18,,,,,0,,,,,,,,,,,,,,,,,,,,,,,,,,,,,,,,,,,,,,
,MC-MT2-P63,Miconia conocuatrecasasii,August 25 2025,March 30 2026,November 25 2025,1,XP203-PR,B,7,B7,4,25,,,,,0,,,,,,,,,,,,,,,,,,,,,,,,,,,,,,,,,,,,,,
,MC-MT2-P35,Miconia conocuatrecasasii,,March 30 2026,,0,XP203-PR,B,7,B7,4,,49,1.3,24,,1.3,,,,,,,,,,,,,,,,,,,,,,,,,,,,,,,,,,,,,,
,VB-MT4-P39,Vismia baccifera,,March 30 2026,,0,XP203-PR,B,8,B8,4,,41,0.1,6,,0.1,,,,,,,,,,,,,,,,,,,,,,,,,,,,,,,,,,,,,,
,CH-MT3-P48,Cecropia hispidissima,August 25 2025,March 30 2026,,0,XP203-PR,B,9,B9,4,53,68,0.8,5,,0.8,,,,,,,,,,,,,,,,,,,,,,,,,,,,,,,,,,,,,,
,OP-MT7-P23,Ochroma pyramidale,May 14 2025,March 30 2026,,0,XP203-PR,B,10,B10,4,60,151,9,16,2.9,,,,,,,,,,,,,,,,,,,,,,,,,,,,,,,,,,,,,,,
,AE-MT3-P52,Annona edulis,,March 30 2026,,0,XP203-PR,B,11,B11,4,,47,0.5,14,,0.5,,,,,,,,,,,,,,,,,,,,,,,,,,,,,,,,,,,,,,
,EA-MT2-P9,Ecuadendron acosta-solisianum,May 14 2025,March 30 2026,,0,XP203-PR,B,12,B12,4,29,40,1,9,,1,19,,,,,,,,,,,,,,,,,,,,,,,,,,,,,,,,,,,,,
,BG-MT5-P33,Banara guianensis,August 25 2025,March 30 2026,,0,XP203-PR,B,13,B13,4,54,81,0.8,28,,0.8,,,,,,,,,,,,,,,,,,,,,,,,,,,,,,,,,,,,,,
,BU-MT2-P6,Brosimum utile,August 25 2025,March 30 2026,,0,XP203-PR,B,14,B14,4,37,48,0.6,5,,0.6,,,,,,,,,,,,,,,,,,,,,,,,,,,,,,,,,,,,,,
,BP-MT2-P6,Bauhinia pichinchensis,,March 30 2026,March 30 2026,1,XP203-PR,B,16,B16,4,,,,,,0,,,,,,,,,,,,,,,,,,,,,,,,,,,,,,,,,,,,,,
,VB-MT1-P46,Vismia baccifera,August 25 2025,March 30 2026,,0,XP203-PR,C,1,C1,4,38,82,1.3,75,,1.3,,,,,,,,,,,,,,,,,,,,,,,,,,,,,,,,,,,,,,
,CP-MT4-P47,Carapa guianensis,May 14 2025,March 30 2026,,0,XP203-PR,C,3,C3,4,37,48,1.5,8,,1.5,22,,,,,,,,,,,,,,,,,,,,,,,,,,,,,,,,,,,,,
,AE-MT5-P36,Annona edulis,,March 30 2026,,0,XP203-PR,C,4,C4,4,,46,0.4,17,,0.4,,,,,,,,,,,,,,,,,,,,,,,,,,,,,,,,,,,,,,
,EA-MT5-P13,Ecuadendron acosta-solisianum,November 25 2025,March 30 2026,,0,XP203-PR,C,5,C5,4,47,53,0.8,7,,0.8,16,,,,,,,,,,,,,,,,,,,,,,,,,,,,,,,,,,,,,
,PG-MT1-P29,Pouruma guianensis,,March 30 2026,,0,XP203-PR,C,6,C6,4,,22,0.1,2,,0.1,,,,,,,,,,,,,,,,,,,,,,,,,,,,,,,,,,,,,,
,OP-MT6-P6,Ochroma pyramidale,May 14 2025,March 30 2026,November 25 2025,1,XP203-PR,C,7,C7,4,47,,,,,0,,,,,,,,,,,,,,,,,,,,,,,,,,,,,,,,,,,,,,
,OP-MT6-P67,Ochroma pyramidale,,March 30 2026,,0,XP203-PR,C,7,C7,4,,35,0.2,3,,0.2,,,,,,,,,,,,,,,,,,,,,,,,,,,,,,,,,,,,,,
,DC-MT5-P79,Dacryodes cupularis,August 25 2025,March 30 2026,,0,XP203-PR,C,9,C9,4,40,23,0.3,3,,0.3,10,,,,,,,,,,,,,,,,,,,,,,,,,,,,,,,,,,,,,
,CH-MT4-P83,Cecropia hispidissima,August 25 2025,March 30 2026,,0,XP203-PR,C,10,C10,4,42,56,0.6,5,,0.6,,,,,,,,,,,,,,,,,,,,,,,,,,,,,,,,,,,,,,
,PA-MT6-P69,Piper aduncum,May 14 2025,March 30 2026,,0,XP203-PR,C,11,C11,4,14,53,1,35,,1,,,,,,,,,,,,,,,,,,,,,,,,,,,,,,,,,,,,,,
,BS-MT6-P80,Bactris setulosa,November 25 2025,March 30 2026,,0,XP203-PR,C,12,C12,4,,15,1.2,4,,1.2,,,,,,,,,,,,,,,,,,,,,,,,,,,,,,,,,,,,,,
,BU-MT2-P35,Brosimum utile,August 25 2025,March 30 2026,November 25 2025,1,XP203-PR,C,13,C13,4,,,,,,0,,,,,,,,,,,,,,,,,,,,,,,,,,,,,,,,,,,,,,
,BU-MT2-P62,Brosimum utile,,March 30 2026,,0,XP203-PR,C,13,C13,4,,20,0.2,13,,0.2,,,,,,,,,,,,,,,,,,,,,,,,,,,,,,,,,,,,,,
,BP-MT4-P77,Bauhinia pichinchensis,,March 30 2026,,0,XP203-PR,C,14,C14,4,,28,0.3,3,,0.3,,,,,,,,,,,,,,,,,,,,,,,,,,,,,,,,,,,,,,
,IS-MT2-P23,Inga silanchensis,November 25 2025,March 30 2026,,0,XP203-PR,C,15,C15,4,21,25,0.6,4,,0.6,11,,,,,,,,,,,,,,,,,,,,,,,,,,,,,,,,,,,,,
,BG-MT1-P97,Banara guianensis,August 25 2025,March 30 2026,,0,XP203-PR,C,16,C16,4,59,47,0.5,14,,0.5,,,,,,,,,,,,,,,,,,,,,,,,,,,,,,,,,,,,,,
,OP-MT2-P9,Ochroma pyramidale,March 25 2025,March 30 2026,,0,XP203-PR,A,1,A1,5,30,52,0.2,5,,0.2,,,,,,,,,,,,,,,,,,,,,,,,,,,,,,,,,,,,,,
,CP-MT3-P42,Carapa guianensis,May 14 2025,March 30 2026,March 30 2026,1,XP203-PR,A,2,A2,5,56,,,,,0,,,,,,,,,,,,,,,,,,,,,,,,,,,,,,,,,,,,,,
,DC-MT4-P12,Dacryodes cupularis,August 25 2025,March 30 2026,,0,XP203-PR,A,4,A4,5,12,15,0.1,3,,0.1,8,,,,,,,,,,,,,,,,,,,,,,,,,,,,,,,,,,,,,
,IS-MT3-P100,Inga silanchensis,,March 30 2026,,0,XP203-PR,A,7,A7,5,,26,0.4,3,,0.4,6,,,,,,,,,,,,,,,,,,,,,,,,,,,,,,,,,,,,,
,BG-MT5-P46,Banara guianensis,August 25 2025,March 30 2026,,0,XP203-PR,A,9,A9,5,62,77,0.8,48,,0.8,,,,,,,,,,,,,,,,,,,,,,,,,,,,,,,,,,,,,,
,CH-MT3-P35,Cecropia hispidissima,August 25 2025,March 30 2026,,0,XP203-PR,A,10,A10,5,52,80,0.9,5,,0.9,,,,,,,,,,,,,,,,,,,,,,,,,,,,,,,,,,,,,,
,PG-MT3-P63,Pouruma guianensis,,March 30 2026,,0,XP203-PR,A,11,A11,5,,15,0.1,4,,0.1,,,,,,,,,,,,,,,,,,,,,,,,,,,,,,,,,,,,,,
,AE-MT1-P21,Annona edulis,,March 30 2026,,0,XP203-PR,A,13,A13,5,,36,0.4,15,,0.4,,,,,,,,,,,,,,,,,,,,,,,,,,,,,,,,,,,,,,
,CP-MT2-P48,Carapa guianensis,May 14 2025,March 30 2026,August 25 2025,1,XP203-PR,B,1,B1,5,31,,,,,0,,,,,,,,,,,,,,,,,,,,,,,,,,,,,,,,,,,,,,
,CP-MT2-P82,Carapa guianensis,,March 30 2026,,0,XP203-PR,B,1,B1,5,,75,1.3,4,,1.3,18,,,,,,,,,,,,,,,,,,,,,,,,,,,,,,,,,,,,,
,OP-MT7-P12,Ochroma pyramidale,May 14 2025,March 30 2026,,0,XP203-PR,B,2,B2,5,70,126,1.1,4,,1.1,,,,,,,,,,,,,,,,,,,,,,,,,,,,,,,,,,,,,,
,PA-MT6-P77,Piper aduncum,May 14 2025,March 30 2026,,0,XP203-PR,B,3,B3,5,18,98,0.9,84,,0.9,,,,,,,,,,,,,,,,,,,,,,,,,,,,,,,,,,,,,,
,BU-MT1-P18,Brosimum utile,May 14 2025,March 30 2026,March 30 2026,1,XP203-PR,B,4,B4,5,22,,,,,0,,,,,,,,,,,,,,,,,,,,,,,,,,,,,,,,,,,,,,
,AE-MT1-P46,Annona edulis,,March 30 2026,March 30 2026,1,XP203-PR,B,5,B5,5,,,,,,0,,,,,,,,,,,,,,,,,,,,,,,,,,,,,,,,,,,,,,
,PG-MT4-P4,Pouruma guianensis,,March 30 2026,,0,XP203-PR,B,8,B8,5,,21,0.2,3,,0.2,,,,,,,,,,,,,,,,,,,,,,,,,,,,,,,,,,,,,,
,CH-MT4-P20,Cecropia hispidissima,August 25 2025,March 30 2026,,0,XP203-PR,B,10,B10,5,46,77,0.5,9,,0.5,,,,,,,,,,,,,,,,,,,,,,,,,,,,,,,,,,,,,,
,BG-MT2-P84,Banara guianensis,August 25 2025,March 30 2026,,0,XP203-PR,B,13,B13,5,59,59,0.3,18,,0.3,,,,,,,,,,,,,,,,,,,,,,,,,,,,,,,,,,,,,,
,DC-MT1-P44,Dacryodes cupularis,August 25 2025,March 30 2026,,0,XP203-PR,B,14,B14,5,32,41,0.4,4,,0.4,20,,,,,,,,,,,,,,,,,,,,,,,,,,,,,,,,,,,,,
,IS-MT3-P70,Inga silanchensis,,March 30 2026,,0,XP203-PR,B,15,B15,5,,33,0.6,4,,0.6,13,,,,,,,,,,,,,,,,,,,,,,,,,,,,,,,,,,,,,
,IS-MT3-P54,Inga silanchensis,March 25 2025,March 30 2026,,0,XP203-PR,C,1,C1,5,21,49,0.5,5,,0.5,19,,,,,,,,,,,,,,,,,,,,,,,,,,,,,,,,,,,,,
,CP-MT4-P1,Carapa guianensis,May 14 2025,March 30 2026,,0,XP203-PR,C,2,C2,5,46,100,1.4,8,,1.4,32,,,,,,,,,,,,,,,,,,,,,,,,,,,,,,,,,,,,,
,PG-MT2-P74,Pouruma guianensis,,March 30 2026,March 30 2026,1,XP203-PR,C,5,C5,5,,,,,,0,,,,,,,,,,,,,,,,,,,,,,,,,,,,,,,,,,,,,,
,DC-MT5-P25,Dacryodes cupularis,August 25 2025,March 30 2026,,0,XP203-PR,C,12,C12,5,11,7,0.1,3,,0.1,9,,,,,,,,,,,,,,,,,,,,,,,,,,,,,,,,,,,,,
,AE-MT2-P48,Annona edulis,,March 30 2026,,0,XP203-PR,C,13,C13,5,,34,3,8,,3,,,,,,,,,,,,,,,,,,,,,,,,,,,,,,,,,,,,,,
,BG-MT4-P60,Banara guianensis,August 25 2025,March 30 2026,,0,XP203-PR,C,14,C14,5,56,97,0.7,39,,0.7,,,,,,,,,,,,,,,,,,,,,,,,,,,,,,,,,,,,,,
,VB-MT5-P39,Vismia baccifera,,March 31 2026,,0,XP204-PR,A,1,A1,1,,50,0.1,16,,0.1,,,,,,,,,,,,,,,,,,,,,,,,,,,,,,,,,,,,,,
,BG-MT4-P7,Banara guianensis,August 26 2025,March 31 2026,,0,XP204-PR,A,2,A2,1,63,106,1.6,157,,1.6,,,,,,,,,,,,,,,,,,,,,,,,,,,,,,,,,,,,,,
,DC-MT5-P43,Dacryodes cupularis,August 26 2025,March 31 2026,,0,XP204-PR,A,4,A4,1,23,25,0.5,4,,0.5,7,,,,,,,,,,,,,,,,,,,,,,,,,,,,,,,,,,,,,
,PA-MT3-P40,Piper aduncum,March 25 2025,March 31 2026,,0,XP204-PR,A,5,A5,1,22,135,2.4,207,0.8,,,77,1.1,0.4,,,,,,,,,,,,,,,,,,,,,,,,,,,,,,,,,,
,BS-MT7-P9,Bactris setulosa,August 26 2025,March 31 2026,,0,XP204-PR,A,6,A6,1,22,13,1.6,5,,1.6,,,,,,,,,,,,,,,,,,,,,,,,,,,,,,,,,,,,,,
,IS-MT5-P85,Inga silanchensis,March 25 2025,March 31 2026,,0,XP204-PR,A,7,A7,1,22,17,0.4,3,,0.4,6,,,,,,,,,,,,,,,,,,,,,,,,,,,,,,,,,,,,,
,CP-MT5-P37,Carapa guianensis,August 26 2025,March 31 2026,,0,XP204-PR,A,8,A8,1,60,70,1.7,7,,1.7,40,,,,,,,,,,,,,,,,,,,,,,,,,,,,,,,,,,,,,
,OP-MT9-P32,Ochroma pyramidale,March 25 2025,March 31 2026,May 14 2025,1,XP204-PR,A,9,A9,1,51,,,,,0,,,,,,,,,,,,,,,,,,,,,,,,,,,,,,,,,,,,,,
,OP-MT7-P59,Ochroma pyramidale,November 25 2025,March 31 2026,,0,XP204-PR,A,9,A9,1,41,60,2,11,,2,,,,,,,,,,,,,,,,,,,,,,,,,,,,,,,,,,,,,,
,EA-MT5-P92,Ecuadendron acosta-solisianum,,March 31 2026,,0,XP204-PR,A,10,A10,1,,62,1,8,,1,23,,,,,,,,,,,,,,,,,,,,,,,,,,,,,,,,,,,,,
,PG-MT1-P7,Pouruma guianensis,,March 31 2026,,0,XP204-PR,A,11,A11,1,,32,0.3,11,,0.3,,,,,,,,,,,,,,,,,,,,,,,,,,,,,,,,,,,,,,
,BU-MT3-P46,Brosimum utile,August 26 2025,March 31 2026,,0,XP204-PR,A,12,A12,1,44,47,0.5,11,,0.5,,,,,,,,,,,,,,,,,,,,,,,,,,,,,,,,,,,,,,
,BP-MT2-P57,Bauhinia pichinchensis,,March 31 2026,,0,XP204-PR,A,13,A13,1,,17,0.1,3,,0.1,,,,,,,,,,,,,,,,,,,,,,,,,,,,,,,,,,,,,,
,AE-MT2-P8,Annona edulis,,March 31 2026,,0,XP204-PR,A,14,A14,1,,47,0.5,12,,0.5,,,,,,,,,,,,,,,,,,,,,,,,,,,,,,,,,,,,,,
,CH-MT2-P72,Cecropia hispidissima,August 26 2025,March 31 2026,,0,XP204-PR,A,15,A15,1,36,110,2.5,14,,2.5,,,,,,,,,,,,,,,,,,,,,,,,,,,,,,,,,,,,,,
,BP-MT3-P51,Bauhinia pichinchensis,,March 31 2026,March 31 2026,1,XP204-PR,B,1,B1,1,,,,,,0,,,,,,,,,,,,,,,,,,,,,,,,,,,,,,,,,,,,,,
,OP-MT8-P64,Ochroma pyramidale,May 14 2025,March 31 2026,,0,XP204-PR,B,2,B2,1,42.5,64,1.2,8,,1.2,,,,,,,,,,,,,,,,,,,,,,,,,,,,,,,,,,,,,,
,CH-MT5-P40,Cecropia hispidissima,August 26 2025,March 31 2026,,0,XP204-PR,B,3,B3,1,59,118,2.5,9,,2.5,,,,,,,,,,,,,,,,,,,,,,,,,,,,,,,,,,,,,,
,EA-MT5-P11,Ecuadendron acosta-solisianum,November 25 2025,March 31 2026,,0,XP204-PR,B,5,B5,1,33,61,1.1,8,,1.1,23,,,,,,,,,,,,,,,,,,,,,,,,,,,,,,,,,,,,,
,CP-MT5-P50,Carapa guianensis,August 26 2025,March 31 2026,,0,XP204-PR,B,6,B6,1,62,63,1.6,7,,1.6,26,,,,,,,,,,,,,,,,,,,,,,,,,,,,,,,,,,,,,
,BU-MT5-P66,Brosimum utile,August 26 2025,March 31 2026,,0,XP204-PR,B,7,B7,1,35,45,0.6,4,,0.6,,,,,,,,,,,,,,,,,,,,,,,,,,,,,,,,,,,,,,
,AE-MT2-P26,Annona edulis,,March 31 2026,,0,XP204-PR,B,8,B8,1,,36,0.1,13,,0.1,,,,,,,,,,,,,,,,,,,,,,,,,,,,,,,,,,,,,,
,VB-MT4-P63,Vismia baccifera,,March 31 2026,,0,XP204-PR,B,9,B9,1,,28,0.2,5,,0.2,,,,,,,,,,,,,,,,,,,,,,,,,,,,,,,,,,,,,,
,IS-MT4-P48,Inga silanchensis,May 14 2025,March 31 2026,,0,XP204-PR,B,10,B10,1,25,25,0.4,3,,0.4,7,,,,,,,,,,,,,,,,,,,,,,,,,,,,,,,,,,,,,
,BS-MT1-P81,Bactris setulosa,November 25 2025,March 31 2026,,0,XP204-PR,B,11,B11,1,32,12,0.7,2,,0.7,,,,,,,,,,,,,,,,,,,,,,,,,,,,,,,,,,,,,,
,MC-MT2-P44,Miconia conocuatrecasasii,August 26 2025,March 31 2026,,0,XP204-PR,B,12,B12,1,23,65,1.7,41,,1.7,,,,,,,,,,,,,,,,,,,,,,,,,,,,,,,,,,,,,,
,BG-MT5-P75,Banara guianensis,August 26 2025,March 31 2026,,0,XP204-PR,B,13,B13,1,68,136,1.8,89,0.6,,,,,,,,,,,,,,,,,,,,,,,,,,,,,,,,,,,,,,,
,PG-MT5-P67,Pouruma guianensis,,March 31 2026,,0,XP204-PR,B,14,B14,1,,28,0.2,5,,0.2,,,,,,,,,,,,,,,,,,,,,,,,,,,,,,,,,,,,,,
,DC-MT3-P52,Dacryodes cupularis,August 26 2025,March 31 2026,November 25 2025,1,XP204-PR,B,16,B16,1,29,,,,,0,,,,,,,,,,,,,,,,,,,,,,,,,,,,,,,,,,,,,,
,BG-MT2-P59,Banara guianensis,August 26 2025,March 31 2026,,0,XP204-PR,C,1,C1,1,54,80,0.7,35,,0.7,,,,,,,,,,,,,,,,,,,,,,,,,,,,,,,,,,,,,,
,DC-MT3-P6,Dacryodes cupularis,August 26 2025,March 31 2026,,0,XP204-PR,C,2,C2,1,25,26,0.1,2,,0.1,9,,,,,,,,,,,,,,,,,,,,,,,,,,,,,,,,,,,,,
,BP-MT1-P31,Bauhinia pichinchensis,,March 31 2026,March 31 2026,1,XP204-PR,C,3,C3,1,,,,,,0,,,,,,,,,,,,,,,,,,,,,,,,,,,,,,,,,,,,,,
,VB-MT5-P71,Vismia baccifera,,March 31 2026,,0,XP204-PR,C,4,C4,1,,45,0.3,12,,0.3,,,,,,,,,,,,,,,,,,,,,,,,,,,,,,,,,,,,,,
,BU-MT4-P20,Brosimum utile,August 26 2025,March 31 2026,,0,XP204-PR,C,5,C5,1,40,44,0.4,4,,0.4,,,,,,,,,,,,,,,,,,,,,,,,,,,,,,,,,,,,,,with parasite plant
,AE-MT1-P13,Annona edulis,,March 31 2026,,0,XP204-PR,C,6,C6,1,,23,0.2,10,,0.2,,,,,,,,,,,,,,,,,,,,,,,,,,,,,,,,,,,,,,
,IS-MT3-P41,Inga silanchensis,November 25 2025,March 31 2026,,0,XP204-PR,C,7,C7,1,25,36,0.6,6,,0.6,33,,,,,,,,,,,,,,,,,,,,,,,,,,,,,,,,,,,,,
,OP-MT6-P9,Ochroma pyramidale,May 14 2025,March 31 2026,,0,XP204-PR,C,8,C8,1,44.5,135,35,17,11.1,,,,,,,,,,,,,,,,,,,,,,,,,,,,,,,,,,,,,,,
,CP-MT2-P33,Carapa guianensis,May 14 2025,March 31 2026,,0,XP204-PR,C,9,C9,1,70,56,1.6,8,,1.6,37,,,,,,,,,,,,,,,,,,,,,,,,,,,,,,,,,,,,,
,EA-MT3-P1,Ecuadendron acosta-solisianum,May 14 2025,March 31 2026,,0,XP204-PR,C,10,C10,1,43,50,0.9,7,,0.9,22,,,,,,,,,,,,,,,,,,,,,,,,,,,,,,,,,,,,,
,BS-MT6-P49,Bactris setulosa,November 25 2025,March 31 2026,,0,XP204-PR,C,11,C11,1,,16,0.4,7,,0.4,,,,,,,,,,,,,,,,,,,,,,,,,,,,,,,,,,,,,,
,CH-MT2-P66,Cecropia hispidissima,August 26 2025,March 31 2026,,0,XP204-PR,C,12,C12,1,34,76,1.4,7,,1.4,,,,,,,,,,,,,,,,,,,,,,,,,,,,,,,,,,,,,,
,PG-MT1-P27,Pouruma guianensis,,March 31 2026,March 31 2026,1,XP204-PR,C,16,C16,1,,,,,,0,,,,,,,,,,,,,,,,,,,,,,,,,,,,,,,,,,,,,,
,OP-MT2-P68,Ochroma pyramidale,March 25 2025,March 31 2026,May 14 2025,1,XP204-PR,A,2,A2,2,44,,,,,0,,,,,,,,,,,,,,,,,,,,,,,,,,,,,,,,,,,,,,
,OP-MT8-P54,Ochroma pyramidale,November 25 2025,March 31 2026,,0,XP204-PR,A,2,A2,2,52,52,0.6,9,,0.6,,,,,,,,,,,,,,,,,,,,,,,,,,,,,,,,,,,,,,
,BP-MT2-P25,Bauhinia pichinchensis,,March 31 2026,,0,XP204-PR,A,3,A3,2,,23,0.2,4,,0.2,,,,,,,,,,,,,,,,,,,,,,,,,,,,,,,,,,,,,,
,CH-MT1-P43,Cecropia hispidissima,May 14 2025,March 31 2026,August 26 2025,1,XP204-PR,A,4,A4,2,16.5,,,,,0,,,,,,,,,,,,,,,,,,,,,,,,,,,,,,,,,,,,,,
,CH-MT3-P31,Cecropia hispidissima,,March 31 2026,,0,XP204-PR,A,4,A4,2,,25,0.3,5,,0.3,,,,,,,,,,,,,,,,,,,,,,,,,,,,,,,,,,,,,,
,IS-MT3-P77,Inga silanchensis,March 25 2025,March 31 2026,,0,XP204-PR,A,5,A5,2,29,39,0.6,10,,0.6,33,,,,,,,,,,,,,,,,,,,,,,,,,,,,,,,,,,,,,
,DC-MT1-P74,Dacryodes cupularis,August 26 2025,March 31 2026,March 31 2026,1,XP204-PR,A,6,A6,2,,,,,,0,,,,,,,,,,,,,,,,,,,,,,,,,,,,,,,,,,,,,,
,BS-MT6-P28,Bactris setulosa,August 26 2025,March 31 2026,,0,XP204-PR,A,7,A7,2,19,5,0.6,3,,0.6,,,,,,,,,,,,,,,,,,,,,,,,,,,,,,,,,,,,,,
,BU-MT1-P47,Brosimum utile,May 14 2025,March 31 2026,,0,XP204-PR,A,8,A8,2,30,60,0.6,9,,0.6,,,,,,,,,,,,,,,,,,,,,,,,,,,,,,,,,,,,,,
,PG-MT5-P65,Pouruma guianensis,,March 31 2026,,0,XP204-PR,A,9,A9,2,,19,0.1,1,,0.1,,,,,,,,,,,,,,,,,,,,,,,,,,,,,,,,,,,,,,
,EA-MT5-P50,Ecuadendron acosta-solisianum,November 25 2025,March 31 2026,March 31 2026,1,XP204-PR,A,10,A10,2,49,,,,,0,,,,,,,,,,,,,,,,,,,,,,,,,,,,,,,,,,,,,,
,CP-MT4-P15,Carapa guianensis,May 14 2025,March 31 2026,,0,XP204-PR,A,11,A11,2,49.5,71,1.4,9,,1.4,42,,,,,,,,,,,,,,,,,,,,,,,,,,,,,,,,,,,,,
,PA-MT3-P41,Piper aduncum,March 25 2025,March 31 2026,,0,XP204-PR,A,12,A12,2,22,60,1.1,72,,1.1,,,,,,,,,,,,,,,,,,,,,,,,,,,,,,,,,,,,,,
,VB-MT5-P52,Vismia baccifera,,March 31 2026,,0,XP204-PR,A,13,A13,2,,46,0.2,23,,0.2,,,,,,,,,,,,,,,,,,,,,,,,,,,,,,,,,,,,,,
,BG-MT3-P71,Banara guianensis,August 26 2025,March 31 2026,,0,XP204-PR,A,15,A15,2,66,97,1.3,117,,1.3,,,,,,,,,,,,,,,,,,,,,,,,,,,,,,,,,,,,,,
,AE-MT3-P18,Annona edulis,,March 31 2026,,0,XP204-PR,A,16,A16,2,,30,0.2,6,,0.2,,,,,,,,,,,,,,,,,,,,,,,,,,,,,,,,,,,,,,
,BG-MT1-P57,Banara guianensis,August 26 2025,March 31 2026,,0,XP204-PR,B,1,B1,2,57,27,0.2,28,,0.2,,,,,,,,,,,,,,,,,,,,,,,,,,,,,,,,,,,,,,
,VB-MT4-P36,Vismia baccifera,,March 31 2026,,0,XP204-PR,B,3,B3,2,,44,0.1,9,,0.1,,,,,,,,,,,,,,,,,,,,,,,,,,,,,,,,,,,,,,
,IS-MT2-P94,Inga silanchensis,March 25 2025,March 31 2026,,0,XP204-PR,B,4,B4,2,25,25,0.4,2,,0.4,4,,,,,,,,,,,,,,,,,,,,,,,,,,,,,,,,,,,,,
,MC-MT1-P42,Miconia conocuatrecasasii,August 26 2025,March 31 2026,,0,XP204-PR,B,5,B5,2,22,54,1,31,,1,,,,,,,,,,,,,,,,,,,,,,,,,,,,,,,,,,,,,,
,EA-MT1-P60,Ecuadendron acosta-solisianum,November 25 2025,March 31 2026,,0,XP204-PR,B,6,B6,2,44,59,0.8,12,,0.8,28,,,,,,,,,,,,,,,,,,,,,,,,,,,,,,,,,,,,,
,BP-MT2-P35,Bauhinia pichinchensis,,March 31 2026,,0,XP204-PR,B,7,B7,2,,34,0.3,3,,0.3,,,,,,,,,,,,,,,,,,,,,,,,,,,,,,,,,,,,,,
,DC-MT5-P69,Dacryodes cupularis,August 26 2025,March 31 2026,March 31 2026,1,XP204-PR,B,8,B8,2,19,,,,,0,,,,,,,,,,,,,,,,,,,,,,,,,,,,,,,,,,,,,,
,BS-MT5-P75,Bactris setulosa,November 25 2025,March 31 2026,,0,XP204-PR,B,9,B9,2,29,9,1,2,,1,,,,,,,,,,,,,,,,,,,,,,,,,,,,,,,,,,,,,,
,CH-MT3-P9,Cecropia hispidissima,August 26 2025,March 31 2026,March 31 2026,1,XP204-PR,B,11,B11,2,50,,,,,0,,,,,,,,,,,,,,,,,,,,,,,,,,,,,,,,,,,,,,
,CP-MT4-P58,Carapa guianensis,May 14 2025,March 31 2026,,0,XP204-PR,B,12,B12,2,69,45,1.3,4,,1.3,15,,,,,,,,,,,,,,,,,,,,,,,,,,,,,,,,,,,,,
,BU-MT2-P42,Brosimum utile,August 26 2025,March 31 2026,March 31 2026,1,XP204-PR,B,13,B13,2,19,,,,,0,,,,,,,,,,,,,,,,,,,,,,,,,,,,,,,,,,,,,,
,PG-MT4-P43,Pouruma guianensis,,March 31 2026,,0,XP204-PR,B,15,B15,2,,25,0.2,1,,0.2,,,,,,,,,,,,,,,,,,,,,,,,,,,,,,,,,,,,,,
,AE-MT3-P72,Annona edulis,,March 31 2026,March 31 2026,1,XP204-PR,B,16,B16,2,,,,,,0,,,,,,,,,,,,,,,,,,,,,,,,,,,,,,,,,,,,,,
,BS-MT1-P36,Bactris setulosa,November 25 2025,March 31 2026,March 31 2026,1,XP204-PR,C,1,C1,2,33,,,,,0,,,,,,,,,,,,,,,,,,,,,,,,,,,,,,,,,,,,,,
,CH-MT2-P8,Cecropia hispidissima,August 26 2025,March 31 2026,,0,XP204-PR,C,2,C2,2,97,46,0.9,6,,0.9,,,,,,,,,,,,,,,,,,,,,,,,,,,,,,,,,,,,,,
,BP-MT4-P3,Bauhinia pichinchensis,,March 31 2026,,0,XP204-PR,C,3,C3,2,,22,0.1,3,,0.1,,,,,,,,,,,,,,,,,,,,,,,,,,,,,,,,,,,,,,
,AE-MT5-P63,Annona edulis,,March 31 2026,,0,XP204-PR,C,4,C4,2,,20,0.3,9,,0.3,,,,,,,,,,,,,,,,,,,,,,,,,,,,,,,,,,,,,,
,BU-MT1-P50,Brosimum utile,May 14 2025,March 31 2026,August 26 2025,1,XP204-PR,C,6,C6,2,22,,,,,0,,,,,,,,,,,,,,,,,,,,,,,,,,,,,,,,,,,,,,
,BU-MT1-P30,Brosimum utile,November 25 2025,March 31 2026,,0,XP204-PR,C,6,C6,2,40,38,0.4,2,,0.4,,,,,,,,,,,,,,,,,,,,,,,,,,,,,,,,,,,,,,
,DC-MT4-P43,Dacryodes cupularis,August 26 2025,March 31 2026,November 25 2025,1,XP204-PR,C,7,C7,2,27,,,,,0,,,,,,,,,,,,,,,,,,,,,,,,,,,,,,,,,,,,,,
,MC-MT3-P39,Miconia conocuatrecasasii,August 26 2025,March 31 2026,,0,XP204-PR,C,9,C9,2,17,30,0.4,13,,0.4,,,,,,,,,,,,,,,,,,,,,,,,,,,,,,,,,,,,,,
,PG-MT4-P23,Pouruma guianensis,,March 31 2026,,0,XP204-PR,C,10,C10,2,,21,0.2,3,,0.2,,,,,,,,,,,,,,,,,,,,,,,,,,,,,,,,,,,,,,
,EA-MT5-P27,Ecuadendron acosta-solisianum,November 25 2025,March 31 2026,March 31 2026,1,XP204-PR,C,11,C11,2,57,,,,,0,,,,,,,,,,,,,,,,,,,,,,,,,,,,,,,,,,,,,,
,PA-MT6-P73,Piper aduncum,November 25 2025,March 31 2026,,0,XP204-PR,C,12,C12,2,21,21,0.2,8,,0.2,,,,,,,,,,,,,,,,,,,,,,,,,,,,,,,,,,,,,,
,CP-MT1-P37,Carapa guianensis,August 26 2025,March 31 2026,,0,XP204-PR,C,13,C13,2,53,60,1.3,8,,1.3,39,,,,,,,,,,,,,,,,,,,,,,,,,,,,,,,,,,,,,
,VB-MT3-P37,Vismia baccifera,,March 31 2026,,0,XP204-PR,C,14,C14,2,,59,0.2,29,,0.2,,,,,,,,,,,,,,,,,,,,,,,,,,,,,,,,,,,,,,
,BG-MT4-P84,Banara guianensis,August 26 2025,March 31 2026,,0,XP204-PR,C,15,C15,2,56,63,0.3,38,,0.3,,,,,,,,,,,,,,,,,,,,,,,,,,,,,,,,,,,,,,
,IS-MT5-P83,Inga silanchensis,November 25 2025,March 31 2026,,0,XP204-PR,C,16,C16,2,30,35,0.7,3,,0.7,,,,,,,,,,,,,,,,,,,,,,,,,,,,,,,,,,,,,,
,EA-MT4-P19,Ecuadendron acosta-solisianum,May 14 2025,March 31 2026,,0,XP204-PR,A,1,A1,3,58,90,1.6,17,,1.6,49,,,,,,,,,,,,,,,,,,,,,,,,,,,,,,,,,,,,,
,PA-MT6-P25,Piper aduncum,May 14 2025,March 31 2026,,0,XP204-PR,A,2,A2,3,16,73,1.1,46,,1.1,13,,,,,,,,,,,,,,,,,,,,,,,,,,,,,,,,,,,,,
,VB-MT5-P32,Vismia baccifera,,March 31 2026,,0,XP204-PR,A,3,A3,3,,47,0.2,9,,0.2,,,,,,,,,,,,,,,,,,,,,,,,,,,,,,,,,,,,,,
,MC-MT1-P81,Miconia conocuatrecasasii,August 26 2025,March 31 2026,,0,XP204-PR,A,4,A4,3,25,56,1,23,,1,,,,,,,,,,,,,,,,,,,,,,,,,,,,,,,,,,,,,,
,BP-MT3-P7,Bauhinia pichinchensis,,March 31 2026,,0,XP204-PR,A,5,A5,3,,24,0.3,3,,0.3,,,,,,,,,,,,,,,,,,,,,,,,,,,,,,,,,,,,,,
,PG-MT2-P73,Pouruma guianensis,,March 31 2026,,0,XP204-PR,A,6,A6,3,,20,0.2,4,,0.2,,,,,,,,,,,,,,,,,,,,,,,,,,,,,,,,,,,,,,
,CP-MT3-P9,Carapa guianensis,May 14 2025,March 31 2026,,0,XP204-PR,A,7,A7,3,89,59,1.2,5,,1.2,28,,,,,,,,,,,,,,,,,,,,,,,,,,,,,,,,,,,,,
,BG-MT2-P58,Banara guianensis,August 26 2025,March 31 2026,,0,XP204-PR,A,8,A8,3,53,126,1.4,84,,1.4,,,,,,,,,,,,,,,,,,,,,,,,,,,,,,,,,,,,,,
,IS-MT3-P26,Inga silanchensis,March 25 2025,March 31 2026,March 31 2026,1,XP204-PR,A,9,A9,3,18,,,,,0,,,,,,,,,,,,,,,,,,,,,,,,,,,,,,,,,,,,,,
,BU-MT5-P11,Brosimum utile,August 26 2025,March 31 2026,,0,XP204-PR,A,11,A11,3,38,50,0.5,5,,0.5,,,,,,,,,,,,,,,,,,,,,,,,,,,,,,,,,,,,,,
,OP-MT9-P58,Ochroma pyramidale,March 25 2025,March 31 2026,,0,XP204-PR,A,12,A12,3,58,73,1.1,4,,1.1,,,,,,,,,,,,,,,,,,,,,,,,,,,,,,,,,,,,,,
,AE-MT1-P54,Annona edulis,,March 31 2026,,0,XP204-PR,A,13,A13,3,,31,0.2,16,,0.2,,,,,,,,,,,,,,,,,,,,,,,,,,,,,,,,,,,,,,
,CH-MT4-P30,Cecropia hispidissima,August 26 2025,March 31 2026,,0,XP204-PR,A,14,A14,3,36,130,2.3,10,,2.3,,,,,,,,,,,,,,,,,,,,,,,,,,,,,,,,,,,,,,
,BS-MT1-P1,Bactris setulosa,August 26 2025,March 31 2026,,0,XP204-PR,A,15,A15,3,,13,1.5,5,,1.5,,,,,,,,,,,,,,,,,,,,,,,,,,,,,,,,,,,,,,
,DC-MT5-P87,Dacryodes cupularis,,March 31 2026,,0,XP204-PR,A,16,A16,3,,22,0.3,2,,0.3,8,,,,,,,,,,,,,,,,,,,,,,,,,,,,,,,,,,,,,
,BS-MT7-P30,Bactris setulosa,November 25 2025,March 31 2026,March 31 2026,1,XP204-PR,B,2,B2,3,23,,,,,0,,,,,,,,,,,,,,,,,,,,,,,,,,,,,,,,,,,,,,
,BG-MT5-P94,Banara guianensis,August 26 2025,March 31 2026,,0,XP204-PR,B,3,B3,3,61,120,0.7,177,,0.7,,,,,,,,,,,,,,,,,,,,,,,,,,,,,,,,,,,,,,
,IS-MT2-P93,Inga silanchensis,March 25 2025,March 31 2026,,0,XP204-PR,B,4,B4,3,25,25,0.3,6,,0.3,19,,,,,,,,,,,,,,,,,,,,,,,,,,,,,,,,,,,,,
,EA-MT4-P67,Ecuadendron acosta-solisianum,,March 31 2026,,0,XP204-PR,B,5,B5,3,,70,1.1,2,,1.1,4,,,,,,,,,,,,,,,,,,,,,,,,,,,,,,,,,,,,,
,CP-MT2-P29,Carapa guianensis,May 14 2025,March 31 2026,August 26 2025,1,XP204-PR,B,6,B6,3,42,,,,,0,,,,,,,,,,,,,,,,,,,,,,,,,,,,,,,,,,,,,,
,CP-MT1-P66,Carapa guianensis,,March 31 2026,,0,XP204-PR,B,6,B6,3,,46,0.8,3,,0.8,12,,,,,,,,,,,,,,,,,,,,,,,,,,,,,,,,,,,,,
,BP-MT4-P72,Bauhinia pichinchensis,,March 31 2026,,0,XP204-PR,B,7,B7,3,,14,0.2,2,,0.2,,,,,,,,,,,,,,,,,,,,,,,,,,,,,,,,,,,,,,
,OP-MT8-P22,Ochroma pyramidale,May 14 2025,March 31 2026,August 26 2025,1,XP204-PR,B,8,B8,3,73,,,,,0,,,,,,,,,,,,,,,,,,,,,,,,,,,,,,,,,,,,,,
,OP-MT2-P64,Ochroma pyramidale,November 25 2025,March 31 2026,,0,XP204-PR,B,8,B8,3,56,63,1.2,8,,1.2,,,,,,,,,,,,,,,,,,,,,,,,,,,,,,,,,,,,,,
,CH-MT5-P87,Cecropia hispidissima,August 26 2025,March 31 2026,,0,XP204-PR,B,9,B9,3,52,117,2.6,11,,2.6,,,,,,,,,,,,,,,,,,,,,,,,,,,,,,,,,,,,,,
,PG-MT1-P65,Pouruma guianensis,,March 31 2026,,0,XP204-PR,B,10,B10,3,,40,0.4,3,,0.4,,,,,,,,,,,,,,,,,,,,,,,,,,,,,,,,,,,,,,
,VB-MT1-P32,Vismia baccifera,August 26 2025,March 31 2026,,0,XP204-PR,B,11,B11,3,39,97,2.2,177,,2.2,,,,,,,,,,,,,,,,,,,,,,,,,,,,,,,,,,,,,,
,DC-MT4-P8,Dacryodes cupularis,August 26 2025,March 31 2026,,0,XP204-PR,B,12,B12,3,42,33,0.6,3,,0.6,14,,,,,,,,,,,,,,,,,,,,,,,,,,,,,,,,,,,,,
,BU-MT2-P9,Brosimum utile,August 26 2025,March 31 2026,,0,XP204-PR,B,13,B13,3,20,33,0.3,5,,0.3,,,,,,,,,,,,,,,,,,,,,,,,,,,,,,,,,,,,,,
,PA-MT7-P7,Piper aduncum,August 26 2025,March 31 2026,,0,XP204-PR,B,15,B15,3,30,51,0.6,47,,0.6,,,,,,,,,,,,,,,,,,,,,,,,,,,,,,,,,,,,,,
,AE-MT4-P34,Annona edulis,,March 31 2026,,0,XP204-PR,B,16,B16,3,,45,0.3,16,,0.3,,,,,,,,,,,,,,,,,,,,,,,,,,,,,,,,,,,,,,
,IS-MT5-P91,Inga silanchensis,March 25 2025,March 31 2026,August 26 2025,1,XP204-PR,C,2,C2,3,21,,,,,0,,,,,,,,,,,,,,,,,,,,,,,,,,,,,,,,,,,,,,
,IS-MT5-P1,Inga silanchensis,November 25 2025,March 31 2026,,0,XP204-PR,C,2,C2,3,30,32,0.5,5,,0.5,23,,,,,,,,,,,,,,,,,,,,,,,,,,,,,,,,,,,,,
,BU-MT2-P46,Brosimum utile,August 26 2025,March 31 2026,,0,XP204-PR,C,3,C3,3,37,50,0.6,7,,0.6,,,,,,,,,,,,,,,,,,,,,,,,,,,,,,,,,,,,,,
,EA-MT5-P79,Ecuadendron acosta-solisianum,,March 31 2026,,0,XP204-PR,C,4,C4,3,,60,0.8,8,,0.8,20,,,,,,,,,,,,,,,,,,,,,,,,,,,,,,,,,,,,,
,PG-MT3-P20,Pouruma guianensis,,March 31 2026,,0,XP204-PR,C,5,C5,3,,28,0.2,3,,0.2,,,,,,,,,,,,,,,,,,,,,,,,,,,,,,,,,,,,,,
,CH-MT1-P35,Cecropia hispidissima,May 14 2025,March 31 2026,August 26 2025,1,XP204-PR,C,6,C6,3,23,,,,,0,,,,,,,,,,,,,,,,,,,,,,,,,,,,,,,,,,,,,,
,CH-MT2-P59,Cecropia hispidissima,,March 31 2026,,0,XP204-PR,C,6,C6,3,,35,0.2,2,,0.2,,,,,,,,,,,,,,,,,,,,,,,,,,,,,,,,,,,,,,
,OP-MT7-P40,Ochroma pyramidale,May 14 2025,March 31 2026,,0,XP204-PR,C,8,C8,3,71,235,10.5,16,3.3,,,,,,,,,,,,,,,,,,,,,,,,,,,,,,,,,,,,,,,
,BS-MT5-P25,Bactris setulosa,August 26 2025,March 31 2026,March 31 2026,1,XP204-PR,C,9,C9,3,11,,,,,0,,,,,,,,,,,,,,,,,,,,,,,,,,,,,,,,,,,,,,
,AE-MT2-P54,Annona edulis,,March 31 2026,,0,XP204-PR,C,10,C10,3,,43,0.3,24,,0.3,,,,,,,,,,,,,,,,,,,,,,,,,,,,,,,,,,,,,,
,BG-MT1-P83,Banara guianensis,August 26 2025,March 31 2026,,0,XP204-PR,C,11,C11,3,37,115,1.7,183,,1.7,,,,,,,,,,,,,,,,,,,,,,,,,,,,,,,,,,,,,,
,VB-MT1-P50,Vismia baccifera,August 26 2025,March 31 2026,,0,XP204-PR,C,12,C12,3,35,70,0.7,66,,0.7,,,,,,,,,,,,,,,,,,,,,,,,,,,,,,,,,,,,,,
,BP-MT5-P33,Bauhinia pichinchensis,,March 31 2026,March 31 2026,1,XP204-PR,C,14,C14,3,,,,,,0,,,,,,,,,,,,,,,,,,,,,,,,,,,,,,,,,,,,,,
,PA-MT6-P92,Piper aduncum,,March 31 2026,,0,XP204-PR,C,16,C16,3,,45,0.3,4,,0.3,,,,,,,,,,,,,,,,,,,,,,,,,,,,,,,,,,,,,,
,VB-MT2-P67,Vismia baccifera,,March 31 2026,,0,XP204-PR,A,1,A1,4,,33,0.1,16,,0.1,,,,,,,,,,,,,,,,,,,,,,,,,,,,,,,,,,,,,,
,OP-MT2-P31,Ochroma pyramidale,March 25 2025,March 31 2026,,0,XP204-PR,A,2,A2,4,48,400,18.5,59,5.9,,,,,,,,,,,,,,,,,,,,,,,,,,,,,,,,,,,,,,,
,MC-MT2-P58,Miconia conocuatrecasasii,August 26 2025,March 31 2026,,0,XP204-PR,A,3,A3,4,17,34,0.8,13,,0.8,,,,,,,,,,,,,,,,,,,,,,,,,,,,,,,,,,,,,,
,AE-MT4-P50,Annona edulis,,March 31 2026,,0,XP204-PR,A,4,A4,4,,52,0.4,17,,0.4,,,,,,,,,,,,,,,,,,,,,,,,,,,,,,,,,,,,,,
,IS-MT4-P29,Inga silanchensis,May 14 2025,March 31 2026,,0,XP204-PR,A,5,A5,4,17,60,1.1,16,,1.1,65,,,,,,,,,,,,,,,,,,,,,,,,,,,,,,,,,,,,,
,BU-MT3-P23,Brosimum utile,August 26 2025,March 31 2026,,0,XP204-PR,A,6,A6,4,32,40,0.4,9,,0.4,,,,,,,,,,,,,,,,,,,,,,,,,,,,,,,,,,,,,,
,DC-MT2-P3,Dacryodes cupularis,August 26 2025,March 31 2026,,0,XP204-PR,A,7,A7,4,12,20,0.6,6,,0.6,24,,,,,,,,,,,,,,,,,,,,,,,,,,,,,,,,,,,,,
,BG-MT1-P19,Banara guianensis,August 26 2025,March 31 2026,,0,XP204-PR,A,8,A8,4,52,60,0.8,63,,0.8,,,,,,,,,,,,,,,,,,,,,,,,,,,,,,,,,,,,,,
,EA-MT5-P24,Ecuadendron acosta-solisianum,November 25 2025,March 31 2026,,0,XP204-PR,A,9,A9,4,32,35,0.6,5,,0.6,15,,,,,,,,,,,,,,,,,,,,,,,,,,,,,,,,,,,,,
,PA-MT7-P40,Piper aduncum,August 26 2025,March 31 2026,,0,XP204-PR,A,11,A11,4,23,58,1,55,,1,,,,,,,,,,,,,,,,,,,,,,,,,,,,,,,,,,,,,,
,CH-MT4-P73,Cecropia hispidissima,August 26 2025,March 31 2026,,0,XP204-PR,A,12,A12,4,42,82,1.1,3,,1.1,,,,,,,,,,,,,,,,,,,,,,,,,,,,,,,,,,,,,,
,BP-MT4-P59,Bauhinia pichinchensis,,March 31 2026,,0,XP204-PR,A,13,A13,4,,28,0.2,3,,0.2,,,,,,,,,,,,,,,,,,,,,,,,,,,,,,,,,,,,,,
,PG-MT2-P35,Pouruma guianensis,,March 31 2026,,0,XP204-PR,A,14,A14,4,,23,0.2,2,,0.2,,,,,,,,,,,,,,,,,,,,,,,,,,,,,,,,,,,,,,
,BS-MT5-P77,Bactris setulosa,November 25 2025,March 31 2026,,0,XP204-PR,A,15,A15,4,25,10,0.9,3,,0.9,,,,,,,,,,,,,,,,,,,,,,,,,,,,,,,,,,,,,,
,CP-MT1-P59,Carapa guianensis,August 26 2025,March 31 2026,,0,XP204-PR,A,16,A16,4,52,54,1.1,7,,1.1,19,,,,,,,,,,,,,,,,,,,,,,,,,,,,,,,,,,,,,
,PA-MT6-P45,Piper aduncum,May 14 2025,March 31 2026,,0,XP204-PR,B,2,B2,4,24,120,1.9,156,,1.9,,112,1.6,,1.6,,,,,,,,,,,,,,,,,,,,,,,,,,,,,,,,,
,AE-MT2-P51,Annona edulis,,March 31 2026,,0,XP204-PR,B,3,B3,4,,23,0.1,4,,0.1,,,,,,,,,,,,,,,,,,,,,,,,,,,,,,,,,,,,,,
,MC-MT3-P60,Miconia conocuatrecasasii,August 26 2025,March 31 2026,,0,XP204-PR,B,4,B4,4,21,28,0.4,11,,0.4,,,,,,,,,,,,,,,,,,,,,,,,,,,,,,,,,,,,,,
,BP-MT1-P43,Bauhinia pichinchensis,,March 31 2026,,0,XP204-PR,B,5,B5,4,,20,0.1,2,,0.1,,,,,,,,,,,,,,,,,,,,,,,,,,,,,,,,,,,,,,
,CH-MT3-P89,Cecropia hispidissima,August 26 2025,March 31 2026,,0,XP204-PR,B,6,B6,4,54,100,2.2,17,,2.2,,,,,,,,,,,,,,,,,,,,,,,,,,,,,,,,,,,,,,
,IS-MT1-P61,Inga silanchensis,May 14 2025,March 31 2026,,0,XP204-PR,B,7,B7,4,18,26,0.8,7,,0.8,22,,,,,,,,,,,,,,,,,,,,,,,,,,,,,,,,,,,,,
,CP-MT3-P18,Carapa guianensis,May 14 2025,March 31 2026,,0,XP204-PR,B,8,B8,4,38,47,0.7,0,,0.7,,,,,,,,,,,,,,,,,,,,,,,,,,,,,,,,,,,,,,was reported as dead
,BS-MT5-P33,Bactris setulosa,August 26 2025,March 31 2026,,0,XP204-PR,B,9,B9,4,,16,1.9,5,,1.9,,,,,,,,,,,,,,,,,,,,,,,,,,,,,,,,,,,,,,
,BU-MT3-P38,Brosimum utile,August 26 2025,March 31 2026,,0,XP204-PR,B,10,B10,4,38,57,0.8,9,,0.8,,,,,,,,,,,,,,,,,,,,,,,,,,,,,,,,,,,,,,
,EA-MT2-P17,Ecuadendron acosta-solisianum,May 14 2025,March 31 2026,,0,XP204-PR,B,11,B11,4,53,53,1,7,,1,14,,,,,,,,,,,,,,,,,,,,,,,,,,,,,,,,,,,,,
,OP-MT6-P26,Ochroma pyramidale,May 14 2025,March 31 2026,,0,XP204-PR,B,12,B12,4,67.5,220,13.5,26,4.3,,,,,,,,,,,,,,,,,,,,,,,,,,,,,,,,,,,,,,,
,PG-MT4-P56,Pouruma guianensis,,March 31 2026,,0,XP204-PR,B,13,B13,4,,20,0.1,0,,0.1,,,,,,,,,,,,,,,,,,,,,,,,,,,,,,,,,,,,,,
,VB-MT3-P68,Vismia baccifera,,March 31 2026,,0,XP204-PR,B,14,B14,4,,42,0.2,21,,0.2,,,,,,,,,,,,,,,,,,,,,,,,,,,,,,,,,,,,,,
,DC-MT3-P71,Dacryodes cupularis,,March 31 2026,,0,XP204-PR,B,15,B15,4,,40,0.3,3,,0.3,8,,,,,,,,,,,,,,,,,,,,,,,,,,,,,,,,,,,,,
,BG-MT3-P93,Banara guianensis,August 26 2025,March 31 2026,,0,XP204-PR,B,16,B16,4,65,110,1.6,45,,1.6,,,,,,,,,,,,,,,,,,,,,,,,,,,,,,,,,,,,,,
,IS-MT1-P33,Inga silanchensis,May 14 2025,March 31 2026,,0,XP204-PR,C,1,C1,4,22,45,1,11,,1,40,,,,,,,,,,,,,,,,,,,,,,,,,,,,,,,,,,,,,
,AE-MT1-P56,Annona edulis,,March 31 2026,,0,XP204-PR,C,2,C2,4,,30,0.5,11,,0.5,,,,,,,,,,,,,,,,,,,,,,,,,,,,,,,,,,,,,,
,BU-MT4-P14,Brosimum utile,August 26 2025,March 31 2026,,0,XP204-PR,C,4,C4,4,39,50,0.6,7,,0.6,,,,,,,,,,,,,,,,,,,,,,,,,,,,,,,,,,,,,,
,PG-MT5-P5,Pouruma guianensis,,March 31 2026,,0,XP204-PR,C,5,C5,4,,27,0.2,4,,0.2,,,,,,,,,,,,,,,,,,,,,,,,,,,,,,,,,,,,,,
,CH-MT4-P94,Cecropia hispidissima,August 26 2025,March 31 2026,,0,XP204-PR,C,6,C6,4,32,59,0.5,4,,0.5,,,,,,,,,,,,,,,,,,,,,,,,,,,,,,,,,,,,,,
,DC-MT1-P82,Dacryodes cupularis,August 26 2025,March 31 2026,,0,XP204-PR,C,7,C7,4,37,41,0.5,3,,0.5,15,,,,,,,,,,,,,,,,,,,,,,,,,,,,,,,,,,,,,
,VB-MT4-P70,Vismia baccifera,,March 31 2026,,0,XP204-PR,C,8,C8,4,,30,0.1,8,,0.1,,,,,,,,,,,,,,,,,,,,,,,,,,,,,,,,,,,,,,
,OP-MT7-P34,Ochroma pyramidale,May 14 2025,March 31 2026,,0,XP204-PR,C,9,C9,4,50,160,7,26,2.2,,,,,,,,,,,,,,,,,,,,,,,,,,,,,,,,,,,,,,,
,MC-MT1-P68,Miconia conocuatrecasasii,August 26 2025,March 31 2026,,0,XP204-PR,C,10,C10,4,24,51,1,17,,1,,,,,,,,,,,,,,,,,,,,,,,,,,,,,,,,,,,,,,
,BS-MT7-P47,Bactris setulosa,November 25 2025,March 31 2026,,0,XP204-PR,C,12,C12,4,10,10,0.3,1,,0.3,,,,,,,,,,,,,,,,,,,,,,,,,,,,,,,,,,,,,,
,BP-MT1-P27,Bauhinia pichinchensis,,March 31 2026,,0,XP204-PR,C,13,C13,4,,8,0.2,0,,0.2,,,,,,,,,,,,,,,,,,,,,,,,,,,,,,,,,,,,,,
,BG-MT3-P16,Banara guianensis,August 26 2025,March 31 2026,,0,XP204-PR,C,14,C14,4,53,80,1,97,,1,,,,,,,,,,,,,,,,,,,,,,,,,,,,,,,,,,,,,,
,EA-MT1-P55,Ecuadendron acosta-solisianum,November 25 2025,March 31 2026,March 31 2026,1,XP204-PR,C,15,C15,4,40,,,,,0,,,,,,,,,,,,,,,,,,,,,,,,,,,,,,,,,,,,,,
,IS-MT3-P5,Inga silanchensis,March 25 2025,March 31 2026,March 31 2026,1,XP204-PR,A,1,A1,5,27,,,,,0,,,,,,,,,,,,,,,,,,,,,,,,,,,,,,,,,,,,,,
,OP-MT9-P53,Ochroma pyramidale,March 25 2025,March 31 2026,March 31 2026,1,XP204-PR,A,2,A2,5,25,,,,,0,,,,,,,,,,,,,,,,,,,,,,,,,,,,,,,,,,,,,,
,CP-MT3-P43,Carapa guianensis,May 14 2025,March 31 2026,,0,XP204-PR,A,3,A3,5,50,53,1,3,,1,14,,,,,,,,,,,,,,,,,,,,,,,,,,,,,,,,,,,,,
,BU-MT1-P35,Brosimum utile,May 14 2025,March 31 2026,,0,XP204-PR,A,4,A4,5,22,30,0.2,4,,0.2,,,,,,,,,,,,,,,,,,,,,,,,,,,,,,,,,,,,,,
,PA-MT6-P40,Piper aduncum,May 14 2025,March 31 2026,,0,XP204-PR,A,5,A5,5,27.5,70,0.5,11,,0.5,,,,,,,,,,,,,,,,,,,,,,,,,,,,,,,,,,,,,,
,BG-MT4-P71,Banara guianensis,August 26 2025,March 31 2026,,0,XP204-PR,A,8,A8,5,67,84,0.5,15,,0.5,,,,,,,,,,,,,,,,,,,,,,,,,,,,,,,,,,,,,,
,DC-MT3-P46,Dacryodes cupularis,August 26 2025,March 31 2026,March 31 2026,1,XP204-PR,A,11,A11,5,31,,,,,0,,,,,,,,,,,,,,,,,,,,,,,,,,,,,,,,,,,,,,
,PG-MT1-P31,Pouruma guianensis,,March 31 2026,,0,XP204-PR,A,13,A13,5,,30,0.2,2,,0.2,,,,,,,,,,,,,,,,,,,,,,,,,,,,,,,,,,,,,,
,AE-MT2-P34,Annona edulis,,March 31 2026,,0,XP204-PR,A,14,A14,5,,32,0.2,3,,0.2,,,,,,,,,,,,,,,,,,,,,,,,,,,,,,,,,,,,,,
,PA-MT3-P57,Piper aduncum,March 25 2025,March 31 2026,March 31 2026,1,XP204-PR,B,1,B1,5,15,,,,,0,,,,,,,,,,,,,,,,,,,,,,,,,,,,,,,,,,,,,,
,CP-MT4-P61,Carapa guianensis,May 14 2025,March 31 2026,,0,XP204-PR,B,2,B2,5,38,75,1.3,7,,1.3,28,,,,,,,,,,,,,,,,,,,,,,,,,,,,,,,,,,,,,
,IS-MT3-P73,Inga silanchensis,,March 31 2026,,0,XP204-PR,B,3,B3,5,,16,0.3,4,,0.3,15,,,,,,,,,,,,,,,,,,,,,,,,,,,,,,,,,,,,,
,OP-MT7-P22,Ochroma pyramidale,May 14 2025,March 31 2026,November 25 2025,1,XP204-PR,B,4,B4,5,42,,,,,0,,,,,,,,,,,,,,,,,,,,,,,,,,,,,,,,,,,,,,
,CH-MT5-P63,Cecropia hispidissima,August 26 2025,March 31 2026,,0,XP204-PR,B,5,B5,5,42,70,0.5,7,,0.5,,,,,,,,,,,,,,,,,,,,,,,,,,,,,,,,,,,,,,
,PG-MT2-P30,Pouruma guianensis,,March 31 2026,,0,XP204-PR,B,7,B7,5,,20,0.1,3,,0.1,,,,,,,,,,,,,,,,,,,,,,,,,,,,,,,,,,,,,,
,BG-MT5-P85,Banara guianensis,August 26 2025,March 31 2026,,0,XP204-PR,B,8,B8,5,70,57,0.4,11,,0.4,,,,,,,,,,,,,,,,,,,,,,,,,,,,,,,,,,,,,,
,AE-MT5-P46,Annona edulis,,March 31 2026,,0,XP204-PR,B,11,B11,5,,27,0.3,18,,0.3,,,,,,,,,,,,,,,,,,,,,,,,,,,,,,,,,,,,,,
,DC-MT4-P73,Dacryodes cupularis,August 26 2025,March 31 2026,,0,XP204-PR,B,16,B16,5,24,25,0.4,3,,0.4,13,,,,,,,,,,,,,,,,,,,,,,,,,,,,,,,,,,,,,
,CP-MT2-P7,Carapa guianensis,May 14 2025,March 31 2026,,0,XP204-PR,C,1,C1,5,68,68,1,2,,1,8,,,,,,,,,,,,,,,,,,,,,,,,,,,,,,,,,,,,,
,BG-MT2-P47,Banara guianensis,August 26 2025,March 31 2026,,0,XP204-PR,C,2,C2,5,71,38,0.3,24,,0.3,,,,,,,,,,,,,,,,,,,,,,,,,,,,,,,,,,,,,,
,AE-MT3-P19,Annona edulis,,March 31 2026,,0,XP204-PR,C,3,C3,5,,46,0.5,9,,0.5,,,,,,,,,,,,,,,,,,,,,,,,,,,,,,,,,,,,,,
,PG-MT1-P68,Pouruma guianensis,,March 31 2026,,0,XP204-PR,C,4,C4,5,,32,0.2,2,,0.2,,,,,,,,,,,,,,,,,,,,,,,,,,,,,,,,,,,,,,
,DC-MT1-P40,Dacryodes cupularis,August 26 2025,March 31 2026,November 25 2025,1,XP204-PR,C,6,C6,5,20,,,,,0,,,,,,,,,,,,,,,,,,,,,,,,,,,,,,,,,,,,,,
,IS-MT3-P101,Inga silanchensis,,March 31 2026,,0,XP204-PR,C,9,C9,5,,15,0.2,4,,0.2,8,,,,,,,,,,,,,,,,,,,,,,,,,,,,,,,,,,,,,
,CH-MT3-P36,Cecropia hispidissima,August 26 2025,March 31 2026,,0,XP204-PR,C,13,C13,5,34,44,0.2,4,,0.2,,,,,,,,,,,,,,,,,,,,,,,,,,,,,,,,,,,,,,
,CP-MT4-P40,Carapa guianensis,May 08 2025,March 10 2026,March 10 2026,1,XP205-PR,A,1,A1,1,44,,,,,0,,,,,,,,,,,,,,,,,,,,,,,,,,,,,,,,,,,,,,WRONG
,BS-MT6-P62,Bactris setulosa,November 19 2025,March 10 2026,,0,XP205-PR,A,2,A2,1,18,6,0.8,2,,0.8,,,,,,,,,,,,,,,,,,,,,,,,,,,,,,,,,,,,,,
,BP-MT2-P3,Bauhinia pichinchensis,March 5 2026,March 10 2026,,0,XP205-PR,A,3,A3,1,23,26,0.55,1,,0.55,,,,,,,,,,,,,,,,,,,,,,,,,,,,,,,,,,,,,,
,VB-MT4-P69,Vismia baccifera,March 5 2026,March 10 2026,,0,XP205-PR,A,4,A4,1,34,31.5,3,3,,3,,,,,,,,,,,,,,,,,,,,,,,,,,,,,,,,,,,,,,
,EA-MT1-P58,Ecuadendron acosta-solisianum,November 19 2025,March 10 2026,,0,XP205-PR,A,5,A5,1,53,68,1,6,,1,,,,,,,,,,,,,,,,,,,,,,,,,,,,,,,,,,,,,,
,AE-MT4-P5,Annona edulis,March 5 2026,March 10 2026,,0,XP205-PR,A,6,A6,1,46,46,0.6,6,,0.6,14,,,,,,,,,,,,,,,,,,,,,,,,,,,,,,,,,,,,,
,BG-MT3-P67,Banara guianensis,August 14 2025,March 10 2026,,0,XP205-PR,A,7,A7,1,67,144,1.5,98,0.5,,,,,,,,,,,,,,,,,,,,,,,,,,,,,,,,,,,,,,,
,CH-MT1-P29,Cecropia hispidissima,May 08 2025,March 10 2026,March 10 2026,1,XP205-PR,A,8,A8,1,22,,,,,0,,,,,,,,,,,,,,,,,,,,,,,,,,,,,,,,,,,,,,WRONG
,DC-MT4-P31,Dacryodes cupularis,August 14 2025,March 10 2026,,0,XP205-PR,A,9,A9,1,34,34,0.7,1,,0.7,4,,,,,,,,,,,,,,,,,,,,,,,,,,,,,,,,,,,,,
,IS-MT2-P96,Inga silanchensis,March 19 2026,March 10 2026,March 5 2026,1,XP205-PR,A,11,A11,1,21,,,,,0,,,,,,,,,,,,,,,,,,,,,,,,,,,,,,,,,,,,,,Transplanted
,IS-MT5-P72,Inga silanchensis,March 5 2026,March 10 2026,,0,XP205-PR,A,11,A11,1,17,20,0.7,2,,0.7,6,,,,,,,,,,,,,,,,,,,,,,,,,,,,,,,,,,,,,
,OP-MT8-P44,Ochroma pyramidale,May 08 2025,March 10 2026,,0,XP205-PR,A,12,A12,1,48,370,14.6,126,4.6,,,820,23,7.3,,,,,,5.4,-17.9,6.2,20.1,5.7,-18.4,5.8,48,,,,,,,,,,,,,,,,,,,,,
,MC-MT3-P30,Miconia conocuatrecasasii,August 14 2025,March 10 2026,,0,XP205-PR,A,13,A13,1,18,56,0.9,14,,0.9,,,,,,,,,,,,,,,,,,,,,,,,,,,,,,,,,,,,,,
,BU-MT5-P7,Brosimum utile,August 14 2025,March 10 2026,,0,XP205-PR,A,14,A14,1,35,41.5,0.5,6,,0.5,,,,,,,,,,,,,,,,,,,,,,,,,,,,,,,,,,,,,,
,PA-MT7-P44,Piper aduncum,March 5 2026,March 10 2026,,0,XP205-PR,A,15,A15,1,42,40,0.5,5,,0.5,,2,0.5,,0.5,,,,,,,,,,,,,,,,,,,,,,,,,,,,,,,,,
,PG-MT5-P13,Pouruma guianensis,March 5 2026,March 10 2026,,0,XP205-PR,A,16,A16,1,16,24,0.4,1,,0.4,,,,,,,,,,,,,,,,,,,,,,,,,,,,,,,,,,,,,,
,OP-MT6-P20,Ochroma pyramidale,May 08 2025,March 10 2026,,0,XP205-PR,B,1,B1,1,65,810,27.4,66,8.7,,,,,,,,,,,4.5,-28.1,5.2,51.7,,,,,,,,,,,,,,,,,,,,,,,,,
,MC-MT2-P54,Miconia conocuatrecasasii,August 14 2025,March 10 2026,,0,XP205-PR,B,2,B2,1,30,106,1.7,69,,1.7,,,,,,,,,,,,,,,,,,,,,,,,,,,,,,,,,,,,,,
,AE-MT5-P65,Annona edulis,March 5 2026,March 10 2026,,0,XP205-PR,B,3,B3,1,39,40.5,0.5,5,,0.5,,,,,,,,,,,,,,,,,,,,,,,,,,,,,,,,,,,,,,
,CP-MT1-P24,Carapa guianensis,August 14 2025,March 10 2026,March 5 2026,1,XP205-PR,B,4,B4,1,39,,,,,0,,,,,,,,,,,,,,,,,,,,,,,,,,,,,,,,,,,,,,
,BG-MT5-P57,Banara guianensis,August 14 2025,March 10 2026,,0,XP205-PR,B,5,B5,1,32,201,3,194,1,,,,,,,,,,,,,,,,,,,,,,,,,,,,,,,,,,,,,,,
,DC-MT3-P54,Dacryodes cupularis,March 5 2026,March 10 2026,,0,XP205-PR,B,6,B6,1,40,26,0.5,2,,0.5,9,,,,,,,,,,,,,,,,,,,,,,,,,,,,,,,,,,,,,
,VB-MT3-P54,Vismia baccifera,March 5 2026,March 10 2026,,0,XP205-PR,B,7,B7,1,39,35.2,0.4,3,,0.4,,,,,,,,,,,,,,,,,,,,,,,,,,,,,,,,,,,,,,
,CH-MT4-P42,Cecropia hispidissima,August 14 2025,March 10 2026,,0,XP205-PR,B,9,B9,1,40,104,1.5,2,,1.5,,,,,,,,,,,,,,,,,,,,,,,,,,,,,,,,,,,,,,
,PA-MT6-P32,Piper aduncum,November 19 2025,March 10 2026,,0,XP205-PR,B,10,B10,1,41,63,0.7,15,,0.7,,,,,,,,,,,,,,,,,,,,,,,,,,,,,,,,,,,,,,
,BS-MT1-P15,Bactris setulosa,August 14 2025,March 10 2026,,0,XP205-PR,B,11,B11,1,22,8,0.9,4,,0.9,,,,,,,,,,,,,,,,,,,,,,,,,,,,,,,,,,,,,,
,IS-MT5-P12,Inga silanchensis,March 19 2026,March 10 2026,March 10 2026,1,XP205-PR,B,12,B12,1,28,,,,,0,,,,,,,,,,,,,,,,,,,,,,,,,,,,,,,,,,,,,,DOES NOT EXIT
,EA-MT1-P57,Ecuadendron acosta-solisianum,November 19 2025,March 10 2026,,0,XP205-PR,B,13,B13,1,28,40.5,0.8,9,,0.8,20,,,,,,,,,,,,,,,,,,,,,,,,,,,,,,,,,,,,,
,BP-MT4-P73,Bauhinia pichinchensis,March 5 2026,March 10 2026,,0,XP205-PR,B,14,B14,1,20,20,0.5,1,,0.5,,,,,,,,,,,,,,,,,,,,,,,,,,,,,,,,,,,,,,
,PG-MT3-P33,Pouruma guianensis,March 5 2026,March 10 2026,,0,XP205-PR,B,15,B15,1,15,12,0.3,4,,0.3,,,,,,,,,,,,,,,,,,,,,,,,,,,,,,,,,,,,,,
,BU-MT3-P16,Brosimum utile,August 14 2025,March 10 2026,,0,XP205-PR,B,16,B16,1,29,43,0.6,3,,0.6,,,,,,,,,,,,,,,,,,,,,,,,,,,,,,,,,,,,,,
,CP-MT5-P58,Carapa guianensis,August 14 2025,March 10 2026,,0,XP205-PR,C,1,C1,1,80,89,1.1,7,,1.1,20,,,,,,,,,,,,,,,,,,,,,,,,,,,,,,,,,,,,,
,CH-MT5-P43,Cecropia hispidissima,August 14 2025,March 10 2026,,0,XP205-PR,C,2,C2,1,52,380,12.5,22,4,,,,,,,,,,,4.5,-27.3,4.6,18.5,,,,,,,,,,,,,,,,,,,,,,,,,
,BU-MT5-P65,Brosimum utile,August 14 2025,March 10 2026,,0,XP205-PR,C,4,C4,1,33,38,1.2,0,,1.2,,,,,,,,,,,,,,,,,,,,,,,,,,,,,,,,,,,,,,
,PG-MT5-P36,Pouruma guianensis,March 5 2026,March 10 2026,,0,XP205-PR,C,5,C5,1,19,17,0.3,1,,0.3,,,,,,,,,,,,,,,,,,,,,,,,,,,,,,,,,,,,,,
,DC-MT4-P45,Dacryodes cupularis,March 5 2026,March 10 2026,,0,XP205-PR,C,6,C6,1,21,16,0.3,4,,0.3,7,,,,,,,,,,,,,,,,,,,,,,,,,,,,,,,,,,,,,
,BG-MT2-P88,Banara guianensis,August 14 2025,March 10 2026,,0,XP205-PR,C,7,C7,1,60,145,0.5,119,0.2,,,,,,,,,,,,,,,,,,,,,,,,,,,,,,,,,,,,,,,
,AE-MT1-P11,Annona edulis,March 5 2026,March 10 2026,,0,XP205-PR,C,8,C8,1,16,41,0.3,4,,0.3,,,,,,,,,,,,,,,,,,,,,,,,,,,,,,,,,,,,,,
,VB-MT1-P45,Vismia baccifera,August 14 2025,March 10 2026,,0,XP205-PR,C,9,C9,1,28,23,4,1569,,4,196,5,,,,,,,,,,,,,,,,,,,,,,,,,,,,,,,,,,,,
,IS-MT1-P54,Inga silanchensis,May 08 2025,March 10 2026,,0,XP205-PR,C,12,C12,1,31,50,1,10,,1,39,,,,,,,,,,,,,,,,,,,,,,,,,,,,,,,,,,,,,
,BP-MT1-P66,Bauhinia pichinchensis,March 5 2026,March 10 2026,,0,XP205-PR,C,14,C14,1,21,20,0.2,1,,0.2,,,,,,,,,,,,,,,,,,,,,,,,,,,,,,,,,,,,,,
,EA-MT2-P35,Ecuadendron acosta-solisianum,March 5 2026,March 10 2026,,0,XP205-PR,C,15,C15,1,82,80,1.1,4,,1.1,12,,,,,,,,,,,,,,,,,,,,,,,,,,,,,,,,,,,,,
,BS-MT7-P34,Bactris setulosa,November 19 2025,March 10 2026,,0,XP205-PR,C,16,C16,1,26,21,14,4,,14,,,,,,,,,,,,,,,,,,,,,,,,,,,,,,,,,,,,,,
,BG-MT5-P59,Banara guianensis,August 14 2025,March 10 2026,,0,XP205-PR,A,1,A1,2,53,100,0.7,32,,0.7,,,,,,,,,,,,,,,,,,,,,,,,,,,,,,,,,,,,,,
,PG-MT3-P38,Pouruma guianensis,March 5 2026,March 10 2026,,0,XP205-PR,A,2,A2,2,20,19,0.2,4,,0.2,,,,,,,,,,,,,,,,,,,,,,,,,,,,,,,,,,,,,,
,PA-MT3-P33,Piper aduncum,March 19 2026,March 10 2026,,0,XP205-PR,A,3,A3,2,15,203,2.5,441,0.8,,204,4,,,,,,,,,,,,,,,,,,,,,,,,,,,,,,,,,,,,
,CP-MT2-P37,Carapa guianensis,May 08 2025,March 10 2026,,0,XP205-PR,A,4,A4,2,49,54,1.2,8,,1.2,,,,,,,,,,,,,,,,,,,,,,,,,,,,,,,,,,,,,,
,IS-MT3-P30,Inga silanchensis,March 19 2026,March 10 2026,,0,XP205-PR,A,5,A5,2,28,89,1,7,,1,25,,,,,,,,,,,,,,,,,,,,,,,,,,,,,,,,,,,,,
,EA-MT1-P3,Ecuadendron acosta-solisianum,November 19 2025,March 10 2026,,0,XP205-PR,A,7,A7,2,28,46,0.9,9,,0.9,25,,,,,,,,,,,,,,,,,,,,,,,,,,,,,,,,,,,,,
,BU-MT2-P38,Brosimum utile,August 14 2025,March 10 2026,November 19 2025,1,XP205-PR,A,8,A8,2,14,,,,,0,,,,,,,,,,,,,,,,,,,,,,,,,,,,,,,,,,,,,,
,BU-MT3-P41,Brosimum utile,March 5 2026,March 10 2026,,0,XP205-PR,A,8,A8,2,40,40,0.5,4,,0.5,,,,,,,,,,,,,,,,,,,,,,,,,,,,,,,,,,,,,,
,OP-MT9-P15,Ochroma pyramidale,March 19 2026,March 10 2026,,0,XP205-PR,A,9,A9,2,57,620,21,26,6.7,,,,,,,,,,,5.5,7.3,6.1,51.3,,,,,,,,,,,,,,,,,,,,,,,,,
,AE-MT5-P49,Annona edulis,March 5 2026,March 10 2026,,0,XP205-PR,A,10,A10,2,52,50,0.3,7,,0.3,,,,,,,,,,,,,,,,,,,,,,,,,,,,,,,,,,,,,,
,BP-MT2-P55,Bauhinia pichinchensis,March 5 2026,March 10 2026,,0,XP205-PR,A,12,A12,2,25,25,0.2,2,,0.2,,,,,,,,,,,,,,,,,,,,,,,,,,,,,,,,,,,,,,
,BS-MT6-P4,Bactris setulosa,August 14 2025,March 10 2026,,0,XP205-PR,A,13,A13,2,11,10,0.6,3,,0.6,,,,,,,,,,,,,,,,,,,,,,,,,,,,,,,,,,,,,,
,CH-MT4-P9,Cecropia hispidissima,August 14 2025,March 10 2026,,0,XP205-PR,A,15,A15,2,42,70,1.8,8,,1.8,,,,,,,,,,,,,,,,,,,,,,,,,,,,,,,,,,,,,,
,VB-MT4-P33,Vismia baccifera,March 5 2026,March 10 2026,,0,XP205-PR,A,16,A16,2,30,32,0.4,3,,0.4,,,,,,,,,,,,,,,,,,,,,,,,,,,,,,,,,,,,,,
,BP-MT3-P33,Bauhinia pichinchensis,March 5 2026,March 10 2026,,0,XP205-PR,B,1,B1,2,31,33,3,0,,3,,,,,,,,,,,,,,,,,,,,,,,,,,,,,,,,,,,,,,
,DC-MT2-P26,Dacryodes cupularis,August 14 2025,March 10 2026,November 19 2025,1,XP205-PR,B,2,B2,2,9,,,,,0,,,,,,,,,,,,,,,,,,,,,,,,,,,,,,,,,,,,,,
,BS-MT7-P4,Bactris setulosa,August 14 2025,March 10 2026,,0,XP205-PR,B,3,B3,2,12,12,13,5,,13,,,,,,,,,,,,,,,,,,,,,,,,,,,,,,,,,,,,,,
,CH-MT3-P5,Cecropia hispidissima,August 14 2025,March 10 2026,,0,XP205-PR,B,4,B4,2,50,97,21,9,,21,,,,,,,,,,,,,,,,,,,,,,,,,,,,,,,,,,,,,,
,EA-MT2-P31,Ecuadendron acosta-solisianum,March 5 2026,March 10 2026,,0,XP205-PR,B,5,B5,2,139,139,1.8,12,0.6,,29,,,,,,,,,,,,,,,,,,,,,,,,,,,,,,,,,,,,,
,IS-MT3-P44,Inga silanchensis,November 19 2025,March 10 2026,,0,XP205-PR,B,6,B6,2,26,30,95,5,,95,22,,,,,,,,,,,,,,,,,,,,,,,,,,,,,,,,,,,,,
,BU-MT2-P41,Brosimum utile,August 14 2025,March 10 2026,,0,XP205-PR,B,7,B7,2,24,45,0.3,6,,0.3,,,,,,,,,,,,,,,,,,,,,,,,,,,,,,,,,,,,,,
,CP-MT2-P24,Carapa guianensis,May 08 2025,March 10 2026,,0,XP205-PR,B,8,B8,2,53,68,1.2,5,,1.2,25,,,,,,,,,,,,,,,,,,,,,,,,,,,,,,,,,,,,,
,BG-MT4-P66,Banara guianensis,August 14 2025,March 10 2026,,0,XP205-PR,B,9,B9,2,64,237,3.5,232,1.1,,,,,,,,,,,,,,,,,,,,,,,,,,,,,,,,,,,,,,,
,MC-MT2-P31,Miconia conocuatrecasasii,August 14 2025,March 10 2026,,0,XP205-PR,B,10,B10,2,22,80,1.3,32,,1.3,,,,,,,,,,,,,,,,,,,,,,,,,,,,,,,,,,,,,,
,OP-MT2-P71,Ochroma pyramidale,March 19 2026,March 10 2026,,0,XP205-PR,B,11,B11,2,42,980,33,151,10.5,,,,,,,,,,,4.9,-17,5.8,59.6,,,,,,,,,,,,,,,,,,,,,,,,,
,PG-MT1-P23,Pouruma guianensis,March 5 2026,March 10 2026,,0,XP205-PR,B,12,B12,2,18,17,0.1,4,,0.1,,,,,,,,,,,,,,,,,,,,,,,,,,,,,,,,,,,,,,
,VB-MT2-P64,Vismia baccifera,March 5 2026,March 10 2026,,0,XP205-PR,B,14,B14,2,29,31,0.1,3,,0.1,,,,,,,,,,,,,,,,,,,,,,,,,,,,,,,,,,,,,,
,AE-MT2-P49,Annona edulis,March 5 2026,March 10 2026,,0,XP205-PR,B,15,B15,2,16,25,0.2,5,,0.2,,,,,,,,,,,,,,,,,,,,,,,,,,,,,,,,,,,,,,
,MC-MT1-P66,Miconia conocuatrecasasii,August 14 2025,March 10 2026,,0,XP205-PR,C,1,C1,2,24,102,1.3,38,,1.3,,,,,,,,,,,,,,,,,,,,,,,,,,,,,,,,,,,,,,
,DC-MT5-P47,Dacryodes cupularis,August 14 2025,March 10 2026,March 10 2026,1,XP205-PR,C,2,C2,2,21,,,,,0,,,,,,,,,,,,,,,,,,,,,,,,,,,,,,,,,,,,,,
,CP-MT3-P16,Carapa guianensis,May 08 2025,March 10 2026,,0,XP205-PR,C,3,C3,2,50,100,2.5,18,,2.5,106,,,,,,,,,,,,,,,,,,,,,,,,,,,,,,,,,,,,,
,PG-MT5-P15,Pouruma guianensis,March 5 2026,March 10 2026,,0,XP205-PR,C,4,C4,2,15,23,0.2,4,,0.2,,,,,,,,,,,,,,,,,,,,,,,,,,,,,,,,,,,,,,
,BS-MT6-P35,Bactris setulosa,August 14 2025,March 10 2026,,0,XP205-PR,C,5,C5,2,25,27,1.8,6,,1.8,,,,,,,,,,,,,,,,,,,,,,,,,,,,,,,,,,,,,,
,VB-MT2-P71,Vismia baccifera,March 5 2026,March 10 2026,,0,XP205-PR,C,6,C6,2,16,23,0.2,2,,0.2,,,,,,,,,,,,,,,,,,,,,,,,,,,,,,,,,,,,,,
,IS-MT4-P21,Inga silanchensis,May 08 2025,March 10 2026,,0,XP205-PR,C,7,C7,2,19,96,1.6,18,,1.6,,,,,,,,,,,,,,,,,,,,,,,,,,,,,,,,,,,,,,
,AE-MT1-P62,Annona edulis,March 5 2026,March 10 2026,,0,XP205-PR,C,8,C8,2,38,50,0.3,5,,0.3,,,,,,,,,,,,,,,,,,,,,,,,,,,,,,,,,,,,,,
,CH-MT2-P27,Cecropia hispidissima,August 14 2025,March 10 2026,,0,XP205-PR,C,9,C9,2,38,176,12.5,9,4,,,,,,,,,,,,,,,,,,,,,,,,,,,,,,,,,,,,,,,ERROR OF LOCATION FROM LIST PROVIDED
,OP-MT7-P24,Ochroma pyramidale,May 08 2025,March 10 2026,,0,XP205-PR,C,10,C10,2,65,1320,38.5,109,12.3,,,,,,,,,,,7.3,-6.2,9.6,59.6,,,,,,,,,,,,,,,,,,,,,,,,,
,BU-MT4-P37,Brosimum utile,August 14 2025,March 10 2026,,0,XP205-PR,C,12,C12,2,35,50,0.6,6,,0.6,,,,,,,,,,,,,,,,,,,,,,,,,,,,,,,,,,,,,,
,EA-MT1-P12,Ecuadendron acosta-solisianum,November 19 2025,March 10 2026,,0,XP205-PR,C,13,C13,2,25,63,0.8,8,,0.8,17,,,,,,,,,,,,,,,,,,,,,,,,,,,,,,,,,,,,,
,PA-MT7-P25,Piper aduncum,August 14 2025,March 10 2026,,0,XP205-PR,C,14,C14,2,27,92,1.1,150,,1.1,,77,0.6,,0.6,85,0.8,,0.8,,,,,,,,,,,,,,,,,,,,,,,,,,,,,
,BP-MT5-P11,Bauhinia pichinchensis,March 5 2026,March 10 2026,,0,XP205-PR,C,15,C15,2,15,26,0.2,1,,0.2,,,,,,,,,,,,,,,,,,,,,,,,,,,,,,,,,,,,,,ERROR OF LOCATION FROM LIST PROVIDED
,BG-MT1-P81,Banara guianensis,August 14 2025,March 10 2026,,0,XP205-PR,C,16,C16,2,40,81,0.9,46,,0.9,,,,,,,,,,,,,,,,,,,,,,,,,,,,,,,,,,,,,,
,DC-MT1-P63,Dacryodes cupularis,August 14 2025,March 10 2026,,0,XP205-PR,A,1,A1,3,39,,,,,0,,,,,,,,,,,,,,,,,,,,,,,,,,,,,,,,,,,,,,
,VB-MT4-P57,Vismia baccifera,March 5 2026,March 10 2026,,0,XP205-PR,A,2,A2,3,29,31,0.2,2,,0.2,,,,,,,,,,,,,,,,,,,,,,,,,,,,,,,,,,,,,,
,CP-MT5-P36,Carapa guianensis,August 14 2025,March 10 2026,,0,XP205-PR,A,3,A3,3,58,72,1.5,11,,1.5,40,,,,,,,,,,,,,,,,,,,,,,,,,,,,,,,,,,,,,
,BG-MT2-P29,Banara guianensis,August 14 2025,March 10 2026,November 19 2025,1,XP205-PR,A,4,A4,3,57,,,,,0,,,,,,,,,,,,,,,,,,,,,,,,,,,,,,,,,,,,,,
,BG-MT1-P93,Banara guianensis,March 5 2026,March 10 2026,,0,XP205-PR,A,4,A4,3,54,61,0.3,7,,0.3,,,,,,,,,,,,,,,,,,,,,,,,,,,,,,,,,,,,,,
,BU-MT1-P63,Brosimum utile,May 08 2025,March 10 2026,,0,XP205-PR,A,5,A5,3,29,49,0.5,3,,0.5,,,,,,,,,,,,,,,,,,,,,,,,,,,,,,,,,,,,,,
,BP-MT1-P44,Bauhinia pichinchensis,March 5 2026,March 10 2026,,0,XP205-PR,A,7,A7,3,24,29,0.2,1,,0.2,,,,,,,,,,,,,,,,,,,,,,,,,,,,,,,,,,,,,,
,EA-MT3-P13,Ecuadendron acosta-solisianum,March 19 2026,March 10 2026,,0,XP205-PR,A,8,A8,3,24,56,1.1,8,,1.1,34,,,,,,,,,,,,,,,,,,,,,,,,,,,,,,,,,,,,,ERROR OF LOCATION FROM LIST PROVIDED
,BS-MT6-P43,Bactris setulosa,November 19 2025,March 10 2026,,0,XP205-PR,A,9,A9,3,35,18,1,3,,1,,,,,,,,,,,,,,,,,,,,,,,,,,,,,,,,,,,,,,
,OP-MT6-P30,Ochroma pyramidale,May 08 2025,March 10 2026,August 14 2025,1,XP205-PR,A,10,A10,3,60,,,,,0,,,,,,,,,,,,,,,,,,,,,,,,,,,,,,,,,,,,,,
,OP-MT9-P28,Ochroma pyramidale,November 19 2025,March 10 2026,,0,XP205-PR,A,10,A10,3,83,164,5.5,20,1.8,,,,,,,,,,,,,,,,,,,,,,,,,,,,,,,,,,,,,,,
,AE-MT3-P49,Annona edulis,March 5 2026,March 10 2026,,0,XP205-PR,A,12,A12,3,44,47,0.5,2,,0.5,,,,,,,,,,,,,,,,,,,,,,,,,,,,,,,,,,,,,,
,EA-MT1-P38,Ecuadendron acosta-solisianum,November 19 2025,March 10 2026,March 10 2026,1,XP205-PR,A,13,A13,3,36,,,,,0,,,,,,,,,,,,,,,,,,,,,,,,,,,,,,,,,,,,,,
,PG-MT2-P60,Pouruma guianensis,March 5 2026,March 10 2026,,0,XP205-PR,A,15,A15,3,26,29,0.5,3,,0.5,,,,,,,,,,,,,,,,,,,,,,,,,,,,,,,,,,,,,,
,CH-MT3-P64,Cecropia hispidissima,August 14 2025,March 10 2026,,0,XP205-PR,A,16,A16,3,48,80,0.9,5,,0.9,,,,,,,,,,,,,,,,,,,,,,,,,,,,,,,,,,,,,,
,BP-MT4-P44,Bauhinia pichinchensis,March 5 2026,March 10 2026,,0,XP205-PR,B,1,B1,3,15,17,0.1,0,,0.1,,,,,,,,,,,,,,,,,,,,,,,,,,,,,,,,,,,,,,
,CH-MT1-P6,Cecropia hispidissima,May 08 2025,March 10 2026,August 14 2025,1,XP205-PR,B,3,B3,3,32,,,,,0,,,,,,,,,,,,,,,,,,,,,,,,,,,,,,,,,,,,,,
,CH-MT3-P78,Cecropia hispidissima,March 5 2026,March 10 2026,,0,XP205-PR,B,3,B3,3,54,54,0.5,2,,0.5,,,,,,,,,,,,,,,,,,,,,,,,,,,,,,,,,,,,,,
,VB-MT1-P59,Vismia baccifera,August 14 2025,March 10 2026,,0,XP205-PR,B,4,B4,3,38,150,2,282,0.6,,,,,,,,,,,,,,,,,,,,,,,,,,,,,,,,,,,,,,,
,IS-MT2-P4,Inga silanchensis,November 19 2025,March 10 2026,,0,XP205-PR,B,6,B6,3,29,29,0.5,2,,0.5,9,,,,,,,,,,,,,,,,,,,,,,,,,,,,,,,,,,,,,
,MC-MT3-P36,Miconia conocuatrecasasii,August 14 2025,March 10 2026,,0,XP205-PR,B,7,B7,3,17,40,0.9,10,,0.9,,,,,,,,,,,,,,,,,,,,,,,,,,,,,,,,,,,,,,
,EA-MT4-P15,Ecuadendron acosta-solisianum,May 08 2025,March 10 2026,,0,XP205-PR,B,8,B8,3,62,115,1.9,16,,1.9,44,,,,,,,,,,,,,,,,,,,,,,,,,,,,,,,,,,,,,
,PA-MT7-P24,Piper aduncum,August 14 2025,March 10 2026,,0,XP205-PR,B,9,B9,3,34,43,0.8,32,,0.8,,42,0.6,,0.6,,,,,,,,,,,,,,,,,,,,,,,,,,,,,,,,,
,CP-MT3-P7,Carapa guianensis,May 08 2025,March 10 2026,,0,XP205-PR,B,10,B10,3,40.5,51,1.2,4,,1.2,11,,,,,,,,,,,,,,,,,,,,,,,,,,,,,,,,,,,,,
,BG-MT1-P99,Banara guianensis,August 14 2025,March 10 2026,,0,XP205-PR,B,11,B11,3,53,108,1.5,43,,1.5,,,,,,,,,,,,,,,,,,,,,,,,,,,,,,,,,,,,,,
,AE-MT4-P14,Annona edulis,March 5 2026,March 10 2026,,0,XP205-PR,B,12,B12,3,46,47,0.3,4,,0.3,,,,,,,,,,,,,,,,,,,,,,,,,,,,,,,,,,,,,,
,BS-MT1-P45,Bactris setulosa,November 19 2025,March 10 2026,,0,XP205-PR,B,13,B13,3,23,21,1.9,4,,1.9,,,,,,,,,,,,,,,,,,,,,,,,,,,,,,,,,,,,,,
,BU-MT4-P83,Brosimum utile,August 14 2025,March 10 2026,,0,XP205-PR,B,14,B14,3,25,32,0.4,4,,0.4,,,,,,,,,,,,,,,,,,,,,,,,,,,,,,,,,,,,,,
,DC-MT1-P83,Dacryodes cupularis,August 14 2025,March 10 2026,November 19 2025,1,XP205-PR,B,15,B15,3,31,,,,,0,,,,,,,,,,,,,,,,,,,,,,,,,,,,,,,,,,,,,,
,PG-MT3-P66,Pouruma guianensis,March 5 2026,March 10 2026,,0,XP205-PR,B,16,B16,3,10,12,0.1,0,,0.1,,,,,,,,,,,,,,,,,,,,,,,,,,,,,,,,,,,,,,
,MC-MT1-P82,Miconia conocuatrecasasii,August 14 2025,March 10 2026,,0,XP205-PR,C,2,C2,3,20,78,1.3,40,,1.3,,,,,,,,,,,,,,,,,,,,,,,,,,,,,,,,,,,,,,
,IS-MT4-P19,Inga silanchensis,May 08 2025,March 10 2026,,0,XP205-PR,C,3,C3,3,33,32,1.4,9,,1.4,23,,,,,,,,,,,,,,,,,,,,,,,,,,,,,,,,,,,,,
,PG-MT1-P37,Pouruma guianensis,March 5 2026,March 10 2026,,0,XP205-PR,C,4,C4,3,16,16,0.5,5,,0.5,,,,,,,,,,,,,,,,,,,,,,,,,,,,,,,,,,,,,,
,CP-MT1-P14,Carapa guianensis,August 14 2025,March 10 2026,,0,XP205-PR,C,5,C5,3,35,55,16,4,,16,18,,,,,,,,,,,,,,,,,,,,,,,,,,,,,,,,,,,,,
,DC-MT4-P69,Dacryodes cupularis,August 14 2025,March 10 2026,,0,XP205-PR,C,6,C6,3,28,38,0.6,6,,0.6,30,,,,,,,,,,,,,,,,,,,,,,,,,,,,,,,,,,,,,
,OP-MT7-P7,Ochroma pyramidale,May 08 2025,March 10 2026,,0,XP205-PR,C,7,C7,3,59,1230,28,43,8.9,,,,,,,,,,,6.5,-1.5,10.1,61.8,,,,,,,,,,,,,,,,,,,,,,,,,
,VB-MT5-P37,Vismia baccifera,March 5 2026,March 10 2026,,0,XP205-PR,C,9,C9,3,40,41,0.3,3,,0.3,,,,,,,,,,,,,,,,,,,,,,,,,,,,,,,,,,,,,,
,BG-MT3-P40,Banara guianensis,August 14 2025,March 10 2026,,0,XP205-PR,C,10,C10,3,57,112,0.9,29,,0.9,,,,,,,,,,,,,,,,,,,,,,,,,,,,,,,,,,,,,,
,BS-MT6-P74,Bactris setulosa,November 19 2025,March 10 2026,,0,XP205-PR,C,11,C11,3,32,29,1.9,2,,1.9,,,,,,,,,,,,,,,,,,,,,,,,,,,,,,,,,,,,,,
,BU-MT1-P11,Brosimum utile,May 08 2025,March 10 2026,,0,XP205-PR,C,12,C12,3,44,53,0.4,5,,0.4,,,,,,,,,,,,,,,,,,,,,,,,,,,,,,,,,,,,,,
,CH-MT4-P97,Cecropia hispidissima,August 14 2025,March 10 2026,,0,XP205-PR,C,13,C13,3,44,79,1.1,9,,1.1,,,,,,,,,,,,,,,,,,,,,,,,,,,,,,,,,,,,,,
,EA-MT1-P82,Ecuadendron acosta-solisianum,March 5 2026,March 10 2026,,0,XP205-PR,C,14,C14,3,59,60,0.7,7,,0.7,16,,,,,,,,,,,,,,,,,,,,,,,,,,,,,,,,,,,,,
,AE-MT4-P8,Annona edulis,March 5 2026,March 10 2026,,0,XP205-PR,C,15,C15,3,48,48,0.6,6,,0.6,,,,,,,,,,,,,,,,,,,,,,,,,,,,,,,,,,,,,,
,BP-MT3-P3,Bauhinia pichinchensis,March 5 2026,March 10 2026,,0,XP205-PR,C,16,C16,3,19,20,0.2,2,,0.2,,,,,,,,,,,,,,,,,,,,,,,,,,,,,,,,,,,,,,
,BG-MT4-P43,Banara guianensis,August 14 2025,March 10 2026,,0,XP205-PR,A,1,A1,4,60,70,1,58,,1,,,,,,,,,,,,,,,,,,,,,,,,,,,,,,,,,,,,,,
,AE-MT1-P27,Annona edulis,March 5 2026,March 10 2026,,0,XP205-PR,A,2,A2,4,46,48,0.2,58,,0.2,,,,,,,,,,,,,,,,,,,,,,,,,,,,,,,,,,,,,,
,OP-MT9-P23,Ochroma pyramidale,March 19 2026,March 10 2026,,0,XP205-PR,A,3,A3,4,42,610,15.5,35,4.9,,,,,,,,,,,4.9,-9.9,5,47.2,,,,,,,,,,,,,,,,,,,,,,,,,
,IS-MT2-P37,Inga silanchensis,March 19 2026,March 10 2026,,0,XP205-PR,A,4,A4,4,17,120,2,14,,2,95,,,,,,,,,,,,,,,,,,,,,,,,,,,,,,,,,,,,,Transplanted
,EA-MT3-P11,Ecuadendron acosta-solisianum,May 08 2025,March 10 2026,November 19 2025,1,XP205-PR,A,5,A5,4,35,,,,,0,,,,,,,,,,,,,,,,,,,,,,,,,,,,,,,,,,,,,,Transplanted
,EA-MT5-P81,Ecuadendron acosta-solisianum,March 5 2026,March 10 2026,,0,XP205-PR,A,5,A5,4,59,59,0.9,7,,0.9,18,,,,,,,,,,,,,,,,,,,,,,,,,,,,,,,,,,,,,
,BP-MT4-P75,Bauhinia pichinchensis,March 5 2026,March 10 2026,,0,XP205-PR,A,6,A6,4,11,20,0.4,1,,0.4,,,,,,,,,,,,,,,,,,,,,,,,,,,,,,,,,,,,,,
,CH-MT5-P35,Cecropia hispidissima,August 14 2025,March 10 2026,,0,XP205-PR,A,7,A7,4,49,215,11,15,3.5,,,,,,,,,,,,,,,,,,,,,,,,,,,,,,,,,,,,,,,
,VB-MT2-P74,Vismia baccifera,March 5 2026,March 10 2026,,0,XP205-PR,A,8,A8,4,12,22,0.2,2,,0.2,,,,,,,,,,,,,,,,,,,,,,,,,,,,,,,,,,,,,,
,DC-MT3-P23,Dacryodes cupularis,August 14 2025,March 10 2026,November 19 2025,1,XP205-PR,A,9,A9,4,33,,,,,0,,,,,,,,,,,,,,,,,,,,,,,,,,,,,,,,,,,,,,
,PG-MT3-P78,Pouruma guianensis,March 5 2026,March 10 2026,,0,XP205-PR,A,10,A10,4,12,19.5,0.4,7,,0.4,,,,,,,,,,,,,,,,,,,,,,,,,,,,,,,,,,,,,,
,PA-MT3-P64,Piper aduncum,March 19 2026,March 10 2026,,0,XP205-PR,A,11,A11,4,30,154,4,409,1.3,,,73,4,1.3,,155,3.5,1.1,,,,,,,,,,150,4,1.3,,93,2.5,0.8,,,,,,,,,,,,,,
,MC-MT2-P74,Miconia conocuatrecasasii,August 14 2025,March 10 2026,March 10 2026,1,XP205-PR,A,13,A13,4,28,,,,,0,,,,,,,,,,,,,,,,,,,,,,,,,,,,,,,,,,,,,,Transplanted
,BS-MT7-P35,Bactris setulosa,November 19 2025,March 10 2026,,0,XP205-PR,A,14,A14,4,24,18,1.2,4,,1.2,,,,,,,,,,,,,,,,,,,,,,,,,,,,,,,,,,,,,,
,BU-MT3-P2,Brosimum utile,August 14 2025,March 10 2026,,0,XP205-PR,A,16,A16,4,27,38,0.5,5,,0.5,,,,,,,,,,,,,,,,,,,,,,,,,,,,,,,,,,,,,,
,BP-MT2-P38,Bauhinia pichinchensis,March 5 2026,March 10 2026,,0,XP205-PR,B,1,B1,4,25,25,0.3,1,,0.3,,,,,,,,,,,,,,,,,,,,,,,,,,,,,,,,,,,,,,
,VB-MT5-P40,Vismia baccifera,March 5 2026,March 10 2026,,0,XP205-PR,B,2,B2,4,44,47,0.2,2,,0.2,,,,,,,,,,,,,,,,,,,,,,,,,,,,,,,,,,,,,,
,IS-MT5-P28,Inga silanchensis,March 19 2026,March 10 2026,March 5 2026,1,XP205-PR,B,3,B3,4,18,,,,,0,,,,,,,,,,,,,,,,,,,,,,,,,,,,,,,,,,,,,,
,BG-MT1-87,Banara guianensis,March 5 2026,March 10 2026,,0,XP205-PR,B,3,B3,4,17,60,9.4,6,,9.4,,,,,,,,,,,,,,,,,,,,,,,,,,,,,,,,,,,,,,Transplanted
,BS-MT5-P17,Bactris setulosa,August 14 2025,March 10 2026,,0,XP205-PR,B,4,B4,4,20,7,0.8,2,,0.8,,,,,,,,,,,,,,,,,,,,,,,,,,,,,,,,,,,,,,
,CH-MT5-P49,Cecropia hispidissima,August 14 2025,March 10 2026,,0,XP205-PR,B,5,B5,4,36,116,1.6,9,,1.6,,,,,,,,,,,,,,,,,,,,,,,,,,,,,,,,,,,,,,
,CP-MT4-P28,Carapa guianensis,May 08 2025,March 10 2026,March 5 2026,1,XP205-PR,B,6,B6,4,42,,,,,0,,,,,,,,,,,,,,,,,,,,,,,,,,,,,,,,,,,,,,
,DC-MT3-P78,Dacryodes cupularis,August 14 2025,March 10 2026,March 5 2026,1,XP205-PR,B,8,B8,4,30,,,,,0,,,,,,,,,,,,,,,,,,,,,,,,,,,,,,,,,,,,,,
,MC-MT1-P46,Miconia conocuatrecasasii,August 14 2025,March 10 2026,,0,XP205-PR,B,9,B9,4,22,81,1,44,,1,,,,,,,,,,,,,,,,,,,,,,,,,,,,,,,,,,,,,,
,OP-MT2-P49,Ochroma pyramidale,March 19 2026,March 10 2026,August 14 2025,1,XP205-PR,B,10,B10,4,34,,,,,0,,,,,,,,,,,,,,,,,,,,,,,,,,,,,,,,,,,,,,
,OP-MT7-P60,Ochroma pyramidale,November 19 2025,March 10 2026,,0,XP205-PR,B,10,B10,4,100,160,7,17,2.2,,,,,,,,,,,,,,,,,,,,,,,,,,,,,,,,,,,,,,,Transplanted
,PA-MT6-P62,Piper aduncum,May 08 2025,March 10 2026,,0,XP205-PR,B,11,B11,4,29,190,5,453,1.6,,,180,4,1.3,,177,3.5,1.1,,,,,,,,,,,,,,,,,,,,,,,,,,,,,,
,IS-MT5-P12,Inga silanchensis,March 19 2026,March 10 2026,,0,XP205-PR,B,12,B12,4,,170,4,146,1.3,,,,,,,,,,,,,,,,,,,,,,,,,,,,,,,,,,,,,,,
,PG-MT5-P74,Pouruma guianensis,March 5 2026,March 10 2026,,0,XP205-PR,B,13,B13,4,19,18,0.3,5,,0.3,,,,,,,,,,,,,,,,,,,,,,,,,,,,,,,,,,,,,,
,BU-MT3-P59,Brosimum utile,August 14 2025,March 10 2026,,0,XP205-PR,B,14,B14,4,24,23,0.1,3,,0.1,,,,,,,,,,,,,,,,,,,,,,,,,,,,,,,,,,,,,,
,EA-MT1-P45,Ecuadendron acosta-solisianum,November 19 2025,March 10 2026,,0,XP205-PR,B,15,B15,4,29,51,0.7,6,,0.7,13,,,,,,,,,,,,,,,,,,,,,,,,,,,,,,,,,,,,,
,AE-MT3-P23,Annona edulis,March 5 2026,March 10 2026,,0,XP205-PR,B,16,B16,4,38,38,0.3,7,,0.3,,,,,,,,,,,,,,,,,,,,,,,,,,,,,,,,,,,,,,
,PA-MT6-P23,Piper aduncum,May 08 2025,March 10 2026,,0,XP205-PR,C,2,C2,4,13,64,1.2,28,,1.2,,23,1,,1,,,,,,,,,,,,,,,,,,,,,,,,,,,,,,,,,
,EA-MT2-P7,Ecuadendron acosta-solisianum,May 08 2025,March 10 2026,,0,XP205-PR,C,3,C3,4,24,40,1.2,0,,1.2,,,,,,,,,,,,,,,,,,,,,,,,,,,,,,,,,,,,,,
,BU-MT4-P80,Brosimum utile,August 14 2025,March 10 2026,March 5 2026,1,XP205-PR,C,4,C4,4,37,,,,,0,,,,,,,,,,,,,,,,,,,,,,,,,,,,,,,,,,,,,,
,BP-MT1-P47,Bauhinia pichinchensis,March 5 2026,March 10 2026,,0,XP205-PR,C,5,C5,4,31,30,0.4,1,,0.4,,,,,,,,,,,,,,,,,,,,,,,,,,,,,,,,,,,,,,
,AE-MT1-P38,Annona edulis,March 5 2026,March 10 2026,,0,XP205-PR,C,6,C6,4,54,54,0.4,6,,0.4,,,,,,,,,,,,,,,,,,,,,,,,,,,,,,,,,,,,,,
,BG-MT3-P4,Banara guianensis,August 14 2025,March 10 2026,March 5 2026,1,XP205-PR,C,7,C7,4,58,,,,,0,,,,,,,,,,,,,,,,,,,,,,,,,,,,,,,,,,,,,,
,VB-MT4-P7,Vismia baccifera,March 5 2026,March 10 2026,,0,XP205-PR,C,8,C8,4,31,34,0.2,3,,0.2,,,,,,,,,,,,,,,,,,,,,,,,,,,,,,,,,,,,,,
,BS-MT6-P86,Bactris setulosa,November 19 2025,March 10 2026,,0,XP205-PR,C,9,C9,4,15,5,0.5,1,,0.5,,,,,,,,,,,,,,,,,,,,,,,,,,,,,,,,,,,,,,
,CH-MT2-P33,Cecropia hispidissima,August 14 2025,March 10 2026,,0,XP205-PR,C,10,C10,4,45,130,1.6,10,,1.6,,,,,,,,,,,,,,,,,,,,,,,,,,,,,,,,,,,,,,
,OP-MT8-P34,Ochroma pyramidale,May 08 2025,March 10 2026,August 14 2025,1,XP205-PR,C,11,C11,4,27,,,,,0,,,,,,,,,,,,,,,,,,,,,,,,,,,,,,,,,,,,,,
,OP-MT8-P57,Ochroma pyramidale,November 19 2025,March 10 2026,,0,XP205-PR,C,11,C11,4,44,73,1.5,13,,1.5,,,,,,,,,,,,,,,,,,,,,,,,,,,,,,,,,,,,,,
,IS-MT1-P32,Inga silanchensis,May 08 2025,March 10 2026,,0,XP205-PR,C,12,C12,4,30,181,3.7,22,1.2,,108,,,,,,,,,,,,,,,,,,,,,,,,,,,,,,,,,,,,,
,CP-MT3-P63,Carapa guianensis,March 5 2026,March 10 2026,,0,XP205-PR,C,13,C13,4,83,85,1.7,5,,1.7,25,,,,,,,,,,,,,,,,,,,,,,,,,,,,,,,,,,,,,
,PG-MT4-P35,Pouruma guianensis,March 5 2026,March 10 2026,,0,XP205-PR,C,14,C14,4,13,14,0.3,5,,0.3,,,,,,,,,,,,,,,,,,,,,,,,,,,,,,,,,,,,,,
,DC-MT5-P70,Dacryodes cupularis,August 14 2025,March 10 2026,November 19 2025,1,XP205-PR,C,15,C15,4,21,,,,,0,,,,,,,,,,,,,,,,,,,,,,,,,,,,,,,,,,,,,,
,MC-MT3-P64,Miconia conocuatrecasasii,August 14 2025,March 10 2026,March 5 2026,1,XP205-PR,C,16,C16,4,19,,,,,0,,,,,,,,,,,,,,,,,,,,,,,,,,,,,,,,,,,,,,
,CP-MT2-P18,Carapa guianensis,May 08 2025,March 10 2026,,0,XP205-PR,A,1,A1,5,62,45,1.2,0,,1.2,,,,,,,,,,,,,,,,,,,,,,,,,,,,,,,,,,,,,,
,IS-MT1-P59,Inga silanchensis,May 08 2025,March 10 2026,,0,XP205-PR,A,2,A2,5,21,32,0.4,1,,0.4,2,,,,,,,,,,,,,,,,,,,,,,,,,,,,,,,,,,,,,
,OP-MT8-P50,Ochroma pyramidale,May 08 2025,March 10 2026,,0,XP205-PR,A,3,A3,5,65,2.33,5.5,11,,5.5,,,,,,,,,,,,,,,,,,,,,,,,,,,,,,,,,,,,,,
,BS-MT7-P73,Bactris setulosa,March 5 2026,March 10 2026,,0,XP205-PR,A,5,A5,5,26,20,1,3,,1,,,,,,,,,,,,,,,,,,,,,,,,,,,,,,,,,,,,,,
,CH-MT3-P49,Cecropia hispidissima,August 14 2025,March 10 2026,,0,XP205-PR,A,6,A6,5,54,15,0.5,1,,0.5,,,,,,,,,,,,,,,,,,,,,,,,,,,,,,,,,,,,,,
,BP-MT5-P32,Bauhinia pichinchensis,March 5 2026,March 10 2026,,0,XP205-PR,A,8,A8,5,36,36,0.3,2,,0.3,,,,,,,,,,,,,,,,,,,,,,,,,,,,,,,,,,,,,,
,AE-MT4-P7,Annona edulis,March 5 2026,March 10 2026,,0,XP205-PR,A,10,A10,5,39,41,0.3,5,,0.3,,,,,,,,,,,,,,,,,,,,,,,,,,,,,,,,,,,,,,
,BG-MT4-P40,Banara guianensis,August 14 2025,March 10 2026,,0,XP205-PR,A,11,A11,5,74,124,0.9,40,,0.9,,,,,,,,,,,,,,,,,,,,,,,,,,,,,,,,,,,,,,
,DC-MT4-P50,Dacryodes cupularis,August 14 2025,March 10 2026,March 10 2026,1,XP205-PR,A,12,A12,5,25,,,,,0,,,,,,,,,,,,,,,,,,,,,,,,,,,,,,,,,,,,,,
,PG-MT2-P3,Pouruma guianensis,March 5 2026,March 10 2026,,0,XP205-PR,A,15,A15,5,20,24,0.2,4,,0.2,,,,,,,,,,,,,,,,,,,,,,,,,,,,,,,,,,,,,,
,VB-MT2-P38,Vismia baccifera,March 5 2026,March 10 2026,,0,XP205-PR,A,16,A16,5,16,28,0.1,2,,0.1,,,,,,,,,,,,,,,,,,,,,,,,,,,,,,,,,,,,,,
,IS-MT5-P3,Inga silanchensis,March 19 2026,March 10 2026,,0,XP205-PR,B,1,B1,5,25,22,0.3,3,,0.3,6,,,,,,,,,,,,,,,,,,,,,,,,,,,,,,,,,,,,,
,CP-MT4-P51,Carapa guianensis,May 08 2025,March 10 2026,,0,XP205-PR,B,2,B2,5,43,,,,,0,,,,,,,,,,,,,,,,,,,,,,,,,,,,,,,,,,,,,,
,EA-MT3-P10,Ecuadendron acosta-solisianum,March 5 2026,March 10 2026,,0,XP205-PR,B,3,B3,5,90,76,1.1,13,,1.1,23,,,,,,,,,,,,,,,,,,,,,,,,,,,,,,,,,,,,,
,PG-MT2-P56,Pouruma guianensis,March 5 2026,March 10 2026,,0,XP205-PR,B,5,B5,5,19,20,0.1,4,,0.1,,,,,,,,,,,,,,,,,,,,,,,,,,,,,,,,,,,,,,
,DC-MT1-P42,Dacryodes cupularis,August 14 2025,March 10 2026,November 19 2025,1,XP205-PR,B,7,B7,5,23,,,,,0,,,,,,,,,,,,,,,,,,,,,,,,,,,,,,,,,,,,,,
,AE-MT5-P21,Annona edulis,March 5 2026,March 10 2026,,0,XP205-PR,B,11,B11,5,44,41,0.4,7,,0.4,,,,,,,,,,,,,,,,,,,,,,,,,,,,,,,,,,,,,,
,BP-MT5-P2,Bauhinia pichinchensis,March 5 2026,March 10 2026,,0,XP205-PR,B,12,B12,5,30,26,0.3,0,,0.3,,,,,,,,,,,,,,,,,,,,,,,,,,,,,,,,,,,,,,
,VB-MT3-P32,Vismia baccifera,March 5 2026,March 10 2026,,0,XP205-PR,B,13,B13,5,17,45,0.3,2,,0.3,,,,,,,,,,,,,,,,,,,,,,,,,,,,,,,,,,,,,,
,BG-MT5-P90,Banara guianensis,August 14 2025,March 10 2026,,0,XP205-PR,B,16,B16,5,58,140,0.7,18,0.2,,,,,,,,,,,,,,,,,,,,,,,,,,,,,,,,,,,,,,,
,OP-MT9-P41,Ochroma pyramidale,March 19 2026,March 10 2026,,0,XP205-PR,C,1,C1 ,5,34,590,31,32,9.9,,,,,,,,,,,7,-13.8,8.2,30.6,,,,,,,,,,,,,,,,,,,,,,,,,
,CP-MT2-P63,Carapa guianensis,May 08 2025,March 10 2026,March 10 2026,1,XP205-PR,C,2,C2,5,46,,,,,0,,,,,,,,,,,,,,,,,,,,,,,,,,,,,,,,,,,,,,
,PA-MT6-P57,Piper aduncum,May 08 2025,March 10 2026,March 10 2026,1,XP205-PR,C,3,C3,5,11,,,,,0,,,,,,,,,,,,,,,,,,,,,,,,,,,,,,,,,,,,,,
,BU-MT1-P21,Brosimum utile,May 08 2025,March 10 2026,,0,XP205-PR,C,4,C4,5,29,34,0.3,2,,0.3,,,,,,,,,,,,,,,,,,,,,,,,,,,,,,,,,,,,,,
,DC-MT5-P73,Dacryodes cupularis,August 14 2025,March 10 2026,March 5 2026,1,XP205-PR,C,6,C6,5,36,,,,,0,,,,,,,,,,,,,,,,,,,,,,,,,,,,,,,,,,,,,,
,VB-MT2-P22,Vismia baccifera,March 5 2026,March 10 2026,,0,XP205-PR,C,7,C7,5,18,38,0.2,0,,0.2,,,,,,,,,,,,,,,,,,,,,,,,,,,,,,,,,,,,,,
,BG-MT2-P98,Banara guianensis,August 14 2025,March 10 2026,,0,XP205-PR,C,8,C8,5,52,47,0.2,18,,0.2,,,,,,,,,,,,,,,,,,,,,,,,,,,,,,,,,,,,,,
,BP-MT4-P5,Bauhinia pichinchensis,March 5 2026,March 10 2026,,0,XP205-PR,C,10,C10,5,17,35,0.4,2,,0.4,,,,,,,,,,,,,,,,,,,,,,,,,,,,,,,,,,,,,,
,IS-MT3-P95,Inga silanchensis,March 5 2026,March 10 2026,,0,XP205-PR,C,11,C11,5,41,35,0.4,5,,0.4,8,,,,,,,,,,,,,,,,,,,,,,,,,,,,,,,,,,,,,
,PG-MT3-P23,Pouruma guianensis,March 5 2026,March 10 2026,,0,XP205-PR,C,12,C12,5,17,27,0.3,3,,0.3,,,,,,,,,,,,,,,,,,,,,,,,,,,,,,,,,,,,,,
,CH-MT2-P42,Cecropia hispidissima,August 14 2025,March 10 2026,March 10 2026,1,XP205-PR,C,13,C13,5,48,,,,,0,,,,,,,,,,,,,,,,,,,,,,,,,,,,,,,,,,,,,,
,EA-MT4-P63,Ecuadendron acosta-solisianum,March 5 2026,March 10 2026,,0,XP205-PR,C,14,C14,5,84,84,1.3,4,,1.3,10,,,,,,,,,,,,,,,,,,,,,,,,,,,,,,,,,,,,,
,AE-MT5-P43,Annona edulis,March 5 2026,March 10 2026,,0,XP205-PR,C,16,C16,5,17,40,0.4,6,,0.4,,,,,,,,,,,,,,,,,,,,,,,,,,,,,,,,,,,,,,
,IS-MT3-P23,Inga silanchensis,March 19 2026,March 24 2026,November 20 2025,1,XP206-PR,A,3,A3,1,32,,,,,0,,,,,,,,,,,,,,,,,,,,,,,,,,,,,,,,,,,,,,
,IS-MT2-P14,Inga silanchensis,March 6 2026,March 24 2026,,0,XP206-PR,A,3,A3,1,25,16,0.6,2,,0.6,1,,,,,,,,,,,,,,,,,,,,,,,,,,,,,,,,,,,,,
,VB-MT1-P38,Vismia baccifera,August 14 2025,March 24 2026,,0,XP206-PR,A,4,A4,1,30,144,2.3,194,0.7,,,,,,,,,,,,,,,,,,,,,,,,,,,,,,,,,,,,,,,
,DC-MT5-P86,Dacryodes cupularis,March 6 2026,March 24 2026,,0,XP206-PR,A,5,A5,1,29,27,0.2,36,,0.2,,,,,,,,,,,,,,,,,,,,,,,,,,,,,,,,,,,,,,
,PG-MT1-P20,Pouruma guianensis,March 6 2026,March 24 2026,,0,XP206-PR,A,6,A6,1,40,38,0.2,0,,0.2,,,,,,,,,,,,,,,,,,,,,,,,,,,,,,,,,,,,,,
,BU-MT1-P56,Brosimum utile,May 07 2025,March 24 2026,March 6 2026,1,XP206-PR,A,7,A7,1,28,,,,,0,,,,,,,,,,,,,,,,,,,,,,,,,,,,,,,,,,,,,,
,OP-MT9-P56,Ochroma pyramidale,March 19 2026,March 24 2026,March 6 2026,1,XP206-PR,A,8,A8,1,40,,,,,0,,,,,,,,,,,,,,,,,,,,,,,,,,,,,,,,,,,,,,
,AE-MT2-P75,Annona edulis,March 6 2026,March 24 2026,March 24 2026,1,XP206-PR,A,9,A9,1,40,,,,,0,,,,,,,,,,,,,,,,,,,,,,,,,,,,,,,,,,,,,,
,MC-MT2-P66,Miconia conocuatrecasasii,August 14 2025,March 24 2026,,0,XP206-PR,A,10,A10,1,25,70,1.2,44,,1.2,,,,,,,,,,,,,,,,,,,,,,,,,,,,,,,,,,,,,,
,CH-MT3-P47,Cecropia hispidissima,August 14 2025,March 24 2026,,0,XP206-PR,A,11,A11,1,45,130,2.2,3,,2.2,,,,,,,,,,,,,,,,,,,,,,,,,,,,,,,,,,,,,,
,CP-MT3-P14,Carapa guianensis,May 07 2025,March 24 2026,,0,XP206-PR,A,12,A12,1,44,85,1.7,9,,1.7,63,,,,,,,,,,,,,,,,,,,,,,,,,,,,,,,,,,,,,
,BP-MT4-P24,Bauhinia pichinchensis,March 6 2026,March 24 2026,March 24 2026,1,XP206-PR,A,13,A13,1,18,,,,,0,,,,,,,,,,,,,,,,,,,,,,,,,,,,,,,,,,,,,,
,BS-MT1-P78,Bactris setulosa,November 20 2025,March 24 2026,,0,XP206-PR,A,14,A14,1,28,14,1.2,3,,1.2,,,,,,,,,,,,,,,,,,,,,,,,,,,,,,,,,,,,,,
,EA-MT5-P44,Ecuadendron acosta-solisianum,November 20 2025,March 24 2026,,0,XP206-PR,A,15,A15,1,33,65,1.2,9,,1.2,21,,,,,,,,,,,,,,,,,,,,,,,,,,,,,,,,,,,,,
,BG-MT5-P56,Banara guianensis,August 14 2025,March 24 2026,,0,XP206-PR,A,16,A16,1,47,138,1.5,119,0.5,,,,,,,,,,,,,,,,,,,,,,,,,,,,,,,,,,,,,,,
,BP-MT3-P65,Bauhinia pichinchensis,March 6 2026,March 24 2026,March 24 2026,1,XP206-PR,B,1,B1,1,17,,,,,0,,,,,,,,,,,,,,,,,,,,,,,,,,,,,,,,,,,,,,
,PG-MT4-P73,Pouruma guianensis,March 6 2026,March 24 2026,March 24 2026,1,XP206-PR,B,2,B2,1,15,,,,,0,,,,,,,,,,,,,,,,,,,,,,,,,,,,,,,,,,,,,,
,BU-MT4-P41,Brosimum utile,August 14 2025,March 24 2026,November 20 2025,1,XP206-PR,B,3,B3,1,34.5,,,,,0,,,,,,,,,,,,,,,,,,,,,,,,,,,,,,,,,,,,,,
,BU-MT3-P79,Brosimum utile,March 6 2026,March 24 2026,March 24 2026,1,XP206-PR,B,3,B3,1,21,,,,,0,,,,,,,,,,,,,,,,,,,,,,,,,,,,,,,,,,,,,,
,BG-MT4-P62,Banara guianensis,August 14 2025,March 24 2026,,0,XP206-PR,B,4,B4,1,61,140,1.6,147,0.5,,,,,,,,,,,,,,,,,,,,,,,,,,,,,,,,,,,,,,,
,AE-MT2-P28,Annona edulis,March 6 2026,March 24 2026,,0,XP206-PR,B,5,B5,1,36,36,0.2,1,,0.2,,,,,,,,,,,,,,,,,,,,,,,,,,,,,,,,,,,,,,
,CP-MT4-P27,Carapa guianensis,May 07 2025,March 24 2026,March 24 2026,1,XP206-PR,B,6,B6,1,58,,,,,0,,,,,,,,,,,,,,,,,,,,,,,,,,,,,,,,,,,,,,
,IS-MT5-P35,Inga silanchensis,March 19 2026,March 24 2026,,0,XP206-PR,B,7,B7,1,30,64,1,14,,1,60,,,,,,,,,,,,,,,,,,,,,,,,,,,,,,,,,,,,,
,BS-MT1-P59,Bactris setulosa,November 20 2025,March 24 2026,,0,XP206-PR,B,8,B8,1,20,15,0.8,2,,0.8,,,,,,,,,,,,,,,,,,,,,,,,,,,,,,,,,,,,,,
,CH-MT5-P78,Cecropia hispidissima,May 07 2025,March 24 2026,,0,XP206-PR,B,9,B9,1,25,53,0.4,3,,0.4,,,,,,,,,,,,,,,,,,,,,,,,,,,,,,,,,,,,,,
,OP-MT8-P10,Ochroma pyramidale,May 07 2025,March 24 2026,,0,XP206-PR,B,10,B10,1,85,650,35.5,,11.3,,,,,,,,,,,7.9,-13.9,9.9,29.9,,,,,,,,,,,,,,,,,,,,,,,,,
,MC-MT1-P57,Miconia conocuatrecasasii,August 14 2025,March 24 2026,,0,XP206-PR,B,11,B11,1,19,70,1.7,49,,1.7,,,,,,,,,,,,,,,,,,,,,,,,,,,,,,,,,,,,,,
,DC-MT4-P61,Dacryodes cupularis,August 14 2025,March 24 2026,November 20 2025,1,XP206-PR,B,13,B13,1,29,,,,,0,,,,,,,,,,,,,,,,,,,,,,,,,,,,,,,,,,,,,,
,VB-MT4-P61,Vismia baccifera,March 6 2026,March 24 2026,,0,XP206-PR,B,14,B14,1,39,40,0.1,11,,0.1,,,,,,,,,,,,,,,,,,,,,,,,,,,,,,,,,,,,,,
,EA-MT2-P64,Ecuadendron acosta-solisianum,March 6 2026,March 24 2026,,0,XP206-PR,B,15,B15,1,86,86,1.4,4,,1.4,9,,,,,,,,,,,,,,,,,,,,,,,,,,,,,,,,,,,,,
,AE-MT3-P30,Annona edulis,March 6 2026,March 24 2026,,0,XP206-PR,C,1,C1,1,40,41,0.3,0,,0.3,,,,,,,,,,,,,,,,,,,,,,,,,,,,,,,,,,,,,,
,PA-MT6-P14,Piper aduncum,May 07 2025,March 24 2026,,0,XP206-PR,C,3,C3,1,24,173,1.9,320,0.6,,,187,2.4,0.8,,185,2.2,0.7,,,,,,,,,,,,,,,,,,,,,,,,,,,,,,
,DC-MT5-P26,Dacryodes cupularis,August 14 2025,March 24 2026,November 20 2025,1,XP206-PR,C,4,C4,1,30,,,,,0,,,,,,,,,,,,,,,,,,,,,,,,,,,,,,,,,,,,,,
,EA-MT5-P32,Ecuadendron acosta-solisianum,November 20 2025,March 24 2026,,0,XP206-PR,C,5,C5,1,56,50,0.7,18,,0.7,45,,,,,,,,,,,,,,,,,,,,,,,,,,,,,,,,,,,,,
,CH-MT4-P62,Cecropia hispidissima,August 14 2025,March 24 2026,,0,XP206-PR,C,6,C6,1,53,210,15.5,19,4.9,,,,,,,,,,,,,,,,,,,,,,,,,,,,,,,,,,,,,,,
,CP-MT2-P15,Carapa guianensis,May 07 2025,March 24 2026,,0,XP206-PR,C,7,C7,1,56,80,1.4,3,,1.4,18,,,,,,,,,,,,,,,,,,,,,,,,,,,,,,,,,,,,,
,IS-MT1-P12,Inga silanchensis,May 07 2025,March 24 2026,,0,XP206-PR,C,8,C8,1,18,60,0.8,7,,0.8,28,,,,,,,,,,,,,,,,,,,,,,,,,,,,,,,,,,,,,
,VB-MT5-P34,Vismia baccifera,March 6 2026,March 24 2026,,0,XP206-PR,C,9,C9,1,41,45,0.2,18,,0.2,,,,,,,,,,,,,,,,,,,,,,,,,,,,,,,,,,,,,,
,PG-MT4-P71,Pouruma guianensis,March 6 2026,March 24 2026,March 24 2026,1,XP206-PR,C,10,C10,1,25,,,,,0,,,,,,,,,,,,,,,,,,,,,,,,,,,,,,,,,,,,,,
,BU-MT3-P55,Brosimum utile,August 14 2025,March 24 2026,,0,XP206-PR,C,11,C11,1,24,45,0.7,0,,0.7,,,,,,,,,,,,,,,,,,,,,,,,,,,,,,,,,,,,,,
,BS-MT5-P53,Bactris setulosa,November 20 2025,March 24 2026,,0,XP206-PR,C,12,C12,1,29,13,1,2,,1,,,,,,,,,,,,,,,,,,,,,,,,,,,,,,,,,,,,,,
,MC-MT2-P36,Miconia conocuatrecasasii,August 14 2025,March 24 2026,,0,XP206-PR,C,13,C13,1,23,85,1.3,30,,1.3,,,,,,,,,,,,,,,,,,,,,,,,,,,,,,,,,,,,,,
,BG-MT1-P46,Banara guianensis,August 14 2025,March 24 2026,,0,XP206-PR,C,14,C14,1,36,80,1,134,,1,,,,,,,,,,,,,,,,,,,,,,,,,,,,,,,,,,,,,,
,BP-MT1-P40,Bauhinia pichinchensis,March 6 2026,March 24 2026,March 24 2026,1,XP206-PR,C,16,C16,1,27,,,,,0,,,,,,,,,,,,,,,,,,,,,,,,,,,,,,,,,,,,,,
,VB-MT2-P39,Vismia baccifera,March 6 2026,March 24 2026,,0,XP206-PR,A,2,A2,2,33,33,0.1,8,,0.1,,,,,,,,,,,,,,,,,,,,,,,,,,,,,,,,,,,,,,
,CH-MT3-P44,Cecropia hispidissima,August 14 2025,March 24 2026,,0,XP206-PR,A,4,A4,2,30,240,16,24,5.1,,,,,,,,,,,,,,,,,,,,,,,,,,,,,,,,,,,,,,,
,BP-MT2-P71,Bauhinia pichinchensis,March 6 2026,March 24 2026,March 24 2026,1,XP206-PR,A,5,A5,2,28,,,,,0,,,,,,,,,,,,,,,,,,,,,,,,,,,,,,,,,,,,,,
,BG-MT5-P18,Banara guianensis,August 14 2025,March 24 2026,,0,XP206-PR,A,6,A6,2,47,97,1,88,,1,,,,,,,,,,,,,,,,,,,,,,,,,,,,,,,,,,,,,,
,EA-MT4-P22,Ecuadendron acosta-solisianum,May 07 2025,March 24 2026,,0,XP206-PR,A,7,A7,2,50,54,1.2,3,,1.2,6,,,,,,,,,,,,,,,,,,,,,,,,,,,,,,,,,,,,,
,AE-MT2-P64,Annona edulis,March 6 2026,March 24 2026,March 24 2026,1,XP206-PR,A,8,A8,2,27,,,,,0,,,,,,,,,,,,,,,,,,,,,,,,,,,,,,,,,,,,,,
,PA-MT3-P68,Piper aduncum,March 19 2026,March 24 2026,,0,XP206-PR,A,9,A9,2,28,165,2.2,200,0.7,,,168,1.7,0.5,,,,,,,,,,,,,,,,,,,,,,,,,,,,,,,,,,
,PG-MT4-P2,Pouruma guianensis,March 6 2026,March 24 2026,March 24 2026,1,XP206-PR,A,10,A10,2,25,,,,,0,,,,,,,,,,,,,,,,,,,,,,,,,,,,,,,,,,,,,,
,IS-MT3-P48,Inga silanchensis,March 19 2026,March 24 2026,,0,XP206-PR,A,11,A11,2,39,65,0.8,8,,0.8,37,,,,,,,,,,,,,,,,,,,,,,,,,,,,,,,,,,,,,
,BS-MT5-P32,Bactris setulosa,August 14 2025,March 24 2026,March 6 2026,1,XP206-PR,A,13,A13,2,24,,,,,0,,,,,,,,,,,,,,,,,,,,,,,,,,,,,,,,,,,,,,
,CP-MT5-P45,Carapa guianensis,August 14 2025,March 24 2026,March 6 2026,1,XP206-PR,A,14,A14,2,70,,,,,0,,,,,,,,,,,,,,,,,,,,,,,,,,,,,,,,,,,,,,
,BU-MT3-P48,Brosimum utile,August 14 2025,March 24 2026,March 6 2026,1,XP206-PR,A,15,A15,2,33,,,,,0,,,,,,,,,,,,,,,,,,,,,,,,,,,,,,,,,,,,,,
,IS-MT2-P91,Inga silanchensis,March 19 2026,March 24 2026,,0,XP206-PR,B,1,B1,2,29,18,0.2,2,,0.2,3,,,,,,,,,,,,,,,,,,,,,,,,,,,,,,,,,,,,,
,DC-MT4-P44,Dacryodes cupularis,August 14 2025,March 24 2026,March 6 2026,1,XP206-PR,B,3,B3,2,21,,,,,0,,,,,,,,,,,,,,,,,,,,,,,,,,,,,,,,,,,,,,
,CP-MT1-P6,Carapa guianensis,August 14 2025,March 24 2026,,0,XP206-PR,B,4,B4,2,56,56,1.3,4,,1.3,19,,,,,,,,,,,,,,,,,,,,,,,,,,,,,,,,,,,,,
,PA-MT7-P21,Piper aduncum,August 14 2025,March 24 2026,,0,XP206-PR,B,5,B5,2,17,106,2,151,,2,,,,,,,,,,,,,,,,,,,,,,,,,,,,,,,,,,,,,,
,BS-MT7-P5,Bactris setulosa,August 14 2025,March 24 2026,March 6 2026,1,XP206-PR,B,6,B6,2,21,,,,,0,,,,,,,,,,,,,,,,,,,,,,,,,,,,,,,,,,,,,,
,PG-MT5-P6,Pouruma guianensis,March 6 2026,March 24 2026,,0,XP206-PR,B,8,B8,2,27,27,0.2,3,,0.2,,,,,,,,,,,,,,,,,,,,,,,,,,,,,,,,,,,,,,
,CH-MT5-P18,Cecropia hispidissima,August 14 2025,March 24 2026,,0,XP206-PR,B,9,B9,2,46,147,1.9,14,0.6,,,,,,,,,,,,,,,,,,,,,,,,,,,,,,,,,,,,,,,
,EA-MT2-P24,Ecuadendron acosta-solisianum,May 07 2025,March 24 2026,,0,XP206-PR,B,10,B10,2,45,150,2,18,0.6,,54,,,,,,,,,,,,,,,,,,,,,,,,,,,,,,,,,,,,,
,BU-MT3-P60,Brosimum utile,August 14 2025,March 24 2026,,0,XP206-PR,B,11,B11,2,28,37,0.3,3,,0.3,,,,,,,,,,,,,,,,,,,,,,,,,,,,,,,,,,,,,,
,OP-MT7-P33,Ochroma pyramidale,May 07 2025,March 24 2026,,0,XP206-PR,B,12,B12,2,68,280,48,255,15.3,,,,,,,,,,,4.5,-5.5,8.6,27.7,,,,,,,,,,,,,,,,,,,,,,,,,
,BG-MT3-P81,Banara guianensis,August 14 2025,March 24 2026,,0,XP206-PR,B,13,B13,2,51,140,2.2,299,0.7,,,,,,,,,,,,,,,,,,,,,,,,,,,,,,,,,,,,,,,
,VB-MT3-P5,Vismia baccifera,March 6 2026,March 24 2026,,0,XP206-PR,B,14,B14,2,45,45,0.1,5,,0.1,,,,,,,,,,,,,,,,,,,,,,,,,,,,,,,,,,,,,,
,AE-MT5-P4,Annona edulis,March 6 2026,March 24 2026,,0,XP206-PR,B,15,B15,2,42,43,0.3,5,,0.3,,,,,,,,,,,,,,,,,,,,,,,,,,,,,,,,,,,,,,
,BP-MT5-P21,Bauhinia pichinchensis,March 6 2026,March 24 2026,March 24 2026,1,XP206-PR,B,16,B16,2,22,,,,,0,,,,,,,,,,,,,,,,,,,,,,,,,,,,,,,,,,,,,,
,IS-MT4-P49,Inga silanchensis,May 07 2025,March 24 2026,March 6 2026,1,XP206-PR,C,1,C1,2,20,,,,,0,,,,,,,,,,,,,,,,,,,,,,,,,,,,,,,,,,,,,,
,OP-MT6-P36,Ochroma pyramidale,May 07 2025,March 24 2026,,0,XP206-PR,C,2,C2,2,80,890,50.5,181,16.1,,,,,,,,,,,11.5,-9.4,15.5,31.4,,,,,,,,,,,,,,,,,,,,,,,,,
,CH-MT4-P15,Cecropia hispidissima,August 14 2025,March 24 2026,,0,XP206-PR,C,3,C3,2,48,104,1.6,6,,1.6,,,,,,,,,,,,,,,,,,,,,,,,,,,,,,,,,,,,,,
,EA-MT5-P74,Ecuadendron acosta-solisianum,November 20 2025,March 24 2026,,0,XP206-PR,C,4,C4,2,40,40,0.7,7,,0.7,14,,,,,,,,,,,,,,,,,,,,,,,,,,,,,,,,,,,,,
,BP-MT1-P25,Bauhinia pichinchensis,March 6 2026,March 24 2026,,0,XP206-PR,C,5,C5,2,20,25,0.2,1,,0.2,,,,,,,,,,,,,,,,,,,,,,,,,,,,,,,,,,,,,,
,VB-MT2-P54,Vismia baccifera,March 6 2026,March 24 2026,,0,XP206-PR,C,6,C6,2,17,20,0.1,4,,0.1,,,,,,,,,,,,,,,,,,,,,,,,,,,,,,,,,,,,,,
,PA-MT6-P59,Piper aduncum,November 20 2025,March 24 2026,March 6 2026,1,XP206-PR,C,8,C8,2,42,,,,,0,,,,,,,,,,,,,,,,,,,,,,,,,,,,,,,,,,,,,,
,BG-MT3-P27,Banara guianensis,August 14 2025,March 24 2026,March 6 2026,1,XP206-PR,C,9,C9,2,32,,,,,0,,,,,,,,,,,,,,,,,,,,,,,,,,,,,,,,,,,,,,
,MC-MT1-P74,Miconia conocuatrecasasii,August 14 2025,March 24 2026,,0,XP206-PR,C,10,C10,2,21,80,1.5,48,,1.5,,,,,,,,,,,,,,,,,,,,,,,,,,,,,,,,,,,,,,
,BU-MT4-P77,Brosimum utile,August 14 2025,March 24 2026,,0,XP206-PR,C,11,C11,2,38,50,0.5,4,,0.5,,,,,,,,,,,,,,,,,,,,,,,,,,,,,,,,,,,,,,
,AE-MT4-P64,Annona edulis,March 6 2026,March 24 2026,,0,XP206-PR,C,13,C13,2,44,48,0.4,9,,0.4,,,,,,,,,,,,,,,,,,,,,,,,,,,,,,,,,,,,,,
,DC-MT2-P15,Dacryodes cupularis,March 6 2026,March 24 2026,,0,XP206-PR,C,14,C14,2,20,18,0.2,8,,0.2,,,,,,,,,,,,,,,,,,,,,,,,,,,,,,,,,,,,,,
,BS-MT6-P25,Bactris setulosa,August 14 2025,March 24 2026,,0,XP206-PR,C,15,C15,2,14,9,0.5,3,,0.5,,,,,,,,,,,,,,,,,,,,,,,,,,,,,,,,,,,,,,
,PG-MT1-P19,Pouruma guianensis,March 6 2026,March 24 2026,March 24 2026,1,XP206-PR,C,16,C16,2,19,,,,,0,,,,,,,,,,,,,,,,,,,,,,,,,,,,,,,,,,,,,,
,IS-MT1-P11,Inga silanchensis,May 07 2025,March 24 2026,,0,XP206-PR,A,1,A1,3,30,82,1.1,10,,1.1,38,,,,,,,,,,,,,,,,,,,,,,,,,,,,,,,,,,,,,
,DC-MT3-P43,Dacryodes cupularis,August 14 2025,March 24 2026,March 24 2026,1,XP206-PR,A,2,A2,3,30,,,,,0,,,,,,,,,,,,,,,,,,,,,,,,,,,,,,,,,,,,,,
,PG-MT2-P36,Pouruma guianensis,March 6 2026,March 24 2026,March 24 2026,1,XP206-PR,A,3,A3,3,17,,,,,0,,,,,,,,,,,,,,,,,,,,,,,,,,,,,,,,,,,,,,
,VB-MT5-P65,Vismia baccifera,March 6 2026,March 24 2026,,0,XP206-PR,A,4,A4,3,39,41,0.2,7,,0.2,,,,,,,,,,,,,,,,,,,,,,,,,,,,,,,,,,,,,,
,CH-MT5-P77,Cecropia hispidissima,August 14 2025,March 24 2026,,0,XP206-PR,A,5,A5,3,54,192,9,20,2.9,,,,,,,,,,,,,,,,,,,,,,,,,,,,,,,,,,,,,,,
,BP-MT3-P40,Bauhinia pichinchensis,March 6 2026,March 24 2026,,0,XP206-PR,A,7,A7,3,24,28,0.2,2,,0.2,,,,,,,,,,,,,,,,,,,,,,,,,,,,,,,,,,,,,,
,OP-MT2-P25,Ochroma pyramidale,March 19 2026,March 24 2026,,0,XP206-PR,A,10,A10,3,34,318,16.5,34,5.3,,,,,,,,,,,,,,,,,,,,,,,,,,,,,,,,,,,,,,,
,AE-MT2-P33,Annona edulis,March 6 2026,March 24 2026,,0,XP206-PR,A,11,A11,3,33,35,0.3,6,,0.3,,,,,,,,,,,,,,,,,,,,,,,,,,,,,,,,,,,,,,
,BS-MT1-P34,Bactris setulosa,November 20 2025,March 24 2026,,0,XP206-PR,A,12,A12,3,25,10,0.5,2,,0.5,,,,,,,,,,,,,,,,,,,,,,,,,,,,,,,,,,,,,,
,BG-MT4-P20,Banara guianensis,August 14 2025,March 24 2026,,0,XP206-PR,A,13,A13,3,57,150,1.8,137,0.6,,,,,,,,,,,,,,,,,,,,,,,,,,,,,,,,,,,,,,,
,MC-MT3-P55,Miconia conocuatrecasasii,August 14 2025,March 24 2026,,0,XP206-PR,A,14,A14,3,21,65,1.2,45,,1.2,,,,,,,,,,,,,,,,,,,,,,,,,,,,,,,,,,,,,,
,BU-MT2-P25,Brosimum utile,August 14 2025,March 24 2026,November 20 2025,1,XP206-PR,A,15,A15,3,28,,,,,0,,,,,,,,,,,,,,,,,,,,,,,,,,,,,,,,,,,,,,
,BU-MT2-P57,Brosimum utile,March 6 2026,March 24 2026,,0,XP206-PR,A,15,A15,3,19,19,0.2,1,,0.2,,,,,,,,,,,,,,,,,,,,,,,,,,,,,,,,,,,,,,
,EA-MT4-P70,Ecuadendron acosta-solisianum,March 6 2026,March 24 2026,,0,XP206-PR,A,16,A16,3,85,85,1.2,58,,1.2,10,,,,,,,,,,,,,,,,,,,,,,,,,,,,,,,,,,,,,
,VB-MT5-P4,Vismia baccifera,March 6 2026,March 24 2026,,0,XP206-PR,B,1,B1,3,22,34,0.1,7,,0.1,,,,,,,,,,,,,,,,,,,,,,,,,,,,,,,,,,,,,,
,MC-MT1-P41,Miconia conocuatrecasasii,August 14 2025,March 24 2026,,0,XP206-PR,B,2,B2,3,14,21,0.3,14,,0.3,,,,,,,,,,,,,,,,,,,,,,,,,,,,,,,,,,,,,,
,EA-MT1-P36,Ecuadendron acosta-solisianum,November 20 2025,March 24 2026,,0,XP206-PR,B,3,B3,3,28,63,0.9,8,,0.9,16,,,,,,,,,,,,,,,,,,,,,,,,,,,,,,,,,,,,,
,PG-MT1-P5,Pouruma guianensis,March 6 2026,March 24 2026,,0,XP206-PR,B,4,B4,3,14,20,0.1,3,,0.1,,,,,,,,,,,,,,,,,,,,,,,,,,,,,,,,,,,,,,
,CP-MT3-P17,Carapa guianensis,May 07 2025,March 24 2026,,0,XP206-PR,B,5,B5,3,72,75,1.2,8,,1.2,41,,,,,,,,,,,,,,,,,,,,,,,,,,,,,,,,,,,,,
,DC-MT1-P10,Dacryodes cupularis,August 14 2025,March 24 2026,,0,XP206-PR,B,6,B6,3,35.5,44,0.7,6,,0.7,26,,,,,,,,,,,,,,,,,,,,,,,,,,,,,,,,,,,,,
,CH-MT1-P5,Cecropia hispidissima,May 07 2025,March 24 2026,wrong species,0,XP206-PR,B,7,B7,3,12,,,,,0,,,,,,,,,,,,,,,,,,,,,,,,,,,,,,,,,,,,,,
,PA-MT7-P29,Piper aduncum,August 14 2025,March 24 2026,,0,XP206-PR,B,8,B8,3,27.5,123,0.9,207,,0.9,,19,0.3,,0.3,,,,,,,,,,,,,,,,,,,,,,,,,,,,,,,,,
,OP-MT7-P43,Ochroma pyramidale,May 07 2025,March 24 2026,,0,XP206-PR,B,9,B9,3,73,600,21.5,46,6.8,,,,,,,,,,,5.8,-19.4,7.3,34.6,,,,,,,,,,,,,,,,,,,,,,,,,
,IS-MT4-P6,Inga silanchensis,May 07 2025,March 24 2026,,0,XP206-PR,B,10,B10,3,25,72,1.1,15,,1.1,60,,,,,,,,,,,,,,,,,,,,,,,,,,,,,,,,,,,,,
,BU-MT5-P42,Brosimum utile,August 14 2025,March 24 2026,November 20 2025,1,XP206-PR,B,11,B11,3,23,,,,,0,,,,,,,,,,,,,,,,,,,,,,,,,,,,,,,,,,,,,,
,BU-MT4-P30,Brosimum utile,March 6 2026,March 24 2026,,0,XP206-PR,B,11,B11,3,29,31,0.2,1,,0.2,,,,,,,,,,,,,,,,,,,,,,,,,,,,,,,,,,,,,,
,BG-MT3-P54,Banara guianensis,August 14 2025,March 24 2026,,0,XP206-PR,B,12,B12,3,40,120,1.1,32,,1.1,,,,,,,,,,,,,,,,,,,,,,,,,,,,,,,,,,,,,,
,BS-MT7-P46,Bactris setulosa,November 20 2025,March 24 2026,,0,XP206-PR,B,13,B13,3,43,15,1.4,4,,1.4,,,,,,,,,,,,,,,,,,,,,,,,,,,,,,,,,,,,,,
,AE-MT5-P8,Annona edulis,March 6 2026,March 24 2026,,0,XP206-PR,B,14,B14,3,31,32,0.3,6,,0.3,,,,,,,,,,,,,,,,,,,,,,,,,,,,,,,,,,,,,,
,BP-MT4-P36,Bauhinia pichinchensis,March 6 2026,March 24 2026,March 24 2026,1,XP206-PR,B,16,B16,3,16,,,,,0,,,,,,,,,,,,,,,,,,,,,,,,,,,,,,,,,,,,,,
,PG-MT5-P39,Pouruma guianensis,March 6 2026,March 24 2026,March 24 2026,1,XP206-PR,C,1,C1,3,32,,,,,0,,,,,,,,,,,,,,,,,,,,,,,,,,,,,,,,,,,,,,
,EA-MT1-P66,Ecuadendron acosta-solisianum,November 20 2025,March 24 2026,,0,XP206-PR,C,2,C2,3,43,56,0.7,6,,0.7,13,,,,,,,,,,,,,,,,,,,,,,,,,,,,,,,,,,,,,
,BP-MT4-P2,Bauhinia pichinchensis,March 6 2026,March 24 2026,March 24 2026,1,XP206-PR,C,3,C3,3,12,,,,,0,,,,,,,,,,,,,,,,,,,,,,,,,,,,,,,,,,,,,,
,IS-MT5-P56,Inga silanchensis,November 20 2025,March 24 2026,,0,XP206-PR,C,4,C4,3,46,35,0.4,8,,0.4,22,,,,,,,,,,,,,,,,,,,,,,,,,,,,,,,,,,,,,
,MC-MT3-P69,Miconia conocuatrecasasii,August 14 2025,March 24 2026,,0,XP206-PR,C,5,C5,3,17,61,1.3,34,,1.3,,,,,,,,,,,,,,,,,,,,,,,,,,,,,,,,,,,,,,
,OP-MT6-P51,Ochroma pyramidale,May 07 2025,March 24 2026,,0,XP206-PR,C,6,C6,3,75,510,23.5,49,7.5,,,,,,,,,,,6.5,-17.9,7.3,25,,,,,,,,,,,,,,,,,,,,,,,,,
,VB-MT5-P15,Vismia baccifera,March 6 2026,March 24 2026,,0,XP206-PR,C,7,C7,3,39,44,0.2,7,,0.2,,,,,,,,,,,,,,,,,,,,,,,,,,,,,,,,,,,,,,
,BU-MT5-P28,Brosimum utile,August 14 2025,March 24 2026,March 6 2026,1,XP206-PR,C,8,C8,3,19,,,,,0,,,,,,,,,,,,,,,,,,,,,,,,,,,,,,,,,,,,,,
,DC-MT2-P24,Dacryodes cupularis,August 14 2025,March 24 2026,November 20 2025,1,XP206-PR,C,9,C9,3,25,,,,,0,,,,,,,,,,,,,,,,,,,,,,,,,,,,,,,,,,,,,,
,CP-MT2-P60,Carapa guianensis,May 07 2025,March 24 2026,,0,XP206-PR,C,10,C10,3,52,62,13,6,,13,39,,,,,,,,,,,,,,,,,,,,,,,,,,,,,,,,,,,,,
,BG-MT1-P26,Banara guianensis,August 14 2025,March 24 2026,November 20 2025,1,XP206-PR,C,11,C11,3,57.5,,,,,0,,,,,,,,,,,,,,,,,,,,,,,,,,,,,,,,,,,,,,
,BG-MT1-P8,Banara guianensis,March 6 2026,March 24 2026,,0,XP206-PR,C,11,C11,3,76,76,0.3,39,,0.3,,,,,,,,,,,,,,,,,,,,,,,,,,,,,,,,,,,,,,
,AE-MT3-P57,Annona edulis,March 6 2026,March 24 2026,March 24 2026,1,XP206-PR,C,12,C12,3,44,,,,,0,,,,,,,,,,,,,,,,,,,,,,,,,,,,,,,,,,,,,,
,CH-MT5-P39,Cecropia hispidissima,August 14 2025,March 24 2026,,0,XP206-PR,C,15,C15,3,56,216,9,12,2.9,,,,,,,,,,,,,,,,,,,,,,,,,,,,,,,,,,,,,,,
,BS-MT7-P40,Bactris setulosa,November 20 2025,March 24 2026,March 6 2026,1,XP206-PR,C,16,C16,3,41,,,,,0,,,,,,,,,,,,,,,,,,,,,,,,,,,,,,,,,,,,,,
,DC-MT3-P39,Dacryodes cupularis,August 14 2025,March 24 2026,November 20 2025,1,XP206-PR,A,1,A1,4,38.5,,,,,0,,,,,,,,,,,,,,,,,,,,,,,,,,,,,,,,,,,,,,
,EA-MT1-P46,Ecuadendron acosta-solisianum,November 20 2025,March 24 2026,,0,XP206-PR,A,2,A2,4,33,38,0.6,6,,0.6,11,,,,,,,,,,,,,,,,,,,,,,,,,,,,,,,,,,,,,
,PA-MT3-P3,Piper aduncum,March 19 2026,March 24 2026,,0,XP206-PR,A,3,A3,4,28,220,2.8,1651,0.9,,,240,2.7,0.9,,200,2.1,0.7,,,,,,,,,,223,3.2,1,,,,,,,,,,,,,,,,,,
,CH-MT4-P37,Cecropia hispidissima,March 6 2026,March 24 2026,,0,XP206-PR,A,4,A4,4,40,177,13.5,12,4.3,,,,,,,,,,,,,,,,,,,,,,,,,,,,,,,,,,,,,,,
,BG-MT2-P25,Banara guianensis,August 14 2025,March 24 2026,,0,XP206-PR,A,5,A5,4,59,137,1,110,0.3,,,,,,,,,,,,,,,,,,,,,,,,,,,,,,,,,,,,,,,
,AE-MT4-P68,Annona edulis,March 6 2026,March 24 2026,,0,XP206-PR,A,6,A6,4,46,46,0.4,6,,0.4,,,,,,,,,,,,,,,,,,,,,,,,,,,,,,,,,,,,,,
,OP-MT9-P52,Ochroma pyramidale,March 19 2026,March 24 2026,,0,XP206-PR,A,7,A7,4,52,560,52,343,16.6,,,,,,,,,,,10.4,-21,10.9,8.6,,,,,,,,,,,,,,,,,,,,,,,,,
,BU-MT1-P4,Brosimum utile,May 07 2025,March 24 2026,,0,XP206-PR,A,8,A8,4,24,80,1,16,,1,,,,,,,,,,,,,,,,,,,,,,,,,,,,,,,,,,,,,,
,CP-MT1-P33,Carapa guianensis,August 14 2025,March 24 2026,,0,XP206-PR,A,10,A10,4,54,84,1.7,10,,1.7,53,,,,,,,,,,,,,,,,,,,,,,,,,,,,,,,,,,,,,
,IS-MT2-P86,Inga silanchensis,March 19 2026,March 24 2026,,0,XP206-PR,A,11,A11,4,21,220,3.5,28,1.1,,125,,,,,,,,,,,,,,,,,,,,,,,,,,,,,,,,,,,,,
,PG-MT2-P5,Pouruma guianensis,March 6 2026,March 24 2026,,0,XP206-PR,A,12,A12,4,23,22,0.1,4,,0.1,,,,,,,,,,,,,,,,,,,,,,,,,,,,,,,,,,,,,,
,VB-MT1-P21,Vismia baccifera,August 14 2025,March 24 2026,,0,XP206-PR,A,14,A14,4,30,160,2.5,452,0.8,,,,,,,,,,,,,,,,,,,,,,,,,,,,,,,,,,,,,,,
,BS-MT1-P5,Bactris setulosa,August 14 2025,March 24 2026,November 20 2025,1,XP206-PR,A,15,A15,4,10,,,,,0,,,,,,,,,,,,,,,,,,,,,,,,,,,,,,,,,,,,,,
,BS-MT1-P89,Bactris setulosa,March 6 2026,March 24 2026,,0,XP206-PR,A,15,A15,4,60,22,1.3,3,,1.3,,,,,,,,,,,,,,,,,,,,,,,,,,,,,,,,,,,,,,
,BP-MT1-P77,Bauhinia pichinchensis,March 6 2026,March 24 2026,,0,XP206-PR,A,16,A16,4,24,27,0.3,1,,0.3,,,,,,,,,,,,,,,,,,,,,,,,,,,,,,,,,,,,,,
,VB-MT3-P15,Vismia baccifera,March 6 2026,March 24 2026,,0,XP206-PR,B,1,B1,4,44,52,0.2,11,,0.2,,,,,,,,,,,,,,,,,,,,,,,,,,,,,,,,,,,,,,
,DC-MT1-P59,Dacryodes cupularis,August 14 2025,March 24 2026,November 20 2025,1,XP206-PR,B,2,B2,4,13,,,,,0,,,,,,,,,,,,,,,,,,,,,,,,,,,,,,,,,,,,,,
,IS-MT5-P45,Inga silanchensis,March 19 2026,March 24 2026,,0,XP206-PR,B,3,B3,4,22,30,0.3,6,,0.3,13,,,,,,,,,,,,,,,,,,,,,,,,,,,,,,,,,,,,,
,EA-MT3-P25,Ecuadendron acosta-solisianum,May 07 2025,March 24 2026,,0,XP206-PR,B,5,B5,4,43,57,1,10,,1,28,,,,,,,,,,,,,,,,,,,,,,,,,,,,,,,,,,,,,
,OP-MT2-P37,Ochroma pyramidale,March 19 2026,March 24 2026,,0,XP206-PR,B,6,B6,4,52,700,44.5,200,14.2,,,,,,,,,,,8.6,-19.4,9.4,24.6,,,,,,,,,,,,,,,,,,,,,,,,,
,CH-MT2-P74,Cecropia hispidissima,August 14 2025,March 24 2026,,0,XP206-PR,B,7,B7,4,38,282,12,21,3.8,,,,,,,,,,,,,,,,,,,,,,,,,,,,,,,,,,,,,,,
,BG-MT2-P43,Banara guianensis,August 14 2025,March 24 2026,November 20 2025,1,XP206-PR,B,8,B8,4,55,,,,,0,,,,,,,,,,,,,,,,,,,,,,,,,,,,,,,,,,,,,,
,BG-MT1-P9,Banara guianensis,March 6 2026,March 24 2026,,0,XP206-PR,B,8,B8,4,31,40,0.4,16,,0.4,,,,,,,,,,,,,,,,,,,,,,,,,,,,,,,,,,,,,,
,AE-MT1-P28,Annona edulis,March 6 2026,March 24 2026,,0,XP206-PR,B,9,B9,4,50,53,0.5,6,,0.5,,,,,,,,,,,,,,,,,,,,,,,,,,,,,,,,,,,,,,
,PG-MT1-P32,Pouruma guianensis,March 6 2026,March 24 2026,,0,XP206-PR,B,11,B11,4,23,18,0.2,1,,0.2,,,,,,,,,,,,,,,,,,,,,,,,,,,,,,,,,,,,,,
,BS-MT7-P58,Bactris setulosa,November 20 2025,March 24 2026,,0,XP206-PR,B,12,B12,4,52,13,1.4,3,,1.4,,,,,,,,,,,,,,,,,,,,,,,,,,,,,,,,,,,,,,
,CP-MT5-P23,Carapa guianensis,August 14 2025,March 24 2026,,0,XP206-PR,B,13,B13,4,42,100,1.4,9,,1.4,63,,,,,,,,,,,,,,,,,,,,,,,,,,,,,,,,,,,,,
,BP-MT2-P49,Bauhinia pichinchensis,March 6 2026,March 24 2026,,0,XP206-PR,B,14,B14,4,19,20,0.1,3,,0.1,,,,,,,,,,,,,,,,,,,,,,,,,,,,,,,,,,,,,,
,BU-MT4-P2,Brosimum utile,August 14 2025,March 24 2026,November 20 2025,1,XP206-PR,B,15,B15,4,35,,,,,0,,,,,,,,,,,,,,,,,,,,,,,,,,,,,,,,,,,,,,
,BU-MT3-P80,Brosimum utile,March 6 2026,March 24 2026,,0,XP206-PR,B,15,B15,4,26,25,0.2,1,,0.2,,,,,,,,,,,,,,,,,,,,,,,,,,,,,,,,,,,,,,
,PA-MT7-P59,Piper aduncum,March 6 2026,March 24 2026,,0,XP206-PR,B,16,B16,4,43,44,0.3,5,,0.3,,,,,,,,,,,,,,,,,,,,,,,,,,,,,,,,,,,,,,
,BS-MT6-P17,Bactris setulosa,August 14 2025,March 24 2026,,0,XP206-PR,C,1,C1,4,8,8,0.4,2,,0.4,,,,,,,,,,,,,,,,,,,,,,,,,,,,,,,,,,,,,,
,OP-MT8-P13,Ochroma pyramidale,May 07 2025,March 24 2026,,0,XP206-PR,C,2,C2,4,85,450,35,161,11.1,,,,,,,,,,,6.7,-18.3,9.1,18.7,,,,,,,,,,,,,,,,,,,,,,,,,
,DC-MT5-P41,Dacryodes cupularis,August 14 2025,March 24 2026,,0,XP206-PR,C,3,C3,4,23,33,0.4,3,,0.4,15,,,,,,,,,,,,,,,,,,,,,,,,,,,,,,,,,,,,,
,AE-MT3-P66,Annona edulis,March 6 2026,March 24 2026,,0,XP206-PR,C,5,C5,4,31,35,0.3,1,,0.3,,,,,,,,,,,,,,,,,,,,,,,,,,,,,,,,,,,,,,
,CP-MT4-P39,Carapa guianensis,May 07 2025,March 24 2026,wrong species,0,XP206-PR,C,6,C6,4,42,,,,,0,,,,,,,,,,,,,,,,,,,,,,,,,,,,,,,,,,,,,,
,BU-MT2-P39,Brosimum utile,August 14 2025,March 24 2026,,0,XP206-PR,C,7,C7,4,24,24,0.3,3,,0.3,,,,,,,,,,,,,,,,,,,,,,,,,,,,,,,,,,,,,,
,CH-MT2-P4,Cecropia hispidissima,August 14 2025,March 24 2026,,0,XP206-PR,C,8,C8,4,28.5,179,10,11,3.2,,,,,,,,,,,,,,,,,,,,,,,,,,,,,,,,,,,,,,,
,PA-MT6-P33,Piper aduncum,May 07 2025,March 24 2026,,0,XP206-PR,C,9,C9,4,16,200,2.8,35,0.9,,,190,2.3,0.7,,170,1.5,0.5,,,,,,,,,,180,1.9,0.6,,,,,,,,,,,,,,,,,,
,VB-MT4-P4,Vismia baccifera,March 6 2026,March 24 2026,,0,XP206-PR,C,10,C10,4,40,43,0.1,16,,0.1,,,,,,,,,,,,,,,,,,,,,,,,,,,,,,,,,,,,,,
,IS-MT5-P50,Inga silanchensis,November 20 2025,March 24 2026,,0,XP206-PR,C,11,C11,4,32,37,0.5,3,,0.5,16,,,,,,,,,,,,,,,,,,,,,,,,,,,,,,,,,,,,,
,EA-MT3-P55,Ecuadendron acosta-solisianum,March 6 2026,March 24 2026,,0,XP206-PR,C,13,C13,4,90,90,1.3,3,,1.3,6,,,,,,,,,,,,,,,,,,,,,,,,,,,,,,,,,,,,,
,BG-MT1-P15,Banara guianensis,August 14 2025,March 24 2026,,0,XP206-PR,C,14,C14,4,59,150,1.5,109,0.5,,,,,,,,,,,,,,,,,,,,,,,,,,,,,,,,,,,,,,,
,PG-MT2-P40,Pouruma guianensis,March 6 2026,March 24 2026,,0,XP206-PR,C,15,C15,4,32,21,0.1,1,,0.1,,,,,,,,,,,,,,,,,,,,,,,,,,,,,,,,,,,,,,
,BP-MT2-P2,Bauhinia pichinchensis,March 6 2026,March 24 2026,March 24 2026,1,XP206-PR,C,16,C16,4,15,,,,,0,,,,,,,,,,,,,,,,,,,,,,,,,,,,,,,,,,,,,,
,CP-MT2-P21,Carapa guianensis,May 07 2025,March 24 2026,March 24 2026,1,XP206-PR,A,1,A1,5,50,,,,,0,,,,,,,,,,,,,,,,,,,,,,,,,,,,,,,,,,,,,,
,BU-MT1-P66,Brosimum utile,May 07 2025,March 24 2026,March 24 2026,1,XP206-PR,A,3,A3,5,26,,,,,0,,,,,,,,,,,,,,,,,,,,,,,,,,,,,,,,,,,,,,
,PG-MT3-P19,Pouruma guianensis,March 6 2026,March 24 2026,,0,XP206-PR,A,7,A7,5,12,11,0.1,1,,0.1,,,,,,,,,,,,,,,,,,,,,,,,,,,,,,,,,,,,,,
,DC-MT4-P64,Dacryodes cupularis,August 14 2025,March 24 2026,March 24 2026,1,XP206-PR,A,12,A12,5,15,,,,,0,,,,,,,,,,,,,,,,,,,,,,,,,,,,,,,,,,,,,,
,IS-MT3-P96,Inga silanchensis,March 6 2026,March 24 2026,,0,XP206-PR,A,13,A13,5,19,11,0.2,1,,0.2,1,,,,,,,,,,,,,,,,,,,,,,,,,,,,,,,,,,,,,
,AE-MT1-P12,Annona edulis,March 6 2026,March 24 2026,,0,XP206-PR,A,14,A14,5,17,40,0.4,4,,0.4,,,,,,,,,,,,,,,,,,,,,,,,,,,,,,,,,,,,,,
,BG-MT2-P33,Banara guianensis,August 14 2025,March 24 2026,March 24 2026,1,XP206-PR,A,15,A15,5,57,,,,,0,,,,,,,,,,,,,,,,,,,,,,,,,,,,,,,,,,,,,,
,CP-MT2-P30,Carapa guianensis,May 07 2025,March 24 2026,,0,XP206-PR,B,1,B1,5,47,43,0.9,2,,0.9,9,,,,,,,,,,,,,,,,,,,,,,,,,,,,,,,,,,,,,
,DC-MT1-P5,Dacryodes cupularis,August 14 2025,March 24 2026,March 24 2026,1,XP206-PR,B,2,B2,5,27,,,,,0,,,,,,,,,,,,,,,,,,,,,,,,,,,,,,,,,,,,,,
,CH-MT5-P66,Cecropia hispidissima,August 14 2025,March 24 2026,,0,XP206-PR,B,6,B6,5,45,70,1,2,,1,,,,,,,,,,,,,,,,,,,,,,,,,,,,,,,,,,,,,,
,BG-MT5-P93,Banara guianensis,August 14 2025,March 24 2026,March 24 2026,1,XP206-PR,B,9,B9,5,68,,,,,0,,,,,,,,,,,,,,,,,,,,,,,,,,,,,,,,,,,,,,
,IS-MT3-P107,Inga silanchensis,March 6 2026,March 24 2026,,0,XP206-PR,B,11,B11,5,17,17,0.4,2,,0.4,2,,,,,,,,,,,,,,,,,,,,,,,,,,,,,,,,,,,,,
,PG-MT4-P7,Pouruma guianensis,March 6 2026,March 24 2026,,0,XP206-PR,B,13,B13,5,17,17,0.1,2,,0.1,,,,,,,,,,,,,,,,,,,,,,,,,,,,,,,,,,,,,,
,AE-MT1-P50,Annona edulis,March 6 2026,March 24 2026,,0,XP206-PR,B,14,B14,5,50,50,0.4,4,,0.4,,,,,,,,,,,,,,,,,,,,,,,,,,,,,,,,,,,,,,
,IS-MT2-P52,Inga silanchensis,March 19 2026,March 24 2026,March 24 2026,1,XP206-PR,C,1,C1,5,15,,,,,0,,,,,,,,,,,,,,,,,,,,,,,,,,,,,,,,,,,,,,
,OP-MT2-P38,Ochroma pyramidale,March 19 2026,March 24 2026,,0,XP206-PR,C,2,C2,5,48,370,25,66,8,,,,,,,,,,,5.7,-13.9,7.1,21.5,,,,,,,,,,,,,,,,,,,,,,,,,
,CP-MT4-P8,Carapa guianensis,May 07 2025,March 24 2026,wrong species,0,XP206-PR,C,3,C3,5,60,,,,,0,,,,,,,,,,,,,,,,,,,,,,,,,,,,,,,,,,,,,,
,PA-MT6-P34,Piper aduncum,May 07 2025,March 24 2026,March 24 2026,1,XP206-PR,C,4,C4,5,20,,,,,0,,,,,,,,,,,,,,,,,,,,,,,,,,,,,,,,,,,,,,
,BG-MT4-P25,Banara guianensis,August 14 2025,March 24 2026,,0,XP206-PR,C,8,C8,5,50,83,0.4,7,,0.4,,,,,,,,,,,,,,,,,,,,,,,,,,,,,,,,,,,,,,
,AE-MT2-P29,Annona edulis,March 6 2026,March 24 2026,,0,XP206-PR,C,9,C9,5,39,37,0.3,4,,0.3,,,,,,,,,,,,,,,,,,,,,,,,,,,,,,,,,,,,,,
,DC-MT5-P42,Dacryodes cupularis,August 14 2025,March 24 2026,March 24 2026,1,XP206-PR,C,10,C10,5,37,,,,,0,,,,,,,,,,,,,,,,,,,,,,,,,,,,,,,,,,,,,,
,PG-MT4-P12,Pouruma guianensis,March 6 2026,March 24 2026,March 24 2026,1,XP206-PR,C,12,C12,5,20,,,,,0,,,,,,,,,,,,,,,,,,,,,,,,,,,,,,,,,,,,,,
,CH-MT3-P19,Cecropia hispidissima,August 14 2025,March 24 2026,,0,XP206-PR,C,14,C14,5,45,168,0.7,4,0.2,,,,,,,,,,,,,,,,,,,,,,,,,,,,,,,,,,,,,,,
,PG-MT3-P15,Pouruma guianensis,March 19 2026,April 02 2026,,0,XP207-PR,A,1,A1,1,,20,0.1,4,,0.1,,,,,,,,,,,,,,,,,,,,,,,,,,,,,,,,,,,,,,
,OP-MT9-P77,Ochroma pyramidale,March 17 2025,April 02 2026,,0,XP207-PR,A,2,A2,1,31,88,1.5,9,,1.5,,,,,,,,,,,,,,,,,,,,,,,,,,,,,,,,,,,,,,
,IS-MT5-P27,Inga silanchensis,March 17 2025,April 02 2026,,0,XP207-PR,A,4,A4,1,32.5,29,0.5,2,,0.5,6,,,,,,,,,,,,,,,,,,,,,,,,,,,,,,,,,,,,,
,BG-MT2-P69,Banara guianensis,August 07 2025,April 02 2026,,0,XP207-PR,A,5,A5,1,48,62,0.6,18,,0.6,,,,,,,,,,,,,,,,,,,,,,,,,,,,,,,,,,,,,,
,EA-MT3-P19,Ecuadendron acosta-solisianum,May 07 2025,April 02 2026,,0,XP207-PR,A,6,A6,1,45,55,1.1,5,,1.1,13,,,,,,,,,,,,,,,,,,,,,,,,,,,,,,,,,,,,,
,AE-MT4-P33,Annona edulis,March 19 2026,April 02 2026,,0,XP207-PR,A,7,A7,1,,49,0.3,4,,0.3,,,,,,,,,,,,,,,,,,,,,,,,,,,,,,,,,,,,,,
,VB-MT1-P49,Vismia baccifera,August 07 2025,April 02 2026,,0,XP207-PR,A,8,A8,1,25,74,0.8,67,,0.8,,,,,,,,,,,,,,,,,,,,,,,,,,,,,,,,,,,,,,
,BP-MT5-P42,Bauhinia pichinchensis,March 19 2026,April 02 2026,April 02 2026,1,XP207-PR,A,9,A9,1,,,,,,0,,,,,,,,,,,,,,,,,,,,,,,,,,,,,,,,,,,,,,
,CH-MT2-P3,Cecropia hispidissima,August 07 2025,April 02 2026,November 11 2025,1,XP207-PR,A,11,A11,1,39,,,,,0,,,,,,,,,,,,,,,,,,,,,,,,,,,,,,,,,,,,,,
,CH-MT4-P38,Cecropia hispidissima,March 19 2026,April 02 2026,,0,XP207-PR,A,11,A11,1,,61,0.6,2,,0.6,,,,,,,,,,,,,,,,,,,,,,,,,,,,,,,,,,,,,,
,DC-MT3-P11,Dacryodes cupularis,August 07 2025,April 02 2026,,0,XP207-PR,A,13,A13,1,24,11,0.2,1,,0.2,3,,,,,,,,,,,,,,,,,,,,,,,,,,,,,,,,,,,,,
,BS-MT1-P48,Bactris setulosa,November 11 2025,April 02 2026,,0,XP207-PR,A,14,A14,1,,12,1,2,,1,,,,,,,,,,,,,,,,,,,,,,,,,,,,,,,,,,,,,,
,CP-MT5-P46,Carapa guianensis,August 07 2025,April 02 2026,,0,XP207-PR,A,15,A15,1,49,52,1.1,5,,1.1,12,,,,,,,,,,,,,,,,,,,,,,,,,,,,,,,,,,,,,
,BU-MT5-P9,Brosimum utile,August 07 2025,April 02 2026,April 02 2026,1,XP207-PR,A,16,A16,1,27,,,,,0,,,,,,,,,,,,,,,,,,,,,,,,,,,,,,,,,,,,,,
,VB-MT5-P44,Vismia baccifera,March 19 2026,April 02 2026,,0,XP207-PR,B,1,B1,1,,52,0.2,5,,0.2,,,,,,,,,,,,,,,,,,,,,,,,,,,,,,,,,,,,,,
,OP-MT7-P52,Ochroma pyramidale,May 07 2025,April 02 2026,,0,XP207-PR,B,2,B2,1,66,97,1.7,9,,1.7,,,,,,,,,,,,,,,,,,,,,,,,,,,,,,,,,,,,,,
,BU-MT4-P51,Brosimum utile,August 07 2025,April 02 2026,,0,XP207-PR,B,4,B4,1,33,40,0.4,4,,0.4,,,,,,,,,,,,,,,,,,,,,,,,,,,,,,,,,,,,,,
,BS-MT5-P36,Bactris setulosa,August 07 2025,April 02 2026,,0,XP207-PR,B,5,B5,1,9,9,1,1,,1,,,,,,,,,,,,,,,,,,,,,,,,,,,,,,,,,,,,,,
,CP-MT4-P25,Carapa guianensis,May 07 2025,April 02 2026,April 02 2026,1,XP207-PR,B,6,B6,1,59.3,,,,,0,,,,,,,,,,,,,,,,,,,,,,,,,,,,,,,,,,,,,,
,PG-MT5-P30,Pouruma guianensis,March 19 2026,April 02 2026,,0,XP207-PR,B,7,B7,1,,30,0.2,2,,0.2,,,,,,,,,,,,,,,,,,,,,,,,,,,,,,,,,,,,,,
,CH-MT4-P49,Cecropia hispidissima,August 07 2025,April 02 2026,,0,XP207-PR,B,8,B8,1,32,67,1.4,7,,1.4,,,,,,,,,,,,,,,,,,,,,,,,,,,,,,,,,,,,,,
,IS-MT4-P60,Inga silanchensis,May 07 2025,April 02 2026,,0,XP207-PR,B,9,B9,1,25,30,0.8,6,,0.8,23,,,,,,,,,,,,,,,,,,,,,,,,,,,,,,,,,,,,,
,EA-MT3-P26,Ecuadendron acosta-solisianum,March 19 2026,April 02 2026,,0,XP207-PR,B,10,B10,1,,89,0.9,8,,0.9,20,,,,,,,,,,,,,,,,,,,,,,,,,,,,,,,,,,,,,
,BG-MT1-P22,Banara guianensis,August 07 2025,April 02 2026,,0,XP207-PR,B,11,B11,1,49,85,1,19,,1,,,,,,,,,,,,,,,,,,,,,,,,,,,,,,,,,,,,,,
,DC-MT5-P78,Dacryodes cupularis,March 19 2026,April 02 2026,,0,XP207-PR,B,12,B12,1,,12,0.3,3,,0.3,,,,,,,,,,,,,,,,,,,,,,,,,,,,,,,,,,,,,,
,AE-MT5-P5,Annona edulis,March 19 2026,April 02 2026,,0,XP207-PR,B,13,B13,1,,50,0.4,6,,0.4,,,,,,,,,,,,,,,,,,,,,,,,,,,,,,,,,,,,,,
,BP-MT2-P66,Bauhinia pichinchensis,March 19 2026,April 02 2026,,0,XP207-PR,B,15,B15,1,,26,0.1,2,,0.1,,,,,,,,,,,,,,,,,,,,,,,,,,,,,,,,,,,,,,
,MC-MT2-P34,Miconia conocuatrecasasii,August 07 2025,April 02 2026,November 11 2025,1,XP207-PR,B,16,B16,1,19,,,,,0,,,,,,,,,,,,,,,,,,,,,,,,,,,,,,,,,,,,,,
,MC-MT1-P80,Miconia conocuatrecasasii,March 19 2026,April 02 2026,,0,XP207-PR,B,16,B16,1,,17,0.2,3,,0.2,,,,,,,,,,,,,,,,,,,,,,,,,,,,,,,,,,,,,,
,AE-MT3-P31,Annona edulis,March 19 2026,April 02 2026,,0,XP207-PR,C,1,C1,1,,48,0.4,4,,0.4,,,,,,,,,,,,,,,,,,,,,,,,,,,,,,,,,,,,,,
,OP-MT7-P17,Ochroma pyramidale,May 07 2025,April 02 2026,,0,XP207-PR,C,2,C2,1,65,48,0.8,0,,0.8,,,,,,,,,,,,,,,,,,,,,,,,,,,,,,,,,,,,,,
,BU-MT5-P57,Brosimum utile,August 07 2025,April 02 2026,,0,XP207-PR,C,3,C3,1,33,25,0.3,2,,0.3,,,,,,,,,,,,,,,,,,,,,,,,,,,,,,,,,,,,,,
,CP-MT2-P3,Carapa guianensis,May 07 2025,April 02 2026,,0,XP207-PR,C,4,C4,1,55,44,1,3,,1,10,,,,,,,,,,,,,,,,,,,,,,,,,,,,,,,,,,,,,
,IS-MT1-P3,Inga silanchensis,May 07 2025,April 02 2026,April 02 2026,1,XP207-PR,C,5,C5,1,25,,,,,0,,,,,,,,,,,,,,,,,,,,,,,,,,,,,,,,,,,,,,
,PA-MT3-P72,Piper aduncum,March 19 2026,April 02 2026,,0,XP207-PR,C,6,C6,1,,30,0.3,2,,0.3,,,,,,,,,,,,,,,,,,,,,,,,,,,,,,,,,,,,,,
,BP-MT4-P7,Bauhinia pichinchensis,March 19 2026,April 02 2026,,0,XP207-PR,C,7,C7,1,,15,0.1,1,,0.1,,,,,,,,,,,,,,,,,,,,,,,,,,,,,,,,,,,,,,
,PG-MT3-P43,Pouruma guianensis,March 19 2026,April 02 2026,,0,XP207-PR,C,8,C8,1,,22,0.2,3,,0.2,,,,,,,,,,,,,,,,,,,,,,,,,,,,,,,,,,,,,,
,BS-MT7-P29,Bactris setulosa,November 11 2025,April 02 2026,,0,XP207-PR,C,9,C9,1,9,10,0.2,5,,0.2,,,,,,,,,,,,,,,,,,,,,,,,,,,,,,,,,,,,,,
,DC-MT3-P17,Dacryodes cupularis,August 07 2025,April 02 2026,,0,XP207-PR,C,10,C10,1,54,39,0.2,5,,0.2,,,,,,,,,,,,,,,,,,,,,,,,,,,,,,,,,,,,,,
,CH-MT3-P56,Cecropia hispidissima,August 07 2025,April 02 2026,November 11 2025,1,XP207-PR,C,11,C11,1,40,,,,,0,,,,,,,,,,,,,,,,,,,,,,,,,,,,,,,,,,,,,,
,CH-MT5-P1,Cecropia hispidissima,March 19 2026,April 02 2026,,0,XP207-PR,C,11,C11,1,,63,0.6,2,,0.6,,,,,,,,,,,,,,,,,,,,,,,,,,,,,,,,,,,,,,
,EA-MT1-P29,Ecuadendron acosta-solisianum,November 11 2025,April 02 2026,,0,XP207-PR,C,14,C14,1,36,42,0.7,6,,0.7,21,,,,,,,,,,,,,,,,,,,,,,,,,,,,,,,,,,,,,
,BG-MT1-P72,Banara guianensis,August 07 2025,April 02 2026,,0,XP207-PR,C,15,C15,1,59,81,0.4,19,,0.4,,,,,,,,,,,,,,,,,,,,,,,,,,,,,,,,,,,,,,
,VB-MT1-P40,Vismia baccifera,August 07 2025,April 02 2026,,0,XP207-PR,C,16,C16,1,31,39,0.2,3,,0.2,,,,,,,,,,,,,,,,,,,,,,,,,,,,,,,,,,,,,,
,CH-MT2-P32,Cecropia hispidissima,August 07 2025,April 02 2026,,0,XP207-PR,A,1,A1,2,39,50,0.4,4,,0.4,,,,,,,,,,,,,,,,,,,,,,,,,,,,,,,,,,,,,,
,OP-MT2-P4,Ochroma pyramidale,March 17 2025,April 02 2026,April 02 2026,1,XP207-PR,A,2,A2,2,33,,,,,0,,,,,,,,,,,,,,,,,,,,,,,,,,,,,,,,,,,,,,
,AE-MT4-P56,Annona edulis,March 19 2026,April 02 2026,,0,XP207-PR,A,3,A3,2,,49,0.3,6,,0.3,,,,,,,,,,,,,,,,,,,,,,,,,,,,,,,,,,,,,,
,IS-MT3-P85,Inga silanchensis,March 17 2025,April 02 2026,,0,XP207-PR,A,4,A4,2,27.7,28,0.5,2,,0.5,6,,,,,,,,,,,,,,,,,,,,,,,,,,,,,,,,,,,,,
,CP-MT2-P44,Carapa guianensis,May 07 2025,April 02 2026,November 11 2025,1,XP207-PR,A,5,A5,2,63,,,,,0,,,,,,,,,,,,,,,,,,,,,,,,,,,,,,,,,,,,,,
,CP-MT1-P64,Carapa guianensis,March 19 2026,April 02 2026,,0,XP207-PR,A,5,A5,2,,58,1.1,3,,1.1,13,,,,,,,,,,,,,,,,,,,,,,,,,,,,,,,,,,,,,
,EA-MT5-P25,Ecuadendron acosta-solisianum,November 11 2025,April 02 2026,,0,XP207-PR,A,6,A6,2,57,46,1.1,7,,1.1,,,,,,,,,,,,,,,,,,,,,,,,,,,,,,,,,,,,,,
,BU-MT4-P34,Brosimum utile,August 07 2025,April 02 2026,,0,XP207-PR,A,7,A7,2,35,44,0.3,5,,0.3,,,,,,,,,,,,,,,,,,,,,,,,,,,,,,,,,,,,,,
,PG-MT4-P27,Pouruma guianensis,March 19 2026,April 02 2026,,0,XP207-PR,A,9,A9,2,,25,0.1,4,,0.1,,,,,,,,,,,,,,,,,,,,,,,,,,,,,,,,,,,,,,
,MC-MT1-P33,Miconia conocuatrecasasii,August 07 2025,April 02 2026,,0,XP207-PR,A,10,A10,2,24,55,0.8,12,,0.8,,,,,,,,,,,,,,,,,,,,,,,,,,,,,,,,,,,,,,
,VB-MT4-P28,Vismia baccifera,March 19 2026,April 02 2026,,0,XP207-PR,A,11,A11,2,,34,0.2,2,,0.2,,,,,,,,,,,,,,,,,,,,,,,,,,,,,,,,,,,,,,
,BP-MT2-P34,Bauhinia pichinchensis,March 19 2026,April 02 2026,,0,XP207-PR,A,13,A13,2,,34,0.2,1,,0.2,,,,,,,,,,,,,,,,,,,,,,,,,,,,,,,,,,,,,,
,BG-MT5-P76,Banara guianensis,August 07 2025,April 02 2026,,0,XP207-PR,A,14,A14,2,67,137,1,38,0.3,,,,,,,,,,,,,,,,,,,,,,,,,,,,,,,,,,,,,,,
,BS-MT1-P39,Bactris setulosa,November 11 2025,April 02 2026,,0,XP207-PR,A,15,A15,2,15,13,1,2,,1,,,,,,,,,,,,,,,,,,,,,,,,,,,,,,,,,,,,,,
,DC-MT1-P67,Dacryodes cupularis,August 07 2025,April 02 2026,November 11 2025,1,XP207-PR,A,16,A16,2,29,,,,,0,,,,,,,,,,,,,,,,,,,,,,,,,,,,,,,,,,,,,,
,PA-MT6-P12,Piper aduncum,May 07 2025,April 02 2026,,0,XP207-PR,B,1,B1,2,17,76,1.1,62,,1.1,,,,,,,,,,,,,,,,,,,,,,,,,,,,,,,,,,,,,,
,PG-MT5-P63,Pouruma guianensis,March 19 2026,April 02 2026,,0,XP207-PR,B,2,B2,2,,22,0.1,4,,0.1,,,,,,,,,,,,,,,,,,,,,,,,,,,,,,,,,,,,,,
,BG-MT4-P21,Banara guianensis,August 07 2025,April 02 2026,,0,XP207-PR,B,3,B3,2,59,55,0.3,40,,0.3,,,,,,,,,,,,,,,,,,,,,,,,,,,,,,,,,,,,,,
,AE-MT2-P35,Annona edulis,March 19 2026,April 02 2026,,0,XP207-PR,B,4,B4,2,,26,0.2,3,,0.2,,,,,,,,,,,,,,,,,,,,,,,,,,,,,,,,,,,,,,
,IS-MT2-P73,Inga silanchensis,March 17 2025,April 02 2026,April 02 2026,1,XP207-PR,B,5,B5,2,30,,,,,0,,,,,,,,,,,,,,,,,,,,,,,,,,,,,,,,,,,,,,
,IS-MT2-P18,Inga silanchensis,November 11 2025,April 02 2026,April 02 2026,1,XP207-PR,B,5,B5,2,,,,,,0,,,,,,,,,,,,,,,,,,,,,,,,,,,,,,,,,,,,,,
,OP-MT6-P15,Ochroma pyramidale,May 07 2025,April 02 2026,,0,XP207-PR,B,6,B6,2,60,140,2,12,0.6,,,,,,,,,,,,,,,,,,,,,,,,,,,,,,,,,,,,,,,
,DC-MT1-P13,Dacryodes cupularis,August 07 2025,April 02 2026,November 11 2025,1,XP207-PR,B,7,B7,2,36,,,,,0,,,,,,,,,,,,,,,,,,,,,,,,,,,,,,,,,,,,,,
,EA-MT1-P4,Ecuadendron acosta-solisianum,November 11 2025,April 02 2026,,0,XP207-PR,B,11,B11,2,35,35,0.6,5,,0.6,,,,,,,,,,,,,,,,,,,,,,,,,,,,,,,,,,,,,,
,CH-MT4-P98,Cecropia hispidissima,August 07 2025,April 02 2026,,0,XP207-PR,B,12,B12,2,34,68,0.6,6,,0.6,,,,,,,,,,,,,,,,,,,,,,,,,,,,,,,,,,,,,,
,BU-MT3-P67,Brosimum utile,August 07 2025,April 02 2026,,0,XP207-PR,B,13,B13,2,31,20,0.2,3,,0.2,,,,,,,,,,,,,,,,,,,,,,,,,,,,,,,,,,,,,,
,BP-MT4-P88,Bauhinia pichinchensis,March 19 2026,April 02 2026,,0,XP207-PR,B,14,B14,2,,40,0.3,1,,0.3,,,,,,,,,,,,,,,,,,,,,,,,,,,,,,,,,,,,,,
,BS-MT6-P27,Bactris setulosa,August 07 2025,April 02 2026,,0,XP207-PR,B,15,B15,2,9,16,0.9,2,,0.9,,,,,,,,,,,,,,,,,,,,,,,,,,,,,,,,,,,,,,
,VB-MT2-P73,Vismia baccifera,March 19 2026,April 02 2026,,0,XP207-PR,B,16,B16,2,,22,0.1,2,,0.1,,,,,,,,,,,,,,,,,,,,,,,,,,,,,,,,,,,,,,
,EA-MT1-P94,Ecuadendron acosta-solisianum,March 19 2026,April 02 2026,,0,XP207-PR,C,1,C1,2,,70,0.7,10,,0.7,,,,,,,,,,,,,,,,,,,,,,,,,,,,,,,,,,,,,,
,AE-MT3-P16,Annona edulis,March 19 2026,April 02 2026,,0,XP207-PR,C,2,C2,2,,41,0.3,5,,0.3,,,,,,,,,,,,,,,,,,,,,,,,,,,,,,,,,,,,,,
,CP-MT3-P29,Carapa guianensis,May 07 2025,April 02 2026,,0,XP207-PR,C,3,C3,2,74,74,1.3,3,,1.3,18,,,,,,,,,,,,,,,,,,,,,,,,,,,,,,,,,,,,,
,BS-MT5-P49,Bactris setulosa,November 11 2025,April 02 2026,,0,XP207-PR,C,4,C4,2,18,18,1,3,,1,,,,,,,,,,,,,,,,,,,,,,,,,,,,,,,,,,,,,,
,PA-MT7-P34,Piper aduncum,August 07 2025,April 02 2026,,0,XP207-PR,C,6,C6,2,36,86,1,40,,1,,,,,,,,,,,,,,,,,,,,,,,,,,,,,,,,,,,,,,
,BP-MT3-P66,Bauhinia pichinchensis,March 19 2026,April 02 2026,,0,XP207-PR,C,7,C7,2,,30,0.2,1,,0.2,,,,,,,,,,,,,,,,,,,,,,,,,,,,,,,,,,,,,,
,IS-MT4-P44,Inga silanchensis,May 07 2025,April 02 2026,,0,XP207-PR,C,8,C8,2,24.5,40,0.8,5,,0.8,17,,,,,,,,,,,,,,,,,,,,,,,,,,,,,,,,,,,,,
,BU-MT1-P23,Brosimum utile,May 07 2025,April 02 2026,,0,XP207-PR,C,9,C9,2,30,47,0.6,8,,0.6,,,,,,,,,,,,,,,,,,,,,,,,,,,,,,,,,,,,,,EN campo dice BU-MT1-P2
,MC-MT3-P34,Miconia conocuatrecasasii,August 07 2025,April 02 2026,,0,XP207-PR,C,10,C10,2,16,34,0.5,9,,0.5,,,,,,,,,,,,,,,,,,,,,,,,,,,,,,,,,,,,,,
,CH-MT5-P58,Cecropia hispidissima,August 07 2025,April 02 2026,,0,XP207-PR,C,11,C11,2,52,88,1.3,6,,1.3,,,,,,,,,,,,,,,,,,,,,,,,,,,,,,,,,,,,,,
,DC-MT4-P27,Dacryodes cupularis,August 07 2025,April 02 2026,April 02 2026,1,XP207-PR,C,12,C12,2,21,,,,,0,,,,,,,,,,,,,,,,,,,,,,,,,,,,,,,,,,,,,,
,BG-MT1-P31,Banara guianensis,August 07 2025,April 02 2026,November 11 2025,1,XP207-PR,C,14,C14,2,44,,,,,0,,,,,,,,,,,,,,,,,,,,,,,,,,,,,,,,,,,,,,
,BG-MT1-P80,Banara guianensis,March 19 2026,April 02 2026,,0,XP207-PR,C,14,C14,2,,15,0.2,17,,0.2,,,,,,,,,,,,,,,,,,,,,,,,,,,,,,,,,,,,,,
,VB-MT5-P10,Vismia baccifera,March 19 2026,April 02 2026,,0,XP207-PR,C,15,C15,2,,42,0.2,4,,0.2,,,,,,,,,,,,,,,,,,,,,,,,,,,,,,,,,,,,,,
,PG-MT1-P16,Pouruma guianensis,March 19 2026,April 02 2026,,0,XP207-PR,C,16,C16,2,,20,0.2,3,,0.2,,,,,,,,,,,,,,,,,,,,,,,,,,,,,,,,,,,,,,
,EA-MT4-P59,Ecuadendron acosta-solisianum,March 19 2026,April 02 2026,,0,XP207-PR,A,1,A1,3,,72,13,3,,13,10,,,,,,,,,,,,,,,,,,,,,,,,,,,,,,,,,,,,,
,AE-MT3-P59,Annona edulis,March 19 2026,April 02 2026,,0,XP207-PR,A,2,A2,3,,44,0.5,5,,0.5,,,,,,,,,,,,,,,,,,,,,,,,,,,,,,,,,,,,,,
,BU-MT3-P42,Brosimum utile,August 07 2025,April 02 2026,,0,XP207-PR,A,3,A3,3,39,42,0.6,3,,0.6,,,,,,,,,,,,,,,,,,,,,,,,,,,,,,,,,,,,,,
,CH-MT1-P46,Cecropia hispidissima,May 07 2025,April 02 2026,August 07 2025,1,XP207-PR,A,4,A4,3,16,,,,,0,,,,,,,,,,,,,,,,,,,,,,,,,,,,,,,,,,,,,,
,CH-MT3-P30,Cecropia hispidissima,March 19 2026,April 02 2026,,0,XP207-PR,A,4,A4,3,,46,0.5,2,,0.5,,,,,,,,,,,,,,,,,,,,,,,,,,,,,,,,,,,,,,
,CP-MT1-P34,Carapa guianensis,August 07 2025,April 02 2026,,0,XP207-PR,A,6,A6,3,55,62,1.3,1,,1.3,,,,,,,,,,,,,,,,,,,,,,,,,,,,,,,,,,,,,,
,BS-MT7-P15,Bactris setulosa,August 07 2025,April 02 2026,November 11 2025,1,XP207-PR,A,7,A7,3,10,,,,,0,,,,,,,,,,,,,,,,,,,,,,,,,,,,,,,,,,,,,,
,BS-MT1-P90,Bactris setulosa,March 19 2026,April 02 2026,,0,XP207-PR,A,7,A7,3,,16,1.3,1,,1.3,8,,,,,,,,,,,,,,,,,,,,,,,,,,,,,,,,,,,,,
,IS-MT2-P92,Inga silanchensis,March 17 2025,April 02 2026,March 20 2026,1,XP207-PR,A,8,A8,3,37,,,,,0,,,,,,,,,,,,,,,,,,,,,,,,,,,,,,,,,,,,,,
,VB-MT5-P8,Vismia baccifera,March 19 2026,April 02 2026,,0,XP207-PR,A,9,A9,3,,39,0.4,2,,0.4,,,,,,,,,,,,,,,,,,,,,,,,,,,,,,,,,,,,,,
,PA-MT3-P63,Piper aduncum,March 17 2025,April 02 2026,,0,XP207-PR,A,10,A10,3,32,82,1,37,,1,,,,,,,,,,,,,,,,,,,,,,,,,,,,,,,,,,,,,,
,DC-MT4-P21,Dacryodes cupularis,August 07 2025,April 02 2026,,0,XP207-PR,A,11,A11,3,30,32,0.6,5,,0.6,22,,,,,,,,,,,,,,,,,,,,,,,,,,,,,,,,,,,,,
,PG-MT2-P14,Pouruma guianensis,March 19 2026,April 02 2026,,0,XP207-PR,A,12,A12,3,,15,0.3,5,,0.3,,,,,,,,,,,,,,,,,,,,,,,,,,,,,,,,,,,,,,
,BP-MT2-P74,Bauhinia pichinchensis,March 19 2026,April 02 2026,,0,XP207-PR,A,13,A13,3,,22,0.4,3,,0.4,,,,,,,,,,,,,,,,,,,,,,,,,,,,,,,,,,,,,,
,BG-MT5-P41,Banara guianensis,August 07 2025,April 02 2026,,0,XP207-PR,A,14,A14,3,50,76,1,44,,1,,,,,,,,,,,,,,,,,,,,,,,,,,,,,,,,,,,,,,
,MC-MT1-P73,Miconia conocuatrecasasii,August 07 2025,April 02 2026,November 11 2025,1,XP207-PR,A,16,A16,3,18,,,,,0,,,,,,,,,,,,,,,,,,,,,,,,,,,,,,,,,,,,,,
,MC-MT1-P83,Miconia conocuatrecasasii,March 19 2026,April 02 2026,,0,XP207-PR,A,16,A16,3,,23,0.4,2,,0.4,,,,,,,,,,,,,,,,,,,,,,,,,,,,,,,,,,,,,,
,AE-MT2-P74,Annona edulis,March 19 2026,April 02 2026,,0,XP207-PR,B,1,B1,3,,45,0.4,5,,0.4,,,,,,,,,,,,,,,,,,,,,,,,,,,,,,,,,,,,,,
,IS-MT5-P82,Inga silanchensis,March 17 2025,April 02 2026,,0,XP207-PR,B,3,B3,3,24,42,1.3,8,,1.3,33,,,,,,,,,,,,,,,,,,,,,,,,,,,,,,,,,,,,,
,VB-MT2-P6,Vismia baccifera,March 19 2026,April 02 2026,,0,XP207-PR,B,5,B5,3,,29,0.3,3,,0.3,,,,,,,,,,,,,,,,,,,,,,,,,,,,,,,,,,,,,,
,CP-MT1-P10,Carapa guianensis,August 07 2025,April 02 2026,,0,XP207-PR,B,6,B6,3,50,57,1.2,6,,1.2,29,,,,,,,,,,,,,,,,,,,,,,,,,,,,,,,,,,,,,
,BU-MT2-P11,Brosimum utile,August 07 2025,April 02 2026,,0,XP207-PR,B,9,B9,3,37,37,0.5,5,,0.5,,,,,,,,,,,,,,,,,,,,,,,,,,,,,,,,,,,,,,
,OP-MT6-P22,Ochroma pyramidale,May 07 2025,April 02 2026,,0,XP207-PR,B,10,B10,3,60,740,26,23,8.3,,,,,,,,,,,4.7,-29.9,4.9,45,,,,,,,,,,,,,,,,,,,,,,,,,
,BG-MT3-P5,Banara guianensis,August 07 2025,April 02 2026,March 20 2026,1,XP207-PR,B,11,B11,3,57,,,,,0,,,,,,,,,,,,,,,,,,,,,,,,,,,,,,,,,,,,,,
,EA-MT1-P24,Ecuadendron acosta-solisianum,November 11 2025,April 02 2026,,0,XP207-PR,B,12,B12,3,33,43,1.2,6,,1.2,22,,,,,,,,,,,,,,,,,,,,,,,,,,,,,,,,,,,,,
,BS-MT7-P63,Bactris setulosa,March 19 2026,April 02 2026,,0,XP207-PR,B,13,B13,3,,10,0.8,4,,0.8,,,,,,,,,,,,,,,,,,,,,,,,,,,,,,,,,,,,,,
,BP-MT4-P89,Bauhinia pichinchensis,March 19 2026,April 02 2026,,0,XP207-PR,B,14,B14,3,,20,0.5,2,,0.5,,,,,,,,,,,,,,,,,,,,,,,,,,,,,,,,,,,,,,
,PG-MT5-P25,Pouruma guianensis,March 19 2026,April 02 2026,,0,XP207-PR,B,15,B15,3,,22,0.3,4,,0.3,,,,,,,,,,,,,,,,,,,,,,,,,,,,,,,,,,,,,,
,CH-MT4-P50,Cecropia hispidissima,August 07 2025,April 02 2026,,0,XP207-PR,B,16,B16,3,31,89,1.4,10,,1.4,,,,,,,,,,,,,,,,,,,,,,,,,,,,,,,,,,,,,,
,BP-MT1-P23,Bauhinia pichinchensis,March 19 2026,April 02 2026,,0,XP207-PR,C,1,C1,3,,26,0.4,1,,0.4,,,,,,,,,,,,,,,,,,,,,,,,,,,,,,,,,,,,,,
,VB-MT2-P3,Vismia baccifera,March 19 2026,April 02 2026,,0,XP207-PR,C,2,C2,3,,20,3,2,,3,,,,,,,,,,,,,,,,,,,,,,,,,,,,,,,,,,,,,,
,EA-MT2-P15,Ecuadendron acosta-solisianum,May 07 2025,April 02 2026,,0,XP207-PR,C,3,C3,3,42,55,1.1,12,,1.1,30,,,,,,,,,,,,,,,,,,,,,,,,,,,,,,,,,,,,,
,BU-MT1-P33,Brosimum utile,November 11 2025,April 02 2026,,0,XP207-PR,C,4,C4,3,31,34,0.6,2,,0.6,,,,,,,,,,,,,,,,,,,,,,,,,,,,,,,,,,,,,,
,PG-MT4-P58,Pouruma guianensis,March 19 2026,April 02 2026,,0,XP207-PR,C,5,C5,3,,22,0.9,2,,0.9,,,,,,,,,,,,,,,,,,,,,,,,,,,,,,,,,,,,,,
,MC-MT2-P13,Miconia conocuatrecasasii,August 07 2025,April 02 2026,,0,XP207-PR,C,6,C6,3,25,64,1.1,16,,1.1,,,,,,,,,,,,,,,,,,,,,,,,,,,,,,,,,,,,,,
,IS-MT1-P45,Inga silanchensis,May 07 2025,April 02 2026,,0,XP207-PR,C,7,C7,3,14,14,0.5,1,,0.5,2,,,,,,,,,,,,,,,,,,,,,,,,,,,,,,,,,,,,,
,CP-MT2-P26,Carapa guianensis,March 19 2026,April 02 2026,,0,XP207-PR,C,8,C8,3,,37,0.7,3,,0.7,14,,,,,,,,,,,,,,,,,,,,,,,,,,,,,,,,,,,,,
,BG-MT3-P22,Banara guianensis,August 07 2025,April 02 2026,,0,XP207-PR,C,9,C9,3,70,140,5,99,1.6,,,,,,,,,,,,,,,,,,,,,,,,,,,,,,,,,,,,,,,
,OP-MT8-P15,Ochroma pyramidale,May 07 2025,April 02 2026,August 07 2025,1,XP207-PR,C,10,C10,3,76,,,,,0,,,,,,,,,,,,,,,,,,,,,,,,,,,,,,,,,,,,,,
,OP-MT2-P66,Ochroma pyramidale,November 11 2025,April 02 2026,,0,XP207-PR,C,10,C10,3,62,74,1,10,,1,,,,,,,,,,,,,,,,,,,,,,,,,,,,,,,,,,,,,,
,BS-MT1-P14,Bactris setulosa,August 07 2025,April 02 2026,November 11 2025,1,XP207-PR,C,11,C11,3,10,,,,,0,,,,,,,,,,,,,,,,,,,,,,,,,,,,,,,,,,,,,,
,BS-MT1-P70,Bactris setulosa,March 19 2026,April 02 2026,,0,XP207-PR,C,11,C11,3,,17,12,2,,12,,,,,,,,,,,,,,,,,,,,,,,,,,,,,,,,,,,,,,
,CH-MT1-P9,Cecropia hispidissima,May 07 2025,April 02 2026,March 20 2026,1,XP207-PR,C,12,C12,3,19,,,,,0,,,,,,,,,,,,,,,,,,,,,,,,,,,,,,,,,,,,,,
,PA-MT7-P20,Piper aduncum,August 07 2025,April 02 2026,,0,XP207-PR,C,14,C14,3,29,139,6,140,1.9,,,130,8,2.5,,140,7,2.2,,,,,,,,,,,,,,,,,,,,,,,,,,,,,,
,DC-MT1-P36,Dacryodes cupularis,March 19 2026,April 02 2026,,0,XP207-PR,C,15,C15,3,,33,0.5,1,,0.5,2,,,,,,,,,,,,,,,,,,,,,,,,,,,,,,,,,,,,,
,AE-MT4-P70,Annona edulis,March 19 2026,April 02 2026,,0,XP207-PR,C,16,C16,3,,45,0.5,6,,0.5,,,,,,,,,,,,,,,,,,,,,,,,,,,,,,,,,,,,,,
,IS-MT3-P83,Inga silanchensis,March 17 2025,April 02 2026,,0,XP207-PR,A,1,A1,4,34,25,0.5,6,,0.5,16,,,,,,,,,,,,,,,,,,,,,,,,,,,,,,,,,,,,,
,OP-MT9-P29,Ochroma pyramidale,March 17 2025,April 02 2026,,0,XP207-PR,A,2,A2,4,41,48,0.6,4,,0.6,,,,,,,,,,,,,,,,,,,,,,,,,,,,,,,,,,,,,,
,PG-MT3-P25,Pouruma guianensis,March 19 2026,April 02 2026,,0,XP207-PR,A,3,A3,4,,24,0.4,1,,0.4,,,,,,,,,,,,,,,,,,,,,,,,,,,,,,,,,,,,,,
,BS-MT5-P70,Bactris setulosa,November 11 2025,April 02 2026,,0,XP207-PR,A,5,A5,4,,12,16,3,,16,,,,,,,,,,,,,,,,,,,,,,,,,,,,,,,,,,,,,,
,CP-MT3-P44,Carapa guianensis,May 07 2025,April 02 2026,,0,XP207-PR,A,6,A6,4,62,63,1.5,3,,1.5,18,,,,,,,,,,,,,,,,,,,,,,,,,,,,,,,,,,,,,
,DC-MT5-P53,Dacryodes cupularis,August 07 2025,April 02 2026,November 11 2025,1,XP207-PR,A,8,A8,4,16,,,,,0,,,,,,,,,,,,,,,,,,,,,,,,,,,,,,,,,,,,,,
,PA-MT3-P67,Piper aduncum,March 17 2025,April 02 2026,,0,XP207-PR,A,9,A9,4,34,100,1.4,41,,1.4,,,,,,,,,,,,,,,,,,,,,,,,,,,,,,,,,,,,,,
,CH-MT5-P73,Cecropia hispidissima,March 19 2026,April 02 2026,,0,XP207-PR,A,10,A10,4,,25,0.4,1,,0.4,,,,,,,,,,,,,,,,,,,,,,,,,,,,,,,,,,,,,,
,BU-MT2-P61,Brosimum utile,August 07 2025,April 02 2026,,0,XP207-PR,A,11,A11,4,36,51,0.9,1,,0.9,,,,,,,,,,,,,,,,,,,,,,,,,,,,,,,,,,,,,,
,EA-MT4-P11,Ecuadendron acosta-solisianum,May 07 2025,April 02 2026,,0,XP207-PR,A,12,A12,4,53.2,95,1.8,15,,1.8,56,,,,,,,,,,,,,,,,,,,,,,,,,,,,,,,,,,,,,
,BP-MT1-P38,Bauhinia pichinchensis,March 19 2026,April 02 2026,,0,XP207-PR,A,13,A13,4,,27,0.3,1,,0.3,,,,,,,,,,,,,,,,,,,,,,,,,,,,,,,,,,,,,,
,BG-MT2-P66,Banara guianensis,August 07 2025,April 02 2026,November 11 2025,1,XP207-PR,A,14,A14,4,56,,,,,0,,,,,,,,,,,,,,,,,,,,,,,,,,,,,,,,,,,,,,
,BG-MT1-P17,Banara guianensis,March 19 2026,April 02 2026,,0,XP207-PR,A,14,A14,4,,59,15,8,,15,,,,,,,,,,,,,,,,,,,,,,,,,,,,,,,,,,,,,,
,AE-MT1-P68,Annona edulis,March 19 2026,April 02 2026,,0,XP207-PR,A,15,A15,4,,50,0.7,6,,0.7,,,,,,,,,,,,,,,,,,,,,,,,,,,,,,,,,,,,,,
,VB-MT5-P38,Vismia baccifera,March 19 2026,April 02 2026,,0,XP207-PR,A,16,A16,4,,43,0.4,2,,0.4,,,,,,,,,,,,,,,,,,,,,,,,,,,,,,,,,,,,,,
,BU-MT1-P51,Brosimum utile,November 11 2025,April 02 2026,,0,XP207-PR,B,1,B1,4,36,36,0.5,1,,0.5,,,,,,,,,,,,,,,,,,,,,,,,,,,,,,,,,,,,,,
,PA-MT6-P59,Piper aduncum,May 07 2025,April 02 2026,,0,XP207-PR,B,2,B2,4,17,54,1.1,21,,1.1,,,,,,,,,,,,,,,,,,,,,,,,,,,,,,,,,,,,,,
,BP-MT1-P54,Bauhinia pichinchensis,March 19 2026,April 02 2026,,0,XP207-PR,B,3,B3,4,,24,0.4,0,,0.4,,,,,,,,,,,,,,,,,,,,,,,,,,,,,,,,,,,,,,
,VB-MT2-P10,Vismia baccifera,March 19 2026,April 02 2026,,0,XP207-PR,B,4,B4,4,,44,0.2,2,,0.2,,,,,,,,,,,,,,,,,,,,,,,,,,,,,,,,,,,,,,
,EA-MT5-P51,Ecuadendron acosta-solisianum,November 11 2025,April 02 2026,,0,XP207-PR,B,5,B5,4,54,54,1,10,,1,28,,,,,,,,,,,,,,,,,,,,,,,,,,,,,,,,,,,,,
,PG-MT3-P1,Pouruma guianensis,March 19 2026,April 02 2026,,0,XP207-PR,B,6,B6,4,,23,0.3,0,,0.3,,,,,,,,,,,,,,,,,,,,,,,,,,,,,,,,,,,,,,
,DC-MT5-P3,Dacryodes cupularis,August 07 2025,April 02 2026,November 11 2025,1,XP207-PR,B,7,B7,4,44,,,,,0,,,,,,,,,,,,,,,,,,,,,,,,,,,,,,,,,,,,,,
,IS-MT5-P53,Inga silanchensis,November 11 2025,April 02 2026,,0,XP207-PR,B,8,B8,4,21,23,0.5,2,,0.5,4,,,,,,,,,,,,,,,,,,,,,,,,,,,,,,,,,,,,,
,CP-MT5-P24,Carapa guianensis,August 07 2025,April 02 2026,,0,XP207-PR,B,9,B9,4,60,54,14,5,,14,18,,,,,,,,,,,,,,,,,,,,,,,,,,,,,,,,,,,,,
,CH-MT5-P44,Cecropia hispidissima,August 07 2025,April 02 2026,,0,XP207-PR,B,10,B10,4,50,122,2.3,11,,2.3,,,,,,,,,,,,,,,,,,,,,,,,,,,,,,,,,,,,,,
,OP-MT2-P69,Ochroma pyramidale,March 17 2025,April 02 2026,,0,XP207-PR,B,11,B11,4,47.5,120,38,,,38,,,,,,,,,,,,,,,,,,,,,,,,,,,,,,,,,,,,,,
,BG-MT3-P49,Banara guianensis,August 07 2025,April 02 2026,November 11 2025,1,XP207-PR,B,12,B12,4,68,,,,,0,,,,,,,,,,,,,,,,,,,,,,,,,,,,,,,,,,,,,,
,BG-MT1-P54,Banara guianensis,March 19 2026,April 02 2026,,0,XP207-PR,B,12,B12,4,,67,0.6,35,,0.6,13,,,,,,,,,,,,,,,,,,,,,,,,,,,,,,,,,,,,,
,AE-MT5-P26,Annona edulis,March 19 2026,April 02 2026,,0,XP207-PR,B,13,B13,4,,37,0.5,2,,0.5,,,,,,,,,,,,,,,,,,,,,,,,,,,,,,,,,,,,,,
,MC-MT3-P31,Miconia conocuatrecasasii,August 07 2025,April 02 2026,,0,XP207-PR,B,14,B14,4,15,95,0.6,10,,0.6,,,,,,,,,,,,,,,,,,,,,,,,,,,,,,,,,,,,,,
,BS-MT5-P67,Bactris setulosa,November 11 2025,April 02 2026,,0,XP207-PR,B,16,B16,4,18,10,1.4,1,,1.4,,,,,,,,,,,,,,,,,,,,,,,,,,,,,,,,,,,,,,
,AE-MT1-P29,Annona edulis,March 19 2026,April 02 2026,,0,XP207-PR,C,1,C1,4,,54,0.5,3,,0.5,,,,,,,,,,,,,,,,,,,,,,,,,,,,,,,,,,,,,,
,BG-MT4-P24,Banara guianensis,August 07 2025,April 02 2026,,0,XP207-PR,C,2,C2,4,57,79,1,56,,1,,,,,,,,,,,,,,,,,,,,,,,,,,,,,,,,,,,,,,
,BP-MT3-P18,Bauhinia pichinchensis,March 19 2026,April 02 2026,,0,XP207-PR,C,3,C3,4,,22,0.2,1,,0.2,,,,,,,,,,,,,,,,,,,,,,,,,,,,,,,,,,,,,,
,CP-MT4-P36,Carapa guianensis,May 07 2025,April 02 2026,,0,XP207-PR,C,4,C4,4,52,52,16,4,,16,18,,,,,,,,,,,,,,,,,,,,,,,,,,,,,,,,,,,,,
,BU-MT1-P34,Brosimum utile,May 07 2025,April 02 2026,March 20 2026,1,XP207-PR,C,5,C5,4,28,,,,,0,,,,,,,,,,,,,,,,,,,,,,,,,,,,,,,,,,,,,,
,PG-MT4-P32,Pouruma guianensis,March 19 2026,April 02 2026,,0,XP207-PR,C,6,C6,4,,18,0.2,4,,0.2,,,,,,,,,,,,,,,,,,,,,,,,,,,,,,,,,,,,,,
,OP-MT8-P21,Ochroma pyramidale,May 07 2025,April 02 2026,August 07 2025,1,XP207-PR,C,7,C7,4,70.3,,,,,0,,,,,,,,,,,,,,,,,,,,,,,,,,,,,,,,,,,,,,
,OP-MT7-P61,Ochroma pyramidale,November 11 2025,April 02 2026,,0,XP207-PR,C,7,C7,4,103,105,1.6,7,,1.6,,,,,,,,,,,,,,,,,,,,,,,,,,,,,,,,,,,,,,
,VB-MT2-P35,Vismia baccifera,March 19 2026,April 02 2026,,0,XP207-PR,C,8,C8,4,,29,0.2,2,,0.2,,,,,,,,,,,,,,,,,,,,,,,,,,,,,,,,,,,,,,
,PA-MT6-P65,Piper aduncum,November 11 2025,April 02 2026,,0,XP207-PR,C,9,C9,4,28,29,0.6,20,,0.6,0.5,34,,,,,,,,,,,,,,,,,,,,,,,,,,,,,,,,,,,,
,BS-MT7-P43,Bactris setulosa,November 11 2025,April 02 2026,,0,XP207-PR,C,10,C10,4,21,14,1.5,4,,1.5,,,,,,,,,,,,,,,,,,,,,,,,,,,,,,,,,,,,,,
,CH-MT3-P10,Cecropia hispidissima,August 07 2025,April 02 2026,,0,XP207-PR,C,12,C12,4,37,76,1.2,5,,1.2,,,,,,,,,,,,,,,,,,,,,,,,,,,,,,,,,,,,,,
,EA-MT5-P62,Ecuadendron acosta-solisianum,November 11 2025,April 02 2026,,0,XP207-PR,C,13,C13,4,35,,,,,0,,,,,,,,,,,,,,,,,,,,,,,,,,,,,,,,,,,,,,
,IS-MT3-P52,Inga silanchensis,November 11 2025,April 02 2026,,0,XP207-PR,C,14,C14,4,25,,,,,0,,,,,,,,,,,,,,,,,,,,,,,,,,,,,,,,,,,,,,
,DC-MT2-P5,Dacryodes cupularis,August 07 2025,April 02 2026,,0,XP207-PR,C,15,C15,4,25,28,0.8,3,,0.8,5,,,,,,,,,,,,,,,,,,,,,,,,,,,,,,,,,,,,,
,IS-MT2-P75,Inga silanchensis,March 17 2025,April 02 2026,,0,XP207-PR,A,1,A1,5,18,22,0.3,1,,0.3,2,,,,,,,,,,,,,,,,,,,,,,,,,,,,,,,,,,,,,
,CP-MT3-P58,Carapa guianensis,May 07 2025,April 02 2026,,0,XP207-PR,A,2,A2,5,64,48,1.1,4,,1.1,17,,,,,,,,,,,,,,,,,,,,,,,,,,,,,,,,,,,,,
,OP-MT8-P52,Ochroma pyramidale,May 07 2025,April 02 2026,,0,XP207-PR,A,3,A3,5,62,94,1.5,15,,1.5,,,,,,,,,,,,,,,,,,,,,,,,,,,,,,,,,,,,,,
,PA-MT6-P43,Piper aduncum,May 07 2025,April 02 2026,November 11 2025,1,XP207-PR,A,4,A4,5,21.3,,,,,0,,,,,,,,,,,,,,,,,,,,,,,,,,,,,,,,,,,,,,
,PA-MT7-P51,Piper aduncum,March 19 2026,April 02 2026,,0,XP207-PR,A,4,A4,5,,43,0.3,6,,0.3,,,,,,,,,,,,,,,,,,,,,,,,,,,,,,,,,,,,,,
,PG-MT3-P57,Pouruma guianensis,March 19 2026,April 02 2026,,0,XP207-PR,A,6,A6,5,,22,0.2,3,,0.2,,,,,,,,,,,,,,,,,,,,,,,,,,,,,,,,,,,,,,
,BP-MT4-P25,Bauhinia pichinchensis,March 19 2026,April 02 2026,,0,XP207-PR,A,7,A7,5,,28,0.2,2,,0.2,,,,,,,,,,,,,,,,,,,,,,,,,,,,,,,,,,,,,,
,BG-MT5-P81,Banara guianensis,August 07 2025,April 02 2026,,0,XP207-PR,A,8,A8,5,66,66,0.4,50,,0.4,,,,,,,,,,,,,,,,,,,,,,,,,,,,,,,,,,,,,,
,AE-MT2-P45,Annona edulis,March 19 2026,April 02 2026,,0,XP207-PR,A,9,A9,5,,26,0.2,3,,0.2,,,,,,,,,,,,,,,,,,,,,,,,,,,,,,,,,,,,,,
,CH-MT4-P22,Cecropia hispidissima,August 07 2025,April 02 2026,,0,XP207-PR,A,10,A10,5,54,94,0.9,6,,0.9,,,,,,,,,,,,,,,,,,,,,,,,,,,,,,,,,,,,,,
,MC-MT2-P9,Miconia conocuatrecasasii,August 07 2025,April 02 2026,,0,XP207-PR,A,11,A11,5,24,41,0.4,10,,0.4,,,,,,,,,,,,,,,,,,,,,,,,,,,,,,,,,,,,,,
,DC-MT5-P48,Dacryodes cupularis,August 07 2025,April 02 2026,March 20 2026,1,XP207-PR,A,12,A12,5,27,,,,,0,,,,,,,,,,,,,,,,,,,,,,,,,,,,,,,,,,,,,,
,VB-MT5-P70,Vismia baccifera,March 19 2026,April 02 2026,,0,XP207-PR,A,14,A14,5,,42,0.2,2,,0.2,,,,,,,,,,,,,,,,,,,,,,,,,,,,,,,,,,,,,,
,BU-MT4-P75,Brosimum utile,August 07 2025,April 02 2026,,0,XP207-PR,A,16,A16,5,42,42,0.4,3,,0.4,,,,,,,,,,,,,,,,,,,,,,,,,,,,,,,,,,,,,,
,BS-MT6-P91,Bactris setulosa,March 19 2026,April 02 2026,,0,XP207-PR,A,15,A15,5,,28,1,3,,1,,,,,,,,,,,,,,,,,,,,,,,,,,,,,,,,,,,,,,
,OP-MT9-P73,Ochroma pyramidale,March 17 2025,April 02 2026,,0,XP207-PR,B,1,B1,5,52,98,1,15,,1,,,,,,,,,,,,,,,,,,,,,,,,,,,,,,,,,,,,,,
,CP-MT4-P32,Carapa guianensis,May 07 2025,April 02 2026,March 20 2026,1,XP207-PR,B,2,B2,5,60,,,,,0,,,,,,,,,,,,,,,,,,,,,,,,,,,,,,,,,,,,,,
,PG-MT1-P51,Pouruma guianensis,March 19 2026,April 02 2026,,0,XP207-PR,B,4,B4,5,,18,0.1,5,,0.1,,,,,,,,,,,,,,,,,,,,,,,,,,,,,,,,,,,,,,
,VB-MT4-P40,Vismia baccifera,March 19 2026,April 02 2026,,0,XP207-PR,B,5,B5,5,,36,0.2,5,,0.2,,,,,,,,,,,,,,,,,,,,,,,,,,,,,,,,,,,,,,
,MC-MT1-P23,Miconia conocuatrecasasii,August 07 2025,April 02 2026,November 11 2025,1,XP207-PR,B,6,B6,5,22,,,,,0,,,,,,,,,,,,,,,,,,,,,,,,,,,,,,,,,,,,,,
,MC-MT2-P25,Miconia conocuatrecasasii,March 19 2026,April 02 2026,,0,XP207-PR,B,6,B6,5,,11,0.2,8,,0.2,,,,,,,,,,,,,,,,,,,,,,,,,,,,,,,,,,,,,,
,CH-MT2-P34,Cecropia hispidissima,August 07 2025,April 02 2026,November 11 2025,1,XP207-PR,B,8,B8,5,54,,,,,0,,,,,,,,,,,,,,,,,,,,,,,,,,,,,,,,,,,,,,
,CH-MT5-P57,Cecropia hispidissima,March 19 2026,April 02 2026,,0,XP207-PR,B,8,B8,5,,63,0.7,1,,0.7,,,,,,,,,,,,,,,,,,,,,,,,,,,,,,,,,,,,,,
,DC-MT1-P38,Dacryodes cupularis,August 07 2025,April 02 2026,,0,XP207-PR,B,9,B9,5,20,16,0.2,0,,0.2,,,,,,,,,,,,,,,,,,,,,,,,,,,,,,,,,,,,,,
,BG-MT2-P63,Banara guianensis,August 07 2025,April 02 2026,,0,XP207-PR,B,10,B10,5,46,46,0.4,2,,0.4,,,,,,,,,,,,,,,,,,,,,,,,,,,,,,,,,,,,,,
,EA-MT3-P60,Ecuadendron acosta-solisianum,March 19 2026,April 02 2026,,0,XP207-PR,B,11,B11,5,,80,1,11,,1,28,,,,,,,,,,,,,,,,,,,,,,,,,,,,,,,,,,,,,
,IS-MT5-P60,Inga silanchensis,November 11 2025,April 02 2026,,0,XP207-PR,B,12,B12,5,33,26,0.4,2,,0.4,6,,,,,,,,,,,,,,,,,,,,,,,,,,,,,,,,,,,,,
,AE-MT4-P26,Annona edulis,March 19 2026,April 02 2026,,0,XP207-PR,B,13,B13,5,,46,0.3,5,,0.3,,,,,,,,,,,,,,,,,,,,,,,,,,,,,,,,,,,,,,
,BS-MT6-P16,Bactris setulosa,August 07 2025,April 02 2026,March 20 2026,1,XP207-PR,B,14,B14,5,12,,,,,0,,,,,,,,,,,,,,,,,,,,,,,,,,,,,,,,,,,,,,
,BP-MT4-P49,Bauhinia pichinchensis,March 19 2026,April 02 2026,,0,XP207-PR,B,15,B15,5,,33,0.2,0,,0.2,,,,,,,,,,,,,,,,,,,,,,,,,,,,,,,,,,,,,,
,BU-MT3-P63,Brosimum utile,August 07 2025,April 02 2026,November 11 2025,1,XP207-PR,B,16,B16,5,40,,,,,0,,,,,,,,,,,,,,,,,,,,,,,,,,,,,,,,,,,,,,
,BU-MT4-P29,Brosimum utile,March 19 2026,April 02 2026,,0,XP207-PR,B,16,B16,5,,26,0.3,0,,0.3,,,,,,,,,,,,,,,,,,,,,,,,,,,,,,,,,,,,,,
,CP-MT2-P5,Carapa guianensis,May 07 2025,April 02 2026,November 11 2025,1,XP207-PR,C,1,C1,5,59,,,,,0,,,,,,,,,,,,,,,,,,,,,,,,,,,,,,,,,,,,,,
,CP-MT2-P86,Carapa guianensis,March 19 2026,April 02 2026,,0,XP207-PR,C,1,C1,5,,92,1.5,4,,1.5,,,,,,,,,,,,,,,,,,,,,,,,,,,,,,,,,,,,,,
,IS-MT3-P91,Inga silanchensis,March 19 2026,April 02 2026,,0,XP207-PR,C,2,C2,5,,30,0.4,17,,0.4,,,,,,,,,,,,,,,,,,,,,,,,,,,,,,,,,,,,,,
,OP-MT6-P34,Ochroma pyramidale,May 07 2025,April 02 2026,March 20 2026,1,XP207-PR,C,3,C3,5,70,,,,,0,,,,,,,,,,,,,,,,,,,,,,,,,,,,,,,,,,,,,,
,BU-MT1-P29,Brosimum utile,May 07 2025,April 02 2026,March 20 2026,1,XP207-PR,C,4,C4,5,33.8,,,,,0,,,,,,,,,,,,,,,,,,,,,,,,,,,,,,,,,,,,,,
,EA-MT4-P39,Ecuadendron acosta-solisianum,March 19 2026,April 02 2026,,0,XP207-PR,C,6,C6,5,,93,1.5,5,,1.5,10,,,,,,,,,,,,,,,,,,,,,,,,,,,,,,,,,,,,,
,AE-MT5-P71,Annona edulis,March 19 2026,April 02 2026,,0,XP207-PR,C,8,C8,5,,44,0.3,3,,0.3,,,,,,,,,,,,,,,,,,,,,,,,,,,,,,,,,,,,,,
,PG-MT2-P67,Pouruma guianensis,March 19 2026,April 02 2026,,0,XP207-PR,C,9,C9,5,,27,0.2,4,,0.2,,,,,,,,,,,,,,,,,,,,,,,,,,,,,,,,,,,,,,
,BP-MT4-P9,Bauhinia pichinchensis,March 19 2026,April 02 2026,,0,XP207-PR,C,10,C10,5,,30,0.2,0,,0.2,,,,,,,,,,,,,,,,,,,,,,,,,,,,,,,,,,,,,,
,VB-MT2-P30,Vismia baccifera,March 19 2026,April 02 2026,,0,XP207-PR,C,11,C11,5,,30,0.1,4,,0.1,,,,,,,,,,,,,,,,,,,,,,,,,,,,,,,,,,,,,,
,DC-MT4-P80,Dacryodes cupularis,August 07 2025,April 02 2026,,0,XP207-PR,C,13,C13,5,37,,,,,0,,,,,,,,,,,,,,,,,,,,,,,,,,,,,,,,,,,,,,
,CH-MT3-P13,Cecropia hispidissima,August 07 2025,April 02 2026,,0,XP207-PR,C,14,C14,5,38,67,0.5,4,,0.5,,,,,,,,,,,,,,,,,,,,,,,,,,,,,,,,,,,,,,
,BG-MT4-P48,Banara guianensis,August 07 2025,April 02 2026,,0,XP207-PR,C,15,C15,5,62,68,0.4,38,,0.4,,,,,,,,,,,,,,,,,,,,,,,,,,,,,,,,,,,,,,
,MC-MT2-P14,Miconia conocuatrecasasii,September 24 2025,March 26 2026,,0,XP208-PR,A,1,A1,1,24,50,0.7,11,,0.7,,,,,,,,,,,,,,,,,,,,,,,,,,,,,,,,,,,,,,
,VB-MT5-P67,Vismia baccifera,March 19 2026,March 26 2026,,0,XP208-PR,A,2,A2,1,,38,0.2,14,,0.2,,,,,,,,,,,,,,,,,,,,,,,,,,,,,,,,,,,,,,In the censo was reported as P76
,PA-MT3-P9,Piper aduncum,March 24 2025,March 26 2026,,0,XP208-PR,A,3,A3,1,20,140,2,139,0.6,,,,,,,,,,,,,,,,,,,,,,,,,,,,,,,,,,,,,,,
,CP-MT4-P26,Carapa guianensis,May 12 2025,March 26 2026,March 26 2026,1,XP208-PR,A,4,A4,1,46,,,,,0,,,,,,,,,,,,,,,,,,,,,,,,,,,,,,,,,,,,,,
,BU-MT1-P43,Brosimum utile,May 12 2025,March 26 2026,,0,XP208-PR,A,5,A5,1,30,67,0.5,5,,0.5,,,,,,,,,,,,,,,,,,,,,,,,,,,,,,,,,,,,,,
,IS-MT5-P64,Inga silanchensis,March 24 2025,March 26 2026,,0,XP208-PR,A,6,A6,1,34,34,0.5,4,,0.5,7,,,,,,,,,,,,,,,,,,,,,,,,,,,,,,,,,,,,,
,AE-MT3-P55,Annona edulis,March 19 2026,March 26 2026,,0,XP208-PR,A,8,A8,1,,48,0.4,6,,0.4,,,,,,,,,,,,,,,,,,,,,,,,,,,,,,,,,,,,,,
,BS-MT6-P36,Bactris setulosa,September 24 2025,March 26 2026,March 26 2026,1,XP208-PR,A,9,A9,1,10,,,,,0,,,,,,,,,,,,,,,,,,,,,,,,,,,,,,,,,,,,,,
,EA-MT5-P17,Ecuadendron acosta-solisianum,December 5 2025,March 26 2026,,0,XP208-PR,A,10,A10,1,38,38,0.9,5,,0.9,9,,,,,,,,,,,,,,,,,,,,,,,,,,,,,,,,,,,,,
,OP-MT2-P28,Ochroma pyramidale,March 24 2025,March 26 2026,March 26 2026,1,XP208-PR,A,11,A11,1,42,,,,,0,,,,,,,,,,,,,,,,,,,,,,,,,,,,,,,,,,,,,,
,DC-MT1-P32,Dacryodes cupularis,September 24 2025,March 26 2026,,0,XP208-PR,A,12,A12,1,16,45,0.7,4,,0.7,14,,,,,,,,,,,,,,,,,,,,,,,,,,,,,,,,,,,,,
,CH-MT3-P12,Cecropia hispidissima,September 24 2025,March 26 2026,,0,XP208-PR,A,13,A13,1,47,55,0.3,3,,0.3,,,,,,,,,,,,,,,,,,,,,,,,,,,,,,,,,,,,,,
,BG-MT2-P74,Banara guianensis,September 24 2025,March 26 2026,,0,XP208-PR,A,14,A14,1,57,105,0.6,22,,0.6,,,,,,,,,,,,,,,,,,,,,,,,,,,,,,,,,,,,,,
,PG-MT5-P1,Pouruma guianensis,March 19 2026,March 26 2026,,0,XP208-PR,A,15,A15,1,,22,0.1,1,,0.1,,,,,,,,,,,,,,,,,,,,,,,,,,,,,,,,,,,,,,
,BP-MT2-P36,Bauhinia pichinchensis,March 19 2026,March 26 2026,March 26 2026,1,XP208-PR,A,16,A16,1,,,,,,0,,,,,,,,,,,,,,,,,,,,,,,,,,,,,,,,,,,,,,
,MC-MT2-P41,Miconia conocuatrecasasii,September 24 2025,March 26 2026,,0,XP208-PR,B,1,B1,1,16,44,0.5,1.8,,0.5,,,,,,,,,,,,,,,,,,,,,,,,,,,,,,,,,,,,,,
,IS-MT4-P46,Inga silanchensis,May 12 2025,March 26 2026,,0,XP208-PR,B,2,B2,1,23,60,1.3,5,,1.3,22,,,,,,,,,,,,,,,,,,,,,,,,,,,,,,,,,,,,,
,CP-MT2-P54,Carapa guianensis,May 12 2025,March 26 2026,,0,XP208-PR,B,4,B4,1,55,47,1,2,,1,14,,,,,,,,,,,,,,,,,,,,,,,,,,,,,,,,,,,,,
,OP-MT6-P40,Ochroma pyramidale,May 12 2025,March 26 2026,,0,XP208-PR,B,5,B5,1,70,102,1.3,10,,1.3,,,,,,,,,,,,,,,,,,,,,,,,,,,,,,,,,,,,,,
,BG-MT1-P89,Banara guianensis,September 24 2025,March 26 2026,,0,XP208-PR,B,6,B6,1,68,72,0.6,32,,0.6,,,,,,,,,,,,,,,,,,,,,,,,,,,,,,,,,,,,,,
,DC-MT5-P66,Dacryodes cupularis,September 24 2025,March 26 2026,March 26 2026,1,XP208-PR,B,7,B7,1,,,,,,0,,,,,,,,,,,,,,,,,,,,,,,,,,,,,,,,,,,,,,
,AE-MT1-P36,Annona edulis,March 19 2026,March 26 2026,,0,XP208-PR,B,8,B8,1,,55,0.4,3,,0.4,,,,,,,,,,,,,,,,,,,,,,,,,,,,,,,,,,,,,,
,PA-MT6-P46,Piper aduncum,May 12 2025,March 26 2026,,0,XP208-PR,B,9,B9,1,20,110,1.5,90,,1.5,,,,,,,,,,,,,,,,,,,,,,,,,,,,,,,,,,,,,,
,EA-MT5-P105,Ecuadendron acosta-solisianum,March 19 2026,March 26 2026,,0,XP208-PR,B,10,B10,1,,58,0.7,9,,0.7,18,,,,,,,,,,,,,,,,,,,,,,,,,,,,,,,,,,,,,
,CH-MT1-P4,Cecropia hispidissima,May 12 2025,March 26 2026,wrong species,0,XP208-PR,B,11,B11,1,17,,,,,0,,,,,,,,,,,,,,,,,,,,,,,,,,,,,,,,,,,,,,
,BP-MT1-P69,Bauhinia pichinchensis,March 19 2026,March 26 2026,,0,XP208-PR,B,12,B12,1,,16,0.1,1,,0.1,,,,,,,,,,,,,,,,,,,,,,,,,,,,,,,,,,,,,,
,VB-MT1-P41,Vismia baccifera,September 24 2025,March 26 2026,,0,XP208-PR,B,13,B13,1,35,64,0.6,46,,0.6,,,,,,,,,,,,,,,,,,,,,,,,,,,,,,,,,,,,,,
,BU-MT4-P16,Brosimum utile,September 24 2025,March 26 2026,,0,XP208-PR,B,14,B14,1,42,49,0.4,6,,0.4,,,,,,,,,,,,,,,,,,,,,,,,,,,,,,,,,,,,,,
,BS-MT1-P65,Bactris setulosa,December 5 2025,March 26 2026,,0,XP208-PR,B,15,B15,1,35,14,0.8,5,,0.8,,,,,,,,,,,,,,,,,,,,,,,,,,,,,,,,,,,,,,
,PG-MT1-P53,Pouruma guianensis,March 19 2026,March 26 2026,,0,XP208-PR,B,16,B16,1,,28,0.2,2,,0.2,,,,,,,,,,,,,,,,,,,,,,,,,,,,,,,,,,,,,,
,PG-MT2-P57,Pouruma guianensis,March 19 2026,March 26 2026,,0,XP208-PR,C,1,C1,1,,22,0.2,5,,0.2,,,,,,,,,,,,,,,,,,,,,,,,,,,,,,,,,,,,,,
,VB-MT3-P25,Vismia baccifera,March 19 2026,March 26 2026,,0,XP208-PR,C,2,C2,1,,46,0.2,4,,0.2,,,,,,,,,,,,,,,,,,,,,,,,,,,,,,,,,,,,,,
,EA-MT1-P32,Ecuadendron acosta-solisianum,December 5 2025,March 26 2026,,0,XP208-PR,C,4,C4,1,50,64,1,7,,1,17,,,,,,,,,,,,,,,,,,,,,,,,,,,,,,,,,,,,,
,CP-MT5-P21,Carapa guianensis,September 24 2025,March 26 2026,,0,XP208-PR,C,5,C5,1,44,46,1,5,,1,,,,,,,,,,,,,,,,,,,,,,,,,,,,,,,,,,,,,,
,BP-MT4-P67,Bauhinia pichinchensis,March 19 2026,March 26 2026,,0,XP208-PR,C,6,C6,1,,20,0.2,1,,0.2,23,,,,,,,,,,,,,,,,,,,,,,,,,,,,,,,,,,,,,
,IS-MT1-P44,Inga silanchensis,May 12 2025,March 26 2026,,0,XP208-PR,C,8,C8,1,20,25,0.5,3,,0.5,12,,,,,,,,,,,,,,,,,,,,,,,,,,,,,,,,,,,,,
,AE-MT5-P62,Annona edulis,March 19 2026,March 26 2026,,0,XP208-PR,C,9,C9,1,,48,0.5,2,,0.5,,,,,,,,,,,,,,,,,,,,,,,,,,,,,,,,,,,,,,
,BG-MT3-P31,Banara guianensis,September 24 2025,March 26 2026,,0,XP208-PR,C,10,C10,1,44,95,0.9,59,,0.9,,,,,,,,,,,,,,,,,,,,,,,,,,,,,,,,,,,,,,
,BU-MT1-P57,Brosimum utile,May 12 2025,March 26 2026,,0,XP208-PR,C,12,C12,1,32,61,0.6,9,,0.6,,,,,,,,,,,,,,,,,,,,,,,,,,,,,,,,,,,,,,
,CH-MT4-P77,Cecropia hispidissima,September 24 2025,March 26 2026,,0,XP208-PR,C,13,C13,1,44,64,0.5,6,,0.5,,,,,,,,,,,,,,,,,,,,,,,,,,,,,,,,,,,,,,
,PA-MT7-P50,Piper aduncum,September 24 2025,March 26 2026,,0,XP208-PR,C,14,C14,1,33,65,0.4,38,,0.4,,,,,,,,,,,,,,,,,,,,,,,,,,,,,,,,,,,,,,
,BS-MT1-P74,Bactris setulosa,September 24 2025,March 26 2026,,0,XP208-PR,C,15,C15,1,27,16,11,4,,11,,,,,,,,,,,,,,,,,,,,,,,,,,,,,,,,,,,,,,
,MC-MT3-P22,Miconia conocuatrecasasii,September 24 2025,March 26 2026,,0,XP208-PR,C,16,C16,1,18,43,0.8,13,,0.8,,,,,,,,,,,,,,,,,,,,,,,,,,,,,,,,,,,,,,
,OP-MT2-P63,Ochroma pyramidale,March 24 2025,March 26 2026,,0,XP208-PR,A,1,A1,2,30,63,0.8,6,,0.8,,,,,,,,,,,,,,,,,,,,,,,,,,,,,,,,,,,,,,
,IS-MT3-P21,Inga silanchensis,March 24 2025,March 26 2026,,0,XP208-PR,A,2,A2,2,26,75,1.3,12,,1.3,39,,,,,,,,,,,,,,,,,,,,,,,,,,,,,,,,,,,,,
,BG-MT4-P55,Banara guianensis,September 24 2025,March 26 2026,,0,XP208-PR,A,3,A3,2,68,114,0.1,74,,0.1,,,,,,,,,,,,,,,,,,,,,,,,,,,,,,,,,,,,,,
,BU-MT3-P65,Brosimum utile,September 24 2025,March 26 2026,,0,XP208-PR,A,4,A4,2,37,42,0.4,0,,0.4,,,,,,,,,,,,,,,,,,,,,,,,,,,,,,,,,,,,,,
,BP-MT3-P56,Bauhinia pichinchensis,March 19 2026,March 26 2026,,0,XP208-PR,A,5,A5,2,,18,0.4,0,,0.4,,,,,,,,,,,,,,,,,,,,,,,,,,,,,,,,,,,,,,
,PA-MT3-P34,Piper aduncum,March 24 2025,March 26 2026,,0,XP208-PR,A,6,A6,2,20,125,1.7,129,,1.7,,,,,,,,,,,,,,,,,,,,,,,,,,,,,,,,,,,,,,
,CH-MT5-P48,Cecropia hispidissima,September 24 2025,March 26 2026,,0,XP208-PR,A,8,A8,2,45,51,0.4,4,,0.4,,,,,,,,,,,,,,,,,,,,,,,,,,,,,,,,,,,,,,
,PG-MT5-P44,Pouruma guianensis,March 19 2026,March 26 2026,,0,XP208-PR,A,9,A9,2,,26,1,4,,1,,,,,,,,,,,,,,,,,,,,,,,,,,,,,,,,,,,,,,
,AE-MT2-P21,Annona edulis,March 19 2026,March 26 2026,,0,XP208-PR,A,10,A10,2,,57,1.5,3,,1.5,,,,,,,,,,,,,,,,,,,,,,,,,,,,,,,,,,,,,,
,DC-MT3-P67,Dacryodes cupularis,March 19 2026,March 26 2026,,0,XP208-PR,A,7,A7,2,,32,0.5,3,,0.5,12,,,,,,,,,,,,,,,,,,,,,,,,,,,,,,,,,,,,,
,VB-MT4-P22,Vismia baccifera,March 19 2026,March 26 2026,,0,XP208-PR,A,12,A12,2,,37,0.1,3,,0.1,,,,,,,,,,,,,,,,,,,,,,,,,,,,,,,,,,,,,,
,BS-MT5-P22,Bactris setulosa,September 24 2025,March 26 2026,,0,XP208-PR,A,13,A13,2,25,13,1.4,3,,1.4,,,,,,,,,,,,,,,,,,,,,,,,,,,,,,,,,,,,,,
,EA-MT5-P16,Ecuadendron acosta-solisianum,March 19 2026,March 26 2026,,0,XP208-PR,A,11,A11,2,,60,10,8,,10,18,,,,,,,,,,,,,,,,,,,,,,,,,,,,,,,,,,,,,
,CP-MT1-P57,Carapa guianensis,September 24 2025,March 26 2026,,0,XP208-PR,A,15,A15,2,70,70,13,3,,13,22,,,,,,,,,,,,,,,,,,,,,,,,,,,,,,,,,,,,,
,MC-MT1-P65,Miconia conocuatrecasasii,September 24 2025,March 26 2026,,0,XP208-PR,A,16,A16,2,24,22,0.4,16,,0.4,,,,,,,,,,,,,,,,,,,,,,,,,,,,,,,,,,,,,,
,AE-MT5-P13,Annona edulis,March 19 2026,March 26 2026,,0,XP208-PR,B,1,B1,2,,50,0.3,3,,0.3,,,,,,,,,,,,,,,,,,,,,,,,,,,,,,,,,,,,,,
,CP-MT3-P40,Carapa guianensis,March 19 2026,March 26 2026,March 26 2026,1,XP208-PR,B,2,B2,2,,,,,,0,,,,,,,,,,,,,,,,,,,,,,,,,,,,,,,,,,,,,,
,CH-MT4-P91,Cecropia hispidissima,September 24 2025,March 26 2026,March 26 2026,1,XP208-PR,B,3,B3,2,,,,,,0,,,,,,,,,,,,,,,,,,,,,,,,,,,,,,,,,,,,,,
,CH-MT5-P74,Cecropia hispidissima,March 19 2026,March 26 2026,March 26 2026,1,XP208-PR,B,3,B3,2,,,,,,0,,,,,,,,,,,,,,,,,,,,,,,,,,,,,,,,,,,,,,
,VB-MT3-P91,Vismia baccifera,March 19 2026,March 26 2026,,0,XP208-PR,B,5,B5,2,,43,0.2,3,,0.2,,,,,,,,,,,,,,,,,,,,,,,,,,,,,,,,,,,,,,
,IS-MT2-P74,Inga silanchensis,March 24 2025,March 26 2026,March 26 2026,1,XP208-PR,B,6,B6,2,21,,,,,0,,,,,,,,,,,,,,,,,,,,,,,,,,,,,,,,,,,,,,
,BP-MT5-P12,Bauhinia pichinchensis,March 19 2026,March 26 2026,March 26 2026,1,XP208-PR,B,7,B7,2,,,,,,0,,,,,,,,,,,,,,,,,,,,,,,,,,,,,,,,,,,,,,
,DC-MT3-P5,Dacryodes cupularis,September 24 2025,March 26 2026,December 5 2025,1,XP208-PR,B,8,B8,2,15,,,,,0,,,,,,,,,,,,,,,,,,,,,,,,,,,,,,,,,,,,,,
,OP-MT6-P7,Ochroma pyramidale,May 12 2025,March 26 2026,,0,XP208-PR,B,9,B9,2,60,126,0.5,18,,0.5,,,,,,,,,,,,,,,,,,,,,,,,,,,,,,,,,,,,,,
,MC-MT2-P10,Miconia conocuatrecasasii,March 19 2026,March 26 2026,,0,XP208-PR,B,10,B10,2,25,12,1.3,14,,1.3,,,,,,,,,,,,,,,,,,,,,,,,,,,,,,,,,,,,,,
,EA-MT1-P78,Ecuadendron acosta-solisianum,December 5 2025,March 26 2026,,0,XP208-PR,B,11,B11,2,60,62,1,8,,1,19,,,,,,,,,,,,,,,,,,,,,,,,,,,,,,,,,,,,,
,PG-MT2-P24,Pouruma guianensis,March 19 2026,March 26 2026,,0,XP208-PR,B,12,B12,2,,15,0.2,5,,0.2,,,,,,,,,,,,,,,,,,,,,,,,,,,,,,,,,,,,,,
,BU-MT2-P30,Brosimum utile,September 24 2025,March 26 2026,,0,XP208-PR,B,13,B13,2,30,37,0.4,5,,0.4,,,,,,,,,,,,,,,,,,,,,,,,,,,,,,,,,,,,,,
,BG-MT4-P42,Banara guianensis,September 24 2025,March 26 2026,,0,XP208-PR,B,14,B14,2,66,87,12,42,,12,,,,,,,,,,,,,,,,,,,,,,,,,,,,,,,,,,,,,,
,BS-MT6-P57,Bactris setulosa,December 5 2025,March 26 2026,,0,XP208-PR,B,16,B16,2,32,14,1.1,4,,1.1,,,,,,,,,,,,,,,,,,,,,,,,,,,,,,,,,,,,,,
,AE-MT4-P29,Annona edulis,March 19 2026,March 26 2026,,0,XP208-PR,C,2,C2,2,,46,0.4,3,,0.4,,,,,,,,,,,,,,,,,,,,,,,,,,,,,,,,,,,,,,
,BU-MT4-P15,Brosimum utile,September 24 2025,March 26 2026,December 5 2025,1,XP208-PR,C,3,C3,2,28,,,,,0,,,,,,,,,,,,,,,,,,,,,,,,,,,,,,,,,,,,,,
,BU-MT3-P81,Brosimum utile,March 19 2026,March 26 2026,,0,XP208-PR,C,3,C3,2,,40,0.2,0,,0.2,,,,,,,,,,,,,,,,,,,,,,,,,,,,,,,,,,,,,,
,OP-MT7-P15,Ochroma pyramidale,May 12 2025,March 26 2026,September 24 2025,1,XP208-PR,C,4,C4,2,72,,,,,0,,,,,,,,,,,,,,,,,,,,,,,,,,,,,,,,,,,,,,
,OP-MT8-P58,Ochroma pyramidale,December 5 2025,March 26 2026,,0,XP208-PR,C,4,C4,2,52,36,0.5,40,,0.5,,,,,,,,,,,,,,,,,,,,,,,,,,,,,,,,,,,,,,
,MC-MT3-P77,Miconia conocuatrecasasii,,March 26 2026,,0,XP208-PR,C,5,C5,2,,22,0.3,2,,0.3,,,,,,,,,,,,,,,,,,,,,,,,,,,,,,,,,,,,,,
,EA-MT5-P77,Ecuadendron acosta-solisianum,December 5 2025,March 26 2026,,0,XP208-PR,C,7,C7,2,44,71,0.5,8,,0.5,22,,,,,,,,,,,,,,,,,,,,,,,,,,,,,,,,,,,,,
,IS-MT5-P88,Inga silanchensis,March 24 2025,March 26 2026,May 13 2025,1,XP208-PR,C,8,C8,2,15.5,,,,,0,,,,,,,,,,,,,,,,,,,,,,,,,,,,,,,,,,,,,,
,IS-MT3-P19,Inga silanchensis,December 5 2025,March 26 2026,,0,XP208-PR,C,8,C8,2,32,22,0.4,5,,0.4,17,,,,,,,,,,,,,,,,,,,,,,,,,,,,,,,,,,,,,
,CP-MT2-P58,Carapa guianensis,May 12 2025,March 26 2026,September 24 2025,1,XP208-PR,C,9,C9,2,32,,,,,0,,,,,,,,,,,,,,,,,,,,,,,,,,,,,,,,,,,,,,
,CP-MT5-P73,Carapa guianensis,March 19 2026,March 26 2026,,0,XP208-PR,C,9,C9,2,,50,1,3,,1,12,,,,,,,,,,,,,,,,,,,,,,,,,,,,,,,,,,,,,
,BP-MT4-P51,Bauhinia pichinchensis,March 19 2026,March 26 2026,,0,XP208-PR,C,10,C10,2,,23,0.1,2,,0.1,,,,,,,,,,,,,,,,,,,,,,,,,,,,,,,,,,,,,,
,BG-MT5-P48,Banara guianensis,September 24 2025,March 26 2026,,0,XP208-PR,C,11,C11,2,54,117,1,96,,1,,,,,,,,,,,,,,,,,,,,,,,,,,,,,,,,,,,,,,
,DC-MT4-P48,Dacryodes cupularis,September 24 2025,March 26 2026,December 5 2025,1,XP208-PR,C,12,C12,2,14,,,,,0,,,,,,,,,,,,,,,,,,,,,,,,,,,,,,,,,,,,,,
,BS-MT5-P30,Bactris setulosa,September 24 2025,March 26 2026,,0,XP208-PR,C,13,C13,2,30,10,0.6,1,,0.6,,,,,,,,,,,,,,,,,,,,,,,,,,,,,,,,,,,,,,
,VB-MT5-P6,Vismia baccifera,March 19 2026,March 26 2026,,0,XP208-PR,C,14,C14,2,,38,0.2,5,,0.2,,,,,,,,,,,,,,,,,,,,,,,,,,,,,,,,,,,,,,
,PG-MT3-P9,Pouruma guianensis,March 19 2026,March 26 2026,,0,XP208-PR,C,15,C15,2,,30,0.1,4,,0.1,,,,,,,,,,,,,,,,,,,,,,,,,,,,,,,,,,,,,,
,CH-MT2-P47,Cecropia hispidissima,September 24 2025,March 26 2026,,0,XP208-PR,C,16,C16,2,18,72,0.2,5,,0.2,,,,,,,,,,,,,,,,,,,,,,,,,,,,,,,,,,,,,,
,MC-MT1-P40,Miconia conocuatrecasasii,September 24 2025,March 26 2026,,0,XP208-PR,A,1,A1,3,28,37,0.4,1.4,,0.4,,,,,,,,,,,,,,,,,,,,,,,,,,,,,,,,,,,,,,
,BS-MT6-P76,Bactris setulosa,December 5 2025,March 26 2026,,0,XP208-PR,A,2,A2,3,40,16,1.5,3,,1.5,,,,,,,,,,,,,,,,,,,,,,,,,,,,,,,,,,,,,,
,PA-MT6-P10,Piper aduncum,May 12 2025,March 26 2026,,0,XP208-PR,A,3,A3,3,20,135,2.6,168,0.8,,,,,,,,,,,,,,,,,,,,,,,,,,,,,,,,,,,,,,,
,IS-MT5-P66,Inga silanchensis,December 5 2025,March 26 2026,,0,XP208-PR,A,4,A4,3,20,31,0.5,4,,0.5,14,,,,,,,,,,,,,,,,,,,,,,,,,,,,,,,,,,,,,
,BU-MT5-P13,Brosimum utile,September 24 2025,March 26 2026,,0,XP208-PR,A,5,A5,3,41,50,0.4,6,,0.4,,,,,,,,,,,,,,,,,,,,,,,,,,,,,,,,,,,,,,
,BP-MT1-P33,Bauhinia pichinchensis,March 19 2026,March 26 2026,March 26 2026,1,XP208-PR,A,6,A6,3,,,,,,0,,,,,,,,,,,,,,,,,,,,,,,,,,,,,,,,,,,,,,
,DC-MT1-P17,Dacryodes cupularis,September 24 2025,March 26 2026,March 26 2026,1,XP208-PR,A,7,A7,3,7,,,,,0,,,,,,,,,,,,,,,,,,,,,,,,,,,,,,,,,,,,,,
,AE-MT3-P27,Annona edulis,March 19 2026,March 26 2026,,0,XP208-PR,A,8,A8,3,,47,0.3,4,,0.3,,,,,,,,,,,,,,,,,,,,,,,,,,,,,,,,,,,,,,
,OP-MT9-P26,Ochroma pyramidale,March 24 2025,March 26 2026,,0,XP208-PR,A,9,A9,3,34.5,49,1.4,3,,1.4,,,,,,,,,,,,,,,,,,,,,,,,,,,,,,,,,,,,,,
,PG-MT4-P53,Pouruma guianensis,March 19 2026,March 26 2026,,0,XP208-PR,A,11,A11,3,,22,0.2,2,,0.2,,,,,,,,,,,,,,,,,,,,,,,,,,,,,,,,,,,,,,
,EA-MT2-P4,Ecuadendron acosta-solisianum,May 12 2025,March 26 2026,,0,XP208-PR,A,12,A12,3,35,64,1.5,25,,1.5,64,,,,,,,,,,,,,,,,,,,,,,,,,,,,,,,,,,,,,
,BG-MT3-P48,Banara guianensis,September 24 2025,March 26 2026,,0,XP208-PR,A,13,A13,3,64,86,0.6,15,,0.6,,,,,,,,,,,,,,,,,,,,,,,,,,,,,,,,,,,,,,
,CH-MT3-P4,Cecropia hispidissima,September 24 2025,March 26 2026,,0,XP208-PR,A,15,A15,3,52,91,1,5,,1,,,,,,,,,,,,,,,,,,,,,,,,,,,,,,,,,,,,,,
,VB-MT1-P1,Vismia baccifera,September 24 2025,March 26 2026,,0,XP208-PR,A,16,A16,3,36,50,0.5,16,,0.5,,,,,,,,,,,,,,,,,,,,,,,,,,,,,,,,,,,,,,
,AE-MT5-P52,Annona edulis,March 19 2026,March 26 2026,,0,XP208-PR,B,1,B1,3,,46,0.3,2,,0.3,,,,,,,,,,,,,,,,,,,,,,,,,,,,,,,,,,,,,,
,IS-MT1-P6,Inga silanchensis,May 12 2025,March 26 2026,,0,XP208-PR,B,2,B2,3,30,67,1,1,,1,14,,,,,,,,,,,,,,,,,,,,,,,,,,,,,,,,,,,,,
,DC-MT3-P57,Dacryodes cupularis,March 19 2026,March 26 2026,March 26 2026,1,XP208-PR,B,3,B3,3,,,,,,0,,,,,,,,,,,,,,,,,,,,,,,,,,,,,,,,,,,,,,
,BS-MT1-P80,Bactris setulosa,December 5 2025,March 26 2026,,0,XP208-PR,B,4,B4,3,34,16,12,3,,12,,,,,,,,,,,,,,,,,,,,,,,,,,,,,,,,,,,,,,
,BU-MT3-P58,Brosimum utile,September 24 2025,March 26 2026,,0,XP208-PR,B,5,B5,3,32,37,0.3,3,,0.3,,,,,,,,,,,,,,,,,,,,,,,,,,,,,,,,,,,,,,
,CP-MT5-P43,Carapa guianensis,September 24 2025,March 26 2026,,0,XP208-PR,B,6,B6,3,50,51,1.2,3,,1.2,9,,,,,,,,,,,,,,,,,,,,,,,,,,,,,,,,,,,,,
,EA-MT3-P18,Ecuadendron acosta-solisianum,May 12 2025,March 26 2026,September 24 2025,1,XP208-PR,B,7,B7,3,28,,,,,0,,,,,,,,,,,,,,,,,,,,,,,,,,,,,,,,,,,,,,
,EA-MT1-P100,Ecuadendron acosta-solisianum,December 5 2025,March 26 2026,,0,XP208-PR,B,7,B7,3,53,50,0.5,6,,0.5,11,,,,,,,,,,,,,,,,,,,,,,,,,,,,,,,,,,,,,
,CH-MT1-P40,Cecropia hispidissima,May 12 2025,March 26 2026,March 26 2026,1,XP208-PR,B,8,B8,3,17,,,,,0,,,,,,,,,,,,,,,,,,,,,,,,,,,,,,,,,,,,,,
,BG-MT1-P44,Banara guianensis,September 24 2025,March 26 2026,,0,XP208-PR,B,9,B9,3,54,63,0.3,37,,0.3,,,,,,,,,,,,,,,,,,,,,,,,,,,,,,,,,,,,,,
,OP-MT8-P43,Ochroma pyramidale,May 12 2025,March 26 2026,,0,XP208-PR,B,10,B10,3,40,212,9.5,47,3,,,,,,,,,,,,,,,,,,,,,,,,,,,,,,,,,,,,,,,
,PG-MT3-P14,Pouruma guianensis,March 19 2026,March 26 2026,,0,XP208-PR,B,12,B12,3,,23,0.2,1,,0.2,,,,,,,,,,,,,,,,,,,,,,,,,,,,,,,,,,,,,,
,MC-MT1-P39,Miconia conocuatrecasasii,September 24 2025,March 26 2026,,0,XP208-PR,B,13,B13,3,23,51,0.6,12,,0.6,,,,,,,,,,,,,,,,,,,,,,,,,,,,,,,,,,,,,,
,BP-MT2-P24,Bauhinia pichinchensis,March 19 2026,March 26 2026,,0,XP208-PR,B,15,B15,3,,18,0.2,0,,0.2,,,,,,,,,,,,,,,,,,,,,,,,,,,,,,,,,,,,,,
,VB-MT5-P72,Vismia baccifera,March 19 2026,March 26 2026,,0,XP208-PR,B,16,B16,3,,38,0.1,2,,0.1,,,,,,,,,,,,,,,,,,,,,,,,,,,,,,,,,,,,,,
,VB-MT2-P33,Vismia baccifera,March 19 2026,March 26 2026,,0,XP208-PR,C,1,C1,3,,35,0.1,3,,0.1,,,,,,,,,,,,,,,,,,,,,,,,,,,,,,,,,,,,,,
,BP-MT2-P17,Bauhinia pichinchensis,March 19 2026,March 26 2026,March 26 2026,1,XP208-PR,C,2,C2,3,,,,,,0,,,,,,,,,,,,,,,,,,,,,,,,,,,,,,,,,,,,,,
,PG-MT1-P64,Pouruma guianensis,March 19 2026,March 26 2026,,0,XP208-PR,C,3,C3,3,,40,0.2,3,,0.2,,,,,,,,,,,,,,,,,,,,,,,,,,,,,,,,,,,,,,
,BS-MT6-P44,Bactris setulosa,December 5 2025,March 26 2026,,0,XP208-PR,C,4,C4,3,24,10,0.8,2,,0.8,,,,,,,,,,,,,,,,,,,,,,,,,,,,,,,,,,,,,,
,DC-MT5-P16,Dacryodes cupularis,September 24 2025,March 26 2026,,0,XP208-PR,C,6,C6,3,24,26,0.5,2,,0.5,11,,,,,,,,,,,,,,,,,,,,,,,,,,,,,,,,,,,,,
,BG-MT1-P45,Banara guianensis,September 24 2025,March 26 2026,,0,XP208-PR,C,7,C7,3,54,69,0.5,37,,0.5,,,,,,,,,,,,,,,,,,,,,,,,,,,,,,,,,,,,,,
,AE-MT3-P65,Annona edulis,March 19 2026,March 26 2026,,0,XP208-PR,C,8,C8,3,,42,0.4,2,,0.4,,,,,,,,,,,,,,,,,,,,,,,,,,,,,,,,,,,,,,
,IS-MT4-P2,Inga silanchensis,May 12 2025,March 26 2026,,0,XP208-PR,C,10,C10,3,30,40,0.5,4,,0.5,19,,,,,,,,,,,,,,,,,,,,,,,,,,,,,,,,,,,,,
,CP-MT3-P28,Carapa guianensis,May 12 2025,March 26 2026,,0,XP208-PR,C,11,C11,3,50,75,1.4,3,,1.4,2,,,,,,,,,,,,,,,,,,,,,,,,,,,,,,,,,,,,,
,CH-MT5-P79,Cecropia hispidissima,September 24 2025,March 26 2026,,0,XP208-PR,C,12,C12,3,59,58,0.4,5,,0.4,,,,,,,,,,,,,,,,,,,,,,,,,,,,,,,,,,,,,,
,EA-MT1-P22,Ecuadendron acosta-solisianum,December 5 2025,March 26 2026,,0,XP208-PR,C,14,C14,3,52,57,0.8,7,,0.8,13,,,,,,,,,,,,,,,,,,,,,,,,,,,,,,,,,,,,,
,BU-MT5-P14,Brosimum utile,September 24 2025,March 26 2026,,0,XP208-PR,C,16,C16,3,37,97,0.6,7,,0.6,,,,,,,,,,,,,,,,,,,,,,,,,,,,,,,,,,,,,,
,PA-MT6-P88,Piper aduncum,March 19 2026,March 26 2026,,0,XP208-PR,A,2,A2,4,,47,0.3,1,,0.3,,,,,,,,,,,,,,,,,,,,,,,,,,,,,,,,,,,,,,
,OP-MT9-P36,Ochroma pyramidale,March 24 2025,March 26 2026,May 13 2025,1,XP208-PR,A,3,A3,4,55,,,,,0,,,,,,,,,,,,,,,,,,,,,,,,,,,,,,,,,,,,,,
,OP-MT2-P67,Ochroma pyramidale,December 5 2025,March 26 2026,March 26 2026,1,XP208-PR,A,3,A3,4,70,,,,,0,,,,,,,,,,,,,,,,,,,,,,,,,,,,,,,,,,,,,,
,BU-MT3-P6,Brosimum utile,September 24 2025,March 26 2026,,0,XP208-PR,A,4,A4,4,38,51,0.5,7,,0.5,,,,,,,,,,,,,,,,,,,,,,,,,,,,,,,,,,,,,,
,IS-MT3-P28,Inga silanchensis,March 24 2025,March 26 2026,,0,XP208-PR,A,5,A5,4,27,60,1.8,8,,1.8,21,,,,,,,,,,,,,,,,,,,,,,,,,,,,,,,,,,,,,
,BG-MT2-P12,Banara guianensis,September 24 2025,March 26 2026,,0,XP208-PR,A,6,A6,4,40,78,0.8,57,,0.8,,,,,,,,,,,,,,,,,,,,,,,,,,,,,,,,,,,,,,
,EA-MT5-P6,Ecuadendron acosta-solisianum,December 5 2025,March 26 2026,,0,XP208-PR,A,7,A7,4,27,44,0.8,9,,0.8,25,,,,,,,,,,,,,,,,,,,,,,,,,,,,,,,,,,,,,
,AE-MT5-P32,Annona edulis,March 19 2026,March 26 2026,,0,XP208-PR,A,8,A8,4,,41,0.4,2,,0.4,,,,,,,,,,,,,,,,,,,,,,,,,,,,,,,,,,,,,,
,CP-MT4-P20,Carapa guianensis,May 12 2025,March 26 2026,,0,XP208-PR,A,9,A9,4,35,45,0.1,1,,0.1,1,,,,,,,,,,,,,,,,,,,,,,,,,,,,,,,,,,,,,
,CH-MT2-P57,Cecropia hispidissima,,March 26 2026,March 26 2026,1,XP208-PR,A,10,A10,4,,,,,,0,,,,,,,,,,,,,,,,,,,,,,,,,,,,,,,,,,,,,,
,CH-MT4-P64,Cecropia hispidissima,March 19 2026,March 26 2026,,0,XP208-PR,A,10,A10,4,,51,0.4,2,,0.4,,,,,,,,,,,,,,,,,,,,,,,,,,,,,,,,,,,,,,
,VB-MT4-P74,Vismia baccifera,March 19 2026,March 26 2026,,0,XP208-PR,A,11,A11,4,,37,0.1,7,,0.1,,,,,,,,,,,,,,,,,,,,,,,,,,,,,,,,,,,,,,
,PG-MT3-P65,Pouruma guianensis,March 19 2026,March 26 2026,,0,XP208-PR,A,12,A12,4,,24,0.1,2,,0.1,,,,,,,,,,,,,,,,,,,,,,,,,,,,,,,,,,,,,,
,BP-MT3-P34,Bauhinia pichinchensis,March 19 2026,March 26 2026,,0,XP208-PR,A,13,A13,4,,25,0.5,2,,0.5,,,,,,,,,,,,,,,,,,,,,,,,,,,,,,,,,,,,,,
,BS-MT5-P57,Bactris setulosa,December 5 2025,March 26 2026,,0,XP208-PR,A,15,A15,4,48,11,1,4,,1,,,,,,,,,,,,,,,,,,,,,,,,,,,,,,,,,,,,,,
,DC-MT4-P6,Dacryodes cupularis,September 24 2025,March 26 2026,,0,XP208-PR,A,16,A16,4,23,21,0.5,4,,0.5,12,,,,,,,,,,,,,,,,,,,,,,,,,,,,,,,,,,,,,
,DC-MT3-P10,Dacryodes cupularis,September 24 2025,March 26 2026,March 26 2026,1,XP208-PR,B,1,B1,4,22,,,,,0,,,,,,,,,,,,,,,,,,,,,,,,,,,,,,,,,,,,,,
,EA-MT4-P21,Ecuadendron acosta-solisianum,May 12 2025,March 26 2026,,0,XP208-PR,B,2,B2,4,22,32,0.4,5,,0.4,9,,,,,,,,,,,,,,,,,,,,,,,,,,,,,,,,,,,,,
,CP-MT3-P22,Carapa guianensis,May 12 2025,March 26 2026,September 24 2025,1,XP208-PR,B,3,B3,4,44,,,,,0,,,,,,,,,,,,,,,,,,,,,,,,,,,,,,,,,,,,,,
,CP-MT5-P80,Carapa guianensis,March 19 2026,March 26 2026,,0,XP208-PR,B,3,B3,4,,70,0.4,3,,0.4,13,,,,,,,,,,,,,,,,,,,,,,,,,,,,,,,,,,,,,
,IS-MT2-P45,Inga silanchensis,March 24 2025,March 26 2026,,0,XP208-PR,B,4,B4,4,20,20,0.4,3,,0.4,7,,,,,,,,,,,,,,,,,,,,,,,,,,,,,,,,,,,,,
,AE-MT2-P93,Annona edulis,March 19 2026,March 26 2026,,0,XP208-PR,B,5,B5,4,,40,0.4,4,,0.4,,,,,,,,,,,,,,,,,,,,,,,,,,,,,,,,,,,,,,
,CH-MT4-P34,Cecropia hispidissima,September 24 2025,March 26 2026,,0,XP208-PR,B,6,B6,4,43,53,0.6,3,,0.6,,,,,,,,,,,,,,,,,,,,,,,,,,,,,,,,,,,,,,
,PG-MT2-P7,Pouruma guianensis,March 19 2026,March 26 2026,,0,XP208-PR,B,7,B7,4,,23,0.2,2,,0.2,,,,,,,,,,,,,,,,,,,,,,,,,,,,,,,,,,,,,,
,BP-MT4-P40,Bauhinia pichinchensis,March 19 2026,March 26 2026,,0,XP208-PR,B,8,B8,4,,34,0.3,1,,0.3,,,,,,,,,,,,,,,,,,,,,,,,,,,,,,,,,,,,,,
,OP-MT8-P51,Ochroma pyramidale,May 12 2025,March 26 2026,,0,XP208-PR,B,9,B9,4,64,40,1.5,7,,1.5,,,,,,,,,,,,,,,,,,,,,,,,,,,,,,,,,,,,,,
,BG-MT5-P72,Banara guianensis,September 24 2025,March 26 2026,March 26 2026,1,XP208-PR,B,11,B11,4,36,,,,,0,,,,,,,,,,,,,,,,,,,,,,,,,,,,,,,,,,,,,,
,PA-MT7-P15,Piper aduncum,September 24 2025,March 26 2026,,0,XP208-PR,B,12,B12,4,40,50,0.6,16,,0.6,,,,,,,,,,,,,,,,,,,,,,,,,,,,,,,,,,,,,,
,BS-MT7-P6,Bactris setulosa,September 24 2025,March 26 2026,,0,XP208-PR,B,13,B13,4,18,10,0.8,3,,0.8,,,,,,,,,,,,,,,,,,,,,,,,,,,,,,,,,,,,,,
,VB-MT3-P65,Vismia baccifera,March 19 2026,March 26 2026,,0,XP208-PR,B,14,B14,4,,50,0.2,3,,0.2,,,,,,,,,,,,,,,,,,,,,,,,,,,,,,,,,,,,,,
,BU-MT4-P52,Brosimum utile,September 24 2025,March 26 2026,,0,XP208-PR,B,15,B15,4,33,34,0.3,3,,0.3,,,,,,,,,,,,,,,,,,,,,,,,,,,,,,,,,,,,,,
,MC-MT3-P20,Miconia conocuatrecasasii,September 24 2025,March 26 2026,,0,XP208-PR,B,16,B16,4,16,16,0.2,11,,0.2,,,,,,,,,,,,,,,,,,,,,,,,,,,,,,,,,,,,,,
,VB-MT2-P8,Vismia baccifera,March 19 2026,March 26 2026,,0,XP208-PR,C,1,C1,4,,29,0.1,4,,0.1,,,,,,,,,,,,,,,,,,,,,,,,,,,,,,,,,,,,,,
,AE-MT4-P62,Annona edulis,March 19 2026,March 26 2026,,0,XP208-PR,C,2,C2,4,,48,0.4,4,,0.4,,,,,,,,,,,,,,,,,,,,,,,,,,,,,,,,,,,,,,
,BS-MT6-P59,Bactris setulosa,December 5 2025,March 26 2026,,0,XP208-PR,C,3,C3,4,29,12,11,4,,11,,,,,,,,,,,,,,,,,,,,,,,,,,,,,,,,,,,,,,
,IS-MT5-P48,Inga silanchensis,December 5 2025,March 26 2026,,0,XP208-PR,C,4,C4,4,47,47,0.5,3,,0.5,16,,,,,,,,,,,,,,,,,,,,,,,,,,,,,,,,,,,,,
,PG-MT5-P26,Pouruma guianensis,March 19 2026,March 26 2026,,0,XP208-PR,C,5,C5,4,,27,0.2,3,,0.2,,,,,,,,,,,,,,,,,,,,,,,,,,,,,,,,,,,,,,
,CP-MT1-P17,Carapa guianensis,September 24 2025,March 26 2026,,0,XP208-PR,C,6,C6,4,38,60,1,5,,1,20,,,,,,,,,,,,,,,,,,,,,,,,,,,,,,,,,,,,,
,BP-MT1-P22,Bauhinia pichinchensis,March 19 2026,March 26 2026,March 26 2026,1,XP208-PR,C,7,C7,4,,,,,,0,,,,,,,,,,,,,,,,,,,,,,,,,,,,,,,,,,,,,,
,MC-MT3-P26,Miconia conocuatrecasasii,September 24 2025,March 26 2026,,0,XP208-PR,C,8,C8,4,17,17,0.1,19,,0.1,,,,,,,,,,,,,,,,,,,,,,,,,,,,,,,,,,,,,,
,PA-MT6-P68,Piper aduncum,December 5 2025,March 26 2026,,0,XP208-PR,C,9,C9,4,40,40,0.3,10,,0.3,,,,,,,,,,,,,,,,,,,,,,,,,,,,,,,,,,,,,,
,EA-MT2-P55,Ecuadendron acosta-solisianum,March 19 2026,March 26 2026,,0,XP208-PR,C,10,C10,4,,101,1.1,8,,1.1,18,,,,,,,,,,,,,,,,,,,,,,,,,,,,,,,,,,,,,
,BG-MT3-P37,Banara guianensis,September 24 2025,March 26 2026,,0,XP208-PR,C,11,C11,4,66,109,0.8,28,,0.8,,,,,,,,,,,,,,,,,,,,,,,,,,,,,,,,,,,,,,
,OP-MT7-P35,Ochroma pyramidale,May 12 2025,March 26 2026,,0,XP208-PR,C,12,C12,4,70,76,1.7,4,,1.7,,,,,,,,,,,,,,,,,,,,,,,,,,,,,,,,,,,,,,
,DC-MT2-P30,Dacryodes cupularis,September 24 2025,March 26 2026,,0,XP208-PR,C,13,C13,4,18,21,0.4,4,,0.4,13,,,,,,,,,,,,,,,,,,,,,,,,,,,,,,,,,,,,,
,CH-MT5-P41,Cecropia hispidissima,September 24 2025,March 26 2026,,0,XP208-PR,C,14,C14,4,58,49,0.4,1,,0.4,,,,,,,,,,,,,,,,,,,,,,,,,,,,,,,,,,,,,,
,BU-MT2-P22,Brosimum utile,September 24 2025,March 26 2026,,0,XP208-PR,C,16,C16,4,34,27,0.2,5,,0.2,,,,,,,,,,,,,,,,,,,,,,,,,,,,,,,,,,,,,,
,CP-MT4-P9,Carapa guianensis,May 12 2025,March 26 2026,,0,XP208-PR,A,1,A1,5,46,69,0.4,3,,0.4,11,,,,,,,,,,,,,,,,,,,,,,,,,,,,,,,,,,,,,
,BU-MT1-P60,Brosimum utile,May 12 2025,March 26 2026,,0,XP208-PR,A,3,A3,5,13,25,0.2,2,,0.2,,,,,,,,,,,,,,,,,,,,,,,,,,,,,,,,,,,,,,
,BG-MT2-P73,Banara guianensis,September 24 2025,March 26 2026,,0,XP208-PR,A,4,A4,5,51,38,0.2,12,,0.2,,,,,,,,,,,,,,,,,,,,,,,,,,,,,,,,,,,,,,
,PG-MT1-P49,Pouruma guianensis,March 19 2026,March 26 2026,,0,XP208-PR,A,5,A5,5,,27,0.3,0,,0.3,,,,,,,,,,,,,,,,,,,,,,,,,,,,,,,,,,,,,,
,AE-MT2-P9,Annona edulis,March 19 2026,March 26 2026,,0,XP208-PR,A,7,A7,5,,40,0.3,4,,0.3,,,,,,,,,,,,,,,,,,,,,,,,,,,,,,,,,,,,,,
,DC-MT1-P31,Dacryodes cupularis,September 24 2025,March 26 2026,March 26 2026,1,XP208-PR,A,10,A10,5,26,,,,,0,,,,,,,,,,,,,,,,,,,,,,,,,,,,,,,,,,,,,,
,IS-MT3-P108,Inga silanchensis,March 19 2026,March 26 2026,,0,XP208-PR,A,15,A15,5,,25,0.2,3,,0.2,4,,,,,,,,,,,,,,,,,,,,,,,,,,,,,,,,,,,,,
,CH-MT3-P14,Cecropia hispidissima,September 24 2025,March 26 2026,March 26 2026,1,XP208-PR,A,16,A16,5,49,,,,,0,,,,,,,,,,,,,,,,,,,,,,,,,,,,,,,,,,,,,,
,OP-MT9-P14,Ochroma pyramidale,March 24 2025,March 26 2026,March 26 2026,1,XP208-PR,B,1,B1,5,53,,,,,0,,,,,,,,,,,,,,,,,,,,,,,,,,,,,,,,,,,,,,
,CP-MT3-P57,Carapa guianensis,May 12 2025,March 26 2026,,0,XP208-PR,B,2,B2,5,60,72,1,3,,1,11,,,,,,,,,,,,,,,,,,,,,,,,,,,,,,,,,,,,,
,PG-MT4-P67,Pouruma guianensis,March 19 2026,March 26 2026,,0,XP208-PR,B,7,B7,5,,27,0.2,5,,0.2,,,,,,,,,,,,,,,,,,,,,,,,,,,,,,,,,,,,,,
,BG-MT4-P12,Banara guianensis,September 24 2025,March 26 2026,,0,XP208-PR,B,8,B8,5,59,80,0.6,28,,0.6,,,,,,,,,,,,,,,,,,,,,,,,,,,,,,,,,,,,,,
,AE-MT3-P81,Annona edulis,March 19 2026,March 26 2026,,0,XP208-PR,B,9,B9,5,,52,1.5,6,,1.5,,,,,,,,,,,,,,,,,,,,,,,,,,,,,,,,,,,,,,
,DC-MT5-P29,Dacryodes cupularis,,March 26 2026,March 26 2026,1,XP208-PR,B,13,B13,5,,,,,,0,,,,,,,,,,,,,,,,,,,,,,,,,,,,,,,,,,,,,,
,IS-MT3-P87,Inga silanchensis,March 19 2026,March 26 2026,,0,XP208-PR,B,15,B15,5,,29,0.3,3,,0.3,8,,,,,,,,,,,,,,,,,,,,,,,,,,,,,,,,,,,,,
,IS-MT5-P76,Inga silanchensis,March 24 2025,March 26 2026,,0,XP208-PR,C,1,C1,5,26,30,0.5,3,,0.5,9,,,,,,,,,,,,,,,,,,,,,,,,,,,,,,,,,,,,,
,CP-MT2-P43,Carapa guianensis,May 12 2025,March 26 2026,March 26 2026,1,XP208-PR,C,2,C2,5,40,,,,,0,,,,,,,,,,,,,,,,,,,,,,,,,,,,,,,,,,,,,,
,OP-MT6-P24,Ochroma pyramidale,May 12 2025,March 26 2026,,0,XP208-PR,C,3,C3,5,70,68,1,5,,1,,,,,,,,,,,,,,,,,,,,,,,,,,,,,,,,,,,,,,
,PA-MT6-P19,Piper aduncum,May 12 2025,March 26 2026,,0,XP208-PR,C,4,C4,5,16,83,0.4,40,,0.4,,,,,,,,,,,,,,,,,,,,,,,,,,,,,,,,,,,,,,
,PG-MT5-P52,Pouruma guianensis,March 19 2026,March 26 2026,,0,XP208-PR,C,5,C5,5,,23,0.4,1,,0.4,,,,,,,,,,,,,,,,,,,,,,,,,,,,,,,,,,,,,,
,BG-MT5-P51,Banara guianensis,September 24 2025,March 26 2026,,0,XP208-PR,C,7,C7,5,56,67,0.3,21,,0.3,,,,,,,,,,,,,,,,,,,,,,,,,,,,,,,,,,,,,,
,DC-MT4-P32,Dacryodes cupularis,September 24 2025,March 26 2026,,0,XP208-PR,C,8,C8,5,31,26,0.4,2,,0.4,6,,,,,,,,,,,,,,,,,,,,,,,,,,,,,,,,,,,,,
,AE-MT1-P43,Annona edulis,March 19 2026,March 26 2026,,0,XP208-PR,C,13,C13,5,,36,0.3,5,,0.3,,,,,,,,,,,,,,,,,,,,,,,,,,,,,,,,,,,,,,
,CH-MT4-P71,Cecropia hispidissima,September 24 2025,March 26 2026,,0,XP208-PR,C,15,C15,5,47,100,1.6,5,,1.6,,,,,,,,,,,,,,,,,,,,,,,,,,,,,,,,,,,,,,
,CP-MT2-P95,Carapa guianensis,February 5 2026,February 24 2025,,0,XP209-PR,A,1,A1,1,,85,1.3,4,,1.3,10,13,0.4,,0.4,,,,,,,,,,,,,,,,,,,,,,,,,,,,,,,,,
,BU-MT5-P46,Brosimum utile,August 08 2025,February 24 2025,,0,XP209-PR,A,2,A2,1,33,38,0.6,5,,0.6,,,,,,,,,,,,,,,,,,,,,,,,,,,,,,,,,,,,,,
,CH-MT2-P68,Cecropia hispidissima,August 08 2025,February 24 2025,,0,XP209-PR,A,3,A3,1,34,107,2.1,10,,2.1,,,,,,,,,,,,,,,,,,,,,,,,,,,,,,,,,,,,,,
,VB-MT4-P26,Vismia baccifera,February 5 2026,February 24 2025,,0,XP209-PR,A,4,A4,1,,26,0.3,11,,0.3,,,,,,,,,,,,,,,,,,,,,,,,,,,,,,,,,,,,,,
,AE-MT4-P30,Annona edulis,February 5 2026,February 24 2025,,0,XP209-PR,A,5,A5,1,,33,0.6,4,,0.6,,,,,,,,,,,,,,,,,,,,,,,,,,,,,,,,,,,,,,
,PA-MT6-P49,Piper aduncum,May 07 2025,February 24 2025,,0,XP209-PR,A,6,A6,1,23,138,2.3,124,0.7,,,,,,,,,,,,,,,,,,,,,,,,,,,,,,,,,,,,,,,
,BG-MT3-P60,Banara guianensis,August 08 2025,February 24 2025,,0,XP209-PR,A,7,A7,1,64,134,1.7,120,,1.7,,,,,,,,,,,,,,,,,,,,,,,,,,,,,,,,,,,,,,
,PG-MT4-P1,Pouruma guianensis,February 5 2026,February 24 2025,,0,XP209-PR,A,9,A9,1,,13,1.3,3,,1.3,,,,,,,,,,,,,,,,,,,,,,,,,,,,,,,,,,,,,,
,DC-MT4-P63,Dacryodes cupularis,August 08 2025,February 24 2025,,0,XP209-PR,A,10,A10,1,28,35,0.6,4,,0.6,19,,,,,,,,,,,,,,,,,,,,,,,,,,,,,,,,,,,,,
,IS-MT3-P79,Inga silanchensis,March 17 2025,February 24 2025,,0,XP209-PR,A,11,A11,1,24,49,1.3,8,,1.3,35,,,,,,,,,,,,,,,,,,,,,,,,,,,,,,,,,,,,,
,OP-MT9-P24,Ochroma pyramidale,March 17 2025,February 24 2025,,0,XP209-PR,A,12,A12,1,50,550,21,43,6.7,,,,,,,,,,,4.5,-16.3,,42.7,,,,,,,,,,,,,,,,,,,,,,,,,
,EA-MT3-P39,Ecuadendron acosta-solisianum,February 5 2026,February 24 2025,,0,XP209-PR,A,13,A13,1,,95,0.4,7,,0.4,12,,,,,,,,,,,,,,,,,,,,,,,,,,,,,,,,,,,,,
,BS-MT1-P42,Bactris setulosa,November 10 2025,February 24 2025,,0,XP209-PR,A,15,A15,1,11,20,0.9,3,,0.9,,,,,,,,,,,,,,,,,,,,,,,,,,,,,,,,,,,,,,
,BP-MT5-P62,Bauhinia pichinchensis,February 5 2026,February 24 2025,,0,XP209-PR,A,16,A16,1,,20,0.4,2,,0.4,,,,,,,,,,,,,,,,,,,,,,,,,,,,,,,,,,,,,,
,BP-MT4-P18,Bauhinia pichinchensis,February 5 2026,February 24 2025,,0,XP209-PR,B,1,B1,1,,13,0.8,2,,0.8,,,,,,,,,,,,,,,,,,,,,,,,,,,,,,,,,,,,,,
,EA-MT4-P17,Ecuadendron acosta-solisianum,May 07 2025,February 24 2025,November 10 2025,1,XP209-PR,B,2,B2,1,63,,,,,0,,,,,,,,,,,,,,,,,,,,,,,,,,,,,,,,,,,,,,
,EA-MT5-P78,Ecuadendron acosta-solisianum,February 5 2026,February 24 2025,,0,XP209-PR,B,2,B2,1,,40,0.6,2,,0.6,4,,,,,,,,,,,,,,,,,,,,,,,,,,,,,,,,,,,,,
,AE-MT1-P51,Annona edulis,February 5 2026,February 24 2025,,0,XP209-PR,B,3,B3,1,,42,0.4,7,,0.4,,,,,,,,,,,,,,,,,,,,,,,,,,,,,,,,,,,,,,
,IS-MT2-P68,Inga silanchensis,March 17 2025,February 24 2025,,0,XP209-PR,B,4,B4,1,30,72,1.4,9,,1.4,47,,,,,,,,,,,,,,,,,,,,,,,,,,,,,,,,,,,,,
,BG-MT3-P69,Banara guianensis,August 08 2025,February 24 2025,,0,XP209-PR,B,5,B5,1,70,135,1.6,78,0.5,,,,,,,,,,,,,,,,,,,,,,,,,,,,,,,,,,,,,,,
,OP-MT2-P12,Ochroma pyramidale,March 17 2025,February 24 2025,,0,XP209-PR,B,7,B7,1,46,510,24,44,7.6,,,,,,,,,,,4.6,-34.5,,22.6,,,,,,,,,,,,,,,,,,,,,,,,,
,PG-MT2-P4,Pouruma guianensis,February 5 2026,February 24 2025,,0,XP209-PR,B,8,B8,1,,17,0.3,,,0.3,,,,,,,,,,,,,,,,,,,,,,,,,,,,,,,,,,,,,,
,BS-MT6-P53,Bactris setulosa,November 10 2025,February 24 2025,,0,XP209-PR,B,9,B9,1,15,20,1.5,5,,1.5,,,,,,,,,,,,,,,,,,,,,,,,,,,,,,,,,,,,,,
,CH-MT3-P67,Cecropia hispidissima,August 08 2025,February 24 2025,,0,XP209-PR,B,10,B10,1,32,90,1.5,6,,1.5,,,,,,,,,,,,,,,,,,,,,,,,,,,,,,,,,,,,,,
,VB-MT2-P20,Vismia baccifera,February 5 2026,February 24 2025,,0,XP209-PR,B,11,B11,1,,33,0.3,4,,0.3,,,,,,,,,,,,,,,,,,,,,,,,,,,,,,,,,,,,,,
,PA-MT7-P45,Piper aduncum,August 08 2025,February 24 2025,,0,XP209-PR,B,15,B15,1,36,80,1,29,,1,41,,,,,,,,,,,,,,,,,,,,,,,,,,,,,,,,,,,,,
,DC-MT1-P85,Dacryodes cupularis,August 08 2025,February 24 2025,,0,XP209-PR,B,16,B16,1,41,30,0.4,6,,0.4,21,,,,,,,,,,,,,,,,,,,,,,,,,,,,,,,,,,,,,
,BU-MT3-P21,Brosimum utile,August 08 2025,February 24 2025,,0,XP209-PR,C,1,C1,1,30,39,0.6,4,,0.6,,,,,,,,,,,,,,,,,,,,,,,,,,,,,,,,,,,,,,
,PG-MT1-P26,Pouruma guianensis,February 5 2026,February 24 2025,,0,XP209-PR,C,2,C2,1,,26,0.5,0,,0.5,,,,,,,,,,,,,,,,,,,,,,,,,,,,,,,,,,,,,,
,MC-MT2-P46,Miconia conocuatrecasasii,August 08 2025,February 24 2025,,0,XP209-PR,C,4,C4,1,20,60,1.7,24,,1.7,,,,,,,,,,,,,,,,,,,,,,,,,,,,,,,,,,,,,,
,IS-MT2-P8,Inga silanchensis,November 10 2025,February 24 2025,,0,XP209-PR,C,5,C5,1,34,35,0.8,5,,0.8,21,,,,,,,,,,,,,,,,,,,,,,,,,,,,,,,,,,,,,
,BP-MT2-P28,Bauhinia pichinchensis,February 5 2026,February 24 2025,February 24 2025,1,XP209-PR,C,6,C6,1,,,,,,0,,,,,,,,,,,,,,,,,,,,,,,,,,,,,,,,,,,,,,
,CH-MT4-P1,Cecropia hispidissima,August 08 2025,February 24 2025,,0,XP209-PR,C,7,C7,1,29,118,1.7,9,,1.7,,,,,,,,,,,,,,,,,,,,,,,,,,,,,,,,,,,,,,
,DC-MT2-P52,Dacryodes cupularis,February 5 2026,February 24 2025,,0,XP209-PR,C,8,C8,1,,28,0.5,1,,0.5,3,,,,,,,,,,,,,,,,,,,,,,,,,,,,,,,,,,,,,
,BS-MT1-P60,Bactris setulosa,November 10 2025,February 24 2025,,0,XP209-PR,C,9,C9,1,13,15,1.21,3,,1.21,,,,,,,,,,,,,,,,,,,,,,,,,,,,,,,,,,,,,,
,OP-MT8-P4,Ochroma pyramidale,May 07 2025,February 24 2025,,0,XP209-PR,C,10,C10,1,71,600,29,64,9.2,,,,,,,,,,,5,-2.1,7,49.1,,,,,,,,,,,,,,,,,,,,,,,,,
,AE-MT1-P33,Annona edulis,February 5 2026,February 24 2025,,0,XP209-PR,C,11,C11,1,,48,0.6,5,,0.6,,,,,,,,,,,,,,,,,,,,,,,,,,,,,,,,,,,,,,
,CP-MT4-P19,Carapa guianensis,May 07 2025,February 24 2025,,0,XP209-PR,C,12,C12,1,66,90,2,8,,2,32,,,,,,,,,,,,,,,,,,,,,,,,,,,,,,,,,,,,,
,EA-MT1-P72,Ecuadendron acosta-solisianum,November 10 2025,February 24 2025,,0,XP209-PR,C,13,C13,1,32,38,0.8,7,,0.8,16,,,,,,,,,,,,,,,,,,,,,,,,,,,,,,,,,,,,,
,VB-MT3-P45,Vismia baccifera,February 5 2026,February 24 2025,,0,XP209-PR,C,15,C15,1,,48,0.4,4,,0.4,,,,,,,,,,,,,,,,,,,,,,,,,,,,,,,,,,,,,,
,BG-MT2-P92,Banara guianensis,August 08 2025,February 24 2025,,0,XP209-PR,C,16,C16,1,52,1,1.4,68,,1.4,,,,,,,,,,,,,,,,,,,,,,,,,,,,,,,,,,,,,,
,BG-MT1-P86,Banara guianensis,August 08 2025,February 24 2025,,0,XP209-PR,A,1,A1,2,41,85,1.1,33,,1.1,,,,,,,,,,,,,,,,,,,,,,,,,,,,,,,,,,,,,,
,AE-MT4-P28,Annona edulis,February 5 2026,February 24 2025,,0,XP209-PR,A,2,A2,2,,25,0.4,3,,0.4,,,,,,,,,,,,,,,,,,,,,,,,,,,,,,,,,,,,,,
,EA-MT3-P14,Ecuadendron acosta-solisianum,May 07 2025,February 24 2025,August 08 2025,1,XP209-PR,A,3,A3,2,16,,,,,0,,,,,,,,,,,,,,,,,,,,,,,,,,,,,,,,,,,,,,
,EA-MT2-P99,Ecuadendron acosta-solisianum,November 10 2025,February 24 2025,,0,XP209-PR,A,3,A3,2,58,60,1.3,9,,1.3,24,,,,,,,,,,,,,,,,,,,,,,,,,,,,,,,,,,,,,
,BU-MT2-P33,Brosimum utile,August 08 2025,February 24 2025,,0,XP209-PR,A,4,A4,2,31,32,0.4,1,,0.4,,,,,,,,,,,,,,,,,,,,,,,,,,,,,,,,,,,,,,
,PG-MT1-P81,Pouruma guianensis,February 5 2026,February 24 2025,,0,XP209-PR,A,5,A5,2,,32,0.4,2,,0.4,,,,,,,,,,,,,,,,,,,,,,,,,,,,,,,,,,,,,,
,IS-MT3-P38,Inga silanchensis,March 17 2025,February 24 2025,,0,XP209-PR,A,7,A7,2,28,42,1.4,11,,1.4,38,,,,,,,,,,,,,,,,,,,,,,,,,,,,,,,,,,,,,
,VB-MT2-P37,Vismia baccifera,February 5 2026,February 24 2025,,0,XP209-PR,A,8,A8,2,,34,0.4,4,,0.4,,,,,,,,,,,,,,,,,,,,,,,,,,,,,,,,,,,,,,
,BP-MT1-P3,Bauhinia pichinchensis,February 5 2026,February 24 2025,,0,XP209-PR,A,9,A9,2,,29,0.4,5,,0.4,,,,,,,,,,,,,,,,,,,,,,,,,,,,,,,,,,,,,,
,CP-MT3-P13,Carapa guianensis,May 07 2025,February 24 2025,,0,XP209-PR,A,10,A10,2,42,88,2.1,7,,2.1,38,,,,,,,,,,,,,,,,,,,,,,,,,,,,,,,,,,,,,
,OP-MT7-P49,Ochroma pyramidale,May 07 2025,February 24 2025,,0,XP209-PR,A,11,A11,2,63.5,530,28,103,8.9,,,,,,,,,,,5.1,-36,4.8,17,,,,,,,,,,,,,,,,,,,,,,,,,
,PA-MT3-P27,Piper aduncum,March 17 2025,February 24 2025,,0,XP209-PR,A,12,A12,2,19,155,2.6,299,0.8,,,126,2.2,0.7,,,,,,,,,,,,,,,,,,,,,,,,,,,,,,,,,,
,CH-MT5-P36,Cecropia hispidissima,August 08 2025,February 24 2025,,0,XP209-PR,A,13,A13,2,54,119,1.9,12,,1.9,,,,,,,,,,,,,,,,,,,,,,,,,,,,,,,,,,,,,,
,DC-MT4-P9,Dacryodes cupularis,August 08 2025,February 24 2025,November 10 2025,1,XP209-PR,A,14,A14,2,10,,,,,0,,,,,,,,,,,,,,,,,,,,,,,,,,,,,,,,,,,,,,
,BS-MT1-P27,Bactris setulosa,November 10 2025,February 24 2025,,0,XP209-PR,A,15,A15,2,15,21,1.6,4,,1.6,,,,,,,,,,,,,,,,,,,,,,,,,,,,,,,,,,,,,,
,DC-MT1-P12,Dacryodes cupularis,August 08 2025,February 24 2025,,0,XP209-PR,B,1,B1,2,37,45,0.9,6,,0.9,26,,,,,,,,,,,,,,,,,,,,,,,,,,,,,,,,,,,,,
,BP-MT2-P10,Bauhinia pichinchensis,February 5 2026,February 24 2025,,0,XP209-PR,B,3,B3,2,,26,0.4,3,,0.4,,,,,,,,,,,,,,,,,,,,,,,,,,,,,,,,,,,,,,
,BU-MT1-P15,Brosimum utile,May 07 2025,February 24 2025,,0,XP209-PR,B,4,B4,2,26,40,0.7,9,,0.7,,,,,,,,,,,,,,,,,,,,,,,,,,,,,,,,,,,,,,
,OP-MT6-P47,Ochroma pyramidale,May 07 2025,February 24 2025,,0,XP209-PR,B,5,B5,2,66,500,27,108,8.6,,,,,,,,,,,5.2,-20.6,4.6,30.2,,,,,,,,,,,,,,,,,,,,,,,,,
,IS-MT2-P77,Inga silanchensis,March 17 2025,February 24 2025,,0,XP209-PR,B,6,B6,2,20,23,0.6,3,,0.6,7,,,,,,,,,,,,,,,,,,,,,,,,,,,,,,,,,,,,,
,BS-MT7-P12,Bactris setulosa,August 08 2025,February 24 2025,,0,XP209-PR,B,9,B9,2,5,15,0.7,4,,0.7,,,,,,,,,,,,,,,,,,,,,,,,,,,,,,,,,,,,,,
,VB-MT4-P17,Vismia baccifera,February 5 2026,February 24 2025,,0,XP209-PR,B,11,B11,2,,41,0.4,18,,0.4,,,,,,,,,,,,,,,,,,,,,,,,,,,,,,,,,,,,,,
,EA-MT1-P71,Ecuadendron acosta-solisianum,November 10 2025,February 24 2025,,0,XP209-PR,B,12,B12,2,52,57,1,4,,1,19,,,,,,,,,,,,,,,,,,,,,,,,,,,,,,,,,,,,,
,AE-MT2-P57,Annona edulis,February 5 2026,February 24 2025,,0,XP209-PR,B,13,B13,2,,29,0.4,5,,0.4,,,,,,,,,,,,,,,,,,,,,,,,,,,,,,,,,,,,,,
,BG-MT3-P35,Banara guianensis,August 08 2025,February 24 2025,,0,XP209-PR,B,14,B14,2,69,119,1.7,91,,1.7,,,,,,,,,,,,,,,,,,,,,,,,,,,,,,,,,,,,,,
,PG-MT2-P6,Pouruma guianensis,February 5 2026,February 24 2025,,0,XP209-PR,B,15,B15,2,,17,0.3,1,,0.3,,,,,,,,,,,,,,,,,,,,,,,,,,,,,,,,,,,,,,
,CP-MT1-P16,Carapa guianensis,August 08 2025,February 24 2025,,0,XP209-PR,B,16,B16,2,51.5,63,1.6,7,,1.6,39,,,,,,,,,,,,,,,,,,,,,,,,,,,,,,,,,,,,,
,BP-MT4-P20,Bauhinia pichinchensis,February 5 2026,February 24 2025,,0,XP209-PR,C,1,C1,2,,29,0.6,2,,0.6,,,,,,,,,,,,,,,,,,,,,,,,,,,,,,,,,,,,,,
,BS-MT7-P49,Bactris setulosa,November 10 2025,February 24 2025,,0,XP209-PR,C,2,C2,2,22,27,1.6,4,,1.6,3,,,,,,,,,,,,,,,,,,,,,,,,,,,,,,,,,,,,,
,VB-MT4-P49,Vismia baccifera,February 5 2026,February 24 2025,,0,XP209-PR,C,3,C3,2,,33,0.4,4,,0.4,,,,,,,,,,,,,,,,,,,,,,,,,,,,,,,,,,,,,,
,PA-MT7-P57,Piper aduncum,February 5 2026,February 24 2025,,0,XP209-PR,C,4,C4,2,,43,0.6,4,,0.6,,,,,,,,,,,,,,,,,,,,,,,,,,,,,,,,,,,,,,
,IS-MT5-P51,Inga silanchensis,March 17 2025,February 24 2025,,0,XP209-PR,C,5,C5,2,34,70,2.1,18,,2.1,25,,,,,,,,,,,,,,,,,,,,,,,,,,,,,,,,,,,,,
,AE-MT4-P71,Annona edulis,February 5 2026,February 24 2025,,0,XP209-PR,C,7,C7,2,,45,0.4,6,,0.4,,,,,,,,,,,,,,,,,,,,,,,,,,,,,,,,,,,,,,
,BU-MT4-P17,Brosimum utile,August 08 2025,February 24 2025,,0,XP209-PR,C,8,C8,2,34,33,0.4,7,,0.4,,,,,,,,,,,,,,,,,,,,,,,,,,,,,,,,,,,,,,
,EA-MT2-P13,Ecuadendron acosta-solisianum,May 07 2025,February 24 2025,,0,XP209-PR,C,9,C9,2,25,52,1.3,13,,1.3,39,,,,,,,,,,,,,,,,,,,,,,,,,,,,,,,,,,,,,
,PG-MT1-P46,Pouruma guianensis,February 5 2026,February 24 2025,,0,XP209-PR,C,10,C10,2,,22,0.40.6,2,,0.40.6,,,,,,,,,,,,,,,,,,,,,,,,,,,,,,,,,,,,,,
,CH-MT4-P93,Cecropia hispidissima,August 08 2025,February 24 2025,,0,XP209-PR,C,11,C11,2,43,150,1.9,14,0.6,,,,,,,,,,,,,,,,,,,,,,,,,,,,,,,,,,,,,,,
,DC-MT2-P48,Dacryodes cupularis,February 5 2026,February 24 2025,,0,XP209-PR,C,13,C13,2,,33,0.6,1,,0.6,,,,,,,,,,,,,,,,,,,,,,,,,,,,,,,,,,,,,,
,BG-MT5-P43,Banara guianensis,August 08 2025,February 24 2025,,0,XP209-PR,C,14,C14,2,57,110,1.8,123,,1.8,,,,,,,,,,,,,,,,,,,,,,,,,,,,,,,,,,,,,,
,CP-MT1-P54,Carapa guianensis,August 08 2025,February 24 2025,,0,XP209-PR,C,15,C15,2,53,95,2.8,11,,2.8,70,,,,,,,,,,,,,,,,,,,,,,,,,,,,,,,,,,,,,
,MC-MT3-P63,Miconia conocuatrecasasii,August 08 2025,February 24 2025,,0,XP209-PR,C,16,C16,2,21,30,0.6,32,,0.6,,,,,,,,,,,,,,,,,,,,,,,,,,,,,,,,,,,,,,
,BU-MT4-P76,Brosimum utile,August 08 2025,February 24 2025,,0,XP209-PR,A,1,A1,3,38,49,0.7,5,,0.7,,,,,,,,,,,,,,,,,,,,,,,,,,,,,,,,,,,,,,
,IS-MT1-P34,Inga silanchensis,May 07 2025,February 24 2025,,0,XP209-PR,A,2,A2,3,33,42,1.3,4,,1.3,13,,,,,,,,,,,,,,,,,,,,,,,,,,,,,,,,,,,,,
,DC-MT5-P40,Dacryodes cupularis,August 08 2025,February 24 2025,,0,XP209-PR,A,3,A3,3,13.5,22,0.5,4,,0.5,16,,,,,,,,,,,,,,,,,,,,,,,,,,,,,,,,,,,,,
,BP-MT2-P63,Bauhinia pichinchensis,February 5 2026,February 24 2025,,0,XP209-PR,A,4,A4,3,,19,0.3,2,,0.3,,,,,,,,,,,,,,,,,,,,,,,,,,,,,,,,,,,,,,
,OP-MT6-P55,Ochroma pyramidale,May 07 2025,February 24 2025,,0,XP209-PR,A,5,A5,3,66,410,17,33,5.4,,,,,,,,,,,5.1,-31.4,4.6,11.4,,,,,,,,,,,,,,,,,,,,,,,,,
,BS-MT6-P87,Bactris setulosa,February 5 2026,February 24 2025,,0,XP209-PR,A,6,A6,3,,30,1.1,2,,1.1,,,,,,,,,,,,,,,,,,,,,,,,,,,,,,,,,,,,,,
,BG-MT2-P23,Banara guianensis,August 08 2025,February 24 2025,,0,XP209-PR,A,8,A8,3,52,105,2.7,93,,2.7,,,,,,,,,,,,,,,,,,,,,,,,,,,,,,,,,,,,,,preguntar a Bryan
,PG-MT2-P68,Pouruma guianensis,February 5 2026,February 24 2025,,0,XP209-PR,A,9,A9,3,,16,6.4,3,,6.4,,,,,,,,,,,,,,,,,,,,,,,,,,,,,,,,,,,,,,
,VB-MT2-P60,Vismia baccifera,February 5 2026,February 24 2025,,0,XP209-PR,A,10,A10,3,,30,0.3,4,,0.3,,,,,,,,,,,,,,,,,,,,,,,,,,,,,,,,,,,,,,
,CP-MT2-P53,Carapa guianensis,May 07 2025,February 24 2025,November 10 2025,1,XP209-PR,A,11,A11,3,58,,,,,0,,,,,,,,,,,,,,,,,,,,,,,,,,,,,,,,,,,,,,
,CP-MT5-P72,Carapa guianensis,February 5 2026,February 24 2025,,0,XP209-PR,A,11,A11,3,,49,1.1,0,,1.1,,,,,,,,,,,,,,,,,,,,,,,,,,,,,,,,,,,,,,
,MC-MT1-P53,Miconia conocuatrecasasii,August 08 2025,February 24 2025,,0,XP209-PR,A,13,A13,3,13.5,20,0.5,10,,0.5,,,,,,,,,,,,,,,,,,,,,,,,,,,,,,,,,,,,,,
,CH-MT5-P20,Cecropia hispidissima,August 08 2025,February 24 2025,,0,XP209-PR,A,14,A14,3,60,80,1.6,7,,1.6,,,,,,,,,,,,,,,,,,,,,,,,,,,,,,,,,,,,,,
,AE-MT3-P20,Annona edulis,February 5 2026,February 24 2025,,0,XP209-PR,A,15,A15,3,,48,0.6,6,,0.6,,,,,,,,,,,,,,,,,,,,,,,,,,,,,,,,,,,,,,
,EA-MT4-P73,Ecuadendron acosta-solisianum,February 5 2026,February 24 2025,,0,XP209-PR,A,16,A16,3,,54,0.9,5,,0.9,10,,,,,,,,,,,,,,,,,,,,,,,,,,,,,,,,,,,,,
,DC-MT5-P44,Dacryodes cupularis,August 08 2025,February 24 2025,,0,XP209-PR,B,1,B1,3,20.5,50,0.9,6,,0.9,30,,,,,,,,,,,,,,,,,,,,,,,,,,,,,,,,,,,,,
,BS-MT1-P21,Bactris setulosa,August 08 2025,February 24 2025,,0,XP209-PR,B,2,B2,3,8,9,0.8,1,,0.8,,,,,,,,,,,,,,,,,,,,,,,,,,,,,,,,,,,,,,
,AE-MT4-P23,Annona edulis,February 5 2026,February 24 2025,,0,XP209-PR,B,4,B4,3,,46,0.4,4,,0.4,,,,,,,,,,,,,,,,,,,,,,,,,,,,,,,,,,,,,,
,PG-MT5-P71,Pouruma guianensis,February 5 2026,February 24 2025,,0,XP209-PR,B,5,B5,3,,21,0.4,2,,0.4,,,,,,,,,,,,,,,,,,,,,,,,,,,,,,,,,,,,,,
,BU-MT1-P26,Brosimum utile,May 07 2025,February 24 2025,,0,XP209-PR,B,6,B6,3,27,28,0.4,2,,0.4,,,,,,,,,,,,,,,,,,,,,,,,,,,,,,,,,,,,,,
,CP-MT2-P42,Carapa guianensis,May 07 2025,February 24 2025,,0,XP209-PR,B,7,B7,3,42,47,1.6,8,,1.6,26,,,,,,,,,,,,,,,,,,,,,,,,,,,,,,,,,,,,,
,PA-MT6-P81,Piper aduncum,November 10 2025,February 24 2025,,0,XP209-PR,B,8,B8,3,31,43,1.9,34,,1.9,,,,,,,,,,,,,,,,,,,,,,,,,,,,,,,,,,,,,,
,VB-MT1-P42,Vismia baccifera,August 08 2025,February 24 2025,,0,XP209-PR,B,9,B9,3,30,89,1.9,149,,1.9,,,,,,,,,,,,,,,,,,,,,,,,,,,,,,,,,,,,,,
,IS-MT4-P10,Inga silanchensis,May 07 2025,February 24 2025,,0,XP209-PR,B,10,B10,3,28,31,0.7,3,,0.7,8,,,,,,,,,,,,,,,,,,,,,,,,,,,,,,,,,,,,,
,CH-MT1-P25,Cecropia hispidissima,May 07 2025,February 24 2025,February 24 2025,1,XP209-PR,B,12,B12,3,22.5,,,,,0,,,,,,,,,,,,,,,,,,,,,,,,,,,,,,,,,,,,,,
,BP-MT1-P63,Bauhinia pichinchensis,February 5 2026,February 24 2025,,0,XP209-PR,B,14,B14,3,,20,0.4,1,,0.4,,,,,,,,,,,,,,,,,,,,,,,,,,,,,,,,,,,,,,
,EA-MT5-P68,Ecuadendron acosta-solisianum,November 10 2025,February 24 2025,,0,XP209-PR,B,15,B15,3,26,30,0.6,4,,0.6,11,,,,,,,,,,,,,,,,,,,,,,,,,,,,,,,,,,,,,
,BG-MT4-P63,Banara guianensis,August 08 2025,February 24 2025,,0,XP209-PR,B,16,B16,3,72,102,1.3,72,,1.3,,,,,,,,,,,,,,,,,,,,,,,,,,,,,,,,,,,,,,
,CP-MT3-P55,Carapa guianensis,May 07 2025,February 24 2025,,0,XP209-PR,C,2,C2,3,42,47,1.6,2,,1.6,9,,,,,,,,,,,,,,,,,,,,,,,,,,,,,,,,,,,,,
,BU-MT3-P14,Brosimum utile,August 08 2025,February 24 2025,,0,XP209-PR,C,3,C3,3,27.5,25,0.2,3,,0.2,,,,,,,,,,,,,,,,,,,,,,,,,,,,,,,,,,,,,,
,PG-MT4-P63,Pouruma guianensis,February 5 2026,February 24 2025,,0,XP209-PR,C,4,C4,3,,19,0.4,4,,0.4,,,,,,,,,,,,,,,,,,,,,,,,,,,,,,,,,,,,,,
,BS-MT1-P50,Bactris setulosa,,February 24 2025,,0,XP209-PR,C,5,C5,3,,8,0.7,2,,0.7,,,,,,,,,,,,,fecha de sembrado,,,,,,,,,,,,,,,,,,,,,,,,,
,IS-MT1-P38,Inga silanchensis,May 07 2025,February 24 2025,,0,XP209-PR,C,6,C6,3,22,24,0.6,1,,0.6,3,,,,,,,,,,,,revisar codigo enlistas de campo,,,,,,,,,,,,,,,,,,,,,,,,,
,OP-MT7-P10,Ochroma pyramidale,May 07 2025,February 24 2025,,0,XP209-PR,C,7,C7,3,63,390,20,32,6.4,,,,,,,,,,,5.4,-3.7,5.7,33,,,,,,,,,,,,,,,,,,,,,,,,,
,AE-MT1-P58,Annona edulis,February 5 2026,February 24 2025,,0,XP209-PR,C,8,C8,3,,43,0.5,3,,0.5,,,,,,,,,,,,,,,,,,,,,,,,,,,,,,,,,,,,,,
,VB-MT4-P46,Vismia baccifera,February 5 2026,February 24 2025,,0,XP209-PR,C,9,C9,3,,40,0.3,4,,0.3,,,,,,,,,,,,,,,,,,,,,,,,,,,,,,,,,,,,,,
,DC-MT3-P37,Dacryodes cupularis,August 08 2025,February 24 2025,,0,XP209-PR,C,11,C11,3,23.5,25,0.7,7,,0.7,,,,,,,,,,,,,,,,,,,,,,,,,,,,,,,,,,,,,,
,CH-MT1-P30,Cecropia hispidissima,May 07 2025,February 24 2025,August 08 2025,1,XP209-PR,C,12,C12,3,18,,,,,0,,,,,,,,,,,,,,,,,,,,,,,,,,,,,,,,,,,,,,
,CH-MT2-P54,Cecropia hispidissima,February 5 2026,February 24 2025,,0,XP209-PR,C,12,C12,3,,41,0.6,3,,0.6,,,,,,,,,,,,,,,,,,,,,,,,,,,,,,,,,,,,,,
,BG-MT4-P4,Banara guianensis,August 08 2025,February 24 2025,,0,XP209-PR,C,13,C13,3,38,104,1.6,84,,1.6,,,,,,,,,,,,,,,,,,,,,,,,,,,,,,,,,,,,,,
,BP-MT3-P47,Bauhinia pichinchensis,February 5 2026,February 24 2025,,0,XP209-PR,C,14,C14,3,,22,0.5,1,,0.5,,,,,,,,,,,,,,,,,,,,,,,,,,,,,,,,,,,,,,
,MC-MT3-P27,Miconia conocuatrecasasii,August 08 2025,February 24 2025,,0,XP209-PR,C,15,C15,3,18,25,0.6,6,,0.6,,,,,,,,,,,,,,,,,,,,,,,,,,,,,,,,,,,,,,
,EA-MT1-P10,Ecuadendron acosta-solisianum,November 10 2025,February 24 2025,,0,XP209-PR,C,16,C16,3,46,50,1.2,7,,1.2,21,,,,,,,,,,,,,,,,,,,,,,,,,,,,,,,,,,,,,
,IS-MT5-P47,Inga silanchensis,March 17 2025,February 24 2025,,0,XP209-PR,A,1,A1,4,34,50,1.15,7,,1.15,28,,,,,,,,,,,,,,,,,,,,,,,,,,,,,,,,,,,,,
,EA-MT1-P43,Ecuadendron acosta-solisianum,November 10 2025,February 24 2025,,0,XP209-PR,A,2,A2,4,29,31,1,6,,1,23,,,,,,,,,,,,,,,,,,,,,,,,,,,,,,,,,,,,,
,VB-MT5-P36,Vismia baccifera,February 5 2026,February 24 2025,,0,XP209-PR,A,3,A3,4,,43,0.5,6,,0.5,,,,,,,,,,,,,,,,,,,,,,,,,,,,,,,,,,,,,,
,CP-MT5-P51,Carapa guianensis,August 08 2025,February 24 2025,,0,XP209-PR,A,4,A4,4,46,43,1,3,,1,8,,,,,,,,,,,,,,,,,,,,,,,,,,,,,,,,,,,,,
,MC-MT2-P15,Miconia conocuatrecasasii,August 08 2025,February 24 2025,,0,XP209-PR,A,5,A5,4,20,28,0.6,10,,0.6,,,,,,,,,,,,,,,,,,,,,,,,,,,,,,,,,,,,,,
,PA-MT3-P70,Piper aduncum,March 17 2025,February 24 2025,,0,XP209-PR,A,6,A6,4,26,130,2,,,2,191,131,2,,2,,,,,,,,,,,,,,,,,,,,,,,,,,,,,,,,,
,BU-MT2-P32,Brosimum utile,August 08 2025,February 24 2025,,0,XP209-PR,A,7,A7,4,19.5,22,0.6,3,,0.6,,,,,,,,,,,,,,,,,,,,,,,,,,,,,,,,,,,,,,
,BG-MT1-P7,Banara guianensis,August 08 2025,February 24 2025,,0,XP209-PR,A,8,A8,4,50,82,1.2,35,,1.2,,,,,,,,,,,,,,,,,,,,,,,,,,,,,,,,,,,,,,
,OP-MT9-P68,Ochroma pyramidale,March 17 2025,February 24 2025,,0,XP209-PR,A,9,A9,4,58,340,26,58,8.3,,,,,,,,,,,5.3,-22.5,5.2,12.5,,,,,,,,,,,,,,,,,,,,,,,,,
,AE-MT5-P48,Annona edulis,February 5 2026,February 24 2025,,0,XP209-PR,A,10,A10,4,,47,0.6,8,,0.6,,,,,,,,,,,,,,,,,,,,,,,,,,,,,,,,,,,,,,
,CH-MT4-P54,Cecropia hispidissima,August 08 2025,February 24 2025,,0,XP209-PR,A,11,A11,4,45.5,111,2.1,10,,2.1,,,,,,,,,,,,,,,,,,,,,,,,,,,,,,,,,,,,,,
,PG-MT3-P36,Pouruma guianensis,February 5 2026,February 24 2025,,0,XP209-PR,A,12,A12,4,,17,0.45,3,,0.45,,,,,,,,,,,,,,,,,,,,,,,,,,,,,,,,,,,,,,
,BS-MT6-P37,Bactris setulosa,August 08 2025,February 24 2025,,0,XP209-PR,A,14,A14,4,10,14,2.2,6,,2.2,,,,,,,,,,,,,,,,,,,,,,,,,,,,,,,,,,,,,,
,BP-MT4-P66,Bauhinia pichinchensis,February 5 2026,February 24 2025,,0,XP209-PR,A,15,A15,4,,13,0.5,2,,0.5,,,,,,,,,,,,,,,,,,,,,,,,,,,,,,,,,,,,,,
,PG-MT1-P13,Pouruma guianensis,February 5 2026,February 24 2025,,0,XP209-PR,B,1,B1,4,,30,0.5,1,,0.5,,,,,,,,,,,,,,,,,,,,,,,,,,,,,,,,,,,,,,
,EA-MT1-P40,Ecuadendron acosta-solisianum,November 10 2025,February 24 2025,,0,XP209-PR,B,2,B2,4,38,44,1,9,,1,25,,,,,,,,,,,,,,,,,,,,,,,,,,,,,,,,,,,,,
,CH-MT3-P85,Cecropia hispidissima,August 08 2025,February 24 2025,,0,XP209-PR,B,3,B3,4,53,153,2.5,11,0.8,,,12,1,0.3,,,,,,,,,,,,,,,,,,,,,,,,,,,,,,,,,,
,AE-MT2-P62,Annona edulis,February 5 2026,February 24 2025,,0,XP209-PR,B,5,B5,4,,38,0.4,2,,0.4,,,,,,,,,,,,,,,,,,,,,,,,,,,,,,,,,,,,,,
,IS-MT4-P20,Inga silanchensis,May 07 2025,February 24 2025,,0,XP209-PR,B,6,B6,4,27,60,1.3,12,,1.3,47,,,,,,,,,,,,,,,,,,,,,,,,,,,,,,,,,,,,,
,BS-MT5-P5,Bactris setulosa,August 08 2025,February 24 2025,,0,XP209-PR,B,7,B7,4,13,21,2.9,5,,2.9,,,,,,,,,,,,,,,,,,,,,,,,,,,,,,,,,,,,,,
,CP-MT4-P7,Carapa guianensis,May 07 2025,February 24 2025,,0,XP209-PR,B,8,B8,4,55,76,1.9,8,,1.9,42,,,,,,,,,,,,,,,,,,,,,,,,,,,,,,,,,,,,,
,MC-MT1-P45,Miconia conocuatrecasasii,August 08 2025,February 24 2025,,0,XP209-PR,B,9,B9,4,23,78,2,43,,2,,,,,,,,,,,,,,,,,,,,,,,,,,,,,,,,,,,,,,
,PA-MT6-P39,Piper aduncum,May 07 2025,February 24 2025,,0,XP209-PR,B,10,B10,4,13,109,2.2,115,,2.2,,,,,,,,,,,,,,,,,,,,,,,,,,,,,,,,,,,,,,
,BU-MT5-P19,Brosimum utile,August 08 2025,February 24 2025,,0,XP209-PR,B,11,B11,4,44,57,0.7,6,,0.7,,,,,,,,,,,,,,,,,,,,,,,,,,,,,,,,,,,,,,
,OP-MT2-P74,Ochroma pyramidale,March 17 2025,February 24 2025,,0,XP209-PR,B,12,B12,4,44,640,22,153,7,,,,,,,,,,,5.3,-22.6,5.4,38.6,,,,,,,,,,,,,,,,,,,,,,,,,
,BG-MT1-P23,Banara guianensis,August 08 2025,February 24 2025,,0,XP209-PR,B,13,B13,4,53,136,1.8,89,0.6,,,,,,,,,,,,,,,,,,,,,,,,,,,,,,,,,,,,,,,
,VB-MT3-P74,Vismia baccifera,February 5 2026,February 24 2025,,0,XP209-PR,B,14,B14,4,,33,0.4,2,,0.4,,,,,,,,,,,,,,,,,,,,,,,,,,,,,,,,,,,,,,
,DC-MT2-P2,Dacryodes cupularis,August 08 2025,February 24 2025,,0,XP209-PR,B,15,B15,4,19,15,0.5,2,,0.5,,,,,,,,,,,,,,,,,,,,,,,,,,,,,,,,,,,,,,
,BP-MT3-P43,Bauhinia pichinchensis,February 5 2026,February 24 2025,,0,XP209-PR,B,16,B16,4,,23,0.5,2,,0.5,,,,,,,,,,,,,,,,,,,,,,,,,,,,,,,,,,,,,,
,IS-MT3-P42,Inga silanchensis,November 10 2025,February 24 2025,,0,XP209-PR,C,1,C1,4,30,33,0.9,4,,0.9,20,,,,,,,,,,,,,,,,,,,,,,,,,,,,,,,,,,,,,
,BP-MT1-P2,Bauhinia pichinchensis,February 5 2026,February 24 2025,,0,XP209-PR,C,2,C2,4,,29,0.3,2,,0.3,,,,,,,,,,,,,,,,,,,,,,,,,,,,,,,,,,,,,,
,BS-MT1-P38,Bactris setulosa,November 10 2025,February 24 2025,,0,XP209-PR,C,3,C3,4,8,35,1.2,2,,1.2,,,,,,,,,,,,,,,,,,,,,,,,,,,,,,,,,,,,,,
,DC-MT3-P73,Dacryodes cupularis,August 08 2025,February 24 2025,,0,XP209-PR,C,4,C4,4,35,35,0.4,3,,0.4,,,,,,,,,,,,,,,,,,,,,,,,,,,,,,,,,,,,,,
,EA-MT2-P48,Ecuadendron acosta-solisianum,February 5 2026,February 24 2025,,0,XP209-PR,C,5,C5,4,,70,1.3,9,,1.3,25,,,,,,,,,,,,,,,,,,,,,,,,,,,,,,,,,,,,,
,AE-MT2-P24,Annona edulis,February 5 2026,February 24 2025,,0,XP209-PR,C,6,C6,4,,45,0.9,4,,0.9,,,,,,,,,,,,,,,,,,,,,,,,,,,,,,,,,,,,,,
,PG-MT3-P74,Pouruma guianensis,February 5 2026,February 24 2025,,0,XP209-PR,C,7,C7,4,,22,0.4,3,,0.4,,,,,,,,,,,,,,,,,,,,,,,,,,,,,,,,,,,,,,
,OP-MT8-P5,Ochroma pyramidale,May 07 2025,February 24 2025,,0,XP209-PR,C,8,C8,4,64,520,26,28,8.3,,,,,,,,,,,4.8,-17.6,5.7,37.8,,,,,,,,,,,,,,,,,,,,,,,,,
,VB-MT1-P44,Vismia baccifera,August 08 2025,February 24 2025,,0,XP209-PR,C,9,C9,4,33,119,2.1,205,,2.1,,,,,,,,,,,,,,,,,,,,,,,,,,,,,,,,,,,,,,
,BG-MT5-P69,Banara guianensis,August 08 2025,February 24 2025,,0,XP209-PR,C,10,C10,4,64,144,2.5,190,0.8,,,,,,,,,,,,,,,,,,,,,,,,,,,,,,,,,,,,,,,
,CH-MT2-P70,Cecropia hispidissima,August 08 2025,February 24 2025,,0,XP209-PR,C,15,C15,4,32.5,44,0.8,3,,0.8,,,,,,,,,,,,,,,,,,,,,,,,,,,,,,,,,,,,,,
,PA-MT7-P37,Piper aduncum,August 08 2025,February 24 2025,,0,XP209-PR,C,16,C16,4,32,48,1.6,39,,1.6,,43,1.7,,1.7,,,,,,,,,,,,,,,,,,,,,,,,,,,,,,,,,
,IS-MT2-P97,Inga silanchensis,March 17 2025,February 24 2025,February 24 2025,1,XP209-PR,A,1,A1,5,31,,,,,0,,,,,,,,,,,,,,,,,,,,,,,,,,,,,,,,,,,,,,
,CP-MT3-P61,Carapa guianensis,May 07 2025,February 24 2025,,0,XP209-PR,A,2,A2,5,50,50,0.4,6,,0.4,29,,,,,,,,,,,,,,,,,,,,,,,,,,,,,,,,,,,,,
,OP-MT7-P36,Ochroma pyramidale,May 07 2025,February 24 2025,,0,XP209-PR,A,3,A3,5,68,136,8,10,2.5,,,,,,,,,,,,,,,,,,,,,,,,,,,,,,,,,,,,,,,
,PA-MT6-P48,Piper aduncum,May 07 2025,February 24 2025,,0,XP209-PR,A,4,A4,5,11.8,92,2,43,,2,,,,,,,,,,,,,,,,,,,,,,,,,,,,,,,,,,,,,,
,BU-MT4-P79,Brosimum utile,August 08 2025,February 24 2025,,0,XP209-PR,A,5,A5,5,24,25,0.6,2,,0.6,,,,,,,,,,,,,,,,,,,,,,,,,,,,,,,,,,,,,,
,AE-MT3-P5,Annona edulis,February 5 2026,February 24 2025,,0,XP209-PR,A,6,A6,5,,38,0.4,7,,0.4,,,,,,,,,,,,,,,,,,,,,,,,,,,,,,,,,,,,,,
,DC-MT2-P16,Dacryodes cupularis,August 08 2025,February 24 2025,,0,XP209-PR,A,7,A7,5,11,15,0.5,3,,0.5,13,,,,,,,,,,,,,,,,,,,,,,,,,,,,,,,,,,,,,
,BP-MT4-P92,Bauhinia pichinchensis,February 5 2026,February 24 2025,,0,XP209-PR,A,8,A8,5,,27,0.6,2,,0.6,,,,,,,,,,,,,,,,,,,,,,,,,,,,,,,,,,,,,,
,EA-MT4-P20,Ecuadendron acosta-solisianum,February 5 2026,February 24 2025,,0,XP209-PR,A,10,A10,5,,77,0.7,3,,0.7,7,,,,,,,,,,,,,,,,,,,,,,,,,,,,,,,,,,,,,
,PG-MT4-P8,Pouruma guianensis,February 5 2026,February 24 2025,,0,XP209-PR,A,11,A11,5,,23,0.4,3,,0.4,,,,,,,,,,,,,,,,,,,,,,,,,,,,,,,,,,,,,,
,BS-MT5-P80,Bactris setulosa,February 5 2026,February 24 2025,,0,XP209-PR,A,12,A12,5,,24,1.1,2,,1.1,,,,,,,,,,,,,,,,,,,,,,,,,,,,,,,,,,,,,,
,BG-MT5-P11,Banara guianensis,August 08 2025,February 24 2025,,0,XP209-PR,A,13,A13,5,58,78,0.6,14,,0.6,,,,,,,,,,,,,,,,,,,,,,,,,,,,,,,,,,,,,,
,VB-MT2-P70,Vismia baccifera,February 5 2026,February 24 2025,,0,XP209-PR,A,15,A15,5,,22,0.3,4,,0.3,,,,,,,,,,,,,,,,,,,,,,,,,,,,,,,,,,,,,,
,CH-MT3-P68,Cecropia hispidissima,August 08 2025,February 24 2025,,0,XP209-PR,A,16,A16,5,29,80,1.1,8,,1.1,,,,,,,,,,,,,,,,,,,,,,,,,,,,,,,,,,,,,,
,OP-MT9-P75,Ochroma pyramidale,March 17 2025,February 24 2025,,0,XP209-PR,B,1,B1,5,48,430,12,17,3.8,,,,,,,,,,,4.5,-36.2,4.7,12.2,,,,,,,,,,,,,,,,,,,,,,,,,
,CP-MT4-P53,Carapa guianensis,May 07 2025,February 24 2025,,0,XP209-PR,B,2,B2,5,28,33,1.3,4,,1.3,28,,,,,,,,,,,,,,,,,,,,,,,,,,,,,,,,,,,,,
,PG-MT3-P44,Pouruma guianensis,February 5 2026,February 24 2025,,0,XP209-PR,B,3,B3,5,,34,0.4,4,,0.4,,,,,,,,,,,,,,,,,,,,,,,,,,,,,,,,,,,,,,
,BU-MT1-P40,Brosimum utile,May 07 2025,February 24 2025,,0,XP209-PR,B,4,B4,5,24,38,0.4,7,,0.4,,,,,,,,,,,,,,,,,,,,,,,,,,,,,,,,,,,,,,
,AE-MT5-P37,Annona edulis,February 5 2026,February 24 2025,,0,XP209-PR,B,5,B5,5,,48,0.5,9,,0.5,,,,,,,,,,,,,,,,,,,,,,,,,,,,,,,,,,,,,,
,VB-MT2-P23,Vismia baccifera,February 5 2026,February 24 2025,,0,XP209-PR,B,7,B7,5,,34,0.4,14,,0.4,,,,,,,,,,,,,,,,,,,,,,,,,,,,,,,,,,,,,,
,BP-MT4-P22,Bauhinia pichinchensis,February 5 2026,February 24 2025,,0,XP209-PR,B,8,B8,5,,15,1.1,3,,1.1,,,,,,,,,,,,,,,,,,,,,,,,,,,,,,,,,,,,,,
,IS-MT3-P102,Inga silanchensis,February 5 2026,February 24 2025,,0,XP209-PR,B,9,B9,5,,43,1.1,3,,1.1,8,,,,,,,,,,,,,,,,,,,,,,,,,,,,,,,,,,,,,
,DC-MT4-P35,Dacryodes cupularis,August 08 2025,February 24 2025,February 24 2025,1,XP209-PR,B,10,B10,5,24,,,,,0,,,,,,,,,,,,,,,,,,,,,,,,,,,,,,,,,,,,,,
,BG-MT2-P48,Banara guianensis,August 08 2025,February 24 2025,,0,XP209-PR,B,13,B13,5,55,97,1.1,36,,1.1,,,,,,,,,,,,,,,,,,,,,,,,,,,,,,,,,,,,,,
,CH-MT5-P62,Cecropia hispidissima,August 08 2025,February 24 2025,,0,XP209-PR,B,14,B14,5,51,106,1.8,12,,1.8,,,,,,,,,,,,,,,,,,,,,,,,,,,,,,,,,,,,,,
,BS-MT6-P13,Bactris setulosa,August 08 2025,February 24 2025,,0,XP209-PR,B,16,B16,5,17,20,0.9,3,,0.9,,,,,,,,,,,,,,,,,,,,,,,,,,,,,,,,,,,,,,
,CP-MT2-P2,Carapa guianensis,May 07 2025,February 24 2025,,0,XP209-PR,C,1,C1,5,49,64,2.1,7,,2.1,54,,,,,,,,,,,,,,,,,,,,,,,,,,,,,,,,,,,,,
,EA-MT1-P86,Ecuadendron acosta-solisianum,February 5 2026,February 24 2025,,0,XP209-PR,C,2,C2,5,,56,1.1,7,,1.1,22,,,,,,,,,,,,,,,,,,,,,,,,,,,,,,,,,,,,,
,OP-MT6-P13,Ochroma pyramidale,May 07 2025,February 24 2025,,0,XP209-PR,C,3,C3,5,37,116,3.7,12,,3.7,,,,,,,,,,,,,,,,,,,,,,,,,,,,,,,,,,,,,,
,DC-MT1-P28,Dacryodes cupularis,August 08 2025,February 24 2025,,0,XP209-PR,C,4,C4,5,30,31,0.6,3,,0.6,15,,,,,,,,,,,,,,,,,,,,,,,,,,,,,,,,,,,,,
,BG-MT4-P93,Banara guianensis,August 08 2025,February 24 2025,,0,XP209-PR,C,5,C5,5,32,93,1.1,91,,1.1,,,,,,,,,,,,,,,,,,,,,,,,,,,,,,,,,,,,,,
,BS-MT1-P50,Bactris setulosa,November 10 2025,February 24 2025,February 24 2025,1,XP209-PR,C,5,C5,5,8,,,,,0,,,,,,,,,,,,,,,,,,,,,,,,,,,,,,,,,,,,,,
,AE-MT1-P32,Annona edulis,February 5 2026,February 24 2025,,0,XP209-PR,C,6,C6,5,,47,0.6,6,,0.6,,,,,,,,,,,,,,,,,,,,,,,,,,,,,,,,,,,,,,
,CH-MT2-P19,Cecropia hispidissima,August 08 2025,February 24 2025,,0,XP209-PR,C,7,C7,5,42,69,1.1,7,,1.1,,,,,,,,,,,,,,,,,,,,,,,,,,,,,,,,,,,,,,
,BU-MT3-P47,Brosimum utile,August 08 2025,February 24 2025,,0,XP209-PR,C,9,C9,5,36,42,0.7,5,,0.7,,,,,,,,,,,,,,,,,,,,,,,,,,,,,,,,,,,,,,
,IS-MT5-P61,Inga silanchensis,November 10 2025,February 24 2025,February 24 2025,1,XP209-PR,C,9,C9,5,38,,,,,0,,,,,,,,,,,,,,,,,,,,,,,,,,,,,,,,,,,,,,
,VB-MT5-P41,Vismia baccifera,February 5 2026,February 24 2025,,0,XP209-PR,C,10,C10,5,,29,0.7,18,,0.7,,,,,,,,,,,,,,,,,,,,,,,,,,,,,,,,,,,,,,
,BP-MT4-P97,Bauhinia pichinchensis,February 5 2026,February 24 2025,,0,XP209-PR,C,12,C12,5,,23,0.9,2,,0.9,,,,,,,,,,,,,,,,,,,,,,,,,,,,,,,,,,,,,,
,PG-MT5-P7,Pouruma guianensis,February 5 2026,February 24 2025,,0,XP209-PR,C,16,C16,5,,16,0.3,2,,0.3,,,,,,,,,,,,,,,,,,,,,,,,,,,,,,,,,,,,,,
,BU-MT1-P67,Brosimum utile,May 16 2025,March 11 2026,December 11 2025,1,XP210-PR,A,1,A1,1,27,,,,,0,,,,,,,,,,,,,,,,,,,,,,,,,,,,,,,,,,,,,,
,BU-MT2-P58,Brosimum utile,March 3 2026,March 11 2026,,0,XP210-PR,A,1,A1,1,27,21,0.2,5,,0.2,,,,,,,,,,,,,,,,,,,,,,,,,,,,,,,,,,,,,,
,EA-MT4-P1,Ecuadendron acosta-solisianum,May 16 2025,March 11 2026,,0,XP210-PR,A,2,A2,1,55,66,16,21,,16,76,,,,,,,,,,,,,,,,,,,,,,,,,,,,,,,,,,,,,
,OP-MT8-P38,Ochroma pyramidale,May 16 2025,March 11 2026,,0,XP210-PR,A,3,A3,1,53,790,29,55,9.2,,,,,,,,,,,5.9,-2.8,7.8,52.3,,,,,,,,,,,,,,,,,,,,,,,,,
,BS-MT6-P75,Bactris setulosa,December 11 2025,March 11 2026,,0,XP210-PR,A,4,A4,1,26,17,0.7,4,,0.7,1,,,,,,,,,,,,,,,,,,,,,,,,,,,,,,,,,,,,,
,IS-MT3-P53,Inga silanchensis,April 1 2025,March 11 2026,,0,XP210-PR,A,5,A5,1,29,54,0.8,5,,0.8,23,,,,,,,,,,,,,,,,,,,,,,,,,,,,,,,,,,,,,
,AE-MT1-P69,Annona edulis,March 3 2026,March 11 2026,,0,XP210-PR,A,6,A6,1,54,53,0.6,6,,0.6,,,,,,,,,,,,,,,,,,,,,,,,,,,,,,,,,,,,,,
,VB-MT1-P48,Vismia baccifera,September 30 2025,March 11 2026,,0,XP210-PR,A,7,A7,1,40,118,1.91,182,,1.91,,,,,,,,,,,,,,,,,,,,,,,,,,,,,,,,,,,,,,
,MC-MT1-P10,Miconia conocuatrecasasii,September 30 2025,March 11 2026,,0,XP210-PR,A,9,A9,1,19,28,4,14,,4,,,,,,,,,,,,,,,,,,,,,,,,,,,,,,,,,,,,,,
,DC-MT5-P56,Dacryodes cupularis,,March 11 2026,March 11 2026,1,XP210-PR,A,10,A10,1,,,,,,0,,,,,,,,,,,,,,,,,,,,,,,,,,,,,,,,,,,,,,
,PG-MT4-P66,Pouruma guianensis,March 3 2026,March 11 2026,,0,XP210-PR,A,11,A11,1,15,12,0.1,2,,0.1,,,,,,,,,,,,,,,,,,,,,,,,,,,,,,,,,,,,,,
,CP-MT5-P41,Carapa guianensis,September 30 2025,March 11 2026,,0,XP210-PR,A,12,A12,1,38,54,1.8,7,,1.8,30,,,,,,,,,,,,,,,,,,,,,,,,,,,,,,,,,,,,,
,BG-MT1-P43,Banara guianensis,September 30 2025,March 11 2026,,0,XP210-PR,A,13,A13,1,60,52,0.7,22,,0.7,,,,,,,,,,,,,,,,,,,,,,,,,,,,,,,,,,,,,,
,CH-MT4-P3,Cecropia hispidissima,September 30 2025,March 11 2026,,0,XP210-PR,A,14,A14,1,46,143,10.5,8,3.3,,,,,,,,,,,,,,,,,,,,,,,,,,,,,,,,,,,,,,,
,BP-MT2-P8,Bauhinia pichinchensis,March 3 2026,March 11 2026,,0,XP210-PR,A,15,A15,1,24,22,0.2,3,,0.2,,,,,,,,,,,,,,,,,,,,,,,,,,,,,,,,,,,,,,
,PA-MT7-P27,Piper aduncum,September 30 2025,March 11 2026,,0,XP210-PR,A,16,A16,1,31,43,0.4,32,,0.4,,,,,,,,,,,,,,,,,,,,,,,,,,,,,,,,,,,,,,
,OP-MT7-P26,Ochroma pyramidale,May 16 2025,March 11 2026,,0,XP210-PR,B,1,B1,1,67,940,39.5,63,12.6,,,,,,,,,,,5.3,-6.3,6.9,58.9,,,,,,,,,,,,,,,,,,,,,,,,,
,DC-MT3-P18,Dacryodes cupularis,September 30 2025,March 11 2026,December 11 2025,1,XP210-PR,B,2,B2,1,35,,,,,0,,,,,,,,,,,,,,,,,,,,,,,,,,,,,,,,,,,,,,
,BS-MT7-P21,Bactris setulosa,September 30 2025,March 11 2026,,0,XP210-PR,B,3,B3,1,13,18,0.1,4,,0.1,,,,,,,,,,,,,,,,,,,,,,,,,,,,,,,,,,,,,,
,CH-MT2-P61,Cecropia hispidissima,September 30 2025,March 11 2026,,0,XP210-PR,B,4,B4,1,31,154,15,19,4.8,,,,,,,,,,,,,,,,,,,,,,,,,,,,,,,,,,,,,,,
,BG-MT5-P92,Banara guianensis,September 30 2025,March 11 2026,,0,XP210-PR,B,5,B5,1,52,80,1.2,43,,1.2,,,,,,,,,,,,,,,,,,,,,,,,,,,,,,,,,,,,,,
,AE-MT5-P66,Annona edulis,March 3 2026,March 11 2026,,0,XP210-PR,B,6,B6,1,49,49,0.5,5,,0.5,,,,,,,,,,,,,,,,,,,,,,,,,,,,,,,,,,,,,,
,CP-MT4-P49,Carapa guianensis,May 16 2025,March 11 2026,March 11 2026,1,XP210-PR,B,7,B7,1,60,,,,,0,,,,,,,,,,,,,,,,,,,,,,,,,,,,,,,,,,,,,,
,BP-MT5-P52,Bauhinia pichinchensis,March 3 2026,March 11 2026,,0,XP210-PR,B,8,B8,1,22,22,0.3,1,,0.3,,,,,,,,,,,,,,,,,,,,,,,,,,,,,,,,,,,,,,
,PA-MT6-P8,Piper aduncum,May 16 2025,March 11 2026,,0,XP210-PR,B,9,B9,1,21,138,2.5,,0.8,,,140,1.5,0.5,,70,0.9,0.3,,,,,,,,,,44,0.6,,0.6,,,,,,,,,,,,,,,,,
,MC-MT1-P32,Miconia conocuatrecasasii,September 30 2025,March 11 2026,December 11 2025,1,XP210-PR,B,10,B10,1,20,21,0.2,2,,0.2,,,,,,,,,,,,,,,,,,,,,,,,,,,,,,,,,,,,,,
,MC-MT1-P5,Miconia conocuatrecasasii,March 3 2026,March 11 2026,,0,XP210-PR,B,10,B10,1,20,21,0.2,2,,0.2,,,,,,,,,,,,,,,,,,,,,,,,,,,,,,,,,,,,,,
,IS-MT3-P8,Inga silanchensis,December 11 2025,March 11 2026,,0,XP210-PR,B,12,B12,1,22,27,8,3,,8,,,,,,,,,,,,,,,,,,,,,,,,,,,,,,,,,,,,,,
,BU-MT2-P5,Brosimum utile,September 30 2025,March 11 2026,March 11 2026,1,XP210-PR,B,13,B13,1,43,,,,,0,,,,,,,,,,,,,,,,,,,,,,,,,,,,,,,,,,,,,,
,EA-MT1-P65,Ecuadendron acosta-solisianum,December 11 2025,March 11 2026,,0,XP210-PR,B,14,B14,1,35,102,1.7,1,,1.7,1,,,,,,,,,,,,,,,,,,,,,,,,,,,,,,,,,,,,,
,PG-MT2-P58,Pouruma guianensis,March 3 2026,March 11 2026,,0,XP210-PR,B,15,B15,1,23,26,0.2,4,,0.2,,,,,,,,,,,,,,,,,,,,,,,,,,,,,,,,,,,,,,
,VB-MT4-P60,Vismia baccifera,March 3 2026,March 11 2026,,0,XP210-PR,B,16,B16,1,24,27,0.1,4,,0.1,,,,,,,,,,,,,,,,,,,,,,,,,,,,,,,,,,,,,,
,CH-MT4-P39,Cecropia hispidissima,September 30 2025,March 11 2026,,0,XP210-PR,C,1,C1,1,49,146,14,20,4.5,,,,,,,,,,,,,,,,,,,,,,,,,,,,,,,,,,,,,,,
,CP-MT1-P20,Carapa guianensis,September 30 2025,March 11 2026,,0,XP210-PR,C,2,C2,1,65,86,1.8,14,,1.8,64,,,,,,,,,,,,,,,,,,,,,,,,,,,,,,,,,,,,,
,DC-MT2-P51,Dacryodes cupularis,September 30 2025,March 11 2026,,0,XP210-PR,C,3,C3,1,28,27,0.4,2,,0.4,7,,,,,,,,,,,,,,,,,,,,,,,,,,,,,,,,,,,,,
,IS-MT4-P18,Inga silanchensis,May 16 2025,March 11 2026,,0,XP210-PR,C,4,C4,1,18,45,0.6,2,,0.6,7,,,,,,,,,,,,,,,,,,,,,,,,,,,,,,,,,,,,,
,BP-MT3-P58,Bauhinia pichinchensis,March 3 2026,March 11 2026,,0,XP210-PR,C,5,C5,1,18,18,0.2,1,,0.2,,,,,,,,,,,,,,,,,,,,,,,,,,,,,,,,,,,,,,
,BS-MT6-P39,Bactris setulosa,December 11 2025,March 11 2026,March 11 2026,1,XP210-PR,C,6,C6,1,26,,,,,0,,,,,,,,,,,,,,,,,,,,,,,,,,,,,,,,,,,,,,
,AE-MT3-P40,Annona edulis,March 3 2026,March 11 2026,March 11 2026,1,XP210-PR,C,7,C7,1,42,,,,,0,,,,,,,,,,,,,,,,,,,,,,,,,,,,,,,,,,,,,,
,BG-MT3-P55,Banara guianensis,September 30 2025,March 11 2026,,0,XP210-PR,C,8,C8,1,46,70,1,76,,1,,,,,,,,,,,,,,,,,,,,,,,,,,,,,,,,,,,,,,
,OP-MT8-P7,Ochroma pyramidale,May 16 2025,March 11 2026,,0,XP210-PR,C,9,C9,1,68,760,21,89,6.7,,,,,,,,,,,5,-14.7,6.2,51.5,,,,,,,,,,,,,,,,,,,,,,,,,
,BU-MT4-P64,Brosimum utile,September 30 2025,March 11 2026,,0,XP210-PR,C,10,C10,1,38,51,0.4,3,,0.4,,,,,,,,,,,,,,,,,,,,,,,,,,,,,,,,,,,,,,
,VB-MT2-P7,Vismia baccifera,March 3 2026,March 11 2026,,0,XP210-PR,C,14,C14,1,34,35,0.2,4,,0.2,,,,,,,,,,,,,,,,,,,,,,,,,,,,,,,,,,,,,,
,PG-MT5-P49,Pouruma guianensis,March 3 2026,March 11 2026,,0,XP210-PR,C,15,C15,1,28,28,0.1,1,,0.1,,,,,,,,,,,,,,,,,,,,,,,,,,,,,,,,,,,,,,
,EA-MT2-P38,Ecuadendron acosta-solisianum,March 3 2026,March 11 2026,,0,XP210-PR,C,16,C16,1,78,70,1.1,7,,1.1,15,,,,,,,,,,,,,,,,,,,,,,,,,,,,,,,,,,,,,
,BS-MT7-P60,Bactris setulosa,December 11 2025,March 11 2026,,0,XP210-PR,A,1,A1,2,27,7,0.7,1,,0.7,,,,,,,,,,,,,,,,,,,,,,,,,,,,,,,,,,,,,,
,BG-MT4-P16,Banara guianensis,September 30 2025,March 11 2026,,0,XP210-PR,A,3,A3,2,35,113,1,86,,1,,,,,,,,,,,,,,,,,,,,,,,,,,,,,,,,,,,,,,
,VB-MT1-P37,Vismia baccifera,September 30 2025,March 11 2026,,0,XP210-PR,A,4,A4,2,35.5,78,1.1,81,,1.1,,,,,,,,,,,,,,,,,,,,,,,,,,,,,,,,,,,,,,
,DC-MT4-P66,Dacryodes cupularis,September 30 2025,March 11 2026,,0,XP210-PR,A,5,A5,2,19,25,0.7,5,,0.7,20,,,,,,,,,,,,,,,,,,,,,,,,,,,,,,,,,,,,,
,MC-MT2-P17,Miconia conocuatrecasasii,September 30 2025,March 11 2026,,0,XP210-PR,A,6,A6,2,19,19,0.5,34,,0.5,,,,,,,,,,,,,,,,,,,,,,,,,,,,,,,,,,,,,,
,CP-MT2-P62,Carapa guianensis,May 16 2025,March 11 2026,September 30 2025,1,XP210-PR,A,7,A7,2,50,,,,,0,,,,,,,,,,,,,,,,,,,,,,,,,,,,,,,,,,,,,,
,CP-MT5-P77,Carapa guianensis,March 3 2026,March 11 2026,,0,XP210-PR,A,7,A7,2,62,53,1.3,7,,1.3,,,,,,,,,,,,,,,,,,,,,,,,,,,,,,,,,,,,,,
,CH-MT1-P19,Cecropia hispidissima,May 16 2025,March 11 2026,wrong species,0,XP210-PR,A,8,A8,2,14,,,,,0,,,,,,,,,,,,,,,,,,,,,,,,,,,,,,,,,,,,,,
,OP-MT9-P43,Ochroma pyramidale,April 1 2025,March 11 2026,,0,XP210-PR,A,9,A9,2,60,194,9.5,12,3,,,,,,,,,,,,,,,,,,,,,,,,,,,,,,,,,,,,,,,
,PA-MT3-P8,Piper aduncum,April 1 2025,March 11 2026,,0,XP210-PR,A,10,A10,2,24,73,0.9,72,,0.9,,20,0.6,,0.6,65,0.8,,0.8,,,,,,,,,,,,,,,,,,,,,,,,,,,,,
,PG-MT5-P40,Pouruma guianensis,March 3 2026,March 11 2026,,0,XP210-PR,A,11,A11,2,29,28,0.4,2,,0.4,,,,,,,,,,,,,,,,,,,,,,,,,,,,,,,,,,,,,,
,IS-MT2-P32,Inga silanchensis,April 1 2025,March 11 2026,May 16 2025,1,XP210-PR,A,12,A12,2,28,,,,,0,,,,,,,,,,,,,,,,,,,,,,,,,,,,,,,,,,,,,,
,IS-MT1-P8,Inga silanchensis,December 11 2025,March 11 2026,,0,XP210-PR,A,12,A12,2,22,17,0.6,3,,0.6,7,,,,,,,,,,,,,,,,,,,,,,,,,,,,,,,,,,,,,
,AE-MT4-P16,Annona edulis,March 3 2026,March 11 2026,,0,XP210-PR,A,13,A13,2,40,40,0.45,3,,0.45,,,,,,,,,,,,,,,,,,,,,,,,,,,,,,,,,,,,,,
,BP-MT3-P16,Bauhinia pichinchensis,March 3 2026,March 11 2026,March 11 2026,1,XP210-PR,A,14,A14,2,32,,,,,0,,,,,,,,,,,,,,,,,,,,,,,,,,,,,,,,,,,,,,
,EA-MT5-P72,Ecuadendron acosta-solisianum,December 11 2025,March 11 2026,,0,XP210-PR,A,15,A15,2,42,52,0.9,8,,0.9,18,,,,,,,,,,,,,,,,,,,,,,,,,,,,,,,,,,,,,
,BU-MT5-P24,Brosimum utile,September 30 2025,March 11 2026,,0,XP210-PR,A,16,A16,2,43,44,0.6,3,,0.6,,,,,,,,,,,,,,,,,,,,,,,,,,,,,,,,,,,,,,
,BU-MT4-P28,Brosimum utile,September 30 2025,March 11 2026,,0,XP210-PR,B,1,B1,2,29,26,0.6,4,,0.6,,,,,,,,,,,,,,,,,,,,,,,,,,,,,,,,,,,,,,
,MC-MT3-P5,Miconia conocuatrecasasii,September 30 2025,March 11 2026,March 11 2026,1,XP210-PR,B,2,B2,2,18,,,,,0,,,,,,,,,,,,,,,,,,,,,,,,,,,,,,,,,,,,,,
,BG-MT2-P7,Banara guianensis,September 30 2025,March 11 2026,,0,XP210-PR,B,3,B3,2,59,131,1.9,93,,1.9,,,,,,,,,,,,,,,,,,,,,,,,,,,,,,,,,,,,,,
,IS-MT5-P92,Inga silanchensis,April 1 2025,March 11 2026,,0,XP210-PR,B,4,B4,2,23,21,0.6,5,,0.6,,,,,,,,,,,,,,,,,,,,,,,,,,,,,,,,,,,,,,
,BS-MT5-P29,Bactris setulosa,September 30 2025,March 11 2026,,0,XP210-PR,B,5,B5,2,11,45,0.5,4,,0.5,,,,,,,,,,,,,,,,,,,,,,,,,,,,,,,,,,,,,,
,CH-MT3-P23,Cecropia hispidissima,September 30 2025,March 11 2026,,0,XP210-PR,B,6,B6,2,56,120,2.2,14,,2.2,,,,,,,,,,,,,,,,,,,,,,,,,,,,,,,,,,,,,,
,VB-MT2-P11,Vismia baccifera,March 3 2026,March 11 2026,,0,XP210-PR,B,7,B7,2,42,43,0.5,4,,0.5,,,,,,,,,,,,,,,,,,,,,,,,,,,,,,,,,,,,,,
,PG-MT2-P75,Pouruma guianensis,March 3 2026,March 11 2026,,0,XP210-PR,B,8,B8,2,15,19,0.3,5,,0.3,,,,,,,,,,,,,,,,,,,,,,,,,,,,,,,,,,,,,,
,OP-MT2-P40,Ochroma pyramidale,April 1 2025,March 11 2026,May 16 2025,1,XP210-PR,B,9,B9,2,38,,,,,0,,,,,,,,,,,,,,,,,,,,,,,,,,,,,,,,,,,,,,
,OP-MT9-P50,Ochroma pyramidale,December 11 2025,March 11 2026,,0,XP210-PR,B,9,B9,2,43,56,1,7,,1,,,,,,,,,,,,,,,,,,,,,,,,,,,,,,,,,,,,,,
,CP-MT2-P64,Carapa guianensis,May 16 2025,March 11 2026,September 30 2025,1,XP210-PR,B,11,B11,2,66,,,,,0,,,,,,,,,,,,,,,,,,,,,,,,,,,,,,,,,,,,,,
,CP-MT5-P75,Carapa guianensis,March 3 2026,March 11 2026,,0,XP210-PR,B,11,B11,2,42,44,1.2,2,,1.2,3,,,,,,,,,,,,,,,,,,,,,,,,,,,,,,,,,,,,,
,EA-MT1-P73,Ecuadendron acosta-solisianum,December 11 2025,March 11 2026,,0,XP210-PR,B,12,B12,2,33,46,0.9,10,,0.9,20,,,,,,,,,,,,,,,,,,,,,,,,,,,,,,,,,,,,,
,DC-MT1-P23,Dacryodes cupularis,September 30 2025,March 11 2026,,0,XP210-PR,B,13,B13,2,30,33,0.5,0,,0.5,,,,,,,,,,,,,,,,,,,,,,,,,,,,,,,,,,,,,,
,AE-MT3-P46,Annona edulis,March 3 2026,March 11 2026,,0,XP210-PR,B,14,B14,2,18,45,0.5,6,,0.5,,,,,,,,,,,,,,,,,,,,,,,,,,,,,,,,,,,,,,
,BP-MT1-P32,Bauhinia pichinchensis,March 3 2026,March 11 2026,,0,XP210-PR,B,15,B15,2,45,18,0.4,2,,0.4,,,,,,,,,,,,,,,,,,,,,,,,,,,,,,,,,,,,,,
,OP-MT6-P10,Ochroma pyramidale,May 16 2025,March 11 2026,,0,XP210-PR,C,2,C2,2,60,750,24,53,7.6,,,,,,,,,,,5.3,-29.8,5.5,40.3,,,,,,,,,,,,,,,,,,,,,,,,,
,PG-MT1-P21,Pouruma guianensis,March 3 2026,March 11 2026,,0,XP210-PR,C,3,C3,2,27,24,0.5,3,,0.5,,,,,,,,,,,,,,,,,,,,,,,,,,,,,,,,,,,,,,
,AE-MT2-P44,Annona edulis,March 3 2026,March 11 2026,,0,XP210-PR,C,4,C4,2,26,36,0.5,3,,0.5,,,,,,,,,,,,,,,,,,,,,,,,,,,,,,,,,,,,,,
,BU-MT2-P20,Brosimum utile,September 30 2025,March 11 2026,March 11 2026,1,XP210-PR,C,7,C7,2,31,,,,,0,,,,,,,,,,,,,,,,,,,,,,,,,,,,,,,,,,,,,,
,CH-MT3-P83,Cecropia hispidissima,September 30 2025,March 11 2026,,0,XP210-PR,C,9,C9,2,50,104,2.5,14,,2.5,,,,,,,,,,,,,,,,,,,,,,,,,,,,,,,,,,,,,,
,IS-MT1-P26,Inga silanchensis,May 16 2025,March 11 2026,,0,XP210-PR,C,10,C10,2,14,47,1.2,9,,1.2,28,,,,,,,,,,,,,,,,,,,,,,,,,,,,,,,,,,,,,
,EA-MT1-P59,Ecuadendron acosta-solisianum,December 11 2025,March 11 2026,,0,XP210-PR,C,11,C11,2,44,47,0.9,10,,0.9,24,,,,,,,,,,,,,,,,,,,,,,,,,,,,,,,,,,,,,
,CP-MT3-P38,Carapa guianensis,May 16 2025,March 11 2026,,0,XP210-PR,C,12,C12,2,61,40,1,4,,1,20,,,,,,,,,,,,,,,,,,,,,,,,,,,,,,,,,,,,,
,BP-MT1-P67,Bauhinia pichinchensis,March 3 2026,March 11 2026,,0,XP210-PR,C,13,C13,2,29,27,0.4,0,,0.4,,,,,,,,,,,,,,,,,,,,,,,,,,,,,,,,,,,,,,
,VB-MT2-P57,Vismia baccifera,March 3 2026,March 11 2026,,0,XP210-PR,C,14,C14,2,21,20,0.1,8,,0.1,,,,,,,,,,,,,,,,,,,,,,,,,,,,,,,,,,,,,,
,BG-MT2-P79,Banara guianensis,September 30 2025,March 11 2026,,0,XP210-PR,C,15,C15,2,67,59,0.8,29,,0.8,,,,,,,,,,,,,,,,,,,,,,,,,,,,,,,,,,,,,,
,BS-MT1-P73,Bactris setulosa,December 11 2025,March 11 2026,,0,XP210-PR,C,16,C16,2,25,16,1,2,,1,,,,,,,,,,,,,,,,,,,,,,,,,,,,,,,,,,,,,,
,PA-MT6-P24,Piper aduncum,May 16 2025,March 11 2026,,0,XP210-PR,A,1,A1,3,12,124,1.8,249,,1.8,,85,1.9,,1.9,,,,,,,,,,,,,,,,,,,,,,,,,,,,,,,,,
,BS-MT6-P22,Bactris setulosa,September 30 2025,March 11 2026,,0,XP210-PR,A,2,A2,3,9,6,0.9,2,,0.9,,,,,,,,,,,,,,,,,,,,,,,,,,,,,,,,,,,,,,
,IS-MT1-P65,Inga silanchensis,May 16 2025,March 11 2026,,0,XP210-PR,A,4,A4,3,10,22,0.6,4,,0.6,7,,,,,,,,,,,,,,,,,,,,,,,,,,,,,,,,,,,,,
,CP-MT3-P36,Carapa guianensis,May 16 2025,March 11 2026,,0,XP210-PR,A,5,A5,3,37,53,0.8,2,,0.8,10,,,,,,,,,,,,,,,,,,,,,,,,,,,,,,,,,,,,,
,DC-MT1-P41,Dacryodes cupularis,September 30 2025,March 11 2026,December 11 2025,1,XP210-PR,A,6,A6,3,7,,,,,0,,,,,,,,,,,,,,,,,,,,,,,,,,,,,,,,,,,,,,
,VB-MT5-P24,Vismia baccifera,March 3 2026,March 11 2026,,0,XP210-PR,A,7,A7,3,38,35.5,0.3,4,,0.3,,,,,,,,,,,,,,,,,,,,,,,,,,,,,,,,,,,,,,
,CH-MT5-P2,Cecropia hispidissima,September 30 2025,March 11 2026,,0,XP210-PR,A,8,A8,3,58,127.5,2.2,13,,2.2,,,,,,,,,,,,,,,,,,,,,,,,,,,,,,,,,,,,,,
,BP-MT1-P55,Bauhinia pichinchensis,March 3 2026,March 11 2026,,0,XP210-PR,A,9,A9,3,24,22.5,0.5,0,,0.5,,,,,,,,,,,,,,,,,,,,,,,,,,,,,,,,,,,,,,
,AE-MT5-P72,Annona edulis,March 3 2026,March 11 2026,,0,XP210-PR,A,10,A10,3,48,46,0.6,5,,0.6,,,,,,,,,,,,,,,,,,,,,,,,,,,,,,,,,,,,,,
,OP-MT9-P8,Ochroma pyramidale,April 1 2025,March 11 2026,,0,XP210-PR,A,11,A11,3,49,900,30,62,9.5,,,,,,,,,,,5.9,-26,6,46,,,,,,,,,,,,,,,,,,,,,,,,,
,MC-MT3-P42,Miconia conocuatrecasasii,September 30 2025,March 11 2026,March 11 2026,1,XP210-PR,A,12,A12,3,,,,,,0,,,,,,,,,,,,,,,,,,,,,,,,,,,,,,,,,,,,,,
,MC-MT2-P48,Miconia conocuatrecasasii,March 3 2026,March 11 2026,,0,XP210-PR,A,12,A12,3,15,10,0.4,4,,0.4,,,,,,,,,,,,,,,,,,,,,,,,,,,,,,,,,,,,,,
,BG-MT5-P89,Banara guianensis,September 30 2025,March 11 2026,,0,XP210-PR,A,13,A13,3,47,140,1.5,104,0.5,,,,,,,,,,,,,,,,,,,,,,,,,,,,,,,,,,,,,,,
,EA-MT2-P46,Ecuadendron acosta-solisianum,March 3 2026,March 11 2026,,0,XP210-PR,A,14,A14,3,90,95,1.3,7,,1.3,18,,,,,,,,,,,,,,,,,,,,,,,,,,,,,,,,,,,,,
,BU-MT5-P12,Brosimum utile,September 30 2025,March 11 2026,,0,XP210-PR,A,15,A15,3,33,33,0.6,0,,0.6,,,,,,,,,,,,,,,,,,,,,,,,,,,,,,,,,,,,,,
,PG-MT4-P51,Pouruma guianensis,March 3 2026,March 11 2026,,0,XP210-PR,A,16,A16,3,22,17.5,0.4,3,,0.4,,,,,,,,,,,,,,,,,,,,,,,,,,,,,,,,,,,,,,
,CP-MT3-P72,Carapa guianensis,March 3 2026,March 11 2026,,0,XP210-PR,B,1,B1,3,99,97,1.8,9,,1.8,45,,,,,,,,,,,,,,,,,,,,,,,,,,,,,,,,,,,,,
,EA-MT1-P54,Ecuadendron acosta-solisianum,December 11 2025,March 11 2026,,0,XP210-PR,B,2,B2,3,48,63.5,0.9,9,,0.9,23,,,,,,,,,,,,,,,,,,,,,,,,,,,,,,,,,,,,,
,PA-MT6-P86,Piper aduncum,March 3 2026,March 11 2026,,0,XP210-PR,B,3,B3,3,27,28,0.3,4,,0.3,,,,,,,,,,,,,,,,,,,,,,,,,,,,,,,,,,,,,,
,BU-MT1-P9,Brosimum utile,May 16 2025,March 11 2026,December 11 2025,1,XP210-PR,B,4,B4,3,42,,,,,0,,,,,,,,,,,,,,,,,,,,,,,,,,,,,,,,,,,,,,
,BU-MT2-P23,Brosimum utile,March 3 2026,March 11 2026,,0,XP210-PR,B,4,B4,3,25,25,0.4,5,,0.4,,,,,,,,,,,,,,,,,,,,,,,,,,,,,,,,,,,,,,
,AE-MT3-P25,Annona edulis,March 3 2026,March 11 2026,,0,XP210-PR,B,5,B5,3,40,41,0.5,8,,0.5,,,,,,,,,,,,,,,,,,,,,,,,,,,,,,,,,,,,,,
,MC-MT3-P62,Miconia conocuatrecasasii,September 30 2025,March 11 2026,December 11 2025,1,XP210-PR,B,6,B6,3,15,,,,,0,,,,,,,,,,,,,,,,,,,,,,,,,,,,,,,,,,,,,,
,MC-MT2-P3,Miconia conocuatrecasasii,March 3 2026,March 11 2026,,0,XP210-PR,B,6,B6,3,18,18,0.5,3,,0.5,,,,,,,,,,,,,,,,,,,,,,,,,,,,,,,,,,,,,,
,CH-MT4-P74,Cecropia hispidissima,September 30 2025,March 11 2026,,0,XP210-PR,B,7,B7,3,27,134,1.8,13,,1.8,,,,,,,,,,,,,,,,,,,,,,,,,,,,,,,,,,,,,,
,OP-MT7-P53,Ochroma pyramidale,May 16 2025,March 11 2026,,0,XP210-PR,B,8,B8,3,68,470,18.5,40,5.9,,,,,,,,,,,5.1,-7,5.9,38.4,,,,,,,,,,,,,,,,,,,,,,,,,
,DC-MT5-P39,Dacryodes cupularis,September 30 2025,March 11 2026,March 11 2026,1,XP210-PR,B,10,B10,3,,,,,,0,,,,,,,,,,,,,,,,,,,,,,,,,,,,,,,,,,,,,,
,BP-MT4-P93,Bauhinia pichinchensis,March 3 2026,March 11 2026,,0,XP210-PR,B,11,B11,3,30,30,0.5,0,,0.5,,,,,,,,,,,,,,,,,,,,,,,,,,,,,,,,,,,,,,
,IS-MT4-P50,Inga silanchensis,May 16 2025,March 11 2026,,0,XP210-PR,B,12,B12,3,27,56.5,1.1,6,,1.1,33,,,,,,,,,,,,,,,,,,,,,,,,,,,,,,,,,,,,,
,BS-MT1-P12,Bactris setulosa,September 30 2025,March 11 2026,,0,XP210-PR,B,13,B13,3,11,10,1.3,6,,1.3,,,,,,,,,,,,,,,,,,,,,,,,,,,,,,,,,,,,,,
,PG-MT4-P33,Pouruma guianensis,March 3 2026,March 11 2026,,0,XP210-PR,B,14,B14,3,28,22.5,0.3,54,,0.3,,,,,,,,,,,,,,,,,,,,,,,,,,,,,,,,,,,,,,
,BG-MT3-P84,Banara guianensis,September 30 2025,March 11 2026,,0,XP210-PR,B,15,B15,3,67,134,1.7,84,,1.7,,,,,,,,,,,,,,,,,,,,,,,,,,,,,,,,,,,,,,
,VB-MT4-P68,Vismia baccifera,March 3 2026,March 11 2026,,0,XP210-PR,B,16,B16,3,30,29,0.3,3,,0.3,,,,,,,,,,,,,,,,,,,,,,,,,,,,,,,,,,,,,,
,PA-MT7-P47,Piper aduncum,September 30 2025,March 11 2026,,0,XP210-PR,C,1,C1,3,33,72,1,53,,1,,23,0.7,,0.7,11,0.3,,0.3,,,,,,,,,,,,,,,,,,,,,,,,,,,,,
,MC-MT2-P33,Miconia conocuatrecasasii,September 30 2025,March 11 2026,December 11 2025,1,XP210-PR,C,2,C2,3,7,,,,,0,,,,,,,,,,,,,,,,,,,,,,,,,,,,,,,,,,,,,,
,MC-MT1-P78,Miconia conocuatrecasasii,March 3 2026,March 11 2026,,0,XP210-PR,C,2,C2,3,20,20,0.5,12,,0.5,,,,,,,,,,,,,,,,,,,,,,,,,,,,,,,,,,,,,,
,CH-MT2-P28,Cecropia hispidissima,September 30 2025,March 11 2026,,0,XP210-PR,C,4,C4,3,48,78,0.9,10,,0.9,,,,,,,,,,,,,,,,,,,,,,,,,,,,,,,,,,,,,,
,BG-MT1-P100,Banara guianensis,September 30 2025,March 11 2026,,0,XP210-PR,C,5,C5,3,48,104,1.2,50,,1.2,,,,,,,,,,,,,,,,,,,,,,,,,,,,,,,,,,,,,,
,DC-MT3-P12,Dacryodes cupularis,September 30 2025,March 11 2026,,0,XP210-PR,C,6,C6,3,42,32,0.6,0,,0.6,,,,,,,,,,,,,,,,,,,,,,,,,,,,,,,,,,,,,,
,AE-MT4-P2,Annona edulis,March 3 2026,March 11 2026,,0,XP210-PR,C,7,C7,3,50,50,0.5,6,,0.5,,,,,,,,,,,,,,,,,,,,,,,,,,,,,,,,,,,,,,
,EA-MT1-P16,Ecuadendron acosta-solisianum,December 11 2025,March 11 2026,,0,XP210-PR,C,8,C8,3,44,63,0.8,8,,0.8,18,,,,,,,,,,,,,,,,,,,,,,,,,,,,,,,,,,,,,
,IS-MT5-P52,Inga silanchensis,December 11 2025,March 11 2026,,0,XP210-PR,C,9,C9,3,23,20,0.7,5,,0.7,14,,,,,,,,,,,,,,,,,,,,,,,,,,,,,,,,,,,,,
,BP-MT4-P46,Bauhinia pichinchensis,March 3 2026,March 11 2026,,0,XP210-PR,C,10,C10,3,24,23,0.5,1,,0.5,,,,,,,,,,,,,,,,,,,,,,,,,,,,,,,,,,,,,,
,BS-MT7-P42,Bactris setulosa,December 11 2025,March 11 2026,,0,XP210-PR,C,11,C11,3,25,8,1,2,,1,,,,,,,,,,,,,,,,,,,,,,,,,,,,,,,,,,,,,,
,PG-MT5-P21,Pouruma guianensis,March 3 2026,March 11 2026,,0,XP210-PR,C,12,C12,3,23,23,0.4,5,,0.4,,,,,,,,,,,,,,,,,,,,,,,,,,,,,,,,,,,,,,
,CP-MT1-P43,Carapa guianensis,September 30 2025,March 11 2026,December 11 2025,1,XP210-PR,C,13,C13,3,73,,,,,0,,,,,,,,,,,,,,,,,,,,,,,,,,,,,,,,,,,,,,
,CP-MT1-P69,Carapa guianensis,March 3 2026,March 11 2026,,0,XP210-PR,C,13,C13,3,53,52,1.2,6,,1.2,20,,,,,,,,,,,,,,,,,,,,,,,,,,,,,,,,,,,,,
,VB-MT2-P77,Vismia baccifera,March 3 2026,March 11 2026,,0,XP210-PR,C,14,C14,3,26,25,0.3,19,,0.3,,,,,,,,,,,,,,,,,,,,,,,,,,,,,,,,,,,,,,
,BU-MT3-P11,Brosimum utile,September 30 2025,March 11 2026,,0,XP210-PR,C,15,C15,3,39,48,0.9,2,,0.9,,,,,,,,,,,,,,,,,,,,,,,,,,,,,,,,,,,,,,
,PA-MT3-P37,Piper aduncum,April 1 2025,March 11 2026,,0,XP210-PR,A,1,A1,4,22,150,2.2,370,0.7,,,72,1.1,0.4,,,,,,,,,,,,,,,,,,,,,,,,,,,,,,,,,,
,CH-MT3-P53,Cecropia hispidissima,September 30 2025,March 11 2026,,0,XP210-PR,A,2,A2,4,53,139,2.2,17,0.7,,,,,,,,,,,,,,,,,,,,,,,,,,,,,,,,,,,,,,,
,EA-MT3-P8,Ecuadendron acosta-solisianum,May 16 2025,March 11 2026,September 30 2025,1,XP210-PR,A,3,A3,4,35,,,,,0,,,,,,,,,,,,,,,,,,,,,,,,,,,,,,,,,,,,,,
,EA-MT1-P99,Ecuadendron acosta-solisianum,December 11 2025,March 11 2026,,0,XP210-PR,A,3,A3,4,44,63,0.9,8,,0.9,25,,,,,,,,,,,,,,,,,,,,,,,,,,,,,,,,,,,,,
,BP-MT2-P21,Bauhinia pichinchensis,March 3 2026,March 11 2026,,0,XP210-PR,A,4,A4,4,29,30,0.3,2,,0.3,,,,,,,,,,,,,,,,,,,,,,,,,,,,,,,,,,,,,,
,DC-MT3-P44,Dacryodes cupularis,March 3 2026,March 11 2026,,0,XP210-PR,A,5,A5,4,32,32,0.4,2,,0.4,6,,,,,,,,,,,,,,,,,,,,,,,,,,,,,,,,,,,,,
,PG-MT3-P48,Pouruma guianensis,March 3 2026,March 11 2026,,0,XP210-PR,A,6,A6,4,17,24,0.2,5,,0.2,,,,,,,,,,,,,,,,,,,,,,,,,,,,,,,,,,,,,,
,IS-MT3-P81,Inga silanchensis,April 1 2025,March 11 2026,,0,XP210-PR,A,7,A7,4,16,28,0.7,5,,0.7,16,,,,,,,,,,,,,,,,,,,,,,,,,,,,,,,,,,,,,
,BG-MT1-P18,Banara guianensis,September 30 2025,March 11 2026,,0,XP210-PR,A,8,A8,4,61,110,1.1,44,,1.1,,,,,,,,,,,,,,,,,,,,,,,,,,,,,,,,,,,,,,
,BU-MT4-P69,Brosimum utile,September 30 2025,March 11 2026,March 3 2026,1,XP210-PR,A,9,A9,4,,,,,,0,,,,,,,,,,,,,,,,,,,,,,,,,,,,,,,,,,,,,,
,BU-MT4-P54,Brosimum utile,March 3 2026,March 11 2026,,0,XP210-PR,A,9,A9,4,31,29.5,0.4,1,,0.4,,,,,,,,,,,,,,,,,,,,,,,,,,,,,,,,,,,,,,
,CP-MT5-P27,Carapa guianensis,September 30 2025,March 11 2026,,0,XP210-PR,A,10,A10,4,86,72,1.4,3,,1.4,12,,,,,,,,,,,,,,,,,,,,,,,,,,,,,,,,,,,,,
,OP-MT2-P8,Ochroma pyramidale,April 1 2025,March 11 2026,,0,XP210-PR,A,11,A11,4,60,950,37.5,54,11.9,,,,,,,,,,,5.5,-19.6,6,53.9,,,,,,,,,,,,,,,,,,,,,,,,,
,AE-MT3-P14,Annona edulis,March 3 2026,March 11 2026,,0,XP210-PR,A,12,A12,4,46,46,0.4,6,,0.4,,,,,,,,,,,,,,,,,,,,,,,,,,,,,,,,,,,,,,
,MC-MT1-P61,Miconia conocuatrecasasii,September 30 2025,March 11 2026,December 11 2025,1,XP210-PR,A,14,A14,4,18,,,,,0,,,,,,,,,,,,,,,,,,,,,,,,,,,,,,,,,,,,,,
,MC-MT1-P2,Miconia conocuatrecasasii,March 3 2026,March 11 2026,,0,XP210-PR,A,14,A14,4,17,6,0.2,2,,0.2,,,,,,,,,,,,,,,,,,,,,,,,,,,,,,,,,,,,,,
,BS-MT1-P51,Bactris setulosa,December 11 2025,March 11 2026,,0,XP210-PR,A,15,A15,4,12,6.5,0.4,2,,0.4,,,,,,,,,,,,,,,,,,,,,,,,,,,,,,,,,,,,,,
,VB-MT5-P29,Vismia baccifera,March 3 2026,March 11 2026,,0,XP210-PR,A,16,A16,4,44,45,0.2,5,,0.2,,,,,,,,,,,,,,,,,,,,,,,,,,,,,,,,,,,,,,
,OP-MT6-P38,Ochroma pyramidale,May 16 2025,March 11 2026,,0,XP210-PR,B,1,B1,4,76,600,29.7,39,9.5,,,,,,,,,,,5,-16.8,4.9,41.8,,,,,,,,,,,,,,,,,,,,,,,,,
,VB-MT5-P27,Vismia baccifera,March 3 2026,March 11 2026,,0,XP210-PR,B,3,B3,4,40,38,0.3,3,,0.3,,,,,,,,,,,,,,,,,,,,,,,,,,,,,,,,,,,,,,
,CH-MT1-P22,Cecropia hispidissima,May 16 2025,March 11 2026,,0,XP210-PR,B,4,B4,4,25,142,75,10,23.9,,,,,,,,,,,,,,,,,,,,,,,,,,,,,,,,,,,,,,,
,PA-MT6-P70,Piper aduncum,December 11 2025,March 11 2026,March 11 2026,1,XP210-PR,B,5,B5,4,35,,,,,0,,,,,,,,,,,,,,,,,,,,,,,,,,,,,,,,,,,,,,
,BG-MT3-P99,Banara guianensis,September 30 2025,March 11 2026,March 3 2026,1,XP210-PR,B,6,B6,4,67,,,,,0,,,,,,,,,,,,,,,,,,,,,,,,,,,,,,,,,,,,,,
,IS-MT2-P53,Inga silanchensis,April 1 2025,March 11 2026,,0,XP210-PR,B,7,B7,4,24,29,1.1,5,,1.1,23,,,,,,,,,,,,,,,,,,,,,,,,,,,,,,,,,,,,,
,BP-MT4-P65,Bauhinia pichinchensis,March 3 2026,March 11 2026,,0,XP210-PR,B,8,B8,4,29,24,0.2,0,,0.2,20,,,,,,,,,,,,,,,,,,,,,,,,,,,,,,,,,,,,,
,PG-MT1-P58,Pouruma guianensis,March 3 2026,March 11 2026,,0,XP210-PR,B,9,B9,4,35,32,0.4,3,,0.4,,,,,,,,,,,,,,,,,,,,,,,,,,,,,,,,,,,,,,
,CP-MT4-P52,Carapa guianensis,May 16 2025,March 11 2026,March 11 2026,1,XP210-PR,B,10,B10,4,29,,,,,0,,,,,,,,,,,,,,,,,,,,,,,,,,,,,,,,,,,,,,
,MC-MT2-P12,Miconia conocuatrecasasii,September 30 2025,March 11 2026,March 3 2026,1,XP210-PR,B,11,B11,4,25,,,,,0,,,,,,,,,,,,,,,,,,,,,,,,,,,,,,,,,,,,,,
,EA-MT1-P95,Ecuadendron acosta-solisianum,March 3 2026,March 11 2026,,0,XP210-PR,B,12,B12,4,43,52,0.8,5,,0.8,10,,,,,,,,,,,,,,,,,,,,,,,,,,,,,,,,,,,,,
,AE-MT5-P35,Annona edulis,March 3 2026,March 11 2026,,0,XP210-PR,B,13,B13,4,39,40,0.6,3,,0.6,,,,,,,,,,,,,,,,,,,,,,,,,,,,,,,,,,,,,,
,DC-MT4-P59,Dacryodes cupularis,September 30 2025,March 11 2026,March 3 2026,1,XP210-PR,B,14,B14,4,30,,,,,0,,,,,,,,,,,,,,,,,,,,,,,,,,,,,,,,,,,,,,
,BU-MT3-P18,Brosimum utile,September 30 2025,March 11 2026,March 3 2026,1,XP210-PR,B,15,B15,4,31,,,,,0,,,,,,,,,,,,,,,,,,,,,,,,,,,,,,,,,,,,,,
,BS-MT6-P15,Bactris setulosa,September 30 2025,March 11 2026,,0,XP210-PR,B,16,B16,4,13,18,1.2,4,,1.2,,,,,,,,,,,,,,,,,,,,,,,,,,,,,,,,,,,,,,
,IS-MT5-P82,Inga silanchensis,April 1 2025,March 11 2026,,0,XP210-PR,C,2,C2,4,15,53,1,6,,1,20,,,,,,,,,,,,,,,,,,,,,,,,,,,,,,,,,,,,,
,BP-MT2-P4,Bauhinia pichinchensis,March 3 2026,March 11 2026,,0,XP210-PR,C,3,C3,4,20,23,0.4,2,,0.4,,,,,,,,,,,,,,,,,,,,,,,,,,,,,,,,,,,,,,
,EA-MT2-P2,Ecuadendron acosta-solisianum,May 16 2025,March 11 2026,,0,XP210-PR,C,4,C4,4,30,66,1.3,12,,1.3,32,,,,,,,,,,,,,,,,,,,,,,,,,,,,,,,,,,,,,
,BS-MT1-P67,Bactris setulosa,December 11 2025,March 11 2026,March 3 2026,1,XP210-PR,C,5,C5,4,32,,,,,0,,,,,,,,,,,,,,,,,,,,,,,,,,,,,,,,,,,,,,
,VB-MT4-P35,Vismia baccifera,March 3 2026,March 11 2026,,0,XP210-PR,C,7,C7,4,37,37,0.4,4,,0.4,,,,,,,,,,,,,,,,,,,,,,,,,,,,,,,,,,,,,,
,BU-MT3-P70,Brosimum utile,September 30 2025,March 11 2026,March 3 2026,1,XP210-PR,C,8,C8,4,25,,,,,0,,,,,,,,,,,,,,,,,,,,,,,,,,,,,,,,,,,,,,
,AE-MT2-P31,Annona edulis,March 3 2026,March 11 2026,,0,XP210-PR,C,9,C9,4,34,35,0.5,6,,0.5,,,,,,,,,,,,,,,,,,,,,,,,,,,,,,,,,,,,,,
,BG-MT4-P57,Banara guianensis,September 30 2025,March 11 2026,,0,XP210-PR,C,12,C12,4,47,106,1.5,122,,1.5,,,,,,,,,,,,,,,,,,,,,,,,,,,,,,,,,,,,,,
,CP-MT2-P76,Carapa guianensis,March 3 2026,March 11 2026,March 11 2026,1,XP210-PR,C,13,C13,4,127,,,,,0,,,,,,,,,,,,,,,,,,,,,,,,,,,,,,,,,,,,,,
,PG-MT2-P10,Pouruma guianensis,March 3 2026,March 11 2026,,0,XP210-PR,C,14,C14,4,12,12,0.3,3,,0.3,,,,,,,,,,,,,,,,,,,,,,,,,,,,,,,,,,,,,,
,CH-MT5-P25,Cecropia hispidissima,September 30 2025,March 11 2026,,0,XP210-PR,C,15,C15,4,49,97,2,11,,2,,,,,,,,,,,,,,,,,,,,,,,,,,,,,,,,,,,,,,
,DC-MT2-P33,Dacryodes cupularis,March 3 2026,March 11 2026,,0,XP210-PR,C,16,C16,4,18,12,0.4,2,,0.4,6,,,,,,,,,,,,,,,,,,,,,,,,,,,,,,,,,,,,,
,IS-MT5-P20,Inga silanchensis,April 1 2025,March 11 2026,,0,XP210-PR,A,1,A1,5,30,23,0.3,1,,0.3,2,,,,,,,,,,,,,,,,,,,,,,,,,,,,,,,,,,,,,
,CP-MT4-P29,Carapa guianensis,May 16 2025,March 11 2026,March 11 2026,1,XP210-PR,A,2,A2,5,36,,,,,0,,,,,,,,,,,,,,,,,,,,,,,,,,,,,,,,,,,,,,
,PA-MT6-P29,Piper aduncum,May 16 2025,March 11 2026,March 11 2026,1,XP210-PR,A,3,A3,5,8,,,,,0,,,,,,,,,,,,,,,,,,,,,,,,,,,,,,,,,,,,,,
,BG-MT2-P22,Banara guianensis,September 30 2025,March 11 2026,,0,XP210-PR,A,4,A4,5,67,36,0.4,9,,0.4,,,,,,,,,,,,,,,,,,,,,,,,,,,,,,,,,,,,,,
,PG-MT2-P8,Pouruma guianensis,March 3 2026,March 11 2026,,0,XP210-PR,A,7,A7,5,22,23,0.2,4,,0.2,,,,,,,,,,,,,,,,,,,,,,,,,,,,,,,,,,,,,,
,AE-MT1-P52,Annona edulis,March 3 2026,March 11 2026,,0,XP210-PR,A,10,A10,5,41,43,0.3,2,,0.3,,,,,,,,,,,,,,,,,,,,,,,,,,,,,,,,,,,,,,
,DC-MT5-P57,Dacryodes cupularis,September 30 2025,March 11 2026,March 11 2026,1,XP210-PR,A,14,A14,5,22.5,,,,,0,,,,,,,,,,,,,,,,,,,,,,,,,,,,,,,,,,,,,,
,OP-MT2-P44,Ochroma pyramidale,April 1 2025,March 11 2026,,0,XP210-PR,B,1,B1,5,38.5,9.13,7.5,13,,7.5,,,,,,,,,,,,,,,,,,,,,,,,,,,,,,,,,,,,,,
,CP-MT2-P22,Carapa guianensis,May 16 2025,March 11 2026,,0,XP210-PR,B,2,B2,5,75,56,1.3,9,,1.3,12,,,,,,,,,,,,,,,,,,,,,,,,,,,,,,,,,,,,,
,DC-MT3-P4,Dacryodes cupularis,September 30 2025,March 11 2026,,0,XP210-PR,B,3,B3,5,32,12,0.3,1,,0.3,4,,,,,,,,,,,,,,,,,,,,,,,,,,,,,,,,,,,,,
,BU-MT1-P44,Brosimum utile,May 16 2025,March 11 2026,March 11 2026,1,XP210-PR,B,4,B4,5,19,,,,,0,,,,,,,,,,,,,,,,,,,,,,,,,,,,,,,,,,,,,,
,AE-MT1-P40,Annona edulis,March 3 2026,March 11 2026,,0,XP210-PR,B,7,B7,5,47,51,0.6,5,,0.6,,,,,,,,,,,,,,,,,,,,,,,,,,,,,,,,,,,,,,
,IS-MT3-P90,Inga silanchensis,March 3 2026,March 11 2026,,0,XP210-PR,B,8,B8,5,20,10,0.2,5,,0.2,6,,,,,,,,,,,,,,,,,,,,,,,,,,,,,,,,,,,,,
,BG-MT4-P50,Banara guianensis,September 30 2025,March 11 2026,,0,XP210-PR,B,14,B14,5,72,1.22,0.6,25,,0.6,,,,,,,,,,,,,,,,,,,,,,,,,,,,,,,,,,,,,,
,PG-MT3-P72,Pouruma guianensis,March 3 2026,March 11 2026,,0,XP210-PR,B,15,B15,5,20,20,0.2,2,,0.2,,,,,,,,,,,,,,,,,,,,,,,,,,,,,,,,,,,,,,
,CH-MT4-P28,Cecropia hispidissima,September 30 2025,March 11 2026,March 11 2026,1,XP210-PR,B,16,B16,5,38,,,,,0,,,,,,,,,,,,,,,,,,,,,,,,,,,,,,,,,,,,,,
,CP-MT2-P41,Carapa guianensis,May 16 2025,March 11 2026,,0,XP210-PR,C,1,C1,5,70,60,1.3,3,,1.3,16,,,,,,,,,,,,,,,,,,,,,,,,,,,,,,,,,,,,,
,IS-MT1-P46,Inga silanchensis,May 16 2025,March 11 2026,March 11 2026,1,XP210-PR,C,2,C2,5,16,,,,,0,,,,,,,,,,,,,,,,,,,,,,,,,,,,,,,,,,,,,,
,PG-MT4-P68,Pouruma guianensis,March 3 2026,March 11 2026,,0,XP210-PR,C,4,C4,5,17,20,0.2,3,,0.2,,,,,,,,,,,,,,,,,,,,,,,,,,,,,,,,,,,,,,
,BG-MT5-P3,Banara guianensis,September 30 2025,March 11 2026,,0,XP210-PR,C,5,C5,5,61,73,0.5,16,,0.5,,,,,,,,,,,,,,,,,,,,,,,,,,,,,,,,,,,,,,
,CH-MT2-P67,Cecropia hispidissima,September 30 2025,March 11 2026,,0,XP210-PR,C,9,C9,5,30,86,0.7,4,,0.7,,,,,,,,,,,,,,,,,,,,,,,,,,,,,,,,,,,,,,
,DC-MT1-P21,Dacryodes cupularis,September 30 2025,March 11 2026,March 11 2026,1,XP210-PR,C,10,C10,5,33,,,,,0,,,,,,,,,,,,,,,,,,,,,,,,,,,,,,,,,,,,,,
,AE-MT5-P97,Annona edulis,March 3 2026,March 11 2026,,0,XP210-PR,C,13,C13,5,48,51,0.3,7,,0.3,,,,,,,,,,,,,,,,,,,,,,,,,,,,,,,,,,,,,,
,OP-MT2-P21,Ochroma pyramidale,April 4 2025,March 17 2026,,0,XP211-PR,A,1,A1,1,39.5,450,18,22,5.7,,,,,,,,,,,5.9,-12,5.2,29,,,,,,,,,,,,,,,,,,,,,,,,,
,CH-MT1-P51,Cecropia hispidissima,May 22 2025,March 17 2026,December 9 2025,1,XP211-PR,A,2,A2,1,19,,,,,0,,,,,,,,,,,,,,,,,,,,,,,,,,,,,,,,,,,,,,
,CH-MT3-P71,Cecropia hispidissima,February 13 2026,March 17 2026,,0,XP211-PR,A,2,A2,1,,37,0.2,2,,0.2,,,,,,,,,,,,,,,,,,,,,,,,,,,,,,,,,,,,,,
,PG-MT1-P95,Pouruma guianensis,February 13 2026,March 17 2026,,0,XP211-PR,A,3,A3,1,,11,0.2,4,,0.2,,,,,,,,,,,,,,,,,,,,,,,,,,,,,,,,,,,,,,
,BU-MT4-P46,Brosimum utile,October 16 2025,March 17 2026,,0,XP211-PR,A,4,A4,1,34,24,0.2,0,,0.2,,,,,,,,,,,,,,,,,,,,,,,,,,,,,,,,,,,,,,
,AE-MT1-P59,Annona edulis,February 13 2026,March 17 2026,,0,XP211-PR,A,6,A6,1,,42,0.2,9,,0.2,,,,,,,,,,,,,,,,,,,,,,,,,,,,,,,,,,,,,,
,IS-MT3-P75,Inga silanchensis,April 4 2025,March 17 2026,,0,XP211-PR,A,7,A7,1,19,59,1,9,,1,34,,,,,,,,,,,,,,,,,,,,,,,,,,,,,,,,,,,,,
,VB-MT4-P41,Vismia baccifera,February 13 2026,March 17 2026,,0,XP211-PR,A,8,A8,1,,29,0.1,3,,0.1,,,,,,,,,,,,,,,,,,,,,,,,,,,,,,,,,,,,,,
,BP-MT1-P53,Bauhinia pichinchensis,February 13 2026,March 17 2026,,0,XP211-PR,A,9,A9,1,,29,0.3,1,,0.3,,,,,,,,,,,,,,,,,,,,,,,,,,,,,,,,,,,,,,
,DC-MT3-P27,Dacryodes cupularis,October 16 2025,March 17 2026,,0,XP211-PR,A,10,A10,1,40,38,0.5,2,,0.5,9,,,,,,,,,,,,,,,,,,,,,,,,,,,,,,,,,,,,,
,BS-MT7-P62,Bactris setulosa,December 9 2025,March 17 2026,,0,XP211-PR,A,11,A11,1,30,11,1.2,2,,1.2,,,,,,,,,,,,,,,,,,,,,,,,,,,,,,,,,,,,,,
,CP-MT1-P30,Carapa guianensis,October 16 2025,March 17 2026,,0,XP211-PR,A,12,A12,1,72,72,1.4,5,,1.4,23,,,,,,,,,,,,,,,,,,,,,,,,,,,,,,,,,,,,,
,EA-MT3-P53,Ecuadendron acosta-solisianum,February 13 2026,March 17 2026,,0,XP211-PR,A,15,A15,1,,78,0.6,7,,0.6,6,,,,,,,,,,,,,,,,,,,,,,,,,,,,,,,,,,,,,
,BG-MT3-P64,Banara guianensis,October 16 2025,March 17 2026,,0,XP211-PR,A,16,A16,1,82,173,3,172,1,,,,,,,,,,,,,,,,,,,,,,,,,,,,,,,,,,,,,,,
,BG-MT1-P40,Banara guianensis,October 16 2025,March 17 2026,,0,XP211-PR,B,1,B1,1,56,143,3.6,82,1.1,,,,,,,,,,,,,,,,,,,,,,,,,,,,,,,,,,,,,,,
,VB-MT1-P24,Vismia baccifera,October 16 2025,March 17 2026,,0,XP211-PR,B,2,B2,1,34,94,1.5,125,,1.5,,,,,,,,,,,,,,,,,,,,,,,,,,,,,,,,,,,,,,
,PA-MT7-P43,Piper aduncum,October 16 2025,March 17 2026,,0,XP211-PR,B,3,B3,1,36,70,0.8,57,,0.8,,59,0.6,,0.6,,,,,,,,,,,,,,,,,,,,,,,,,,,,,,,,,
,BS-MT7-P8,Bactris setulosa,October 16 2025,March 17 2026,,0,XP211-PR,B,5,B5,1,27,12,1.2,5,,1.2,,,,,,,,,,,,,,,,,,,,,,,,,,,,,,,,,,,,,,
,PG-MT3-P53,Pouruma guianensis,February 13 2026,March 17 2026,,0,XP211-PR,B,7,B7,1,,18,0.2,4,,0.2,,,,,,,,,,,,,,,,,,,,,,,,,,,,,,,,,,,,,,
,BP-MT2-P23,Bauhinia pichinchensis,February 13 2026,March 17 2026,,0,XP211-PR,B,8,B8,1,,33,0.3,1,,0.3,,,,,,,,,,,,,,,,,,,,,,,,,,,,,,,,,,,,,,
,CP-MT3-P62,Carapa guianensis,May 22 2025,March 17 2026,,0,XP211-PR,B,9,B9,1,50,97,2,11,,2,58,,,,,,,,,,,,,,,,,,,,,,,,,,,,,,,,,,,,,
,CH-MT3-P65,Cecropia hispidissima,October 16 2025,March 17 2026,,0,XP211-PR,B,10,B10,1,43,161,17,14,5.4,,,,,,,,,,,,,,,,,,,,,,,,,,,,,,,,,,,,,,,
,DC-MT5-P8,Dacryodes cupularis,October 16 2025,March 17 2026,,0,XP211-PR,B,11,B11,1,23,23,0.4,1,,0.4,3,,,,,,,,,,,,,,,,,,,,,,,,,,,,,,,,,,,,,
,IS-MT3-P45,Inga silanchensis,December 9 2025,March 17 2026,,0,XP211-PR,B,12,B12,1,16,10,0.3,2,,0.3,8,,,,,,,,,,,,,,,,,,,,,,,,,,,,,,,,,,,,,
,EA-MT2-P40,Ecuadendron acosta-solisianum,February 13 2026,March 17 2026,,0,XP211-PR,B,13,B13,1,,101,0.3,5,,0.3,,,,,,,,,,,,,,,,,,,,,,,,,,,,,,,,,,,,,,
,AE-MT4-P45,Annona edulis,February 13 2026,March 17 2026,,0,XP211-PR,B,14,B14,1,,36,0.3,5,,0.3,,,,,,,,,,,,,,,,,,,,,,,,,,,,,,,,,,,,,,
,BU-MT3-P35,Brosimum utile,October 16 2025,March 17 2026,,0,XP211-PR,B,16,B16,1,39,47,0.6,6,,0.6,,,,,,,,,,,,,,,,,,,,,,,,,,,,,,,,,,,,,,
,BU-MT1-P70,Brosimum utile,May 22 2025,March 17 2026,,0,XP211-PR,C,1,C1,1,32,52,0.7,8,,0.7,,,,,,,,,,,,,,,,,,,,,,,,,,,,,,,,,,,,,,
,BS-MT1-P41,Bactris setulosa,December 9 2025,March 17 2026,,0,XP211-PR,C,2,C2,1,24,10,1,3,,1,,,,,,,,,,,,,,,,,,,,,,,,,,,,,,,,,,,,,,
,EA-MT2-P1,Ecuadendron acosta-solisianum,May 22 2025,March 17 2026,,0,XP211-PR,C,3,C3,1,33,64,1.6,10,,1.6,26,,,,,,,,,,,,,,,,,,,,,,,,,,,,,,,,,,,,,
,DC-MT4-P52,Dacryodes cupularis,October 16 2025,March 17 2026,,0,XP211-PR,C,4,C4,1,18,17,0.5,1,,0.5,5,,,,,,,,,,,,,,,,,,,,,,,,,,,,,,,,,,,,,
,BG-MT5-P1,Banara guianensis,October 16 2025,March 17 2026,,0,XP211-PR,C,5,C5,1,47,122,1.7,86,,1.7,,,,,,,,,,,,,,,,,,,,,,,,,,,,,,,,,,,,,,
,CP-MT4-P33,Carapa guianensis,May 22 2025,March 17 2026,,0,XP211-PR,C,6,C6,1,30,,,,,0,,,,,,,,,,,,,,,,,,,,,,,,,,,,,,,,,,,,,,
,IS-MT1-P4,Inga silanchensis,May 22 2025,March 17 2026,,0,XP211-PR,C,7,C7,1,28,84,2,17,,2,96,,,,,,,,,,,,,,,,,,,,,,,,,,,,,,,,,,,,,wrong species
,PA-MT6-P1,Piper aduncum,May 22 2025,March 17 2026,,0,XP211-PR,C,8,C8,1,19,98,1.3,207,,1.3,,143,3.5,,3.5,117,0.9,,0.9,,,,,,,,,,,,,,,,,,,,,,,,,,,,,
,BP-MT4-P17,Bauhinia pichinchensis,February 13 2026,March 17 2026,,0,XP211-PR,C,10,C10,1,,,32,0.3,,32,1,,,,,,,,,,,,,,,,,,,,,,,,,,,,,,,,,,,,,
,CH-MT1-P21,Cecropia hispidissima,May 22 2025,March 17 2026,March 17 2026,1,XP211-PR,C,11,C11,1,22,,,,,0,,,,,,,,,,,,,,,,,,,,,,,,,,,,,,,,,,,,,,
,MC-MT2-P24,Miconia conocuatrecasasii,October 16 2025,March 17 2026,,0,XP211-PR,C,12,C12,1,30,,41,0.5,,41,14,,,,,,,,,,,,,,,,,,,,,,,,,,,,,,,,,,,,,
,VB-MT3-P61,Vismia baccifera,February 13 2026,March 17 2026,,0,XP211-PR,C,14,C14,1,,,42,0.2,,42,1,,,,,,,,,,,,,,,,,,,,,,,,,,,,,,,,,,,,,
,PG-MT5-P69,Pouruma guianensis,February 13 2026,March 17 2026,,0,XP211-PR,C,15,C15,1,,22,0.2,3,,0.2,,,,,,,,,,,,,,,,,,,,,,,,,,,,,,,,,,,,,,
,AE-MT2-P43,Annona edulis,February 13 2026,March 17 2026,,0,XP211-PR,C,16,C16,1,,23,0.3,3,,0.3,,,,,,,,,,,,,,,,,,,,,,,,,,,,,,,,,,,,,,
,PG-MT3-P34,Pouruma guianensis,February 13 2026,March 17 2026,,0,XP211-PR,A,1,A1,2,,16,0.2,6,,0.2,,,,,,,,,,,,,,,,,,,,,,,,,,,,,,,,,,,,,,
,BU-MT2-P55,Brosimum utile,October 16 2025,March 17 2026,,0,XP211-PR,A,2,A2,2,32,19,0.3,3,,0.3,,,,,,,,,,,,,,,,,,,,,,,,,,,,,,,,,,,,,,
,PA-MT6-P84,Piper aduncum,December 9 2025,March 17 2026,,0,XP211-PR,A,3,A3,2,40,55,0.4,28,,0.4,,5,0.5,,0.5,,,,,,,,,,,,,,,,,,,,,,,,,,,,,,,,,
,VB-MT2-P26,Vismia baccifera,February 13 2026,March 17 2026,,0,XP211-PR,A,4,A4,2,,27,0.3,5,,0.3,,,,,,,,,,,,,,,,,,,,,,,,,,,,,,,,,,,,,,
,CH-MT5-P34,Cecropia hispidissima,October 16 2025,March 17 2026,,0,XP211-PR,A,6,A6,2,57,106,1.2,10,,1.2,,,,,,,,,,,,,,,,,,,,,,,,,,,,,,,,,,,,,,
,DC-MT4-P54,Dacryodes cupularis,February 13 2026,March 17 2026,,0,XP211-PR,A,7,A7,2,,8,0.3,0,,0.3,,,,,,,,,,,,,,,,,,,,,,,,,,,,,,,,,,,,,,
,OP-MT9-P30,Ochroma pyramidale,April 4 2025,March 17 2026,,0,XP211-PR,A,8,A8,2,50,570,47,86,15,,,,,,,,,,,7.8,-10.3,8.7,28.6,,,,,,,,,,,,,,,,,,,,,,,,,
,IS-MT3-P7,Inga silanchensis,April 4 2025,March 17 2026,,0,XP211-PR,A,9,A9,2,25,73,0.8,8,,0.8,29,,,,,,,,,,,,,,,,,,,,,,,,,,,,,,,,,,,,,
,AE-MT1-P4,Annona edulis,February 13 2026,March 17 2026,,0,XP211-PR,A,10,A10,2,,37,0.4,6,,0.4,,,,,,,,,,,,,,,,,,,,,,,,,,,,,,,,,,,,,,
,MC-MT3-P19,Miconia conocuatrecasasii,October 16 2025,March 17 2026,,0,XP211-PR,A,11,A11,2,20,23,0.3,4,,0.3,,,,,,,,,,,,,,,,,,,,,,,,,,,,,,,,,,,,,,
,BS-MT6-P21,Bactris setulosa,October 16 2025,March 17 2026,,0,XP211-PR,A,12,A12,2,18,7,0.7,2,,0.7,,,,,,,,,,,,,,,,,,,,,,,,,,,,,,,,,,,,,,
,BG-MT4-P77,Banara guianensis,October 16 2025,March 17 2026,,0,XP211-PR,A,14,A14,2,64,121,1,49,,1,,,,,,,,,,,,,,,,,,,,,,,,,,,,,,,,,,,,,,
,EA-MT5-P22,Ecuadendron acosta-solisianum,December 9 2025,March 17 2026,,0,XP211-PR,A,15,A15,2,40,51,0.9,10,,0.9,35,,,,,,,,,,,,,,,,,,,,,,,,,,,,,,,,,,,,,
,BP-MT5-P31,Bauhinia pichinchensis,February 13 2026,March 17 2026,,0,XP211-PR,A,16,A16,2,,19,0.2,0,,0.2,,,,,,,,,,,,,,,,,,,,,,,,,,,,,,,,,,,,,,
,CP-MT5-P38,Carapa guianensis,October 16 2025,March 17 2026,,0,XP211-PR,B,1,B1,2,34,43,0.8,3,,0.8,9,,,,,,,,,,,,,,,,,,,,,,,,,,,,,,,,,,,,,
,VB-MT2-P66,Vismia baccifera,February 13 2026,March 17 2026,,0,XP211-PR,B,2,B2,2,,25,0.2,3,,0.2,,,,,,,,,,,,,,,,,,,,,,,,,,,,,,,,,,,,,,
,MC-MT1-P12,Miconia conocuatrecasasii,October 16 2025,March 17 2026,,0,XP211-PR,B,3,B3,2,16,64,0.6,12,,0.6,,,,,,,,,,,,,,,,,,,,,,,,,,,,,,,,,,,,,,
,BP-MT1-P75,Bauhinia pichinchensis,February 13 2026,March 17 2026,,0,XP211-PR,B,4,B4,2,,34,0.3,0,,0.3,,,,,,,,,,,,,,,,,,,,,,,,,,,,,,,,,,,,,,
,AE-MT3-P45,Annona edulis,February 13 2026,March 17 2026,,0,XP211-PR,B,6,B6,2,,42,0.3,3,,0.3,,,,,,,,,,,,,,,,,,,,,,,,,,,,,,,,,,,,,,
,EA-MT3-P2,Ecuadendron acosta-solisianum,May 22 2025,March 17 2026,,0,XP211-PR,B,7,B7,2,51,181,1.5,34,0.5,,71,,,,,,,,,,,,,,,,,,,,,,,,,,,,,,,,,,,,,
,PG-MT3-P41,Pouruma guianensis,February 13 2026,March 17 2026,,0,XP211-PR,B,8,B8,2,,9,0.1,4,,0.1,,,,,,,,,,,,,,,,,,,,,,,,,,,,,,,,,,,,,,
,BG-MT2-P97,Banara guianensis,October 16 2025,March 17 2026,,0,XP211-PR,B,9,B9,2,61,84,1,79,,1,,,,,,,,,,,,,,,,,,,,,,,,,,,,,,,,,,,,,,
,IS-MT5-P33,Inga silanchensis,April 4 2025,March 17 2026,,0,XP211-PR,B,10,B10,2,31.5,67,1.5,11,,1.5,59,,,,,,,,,,,,,,,,,,,,,,,,,,,,,,,,,,,,,
,BU-MT5-P16,Brosimum utile,October 16 2025,March 17 2026,,0,XP211-PR,B,11,B11,2,37,49,0.5,6,,0.5,,,,,,,,,,,,,,,,,,,,,,,,,,,,,,,,,,,,,,
,OP-MT8-P42,Ochroma pyramidale,May 22 2025,March 17 2026,,0,XP211-PR,B,12,B12,2,54,470,18,24,5.7,,,,,,,,,,,5.3,-18.3,5.6,29.3,,,,,,,,,,,,,,,,,,,,,,,,,
,BS-MT7-P52,Bactris setulosa,December 9 2025,March 17 2026,,0,XP211-PR,B,14,B14,2,20,13,1.1,3,,1.1,,,,,,,,,,,,,,,,,,,,,,,,,,,,,,,,,,,,,,
,DC-MT4-P37,Dacryodes cupularis,October 16 2025,March 17 2026,March 17 2026,1,XP211-PR,B,15,B15,2,27,,,,,0,,,,,,,,,,,,,,,,,,,,,,,,,,,,,,,,,,,,,,
,CH-MT4-P19,Cecropia hispidissima,October 16 2025,March 17 2026,,0,XP211-PR,B,16,B16,2,52,117,1.5,12,,1.5,,,,,,,,,,,,,,,,,,,,,,,,,,,,,,,,,,,,,,
,OP-MT7-P20,Ochroma pyramidale,May 22 2025,March 17 2026,,0,XP211-PR,C,1,C1,2,64,640,24.5,49,7.8,,,,,,,,,,,7.5,-12.8,8.4,32.2,,,,,,,,,,,,,,,,,,,,,,,,,
,IS-MT4-P33,Inga silanchensis,May 22 2025,March 17 2026,,0,XP211-PR,C,3,C3,2,28,46,0.7,5,,0.7,,,,,,,,,,,,,,,,,,,,,,,,,,,,,,,,,,,,,,
,VB-MT5-P43,Vismia baccifera,February 13 2026,March 17 2026,,0,XP211-PR,C,4,C4,2,,39,0.2,3,,0.2,,,,,,,,,,,,,,,,,,,,,,,,,,,,,,,,,,,,,,
,DC-MT3-P41,Dacryodes cupularis,October 16 2025,March 17 2026,December 9 2025,1,XP211-PR,C,6,C6,2,36,,,,,0,,,,,,,,,,,,,,,,,,,,,,,,,,,,,,,,,,,,,,
,MC-MT3-P59,Miconia conocuatrecasasii,October 16 2025,March 17 2026,,0,XP211-PR,C,7,C7,2,20,33,0.5,11,,0.5,,,,,,,,,,,,,,,,,,,,,,,,,,,,,,,,,,,,,,
,CH-MT4-P9,Cecropia hispidissima,October 16 2025,March 17 2026,,0,XP211-PR,C,8,C8,2,48,6,0.7,7,,0.7,,,,,,,,,,,,,,,,,,,,,,,,,,,,,,,,,,,,,,
,PG-MT1-P59,Pouruma guianensis,February 13 2026,March 17 2026,,0,XP211-PR,C,9,C9,2,,26,0.3,3,,0.3,,,,,,,,,,,,,,,,,,,,,,,,,,,,,,,,,,,,,,
,CP-MT2-P55,Carapa guianensis,May 22 2025,March 17 2026,,0,XP211-PR,C,10,C10,2,51,40,1,3,,1,16,,,,,,,,,,,,,,,,,,,,,,,,,,,,,,,,,,,,,
,BP-MT3-P57,Bauhinia pichinchensis,February 13 2026,March 17 2026,,0,XP211-PR,C,11,C11,2,,23,0.2,1,,0.2,,,,,,,,,,,,,,,,,,,,,,,,,,,,,,,,,,,,,,
,AE-MT5-P42,Annona edulis,February 13 2026,March 17 2026,,0,XP211-PR,C,12,C12,2,,33,0.4,6,,0.4,,,,,,,,,,,,,,,,,,,,,,,,,,,,,,,,,,,,,,
,BS-MT6-P63,Bactris setulosa,December 9 2025,March 17 2026,,0,XP211-PR,C,13,C13,2,30,10,0.6,1,,0.6,,,,,,,,,,,,,,,,,,,,,,,,,,,,,,,,,,,,,,
,BU-MT5-P5,Brosimum utile,October 16 2025,March 17 2026,,0,XP211-PR,C,14,C14,2,24,15,0.5,5,,0.5,,,,,,,,,,,,,,,,,,,,,,,,,,,,,,,,,,,,,,
,EA-MT5-P47,Ecuadendron acosta-solisianum,December 9 2025,March 17 2026,,0,XP211-PR,C,15,C15,2,50,61,1,7,,1,17,,,,,,,,,,,,,,,,,,,,,,,,,,,,,,,,,,,,,
,BG-MT3-P66,Banara guianensis,October 16 2025,March 17 2026,,0,XP211-PR,C,16,C16,2,63,70,0.5,52,,0.5,,,,,,,,,,,,,,,,,,,,,,,,,,,,,,,,,,,,,,
,BU-MT1-P69,Brosimum utile,May 22 2025,March 17 2026,,0,XP211-PR,A,2,A2,3,26,37,0.4,4,,0.4,,,,,,,,,,,,,,,,,,,,,,,,,,,,,,,,,,,,,,
,VB-MT2-P32,Vismia baccifera,February 13 2026,March 17 2026,,0,XP211-PR,A,3,A3,3,,29,0.3,2,,0.3,,,,,,,,,,,,,,,,,,,,,,,,,,,,,,,,,,,,,,
,OP-MT8-P56,Ochroma pyramidale,May 22 2025,March 17 2026,October 16 2025,1,XP211-PR,A,4,A4,3,60,,,,,0,,,,,,,,,,,,,,,,,,,,,,,,,,,,,,,,,,,,,,
,OP-MT7-P62,Ochroma pyramidale,December 9 2025,March 17 2026,,0,XP211-PR,A,4,A4,3,68,94,1.4,7,,1.4,,,,,,,,,,,,,,,,,,,,,,,,,,,,,,,,,,,,,,
,PA-MT3-P6,Piper aduncum,April 4 2025,March 17 2026,,0,XP211-PR,A,5,A5,3,33.5,117,1.4,23,,1.4,,,,,,,,,,,,,,,,,,,,,,,,,,,,,,,,,,,,,,
,CH-MT3-P7,Cecropia hispidissima,October 16 2025,March 17 2026,,0,XP211-PR,A,6,A6,3,53,176,19,12,6,,,,,,,,,,,,,,,,,,,,,,,,,,,,,,,,,,,,,,,
,BG-MT1-P38,Banara guianensis,October 16 2025,March 17 2026,,0,XP211-PR,A,7,A7,3,63,108,1,18,,1,,,,,,,,,,,,,,,,,,,,,,,,,,,,,,,,,,,,,,
,DC-MT5-P62,Dacryodes cupularis,February 13 2026,March 17 2026,,0,XP211-PR,A,8,A8,3,,26,0.5,2,,0.5,,,,,,,,,,,,,,,,,,,,,,,,,,,,,,,,,,,,,,
,BS-MT1-P79,Bactris setulosa,December 9 2025,March 17 2026,,0,XP211-PR,A,9,A9,3,30,12,1.4,3,,1.4,,,,,,,,,,,,,,,,,,,,,,,,,,,,,,,,,,,,,,
,EA-MT1-P8,Ecuadendron acosta-solisianum,December 9 2025,March 17 2026,,0,XP211-PR,A,10,A10,3,47,64,1.3,5,,1.3,24,,,,,,,,,,,,,,,,,,,,,,,,,,,,,,,,,,,,,
,IS-MT2-P11,Inga silanchensis,April 4 2025,March 17 2026,,0,XP211-PR,A,12,A12,3,13,54,0.8,5,,0.8,15,,,,,,,,,,,,,,,,,,,,,,,,,,,,,,,,,,,,,
,AE-MT5-P53,Annona edulis,February 13 2026,March 17 2026,,0,XP211-PR,A,13,A13,3,,49,0.6,3,,0.6,,,,,,,,,,,,,,,,,,,,,,,,,,,,,,,,,,,,,,
,PG-MT5-P59,Pouruma guianensis,February 13 2026,March 17 2026,,0,XP211-PR,A,14,A14,3,,24,0.4,5,,0.4,,,,,,,,,,,,,,,,,,,,,,,,,,,,,,,,,,,,,,
,BP-MT4-P28,Bauhinia pichinchensis,February 13 2026,March 17 2026,,0,XP211-PR,A,15,A15,3,,29,0.5,1,,0.5,,,,,,,,,,,,,,,,,,,,,,,,,,,,,,,,,,,,,,
,CP-MT1-P41,Carapa guianensis,October 16 2025,March 17 2026,,0,XP211-PR,A,16,A16,3,67,97,1.7,3,,1.7,17,,,,,,,,,,,,,,,,,,,,,,,,,,,,,,,,,,,,,
,OP-MT6-P31,Ochroma pyramidale,May 22 2025,March 17 2026,,0,XP211-PR,B,1,B1,3,71,470,16.5,24,5.3,,,,,,,,,,,5.7,-16,6.2,28.1,,,,,,,,,,,,,,,,,,,,,,,,,
,BU-MT4-P43,Brosimum utile,October 16 2025,March 17 2026,,0,XP211-PR,B,2,B2,3,35,52,0.9,9,,0.9,,,,,,,,,,,,,,,,,,,,,,,,,,,,,,,,,,,,,,
,IS-MT5-P43,Inga silanchensis,April 4 2025,March 17 2026,,0,XP211-PR,B,3,B3,3,25,29,0.9,3,,0.9,14,,,,,,,,,,,,,,,,,,,,,,,,,,,,,,,,,,,,,
,CH-MT2-P63,Cecropia hispidissima,October 16 2025,March 17 2026,,0,XP211-PR,B,4,B4,3,21,122,1.8,14,,1.8,,,,,,,,,,,,,,,,,,,,,,,,,,,,,,,,,,,,,,
,BP-MT1-P68,Bauhinia pichinchensis,February 13 2026,March 17 2026,,0,XP211-PR,B,5,B5,3,,29,0.4,1,,0.4,,,,,,,,,,,,,,,,,,,,,,,,,,,,,,,,,,,,,,
,BS-MT1-P11,Bactris setulosa,October 16 2025,March 17 2026,,0,XP211-PR,B,6,B6,3,20,22,1.3,2,,1.3,,,,,,,,,,,,,,,,,,,,,,,,,,,,,,,,,,,,,,
,MC-MT3-P37,Miconia conocuatrecasasii,October 16 2025,March 17 2026,,0,XP211-PR,B,8,B8,3,19,61,0.8,9,,0.8,,,,,,,,,,,,,,,,,,,,,,,,,,,,,,,,,,,,,,
,EA-MT5-P36,Ecuadendron acosta-solisianum,December 9 2025,March 17 2026,March 17 2026,1,XP211-PR,B,9,B9,3,50,,,,,0,,,,,,,,,,,,,,,,,,,,,,,,,,,,,,,,,,,,,,
,PG-MT1-P52,Pouruma guianensis,February 13 2026,March 17 2026,,0,XP211-PR,B,10,B10,3,,32,0.4,2,,0.4,,,,,,,,,,,,,,,,,,,,,,,,,,,,,,,,,,,,,,
,PA-MT6-P27,Piper aduncum,May 22 2025,March 17 2026,,0,XP211-PR,B,11,B11,3,16,140,1.7,202,0.5,,,108,1.7,0.5,,138,1.9,0.6,,,,,,,,,,,,,,,,,,,,,,,,,,,,,,
,AE-MT3-P54,Annona edulis,February 13 2026,March 17 2026,,0,XP211-PR,B,12,B12,3,,18,0.6,4,,0.6,,,,,,,,,,,,,,,,,,137,1.6,0.5,,137,1.8,0.6,,75,1.8,,1.8,98,1.5,,1.5,132,1.6,,1.6,
,BG-MT5-P8,Banara guianensis,October 16 2025,March 17 2026,,0,XP211-PR,B,13,B13,3,61,143,9,66,2.9,,,,,,,,,,,,,,,,,,,,,,,,,,,,,,,,,,,,,,,
,DC-MT1-P7,Dacryodes cupularis,October 16 2025,March 17 2026,,0,XP211-PR,B,15,B15,3,33,44,0.9,0,,0.9,,,,,,,,,,,,,,,,,,,,,,,,,,,,,,,,,,,,,,
,VB-MT5-P31,Vismia baccifera,February 13 2026,March 17 2026,,0,XP211-PR,B,16,B16,3,,44,0.9,4,,0.9,,,,,,,,,,,,,,,,,,,,,,,,,,,,,,,,,,,,,,
,BU-MT2-P26,Brosimum utile,October 16 2025,March 17 2026,,0,XP211-PR,C,1,C1,3,37,40,0.9,3,,0.9,,,,,,,,,,,,,,,,,,,,,,,,,,,,,,,,,,,,,,
,OP-MT6-P12,Ochroma pyramidale,May 22 2025,March 17 2026,,0,XP211-PR,C,2,C2,3,39,630,18.5,32,5.9,,,,,,,,,,,8.1,-14.6,5.9,27.5,,,,,,,,,,,,,,,,,,,,,,,,,
,DC-MT5-P67,Dacryodes cupularis,October 16 2025,March 17 2026,March 17 2026,1,XP211-PR,C,3,C3,3,43,,,,,0,,,,,,,,,,,,,,,,,,,,,,,,,,,,,,,,,,,,,,
,IS-MT1-P29,Inga silanchensis,May 22 2025,March 17 2026,,0,XP211-PR,C,4,C4,3,19,70,1,10,,1,45,,,,,,,,,,,,,,,,,,,,,,,,,,,,,,,,,,,,,
,EA-MT5-P43,Ecuadendron acosta-solisianum,December 9 2025,March 17 2026,,0,XP211-PR,C,5,C5,3,48,50,0.9,3,,0.9,17,,,,,,,,,,,,,,,,,,,,,,,,,,,,,,,,,,,,,
,AE-MT4-P41,Annona edulis,February 13 2026,March 17 2026,,0,XP211-PR,C,6,C6,3,,43,0.4,7,,0.4,,,,,,,,,,,,,,,,,,,,,,,,,,,,,,,,,,,,,,
,CP-MT2-P65,Carapa guianensis,May 22 2025,March 17 2026,,0,XP211-PR,C,7,C7,3,74,164,7,12,2.2,,77,,,,,,,,,,,,,,,,,,,,,,,,,,,,,,,,,,,,,
,VB-MT5-P54,Vismia baccifera,February 13 2026,March 17 2026,,0,XP211-PR,C,8,C8,3,,36,0.4,4,,0.4,,,,,,,,,,,,,,,,,,,,,,,,,,,,,,,,,,,,,,
,BG-MT1-P76,Banara guianensis,October 16 2025,March 17 2026,March 17 2026,1,XP211-PR,C,9,C9,3,65,,,,,0,,,,,,,,,,,,,,,,,,,,,,,,,,,,,,,,,,,,,,
,PG-MT4-P11,Pouruma guianensis,February 13 2026,March 17 2026,,0,XP211-PR,C,10,C10,3,,12,0.5,2,,0.5,,,,,,,,,,,,,,,,,,,,,,,,,,,,,,,,,,,,,,
,BP-MT3-P24,Bauhinia pichinchensis,February 13 2026,March 17 2026,,0,XP211-PR,C,11,C11,3,,22,1.3,2,,1.3,,,,,,,,,,,,,,,,,,,,,,,,,,,,,,,,,,,,,,
,PA-MT7-P13,Piper aduncum,October 16 2025,March 17 2026,,0,XP211-PR,C,13,C13,3,39,31,0.6,12,,0.6,,28,0.5,,0.5,,,,,,,,,,,,,,,,,,,,,,,,,,,,,,,,,
,BS-MT6-P69,Bactris setulosa,December 9 2025,March 17 2026,,0,XP211-PR,C,14,C14,3,24,11,0.4,2,,0.4,,,,,,,,,,,,,,,,,,,,,,,,,,,,,,,,,,,,,,
,CH-MT3-P69,Cecropia hispidissima,October 16 2025,March 17 2026,,0,XP211-PR,C,16,C16,3,47,138,15,11,4.8,,,,,,,,,,,,,,,,,,,,,,,,,,,,,,,,,,,,,,,
,AE-MT4-P6,Annona edulis,February 13 2026,March 17 2026,,0,XP211-PR,A,1,A1,4,,52,0.4,7,,0.4,,,,,,,,,,,,,,,,,,,,,,,,,,,,,,,,,,,,,,
,PG-MT5-P17,Pouruma guianensis,February 13 2026,March 17 2026,,0,XP211-PR,A,2,A2,4,,24,0.5,3,,0.5,,,,,,,,,,,,,,,,,,,,,,,,,,,,,,,,,,,,,,
,MC-MT1-P70,Miconia conocuatrecasasii,October 16 2025,March 17 2026,,0,XP211-PR,A,3,A3,4,22,41,0.8,10,,0.8,,,,,,,,,,,,,,,,,,,,,,,,,,,,,,,,,,,,,,
,IS-MT2-P76,Inga silanchensis,April 4 2025,March 17 2026,,0,XP211-PR,A,4,A4,4,14.5,81,1.5,11,,1.5,52,35,0.6,,0.6,,,,,,,,,,,,,,,,,,,,,,,,,,,,,,,,,
,CP-MT3-P12,Carapa guianensis,May 22 2025,March 17 2026,,0,XP211-PR,A,5,A5,4,56,119,1.6,6,,1.6,23,,,,,,,,,,,,,,,,,,,,,,,,,,,,,,,,,,,,,
,BS-MT5-P37,Bactris setulosa,October 16 2025,March 17 2026,,0,XP211-PR,A,6,A6,4,35,11,0.9,1,,0.9,,,,,,,,,,,,,,,,,,,,,,,,,,,,,,,,,,,,,,
,CH-MT4-P56,Cecropia hispidissima,October 16 2025,March 17 2026,,0,XP211-PR,A,7,A7,4,53,111,3.4,1,,3.4,,,,,,,,,,,,,,,,,,,,,,,,,,,,,,,,,,,,,,
,BP-MT4-P85,Bauhinia pichinchensis,February 13 2026,March 17 2026,,0,XP211-PR,A,9,A9,4,,,,,,0,,,,,,,,,,,,,,,,,,,,,,,,,,,,,,,,,,,,,,
,PA-MT3-P1,Piper aduncum,April 4 2025,March 17 2026,,0,XP211-PR,A,10,A10,4,26.5,27,0.4,2,,0.4,,,,,,,,,,,,,,,,,,,,,,,,,,,,,,,,,,,,,,
,BU-MT4-P67,Brosimum utile,October 16 2025,March 17 2026,,0,XP211-PR,A,11,A11,4,39,38,0.8,3,,0.8,,,,,,,,,,,,,,,,,,,,,,,,,,,,,,,,,,,,,,
,OP-MT9-P42,Ochroma pyramidale,April 4 2025,March 17 2026,,0,XP211-PR,A,12,A12,4,35,490,36.5,125,11.6,,,,,,,,,,,9,-9.3,9.3,21,,,,,,,,,,,,,,,,,,,,,,,,,
,EA-MT4-P44,Ecuadendron acosta-solisianum,February 13 2026,March 17 2026,,0,XP211-PR,A,13,A13,4,,75,1.3,4,,1.3,12,,,,,,,,,,,,,,,,,,,,,,,,,,,,,,,,,,,,,
,BG-MT2-P36,Banara guianensis,October 16 2025,March 17 2026,,0,XP211-PR,A,15,A15,4,41,88,1,17,,1,,,,,,,,,,,,,,,,,,,,,,,,,,,,,,,,,,,,,,
,VB-MT2-P1,Vismia baccifera,February 13 2026,March 17 2026,,0,XP211-PR,A,16,A16,4,,38,0.3,5,,0.3,,,,,,,,,,,,,,,,,,,,,,,,,,,,,,,,,,,,,,
,MC-MT1-P30,Miconia conocuatrecasasii,October 16 2025,March 17 2026,March 17 2026,1,XP211-PR,B,1,B1,4,28,,,,,0,,,,,,,,,,,,,,,,,,,,,,,,,,,,,,,,,,,,,,
,BU-MT3-P44,Brosimum utile,October 16 2025,March 17 2026,,0,XP211-PR,B,2,B2,4,32,39,0.7,5,,0.7,,,,,,,,,,,,,,,,,,,,,,,,,,,,,,,,,,,,,,
,CP-MT4-P48,Carapa guianensis,May 22 2025,March 17 2026,,0,XP211-PR,B,3,B3,4,50,150,5,11,1.6,,60,,,,,,,,,,,,,,,,,,,,,,,,,,,,,,,,,,,,,
,VB-MT3-P42,Vismia baccifera,February 13 2026,March 17 2026,,0,XP211-PR,B,4,B4,4,,55,0.4,5,,0.4,,,,,,,,,,,,,,,,,,,,,,,,,,,,,,,,,,,,,,
,OP-MT2-P62,Ochroma pyramidale,April 4 2025,March 17 2026,,0,XP211-PR,B,5,B5,4,47,670,36,48,11.5,,,,,,,,,,,7.5,-13.8,8,32.7,,,,,,,,,,,,,,,,,,,,,,,,,
,DC-MT1-P33,Dacryodes cupularis,October 16 2025,March 17 2026,,0,XP211-PR,B,7,B7,4,35,40,0.7,2,,0.7,9,,,,,,,,,,,,,,,,,,,,,,,,,,,,,,,,,,,,,
,EA-MT5-P8,Ecuadendron acosta-solisianum,December 9 2025,March 17 2026,,0,XP211-PR,B,8,B8,4,35,48,1,6,,1,20,,,,,,,,,,,,,,,,,,,,,,,,,,,,,,,,,,,,,
,AE-MT5-P16,Annona edulis,February 13 2026,March 17 2026,,0,XP211-PR,B,9,B9,4,,46,0.6,6,,0.6,,,,,,,,,,,,,,,,,,,,,,,,,,,,,,,,,,,,,,
,BP-MT2-P13,Bauhinia pichinchensis,February 13 2026,March 17 2026,,0,XP211-PR,B,10,B10,4,,21,0.3,1,,0.3,,,,,,,,,,,,,,,,,,,,,,,,,,,,,,,,,,,,,,
,BS-MT1-P32,Bactris setulosa,December 9 2025,March 17 2026,March 17 2026,1,XP211-PR,B,11,B11,4,20,,,,,0,,,,,,,,,,,,,,,,,,,,,,,,,,,,,,,,,,,,,,
,PG-MT5-P32,Pouruma guianensis,February 13 2026,March 17 2026,,0,XP211-PR,B,12,B12,4,,20,0.3,4,,0.3,,,,,,,,,,,,,,,,,,,,,,,,,,,,,,,,,,,,,,
,BG-MT3-P52,Banara guianensis,October 16 2025,March 17 2026,,0,XP211-PR,B,13,B13,4,75,78,1.2,73,,1.2,,,,,,,,,,,,,,,,,,,,,,,,,,,,,,,,,,,,,,
,PA-MT3-P65,Piper aduncum,February 13 2026,March 17 2026,,0,XP211-PR,B,14,B14,4,,40,0.5,0,,0.5,,,,,,,,,,,,,,,,,,,,,,,,,,,,,,,,,,,,,,
,CH-MT5-P7,Cecropia hispidissima,October 16 2025,March 17 2026,,0,XP211-PR,B,15,B15,4,60,110,2.3,13,,2.3,,,,,,,,,,,,,,,,,,,,,,,,,,,,,,,,,,,,,,
,IS-MT5-P71,Inga silanchensis,December 9 2025,March 17 2026,,0,XP211-PR,B,16,B16,4,28,24,0.6,2,,0.6,10,,,,,,,,,,,,,,,,,,,,,,,,,,,,,,,,,,,,,
,EA-MT4-P26,Ecuadendron acosta-solisianum,May 22 2025,March 17 2026,,0,XP211-PR,C,1,C1,4,43,47,1.3,3,,1.3,7,,,,,,,,,,,,,,,,,,,,,,,,,,,,,,,,,,,,,
,BS-MT5-P7,Bactris setulosa,October 16 2025,March 17 2026,,0,XP211-PR,C,3,C3,4,30,15,1.4,6,,1.4,,,,,,,,,,,,,,,,,,,,,,,,,,,,,,,,,,,,,,
,PG-MT1-P66,Pouruma guianensis,February 13 2026,March 17 2026,,0,XP211-PR,C,4,C4,4,,37,0.6,1,,0.6,,,,,,,,,,,,,,,,,,,,,,,,,,,,,,,,,,,,,,
,BP-MT2-P72,Bauhinia pichinchensis,February 13 2026,March 17 2026,March 17 2026,1,XP211-PR,C,6,C6,4,,,,,,0,,,,,,,,,,,,,,,,,,,,,,,,,,,,,,,,,,,,,,
,OP-MT7-P9,Ochroma pyramidale,May 22 2025,March 17 2026,,0,XP211-PR,C,7,C7,4,73,400,16,27,5.1,,,,,,,,,,,5.3,-16.4,5.3,24.4,,,,,,,,,,,,,,,,,,,,,,,,,
,CH-MT2-P43,Cecropia hispidissima,October 16 2025,March 17 2026,,0,XP211-PR,C,8,C8,4,19,100,0.7,11,,0.7,,,,,,,,,,,,,,,,,,,,,,,,,,,,,,,,,,,,,,
,IS-MT4-P16,Inga silanchensis,May 22 2025,March 17 2026,October 16 2025,1,XP211-PR,C,9,C9,4,17,,,,,0,,,,,,,,,,,,,,,,,,,,,,,,,,,,,,,,,,,,,,
,IS-MT4-P1,Inga silanchensis,December 9 2025,March 17 2026,,0,XP211-PR,C,9,C9,4,15,16,0.5,2,,0.5,5,,,,,,,,,,,,,,,,,,,,,,,,,,,,,,,,,,,,,
,AE-MT3-P87,Annona edulis,February 13 2026,March 17 2026,,0,XP211-PR,C,10,C10,4,,52,0.6,4,,0.6,,,,,,,,,,,,,,,,,,,,,,,,,,,,,,,,,,,,,,
,BG-MT4-P56,Banara guianensis,October 16 2025,March 17 2026,,0,XP211-PR,C,11,C11,4,57,47,0.6,0,,0.6,,,,,,,,,,,,,,,,,,,,,,,,,,,,,,,,,,,,,,
,DC-MT2-P14,Dacryodes cupularis,October 16 2025,March 17 2026,,0,XP211-PR,C,12,C12,4,34,28,0.7,1,,0.7,7,,,,,,,,,,,,,,,,,,,,,,,,,,,,,,,,,,,,,
,BU-MT3-P54,Brosimum utile,October 16 2025,March 17 2026,,0,XP211-PR,C,13,C13,4,40,48,0.7,2,,0.7,,,,,,,,,,,,,,,,,,,,,,,,,,,,,,,,,,,,,,
,CP-MT5-P7,Carapa guianensis,October 16 2025,March 17 2026,,0,XP211-PR,C,14,C14,4,76,78,1.7,1,,1.7,4,,,,,,,,,,,,,,,,,,,,,,,,,,,,,,,,,,,,,
,MC-MT2-P43,Miconia conocuatrecasasii,October 16 2025,March 17 2026,March 17 2026,1,XP211-PR,C,15,C15,4,20,,,,,0,,,,,,,,,,,,,,,,,,,,,,,,,,,,,,,,,,,,,,
,VB-MT1-P4,Vismia baccifera,October 16 2025,March 17 2026,,0,XP211-PR,C,16,C16,4,34,59,0.7,39,,0.7,,,,,,,,,,,,,,,,,,,,,,,,,,,,,,,,,,,,,,
,IS-MT2-P78,Inga silanchensis,April 4 2025,March 17 2026,March 17 2026,1,XP211-PR,A,1,A1,5,10,,,,,0,,,,,,,,,,,,,,,,,,,,,,,,,,,,,,,,,,,,,,
,CP-MT3-P51,Carapa guianensis,May 22 2025,March 17 2026,March 17 2026,1,XP211-PR,A,2,A2,5,41,,,,,0,,,,,,,,,,,,,,,,,,,,,,,,,,,,,,,,,,,,,,
,BU-MT1-P12,Brosimum utile,May 22 2025,March 17 2026,,0,XP211-PR,A,3,A3,5,30,35,0.5,2,,0.5,,,,,,,,,,,,,,,,,,,,,,,,,,,,,,,,,,,,,,
,AE-MT2-P58,Annona edulis,February 13 2026,March 17 2026,,0,XP211-PR,A,5,A5,5,,34,0.4,3,,0.4,,,,,,,,,,,,,,,,,,,,,,,,,,,,,,,,,,,,,,
,PG-MT3-P32,Pouruma guianensis,February 13 2026,March 17 2026,,0,XP211-PR,A,7,A7,5,,15,0.4,3,,0.4,,,,,,,,,,,,,,,,,,,,,,,,,,,,,,,,,,,,,,
,DC-MT4-P17,Dacryodes cupularis,October 16 2025,March 17 2026,March 17 2026,1,XP211-PR,A,10,A10,5,28,,,,,0,,,,,,,,,,,,,,,,,,,,,,,,,,,,,,,,,,,,,,
,VB-MT3-P52,Vismia baccifera,February 13 2026,March 17 2026,,0,XP211-PR,A,12,A12,5,,35,0.4,4,,0.4,,,,,,,,,,,,,,,,,,,,,,,,,,,,,,,,,,,,,,
,BP-MT5-P30,Bauhinia pichinchensis,February 13 2026,March 17 2026,,0,XP211-PR,A,13,A13,5,,14,0.4,0,,0.4,,,,,,,,,,,,,,,,,,,,,,,,,,,,,,,,,,,,,,
,BG-MT4-P70,Banara guianensis,October 16 2025,March 17 2026,,0,XP211-PR,A,14,A14,5,57,52,1.2,2,,1.2,,,,,,,,,,,,,,,,,,,,,,,,,,,,,,,,,,,,,,
,PA-MT3-P56,Piper aduncum,April 4 2025,March 17 2026,March 17 2026,1,XP211-PR,B,1,B1,5,35,,,,,0,,,,,,,,,,,,,,,,,,,,,,,,,,,,,,,,,,,,,,
,CP-MT2-P12,Carapa guianensis,May 22 2025,March 17 2026,March 17 2026,1,XP211-PR,B,2,B2,5,60,,,,,0,,,,,,,,,,,,,,,,,,,,,,,,,,,,,,,,,,,,,,
,IS-MT1-P58,Inga silanchensis,May 22 2025,March 17 2026,March 17 2026,1,XP211-PR,B,3,B3,5,10,,,,,0,,,,,,,,,,,,,,,,,,,,,,,,,,,,,,,,,,,,,,
,EA-MT5-P90,Ecuadendron acosta-solisianum,February 13 2026,March 17 2026,,0,XP211-PR,B,4,B4,5,,46,1,6,,1,14,,,,,,,,,,,,,,,,,,,,,,,,,,,,,,,,,,,,,
,CH-MT2-P49,Cecropia hispidissima,October 16 2025,March 17 2026,,0,XP211-PR,B,5,B5,5,42,17,0.5,2,,0.5,7,,,,,,,,,,,,,,,,,,,,,,,,,,,,,,,,,,,,,
,BG-MT5-P29,Banara guianensis,October 16 2025,March 17 2026,March 17 2026,1,XP211-PR,B,8,B8,5,67,,,,,0,,,,,,,,,,,,,,,,,,,,,,,,,,,,,,,,,,,,,,
,BP-MT3-P19,Bauhinia pichinchensis,February 13 2026,March 17 2026,,0,XP211-PR,B,9,B9,5,,126,0.9,20,,0.9,,,,,,,,,,,,,,,,,,,,,,,,,,,,,,,,,,,,,,
,VB-MT4-P73,Vismia baccifera,February 13 2026,March 17 2026,,0,XP211-PR,B,10,B10,5,,42,0.6,4,,0.6,,,,,,,,,,,,,,,,,,,,,,,,,,,,,,,,,,,,,,
,BS-MT6-P89,Bactris setulosa,February 13 2026,March 17 2026,,0,XP211-PR,B,11,B11,5,,27,2.8,2,,2.8,,,,,,,,,,,,,,,,,,,,,,,,,,,,,,,,,,,,,,
,PG-MT2-P27,Pouruma guianensis,February 13 2026,March 17 2026,,0,XP211-PR,B,12,B12,5,,20,0.4,4,,0.4,,,,,,,,,,,,,,,,,,,,,,,,,,,,,,,,,,,,,,
,DC-MT1-P49,Dacryodes cupularis,October 16 2025,March 17 2026,March 17 2026,1,XP211-PR,B,13,B13,5,11,,,,,0,,,,,,,,,,,,,,,,,,,,,,,,,,,,,,,,,,,,,,
,AE-MT1-P73,Annona edulis,February 13 2026,March 17 2026,,0,XP211-PR,B,16,B16,5,,35,0.3,3,,0.3,,,,,,,,,,,,,,,,,,,,,,,,,,,,,,,,,,,,,,
,OP-MT9-P44,Ochroma pyramidale,April 4 2025,March 17 2026,March 17 2026,1,XP211-PR,C,1,C1,5,60,,,,,0,,,,,,,,,,,,,,,,,,,,,,,,,,,,,,,,,,,,,,
,CP-MT4-P37,Carapa guianensis,May 22 2025,March 17 2026,wrong species,0,XP211-PR,C,2,C2,5,67,,,,,0,,,,,,,,,,,,,,,,,,,,,,,,,,,,,,,,,,,,,,
,PA-MT6-P52,Piper aduncum,May 22 2025,March 17 2026,March 17 2026,1,XP211-PR,C,3,C3,5,27,,,,,0,,,,,,,,,,,,,,,,,,,,,,,,,,,,,,,,,,,,,,
,IS-MT3-P98,Inga silanchensis,February 13 2026,March 17 2026,,0,XP211-PR,C,4,C4,5,,17,0.2,0,,0.2,,,,,,,,,,,,,,,,,,,,,,,,,,,,,,,,,,,,,,
,PG-MT4-P37,Pouruma guianensis,February 13 2026,March 17 2026,,0,XP211-PR,C,5,C5,5,,22,0.3,7,,0.3,,,,,,,,,,,,,,,,,,,,,,,,,,,,,,,,,,,,,,
,EA-MT5-P84,Ecuadendron acosta-solisianum,February 13 2026,March 17 2026,,0,XP211-PR,C,7,C7,5,,71,0.4,3,,0.4,14,,,,,,,,,,,,,,,,,,,,,,,,,,,,,,,,,,,,,
,BP-MT5-P16,Bauhinia pichinchensis,February 13 2026,March 17 2026,,0,XP211-PR,C,8,C8,5,,20,0.3,0,,0.3,14,,,,,,,,,,,,,,,,,,,,,,,,,,,,,,,,,,,,,
,DC-MT3-P22,Dacryodes cupularis,October 16 2025,March 17 2026,,0,XP211-PR,C,9,C9,5,18,17,0.4,3,,0.4,14,,,,,,,,,,,,,,,,,,,,,,,,,,,,,,,,,,,,,
,AE-MT4-P41,Annona edulis,February 13 2026,March 17 2026,,0,XP211-PR,C,11,C11,5,,46,0.4,3,,0.4,,,,,,,,,,,,,,,,,,,,,,,,,,,,,,,,,,,,,,
,BG-MT2-P15,Banara guianensis,October 16 2025,March 17 2026,,0,XP211-PR,C,12,C12,5,60,77,0.5,29,,0.5,,,,,,,,,,,,,,,,,,,,,,,,,,,,,,,,,,,,,,
,VB-MT4-P2,Vismia baccifera,February 13 2026,March 17 2026,,0,XP211-PR,C,14,C14,5,,20,0.1,2,,0.1,,,,,,,,,,,,,,,,,,,,,,,,,,,,,,,,,,,,,,
,CH-MT4-P8,Cecropia hispidissima,October 16 2025,March 17 2026,,0,XP211-PR,C,16,C16,5,40,66,0.6,7,,0.6,,,,,,,,,,,,,,,,,,,,,,,,,,,,,,,,,,,,,,
,CH-MT5-P21,Cecropia hispidissima,October 15 2025,March 19 2026,,0,XP212-PR,A,1,A1,1,40,115,2.3,16,,2.3,,,,,,,,,,,,,,,,,,,,,,,,,,,,,,,,,,,,,,
,BS-MT5-P12,Bactris setulosa,October 15 2025,March 19 2026,,0,XP212-PR,A,2,A2,1,30,10,1,1,,1,,,,,,,,,,,,,,,,,,,,,,,,,,,,,,,,,,,,,,
,EA-MT4-P7,Ecuadendron acosta-solisianum,May 19 2025,March 19 2026,,0,XP212-PR,A,3,A3,1,60,67,1.8,11,,1.8,31,,,,,,,,,,,,,,,,,,,,,,,,,,,,,,,,,,,,,
,MC-MT3-P3,Miconia conocuatrecasasii,October 15 2025,March 19 2026,,0,XP212-PR,A,4,A4,1,22,30,0.6,8,,0.6,,,,,,,,,,,,,,,,,,,,,,,,,,,,,,,,,,,,,,
,VB-MT4-P19,Vismia baccifera,March 13 2026,March 19 2026,,0,XP212-PR,A,5,A5,1,,40,0.2,2,,0.2,,,,,,,,,,,,,,,,,,,,,,,,,,,,,,,,,,,,,,
,BP-MT1-P45,Bauhinia pichinchensis,March 13 2026,March 19 2026,March 19 2026,1,XP212-PR,A,6,A6,1,,,,,,0,,,,,,,,,,,,,,,,,,,,,,,,,,,,,,,,,,,,,,
,PA-MT6-P75,Piper aduncum,May 19 2025,March 19 2026,,0,XP212-PR,A,7,A7,1,25,32,0.6,9,,0.6,,,,,,,,,,,,,,,,,,,,,,,,,,,,,,,,,,,,,,
,OP-MT2-P36,Ochroma pyramidale,April 2 2026,March 19 2026,,0,XP212-PR,A,8,A8,1,50,810,25,26,8,,,,,,,,,,,4.6,-21.9,6.2,53.5,,,,,,,,,,,,,,,,,,,,,,,,,
,IS-MT3-P37,Inga silanchensis,April 2 2026,March 19 2026,March 19 2026,1,XP212-PR,A,9,A9,1,32,,,,,0,,,,,,,,,,,,,,,,,,,,,,,,,,,,,,,,,,,,,,
,CP-MT3-P15,Carapa guianensis,May 19 2025,March 19 2026,October 15 2025,1,XP212-PR,A,10,A10,1,52,,,,,0,,,,,,,,,,,,,,,,,,,,,,,,,,,,,,,,,,,,,,
,CP-MT5-P78,Carapa guianensis,March 13 2026,March 19 2026,,0,XP212-PR,A,10,A10,1,,83,1.4,3,,1.4,6,,,,,,,,,,,,,,,,,,,,,,,,,,,,,,,,,,,,,
,AE-MT1-P6,Annona edulis,March 13 2026,March 19 2026,,0,XP212-PR,A,12,A12,1,,44,0.4,7,,0.4,,,,,,,,,,,,,,,,,,,,,,,,,,,,,,,,,,,,,,
,PG-MT2-P22,Pouruma guianensis,March 13 2026,March 19 2026,,0,XP212-PR,A,13,A13,1,,14,0.2,4,,0.2,,,,,,,,,,,,,,,,,,,,,,,,,,,,,,,,,,,,,,
,BG-MT4-P49,Banara guianensis,October 15 2025,March 19 2026,,0,XP212-PR,A,14,A14,1,73,62,0.5,17,,0.5,,,,,,,,,,,,,,,,,,,,,,,,,,,,,,,,,,,,,,
,BU-MT2-P36,Brosimum utile,October 15 2025,March 19 2026,,0,XP212-PR,A,15,A15,1,16,15,0.1,2,,0.1,,,,,,,,,,,,,,,,,,,,,,,,,,,,,,,,,,,,,,
,DC-MT4-P23,Dacryodes cupularis,October 15 2025,March 19 2026,,0,XP212-PR,A,16,A16,1,32,24,0.5,2,,0.5,7,,,,,,,,,,,,,,,,,,,,,,,,,,,,,,,,,,,,,
,EA-MT2-P11,Ecuadendron acosta-solisianum,May 19 2025,March 19 2026,October 15 2025,1,XP212-PR,B,1,B1,1,43,,,,,0,,,,,,,,,,,,,,,,,,,,,,,,,,,,,,,,,,,,,,
,EA-MT2-P100,Ecuadendron acosta-solisianum,December 9 2025,March 19 2026,March 19 2026,1,XP212-PR,B,1,B1,1,56,,,,,0,,,,,,,,,,,,,,,,,,,,,,,,,,,,,,,,,,,,,,
,CP-MT5-P55,Carapa guianensis,October 15 2025,March 19 2026,,0,XP212-PR,B,2,B2,1,56,50,1,7,,1,34,,,,,,,,,,,,,,,,,,,,,,,,,,,,,,,,,,,,,
,BU-MT3-P20,Brosimum utile,October 15 2025,March 19 2026,December 9 2025,1,XP212-PR,B,3,B3,1,20,,,,,0,,,,,,,,,,,,,,,,,,,,,,,,,,,,,,,,,,,,,,
,BU-MT3-P82,Brosimum utile,March 13 2026,March 19 2026,,0,XP212-PR,B,3,B3,1,,45,0.5,2,,0.5,,,,,,,,,,,,,,,,,,,,,,,,,,,,,,,,,,,,,,
,CH-MT4-P66,Cecropia hispidissima,October 15 2025,March 19 2026,,0,XP212-PR,B,4,B4,1,52,68,0.9,6,,0.9,,,,,,,,,,,,,,,,,,,,,,,,,,,,,,,,,,,,,,
,AE-MT2-P3,Annona edulis,March 13 2026,March 19 2026,,0,XP212-PR,B,5,B5,1,,48,0.5,4,,0.5,,,,,,,,,,,,,,,,,,,,,,,,,,,,,,,,,,,,,,
,PA-MT6-P54,Piper aduncum,May 19 2025,March 19 2026,October 15 2025,1,XP212-PR,B,6,B6,1,24,,,,,0,,,,,,,,,,,,,,,,,,,,,,,,,,,,,,,,,,,,,,
,PA-MT6-P56,Piper aduncum,December 9 2025,March 19 2026,March 19 2026,1,XP212-PR,B,6,B6,1,38,,,,,0,,,,,,,,,,,,,,,,,,,,,,,,,,,,,,,,,,,,,,
,IS-MT2-P67,Inga silanchensis,April 2 2026,March 19 2026,,0,XP212-PR,B,7,B7,1,34,38,1,14,,1,3,,,,,,,,,,,,,,,,,,,,,,,,,,,,,,,,,,,,,
,PG-MT2-P49,Pouruma guianensis,March 13 2026,March 19 2026,March 19 2026,1,XP212-PR,B,8,B8,1,,,,,,0,,,,,,,,,,,,,,,,,,,,,,,,,,,,,,,,,,,,,,
,OP-MT8-P67,Ochroma pyramidale,May 19 2025,March 19 2026,October 15 2025,1,XP212-PR,B,9,B9,1,44,,,,,0,,,,,,,,,,,,,,,,,,,,,,,,,,,,,,,,,,,,,,
,OP-MT8-P60,Ochroma pyramidale,December 9 2025,March 19 2026,,0,XP212-PR,B,9,B9,1,53,48,0.7,3,,0.7,,,,,,,,,,,,,,,,,,,,,,,,,,,,,,,,,,,,,,
,VB-MT3-P33,Vismia baccifera,March 13 2026,March 19 2026,,0,XP212-PR,B,10,B10,1,,45,0.3,2,,0.3,,,,,,,,,,,,,,,,,,,,,,,,,,,,,,,,,,,,,,
,BS-MT6-P14,Bactris setulosa,October 15 2025,March 19 2026,,0,XP212-PR,B,12,B12,1,21,10,1,3,,1,,,,,,,,,,,,,,,,,,,,,,,,,,,,,,,,,,,,,,
,DC-MT2-P12,Dacryodes cupularis,March 13 2026,March 19 2026,March 19 2026,1,XP212-PR,B,13,B13,1,,,,,,0,,,,,,,,,,,,,,,,,,,,,,,,,,,,,,,,,,,,,,
,BP-MT2-P11,Bauhinia pichinchensis,March 13 2026,March 19 2026,,0,XP212-PR,B,14,B14,1,32,0.4,2,,,2,,,,,,,,,,,,,,,,,,,,,,,,,,,,,,,,,,,,,,
,BG-MT4-P54,Banara guianensis,October 15 2025,March 19 2026,March 19 2026,1,XP212-PR,B,15,B15,1,82,,,,,0,,,,,,,,,,,,,,,,,,,,,,,,,,,,,,,,,,,,,,
,CP-MT5-P32,Carapa guianensis,October 15 2025,March 19 2026,,0,XP212-PR,C,1,C1,1,77,77,1.3,1,,1.3,6,,,,,,,,,,,,,,,,,,,,,,,,,,,,,,,,,,,,,
,BU-MT1-P39,Brosimum utile,May 19 2025,March 19 2026,October 15 2025,1,XP212-PR,C,2,C2,1,16,,,,,0,,,,,,,,,,,,,,,,,,,,,,,,,,,,,,,,,,,,,,
,BU-MT1-P64,Brosimum utile,December 9 2025,March 19 2026,,0,XP212-PR,C,2,C2,1,32,34,0.2,3,,0.2,,,,,,,,,,,,,,,,,,,,,,,,,,,,,,,,,,,,,,
,AE-MT2-P42,Annona edulis,March 13 2026,March 19 2026,,0,XP212-PR,C,3,C3,1,,36,0.4,7,,0.4,,,,,,,,,,,,,,,,,,,,,,,,,,,,,,,,,,,,,,
,EA-MT5-P31,Ecuadendron acosta-solisianum,December 9 2025,March 19 2026,,0,XP212-PR,C,4,C4,1,54,34,1,5,,1,15,,,,,,,,,,,,,,,,,,,,,,,,,,,,,,,,,,,,,
,CH-MT4-P70,Cecropia hispidissima,October 15 2025,March 19 2026,,0,XP212-PR,C,5,C5,1,41,46,0.4,3,,0.4,,,,,,,,,,,,,,,,,,,,,,,,,,,,,,,,,,,,,,
,IS-MT5-P44,Inga silanchensis,April 2 2026,March 19 2026,December 9 2025,1,XP212-PR,C,6,C6,1,35,,,,,0,,,,,,,,,,,,,,,,,,,,,,,,,,,,,,,,,,,,,,
,IS-MT5-P65,Inga silanchensis,March 13 2026,March 19 2026,,0,XP212-PR,C,6,C6,1,,15,0.6,3,,0.6,4,,,,,,,,,,,,,,,,,,,,,,,,,,,,,,,,,,,,,
,PG-MT4-P18,Pouruma guianensis,March 13 2026,March 19 2026,March 19 2026,1,XP212-PR,C,7,C7,1,,,,,,0,,,,,,,,,,,,,,,,,,,,,,,,,,,,,,,,,,,,,,
,DC-MT5-P23,Dacryodes cupularis,October 15 2025,March 19 2026,December 9 2025,1,XP212-PR,C,8,C8,1,19,,,,,0,,,,,,,,,,,,,,,,,,,,,,,,,,,,,,,,,,,,,,
,VB-MT3-P43,Vismia baccifera,March 13 2026,March 19 2026,,0,XP212-PR,C,9,C9,1,,47,0.5,4,,0.5,,,,,,,,,,,,,,,,,,,,,,,,,,,,,,,,,,,,,,
,BP-MT2-P5,Bauhinia pichinchensis,March 13 2026,March 19 2026,,0,XP212-PR,C,10,C10,1,,26,0.4,4,,0.4,,,,,,,,,,,,,,,,,,,,,,,,,,,,,,,,,,,,,,
,OP-MT6-P44,Ochroma pyramidale,May 19 2025,March 19 2026,October 15 2025,1,XP212-PR,C,11,C11,1,85,,,,,0,,,,,,,,,,,,,,,,,,,,,,,,,,,,,,,,,,,,,,
,OP-MT2-P26,Ochroma pyramidale,December 9 2025,March 19 2026,,0,XP212-PR,C,11,C11,1,50,50,0.6,4,,0.6,,,,,,,,,,,,,,,,,,,,,,,,,,,,,,,,,,,,,,
,BS-MT6-P68,Bactris setulosa,December 9 2025,March 19 2026,,0,XP212-PR,C,12,C12,1,16,16,1.2,1,,1.2,,,,,,,,,,,,,,,,,,,,,,,,,,,,,,,,,,,,,,
,BG-MT5-P73,Banara guianensis,October 15 2025,March 19 2026,,0,XP212-PR,C,16,C16,1,71,33,0.9,10,,0.9,,,,,,,,,,,,,,,,,,,,,,,,,,,,,,,,,,,,,,
,DC-MT3-P28,Dacryodes cupularis,October 15 2025,March 19 2026,December 9 2025,1,XP212-PR,A,1,A1,2,19,,,,,0,,,,,,,,,,,,,,,,,,,,,,,,,,,,,,,,,,,,,,
,PG-MT3-P2,Pouruma guianensis,March 13 2026,March 19 2026,,0,XP212-PR,A,2,A2,2,,12,0.1,1,,0.1,,,,,,,,,,,,,,,,,,,,,,,,,,,,,,,,,,,,,,
,CP-MT1-P15,Carapa guianensis,October 15 2025,March 19 2026,March 19 2026,1,XP212-PR,A,3,A3,2,56,,,,,0,,,,,,,,,,,,,,,,,,,,,,,,,,,,,,,,,,,,,,
,OP-MT9-P48,Ochroma pyramidale,April 2 2026,March 19 2026,May 16 2025,1,XP212-PR,A,4,A4,2,45,,,,,0,,,,,,,,,,,,,,,,,,,,,,,,,,,,,,,,,,,,,,
,OP-MT9-P51,Ochroma pyramidale,December 9 2025,March 19 2026,,0,XP212-PR,A,4,A4,2,82,80,0.5,4,,0.5,,,,,,,,,,,,,,,,,,,,,,,,,,,,,,,,,,,,,,
,BU-MT5-P15,Brosimum utile,October 15 2025,March 19 2026,,0,XP212-PR,A,5,A5,2,36,39,0.5,2,,0.5,,,,,,,,,,,,,,,,,,,,,,,,,,,,,,,,,,,,,,
,BS-MT6-P26,Bactris setulosa,October 15 2025,March 19 2026,,0,XP212-PR,A,6,A6,2,18,12,0.9,5,,0.9,,,,,,,,,,,,,,,,,,,,,,,,,,,,,,,,,,,,,,
,MC-MT1-P62,Miconia conocuatrecasasii,October 15 2025,March 19 2026,,0,XP212-PR,A,7,A7,2,26,28,0.9,22,,0.9,,,,,,,,,,,,,,,,,,,,,,,,,,,,,,,,,,,,,,
,BG-MT3-P57,Banara guianensis,October 15 2025,March 19 2026,,0,XP212-PR,A,8,A8,2,66,70,0.6,10,,0.6,,,,,,,,,,,,,,,,,,,,,,,,,,,,,,,,,,,,,,
,BP-MT1-P64,Bauhinia pichinchensis,March 13 2026,March 19 2026,,0,XP212-PR,A,9,A9,2,,26,0.3,1,,0.3,,,,,,,,,,,,,,,,,,,,,,,,,,,,,,,,,,,,,,
,IS-MT5-P17,Inga silanchensis,April 2 2026,March 19 2026,,0,XP212-PR,A,10,A10,2,20,63,0.9,2,,0.9,26,,,,,,,,,,,,,,,,,,,,,,,,,,,,,,,,,,,,,
,EA-MT1-P37,Ecuadendron acosta-solisianum,December 9 2025,March 19 2026,,0,XP212-PR,A,11,A11,2,52,60,0.7,8,,0.7,36,,,,,,,,,,,,,,,,,,,,,,,,,,,,,,,,,,,,,
,PA-MT3-P24,Piper aduncum,April 2 2026,March 19 2026,,0,XP212-PR,A,12,A12,2,25,53,0.8,18,,0.8,,,,,,,,,,,,,,,,,,,,,,,,,,,,,,,,,,,,,,
,AE-MT4-P60,Annona edulis,March 13 2026,March 19 2026,,0,XP212-PR,A,14,A14,2,,45,0.4,3,,0.4,,,,,,,,,,,,,,,,,,,,,,,,,,,,,,,,,,,,,,
,VB-MT2-P55,Vismia baccifera,March 13 2026,March 19 2026,,0,XP212-PR,A,15,A15,2,,24,0.2,4,,0.2,,,,,,,,,,,,,,,,,,,,,,,,,,,,,,,,,,,,,,
,CH-MT5-P32,Cecropia hispidissima,October 15 2025,March 19 2026,December 9 2025,1,XP212-PR,A,16,A16,2,32,MUERTA EN EL TRAYECTO AL PLOT,,,,0,,,,,,,,,,,,,,,,,,,,,,,,,,,,,,,,,,,,,,
,CH-MT5-P53,Cecropia hispidissima,March 13 2026,March 19 2026,,0,XP212-PR,A,16,A16,2,,62,0.8,8,,0.8,,,,,,,,,,,,,,,,,,,,,,,,,,,,,,,,,,,,,,
,BU-MT3-P66,Brosimum utile,October 15 2025,March 19 2026,,0,XP212-PR,B,2,B2,2,32,24,0.4,4,,0.4,,,,,,,,,,,,,,,,,,,,,,,,,,,,,,,,,,,,,,
,CP-MT4-P42,Carapa guianensis,May 19 2025,March 19 2026,October 15 2025,1,XP212-PR,B,3,B3,2,60,,,,,0,,,,,,,,,,,,,,,,,,,,,,,,,,,,,,,,,,,,,,
,CP-MT5-P81,Carapa guianensis,March 13 2026,March 19 2026,,0,XP212-PR,B,3,B3,2,,53,14,0,,14,,,,,,,,,,,,,,,,,,,,,,,,,,,,,,,,,,,,,,
,VB-MT2-P75,Vismia baccifera,March 13 2026,March 19 2026,March 19 2026,1,XP212-PR,B,5,B5,2,,,,,,0,,,,,,,,,,,,,,,,,,,,,,,,,,,,,,,,,,,,,,
,BP-MT1-P12,Bauhinia pichinchensis,March 13 2026,March 19 2026,,0,XP212-PR,B,7,B7,2,,22,0.2,1,,0.2,,,,,,,,,,,,,,,,,,,,,,,,,,,,,,,,,,,,,,
,DC-MT4-P41,Dacryodes cupularis,October 15 2025,March 19 2026,December 9 2025,1,XP212-PR,B,8,B8,2,20,,,,,0,,,,,,,,,,,,,,,,,,,,,,,,,,,,,,,,,,,,,,
,BG-MT3-P83,Banara guianensis,October 15 2025,March 19 2026,,0,XP212-PR,B,9,B9,2,62,73,0.8,38,,0.8,,,,,,,,,,,,,,,,,,,,,,,,,,,,,,,,,,,,,,
,PG-MT3-P46,Pouruma guianensis,March 13 2026,March 19 2026,,0,XP212-PR,B,10,B10,2,,10,0.1,1,,0.1,,,,,,,,,,,,,,,,,,,,,,,,,,,,,,,,,,,,,,
,MC-MT1-P25,Miconia conocuatrecasasii,October 15 2025,March 19 2026,,0,XP212-PR,B,11,B11,2,15,50,0.1,1,,0.1,,,,,,,,,,,,,,,,,,,,,,,,,,,,,,,,,,,,,,
,CH-MT3-P1,Cecropia hispidissima,October 15 2025,March 19 2026,,0,XP212-PR,B,12,B12,2,47,104,0.2,17,,0.2,,,,,,,,,,,,,,,,,,,,,,,,,,,,,,,,,,,,,,
,IS-MT5-P13,Inga silanchensis,December 9 2025,March 19 2026,,0,XP212-PR,B,13,B13,2,23,23,0.5,5,,0.5,22,,,,,,,,,,,,,,,,,,,,,,,,,,,,,,,,,,,,,
,BS-MT6-P51,Bactris setulosa,December 9 2025,March 19 2026,,0,XP212-PR,B,14,B14,2,16,10,0.6,2,,0.6,,,,,,,,,,,,,,,,,,,,,,,,,,,,,,,,,,,,,,
,AE-MT5-P25,Annona edulis,March 13 2026,March 19 2026,,0,XP212-PR,B,15,B15,2,,0.3,40,3,,40,,,,,,,,,,,,,,,,,,,,,,,,,,,,,,,,,,,,,,
,EA-MT5-P30,Ecuadendron acosta-solisianum,December 9 2025,March 19 2026,,0,XP212-PR,B,16,B16,2,50,50,0.9,8,,0.9,17,,,,,,,,,,,,,,,,,,,,,,,,,,,,,,,,,,,,,
,CH-MT1-P24,Cecropia hispidissima,,March 19 2026,,0,XP212-PR,C,1,C1,2,,166,25,14,8,,,,,,,,,,,,,,,,,,,,,,,,,,,,,,,,,,,,,,,
,DC-MT1-P73,Dacryodes cupularis,March 13 2026,March 19 2026,March 19 2026,1,XP212-PR,C,2,C2,2,,,,,,0,,,,,,,,,,,,,,,,,,,,,,,,,,,,,,,,,,,,,,
,BU-MT4-P35,Brosimum utile,October 15 2025,March 19 2026,December 9 2025,1,XP212-PR,C,3,C3,2,38,,,,,0,,,,,,,,,,,,,,,,,,,,,,,,,,,,,,,,,,,,,,
,BU-MT3-P77,Brosimum utile,March 13 2026,March 19 2026,,0,XP212-PR,C,3,C3,2,,37,0.4,1,,0.4,,,,,,,,,,,,,,,,,,,,,,,,,,,,,,,,,,,,,,
,BS-MT7-P25,Bactris setulosa,October 15 2025,March 19 2026,,0,XP212-PR,C,4,C4,2,17,9,1,3,,1,,,,,,,,,,,,,,,,,,,,,,,,,,,,,,,,,,,,,,
,EA-MT5-P14,Ecuadendron acosta-solisianum,December 9 2025,March 19 2026,,0,XP212-PR,C,5,C5,2,43,40,0.5,6,,0.5,12,,,,,,,,,,,,,,,,,,,,,,,,,,,,,,,,,,,,,
,CH-MT1-P8,Cecropia hispidissima,May 19 2025,March 19 2026,October 15 2025,1,XP212-PR,C,6,C6,2,18,,,,,0,,,,,,,,,,,,,,,,,,,,,,,,,,,,,,,,,,,,,,
,CH-MT3-P87,Cecropia hispidissima,March 13 2026,March 19 2026,March 19 2026,1,XP212-PR,C,6,C6,2,,,,,,0,,,,,,,,,,,,,,,,,,,,,,,,,,,,,,,,,,,,,,
,OP-MT7-P8,Ochroma pyramidale,May 19 2025,March 19 2026,October 15 2025,1,XP212-PR,C,7,C7,2,74,,,,,0,,,,,,,,,,,,,,,,,,,,,,,,,,,,,,,,,,,,,,
,OP-MT7-P63,Ochroma pyramidale,December 9 2025,March 19 2026,March 19 2026,1,XP212-PR,C,7,C7,2,100,,,,,0,,,,,,,,,,,,,,,,,,,,,,,,,,,,,,,,,,,,,,
,AE-MT2-P52,Annona edulis,March 13 2026,March 19 2026,,0,XP212-PR,C,9,C9,2,,30,0.5,5,,0.5,,,,,,,,,,,,,,,,,,,,,,,,,,,,,,,,,,,,,,
,IS-MT4-P41,Inga silanchensis,May 19 2025,March 19 2026,October 15 2025,1,XP212-PR,C,10,C10,2,27,,,,,0,,,,,,,,,,,,,,,,,,,,,,,,,,,,,,,,,,,,,,
,IS-MT5-P9,Inga silanchensis,December 9 2025,March 19 2026,,0,XP212-PR,C,10,C10,2,25,22,0.5,1,,0.5,4,,,,,,,,,,,,,,,,,,,,,,,,,,,,,,,,,,,,,
,BG-MT2-P68,Banara guianensis,October 15 2025,March 19 2026,March 19 2026,1,XP212-PR,C,11,C11,2,60,,,,,0,,,,,,,,,,,,,,,,,,,,,,,,,,,,,,,,,,,,,,
,PG-MT4-P48,Pouruma guianensis,March 13 2026,March 19 2026,,0,XP212-PR,C,12,C12,2,,25,0.4,6,,0.4,,,,,,,,,,,,,,,,,,,,,,,,,,,,,,,,,,,,,,
,PA-MT7-P8,Piper aduncum,October 15 2025,March 19 2026,,0,XP212-PR,C,13,C13,2,39,60,1.2,72,,1.2,,52,0.8,,0.8,52,0.7,,0.7,,,,,,,,,90,1.2,0.4,1.2,82,1.2,,1.2,,,,,,,,,,,,,
,BP-MT4-P15,Bauhinia pichinchensis,March 13 2026,March 19 2026,,0,XP212-PR,C,14,C14,2,,37,0.3,4,,0.3,,,,,,,,,,,,,,,,,,,,,,,,,,,,,,,,,,,,,,
,MC-MT3-P38,Miconia conocuatrecasasii,October 15 2025,March 19 2026,,0,XP212-PR,C,15,C15,2,19,24,0.2,20,,0.2,,,,,,,,,,,,,,,,,,,,,,,,,,,,,,,,,,,,,,
,VB-MT1-P33,Vismia baccifera,October 15 2025,March 19 2026,,0,XP212-PR,C,16,C16,2,41,45,2.1,112,,2.1,,,,,,,,,,,,,,,,,,,,,,,,,,,,,,,,,,,,,,
,OP-MT9-P49,Ochroma pyramidale,April 2 2026,March 19 2026,December 9 2025,1,XP212-PR,A,1,A1,3,35,,,,,0,,,,,,,,,,,,,,,,,,,,,,,,,,,,,,,,,,,,,,
,BG-MT1-P36,Banara guianensis,October 15 2025,March 19 2026,,0,XP212-PR,A,2,A2,3,58,52,0.5,25,,0.5,,,,,,,,,,,,,,,,,,,,,,,,,,,,,,,,,,,,,,
,BU-MT4-P47,Brosimum utile,October 15 2025,March 19 2026,,0,XP212-PR,A,3,A3,3,36,45,0.5,8,,0.5,,,,,,,,,,,,,,,,,,,,,,,,,,,,,,,,,,,,,,
,VB-MT3-P76,Vismia baccifera,March 13 2026,March 19 2026,,0,XP212-PR,A,4,A4,3,,44,0.3,4,,0.3,,,,,,,,,,,,,,,,,,,,,,,,,,,,,,,,,,,,,,
,EA-MT2-P43,Ecuadendron acosta-solisianum,March 13 2026,March 19 2026,,0,XP212-PR,A,5,A5,3,,75,0.8,7,,0.8,14,,,,,,,,,,,,,,,,,,,,,,,,,,,,,,,,,,,,,
,PG-MT4-P15,Pouruma guianensis,March 13 2026,March 19 2026,,0,XP212-PR,A,6,A6,3,,20,0.1,2,,0.1,,,,,,,,,,,,,,,,,,,,,,,,,,,,,,,,,,,,,,
,CH-MT1-P24,Cecropia hispidissima,May 19 2025,March 19 2026,October 15 2025,1,XP212-PR,A,7,A7,3,23,,,,,0,,,,,,,,,,,,,,,,,,,,,,,,,,,,,,,,,,,,,,
,CH-MT2-P49,Cecropia hispidissima,March 13 2026,March 19 2026,,0,XP212-PR,A,7,A7,3,,54,0.5,3,,0.5,,,,,,,,,,,,,,,,,,,,,,,,,,,,,,,,,,,,,,
,PA-MT3-P19,Piper aduncum,April 2 2026,March 19 2026,,0,XP212-PR,A,8,A8,3,28,49,0.6,12,,0.6,,,,,,,,,,,,,,,,,,,,,,,,,,,,,,,,,,,,,,
,AE-MT3-P8,Annona edulis,March 13 2026,March 19 2026,,0,XP212-PR,A,9,A9,3,,33,0.3,3,,0.3,,,,,,,,,,,,,,,,,,,,,,,,,,,,,,,,,,,,,,
,IS-MT3-P84,Inga silanchensis,April 2 2026,March 19 2026,,0,XP212-PR,A,10,A10,3,20,9,0.2,3,,0.2,,,,,,,,,,,,,,,,,,,,,,,,,,,,,,,,,,,,,,
,CP-MT4-P64,Carapa guianensis,May 19 2025,March 19 2026,October 15 2025,1,XP212-PR,A,11,A11,3,52,,,,,0,,,,,,,,,,,,,,,,,,,,,,,,,,,,,,,,,,,,,,
,CP-MT5-P83,Carapa guianensis,March 13 2026,March 19 2026,March 19 2026,1,XP212-PR,A,11,A11,3,,,,,,0,,,,,,,,,,,,,,,,,,,,,,,,,,,,,,,,,,,,,,
,BS-MT5-P51,Bactris setulosa,December 9 2025,March 19 2026,,0,XP212-PR,A,12,A12,3,18,14,11,2,,11,,,,,,,,,,,,,,,,,,,,,,,,,,,,,,,,,,,,,,
,DC-MT1-P68,Dacryodes cupularis,October 15 2025,March 19 2026,December 9 2025,1,XP212-PR,A,13,A13,3,18,,,,,0,,,,,,,,,,,,,,,,,,,,,,,,,,,,,,,,,,,,,,
,CH-MT5-P53,,wrong species needs correction of code,March 19 2026,,0,XP212-PR,A,14,A14,3,,44,0.3,3,,0.3,,,,,,,,,,,,,,,,,,,,,,,,,,,,,,,,,,,,,,
,MC-MT1-P20,Miconia conocuatrecasasii,October 15 2025,March 19 2026,,0,XP212-PR,A,15,A15,3,25,28,0.5,13,,0.5,,,,,,,,,,,,,,,,,,,,,,,,,,,,,,,,,,,,,,
,BP-MT2-P46,Bauhinia pichinchensis,March 13 2026,March 19 2026,,0,XP212-PR,A,16,A16,3,,,,,,0,,,,,,,,,,,,,,,,,,,,,,,,,,,,,,,,,,,,,,
,PG-MT3-P10,Pouruma guianensis,March 13 2026,March 19 2026,March 19 2026,1,XP212-PR,B,1,B1,3,,27,0.3,1,,0.3,,,,,,,,,,,,,,,,,,,,,,,,,,,,,,,,,,,,,,
,MC-MT3-P49,Miconia conocuatrecasasii,October 15 2025,March 19 2026,,0,XP212-PR,B,3,B3,3,18,35,0.7,18,,0.7,,,,,,,,,,,,,,,,,,,,,,,,,,,,,,,,,,,,,,
,CH-MT2-P36,Cecropia hispidissima,October 15 2025,March 19 2026,,0,XP212-PR,B,4,B4,3,41,73,1.2,10,,1.2,,,,,,,,,,,,,,,,,,,,,,,,,,,,,,,,,,,,,,
,BG-MT1-P20,Banara guianensis,October 15 2025,March 19 2026,,0,XP212-PR,B,5,B5,3,55,25,0.4,28,,0.4,,,,,,,,,,,,,,,,,,,,,,,,,,,,,,,,,,,,,,
,IS-MT2-P76,Inga silanchensis,April 2 2026,March 19 2026,,0,XP212-PR,B,6,B6,3,24,28,0.9,5,,0.9,17,,,,,,,,,,,,,,,,,,,,,,,,,,,,,,,,,,,,,
,AE-MT3-P50,Annona edulis,March 13 2026,March 19 2026,,0,XP212-PR,B,7,B7,3,,43,0.4,6,,0.4,,,,,,,,,,,,,,,,,,,,,,,,,,,,,,,,,,,,,,
,CP-MT2-P36,Carapa guianensis,May 19 2025,March 19 2026,,0,XP212-PR,B,8,B8,3,32,49,0.8,6,,0.8,22,,,,,,,,,,,,,,,,,,,,,,,,,,,,,,,,,,,,,
,EA-MT3-P22,Ecuadendron acosta-solisianum,May 19 2025,March 19 2026,,0,XP212-PR,B,9,B9,3,42,32,0.6,4,,0.6,8,,,,,,,,,,,,,,,,,,,,,,,,,,,,,,,,,,,,,
,DC-MT1-P14,Dacryodes cupularis,October 15 2025,March 19 2026,December 9 2025,1,XP212-PR,B,10,B10,3,13,MUERTA EN EL CAMINO AL PLOT,,,,0,,,,,,,,,,,,,,,,,,,,,,,,,,,,,,,,,,,,,,
,BU-MT5-P8,Brosimum utile,October 15 2025,March 19 2026,,0,XP212-PR,B,12,B12,3,37,56,1.4,6,,1.4,,,,,,,,,,,,,,,,,,,,,,,,,,,,,,,,,,,,,,
,VB-MT5-P57,Vismia baccifera,March 13 2026,March 19 2026,,0,XP212-PR,B,13,B13,3,,37,0.2,3,,0.2,,,,,,,,,,,,,,,,,,,,,,,,,,,,,,,,,,,,,,
,BS-MT1-P64,Bactris setulosa,December 9 2025,March 19 2026,,0,XP212-PR,B,14,B14,3,18,13,1,1,,1,,,,,,,,,,,,,,,,,,,,,,,,,,,,,,,,,,,,,,
,PA-MT3-P62,Piper aduncum,March 13 2026,March 19 2026,,0,XP212-PR,B,15,B15,3,,52,0.3,4,,0.3,,,,,,,,,,,,,,,,,,,,,,,,,,,,,,,,,,,,,,
,BP-MT3-P31,Bauhinia pichinchensis,March 13 2026,March 19 2026,March 19 2026,1,XP212-PR,B,16,B16,3,,,,,,0,,,,,,,,,,,,,,,,,,,,,,,,,,,,,,,,,,,,,,
,CH-MT4-P84,Cecropia hispidissima,October 15 2025,March 19 2026,,0,XP212-PR,C,1,C1,3,44,76,1.1,11,,1.1,,,,,,,,,,,,,,,,,,,,,,,,,,,,,,,,,,,,,,
,CP-MT2-P31,Carapa guianensis,May 19 2025,March 19 2026,,0,XP212-PR,C,2,C2,3,54,57,1.3,3,,1.3,17,,,,,,,,,,,,,,,,,,,,,,,,,,,,,,,,,,,,,
,BU-MT2-P12,Brosimum utile,October 15 2025,March 19 2026,,0,XP212-PR,C,3,C3,3,24,23,0.4,4,,0.4,,,,,,,,,,,,,,,,,,,,,,,,,,,,,,,,,,,,,,
,EA-MT2-P26,Ecuadendron acosta-solisianum,March 13 2026,March 19 2026,,0,XP212-PR,C,4,C4,3,,58,1.4,3,,1.4,5,,,,,,,,,,,,,,,,,,,,,,,,,,,,,,,,,,,,,
,OP-MT8-P18,Ochroma pyramidale,May 19 2025,March 19 2026,,0,XP212-PR,C,5,C5,3,71,850,38,97,12.1,,,,,,,,,,,4.8,-21.7,7.6,54.1,,,,,,,,,,,,,,,,,,,,,,,,,
,BP-MT4-P37,Bauhinia pichinchensis,March 13 2026,March 19 2026,,0,XP212-PR,C,6,C6,3,,30,0.1,1,,0.1,,,,,,,,,,,,,,,,,,,,,,,,,,,,,,,,,,,,,,
,BG-MT1-P39,Banara guianensis,October 15 2025,March 19 2026,,0,XP212-PR,C,7,C7,3,62,74,1,66,,1,,,,,,,,,,,,,,,,,,,,,,,,,,,,,,,,,,,,,,
,MC-MT2-P59,Miconia conocuatrecasasii,October 15 2025,March 19 2026,,0,XP212-PR,C,8,C8,3,13,42,0.6,26,,0.6,,,,,,,,,,,,,,,,,,,,,,,,,,,,,,,,,,,,,,
,AE-MT1-P60,Annona edulis,March 13 2026,March 19 2026,,0,XP212-PR,C,9,C9,3,,52,0.1,1,,0.1,,,,,,,,,,,,,,,,,,,,,,,,,,,,,,,,,,,,,,
,IS-MT1-P7,Inga silanchensis,May 19 2025,March 19 2026,,0,XP212-PR,C,10,C10,3,32,157,10,16,3.2,,64,,,,,,,,,,,,,,,,,,,,,,,,,,,,,,,,,,,,,
,BS-MT1-P62,Bactris setulosa,December 9 2025,March 19 2026,,0,XP212-PR,C,11,C11,3,16,13,0.6,2,,0.6,,,,,,,,,,,,,,,,,,,,,,,,,,,,,,,,,,,,,,
,DC-MT5-P13,Dacryodes cupularis,October 15 2025,March 19 2026,,0,XP212-PR,C,13,C13,3,28,42,0.7,4,,0.7,,,,,,,,,,,,,,,,,,,,,,,,,,,,,,,,,,,,,,
,PG-MT5-P33,Pouruma guianensis,March 13 2026,March 19 2026,,0,XP212-PR,C,15,C15,3,,20,0.3,0,,0.3,,,,,,,,,,,,,,,,,,,,,,,,,,,,,,,,,,,,,,
,VB-MT1-P43,Vismia baccifera,October 15 2025,March 19 2026,,0,XP212-PR,C,16,C16,3,32,94,2.5,224,,2.5,,,,,,,,,,,,,,,,,,,,,,,,,,,,,,,,,,,,,,
,VB-MT5-P69,Vismia baccifera,March 13 2026,March 19 2026,,0,XP212-PR,A,1,A1,4,,37,0.2,3,,0.2,,,,,,,,,,,,,,,,,,,,,,,,,,,,,,,,,,,,,,
,CH-MT3-P79,Cecropia hispidissima,October 15 2025,March 19 2026,,0,XP212-PR,A,2,A2,4,56,116,1.5,9,,1.5,,,,,,,,,,,,,,,,,,,,,,,,,,,,,,,,,,,,,,
,IS-MT2-P3,Inga silanchensis,December 9 2025,March 19 2026,,0,XP212-PR,A,3,A3,4,33,35,0.5,3,,0.5,17,,,,,,,,,,,,,,,,,,,,,,,,,,,,,,,,,,,,,
,AE-MT1-P10,Annona edulis,March 13 2026,March 19 2026,,0,XP212-PR,A,4,A4,4,,36,0.2,3,,0.2,,,,,,,,,,,,,,,,,,,,,,,,,,,,,,,,,,,,,,
,OP-MT2-P32,Ochroma pyramidale,April 2 2026,March 19 2026,,0,XP212-PR,A,5,A5,4,40,570,50,8,15.9,,,,,,,,,,,4.5,-21.5,5.9,41,,,,,,,,,,,,,,,,,,,,,,,,,
,CP-MT1-P31,Carapa guianensis,October 15 2025,March 19 2026,,0,XP212-PR,A,6,A6,4,66,75,1.4,17,,1.4,34,,,,,,,,,,,,,,,,,,,,,,,,,,,,,,,,,,,,,
,BU-MT1-P49,Brosimum utile,May 19 2025,March 19 2026,,0,XP212-PR,A,7,A7,4,34,59,0.1,10,,0.1,,,,,,,,,,,,,,,,,,,,,,,,,,,,,,,,,,,,,,
,BS-MT6-P78,Bactris setulosa,December 9 2025,March 19 2026,,0,XP212-PR,A,8,A8,4,7,8,0.5,4,,0.5,,,,,,,,,,,,,,,,,,,,,,,,,,,,,,,,,,,,,,
,DC-MT3-P16,Dacryodes cupularis,October 15 2025,March 19 2026,,0,XP212-PR,A,9,A9,4,35,36,0.6,3,,0.6,15,,,,,,,,,,,,,,,,,,,,,,,,,,,,,,,,,,,,,IT WAS NOT DEAD REPORTED DEAD ON THE 9 OF DEC 2025
,PA-MT3-P51,Piper aduncum,December 9 2025,March 19 2026,,0,XP212-PR,A,10,A10,4,45,45,0.8,13,,0.8,,,,,,,,,,,,,,,,,,,,,,,,,,,,,,,,,,,,,,
,PG-MT5-P22,Pouruma guianensis,March 13 2026,March 19 2026,,0,XP212-PR,A,11,A11,4,,24,0.3,5,,0.3,,,,,,,,,,,,,,,,,,,,,,,,,,,,,,,,,,,,,,
,BP-MT4-P81,Bauhinia pichinchensis,March 13 2026,March 19 2026,March 19 2026,1,XP212-PR,A,12,A12,4,,,,,,0,,,,,,,,,,,,,,,,,,,,,,,,,,,,,,,,,,,,,,
,EA-MT1-P85,Ecuadendron acosta-solisianum,March 13 2026,March 19 2026,,0,XP212-PR,A,14,A14,4,,52,0.8,6,,0.8,14,,,,,,,,,,,,,,,,,,,,,,,,,,,,,,,,,,,,,
,BG-MT5-P38,Banara guianensis,October 15 2025,March 19 2026,,0,XP212-PR,A,15,A15,4,34,68,1.4,90,,1.4,,,,,,,,,,,,,,,,,,,,,,,,,,,,,,,,,,,,,,
,AE-MT4-P32,Annona edulis,March 13 2026,March 19 2026,,0,XP212-PR,B,3,B3,4,,47,0.4,4,,0.4,,,,,,,,,,,,,,,,,,,,,,,,,,,,,,,,,,,,,,
,IS-MT1-P9,Inga silanchensis,May 19 2025,March 19 2026,,0,XP212-PR,B,4,B4,4,28,58,0.7,5,,0.7,21,,,,,,,,,,,,,,,,,,,,,,,,,,,,,,,,,,,,,
,OP-MT6-P8,Ochroma pyramidale,May 19 2025,March 19 2026,,0,XP212-PR,B,6,B6,4,50,570,45,159,14.3,,,,,,,,,,,4.8,-15.4,6.4,42.3,,,,,,,,,,,,,,,,,,,,,,,,,
,PG-MT1-P14,Pouruma guianensis,March 13 2026,March 19 2026,,0,XP212-PR,B,7,B7,4,,30,0.3,1,,0.3,,,,,,,,,,,,,,,,,,,,,,,,,,,,,,,,,,,,,,
,BS-MT1-P30,Bactris setulosa,December 9 2025,March 19 2026,,0,XP212-PR,B,8,B8,4,17,13,1.4,1,,1.4,,,,,,,,,,,,,,,,,,,,,,,,,,,,,,,,,,,,,,
,PA-MT7-P18,Piper aduncum,October 15 2025,March 19 2026,,0,XP212-PR,B,9,B9,4,42,22,0.4,22,,0.4,,52,0.6,,0.6,,,,,,,,,,,,,,,,,,,,,,,,,,,,,,,,,
,EA-MT1-P39,Ecuadendron acosta-solisianum,December 9 2025,March 19 2026,,0,XP212-PR,B,10,B10,4,48,47,0.8,8,,0.8,24,,,,,,,,,,,,,,,,,,,,,,,,,,,,,,,,,,,,,
,BP-MT3-P2,Bauhinia pichinchensis,March 13 2026,March 19 2026,,0,XP212-PR,B,11,B11,4,,24,0.4,4,,0.4,,,,,,,,,,,,,,,,,,,,,,,,,,,,,,,,,,,,,,
,BG-MT2-P49,Banara guianensis,October 15 2025,March 19 2026,,0,XP212-PR,B,13,B13,4,70,108,1.1,67,,1.1,,,,,,,,,,,,,,,,,,,,,,,,,,,,,,,,,,,,,,
,BU-MT3-P25,Brosimum utile,October 15 2025,March 19 2026,,0,XP212-PR,B,14,B14,4,31,39,0.7,4,,0.7,,,,,,,,,,,,,,,,,,,,,,,,,,,,,,,,,,,,,,
,CH-MT5-P27,Cecropia hispidissima,October 15 2025,March 19 2026,,0,XP212-PR,B,15,B15,4,53,64,1,7,,1,,,,,,,,,,,,,,,,,,,,,,,,,,,,,,,,,,,,,,
,VB-MT3-P57,Vismia baccifera,March 13 2026,March 19 2026,,0,XP212-PR,B,16,B16,4,,40,0.3,3,,0.3,,,,,,,,,,,,,,,,,,,,,,,,,,,,,,,,,,,,,,
,AE-MT5-P56,Annona edulis,March 13 2026,March 19 2026,,0,XP212-PR,C,1,C1,4,,40,0.3,3,,0.3,,,,,,,,,,,,,,,,,,,,,,,,,,,,,,,,,,,,,,
,IS-MT4-P37,Inga silanchensis,May 19 2025,March 19 2026,,0,XP212-PR,C,2,C2,4,35,90,1.2,10,,1.2,43,,,,,,,,,,,,,,,,,,,,,,,,,,,,,,,,,,,,,
,CH-MT2-P14,Cecropia hispidissima,October 15 2025,March 19 2026,,0,XP212-PR,C,3,C3,4,44,84,1.1,10,,1.1,,,,,,,,,,,,,,,,,,,,,,,,,,,,,,,,,,,,,,
,BP-MT5-P39,Bauhinia pichinchensis,March 13 2026,March 19 2026,March 19 2026,1,XP212-PR,C,4,C4,4,,,,,,0,,,,,,,,,,,,,,,,,,,,,,,,,,,,,,,,,,,,,,
,VB-MT2-P68,Vismia baccifera,March 13 2026,March 19 2026,,0,XP212-PR,C,6,C6,4,,26,0.2,3,,0.2,,,,,,,,,,,,,,,,,,,,,,,,,,,,,,,,,,,,,,
,OP-MT7-P29,Ochroma pyramidale,May 19 2025,March 19 2026,,0,XP212-PR,C,7,C7,4,77,610,35,113,11.1,,,,,,,,,,,5.3,-18,8.6,39.3,,,,,,,,,,,,,,,,,,,,,,,,,
,BU-MT4-P61,Brosimum utile,October 15 2025,March 19 2026,,0,XP212-PR,C,8,C8,4,37,52,0.5,5,,0.5,,,,,,,,,,,,,,,,,,,,,,,,,,,,,,,,,,,,,,
,CP-MT3-P4,Carapa guianensis,May 19 2025,March 19 2026,,0,XP212-PR,C,9,C9,4,61,81,1.6,5,,1.6,23,,,,,,,,,,,,,,,,,,,,,,,,,,,,,,,,,,,,,
,BG-MT3-P32,Banara guianensis,October 15 2025,March 19 2026,,0,XP212-PR,C,11,C11,4,59,109,1.1,57,,1.1,,,,,,,,,,,,,,,,,,,,,,,,,,,,,,,,,,,,,,
,DC-MT2-P6,Dacryodes cupularis,October 15 2025,March 19 2026,,0,XP212-PR,C,12,C12,4,24,26,0.7,3,,0.7,15,,,,,,,,,,,,,,,,,,,,,,,,,,,,,,,,,,,,,
,MC-MT2-P26,Miconia conocuatrecasasii,October 15 2025,March 19 2026,March 19 2026,1,XP212-PR,C,13,C13,4,14,,,,,0,,,,,,,,,,,,,,,,,,,,,,,,,,,,,,,,,,,,,,
,EA-MT5-P18,Ecuadendron acosta-solisianum,December 9 2025,March 19 2026,,0,XP212-PR,C,14,C14,4,35,22,0.4,5,,0.4,9,,,,,,,,,,,,,,,,,,,,,,,,,,,,,,,,,,,,,
,PG-MT2-P9,Pouruma guianensis,March 13 2026,March 19 2026,,0,XP212-PR,C,15,C15,4,,22,0.1,3,,0.1,,,,,,,,,,,,,,,,,,,,,,,,,,,,,,,,,,,,,,
,BS-MT1-P10,Bactris setulosa,October 15 2025,March 19 2026,,0,XP212-PR,C,16,C16,4,22,12,0.8,1,,0.8,,,,,,,,,,,,,,,,,,,,,,,,,,,,,,,,,,,,,,
,IS-MT3-P35,Inga silanchensis,April 2 2026,March 19 2026,March 19 2026,1,XP212-PR,A,1,A1,5,50,,,,,0,,,,,,,,,,,,,,,,,,,,,,,,,,,,,,,,,,,,,,
,CP-MT2-P57,Carapa guianensis,May 19 2025,March 19 2026,March 19 2026,1,XP212-PR,A,2,A2,5,80.1,,,,,0,,,,,,,,,,,,,,,,,,,,,,,,,,,,,,,,,,,,,,
,OP-MT8-P27,Ochroma pyramidale,May 19 2025,March 19 2026,March 19 2026,1,XP212-PR,A,3,A3,5,54,,,,,0,,,,,,,,,,,,,,,,,,,,,,,,,,,,,,,,,,,,,,
,BG-MT4-P75,Banara guianensis,October 15 2025,March 19 2026,March 19 2026,1,XP212-PR,A,4,A4,5,69,,,,,0,,,,,,,,,,,,,,,,,,,,,,,,,,,,,,,,,,,,,,
,DC-MT1-P55,Dacryodes cupularis,October 15 2025,March 19 2026,March 19 2026,1,XP212-PR,A,9,A9,5,18,,,,,0,,,,,,,,,,,,,,,,,,,,,,,,,,,,,,,,,,,,,,
,PG-MT2-P11,Pouruma guianensis,March 13 2026,March 19 2026,,0,XP212-PR,A,12,A12,5,,20,0.3,5,,0.3,,,,,,,,,,,,,,,,,,,,,,,,,,,,,,,,,,,,,,
,AE-MT1-P44,Annona edulis,March 13 2026,March 19 2026,,0,XP212-PR,A,15,A15,5,,43,0.4,4,,0.4,,,,,,,,,,,,,,,,,,,,,,,,,,,,,,,,,,,,,,
,CP-MT3-P54,Carapa guianensis,May 19 2025,March 19 2026,March 19 2026,1,XP212-PR,B,1,B1,5,67,,,,,0,,,,,,,,,,,,,,,,,,,,,,,,,,,,,,,,,,,,,,
,IS-MT1-P66,Inga silanchensis,May 19 2025,March 19 2026,March 19 2026,1,XP212-PR,B,2,B2,5,18,,,,,0,,,,,,,,,,,,,,,,,,,,,,,,,,,,,,,,,,,,,,
,OP-MT6-P2,Ochroma pyramidale,May 19 2025,March 19 2026,March 19 2026,1,XP212-PR,B,3,B3,5,61,,,,,0,,,,,,,,,,,,,,,,,,,,,,,,,,,,,,,,,,,,,,
,BU-MT1-P6,Brosimum utile,May 19 2025,March 19 2026,March 19 2026,1,XP212-PR,B,4,B4,5,32,,,,,0,,,,,,,,,,,,,,,,,,,,,,,,,,,,,,,,,,,,,,
,PA-MT6-P11,Piper aduncum,May 19 2025,March 19 2026,March 19 2026,1,XP212-PR,B,5,B5,5,17,,,,,0,,,,,,,,,,,,,,,,,,,,,,,,,,,,,,,,,,,,,,
,PG-MT2-P64,Pouruma guianensis,March 13 2026,March 19 2026,,0,XP212-PR,B,7,B7,5,,12,0.1,3,,0.1,,,,,,,,,,,,,,,,,,,,,,,,,,,,,,,,,,,,,,
,DC-MT2-P23,Dacryodes cupularis,October 15 2025,March 19 2026,March 19 2026,1,XP212-PR,B,12,B12,5,26,,,,,0,,,,,,,,,,,,,,,,,,,,,,,,,,,,,,,,,,,,,,
,BG-MT5-P63,Banara guianensis,October 15 2025,March 19 2026,,0,XP212-PR,B,13,B13,5,61,120,10,57,,10,,,,,,,,,,,,,,,,,,,,,,,,,,,,,,,,,,,,,,
,CH-MT4-P78,Cecropia hispidissima,October 15 2025,March 19 2026,March 19 2026,1,XP212-PR,B,14,B14,5,46,,,,,0,,,,,,,,,,,,,,,,,,,,,,,,,,,,,,,,,,,,,,
,AE-MT2-P7,Annona edulis,March 13 2026,March 19 2026,,0,XP212-PR,B,16,B16,5,,50,0.5,3,,0.5,,,,,,,,,,,,,,,,,,,,,,,,,,,,,,,,,,,,,,
,OP-MT2-P51,Ochroma pyramidale,April 2 2026,March 19 2026,March 19 2026,1,XP212-PR,C,1,C1,5,38,,,,,0,,,,,,,,,,,,,,,,,,,,,,,,,,,,,,,,,,,,,,
,CP-MT4-P3,Carapa guianensis,May 19 2025,March 19 2026,,0,XP212-PR,C,2,C2,5,60,90,13,6,,13,34,,,,,,,,,,,,,,,,,,,,,,,,,,,,,,,,,,,,,
,DC-MT5-P1,Dacryodes cupularis,October 15 2025,March 19 2026,March 19 2026,1,XP212-PR,C,5,C5,5,32,,,,,0,,,,,,,,,,,,,,,,,,,,,,,,,,,,,,,,,,,,,,
,BG-MT2-P99,Banara guianensis,October 15 2025,March 19 2026,March 19 2026,1,XP212-PR,C,8,C8,5,60,,,,,0,,,,,,,,,,,,,,,,,,,,,,,,,,,,,,,,,,,,,,
,CH-MT3-P33,Cecropia hispidissima,October 15 2025,March 19 2026,March 19 2026,1,XP212-PR,C,11,C11,5,53,,,,,0,,,,,,,,,,,,,,,,,,,,,,,,,,,,,,,,,,,,,,
,AE-MT5-P9,Annona edulis,March 13 2026,March 19 2026,,0,XP212-PR,C,12,C12,5,,30,0.3,3,,0.3,,,,,,,,,,,,,,,,,,,,,,,,,,,,,,,,,,,,,,
,IS-MT3-P89,Inga silanchensis,March 13 2026,March 19 2026,,0,XP212-PR,C,13,C13,5,,24,0.3,2,,0.3,2,,,,,,,,,,,,,,,,,,,,,,,,,,,,,,,,,,,,,
,PG-MT4-P22,Pouruma guianensis,March 13 2026,March 19 2026,,0,XP212-PR,C,16,C16,5,,13,0.2,3,,0.2,,,,,,,,,,,,,,,,,,,,,,,,,,,,,,,,,,,,,,
,PG-MT5-P47,Pouruma guianensis,March 20 2026,March 25 2026,,0,XP213-PR,A,1,A1,1,,20,0.1,2,,0.1,,,,,,,,,,,,,,,,,,,,,,,,,,,,,,,,,,,,,,
,BP-MT4-P91,Bauhinia pichinchensis,March 20 2026,March 25 2026,March 25 2026,1,XP213-PR,A,2,A2,1,,,,,,0,,,,,,,,,,,,,,,,,,,,,,,,,,,,,,,,,,,,,,
,VB-MT5-P35,Vismia baccifera,March 20 2026,March 25 2026,,0,XP213-PR,A,3,A3,1,,50,0.2,4,,0.2,,,,,,,,,,,,,,,,,,,,,,,,,,,,,,,,,,,,,,
,CH-MT2-P13,Cecropia hispidissima,October 14 2025,March 25 2026,,0,XP213-PR,A,4,A4,1,14,158,8.5,18,2.7,,,,,,,,,,,,,,,,,,,,,,,,,,,,,,,,,,,,,,,
,AE-MT4-P79,Annona edulis,March 20 2026,March 25 2026,March 25 2026,1,XP213-PR,A,6,A6,1,,,,,,0,,,,,,,,,,,,,,,,,,,,,,,,,,,,,,,,,,,,,,
,IS-MT3-P4,Inga silanchensis,,March 25 2026,,0,XP213-PR,A,5,A5,1,,21,2.2,13,,2.2,59,,,,,,,,,,,,,,,,,,,,,,,,,,,,,,,,,,,,,
,PA-MT6-P26,Piper aduncum,May 29 2025,March 25 2026,,0,XP213-PR,A,8,A8,1,17,190,5,check julies,1.6,,,170,2.5,0.8,,,,,,,,,,,,,,,,,,,,,,,,,,,,,,,,,,
,EA-MT5-P35,Ecuadendron acosta-solisianum,December 10 2025,March 25 2026,,0,XP213-PR,A,9,A9,1,47,60,0.8,9,,0.8,20,,,,,,,,,,,,,,,,,,,,,,,,,,,,,,,,,,,,,
,DC-MT4-P16,Dacryodes cupularis,October 14 2025,March 25 2026,March 25 2026,1,XP213-PR,A,10,A10,1,35,,,,,0,,,,,,,,,,,,,,,,,,,,,,,,,,,,,,,,,,,,,,
,OP-MT9-P40,Ochroma pyramidale,April 7 2025,March 25 2026,,0,XP213-PR,A,11,A11,1,64.5,630,38,,12.1,,,,,,,,,,,9.5,-15.6,10.9,21.1,,,,,,,,,,,,,,,,,,,,,,,,,
,CP-MT4-P16,Carapa guianensis,May 29 2025,March 25 2026,,0,XP213-PR,A,12,A12,1,38,146,4,13,1.3,,78,,,,,,,,,,,,,,,,,,,,,,,,,,,,,,,,,,,,,
,MC-MT2-P21,Miconia conocuatrecasasii,October 14 2025,March 25 2026,,0,XP213-PR,A,13,A13,1,17,47,17,14,,17,,,,,,,,,,,,,,,,,,,,,,,,,,,,,,,,,,,,,,
,BG-MT1-P16,Banara guianensis,October 14 2025,March 25 2026,,0,XP213-PR,A,14,A14,1,47,84,0.8,65,,0.8,,,,,,,,,,,,,,,,,,,,,,,,,,,,,,,,,,,,,,
,BS-MT1-P61,Bactris setulosa,December 10 2025,March 25 2026,March 25 2026,1,XP213-PR,A,15,A15,1,18,,,,,0,,,,,,,,,,,,,,,,,,,,,,,,,,,,,,,,,,,,,,
,BU-MT3-P7,Brosimum utile,October 14 2025,March 25 2026,,0,XP213-PR,A,16,A16,1,27,30,0.2,4,,0.2,,,,,,,,,,,,,,,,,,,,,,,,,,,,,,,,,,,,,,
,MC-MT3-P11,Miconia conocuatrecasasii,October 14 2025,March 25 2026,,0,XP213-PR,B,1,B1,1,20,21,0.2,0,,0.2,,,,,,,,,,,,,,,,,,,,,,,,,,,,,,,,,,,,,,
,BS-MT5-P3,Bactris setulosa,October 14 2025,March 25 2026,,0,XP213-PR,B,2,B2,1,24,9,0.9,3,,0.9,,,,,,,,,,,,,,,,,,,,,,,,,,,,,,,,,,,,,,
,BP-MT2-P40,Bauhinia pichinchensis,March 20 2026,March 25 2026,March 25 2026,1,XP213-PR,B,3,B3,1,,,,,,0,,,,,,,,,,,,,,,,,,,,,,,,,,,,,,,,,,,,,,
,CP-MT1-P18,Carapa guianensis,October 14 2025,March 25 2026,,0,XP213-PR,B,4,B4,1,82,78,14,5,,14,23,,,,,,,,,,,,,,,,,,,,,,,,,,,,,,,,,,,,,
,AE-MT2-P20,Annona edulis,March 20 2026,March 25 2026,,0,XP213-PR,B,5,B5,1,,46,0.4,3,,0.4,,,,,,,,,,,,,,,,,,,,,,,,,,,,,,,,,,,,,,
,PA-MT6-P4,Piper aduncum,May 29 2025,March 25 2026,,0,XP213-PR,B,6,B6,1,22,151,3.5,check julies,1.1,,,155,4,1.3,,158,3.5,1.1,,,,,,,,,,,,,,,,,,,,,,,,,,,,,,
,BU-MT4-P10,Brosimum utile,October 14 2025,March 25 2026,,0,XP213-PR,B,7,B7,1,32,48,0.6,10,,0.6,,,,,,,,,,,,,,,,,,,,,,,,,,,,,,,,,,,,,,
,OP-MT2-P34,Ochroma pyramidale,April 7 2025,March 25 2026,,0,XP213-PR,B,8,B8,1,53,360,49,60,15.6,,,,,,,,,,,5.8,-12.1,10.8,22.1,,,,,,,,,,,,,,,,,,,,,,,,,
,EA-MT1-P103,Ecuadendron acosta-solisianum,March 20 2026,March 25 2026,March 25 2026,1,XP213-PR,B,9,B9,1,,,,,,0,,,,,,,,,,,,,,,,,,,,,,,,,,,,,,,,,,,,,,
,BG-MT5-P31,Banara guianensis,October 14 2025,March 25 2026,December 10 2025,1,XP213-PR,B,10,B10,1,19,,,,,0,,,,,,,,,,,,,,,,,,,,,,,,,,,,,,,,,,,,,,
,BG-MT1-P63,Banara guianensis,March 20 2026,March 25 2026,,0,XP213-PR,B,10,B10,1,,40,0.3,6,,0.3,,,,,,,,,,,,,,,,,,,,,,,,,,,,,,,,,,,,,,
,PG-MT1-P24,Pouruma guianensis,March 20 2026,March 25 2026,,0,XP213-PR,B,11,B11,1,,32,0.4,0,,0.4,,,,,,,,,,,,,,,,,,,,,,,,,,,,,,,,,,,,,,
,VB-MT1-P7,Vismia baccifera,October 14 2025,March 25 2026,,0,XP213-PR,B,12,B12,1,39,65,0.7,50,,0.7,,,,,,,,,,,,,,,,,,,,,,,,,,,,,,,,,,,,,,
,CH-MT4-P16,Cecropia hispidissima,October 14 2025,March 25 2026,,0,XP213-PR,B,13,B13,1,48,190,8.5,12,2.7,,,,,,,,,,,,,,,,,,,,,,,,,,,,,,,,,,,,,,,
,IS-MT2-P79,Inga silanchensis,December 10 2025,March 25 2026,,0,XP213-PR,B,14,B14,1,13,20,0.6,2,,0.6,8,,,,,,,,,,,,,,,,,,,,,,,,,,,,,,,,,,,,,
,EA-MT5-P69,Ecuadendron acosta-solisianum,December 10 2025,March 25 2026,,0,XP213-PR,C,1,C1,1,30,23,0.3,1,,0.3,2,,,,,,,,,,,,,,,,,,,,,,,,,,,,,,,,,,,,,
,OP-MT8-P53,Ochroma pyramidale,May 29 2025,March 25 2026,,0,XP213-PR,C,2,C2,1,50,530,17,52,5.4,,,,,,,,,,,7,-13,7.1,27.9,,,,,,,,,,,,,,,,,,,,,,,,,
,BP-MT1-P61,Bauhinia pichinchensis,March 20 2026,March 25 2026,March 25 2026,1,XP213-PR,C,3,C3,1,,,,,,0,,,,,,,,,,,,,,,,,,,,,,,,,,,,,,,,,,,,,,
,AE-MT3-P21,Annona edulis,March 20 2026,March 25 2026,,0,XP213-PR,C,4,C4,1,,47,0.5,3,,0.5,,,,,,,,,,,,,,,,,,,,,,,,,,,,,,,,,,,,,,
,CP-MT3-P39,Carapa guianensis,May 29 2025,March 25 2026,,0,XP213-PR,C,5,C5,1,54,72,14,5,,14,31,,,,,,,,,,,,,,,,,,,,,,,,,,,,,,,,,,,,,
,IS-MT3-P40,Inga silanchensis,December 10 2025,March 25 2026,,0,XP213-PR,C,7,C7,1,27,30,0.5,3,,0.5,16,,,,,,,,,,,,,,,,,,,,,,,,,,,,,,,,,,,,,
,BS-MT6-P64,Bactris setulosa,December 10 2025,March 25 2026,,0,XP213-PR,C,9,C9,1,35,19,1.5,5,,1.5,,,,,,,,,,,,,,,,,,,,,,,,,,,,,,,,,,,,,,
,PG-MT1-P47,Pouruma guianensis,March 20 2026,March 25 2026,,0,XP213-PR,C,10,C10,1,,28,0.3,2,,0.3,,,,,,,,,,,,,,,,,,,,,,,,,,,,,,,,,,,,,,
,CH-MT3-P3,Cecropia hispidissima,October 14 2025,March 25 2026,,0,XP213-PR,C,11,C11,1,50,173,1.5,17,0.5,,,,,,,,,,,,,,,,,,,,,,,,,,,,,,,,,,,,,,,
,BG-MT2-P78,Banara guianensis,October 14 2025,March 25 2026,,0,XP213-PR,C,12,C12,1,59,50,0.7,16,,0.7,,,,,,,,,,,,,,,,,,,,,,,,,,,,,,,,,,,,,,
,MC-MT1-P50,Miconia conocuatrecasasii,October 14 2025,March 25 2026,December 10 2025,1,XP213-PR,C,13,C13,1,18,,,,,0,,,,,,,,,,,,,,,,,,,,,,,,,,,,,,,,,,,,,,
,MC-MT1-P9,Miconia conocuatrecasasii,March 20 2026,March 25 2026,,0,XP213-PR,C,13,C13,1,,21,0.1,1,,0.1,,,,,,,,,,,,,,,,,,,,,,,,,,,,,,,,,,,,,,
,BU-MT2-P31,Brosimum utile,October 14 2025,March 25 2026,,0,XP213-PR,C,14,C14,1,33,37,0.3,2,,0.3,,,,,,,,,,,,,,,,,,,,,,,,,,,,,,,,,,,,,,
,DC-MT4-P4,Dacryodes cupularis,October 14 2025,March 25 2026,,0,XP213-PR,C,15,C15,1,16,16,0.3,3,,0.3,15,,,,,,,,,,,,,,,,,,,,,,,,,,,,,,,,,,,,,
,VB-MT3-P28,Vismia baccifera,March 20 2026,March 25 2026,,0,XP213-PR,C,16,C16,1,,50,0.2,4,,0.2,,,,,,,,,,,,,,,,,,,,,,,,,,,,,,,,,,,,,,
,OP-MT2-P55,Ochroma pyramidale,April 7 2025,March 25 2026,,0,XP213-PR,A,1,A1,2,40,630,21,26,6.7,,,,,,,,,,,7.9,-28,6.6,14.9,,,,,,,,,,,,,,,,,,,,,,,,,
,MC-MT2-P29,Miconia conocuatrecasasii,October 14 2025,March 25 2026,,0,XP213-PR,A,2,A2,2,14,30,0.4,6,,0.4,,,,,,,,,,,,,,,,,,,,,,,,,,,,,,,,,,,,,,
,PA-MT3-P5,Piper aduncum,April 7 2025,March 25 2026,,0,XP213-PR,A,3,A3,2,24,123,1.5,75,,1.5,,,,,,,,,,,,,,,,,,,,,,,,,,,,,,,,,,,,,,
,CH-MT2-P39,Cecropia hispidissima,October 14 2025,March 25 2026,,0,XP213-PR,A,4,A4,2,55,78,0.9,3,,0.9,,,,,,,,,,,,,,,,,,,,,,,,,,,,,,,,,,,,,,
,AE-MT5-P34,Annona edulis,March 20 2026,March 25 2026,,0,XP213-PR,A,5,A5,2,,44,0.4,4,,0.4,,,,,,,,,,,,,,,,,,,,,,,,,,,,,,,,,,,,,,
,CP-MT4-P62,Carapa guianensis,May 29 2025,March 25 2026,,0,XP213-PR,A,6,A6,2,62,74,1.4,7,,1.4,38,,,,,,,,,,,,,,,,,,,,,,,,,,,,,,,,,,,,,
,BG-MT1-P84,Banara guianensis,October 14 2025,March 25 2026,,0,XP213-PR,A,7,A7,2,44,56,0.7,50,,0.7,,,,,,,,,,,,,,,,,,,,,,,,,,,,,,,,,,,,,,
,DC-MT1-P46,Dacryodes cupularis,October 14 2025,March 25 2026,,0,XP213-PR,A,8,A8,2,34,28,1.6,3,,1.6,15,,,,,,,,,,,,,,,,,,,,,,,,,,,,,,,,,,,,,
,IS-MT5-P75,Inga silanchensis,April 7 2025,March 25 2026,,0,XP213-PR,A,9,A9,2,31.5,61,1,8,,1,25,,,,,,,,,,,,,,,,,,,,,,,,,,,,,,,,,,,,,
,EA-MT5-P83,Ecuadendron acosta-solisianum,March 20 2026,March 25 2026,,0,XP213-PR,A,10,A10,2,,50,0.5,7,,0.5,13,,,,,,,,,,,,,,,,,,,,,,,,,,,,,,,,,,,,,
,PG-MT3-P26,Pouruma guianensis,March 20 2026,March 25 2026,,0,XP213-PR,A,11,A11,2,,20,0.2,1,,0.2,,,,,,,,,,,,,,,,,,,,,,,,,,,,,,,,,,,,,,
,VB-MT2-P9,Vismia baccifera,March 20 2026,March 25 2026,,0,XP213-PR,A,12,A12,2,,32,0.1,0,,0.1,,,,,,,,,,,,,,,,,,,,,,,,,,,,,,,,,,,,,,
,BP-MT2-P69,Bauhinia pichinchensis,March 20 2026,March 25 2026,March 25 2026,1,XP213-PR,A,13,A13,2,,,,,,0,,,,,,,,,,,,,,,,,,,,,,,,,,,,,,,,,,,,,,
,BU-MT4-P85,Brosimum utile,October 14 2025,March 25 2026,,0,XP213-PR,A,15,A15,2,37,45,1.3,0,,1.3,,,,,,,,,,,,,,,,,,,,,,,,,,,,,,,,,,,,,,
,BS-MT1-P13,Bactris setulosa,October 14 2025,March 25 2026,,0,XP213-PR,A,16,A16,2,16,10,0.8,1,,0.8,,,,,,,,,,,,,,,,,,,,,,,,,,,,,,,,,,,,,,
,IS-MT4-P28,Inga silanchensis,May 29 2025,March 25 2026,,0,XP213-PR,B,1,B1,2,21,23,0.4,2,,0.4,6,,,,,,,,,,,,,,,,,,,,,,,,,,,,,,,,,,,,,
,MC-MT3-P15,Miconia conocuatrecasasii,October 14 2025,March 25 2026,,0,XP213-PR,B,2,B2,2,13,38,0.7,12,,0.7,,,,,,,,,,,,,,,,,,,,,,,,,,,,,,,,,,,,,,
,CH-MT1-P27,Cecropia hispidissima,May 29 2025,March 25 2026,,0,XP213-PR,B,3,B3,2,24,57,0.6,8,,0.6,,,,,,,,,,,,,,,,,,,,,,,,,,,,,,,,,,,,,,
,PG-MT1-P54,Pouruma guianensis,March 20 2026,March 25 2026,March 25 2026,1,XP213-PR,B,4,B4,2,,,,,,0,,,,,,,,,,,,,,,,,,,,,,,,,,,,,,,,,,,,,,
,DC-MT3-P31,Dacryodes cupularis,October 14 2025,March 25 2026,March 25 2026,1,XP213-PR,B,6,B6,2,35,,,,,0,,,,,,,,,,,,,,,,,,,,,,,,,,,,,,,,,,,,,,
,EA-MT3-P7,Ecuadendron acosta-solisianum,May 29 2025,March 25 2026,,0,XP213-PR,B,7,B7,2,50,56,1.1,12,,1.1,26,,,,,,,,,,,,,,,,,,,,,,,,,,,,,,,,,,,,,
,BU-MT4-P26,Brosimum utile,October 14 2025,March 25 2026,,0,XP213-PR,B,8,B8,2,24,54,0.4,4,,0.4,,,,,,,,,,,,,,,,,,,,,,,,,,,,,,,,,,,,,,
,BP-MT5-P29,Bauhinia pichinchensis,March 20 2026,March 25 2026,March 25 2026,1,XP213-PR,B,9,B9,2,,,,,,0,,,,,,,,,,,,,,,,,,,,,,,,,,,,,,,,,,,,,,
,AE-MT3-P56,Annona edulis,March 20 2026,March 25 2026,,0,XP213-PR,B,10,B10,2,,47,0.5,3,,0.5,,,,,,,,,,,,,,,,,,,,,,,,,,,,,,,,,,,,,,
,CP-MT5-P61,Carapa guianensis,October 14 2025,March 25 2026,,0,XP213-PR,B,11,B11,2,52,69,1.4,4,,1.4,15,,,,,,,,,,,,,,,,,,,,,,,,,,,,,,,,,,,,,
,BS-MT5-P48,Bactris setulosa,December 10 2025,March 25 2026,,0,XP213-PR,B,13,B13,2,26,12,1.2,1,,1.2,,,,,,,,,,,,,,,,,,,,,,,,,,,,,,,,,,,,,,
,VB-MT3-P62,Vismia baccifera,March 20 2026,March 25 2026,,0,XP213-PR,B,14,B14,2,,42,0.1,2,,0.1,,,,,,,,,,,,,,,,,,,,,,,,,,,,,,,,,,,,,,
,BG-MT4-P10,Banara guianensis,October 14 2025,March 25 2026,,0,XP213-PR,B,15,B15,2,75,50,0.7,12,,0.7,,,,,,,,,,,,,,,,,,,,,,,,,,,,,,,,,,,,,,
,PA-MT7-P38,Piper aduncum,October 14 2025,March 25 2026,,0,XP213-PR,B,16,B16,2,36,50,0.8,30,,0.8,,,,,,,,,,,,,,,,,,,,,,,,,,,,,,,,,,,,,,
,IS-MT1-P37,Inga silanchensis,May 29 2025,March 25 2026,,0,XP213-PR,C,1,C1,2,19,40,0.6,7,,0.6,25,,,,,,,,,,,,,,,,,,,,,,,,,,,,,,,,,,,,,
,EA-MT1-P23,Ecuadendron acosta-solisianum,December 10 2025,March 25 2026,,0,XP213-PR,C,3,C3,2,26,44,0.5,6,,0.5,15,,,,,,,,,,,,,,,,,,,,,,,,,,,,,,,,,,,,,
,BP-MT4-P23,Bauhinia pichinchensis,March 20 2026,March 25 2026,March 25 2026,1,XP213-PR,C,4,C4,2,,,,,,0,,,,,,,,,,,,,,,,,,,,,,,,,,,,,,,,,,,,,,
,BS-MT6-P38,Bactris setulosa,December 10 2025,March 25 2026,,0,XP213-PR,C,6,C6,2,30,12,1.1,3,,1.1,,,,,,,,,,,,,,,,,,,,,,,,,,,,,,,,,,,,,,
,BU-MT1-P24,Brosimum utile,May 29 2025,March 25 2026,December 10 2025,1,XP213-PR,C,7,C7,2,34,,,,,0,,,,,,,,,,,,,,,,,,,,,,,,,,,,,,,,,,,,,,
,BU-MT1-P78,Brosimum utile,March 20 2026,March 25 2026,,0,XP213-PR,C,7,C7,2,,26,0.2,3,,0.2,,,,,,,,,,,,,,,,,,,,,,,,,,,,,,,,,,,,,,
,CH-MT2-P40,Cecropia hispidissima,October 14 2025,March 25 2026,,0,XP213-PR,C,8,C8,2,51,109,1.8,7,,1.8,,,,,,,,,,,,,,,,,,,,,,,,,,,,,,,,,,,,,,
,AE-MT4-P13,Annona edulis,March 20 2026,March 25 2026,March 25 2026,1,XP213-PR,C,9,C9,2,,,,,,0,,,,,,,,,,,,,,,,,,,,,,,,,,,,,,,,,,,,,,
,OP-MT8-P59,Ochroma pyramidale,May 29 2025,March 25 2026,,0,XP213-PR,C,10,C10,2,62,480,12,80,3.8,,,,,,,,,,,6.5,-23.2,5.8,17.2,,,,,,,,,,,,,,,,,,,,,,,,,
,PG-MT5-P12,Pouruma guianensis,March 20 2026,March 25 2026,,0,XP213-PR,C,11,C11,2,,25,0.1,3,,0.1,,,,,,,,,,,,,,,,,,,,,,,,,,,,,,,,,,,,,,
,VB-MT3-P59,Vismia baccifera,March 20 2026,March 25 2026,,0,XP213-PR,C,12,C12,2,,50,0.2,1,,0.2,,,,,,,,,,,,,,,,,,,,,,,,,,,,,,,,,,,,,,
,BG-MT1-P35,Banara guianensis,October 14 2025,March 25 2026,,0,XP213-PR,C,14,C14,2,58,69,0.4,23,,0.4,,,,,,,,,,,,,,,,,,,,,,,,,,,,,,,,,,,,,,
,CP-MT2-P80,Carapa guianensis,,March 25 2026,,0,XP213-PR,C,15,C15,2,,40,1.7,4,,1.7,22,,,,,,,,,,,,,,,,,,,,,,,,,,,,,,,,,,,,,
,DC-MT5-P77,Dacryodes cupularis,March 20 2026,March 25 2026,March 25 2026,1,XP213-PR,C,16,C16,2,,,,,,0,,,,,,,,,,,,,,,,,,,,,,,,,,,,,,,,,,,,,,
,OP-MT9-P37,Ochroma pyramidale,April 7 2025,March 25 2026,,0,XP213-PR,A,1,A1,3,41,430,13,25,4.1,,,,,,,,,,,5,-24.8,5,21.9,,,,,,,,,,,,,,,,,,,,,,,,,
,PG-MT1-P42,Pouruma guianensis,March 20 2026,March 25 2026,,0,XP213-PR,A,2,A2,3,,39,0.2,2,,0.2,,,,,,,,,,,,,,,,,,,,,,,,,,,,,,,,,,,,,,
,IS-MT2-P51,Inga silanchensis,April 7 2025,March 25 2026,,0,XP213-PR,A,3,A3,3,27,43,1,7,,1,24,,,,,,,,,,,,,,,,,,,,,,,,,,,,,,,,,,,,,
,BG-MT3-P74,Banara guianensis,October 14 2025,March 25 2026,,0,XP213-PR,A,4,A4,3,75,96,0.8,55,,0.8,,,,,,,,,,,,,,,,,,,,,,,,,,,,,,,,,,,,,,
,DC-MT3-P34,Dacryodes cupularis,October 14 2025,March 25 2026,,0,XP213-PR,A,5,A5,3,18.5,20,0.6,3,,0.6,12,,,,,,,,,,,,,,,,,,,,,,,,,,,,,,,,,,,,,
,EA-MT4-P8,Ecuadendron acosta-solisianum,May 29 2025,March 25 2026,,0,XP213-PR,A,6,A6,3,56,84,1.3,4,,1.3,9,,,,,,,,,,,,,,,,,,,,,,,,,,,,,,,,,,,,,
,BS-MT6-P32,Bactris setulosa,October 14 2025,March 25 2026,,0,XP213-PR,A,7,A7,3,27,15,1.3,3,,1.3,,,,,,,,,,,,,,,,,,,,,,,,,,,,,,,,,,,,,,
,CH-MT4-P63,Cecropia hispidissima,October 14 2025,March 25 2026,,0,XP213-PR,A,9,A9,3,53,71,0.8,5,,0.8,,,,,,,,,,,,,,,,,,,,,,,,,,,,,,,,,,,,,,
,CP-MT3-P11,Carapa guianensis,May 29 2025,March 25 2026,,0,XP213-PR,A,10,A10,3,65,74,1.8,7,,1.8,27,,,,,,,,,,,,,,,,,,,,,,,,,,,,,,,,,,,,,
,BP-MT1-P24,Bauhinia pichinchensis,March 20 2026,March 25 2026,,0,XP213-PR,A,11,A11,3,,26,0.2,1,,0.2,,,,,,,,,,,,,,,,,,,,,,,,,,,,,,,,,,,,,,
,BU-MT5-P36,Brosimum utile,October 14 2025,March 25 2026,,0,XP213-PR,A,12,A12,3,25,35,16,3,,16,,,,,,,,,,,,,,,,,,,,,,,,,,,,,,,,,,,,,,
,AE-MT1-P1,Annona edulis,March 20 2026,March 25 2026,,0,XP213-PR,A,14,A14,3,,42,0.3,2,,0.3,,,,,,,,,,,,,,,,,,,,,,,,,,,,,,,,,,,,,,
,VB-MT1-P2,Vismia baccifera,October 14 2025,March 25 2026,,0,XP213-PR,A,15,A15,3,33,39,0.2,11,,0.2,,,,,,,,,,,,,,,,,,,,,,,,,,,,,,,,,,,,,,
,MC-MT1-P51,Miconia conocuatrecasasii,October 14 2025,March 25 2026,,0,XP213-PR,A,16,A16,3,23,28,0.3,4,,0.3,,,,,,,,,,,,,,,,,,,,,,,,,,,,,,,,,,,,,,
,MC-MT1-P1,Miconia conocuatrecasasii,October 14 2025,March 25 2026,March 25 2026,1,XP213-PR,B,1,B1,3,16,,,,,0,,,,,,,,,,,,,,,,,,,,,,,,,,,,,,,,,,,,,,
,CP-MT2-P50,Carapa guianensis,May 29 2025,March 25 2026,December 10 2025,1,XP213-PR,B,2,B2,3,33,,,,,0,,,,,,,,,,,,,,,,,,,,,,,,,,,,,,,,,,,,,,
,CP-MT1-P62,Carapa guianensis,March 20 2026,March 25 2026,,0,XP213-PR,B,2,B2,3,,30,1,0,,1,,,,,,,,,,,,,,,,,,,,,,,,,,,,,,,,,,,,,,
,EA-MT5-P57,Ecuadendron acosta-solisianum,December 10 2025,March 25 2026,,0,XP213-PR,B,3,B3,3,36,58,0.9,9,,0.9,16,,,,,,,,,,,,,,,,,,,,,,,,,,,,,,,,,,,,,
,IS-MT5-P30,Inga silanchensis,April 7 2025,March 25 2026,,0,XP213-PR,B,4,B4,3,20,132,0.3,18,,0.3,74,,,,,,,,,,,,,,,,,,,,,,,,,,,,,,,,,,,,,
,OP-MT7-P55,Ochroma pyramidale,May 29 2025,March 25 2026,,0,XP213-PR,B,5,B5,3,88,770,25.5,37,8.1,,,,,,,,,,,9,-21.9,9,24.3,,,,,,,,,,,,,,,,,,,,,,,,,
,CH-MT4-P23,Cecropia hispidissima,October 14 2025,March 25 2026,,0,XP213-PR,B,6,B6,3,53,120,1.5,7,,1.5,,,,,,,,,,,,,,,,,,,,,,,,,,,,,,,,,,,,,,
,BS-MT7-P17,Bactris setulosa,October 14 2025,March 25 2026,,0,XP213-PR,B,7,B7,3,23,12,0.9,5,,0.9,,,,,,,,,,,,,,,,,,,,,,,,,,,,,,,,,,,,,,
,PG-MT2-P46,Pouruma guianensis,March 20 2026,March 25 2026,,0,XP213-PR,B,8,B8,3,,25,0.1,0,,0.1,,,,,,,,,,,,,,,,,,,,,,,,,,,,,,,,,,,,,,
,BU-MT3-P78,Brosimum utile,October 14 2025,March 25 2026,,0,XP213-PR,B,9,B9,3,22,28,0.3,3,,0.3,,,,,,,,,,,,,,,,,,,,,,,,,,,,,,,,,,,,,,
,AE-MT3-P38,Annona edulis,March 20 2026,March 25 2026,,0,XP213-PR,B,10,B10,3,,38,0.2,1,,0.2,,,,,,,,,,,,,,,,,,,,,,,,,,,,,,,,,,,,,,
,DC-MT2-P4,Dacryodes cupularis,October 14 2025,March 25 2026,,0,XP213-PR,B,11,B11,3,33,35,0.6,4,,0.6,19,,,,,,,,,,,,,,,,,,,,,,,,,,,,,,,,,,,,,
,BP-MT1-P51,Bauhinia pichinchensis,March 20 2026,March 25 2026,,0,XP213-PR,B,13,B13,3,,30,0.2,1,,0.2,,,,,,,,,,,,,,,,,,,,,,,,,,,,,,,,,,,,,,
,BG-MT2-P8,Banara guianensis,October 14 2025,March 25 2026,March 25 2026,1,XP213-PR,B,15,B15,3,58,,,,,0,,,,,,,,,,,,,,,,,,,,,,,,,,,,,,,,,,,,,,
,VB-MT5-P62,Vismia baccifera,March 20 2026,March 25 2026,,0,XP213-PR,B,16,B16,3,,44,0.2,2,,0.2,,,,,,,,,,,,,,,,,,,,,,,,,,,,,,,,,,,,,,
,BS-MT5-P55,Bactris setulosa,December 10 2025,March 25 2026,March 25 2026,1,XP213-PR,C,1,C1,3,23,,,,,0,,,,,,,,,,,,,,,,,,,,,,,,,,,,,,,,,,,,,,
,CH-MT5-P9,Cecropia hispidissima,October 14 2025,March 25 2026,,0,XP213-PR,C,2,C2,3,66,135,2,7,0.6,,,,,,,,,,,,,,,,,,,,,,,,,,,,,,,,,,,,,,,
,IS-MT4-P58,Inga silanchensis,May 29 2025,March 25 2026,,0,XP213-PR,C,3,C3,3,40,93,1.3,12,,1.3,54,,,,,,,,,,,,,,,,,,,,,,,,,,,,,,,,,,,,,
,AE-MT1-P74,Annona edulis,March 20 2026,March 25 2026,,0,XP213-PR,C,4,C4,3,,52,0.3,4,,0.3,,,,,,,,,,,,,,,,,,,,,,,,,,,,,,,,,,,,,,
,PG-MT1-P43,Pouruma guianensis,March 20 2026,March 25 2026,,0,XP213-PR,C,5,C5,3,,39,0.3,1,,0.3,,,,,,,,,,,,,,,,,,,,,,,,,,,,,,,,,,,,,,
,PA-MT7-P5,Piper aduncum,October 14 2025,March 25 2026,,0,XP213-PR,C,6,C6,3,33,51,0.4,30,,0.4,,,,,,,,,,,,,,,,,,,,,,,,,,,,,,,,,,,,,,
,CP-MT1-P29,Carapa guianensis,October 14 2025,March 25 2026,,0,XP213-PR,C,7,C7,3,63,67,1.2,7,,1.2,32,,,,,,,,,,,,,,,,,,,,,,,,,,,,,,,,,,,,,
,OP-MT6-P52,Ochroma pyramidale,May 29 2025,March 25 2026,,0,XP213-PR,C,8,C8,3,78,1170,29,66,9.2,,,,,,,,,,,8.6,-28,8.9,39.7,,,,,,,,,,,,,,,,,,,,,,,,,
,MC-MT3-P56,Miconia conocuatrecasasii,October 14 2025,March 25 2026,,0,XP213-PR,C,10,C10,3,22,66,1.1,27,,1.1,,,,,,,,,,,,,,,,,,,,,,,,,,,,,,,,,,,,,,
,BG-MT3-P50,Banara guianensis,October 14 2025,March 25 2026,,0,XP213-PR,C,11,C11,3,48,71,0.5,40,,0.5,,,,,,,,,,,,,,,,,,,,,,,,,,,,,,,,,,,,,,
,BP-MT3-P48,Bauhinia pichinchensis,March 20 2026,March 25 2026,March 25 2026,1,XP213-PR,C,12,C12,3,,,,,,0,,,,,,,,,,,,,,,,,,,,,,,,,,,,,,,,,,,,,,
,EA-MT1-P15,Ecuadendron acosta-solisianum,December 10 2025,March 25 2026,March 25 2026,1,XP213-PR,C,13,C13,3,52,,,,,0,,,,,,,,,,,,,,,,,,,,,,,,,,,,,,,,,,,,,,
,VB-MT5-P13,Vismia baccifera,March 20 2026,March 25 2026,,0,XP213-PR,C,14,C14,3,,46,0.2,2,,0.2,,,,,,,,,,,,,,,,,,,,,,,,,,,,,,,,,,,,,,
,DC-MT1-P45,Dacryodes cupularis,October 14 2025,March 25 2026,March 25 2026,1,XP213-PR,C,15,C15,3,42,,,,,0,,,,,,,,,,,,,,,,,,,,,,,,,,,,,,,,,,,,,,
,BU-MT2-P4,Brosimum utile,October 14 2025,March 25 2026,,0,XP213-PR,C,16,C16,3,26,30,0.2,5,,0.2,,19,0.1,,0.1,,,,,,,,,,,,,,,,,,,,,,,,,,,,,,,,,
,VB-MT3-P47,Vismia baccifera,March 20 2026,March 25 2026,,0,XP213-PR,A,1,A1,4,,52,0.2,0,,0.2,,,,,,,,,,,,,,,,,,,,,,,,,,,,,,,,,,,,,,
,DC-MT3-P20,Dacryodes cupularis,March 20 2026,March 25 2026,March 25 2026,1,XP213-PR,A,2,A2,4,,,,,,0,,,,,,,,,,,,,,,,,,,,,,,,,,,,,,,,,,,,,,
,OP-MT6-P25,Ochroma pyramidale,May 29 2025,March 25 2026,,0,XP213-PR,A,4,A4,4,72,210,11.5,12,3.7,,,,,,,,,,,,,,,,,,,,,,,,,,,,,,,,,,,,,,,
,PA-MT3-P18,Piper aduncum,April 7 2025,March 25 2026,,0,XP213-PR,A,5,A5,4,34,108,0.7,150,,0.7,,145,84,,84,,,,,,,,,,,,,,,,,,,,,,,,,,,,,,,,,
,CP-MT2-P70,Carapa guianensis,May 29 2025,March 25 2026,March 25 2026,1,XP213-PR,A,6,A6,4,71,,,,,0,,,,,,,,,,,,,,,,,,,,,,,,,,,,,,,,,,,,,,
,CP-MT2-P80,Carapa guianensis,March 20 2026,March 25 2026,,0,XP213-PR,A,6,A6,4,,101,0.2,12,,0.2,71,,,,,,,,,,,,,,,,,,,,,,,,,,,,,,,,,,,,,review height
,BG-MT5-P74,Banara guianensis,October 14 2025,March 25 2026,,0,XP213-PR,A,7,A7,4,41,99,1,32,,1,,,,,,,,,,,,,,5.3,-8.7,8.9,29.5,,,,,,,,,,,,,,,,,,,,,
,IS-MT3-P78,Inga silanchensis,April 7 2025,March 25 2026,March 25 2026,1,XP213-PR,A,8,A8,4,11,,,,,0,,,,,,,,,,,,,,,,,,,,,,,,,,,,,,,,,,,,,,
,BU-MT5-P64,Brosimum utile,October 14 2025,March 25 2026,March 25 2026,1,XP213-PR,A,9,A9,4,34,,,,,0,,,,,,,,,,,,,,,,,,,,,,,,,,,,,,,,,,,,,,
,BP-MT4-P48,Bauhinia pichinchensis,March 20 2026,March 25 2026,,0,XP213-PR,A,10,A10,4,,30,0.2,0,,0.2,,,,,,,,,,,,,,,,,,,,,,,,,,,,,,,,,,,,,,
,CH-MT3-P39,Cecropia hispidissima,October 14 2025,March 25 2026,,0,XP213-PR,A,11,A11,4,53,235,15.5,21,4.9,,,,,,,,,,,,,,,,,,,,,,,,,,,,,,,,,,,,,,,
,PG-MT4-P47,Pouruma guianensis,March 20 2026,March 25 2026,,0,XP213-PR,A,12,A12,4,16,26,0.2,2,,0.2,,,,,,,,,,,,,,,,,,,,,,,,,,,,,,,,,,,,,,
,MC-MT2-P42,Miconia conocuatrecasasii,October 14 2025,March 25 2026,March 25 2026,1,XP213-PR,A,13,A13,4,,,,,,0,,,,,,,,,,,,,,,,,,,,,,,,,,,,,,,,,,,,,,
,AE-MT4-P75,Annona edulis,March 20 2026,March 25 2026,,0,XP213-PR,A,14,A14,4,,47,0.3,4,,0.3,,,,,,,,,,,,,,,,,,,,,,,,,,,,,,,,,,,,,,
,BS-MT1-P43,Bactris setulosa,December 10 2025,March 25 2026,,0,XP213-PR,A,15,A15,4,22,12,0.8,1,,0.8,,,,,,,,,,,,,,,,,,,,,,,,,,,,,,,,,,,,,,
,EA-MT1-P31,Ecuadendron acosta-solisianum,December 10 2025,March 25 2026,,0,XP213-PR,A,16,A16,4,56,73,0.9,7,,0.9,,,,,,,,,,,,,,,,,,,,,,,,,,,,,,,,,,,,,,
,BP-MT2-P39,Bauhinia pichinchensis,March 20 2026,March 25 2026,March 25 2026,1,XP213-PR,B,1,B1,4,,,,,,0,,,,,,,,,,,,,,,,,,,,,,,,,,,,,,,,,,,,,,
,BG-MT3-P91,Banara guianensis,October 14 2025,March 25 2026,March 25 2026,1,XP213-PR,B,2,B2,4,75,,,,,0,,,,,,,,,,,,,,,,,,,,,,,,,,,,,,,,,,,,,,
,CH-MT1-P48,Cecropia hispidissima,May 29 2025,March 25 2026,wrong species,0,XP213-PR,B,3,B3,4,18,,,,,0,,,,,,,,,,,,,,,,,,,,,,,,,,,,,,,,,,,,,,
,EA-MT2-P14,Ecuadendron acosta-solisianum,May 29 2025,March 25 2026,,0,XP213-PR,B,4,B4,4,26,72,1.2,23,,1.2,56,,,,,,,,,,,,,,,,,,,,,,,,,,,,,,,,,,,,,
,BU-MT1-P61,Brosimum utile,May 29 2025,March 25 2026,December 10 2025,1,XP213-PR,B,6,B6,4,20,,,,,0,,,,,,,,,,,,,,,,,,,,,,,,,,,,,,,,,,,,,,
,BU-MT1-P71,Brosimum utile,March 20 2026,March 25 2026,,0,XP213-PR,B,6,B6,4,,25,0.2,3,,0.2,,,,,,,,,,,,,,,,,,,,,,,,,,,,,,,,,,,,,,
,IS-MT2-P40,Inga silanchensis,April 7 2025,March 25 2026,,0,XP213-PR,B,7,B7,4,33,75,0.7,8,,0.7,46,,,,,,,,,,,,,,,,,,,,,,,,,,,,,,,,,,,,,
,OP-MT7-P47,Ochroma pyramidale,May 29 2025,March 25 2026,,0,XP213-PR,B,9,B9,4,73,282,1.2,19,0.4,,,,,,,,,,,,,,,,,,,,,,,,,,,,,,,,,,,,,,,
,PG-MT2-P65,Pouruma guianensis,March 20 2026,March 25 2026,,0,XP213-PR,B,10,B10,4,,30,0.2,2,,0.2,,,,,,,,,,,,,,,,,,,,,,,,,,,,,,,,,,,,,,
,BS-MT6-P2,Bactris setulosa,October 14 2025,March 25 2026,March 25 2026,1,XP213-PR,B,11,B11,4,14,,,,,0,,,,,,,,,,,,,,,,,,,,,,,,,,,,,,,,,,,,,,
,AE-MT5-P74,Annona edulis,March 20 2026,March 25 2026,March 25 2026,1,XP213-PR,B,12,B12,4,,,,,,0,,,,,,,,,,,,,,,,,,,,,,,,,,,,,,,,,,,,,,
,PA-MT6-P78,Piper aduncum,December 10 2025,March 25 2026,,0,XP213-PR,B,13,B13,4,38,60,0.5,18,,0.5,,,,,,,,,,,,,,,,,,,,,,,,,,,,,,,,,,,,,,
,DC-MT5-P49,Dacryodes cupularis,October 14 2025,March 25 2026,March 25 2026,1,XP213-PR,B,14,B14,4,34,,,,,0,,,,,,,,,,,,,,,,,,,,,,,,,,,,,,,,,,,,,,
,VB-MT5-P92,Vismia baccifera,March 20 2026,March 25 2026,,0,XP213-PR,B,15,B15,4,,30,0.1,2,,0.1,,,,,,,,,,,,,,,,,,,,,,,,,,,,,,,,,,,,,,
,CP-MT3-P86,Carapa guianensis,March 20 2026,March 25 2026,March 25 2026,1,XP213-PR,B,16,B16,4,,,,,,0,,,,,,,,,,,,,,,,,,,,,,,,,,,,,,,,,,,,,,
,CP-MT5-P1,Carapa guianensis,October 14 2025,March 25 2026,December 10 2025,1,XP213-PR,C,1,C1,4,64,MUERTA DE CAMINO AL PLOT,,,,0,,,,,,,,,,,,,,,,,,,,,,,,,,,,,,,,,,,,,,
,CP-MT2-P84,Carapa guianensis,March 20 2026,March 25 2026,March 25 2026,1,XP213-PR,C,1,C1,4,,,,,,0,,,,,,,,,,,,,,,,,,,,,,,,,,,,,,,,,,,,,,
,PG-MT3-P71,Pouruma guianensis,March 20 2026,March 25 2026,March 25 2026,1,XP213-PR,C,2,C2,4,,,,,,0,,,,,,,,,,,,,,,,,,,,,,,,,,,,,,,,,,,,,,
,BU-MT3-P28,Brosimum utile,October 14 2025,March 25 2026,December 10 2025,1,XP213-PR,C,4,C4,4,33,,,,,0,,,,,,,,,,,,,,,,,,,,,,,,,,,,,,,,,,,,,,
,BU-MT3-P85,Brosimum utile,March 20 2026,March 25 2026,March 25 2026,1,XP213-PR,C,4,C4,4,,,,,,0,,,,,,,,,,,,,,,,,,,,,,,,,,,,,,,,,,,,,,
,EA-MT5-P91,Ecuadendron acosta-solisianum,March 20 2026,March 25 2026,,0,XP213-PR,C,5,C5,4,,74,0.8,4,,0.8,10,,,,,,,,,,,,,,,,,,,,,,,,,,,,,,,,,,,,,
,IS-MT1-P16,Inga silanchensis,May 29 2025,March 25 2026,March 25 2026,1,XP213-PR,C,6,C6,4,14,,,,,0,,,,,,,,,,,,,,,,,,,,,,,,,,,,,,,,,,,,,,
,CH-MT5-P15,Cecropia hispidissima,October 14 2025,March 25 2026,,0,XP213-PR,C,7,C7,4,48,70,1,6,,1,,,,,,,,,,,,,,,,,,,,,,,,,,,,,,,,,,,,,,
,VB-MT4-P52,Vismia baccifera,March 20 2026,March 25 2026,,0,XP213-PR,C,8,C8,4,,34,0.1,3,,0.1,,,,,,,,,,,,,,,,,,,,,,,,,,,,,,,,,,,,,,
,BS-MT6-P60,Bactris setulosa,December 10 2025,March 25 2026,,0,XP213-PR,C,9,C9,4,40,13,1.5,3,,1.5,,,,,,,,,,,,,,,,,,,,,,,,,,,,,,,,,,,,,,
,AE-MT2-P55,Annona edulis,March 20 2026,March 25 2026,March 25 2026,1,XP213-PR,C,10,C10,4,,,,,,0,,,,,,,,,,,,,,,,,,,,,,,,,,,,,,,,,,,,,,
,BG-MT4-P82,Banara guianensis,October 14 2025,March 25 2026,March 25 2026,1,XP213-PR,C,11,C11,4,59,,,,,0,,,,,,,,,,,,,,,,,,,,,,,,,,,,,,,,,,,,,,
,PA-MT6-P93,Piper aduncum,March 20 2026,March 25 2026,,0,XP213-PR,C,12,C12,4,,20,0.2,3,,0.2,,,,,,,,,,,,,,,,,,,,,,,,,,,,,,,,,,,,,,
,DC-MT5-P9,Dacryodes cupularis,October 14 2025,March 25 2026,March 25 2026,1,XP213-PR,C,13,C13,4,35,,,,,0,,,,,,,,,,,,,,,,,,,,,,,,,,,,,,,,,,,,,,
,BP-MT3-P55,Bauhinia pichinchensis,March 20 2026,March 25 2026,March 25 2026,1,XP213-PR,C,16,C16,4,,,,,,0,,,,,,,,,,,,,,,,,,,,,,,,,,,,,,,,,,,,,,
,IS-MT3-P67,Inga silanchensis,April 7 2025,March 25 2026,March 25 2026,1,XP213-PR,A,1,A1,5,17.5,,,,,0,,,,,,,,,,,,,,,,,,,,,,,,,,,,,,,,,,,,,,
,PA-MT3-P13,Piper aduncum,April 7 2025,March 25 2026,,0,XP213-PR,A,2,A2,5,33,150,1.3,36,0.4,,,,,,,,,,,,,,,,,,,,,,,,,,,,,,,,,,,,,,,
,CP-MT3-P41,Carapa guianensis,May 29 2025,March 25 2026,,0,XP213-PR,A,3,A3,5,50,82,1.9,5,,1.9,39,,,,,,,,,,,,,,,,,,,,,,,,,,,,,,,,,,,,,
,PG-MT3-P6,Pouruma guianensis,March 20 2026,March 25 2026,,0,XP213-PR,A,4,A4,5,,22,0.1,3,,0.1,,,,,,,,,,,,,,,,,,,,,,,,,,,,,,,,,,,,,,
,AE-MT2-P69,Annona edulis,March 20 2026,March 25 2026,,0,XP213-PR,A,6,A6,5,,44,0.3,3,,0.3,,,,,,,,,,,,,,,,,,,,,,,,,,,,,,,,,,,,,,
,DC-MT4-P34,Dacryodes cupularis,October 14 2025,March 25 2026,,0,XP213-PR,A,9,A9,5,39,29,0.3,2,,0.3,8,,,,,,,,,,,,,,,,,,,,,,,,,,,,,,,,,,,,,
,CH-MT3-P25,Cecropia hispidissima,October 14 2025,March 25 2026,,0,XP213-PR,A,11,A11,5,50,69,0.8,4,,0.8,,,,,,,,,,,,,,,,,,,,,,,,,,,,,,,,,,,,,,
,BG-MT4-P86,Banara guianensis,October 14 2025,March 25 2026,,0,XP213-PR,A,12,A12,5,61,62,0.4,32,,0.4,,,,,,,,,,,,,,,,,,,,,,,,,,,,,,,,,,,,,,
,OP-MT2-P43,Ochroma pyramidale,April 7 2025,March 25 2026,,0,XP213-PR,B,1,B1,5,25,220,5.5,4,1.8,,,,,,,,,,,,,,,,,,,,,,,,,,,,,,,,,,,,,,,
,CP-MT4-P55,Carapa guianensis,May 29 2025,March 25 2026,wrong species,0,XP213-PR,B,2,B2,5,61,,,,,0,,,,,,,,,,,,,,,,,,,,,,,,,,,,,,,,,,,,,,
,IS-MT1-P60,Inga silanchensis,May 29 2025,March 25 2026,,0,XP213-PR,B,3,B3,5,11,21,0.4,5,,0.4,13,,,,,,,,,,,,,,,,,,,,,,,,,,,,,,,,,,,,,
,DC-MT1-P16,Dacryodes cupularis,October 14 2025,March 25 2026,,0,XP213-PR,B,4,B4,5,37,32,0.4,3,,0.4,11,,,,,,,,,,,,,,,,,,,,,,,,,,,,,,,,,,,,,
,AE-MT4-P43,Annona edulis,March 20 2026,March 25 2026,,0,XP213-PR,B,6,B6,5,,45,0.4,4,,0.4,,,,,,,,,,,,,,,,,,,,,,,,,,,,,,,,,,,,,,
,BG-MT2-P41,Banara guianensis,October 14 2025,March 25 2026,,0,XP213-PR,B,8,B8,5,39,82,0.3,20,,0.3,,,,,,,,,,,,,,,,,,,,,,,,,,,,,,,,,,,,,,
,PG-MT4-P40,Pouruma guianensis,March 20 2026,March 25 2026,,0,XP213-PR,B,11,B11,5,,19,0.1,5,,0.1,,,,,,,,,,,,,,,,,,,,,,,,,,,,,,,,,,,,,,
,CH-MT4-P13,Cecropia hispidissima,October 14 2025,March 25 2026,,0,XP213-PR,B,14,B14,5,54,97,0.6,8,,0.6,,,,,,,,,,,,,,,,,,,,,,,,,,,,,,,,,,,,,,
,CP-MT2-P13,Carapa guianensis,May 29 2025,March 25 2026,,0,XP213-PR,C,1,C1,5,70,49,13,5,,13,29,,,,,,,,,,,,,,,,,,,,,,,,,,,,,,,,,,,,,
,PA-MT6-P76,Piper aduncum,May 29 2025,March 25 2026,,0,XP213-PR,C,2,C2,5,24,60,0.5,15,,0.5,,,,,,,,,,,,,,,,,,,,,,,,,,,,,,,,,,,,,,
,BU-MT1-P58,Brosimum utile,May 29 2025,March 25 2026,,0,XP213-PR,C,3,C3,5,21,29,0.4,5,,0.4,,,,,,,,,,,,,,,,,,,,,,,,,,,,,,,,,,,,,,
,DC-MT5-P19,Dacryodes cupularis,October 14 2025,March 25 2026,,0,XP213-PR,C,9,C9,5,30,32,0.4,2,,0.4,5,,,,,,,,,,,,,,,,,,,,,,,,,,,,,,,,,,,,,
,IS-MT3-P88,Inga silanchensis,March 20 2026,March 25 2026,,0,XP213-PR,C,11,C11,5,,26,0.3,3,,0.3,5,,,,,,,,,,,,,,,,,,,,,,,,,,,,,,,,,,,,,
,AE-MT2-P38,Annona edulis,March 20 2026,March 25 2026,,0,XP213-PR,C,12,C12,5,,23,0.2,4,,0.2,,,,,,,,,,,,,,,,,,,,,,,,,,,,,,,,,,,,,,
,PG-MT5-P73,Pouruma guianensis,March 20 2026,March 25 2026,,0,XP213-PR,C,13,C13,5,,26,0.1,3,,0.1,,,,,,,,,,,,,,,,,,,,,,,,,,,,,,,,,,,,,,
,BG-MT5-P13,Banara guianensis,October 14 2025,March 25 2026,,0,XP213-PR,C,14,C14,5,31,28,0.2,9,,0.2,,,,,,,,,,,,,,,,,,,,,,,,,,,,,,,,,,,,,,
,PG-MT2-P19,Pouruma guianensis,February 11 2026,March 3 2026,,0,XP214-PR,A,1,A1,1,,22,0.3,,,0.3,,,,,,,,,,,,,,,,,,,,,,,,,,,,,,,,,,,,,,
,CH-MT1-P49,Cecropia hispidissima,May 27 2025,March 3 2026,March 3 2026,1,XP214-PR,A,2,A2,1,33,,,,,0,,,,,,,,,,,,,,,,,,,,,,,,,,,,,,,,,,,,,,
,IS-MT2-P21,Inga silanchensis,April 15 2025,March 3 2026,,0,XP214-PR,A,3,A3,1,16,28,0.5,5,,0.5,10,,,,,,,,,,,,,,,,,,,,,,,,,,,,,,,,,,,,,
,OP-MT9-P13,Ochroma pyramidale,April 15 2025,March 3 2026,,0,XP214-PR,A,4,A4,1,72,550,16.5,51,5.3,,,380,15,4.8,,,,,,7.5,-8.6,9.6,30.1,5.3,-8.7,8.9,29.5,,,,,,,,,,,,,,,,,,,,,
,MC-MT2-P38,Miconia conocuatrecasasii,September 17 2025,March 3 2026,,0,XP214-PR,A,5,A5,1,19,30,0.3,10,,0.3,,,,,,,,,,,,,,,,,,,,,,,,,,,,,,,,,,,,,,
,BP-MT2-P44,Bauhinia pichinchensis,February 11 2026,March 3 2026,,0,XP214-PR,A,6,A6,1,,18,0.4,0,,0.4,,,,,,,,,,,,,,,,,,,,,,,,,,,,,,,,,,,,,,
,DC-MT4-P55,Dacryodes cupularis,September 17 2025,March 3 2026,,0,XP214-PR,A,7,A7,1,21,20,0.6,3,,0.6,13,,,,,,,,,,,,,,,,,,,,,,,,,,,,,,,,,,,,,
,PA-MT6-P36,Piper aduncum,May 27 2025,March 3 2026,,0,XP214-PR,A,9,A9,1,26,128,2.5,125,,2.5,117,2.1,,,,,,,,,,,,,,,,,,,,,,,,,,,,,,,,,,,,
,BU-MT4-P53,Brosimum utile,September 17 2025,March 3 2026,,0,XP214-PR,A,10,A10,1,39,41,0.5,4,,0.5,,,,,,,,,,,,,,,,,,,,,,,,,,,,,,,,,,,,,,
,BG-MT1-P11,Banara guianensis,September 17 2025,March 3 2026,,0,XP214-PR,A,11,A11,1,53,150,1.9,54,0.6,,,,,,,,,,,,,,,,,,,,,,,,,,,,,,,,,,,,,,,
,CP-MT1-P21,Carapa guianensis,September 17 2025,March 3 2026,,0,XP214-PR,A,13,A13,1,48,49,1,4,,1,17,,,,,,,,,,,,,,,,,,,,,,,,,,,,,,,,,,,,,
,VB-MT1-P29,Vismia baccifera,September 17 2025,March 3 2026,,0,XP214-PR,A,15,A15,1,36,97,2.3,276,,2.3,,,,,,,,,,,,,,,,,,,,,,,,,,,,,,,,,,,,,,
,AE-MT3-P70,Annona edulis,February 11 2026,March 3 2026,,0,XP214-PR,A,16,A16,1,,37,0.4,4,,0.4,,,,,,,,,,,,,,,,,,,,,,,,,,,,,,,,,,,,,,
,MC-MT1-P64,Miconia conocuatrecasasii,September 17 2025,March 3 2026,,0,XP214-PR,B,2,B2,1,17,44,7,14,,7,,,,,,,,,,,,,,,,,,,,,,,,,,,,,,,,,,,,,,
,PA-MT7-P33,Piper aduncum,September 17 2025,March 3 2026,,0,XP214-PR,B,3,B3,1,31,59,1.1,23,,1.1,,,,,,,,,,,,,,,,,,,,,,,,,,,,,,,,,,,,,,
,VB-MT5-P21,Vismia baccifera,February 11 2026,March 3 2026,,0,XP214-PR,B,4,B4,1,,36,0.3,6,,0.3,,,,,,,,,,,,,,,,,,,,,,,,,,,,,,,,,,,,,,
,BU-MT3-P49,Brosimum utile,September 17 2025,March 3 2026,,0,XP214-PR,B,5,B5,1,34,37,1.2,4,,1.2,,,,,,,,,,,,,,,,,,,,,,,,,,,,,,,,,,,,,,
,AE-MT1-P2,Annona edulis,February 11 2026,March 3 2026,,0,XP214-PR,B,6,B6,1,,35,0.5,7,,0.5,,,,,,,,,,,,,,,,,,,,,,,,,,,,,,,,,,,,,,
,IS-MT1-P42,Inga silanchensis,May 27 2025,March 3 2026,,0,XP214-PR,B,8,B8,1,17,21,1,4,,1,8,,,,,,,,,,,,,,,,,,,,,,,,,,,,,,,,,,,,,
,BP-MT1-P59,Bauhinia pichinchensis,February 11 2026,March 3 2026,,0,XP214-PR,B,9,B9,1,,14,0.3,1,,0.3,,,,,,,,,,,,,,,,,,,,,,,,,,,,,,,,,,,,,,
,BG-MT2-P60,Banara guianensis,September 17 2025,March 3 2026,,0,XP214-PR,B,10,B10,1,64,98,2.2,4.7,,2.2,,,,,,,,,,,,,,,,,,,,,,,,,,,,,,,,,,,,,,
,CH-MT2-P71,Cecropia hispidissima,September 17 2025,March 3 2026,,0,XP214-PR,B,11,B11,1,29,77,2.3,6,,2.3,,,,,,,,,,,,,,,,,,,,,,,,,,,,,,,,,,,,,,
,OP-MT8-P12,Ochroma pyramidale,May 27 2025,March 3 2026,,0,XP214-PR,B,12,B12,1,55.3,470,23.5,17,7.5,,,,,,,,,,,6.5,-10.4,7.5,28.5,,,,,,,,,,,,,,,,,,,,,,,,,
,CP-MT1-P60,Carapa guianensis,September 17 2025,March 3 2026,,0,XP214-PR,B,13,B13,1,44,43,1.1,2,,1.1,10,,,,,,,,,,,,,,,,,,,,,,,,,,,,,,,,,,,,,
,DC-MT1-P1,Dacryodes cupularis,September 17 2025,March 3 2026,,0,XP214-PR,B,14,B14,1,14,19,0.3,1,,0.3,4,,,,,,,,,,,,,,,,,,,,,,,,,,,,,,,,,,,,,
,PG-MT5-P11,Pouruma guianensis,February 11 2026,March 3 2026,,0,XP214-PR,B,15,B15,1,,23,0.2,4,,0.2,,,,,,,,,,,,,,,,,,,,,,,,,,,,,,,,,,,,,,
,BS-MT7-P18,Bactris setulosa,September 17 2025,March 3 2026,March 3 2026,1,XP214-PR,B,16,B16,1,9,,,,,0,,,,,,,,,,,,,,,,,,,,,,,,,,,,,,,,,,,,,,
,PG-MT4-P61,Pouruma guianensis,February 11 2026,March 3 2026,,0,XP214-PR,C,1,C1,1,,23,0.3,2,,0.3,,,,,,,,,,,,,,,,,,,,,,,,,,,,,,,,,,,,,,
,VB-MT4-P71,Vismia baccifera,February 11 2026,March 3 2026,,0,XP214-PR,C,2,C2,1,,30,0.2,5,,0.2,,,,,,,,,,,,,,,,,,,,,,,,,,,,,,,,,,,,,,
,PA-MT3-P59,Piper aduncum,February 11 2026,March 3 2026,,0,XP214-PR,C,4,C4,1,,51,0.4,5,,0.4,,,,,,,,,,,,,,,,,,,,,,,,,,,,,,,,,,,,,,
,CH-MT3-P66,Cecropia hispidissima,September 17 2025,March 3 2026,,0,XP214-PR,C,5,C5,1,44,92,2.2,14,,2.2,,,,,,,,,,,,,,,,,,,,,,,,,,,,,,,,,,,,,,
,OP-MT7-P45,Ochroma pyramidale,May 27 2025,March 3 2026,,0,XP214-PR,C,7,C7,1,62,560,20,28,6.4,,,,,,,,,,,7.5,-9.7,7.4,30.2,,,,,,,,,,,,,,,,,,,,,,,,,
,AE-MT5-P38,Annona edulis,February 11 2026,March 3 2026,,0,XP214-PR,C,8,C8,1,,44,0.5,4,,0.5,,,,,,,,,,,,,,,,,,,,,,,,,,,,,,,,,,,,,,
,DC-MT2-P47,Dacryodes cupularis,September 17 2025,March 3 2026,,0,XP214-PR,C,9,C9,1,26,40,0.6,1,,0.6,4,,,,,,,,,,,,,,,,,,,,,,,,,,,,,,,,,,,,,
,EA-MT5-P96,Ecuadendron acosta-solisianum,February 11 2026,March 3 2026,,0,XP214-PR,C,10,C10,1,,44,0.8,6,,0.8,12,,,,,,,,,,,,,,,,,,,,,,,,,,,,,,,,,,,,,
,CP-MT4-P44,Carapa guianensis,May 27 2025,March 3 2026,,0,XP214-PR,C,12,C12,1,36,70,3.2,6,,3.2,30,,,,,,,,,,,,,,,,,,,,,,,,,,,,,,,,,,,,,
,BU-MT5-P50,Brosimum utile,September 17 2025,March 3 2026,,0,XP214-PR,C,13,C13,1,21,21,0.3,3,,0.3,,,,,,,,,,,,,,,,,,,,,,,,,,,,,,,,,,,,,,
,BP-MT3-P20,Bauhinia pichinchensis,February 11 2026,March 3 2026,,0,XP214-PR,C,14,C14,1,,16,0.5,2,,0.5,,,,,,,,,,,,,,,,,,,,,,,,,,,,,,,,,,,,,,
,BG-MT3-P63,Banara guianensis,September 17 2025,March 3 2026,,0,XP214-PR,C,15,C15,1,54,55,3,77,,3,,,,,,,,,,,,,,,,,,,,,,,,,,,,,,,,,,,,,,
,MC-MT1-P55,Miconia conocuatrecasasii,September 17 2025,March 3 2026,,0,XP214-PR,C,16,C16,1,24,51,2,30,,2,,,,,,,,,,,,,,,,,,,,,,,,,,,,,,,,,,,,,,
,CP-MT2-P94,Carapa guianensis,May 27 2025,March 3 2026,,0,XP214-PR,A,1,A1,2,60,87,3.4,10,,3.4,81,,,,,,,,,,,,,,,,,,,,,,,,,,,,,,,,,,,,,
,BS-MT6-P7,Bactris setulosa,September 17 2025,March 3 2026,,0,XP214-PR,A,2,A2,2,13,21,1.3,3,,1.3,,,,,,,,,,,,,,,,,,,,,,,,,,,,,,,,,,,,,,
,OP-MT9-P57,Ochroma pyramidale,April 15 2025,March 3 2026,,0,XP214-PR,A,4,A4,2,38,520,27,23,8.6,,,,,,,,,,,6.4,-13.5,6.2,29.6,,,,,,,,,,,,,,,,,,,,,,,,,
,VB-MT1-P60,Vismia baccifera,September 17 2025,March 3 2026,,0,XP214-PR,A,5,A5,2,33,102,2.3,273,,2.3,,,,,,,,,,,,,,,,,,,,,,,,,,,,,,,,,,,,,,
,MC-MT3-P44,Miconia conocuatrecasasii,September 17 2025,March 3 2026,,0,XP214-PR,A,6,A6,2,14,44,1,16,,1,,,,,,,,,,,,,,,,,,,,,,,,,,,,,,,,,,,,,,
,BP-MT4-P64,Bauhinia pichinchensis,February 11 2026,March 3 2026,,0,XP214-PR,A,7,A7,2,,15,0.2,1,,0.2,,,,,,,,,,,,,,,,,,,,,,,,,,,,,,,,,,,,,,
,PA-MT3-P45,Piper aduncum,April 15 2025,March 3 2026,,0,XP214-PR,A,8,A8,2,29,146,7,259,2.2,,,,,,,,,,,,,,,,,,,,,,,,,,,,,,,,,,,,,,,
,AE-MT4-P1,Annona edulis,February 11 2026,March 3 2026,,0,XP214-PR,A,9,A9,2,,45,0.5,10,,0.5,,,,,,,,,,,,,,,,,,,,,,,,,,,,,,,,,,,,,,
,BU-MT2-P44,Brosimum utile,September 17 2025,March 3 2026,March 3 2026,1,XP214-PR,A,10,A10,2,15,,,,,0,,,,,,,,,,,,,,,,,,,,,,,,,,,,,,,,,,,,,,
,DC-MT1-P86,Dacryodes cupularis,February 11 2026,March 3 2026,March 3 2026,1,XP214-PR,A,11,A11,2,,,,,,0,,,,,,,,,,,,,,,,,,,,,,,,,,,,,,,,,,,,,,
,IS-MT3-P31,Inga silanchensis,April 15 2025,March 3 2026,March 3 2026,1,XP214-PR,A,12,A12,2,24,,,,,0,,,,,,,,,,,,,,,,,,,,,,,,,,,,,,,,,,,,,,
,CH-MT4-P27,Cecropia hispidissima,September 17 2025,March 3 2026,,0,XP214-PR,A,13,A13,2,43,101,1.7,9,,1.7,,,,,,,,,,,,,,,,,,,,,,,,,,,,,,,,,,,,,,
,BG-MT5-P61,Banara guianensis,September 17 2025,March 3 2026,,0,XP214-PR,A,14,A14,2,34,86,1.3,115,,1.3,,,,,,,,,,,,,,,,,,,,,,,,,,,,,,,,,,,,,,
,PG-MT3-P11,Pouruma guianensis,February 11 2026,March 3 2026,,0,XP214-PR,A,15,A15,2,,30,0.5,4,,0.5,,,,,,,,,,,,,,,,,,,,,,,,,,,,,,,,,,,,,,
,BG-MT1-P5,Banara guianensis,September 17 2025,March 3 2026,,0,XP214-PR,B,3,B3,2,53,87,1.3,62,,1.3,,,,,,,,,,,,,,,,,,,,,,,,,,,,,,,,,,,,,,
,OP-MT2-P47,Ochroma pyramidale,April 15 2025,March 3 2026,,0,XP214-PR,B,4,B4,2,33,560,35,58,11.1,,,,,,,,,,,7.4,-8.9,7.5,30.9,,,,,,,,,,,,,,,,,,,,,,,,,
,CH-MT4-P26,Cecropia hispidissima,September 17 2025,March 3 2026,,0,XP214-PR,B,5,B5,2,48,118,2.3,5,,2.3,,,,,,,,,,,,,,,,,,,,,,,,,,,,,,,,,,,,,,
,BP-MT1-P57,Bauhinia pichinchensis,February 11 2026,March 3 2026,,0,XP214-PR,B,6,B6,2,,7,0.1,4,,0.1,,,,,,,,,,,,,,,,,,,,,,,,,,,,,,,,,,,,,,
,EA-MT2-P60,Ecuadendron acosta-solisianum,February 11 2026,March 3 2026,,0,XP214-PR,B,7,B7,2,,66,1,4,,1,5,,,,,,,,,,,,,,,,,,,,,,,,,,,,,,,,,,,,,
,IS-MT2-P38,Inga silanchensis,April 15 2025,March 3 2026,,0,XP214-PR,B,8,B8,2,25,63,1.8,9,,1.8,30,,,,,,,,,,,,,,,,,,,,,,,,,,,,,,,,,,,,,
,AE-MT3-P13,Annona edulis,February 11 2026,March 3 2026,,0,XP214-PR,B,9,B9,2,,37,0.5,7,,0.5,,,,,,,,,,,,,,,,,,,,,,,,,,,,,,,,,,,,,,
,CP-MT4-P4,Carapa guianensis,May 27 2025,March 3 2026,,0,XP214-PR,B,10,B10,2,50.5,105,3.3,11,,3.3,65,,,,,,,,,,,,,,,,,,,,,,,,,,,,,,,,,,,,,
,PG-MT5-P28,Pouruma guianensis,February 11 2026,March 3 2026,,0,XP214-PR,B,11,B11,2,,22,0.2,4,,0.2,,,,,,,,,,,,,,,,,,,,,,,,,,,,,,,,,,,,,,
,DC-MT3-P56,Dacryodes cupularis,September 17 2025,March 3 2026,,0,XP214-PR,B,13,B13,2,24.5,28,1.2,2,,1.2,9,,,,,,,,,,,,,,,,,,,,,,,,,,,,,,,,,,,,,
,BU-MT5-P33,Brosimum utile,September 17 2025,March 3 2026,,0,XP214-PR,B,14,B14,2,41,48,0.9,5,,0.9,,,,,,,,,,,,,,,,,,,,,,,,,,,,,,,,,,,,,,
,VB-MT3-P31,Vismia baccifera,February 11 2026,March 3 2026,,0,XP214-PR,B,15,B15,2,,47,0.4,8,,0.4,,,,,,,,,,,,,,,,,,,,,,,,,,,,,,,,,,,,,,
,DC-MT1-P15,Dacryodes cupularis,February 11 2026,March 3 2026,,0,XP214-PR,C,1,C1,2,,7,0.5,2,,0.5,7,,,,,,,,,,,,,,,,,,,,,,,,,,,,,,,,,,,,,
,VB-MT3-P19,Vismia baccifera,February 11 2026,March 3 2026,,0,XP214-PR,C,2,C2,2,,39,0.6,10,,0.6,,,,,,,,,,,,,,,,,,,,,,,,,,,,,,,,,,,,,,
,CH-MT3-P40,Cecropia hispidissima,September 17 2025,March 3 2026,,0,XP214-PR,C,3,C3,2,35,128,2,15,,2,,,,,,,,,,,,,,,,,,,,,,,,,,,,,,,,,,,,,,
,AE-MT5-P68,Annona edulis,February 11 2026,March 3 2026,,0,XP214-PR,C,4,C4,2,,41,0.4,18,,0.4,,,,,,,,,,,,,,,,,,,,,,,,,,,,,,,,,,,,,,
,BG-MT1-P50,Banara guianensis,September 17 2025,March 3 2026,,0,XP214-PR,C,7,C7,2,53,35,1,41,,1,,,,,,,,,,,,,,,,,,,,,,,,,,,,,,,,,,,,,,
,OP-MT6-P37,Ochroma pyramidale,May 27 2025,March 3 2026,,0,XP214-PR,C,8,C8,2,80,202,12,18,3.8,,,,,,,,,,,,,,,,,,,,,,,,,,,,,,,,,,,,,,,
,BU-MT1-P77,Brosimum utile,May 27 2025,March 3 2026,,0,XP214-PR,C,9,C9,2,34,50,1.5,6,,1.5,,,,,,,,,,,,,,,,,,,,,,,,,,,,,,,,,,,,,,
,CP-MT3-P76,Carapa guianensis,May 27 2025,March 3 2026,,0,XP214-PR,C,10,C10,2,59,100,2.1,4,,2.1,20,,,,,,,,,,,,,,,,,,,,,,,,,,,,,,,,,,,,,
,BP-MT3-P53,Bauhinia pichinchensis,February 11 2026,March 3 2026,,0,XP214-PR,C,12,C12,2,,23,0.4,3,,0.4,,,,,,,,,,,,,,,,,,,,,,,,,,,,,,,,,,,,,,
,PG-MT3-P16,Pouruma guianensis,February 11 2026,March 3 2026,,0,XP214-PR,C,13,C13,2,,29,1.2,4,,1.2,,,,,,,,,,,,,,,,,,,,,,,,,,,,,,,,,,,,,,
,MC-MT3-P8,Miconia conocuatrecasasii,September 17 2025,March 3 2026,,0,XP214-PR,C,16,C16,2,8,28,0.6,2,,0.6,,,,,,,,,,,,,,,,,,,,,,,,,,,,,,,,,,,,,,
,BU-MT4-P59,Brosimum utile,September 17 2025,March 3 2026,,0,XP214-PR,A,1,A1,3,38,43,0.7,2,,0.7,,,,,,,,,,,,,,,,,,,,,,,,,,,,,,,,,,,,,,
,IS-MT3-P14,Inga silanchensis,April 15 2025,March 3 2026,,0,XP214-PR,A,2,A2,3,30,33,1.2,4,,1.2,15,,,,,,,,,,,,,,,,,,,,,,,,,,,,,,,,,,,,,
,BP-MT1-P10,Bauhinia pichinchensis,February 11 2026,March 3 2026,,0,XP214-PR,A,3,A3,3,,21,0.3,2,,0.3,,,,,,,,,,,,,,,,,,,,,,,,,,,,,,,,,,,,,,
,CH-MT4-P51,Cecropia hispidissima,September 17 2025,March 3 2026,,0,XP214-PR,A,5,A5,3,41,108,2,9,,2,,,,,,,,,,,,,,,,,,,,,,,,,,,,,,,,,,,,,,
,DC-MT4-P47,Dacryodes cupularis,September 17 2025,March 3 2026,March 3 2026,1,XP214-PR,A,8,A8,3,25,,,,,0,,,,,,,,,,,,,,,,,,,,,,,,,,,,,,,,,,,,,,
,MC-MT2-P56,Miconia conocuatrecasasii,September 17 2025,March 3 2026,,0,XP214-PR,A,9,A9,3,20,33,1.1,1.2,,1.1,,,,,,,,,,,,,,,,,,,,,,,,,,,,,,,,,,,,,,
,AE-MT5-P12,Annona edulis,February 11 2026,March 3 2026,,0,XP214-PR,A,10,A10,3,,34,0.5,7,,0.5,,,,,,,,,,,,,,,,,,,,,,,,,,,,,,,,,,,,,,
,BS-MT5-P35,Bactris setulosa,September 17 2025,March 3 2026,,0,XP214-PR,A,11,A11,3,13,8,0.8,2,,0.8,,,,,,,,,,,,,,,,,,,,,,,,,,,,,,,,,,,,,,
,PG-MT4-P55,Pouruma guianensis,February 11 2026,March 3 2026,,0,XP214-PR,A,12,A12,3,,19,0.3,1,,0.3,,,,,,,,,,,,,,,,,,,,,,,,,,,,,,,,,,,,,,
,VB-MT2-P96,Vismia baccifera,February 11 2026,March 3 2026,,0,XP214-PR,A,13,A13,3,,28,0.4,7,,0.4,,,,,,,,,,,,,,,,,,,,,,,,,,,,,,,,,,,,,,
,BG-MT5-P39,Banara guianensis,September 17 2025,March 3 2026,,0,XP214-PR,A,14,A14,3,28,72,1,12,,1,,,,,,,,,,,,,,,,,,,,,,,,,,,,,,,,,,,,,,
,CP-MT5-P12,Carapa guianensis,September 17 2025,March 3 2026,,0,XP214-PR,A,16,A16,3,53,61,1.3,5,,1.3,31,,,,,,,,,,,,,,,,,,,,,,,,,,,,,,,,,,,,,
,CH-MT5-P5,Cecropia hispidissima,September 17 2025,March 3 2026,,0,XP214-PR,B,1,B1,3,60,93,1.3,3,,1.3,,,,,,,,,,,,,,,,,,,,,,,,,,,,,,,,,,,,,,
,BG-MT3-P68,Banara guianensis,September 17 2025,March 3 2026,,0,XP214-PR,B,3,B3,3,68,106,1,36,,1,,,,,,,,,,,,,,,,,,,,,,,,,,,,,,,,,,,,,,
,IS-MT5-P79,Inga silanchensis,April 15 2025,March 3 2026,,0,XP214-PR,B,4,B4,3,14,9,0.6,1,,0.6,2,,,,,,,,,,,,,,,,,,,,,,,,,,,,,,,,,,,,,
,OP-MT7-P56,Ochroma pyramidale,May 27 2025,March 3 2026,,0,XP214-PR,B,6,B6,3,83.5,410,16,19,5.1,,,,,,,,,,,5.7,-16.9,5.8,22.8,,,,,,,,,,,,,,,,,,,,,,,,,
,CP-MT5-P48,Carapa guianensis,September 17 2025,March 3 2026,,0,XP214-PR,B,7,B7,3,61,65,1.5,2,,1.5,12,,,,,,,,,,,,,,,,,,,,,,,,,,,,,,,,,,,,,
,BU-MT2-P14,Brosimum utile,September 17 2025,March 3 2026,March 3 2026,1,XP214-PR,B,8,B8,3,23,,,,,0,,,,,,,,,,,,,,,,,,,,,,,,,,,,,,,,,,,,,,
,PG-MT1-P41,Pouruma guianensis,February 11 2026,March 3 2026,,0,XP214-PR,B,9,B9,3,,38,0.3,3,,0.3,,,,,,,,,,,,,,,,,,,,,,,,,,,,,,,,,,,,,,
,PA-MT7-P17,Piper aduncum,September 17 2025,March 3 2026,,0,XP214-PR,B,10,B10,3,32,56,0.8,32,,0.8,,,,,,,,,,,,,,,,,,,,,,,,,,,,,,,,,,,,,,
,EA-MT3-P16,Ecuadendron acosta-solisianum,May 27 2025,March 3 2026,,0,XP214-PR,B,11,B11,3,47.2,53,1,4,,1,8,,,,,,,,,,,,,,,,,,,,,,,,,,,,,,,,,,,,,
,BP-MT5-P14,Bauhinia pichinchensis,February 11 2026,March 3 2026,,0,XP214-PR,B,12,B12,3,,24,0.3,1,,0.3,,,,,,,,,,,,,,,,,,,,,,,,,,,,,,,,,,,,,,
,AE-MT2-P13,Annona edulis,February 11 2026,March 3 2026,,0,XP214-PR,B,13,B13,3,,32,0.5,5,,0.5,,,,,,,,,,,,,,,,,,,,,,,,,,,,,,,,,,,,,,
,BS-MT1-P6,Bactris setulosa,September 17 2025,March 3 2026,,0,XP214-PR,B,14,B14,3,13,26,1,5,,1,,,,,,,,,,,,,,,,,,,,,,,,,,,,,,,,,,,,,,
,DC-MT5-P36,Dacryodes cupularis,September 17 2025,March 3 2026,,0,XP214-PR,B,15,B15,3,26,36,0.5,3,,0.5,14,,,,,,,,,,,,,,,,,,,,,,,,,,,,,,,,,,,,,
,VB-MT4-P62,Vismia baccifera,February 11 2026,March 3 2026,,0,XP214-PR,B,16,B16,3,,40,0.4,7,,0.4,,,,,,,,,,,,,,,,,,,,,,,,,,,,,,,,,,,,,,
,CH-MT5-P29,Cecropia hispidissima,September 17 2025,March 3 2026,,0,XP214-PR,C,2,C2,3,56,106,2,7,,2,,,,,,,,,,,,,,,,,,,,,,,,,,,,,,,,,,,,,,
,PG-MT5-P72,Pouruma guianensis,February 11 2026,March 3 2026,,0,XP214-PR,C,3,C3,3,,31,0.3,3,,0.3,,,,,,,,,,,,,,,,,,,,,,,,,,,,,,,,,,,,,,
,BU-MT1-P80,Brosimum utile,May 27 2025,March 3 2026,,0,XP214-PR,C,4,C4,3,27.5,,,,,0,,,,,,,,,,,,,,,,,,,,,,,,,,,,,,,,,,,,,,
,BG-MT4-P65,Banara guianensis,September 17 2025,March 3 2026,,0,XP214-PR,C,5,C5,3,16,37,0.8,17,,0.8,,,,,,,,,,,,,,,,,,,,,,,,,,,,,,,,,,,,,,
,OP-MT6-P32,Ochroma pyramidale,May 27 2025,March 3 2026,,0,XP214-PR,C,7,C7,3,38,186,12,19,3.8,,,,,,,,,,,,,,,,,,,,,,,,,,,,,,,,,,,,,,,
,VB-MT3-P49,Vismia baccifera,February 11 2026,March 3 2026,,0,XP214-PR,C,8,C8,3,,46,0.4,3,,0.4,,,,,,,,,,,,,,,,,,,,,,,,,,,,,,,,,,,,,,
,PA-MT6-P58,Piper aduncum,May 27 2025,March 3 2026,,0,XP214-PR,C,9,C9,3,22.5,57,3,72,,3,,,,,,,,,,,,,,,,,,,,,,,,,,,,,,,,,,,,,,
,IS-MT4-P45,Inga silanchensis,May 27 2025,March 3 2026,,0,XP214-PR,C,10,C10,3,24.5,55,1.3,6,,1.3,19,,,,,,,,,,,,,,,,,,,,,,,,,,,,,,,,,,,,,
,DC-MT5-P20,Dacryodes cupularis,September 17 2025,March 3 2026,March 3 2026,1,XP214-PR,C,12,C12,3,30,,,,,0,,,,,,,,,,,,,,,,,,,,,,,,,,,,,,,,,,,,,,
,BP-MT2-P37,Bauhinia pichinchensis,February 11 2026,March 3 2026,,0,XP214-PR,C,13,C13,3,,27,0.5,2,,0.5,,,,,,,,,,,,,,,,,,,,,,,,,,,,,,,,,,,,,,
,AE-MT1-P37,Annona edulis,February 11 2026,March 3 2026,,0,XP214-PR,C,15,C15,3,,60,1.1,7,,1.1,,,,,,,,,,,,,,,,,,,,,,,,,,,,,,,,,,,,,,
,MC-MT3-P32,Miconia conocuatrecasasii,,March 3 2026,,0,XP214-PR,C,16,C16,3,,,,,,0,,,,,,,,,,,,,,,,,,,,,,,,,,,,,,,,,,,,,,
,MC-MT2-P6,Miconia conocuatrecasasii,February 11 2026,March 3 2026,,0,XP214-PR,C,16,C16,3,,24,0.4,4,,0.4,,,,,,,,,,,,,,,,,,187,7,2.2,,,,,,,,,,,,,,,,,,
,VB-MT4-P38,Vismia baccifera,February 11 2026,March 3 2026,,0,XP214-PR,A,1,A1,4,,41,0.4,24,,0.4,,,,,,,,,,,,,,,,,,,,,,,,,,,,,,,,,,,,,,
,MC-MT1-P27,Miconia conocuatrecasasii,September 17 2025,March 3 2026,,0,XP214-PR,A,2,A2,4,18,46,1.1,16,,1.1,,,,,,,,,,,,,,,,,,,,,,,,,,,,,,,,,,,,,,
,BG-MT3-P86,Banara guianensis,September 17 2025,March 3 2026,,0,XP214-PR,A,3,A3,4,75,116,1.5,92,,1.5,,,,,,,,,,,,,,,,,,,,,,,,,,,,,,,,,,,,,,
,CH-MT1-P57,Cecropia hispidissima,May 27 2025,March 3 2026,,0,XP214-PR,A,4,A4,4,15,,,,,0,,,,,,,,,,,,,,,,,,,,,,,,,,,,,,,,,,,,,,
,CH-MT3-P76,Cecropia hispidissima,February 11 2026,March 3 2026,,0,XP214-PR,A,4,A4,4,,76,0.5,2,,0.5,,,,,,,,,,,,,,,,,,,,,,,,,,,,,,,,,,,,,,
,EA-MT2-P5,Ecuadendron acosta-solisianum,May 27 2025,March 3 2026,,0,XP214-PR,A,5,A5,4,31,46,1,3,,1,7,,,,,,,,,,,,,,,,,,,,,,,,,,,,,,,,,,,,,
,OP-MT2-P35,Ochroma pyramidale,April 15 2025,March 3 2026,,0,XP214-PR,A,6,A6,4,48.5,96,2.1,12,,2.1,,,,,,,,,,,,,,,,,,,,,,,,,,,,,,,,,,,,,,
,BS-MT6-P3,Bactris setulosa,September 17 2025,March 3 2026,March 3 2026,1,XP214-PR,A,7,A7,4,4,,,,,0,,,,,,,,,,,,,,,,,,,,,,,,,,,,,,,,,,,,,,
,PA-MT3-P74,Piper aduncum,April 15 2025,March 3 2026,,0,XP214-PR,A,8,A8,4,27,106,1.8,95,,1.8,,,,,,,,,,,,,,,,,,,,,,,,,,,,,,,,,,,,,,
,DC-MT3-P3,Dacryodes cupularis,September 17 2025,March 3 2026,March 3 2026,1,XP214-PR,A,10,A10,4,27.5,,,,,0,,,,,,,,,,,,,,,,,,,,,,,,,,,,,,,,,,,,,,
,IS-MT5-P39,Inga silanchensis,April 15 2025,March 3 2026,,0,XP214-PR,A,11,A11,4,31,97,1.5,9,,1.5,36,,,,,,,,,,,,,,,,,,,,,,,,,,,,,,,,,,,,,
,BU-MT3-P61,Brosimum utile,September 17 2025,March 3 2026,March 3 2026,1,XP214-PR,A,13,A13,4,26,,,,,0,,,,,,,,,,,,,,,,,,,,,,,,,,,,,,,,,,,,,,
,AE-MT4-P55,Annona edulis,February 11 2026,March 3 2026,,0,XP214-PR,A,14,A14,4,,40,0.4,4,,0.4,,,,,,,,,,,,,,,,,,,,,,,,,,,,,,,,,,,,,,
,PG-MT1-P22,Pouruma guianensis,February 11 2026,March 3 2026,,0,XP214-PR,A,15,A15,4,,36,0.4,2,,0.4,,,,,,,,,,,,,,,,,,,,,,,,,,,,,,,,,,,,,,
,BP-MT2-P20,Bauhinia pichinchensis,February 11 2026,March 3 2026,,0,XP214-PR,A,16,A16,4,,28,0.3,3,,0.3,,,,,,,,,,,,,,,,,,,,,,,,,,,,,,,,,,,,,,
,BP-MT4-P13,Bauhinia pichinchensis,February 11 2026,March 3 2026,March 3 2026,1,XP214-PR,B,1,B1,4,,,,,,0,,,,,,,,,,,,,,,,,,,,,,,,,,,,,,,,,,,,,,
,PG-MT2-P48,Pouruma guianensis,February 11 2026,March 3 2026,,0,XP214-PR,B,2,B2,4,,22,0.4,2,,0.4,,,,,,,,,,,,,,,,,,,,,,,,,,,,,,,,,,,,,,
,MC-MT2-P47,Miconia conocuatrecasasii,September 17 2025,March 3 2026,,0,XP214-PR,B,3,B3,4,22,53,1.1,30,,1.1,,,,,,,,,,,,,,,,,,,,,,,,,,,,,,,,,,,,,,
,BG-MT2-P42,Banara guianensis,September 17 2025,March 3 2026,,0,XP214-PR,B,5,B5,4,57.5,34,0.6,9,,0.6,,,,,,,,,,,,,,,,,,,,,,,,,,,,,,,,,,,,,,
,CP-MT3-P48,Carapa guianensis,May 27 2025,March 3 2026,,0,XP214-PR,B,6,B6,4,47.5,37,1.1,3,,1.1,16,,,,,,,,,,,,,,,,,,,,,,,,,,,,,,,,,,,,,
,AE-MT3-P67,Annona edulis,February 11 2026,March 3 2026,,0,XP214-PR,B,7,B7,4,,41,0.6,5,,0.6,,,,,,,,,,,,,,,,,,,,,,,,,,,,,,,,,,,,,,
,EA-MT4-P31,Ecuadendron acosta-solisianum,February 11 2026,March 3 2026,,0,XP214-PR,B,8,B8,4,,86,1.9,5,,1.9,10,,,,,,,,,,,,,,,,,,,,,,,,,,,,,,,,,,,,,
,OP-MT8-P28,Ochroma pyramidale,May 27 2025,March 3 2026,,0,XP214-PR,B,9,B9,4,47,75,1.3,4,,1.3,,,,,,,,,,,,,,,,,,,,,,,,,,,,,,,,,,,,,,
,IS-MT4-P47,Inga silanchensis,May 27 2025,March 3 2026,,0,XP214-PR,B,10,B10,4,48,66,1.3,4,,1.3,15,,,,,,,,,,,,,,,,,,,,,,,,,,,,,,,,,,,,,
,CH-MT2-P2,Cecropia hispidissima,September 17 2025,March 3 2026,,0,XP214-PR,B,12,B12,4,9,37,0.6,3,,0.6,,,,,,,,,,,,,,,,,,,,,,,,,,,,,,,,,,,,,,
,BU-MT4-P65,Brosimum utile,September 17 2025,March 3 2026,,0,XP214-PR,B,14,B14,4,35,44,0.8,4,,0.8,,,,,,,,,,,,,,,,,,,,,,,,,,,,,,,,,,,,,,
,VB-MT3-P16,Vismia baccifera,February 11 2026,March 3 2026,,0,XP214-PR,B,15,B15,4,,43,0.9,8,,0.9,,,,,,,,,,,,,,,,,,,,,,,,,,,,,,,,,,,,,,
,DC-MT1-P65,Dacryodes cupularis,September 17 2025,March 3 2026,March 3 2026,1,XP214-PR,B,16,B16,4,15,,,,,0,,,,,,,,,,,,,,,,,,,,,,,,,,,,,,,,,,,,,,
,IS-MT1-P52,Inga silanchensis,May 27 2025,March 3 2026,,0,XP214-PR,C,2,C2,4,23,50,1,5,,1,21,,,,,,,,,,,,,,,,,,,,,,,,,,,,,,,,,,,,,
,VB-MT5-P23,Vismia baccifera,February 11 2026,March 3 2026,,0,XP214-PR,C,3,C3,4,,34,0.3,14,,0.3,,,,,,,,,,,,,,,,,,,,,,,,,,,,,,,,,,,,,,
,CP-MT2-P92,Carapa guianensis,May 27 2025,March 3 2026,,0,XP214-PR,C,6,C6,4,83,63,1.5,3,,1.5,21,,,,,,,,,,,,,,,,,,,,,,,,,,,,,,,,,,,,,
,CH-MT4-P17,Cecropia hispidissima,September 17 2025,March 3 2026,,0,XP214-PR,C,7,C7,4,58,95,2.1,7,,2.1,,,,,,,,,,,,,,,,,,,,,,,,,,,,,,,,,,,,,,
,BG-MT4-P61,Banara guianensis,September 17 2025,March 3 2026,,0,XP214-PR,C,9,C9,4,50,80,0.9,14,,0.9,,,,,,,,,,,,,,,,,,,,,,,,,,,,,,,,,,,,,,
,BP-MT4-P55,Bauhinia pichinchensis,February 11 2026,March 3 2026,,0,XP214-PR,C,10,C10,4,,21,0.5,0,,0.5,,,,,,,,,,,,,,,,,,,,,,,,,,,,,,,,,,,,,,
,EA-MT4-P71,Ecuadendron acosta-solisianum,May 27 2025,March 3 2026,,0,XP214-PR,C,11,C11,4,68,65,1.3,16,,1.3,34,,,,,,,,,,,,,,,,,,,,,,,,,,,,,,,,,,,,,
,PG-MT2-P32,Pouruma guianensis,February 11 2026,March 3 2026,,0,XP214-PR,C,13,C13,4,,28,0.3,2,,0.3,,,,,,,,,,,,,,,,,,,,,,,,,,,,,,,,,,,,,,
,AE-MT2-P10,Annona edulis,February 11 2026,March 3 2026,,0,XP214-PR,C,14,C14,4,,57,0.7,4,,0.7,,,,,,,,,,,,,,,,,,,,,,,,,,,,,,,,,,,,,,
,BU-MT3-P83,Brosimum utile,September 17 2025,March 3 2026,,0,XP214-PR,C,16,C16,4,36,44,0.6,6,,0.6,,,,,,,,,,,,,,,,,,,,,,,,,,,,,,,,,,,,,,
,OP-MT9-P16,Ochroma pyramidale,April 15 2025,March 3 2026,,0,XP214-PR,A,1,A1,5,55,108,2,9,,2,,,,,,,,,,,,,,,,,,,,,,,,,,,,,,,,,,,,,,
,PA-MT3-P42,Piper aduncum,April 15 2025,March 3 2026,,0,XP214-PR,A,2,A2,5,31,66,0.5,10,,0.5,,,,,,,,,,,,,,,,,,,,,,,,,,,,,,,,,,,,,,
,CP-MT4-P57,Carapa guianensis,May 27 2025,March 3 2026,,0,XP214-PR,A,3,A3,5,51.5,76,1.6,7,,1.6,36,,,,,,,,,,,,,,,,,,,,,,,,,,,,,,,,,,,,,
,IS-MT3-P99,Inga silanchensis,February 11 2026,March 3 2026,,0,XP214-PR,A,4,A4,5,,21,0.4,4,,0.4,7,,,,,,,,,,,,,,,,,,,,,,,,,,,,,,,,,,,,,
,BU-MT1-P17,Brosimum utile,May 27 2025,March 3 2026,March 3 2026,1,XP214-PR,A,5,A5,5,23.5,,,,,0,,,,,,,,,,,,,,,,,,,,,,,,,,,,,,,,,,,,,,
,AE-MT3-P17,Annona edulis,February 11 2026,March 3 2026,,0,XP214-PR,A,6,A6,5,,40,0.5,4,,0.5,,,,,,,,,,,,,,,,,,,,,,,,,,,,,,,,,,,,,,
,BG-MT5-P50,Banara guianensis,September 17 2025,March 3 2026,,0,XP214-PR,A,12,A12,5,55,93,0.9,29,,0.9,,,,,,,,,,,,,,,,,,,,,,,,,,,,,,,,,,,,,,
,DC-MT4-P19,Dacryodes cupularis,September 17 2025,March 3 2026,March 3 2026,1,XP214-PR,A,13,A13,5,23,,,,,0,,,,,,,,,,,,,,,,,,,,,,,,,,,,,,,,,,,,,,
,PG-MT1-P34,Pouruma guianensis,February 11 2026,March 3 2026,,0,XP214-PR,A,15,A15,5,,35,0.5,1,,0.5,,,,,,,,,,,,,,,,,,,,,,,,,,,,,,,,,,,,,,
,IS-MT2-P56,Inga silanchensis,April 15 2025,March 3 2026,March 3 2026,1,XP214-PR,B,1,B1,5,11,,,,,0,,,,,,,,,,,,,,,,,,,,,,,,,,,,,,,,,,,,,,
,CP-MT2-P88,Carapa guianensis,May 27 2025,March 3 2026,,0,XP214-PR,B,2,B2,5,62.6,75,1.7,4,,1.7,26,,,,,,,,,,,,,,,,,,,,,,,,,,,,,,,,,,,,,
,PA-MT6-P20,Piper aduncum,May 27 2025,March 3 2026,,0,XP214-PR,B,3,B3,5,19,6,1.2,43,,1.2,,,,,,,,,,,,,,,,,,,,,,,,,,,,,,,,,,,,,,
,DC-MT1-P53,Dacryodes cupularis,September 17 2025,March 3 2026,,0,XP214-PR,B,5,B5,5,29,33,0.6,3,,0.6,14,,,,,,,,,,,,,,,,,,,,,,,,,,,,,,,,,,,,,
,AE-MT5-P73,Annona edulis,February 11 2026,March 3 2026,,0,XP214-PR,B,6,B6,5,,47,0.6,4,,0.6,,,,,,,,,,,,,,,,,,,,,,,,,,,,,,,,,,,,,,
,BG-MT4-P31,Banara guianensis,September 17 2025,March 3 2026,,0,XP214-PR,B,8,B8,5,60,108,1,27,,1,,,,,,,,,,,,,,,,,,,,,,,,,,,,,,,,,,,,,,
,CH-MT3-P15,Cecropia hispidissima,September 17 2025,March 3 2026,,0,XP214-PR,B,9,B9,5,49,78,0.9,5,,0.9,,,,,,,,,,,,,,,,,,,,,,,,,,,,,,,,,,,,,,
,PG-MT4-P20,Pouruma guianensis,February 11 2026,March 3 2026,,0,XP214-PR,B,14,B14,5,,20,0.4,4,,0.4,,,,,,,,,,,,,,,,,,,,,,,,,,,,,,,,,,,,,,
,CP-MT2-P83,Carapa guianensis,May 27 2025,March 3 2026,,0,XP214-PR,C,1,C1,5,54,56,0.6,3,,0.6,14,,,,,,,,,,,,,,,,,,,,,,,,,,,,,,,,,,,,,
,OP-MT7-P38,Ochroma pyramidale,May 27 2025,March 3 2026,,0,XP214-PR,C,2,C2,5,50,100,1.5,6,,1.5,,,,,,,,,,,,,,,,,,,,,,,,,,,,,,,,,,,,,,
,PG-MT4-P38,Pouruma guianensis,February 11 2026,March 3 2026,,0,XP214-PR,C,3,C3,5,,10,0.5,2,,0.5,,,,,,,,,,,,,,,,,,,,,,,,,,,,,,,,,,,,,,
,AE-MT1-P49,Annona edulis,February 11 2026,March 3 2026,,0,XP214-PR,C,5,C5,5,,55,0.5,8,,0.5,,,,,,,,,,,,,,,,,,,,,,,,,,,,,,,,,,,,,,
,BG-MT2-P86,Banara guianensis,September 17 2025,March 3 2026,,0,XP214-PR,C,10,C10,5,55,110,0.9,30,,0.9,,,,,,,,,,,,,,,,,,,,,,,,,,,,,,,,,,,,,,
,IS-MT3-P86,Inga silanchensis,February 11 2026,March 3 2026,,0,XP214-PR,C,11,C11,5,,29,0.6,4,,0.6,8,,,,,,,,,,,,,,,,,,,,,,,,,,,,,,,,,,,,,
,CH-MT2-P75,Cecropia hispidissima,September 17 2025,March 3 2026,March 3 2026,1,XP214-PR,C,12,C12,5,28,,,,,0,,,,,,,,,,,,,,,,,,,,,,,,,,,,,,,,,,,,,,
,DC-MT5-P17,Dacryodes cupularis,September 17 2025,March 3 2026,March 3 2026,1,XP214-PR,C,16,C16,5,34,,,,,0,,,,,,,,,,,,,,,,,,,,,,,,,,,,,,,,,,,,,,
,CP-MT3-P10,Carapa guianensis,May 26 2025,March 3 2026,,0,XP215-PR,A,1,A1,1,41,65,1.8,8,,1.8,46,,,,,,,,,,,,,,,,,,,,,,,,,,,,,,,,,,,,,
,PG-MT2-P20,Pouruma guianensis,February 13 2026,March 3 2026,,0,XP215-PR,A,3,A3,1,,20,0.4,2,,0.4,,,,,,,,,,,,,,,,,,,,,,,,,,,,,,,,,,,,,,
,CH-MT2-P18,Cecropia hispidissima,September 18 2025,March 3 2026,,0,XP215-PR,A,5,A5,1,36.5,68,1,6,,1,,,,,,,,,,,,,,,,,,,,,,,,,,,,,,,,,,,,,,
,IS-MT2-P69,Inga silanchensis,April 14 2025,March 3 2026,,0,XP215-PR,A,6,A6,1,13,15,0.3,3,,0.3,7,,,,,,,,,,,,,,,,,,,,,,,,,,,,,,,,,,,,,
,PA-MT3-P2,Piper aduncum,April 14 2025,March 3 2026,,0,XP215-PR,A,7,A7,1,18,200,6,1109,1.9,,,185,6,1.9,,150,4,1.3,,,,,,,,,,,,,,,,,,,,,,,,,,,,,,
,OP-MT2-P5,Ochroma pyramidale,April 14 2025,March 3 2026,,0,XP215-PR,A,8,A8,1,44,620,23,41,7.3,,,,,,,,,,,7.6,-11.2,4.8,31.5,,,,,,,,,,,,,,,,,,,,,,,,,
,BG-MT4-P22,Banara guianensis,September 18 2025,March 3 2026,,0,XP215-PR,A,9,A9,1,67,122,1.1,43,,1.1,,,,,,,,,,,,,,,,,,,,,,,,,,,,,,,,,,,,,,
,BU-MT4-P32,Brosimum utile,September 18 2025,March 3 2026,March 3 2026,1,XP215-PR,A,11,A11,1,12,,,,,0,,,,,,,,,,,,,,,,,,,,,,,,,,,,,,,,,,,,,,
,BS-MT7-P24,Bactris setulosa,September 18 2025,March 3 2026,,0,XP215-PR,A,13,A13,1,10,14,0.8,3,,0.8,,,,,,,,,,,,,,,,,,,,,,,,,,,,,,,,,,,,,,
,BP-MT2-P73,Bauhinia pichinchensis,February 13 2026,March 3 2026,March 3 2026,1,XP215-PR,A,14,A14,1,,,,,,0,,,,,,,,,,,,,,,,,,,,,,,,,,,,,,,,,,,,,,
,AE-MT4-P46,Annona edulis,February 13 2026,March 3 2026,,0,XP215-PR,A,15,A15,1,,42,0.5,7,,0.5,,,,,,,,,,,,,,,,,,,,,,,,,,,,,,,,,,,,,,
,VB-MT2-P46,Vismia baccifera,February 13 2026,March 3 2026,,0,XP215-PR,A,16,A16,1,,25,0.2,1,,0.2,,,,,,,,,,,,,,,,,,,,,,,,,,,,,,,,,,,,,,
,DC-MT2-P7,Dacryodes cupularis,September 18 2025,March 3 2026,March 3 2026,1,XP215-PR,B,1,B1,1,17,,,,,0,,,,,,,,,,,,,,,,,,,,,,,,,,,,,,,,,,,,,,
,IS-MT5-P69,Inga silanchensis,April 14 2025,March 3 2026,,0,XP215-PR,B,2,B2,1,14,20,0.5,4,,0.5,10,,,,,,,,,,,,,,,,,,,,,,,,,,,,,,,,,,,,,
,OP-MT6-P41,Ochroma pyramidale,May 26 2025,March 3 2026,,0,XP215-PR,B,3,B3,1,86,640,22,52,7,,,,,,,,,,,9.1,-11.2,9.9,26.8,,,,,,,,,,,,,,,,,,,,,,,,,
,VB-MT3-P60,Vismia baccifera,February 13 2026,March 3 2026,,0,XP215-PR,B,4,B4,1,,44,0.3,14,,0.3,,,,,,,,,,,,,,,,,,,,,,,,,,,,,,,,,,,,,,
,BP-MT1-P60,Bauhinia pichinchensis,February 13 2026,March 3 2026,,0,XP215-PR,B,6,B6,1,,15,0.3,1,,0.3,,,,,,,,,,,,,,,,,,,,,,,,,,,,,,,,,,,,,,
,PG-MT5-P58,Pouruma guianensis,February 13 2026,March 3 2026,,0,XP215-PR,B,7,B7,1,,20,0.4,4,,0.4,,,,,,,,,,,,,,,,,,,,,,,,,,,,,,,,,,,,,,
,EA-MT4-P29,Ecuadendron acosta-solisianum,February 13 2026,March 3 2026,,0,XP215-PR,B,9,B9,1,,56,1.2,3,,1.2,7,,,,,,,,,,,,,,,,,,,,,,,,,,,,,,,,,,,,,
,CH-MT1-P31,Cecropia hispidissima,May 26 2025,March 3 2026,March 3 2026,1,XP215-PR,B,10,B10,1,13,,,,,0,,,,,,,,,,,,,,,,,,,,,,,,,,,,,,,,,,,,,,
,BG-MT3-P85,Banara guianensis,September 18 2025,March 3 2026,,0,XP215-PR,B,11,B11,1,56,106,1.1,30,,1.1,,,,,,,,,,,,,,,,,,,,,,,,,,,,,,,,,,,,,,
,AE-MT1-P67,Annona edulis,February 13 2026,March 3 2026,,0,XP215-PR,B,12,B12,1,,45,0.8,10,,0.8,,,,,,,,,,,,,,,,,,,,,,,,,,,,,,,,,,,,,,
,BU-MT4-P22,Brosimum utile,September 18 2025,March 3 2026,,0,XP215-PR,B,15,B15,1,27,34,0.5,1,,0.5,,,,,,,,,,,,,,,,,,,,,,,,,,,,,,,,,,,,,,
,DC-MT3-P26,Dacryodes cupularis,September 18 2025,March 3 2026,March 3 2026,1,XP215-PR,C,1,C1,1,23,,,,,0,,,,,,,,,,,,,,,,,,,,,,,,,,,,,,,,,,,,,,
,AE-MT2-P36,Annona edulis,February 13 2026,March 3 2026,,0,XP215-PR,C,2,C2,1,,32,0.3,6,,0.3,,,,,,,,,,,,,,,,,,,,,,,,,,,,,,,,,,,,,,
,PA-MT7-P28,Piper aduncum,September 18 2025,March 3 2026,,0,XP215-PR,C,3,C3,1,31,73,1,38,,1,,,,,,,,,,,,,,,,,,,,,,,,,,,,,,,,,,,,,,
,OP-MT6-P19,Ochroma pyramidale,May 26 2025,March 3 2026,,0,XP215-PR,C,4,C4,1,60,570,22,36,7,,,,,,,,,,,8,-15.5,7.4,23.8,,,,,,,,,,,,,,,,,,,,,,,,,
,VB-MT1-P54,Vismia baccifera,September 18 2025,March 3 2026,,0,XP215-PR,C,5,C5,1,35,51,0.6,29,,0.6,,,,,,,,,,,,,,,,,,,,,,,,,,,,,,,,,,,,,,
,CH-MT4-P21,Cecropia hispidissima,September 18 2025,March 3 2026,,0,XP215-PR,C,6,C6,1,58,72,0.8,6,,0.8,,,,,,,,,,,,,,,,,,,,,,,,,,,,,,,,,,,,,,
,CP-MT4-P35,Carapa guianensis,May 26 2025,March 3 2026,,0,XP215-PR,C,7,C7,1,58,80,2.4,7,,2.4,28,,,,,,,,,,,,,,,,,,,,,,,,,,,,,,,,,,,,,
,EA-MT4-P3,Ecuadendron acosta-solisianum,May 26 2025,March 3 2026,,0,XP215-PR,C,8,C8,1,26,75,1.3,10,,1.3,30,,,,,,,,,,,,,,,,,,,,,,,,,,,,,,,,,,,,,
,BS-MT6-P33,Bactris setulosa,September 18 2025,March 3 2026,,0,XP215-PR,C,10,C10,1,14,12,1,3,,1,,,,,,,,,,,,,,,,,,,,,,,,,,,,,,,,,,,,,,
,BU-MT4-P62,Brosimum utile,September 18 2025,March 3 2026,,0,XP215-PR,C,11,C11,1,40,48,0.6,4,,0.6,,,,,,,,,,,,,,,,,,,,,,,,,,,,,,,,,,,,,,
,MC-MT3-P24,Miconia conocuatrecasasii,,March 3 2026,,0,XP215-PR,C,13,C13,1,,,,,,0,,,,,,,,,,,,,,,,,,,,,,,,,,,,,,,,,,,,,,
,MC-MT2-P20,Miconia conocuatrecasasii,February 13 2026,March 3 2026,,0,XP215-PR,C,13,C13,1,,17,0.5,5,,0.5,,,,,,,,,,,,,,,,,,,,,,,,,,,,,,,,,,,,,,
,BG-MT5-P91,Banara guianensis,September 18 2025,March 3 2026,,0,XP215-PR,C,14,C14,1,53,120,1.4,22,,1.4,,,,,,,,,,,,,,,,,,,,,,,,,,,,,,,,,,,,,,
,BP-MT2-P54,Bauhinia pichinchensis,February 13 2026,March 3 2026,,0,XP215-PR,C,15,C15,1,,15,0.2,0,,0.2,,,,,,,,,,,,,,,,,,,,,,,,,,,,,,,,,,,,,,
,PG-MT3-P18,Pouruma guianensis,February 13 2026,March 3 2026,March 3 2026,1,XP215-PR,C,16,C16,1,,,,,,0,,,,,,,,,,,,,,,,,,,,,,,,,,,,,,,,,,,,,,
,IS-MT2-P42,Inga silanchensis,April 14 2025,March 3 2026,,0,XP215-PR,A,2,A2,2,23,32,0.8,3,,0.8,12,,,,,,,,,,,,,,,,,,,,,,,,,,,,,,,,,,,,,
,CH-MT4-P67,Cecropia hispidissima,September 18 2025,March 3 2026,,0,XP215-PR,A,4,A4,2,46,63,0.8,4,,0.8,,,,,,,,,,,,,,,,,,,,,,,,,,,,,,,,,,,,,,
,DC-MT1-P18,Dacryodes cupularis,September 18 2025,March 3 2026,March 3 2026,1,XP215-PR,A,5,A5,2,13,,,,,0,,,,,,,,,,,,,,,,,,,,,,,,,,,,,,,,,,,,,,
,OP-MT2-P50,Ochroma pyramidale,April 14 2025,March 3 2026,,0,XP215-PR,A,7,A7,2,48,330,14,30,4.5,,,,,,,,,,,5.1,-11.1,5.7,24.2,,,,,,,,,,,,,,,,,,,,,,,,,
,CP-MT2-P17,Carapa guianensis,May 26 2025,March 3 2026,,0,XP215-PR,A,8,A8,2,44,50,1.2,2,,1.2,10,,,,,,,,,,,,,,,,,,,,,,,,,,,,,,,,,,,,,
,PA-MT3-P7,Piper aduncum,April 14 2025,March 3 2026,,0,XP215-PR,A,9,A9,2,31,130,2,92,,2,,,,,,,,,,,,,,,,,,,,,,,,,,,,,,,,,,,,,,
,PG-MT2-P21,Pouruma guianensis,February 13 2026,March 3 2026,,0,XP215-PR,A,10,A10,2,,10,0.1,3,,0.1,,,,,,,,,,,,,,,,,,,,,,,,,,,,,,,,,,,,,,
,AE-MT5-P31,Annona edulis,February 13 2026,March 3 2026,,0,XP215-PR,A,11,A11,2,,33,0.8,6,,0.8,,,,,,,,,,,,,,,,,,,,,,,,,,,,,,,,,,,,,,
,BG-MT5-P10,Banara guianensis,September 18 2025,March 3 2026,,0,XP215-PR,A,12,A12,2,55,41,0.5,9,,0.5,,,,,,,,,,,,,,,,,,,,,,,,,,,,,,,,,,,,,,
,BP-MT4-P63,Bauhinia pichinchensis,February 13 2026,March 3 2026,March 3 2026,1,XP215-PR,A,13,A13,2,,,,,,0,,,,,,,,,,,,,,,,,,,,,,,,,,,,,,,,,,,,,,
,VB-MT2-P49,Vismia baccifera,February 13 2026,March 3 2026,,0,XP215-PR,A,14,A14,2,,31,0.3,2,,0.3,,,,,,,,,,,,,,,,,,,,,,,,,,,,,,,,,,,,,,
,BU-MT3-P17,Brosimum utile,September 18 2025,March 3 2026,,0,XP215-PR,A,15,A15,2,35,30,0.4,0,,0.4,,,,,,,,,,,,,,,,,,,,,,,,,,,,,,,,,,,,,,
,BG-MT1-P88,Banara guianensis,September 18 2025,March 3 2026,March 3 2026,1,XP215-PR,B,2,B2,2,38,,,,,0,,,,,,,,,,,,,,,,,,,,,,,,,,,,,,,,,,,,,,
,DC-MT2-P39,Dacryodes cupularis,February 13 2026,March 3 2026,,0,XP215-PR,B,3,B3,2,,21,0.5,2,,0.5,10,,,,,,,,,,,,,,,,,,,,,,,,,,,,,,,,,,,,,
,CH-MT5-P61,Cecropia hispidissima,September 18 2025,March 3 2026,,0,XP215-PR,B,4,B4,2,50,50,0.4,0,,0.4,,,,,,,,,,,,,,,,,,,,,,,,,,,,,,,,,,,,,,
,PG-MT4-P24,Pouruma guianensis,February 13 2026,March 3 2026,,0,XP215-PR,B,6,B6,2,,12,0.2,3,,0.2,,,,,,,,,,,,,,,,,,,,,,,,,,,,,,,,,,,,,,
,BU-MT2-P49,Brosimum utile,September 18 2025,March 3 2026,,0,XP215-PR,B,7,B7,2,40,43,0.4,1,,0.4,,,,,,,,,,,,,,,,,,,,,,,,,,,,,,,,,,,,,,
,BP-MT3-P38,Bauhinia pichinchensis,February 13 2026,March 3 2026,,0,XP215-PR,B,8,B8,2,,14,0.2,0,,0.2,,,,,,,,,,,,,,,,,,,,,,,,,,,,,,,,,,,,,,
,IS-MT5-P67,Inga silanchensis,April 14 2025,March 3 2026,,0,XP215-PR,B,9,B9,2,20,53,0.8,3,,0.8,14,,,,,,,,,,,,,,,,,,,,,,,,,,,,,,,,,,,,,
,OP-MT8-P25,Ochroma pyramidale,May 26 2025,March 3 2026,,0,XP215-PR,B,11,B11,2,58,221,10,14,3.2,,,,,,,,,,,,,,,,,,,,,,,,,,,,,,,,,,,,,,,
,CP-MT1-P38,Carapa guianensis,September 18 2025,March 3 2026,,0,XP215-PR,B,12,B12,2,53,57,1.2,4,,1.2,12,,,,,,,,,,,,,,,,,,,,,,,,,,,,,,,,,,,,,
,MC-MT3-P16,Miconia conocuatrecasasii,September 18 2025,March 3 2026,,0,XP215-PR,B,13,B13,2,17,20,0.2,13,,0.2,,,,,,,,,,,,,,,,,,,,,,,,,,,,,,,,,,,,,,
,VB-MT3-P35,Vismia baccifera,February 13 2026,March 3 2026,,0,XP215-PR,B,14,B14,2,,51,0.8,7,,0.8,,,,,,,,,,,,,,,,,,,,,,,,,,,,,,,,,,,,,,
,AE-MT3-P6,Annona edulis,February 13 2026,March 3 2026,,0,XP215-PR,B,15,B15,2,,37,0.4,7,,0.4,,,,,,,,,,,,,,,,,,,,,,,,,,,,,,,,,,,,,,
,BG-MT3-P46,Banara guianensis,September 18 2025,March 3 2026,,0,XP215-PR,C,1,C1,2,56,84,1,46,,1,,,,,,,,,,,,,,,,,,,,,,,,,,,,,,,,,,,,,,
,PA-MT6-P55,Piper aduncum,May 26 2025,March 3 2026,,0,XP215-PR,C,2,C2,2,21,125,23,91,,23,,,,,,,,,,,,,,,,,,,,,,,,,,,,,,,,,,,,,,
,CH-MT5-P14,Cecropia hispidissima,September 18 2025,March 3 2026,,0,XP215-PR,C,4,C4,2,56,97,1.5,5,,1.5,,,,,,,,,,,,,,,,,,,,,,,,,,,,,,,,,,,,,,
,DC-MT4-P79,Dacryodes cupularis,September 18 2025,March 3 2026,March 3 2026,1,XP215-PR,C,5,C5,2,18,,,,,0,,,,,,,,,,,,,,,,,,,,,,,,,,,,,,,,,,,,,,
,PG-MT2-P26,Pouruma guianensis,February 13 2026,March 3 2026,,0,XP215-PR,C,6,C6,2,,18,0.3,2,,0.3,,,,,,,,,,,,,,,,,,,,,,,,,,,,,,,,,,,,,,
,CP-MT4-P54,Carapa guianensis,May 26 2025,March 3 2026,,0,XP215-PR,C,7,C7,2,40,103,2.4,8,,2.4,53,,,,,,,,,,,,,,,,,,,,,,,,,,,,,,,,,,,,,
,OP-MT8-P45,Ochroma pyramidale,May 26 2025,March 3 2026,March 3 2026,1,XP215-PR,C,8,C8,2,45,,,,,0,,,,,,,,,,,,,,,,,,,,,,,,,,,,,,,,,,,,,,
,IS-MT4-P22,Inga silanchensis,May 26 2025,March 3 2026,,0,XP215-PR,C,11,C11,2,25,46,1,7,,1,25,,,,,,,,,,,,,,,,,,,,,,,,,,,,,,,,,,,,,
,MC-MT1-P35,Miconia conocuatrecasasii,September 18 2025,March 3 2026,,0,XP215-PR,C,12,C12,2,21,48,0.8,13,,0.8,,,,,,,,,,,,,,,,,,,,,,,,,,,,,,,,,,,,,,
,BP-MT5-P5,Bauhinia pichinchensis,February 13 2026,March 3 2026,,0,XP215-PR,C,13,C13,2,,23,0.4,1,,0.4,,,,,,,,,,,,,,,,,,,,,,,,,,,,,,,,,,,,,,
,VB-MT2-P17,Vismia baccifera,February 13 2026,March 3 2026,,0,XP215-PR,C,14,C14,2,,31,0.3,18,,0.3,,,,,,,,,,,,,,,,,,,,,,,,,,,,,,,,,,,,,,
,BU-MT3-P52,Brosimum utile,September 18 2025,March 3 2026,,0,XP215-PR,C,15,C15,2,33,33,0.4,2,,0.4,,,,,,,,,,,,,,,,,,,,,,,,,,,,,,,,,,,,,,
,AE-MT1-P48,Annona edulis,February 13 2026,March 3 2026,,0,XP215-PR,C,16,C16,2,,49,0.5,12,,0.5,,,,,,,,,,,,,,,,,,,,,,,,,,,,,,,,,,,,,,
,MC-MT2-P69,Miconia conocuatrecasasii,September 18 2025,March 3 2026,,0,XP215-PR,A,1,A1,3,18,32,0.8,11,,0.8,,,,,,,,,,,,,,,,,,,,,,,,,,,,,,,,,,,,,,
,VB-MT2-P14,Vismia baccifera,February 13 2026,March 3 2026,,0,XP215-PR,A,2,A2,3,,37,0.4,7,,0.4,,,,,,,,,,,,,,,,,,,,,,,,,,,,,,,,,,,,,,
,EA-MT2-P3,Ecuadendron acosta-solisianum,May 26 2025,March 3 2026,,0,XP215-PR,A,3,A3,3,42,105,2.1,13,,2.1,49,,,,,,,,,,,,,,,,,,,,,,,,,,,,,,,,,,,,,
,CP-MT5-P42,Carapa guianensis,September 18 2025,March 3 2026,,0,XP215-PR,A,5,A5,3,80,81,1.8,5,,1.8,21,,,,,,,,,,,,,,,,,,,,,,,,,,,,,,,,,,,,,
,CH-MT2-P7,Cecropia hispidissima,September 18 2025,,,0,XP215-PR,A,6,A6,3,27,82,1.4,9,,1.4,,,,,,,,,,,,,,,,,,,,,,,,,,,,,,,,,,,,,,
,BG-MT4-P33,Banara guianensis,September 18 2025,March 3 2026,,0,XP215-PR,A,7,A7,3,31,89,0.8,24,,0.8,,,,,,,,,,,,,,,,,,,,,,,,,,,,,,,,,,,,,,
,PG-MT5-P57,Pouruma guianensis,February 13 2026,March 3 2026,,0,XP215-PR,A,8,A8,3,,20,0.2,4,,0.2,,,,,,,,,,,,,,,,,,,,,,,,,,,,,,,,,,,,,,
,DC-MT5-P12,Dacryodes cupularis,September 18 2025,March 3 2026,,0,XP215-PR,A,9,A9,3,26,26,0.3,1,,0.3,4,,,,,,,,,,,,,,,,,,,,,,,,,,,,,,,,,,,,,
,IS-MT3-P68,Inga silanchensis,April 14 2025,March 3 2026,,0,XP215-PR,A,10,A10,3,27,40,0.8,4,,0.8,12,,,,,,,,,,,,,,,,,,,,,,,,,,,,,,,,,,,,,
,OP-MT9-P27,Ochroma pyramidale,April 14 2025,March 3 2026,,0,XP215-PR,A,11,A11,3,45,520,26.5,62,8.4,,,,,,,,,,,8.6,-14.4,9.4,18.9,,,,,,,,,,,,,,,,,,,,,,,,,
,BU-MT1-P28,Brosimum utile,May 26 2025,March 3 2026,,0,XP215-PR,A,12,A12,3,27,66,0.7,9,,0.7,,,,,,,,,,,,,,,,,,,,,,,,,,,,,,,,,,,,,,
,AE-MT2-P2,Annona edulis,February 13 2026,March 3 2026,,0,XP215-PR,A,14,A14,3,,48,0.5,9,,0.5,,,,,,,,,,,,,,,,,,,,,,,,,,,,,,,,,,,,,,
,BP-MT4-P26,Bauhinia pichinchensis,February 13 2026,March 3 2026,,0,XP215-PR,A,16,A16,3,,20,0.4,2,,0.4,,,,,,,,,,,,,,,,,,,,,,,,,,,,,,,,,,,,,,
,CH-MT3-P41,Cecropia hispidissima,September 18 2025,March 3 2026,,0,XP215-PR,B,1,B1,3,46,64,0.7,3,,0.7,,,,,,,,,,,,,,,,,,,,,,,,,,,,,,,,,,,,,,
,CP-MT2-P1,Carapa guianensis,May 26 2025,March 3 2026,,0,XP215-PR,B,2,B2,3,64,86,2.2,6,,2.2,43,,,,,,,,,,,,,,,,,,,,,,,,,,,,,,,,,,,,,
,OP-MT7-P27,Ochroma pyramidale,May 26 2025,March 3 2026,,0,XP215-PR,B,4,B4,3,76,265,10.5,16,3.3,,,,,,,,,,,,,,,,,,,,,,,,,,,,,,,,,,,,,,,
,BG-MT2-P81,Banara guianensis,September 18 2025,March 3 2026,,0,XP215-PR,B,5,B5,3,41,68,0.8,52,,0.8,,,,,,,,,,,,,,,,,,,,,,,,,,,,,,,,,,,,,,
,VB-MT1-P6,Vismia baccifera,September 18 2025,March 3 2026,,0,XP215-PR,B,6,B6,3,35,111,1.1,73,,1.1,,,,,,,,,,,,,,,,,,,,,,,,,,,,,,,,,,,,,,
,PG-MT2-P41,Pouruma guianensis,February 13 2026,March 3 2026,,0,XP215-PR,B,7,B7,3,,20,0.2,2,,0.2,,,,,,,,,,,,,,,,,,,,,,,,,,,,,,,,,,,,,,
,BU-MT1-P45,Brosimum utile,May 26 2025,March 3 2026,,0,XP215-PR,B,8,B8,3,23,,,,,0,,,,,,,,,,,,,,,,,,,,,,,,,,,,,,,,,,,,,,
,DC-MT1-P19,Dacryodes cupularis,September 18 2025,March 3 2026,,0,XP215-PR,B,9,B9,3,16.5,15,0.6,2,,0.6,8,,,,,,,,,,,,,,,,,,,,,,,,,,,,,,,,,,,,,
,MC-MT2-P55,Miconia conocuatrecasasii,September 18 2025,March 3 2026,,0,XP215-PR,B,10,B10,3,27,33,0.5,9,,0.5,,,,,,,,,,,,,,,,,,,,,,,,,,,,,,,,,,,,,,
,IS-MT1-P1,Inga silanchensis,May 26 2025,March 3 2026,,0,XP215-PR,B,11,B11,3,17,26,1,5,,1,16,,,,,,,,,,,,,,,,,,,,,,,,,,,,,,,,,,,,,
,AE-MT3-P28,Annona edulis,February 13 2026,March 3 2026,,0,XP215-PR,B,12,B12,3,,52,0.7,7,,0.7,,,,,,,,,,,,,,,,,,,,,,,,,,,,,,,,,,,,,,
,PA-MT7-P9,Piper aduncum,September 18 2025,March 3 2026,,0,XP215-PR,B,13,B13,3,34,65,1.1,30,,1.1,,,,,,,,,,,,,,,,,,,,,,,,,,,,,,,,,,,,,,
,BP-MT2-P45,Bauhinia pichinchensis,February 13 2026,March 3 2026,,0,XP215-PR,B,16,B16,3,,16,0.3,4,,0.3,,,,,,,,,,,,,,,,,,,,,,,,,,,,,,,,,,,,,,
,EA-MT3-P33,Ecuadendron acosta-solisianum,February 13 2026,March 3 2026,,0,XP215-PR,C,1,C1,3,,78,1.2,7,,1.2,17,,,,,,,,,,,,,,,,,,,,,,,,,,,,,,,,,,,,,
,DC-MT3-P63,Dacryodes cupularis,February 13 2026,March 3 2026,,0,XP215-PR,C,3,C3,3,,32,0.5,2,,0.5,11,,,,,,,,,,,,,,,,,,,,,,,,,,,,,,,,,,,,,
,MC-MT3-P54,Miconia conocuatrecasasii,September 18 2025,March 3 2026,,0,XP215-PR,C,4,C4,3,23.5,24,0.5,4,,0.5,,,,,,,,,,,,,,,,,,,,,,,,,,,,,,,,,,,,,,
,CP-MT3-P74,Carapa guianensis,May 26 2025,March 3 2026,,0,XP215-PR,C,5,C5,3,38,92,1.7,10,,1.7,58,,,,,,,,,,,,,,,,,,,,,,,,,,,,,,,,,,,,,
,VB-MT5-P55,Vismia baccifera,February 13 2026,March 3 2026,,0,XP215-PR,C,6,C6,3,,36,0.4,6,,0.4,,,,,,,,,,,,,,,,,,,,,,,,,,,,,,,,,,,,,,
,IS-MT1-P25,Inga silanchensis,May 26 2025,March 3 2026,,0,XP215-PR,C,7,C7,3,25,40,1,3,,1,9,,,,,,,,,,,,,,,,,,,,,,,,,,,,,,,,,,,,,
,AE-MT3-P26,Annona edulis,February 13 2026,March 3 2026,,0,XP215-PR,C,9,C9,3,,33,0.5,8,,0.5,,,,,,,,,,,,,,,,,,,,,,,,,,,,,,,,,,,,,,
,BS-MT5-P23,Bactris setulosa,September 18 2025,March 3 2026,,0,XP215-PR,C,10,C10,3,13,10,0.6,4,,0.6,,,,,,,,,,,,,,,,,,,,,,,,,,,,,,,,,,,,,,
,BG-MT3-P79,Banara guianensis,September 18 2025,March 3 2026,,0,XP215-PR,C,11,C11,3,67,104,1.1,43,,1.1,,,,,,,,,,,,,,,,,,,,,,,,,,,,,,,,,,,,,,
,BP-MT4-P69,Bauhinia pichinchensis,February 13 2026,March 3 2026,,0,XP215-PR,C,13,C13,3,,17,0.4,2,,0.4,,,,,,,,,,,,,,,,,,,,,,,,,,,,,,,,,,,,,,
,PG-MT3-P37,Pouruma guianensis,February 13 2026,March 3 2026,,0,XP215-PR,C,14,C14,3,,19,0.3,3,,0.3,,,,,,,,,,,,,,,,,,,,,,,,,,,,,,,,,,,,,,
,CH-MT3-P26,Cecropia hispidissima,September 18 2025,March 3 2026,,0,XP215-PR,C,15,C15,3,58,37,1,5,,1,,,,,,,,,,,,,,,,,,,,,,,,,,,,,,,,,,,,,,
,BU-MT2-P16,Brosimum utile,September 18 2025,March 3 2026,,0,XP215-PR,C,16,C16,3,20,,,4,,0,,,,,,,,,,,,,,,,,,,,,,,,,,,,,,,,,,,,,,
,BU-MT3-P24,Brosimum utile,September 18 2025,March 3 2026,March 3 2026,1,XP215-PR,A,1,A1,4,40,,,,,0,,,,,,,,,,,,,,,,,,,,,,,,,,,,,,,,,,,,,,
,CH-MT3-P42,Cecropia hispidissima,September 18 2025,March 3 2026,,0,XP215-PR,A,2,A2,4,50,78,0.6,7,,0.6,,,,,,,,,,,,,,,,,,,,,,,,,,,,,,,,,,,,,,
,DC-MT4-P25,Dacryodes cupularis,September 18 2025,March 3 2026,,0,XP215-PR,A,4,A4,4,19,23,0.6,3,,0.6,10,,,,,,,,,,,,,,,,,,,,,,,,,,,,,,,,,,,,,
,BP-MT3-P49,Bauhinia pichinchensis,February 13 2026,March 3 2026,,0,XP215-PR,A,5,A5,4,,9,0.2,2,,0.2,,,,,,,,,,,,,,,,,,,,,,,,,,,,,,,,,,,,,,
,IS-MT3-P66,Inga silanchensis,April 14 2025,March 3 2026,,0,XP215-PR,A,7,A7,4,17,21,0.5,6,,0.5,18,,,,,,,,,,,,,,,,,,,,,,,,,,,,,,,,,,,,,
,CP-MT5-P3,Carapa guianensis,September 18 2025,March 3 2026,,0,XP215-PR,A,8,A8,4,59,62,1.2,2,,1.2,10,,,,,,,,,,,,,,,,,,,,,,,,,,,,,,,,,,,,,
,OP-MT9-P54,Ochroma pyramidale,April 14 2025,March 3 2026,,0,XP215-PR,A,9,A9,4,31,50,1.8,7,,1.8,,,,,,,,,,,,,,,,,,,,,,,,,,,,,,,,,,,,,,
,AE-MT4-P59,Annona edulis,February 13 2026,March 3 2026,,0,XP215-PR,A,10,A10,4,,34,0.3,4,,0.3,,,,,,,,,,,,,,,,,,,,,,,,,,,,,,,,,,,,,,
,MC-MT1-P13,Miconia conocuatrecasasii,September 18 2025,March 3 2026,,0,XP215-PR,A,11,A11,4,16,28,0.6,10,,0.6,,,,,,,,,,,,,,,,,,,,,,,,,,,,,,,,,,,,,,
,BG-MT1-P91,Banara guianensis,September 18 2025,March 3 2026,,0,XP215-PR,A,12,A12,4,39,62,0.8,12,,0.8,,,,,,,,,,,,,,,,,,,,,,,,,,,,,,,,,,,,,,
,PA-MT3-P71,Piper aduncum,February 13 2026,March 3 2026,,0,XP215-PR,A,13,A13,4,,44,0.4,1,,0.4,,,,,,,,,,,,,,,,,,,,,,,,,,,,,,,,,,,,,,
,PG-MT3-P60,Pouruma guianensis,February 13 2026,March 3 2026,,0,XP215-PR,A,14,A14,4,,21,0.2,2,,0.2,,,,,,,,,,,,,,,,,,,,,,,,,,,,,,,,,,,,,,
,VB-MT2-P69,Vismia baccifera,February 13 2026,March 3 2026,,0,XP215-PR,A,15,A15,4,,31,0.3,5,,0.3,,,,,,,,,,,,,,,,,,,,,,,,,,,,,,,,,,,,,,
,BG-MT2-P56,Banara guianensis,September 18 2025,March 3 2026,,0,XP215-PR,B,1,B1,4,64,36,0.6,34,,0.6,,,,,,,,,,,,,,,,,,,,,,,,,,,,,,,,,,,,,,
,VB-MT5-P48,Vismia baccifera,February 13 2026,March 3 2026,,0,XP215-PR,B,2,B2,4,,47,0.3,8,,0.3,,,,,,,,,,,,,,,,,,,,,,,,,,,,,,,,,,,,,,
,AE-MT1-P8,Annona edulis,February 13 2026,March 3 2026,,0,XP215-PR,B,3,B3,4,,41,0.3,4,,0.3,,,,,,,,,,,,,,,,,,,,,,,,,,,,,,,,,,,,,,
,CH-MT4-P85,Cecropia hispidissima,September 18 2025,March 3 2026,,0,XP215-PR,B,4,B4,4,47,88,1,13,,1,,,,,,,,,,,,,,,,,,,,,,,,,,,,,,,,,,,,,,
,PG-MT5-P43,Pouruma guianensis,February 13 2026,March 3 2026,,0,XP215-PR,B,5,B5,4,,24,0.2,3,,0.2,,,,,,,,,,,,,,,,,,,,,,,,,,,,,,,,,,,,,,
,CP-MT3-P84,Carapa guianensis,February 13 2026,March 3 2026,,0,XP215-PR,B,6,B6,4,,43,1,3,,1,8,,,,,,,,,,,,,,,,,,,,,,,,,,,,,,,,,,,,,
,EA-MT3-P15,Ecuadendron acosta-solisianum,May 26 2025,March 3 2026,,0,XP215-PR,B,7,B7,4,45,71,1.4,11,,1.4,26,,,,,,,,,,,,,,,,,,,,,,,,,,,,,,,,,,,,,
,MC-MT1-P14,Miconia conocuatrecasasii,September 18 2025,March 3 2026,,0,XP215-PR,B,8,B8,4,16,26,0.5,10,,0.5,,,,,,,,,,,,,,,,,,,,,,,,,,,,,,,,,,,,,,
,IS-MT4-P55,Inga silanchensis,May 26 2025,March 3 2026,,0,XP215-PR,B,9,B9,4,12,29,0.5,4,,0.5,7,,,,,,,,,,,,,,,,,,,,,,,,,,,,,,,,,,,,,
,BU-MT5-P23,Brosimum utile,September 18 2025,March 3 2026,,0,XP215-PR,B,11,B11,4,33,38,0.5,2,,0.5,,,,,,,,,,,,,,,,,,,,,,,,,,,,,,,,,,,,,,
,BS-MT5-P15,Bactris setulosa,September 18 2025,March 3 2026,,0,XP215-PR,B,12,B12,4,15,20,1.1,4,,1.1,,,,,,,,,,,,,,,,,,,,,,,,,,,,,,,,,,,,,,
,BP-MT1-P37,Bauhinia pichinchensis,February 13 2026,March 3 2026,March 3 2026,1,XP215-PR,B,13,B13,4,,,,,,0,,,,,,,,,,,,,,,,,,,,,,,,,,,,,,,,,,,,,,
,DC-MT3-P42,Dacryodes cupularis,September 18 2025,March 3 2026,March 3 2026,1,XP215-PR,B,15,B15,4,19,,,,,0,,,,,,,,,,,,,,,,,,,,,,,,,,,,,,,,,,,,,,
,CP-MT1-P9,Carapa guianensis,September 18 2025,March 3 2026,,0,XP215-PR,C,1,C1,4,49,50,1.2,4,,1.2,20,,,,,,,,,,,,,,,,,,,,,,,,,,,,,,,,,,,,,
,BP-MT1-P52,Bauhinia pichinchensis,February 13 2026,March 3 2026,,0,XP215-PR,C,2,C2,4,,30,0.3,1,,0.3,,,,,,,,,,,,,,,,,,,,,,,,,,,,,,,,,,,,,,
,VB-MT3-P24,Vismia baccifera,February 13 2026,March 3 2026,,0,XP215-PR,C,4,C4,4,,37,0.2,7,,0.2,,,,,,,,,,,,,,,,,,,,,,,,,,,,,,,,,,,,,,
,BS-MT1-P20,Bactris setulosa,September 18 2025,March 3 2026,,0,XP215-PR,C,6,C6,4,8,10,1,1,,1,,,,,,,,,,,,,,,,,,,,,,,,,,,,,,,,,,,,,,
,BG-MT1-P92,Banara guianensis,September 18 2025,March 3 2026,,0,XP215-PR,C,7,C7,4,37,76,1,27,,1,,,,,,,,,,,,,,,,,,,,,,,,,,,,,,,,,,,,,,
,AE-MT2-P65,Annona edulis,February 13 2026,March 3 2026,,0,XP215-PR,C,8,C8,4,,31,0.3,4,,0.3,,,,,,,,,,,,,,,,,,,,,,,,,,,,,,,,,,,,,,
,CH-MT1-P18,Cecropia hispidissima,May 26 2025,March 3 2026,,0,XP215-PR,C,9,C9,4,13,,,,,0,,,,,,,,,,,,,,,,,,,,,,,,,,,,,,,,,,,,,,
,PA-MT6-P7,Piper aduncum,May 26 2025,March 3 2026,,0,XP215-PR,C,10,C10,4,24,95,1.5,70,,1.5,,85,1.3,,1.3,,,,,,,,,,,,,,,,,,,,,,,,,,,,,,,,,
,MC-MT2-P23,Miconia conocuatrecasasii,September 18 2025,March 3 2026,,0,XP215-PR,C,11,C11,4,16,37,0.5,11,,0.5,,,,,,,,,,,,,,,,,,,,,,,,,,,,,,,,,,,,,,
,OP-MT7-P58,Ochroma pyramidale,May 26 2025,March 3 2026,,0,XP215-PR,C,12,C12,4,71,266,145,31,46.2,,,,,,,,,,,,,,,,,,,,,,,,,,,,,,,,,,,,,,,
,DC-MT5-P54,Dacryodes cupularis,September 18 2025,March 3 2026,March 3 2026,1,XP215-PR,C,13,C13,4,13,,,,,0,,,,,,,,,,,,,,,,,,,,,,,,,,,,,,,,,,,,,,
,EA-MT4-P54,Ecuadendron acosta-solisianum,February 13 2026,March 3 2026,,0,XP215-PR,C,14,C14,4,,62,1,3,,1,8,,,,,,,,,,,,,,,,,,,,,,,,,,,,,,,,,,,,,
,PG-MT1-P57,Pouruma guianensis,February 13 2026,March 3 2026,,0,XP215-PR,C,15,C15,4,,26,0.4,3,,0.4,,,,,,,,,,,,,,,,,,,,,,,,,,,,,,,,,,,,,,
,BU-MT5-P3,Brosimum utile,September 18 2025,March 3 2026,,0,XP215-PR,C,16,C16,4,41,52,0.6,4,,0.6,,,,,,,,,,,,,,,,,,,,,,,,,,,,,,,,,,,,,,
,CP-MT4-P14,Carapa guianensis,May 26 2025,,,0,XP215-PR,A,1,A1,5,40,44,1.2,3,,1.2,7,,,,,,,,,,,,,,,,,,,,,,,,,,,,,,,,,,,,,
,PA-MT6-P44,Piper aduncum,May 26 2025,March 3 2026,,0,XP215-PR,A,2,A2,5,17,66,0.6,15,,0.6,,,,,,,,,,,,,,,,,,,,,,,,,,,,,,,,,,,,,,
,OP-MT8-P31,Ochroma pyramidale,May 26 2025,,,0,XP215-PR,A,3,A3,5,56,102,1.3,7,,1.3,,,,,,,,,,,,,,,,,,,,,,,,,,,,,,,,,,,,,,
,PG-MT4-P74,Pouruma guianensis,February 13 2026,March 3 2026,,0,XP215-PR,A,4,A4,5,,22,0.6,3,,0.6,10,,,,,,,,,,,,,,,,,,,,,,,,,,,,,,,,,,,,,
,CH-MT2-P29,Cecropia hispidissima,September 18 2025,March 3 2026,,0,XP215-PR,A,5,A5,5,43,52,0.5,4,,0.5,,,,,,,,,,,,,,,,,,,,,,,,,,,,,,,,,,,,,,
,BG-MT2-P52,Banara guianensis,September 18 2025,March 3 2026,,0,XP215-PR,A,6,A6,5,52,65,0.5,13,,0.5,,,,,,,,,,,,,,,,,,,,,,,,,,,,,,,,,,,,,,
,DC-MT5-P46,Dacryodes cupularis,September 18 2025,March 3 2026,,0,XP215-PR,A,8,A8,5,26,26,0.3,1,,0.3,4,,,,,,,,,,,,,,,,,,,,,,,,,,,,,,,,,,,,,
,AE-MT5-P61,Annona edulis,February 13 2026,March 3 2026,,0,XP215-PR,A,14,A14,5,,44,0.4,8,,0.4,,,,,,,,,,,,,,,,,,,,,,,,,,,,,,,,,,,,,,
,IS-MT3-P93,Inga silanchensis,February 13 2026,March 3 2026,,0,XP215-PR,A,16,A16,5,,20,0.3,4,,0.3,9,,,,,,,,,,,,,,,,,,,,,,,,,,,,,,,,,,,,,
,IS-MT3-P51,Inga silanchensis,April 14 2025,March 3 2026,,0,XP215-PR,B,1,B1,5,34,67,1.2,5,,1.2,15,,,,,,,,,,,,,,,,,,,,,,,,,,,,,,,,,,,,,
,CP-MT2-P61,Carapa guianensis,May 26 2025,March 3 2026,,0,XP215-PR,B,2,B2,5,49,44,1,3,,1,12,,,,,,,,,,,,,,,,,,,,,,,,,,,,,,,,,,,,,
,OP-MT6-P16,Ochroma pyramidale,May 26 2025,March 3 2026,,0,XP215-PR,B,3,B3,5,48,56,0.7,5,,0.7,,,,,,,,,,,,,,,,,,,,,,,,,,,,,,,,,,,,,,
,BU-MT1-P52,Brosimum utile,May 26 2025,March 3 2026,,0,XP215-PR,B,4,B4,5,28,48,0.5,5,,0.5,,,,,,,,,,,,,,,,,,,,,,,,,,,,,,,,,,,,,,
,PG-MT3-P58,Pouruma guianensis,February 13 2026,March 3 2026,,0,XP215-PR,B,7,B7,5,,23,0.2,4,,0.2,,,,,,,,,,,,,,,,,,,,,,,,,,,,,,,,,,,,,,
,DC-MT4-P14,Dacryodes cupularis,September 18 2025,March 3 2026,March 3 2026,1,XP215-PR,B,10,B10,5,9,,,,,0,,,,,,,,,,,,,,,,,,,,,,,,,,,,,,,,,,,,,,
,BG-MT5-P66,Banara guianensis,September 18 2025,March 3 2026,,0,XP215-PR,B,13,B13,5,35,82,1,14,,1,,,,,,,,,,,,,,,,,,,,,,,,,,,,,,,,,,,,,,
,AE-MT1-P16,Annona edulis,February 13 2026,March 3 2026,,0,XP215-PR,B,15,B15,5,,43,0.5,6,,0.5,,,,,,,,,,,,,,,,,,,,,,,,,,,,,,,,,,,,,,
,OP-MT2-P18,Ochroma pyramidale,April 14 2025,March 3 2026,,0,XP215-PR,C,1,C1,5,48,80,1,5,,1,,,,,,,,,,,,,,,,,,,,,,,,,,,,,,,,,,,,,,
,CP-MT3-P27,Carapa guianensis,May 26 2025,March 3 2026,,0,XP215-PR,C,2,C2,5,40,53,1.1,4,,1.1,,,,,,,,,,,,,,,,,,,,,,,,,,,,,,,,,,,,,,
,IS-MT3-P94,Inga silanchensis,February 13 2026,March 3 2026,,0,XP215-PR,C,4,C4,5,,23,0.4,4,,0.4,12,,,,,,,,,,,,,,,,,,,,,,,,,,,,,,,,,,,,,
,DC-MT1-P20,Dacryodes cupularis,September 18 2025,March 3 2026,,0,XP215-PR,C,5,C5,5,23,29,0.3,6,,0.3,15,,,,,,,,,,,,,,,,,,,,,,,,,,,,,,,,,,,,,
,AE-MT5-P59,Annona edulis,February 13 2026,March 3 2026,,0,XP215-PR,C,8,C8,5,,49,0.4,2,,0.4,9,,,,,,,,,,,,,,,,,,,,,,,,,,,,,,,,,,,,,
,PG-MT5-P54,Pouruma guianensis,February 13 2026,March 3 2026,,0,XP215-PR,C,9,C9,5,,27,0.3,4,,0.3,,,,,,,,,,,,,,,,,,,,,,,,,,,,,,,,,,,,,,
,BG-MT4-P78,Banara guianensis,September 18 2025,March 3 2026,,0,XP215-PR,C,14,C14,5,63,89,0.3,12,,0.3,,,,,,,,,,,,,,,,,,,,,,,,,,,,,,,,,,,,,,
,CH-MT4-P86,Cecropia hispidissima,September 18 2025,March 3 2026,,0,XP215-PR,C,16,C16,5,52,72,1,0,,1,,,,,,,,,,,,,,,,,,,,,,,,,,,,,,,,,,,,,,
,BS-MT1-P18,Bactris setulosa,August 28 2025,February 23 2026,,0,XP216-PLR,A,1,A1,1,23,20,0.7,3,,0.7,,,,,,,,,,,,,,,,,,,,,,,,,,,,,,,,,,,,,,
,DC-MT4-P53,Dacryodes cupularis,August 28 2025,February 23 2026,February 23 2026,1,XP216-PLR,A,2,A2,1,8,,,,,0,,,,,,,,,,,,,,,,,,,,,,,,,,,,,,,,,,,,,,
,BP-MT2-P1,Bauhinia pichinchensis,February 18 2026,February 23 2026,,0,XP216-PLR,A,4,A4,1,,5,0.4,0,,0.4,,,,,,,,,,,,,,,,,,,,,,,,,,,,,,,,,,,,,,
,CH-MT5-P47,Cecropia hispidissima,August 28 2025,February 23 2026,February 23 2026,1,XP216-PLR,A,6,A6,1,29,,,,,0,,,,,,,,,,,,,,,,,,,,,,,,,,,,,,,,,,,,,,
,VB-MT5-P19,Vismia baccifera,February 18 2026,February 23 2026,,0,XP216-PLR,A,7,A7,1,,33,0.4,4,,0.4,,,,,,,,,,,,,,,,,,,,,,,,,,,,,,,,,,,,,,
,PA-MT3-P26,Piper aduncum,March 31 2025,February 23 2026,,0,XP216-PLR,A,8,A8,1,20,30,0.5,11,,0.5,,,,,,,,,,,,,,,,,,,,,,,,,,,,,,,,,,,,,,
,AE-MT4-P4,Annona edulis,February 18 2026,February 23 2026,,0,XP216-PLR,A,9,A9,1,,42,0.4,6,,0.4,,,,,,,,,,,,,,,,,,,,,,,,,,,,,,,,,,,,,,
,OP-MT9-P25,Ochroma pyramidale,March 31 2025,February 23 2026,February 23 2026,1,XP216-PLR,A,10,A10,1,40,,,,,0,,,,,,,,,,,,,,,,,,,,,,,,,,,,,,,,,,,,,,
,IS-MT3-P32,Inga silanchensis,March 31 2025,February 23 2026,,0,XP216-PLR,A,11,A11,1,23,24,0.3,2,,0.3,,,,,,,,,,,,,,,,,,,,,,,,,,,,,,,,,,,,,,
,PG-MT4-P44,Pouruma guianensis,February 18 2026,February 23 2026,,0,XP216-PLR,A,13,A13,1,,20,0.3,4,,0.3,,,,,,,,,,,,,,,,,,,,,,,,,,,,,,,,,,,,,,
,BG-MT3-P30,Banara guianensis,August 28 2025,February 23 2026,,0,XP216-PLR,A,14,A14,1,63,,,,,0,,,,,,,,,,,,,,,,,,,,,,,,,,,,,,,,,,,,,,
,BU-MT5-P29,Brosimum utile,August 28 2025,February 23 2026,,0,XP216-PLR,A,15,A15,1,36,35,0.6,5,,0.6,,,,,,,,,,,,,,,,,,,,,,,,,,,,,,,,,,,,,,
,CP-MT1-P53,Carapa guianensis,August 28 2025,February 23 2026,,0,XP216-PLR,A,16,A16,1,82,63,1.1,4,,1.1,20,,,,,,,,,,,,,,,,,,,,,,,,,,,,,,,,,,,,,
,BG-MT1-P55,Banara guianensis,August 28 2025,February 23 2026,February 23 2026,1,XP216-PLR,B,1,B1,1,59,55,0.3,12,,0.3,,,,,,,,,,,,,,,,,,,,,,,,,,,,,,,,,,,,,,
,OP-MT8-P17,Ochroma pyramidale,May 15 2025,February 23 2026,August 28 2025,1,XP216-PLR,B,2,B2,1,70,,,,,0,,,,,,,,,,,,,,,,,,,,,,,,,,,,,,,,,,,,,,
,BU-MT2-P29,Brosimum utile,August 28 2025,February 23 2026,,0,XP216-PLR,B,4,B4,1,23,16,0.3,3,,0.3,,,,,,,,,,,,,,,,,,,,,,,,,,,,,,,,,,,,,,
,AE-MT4-P17,Annona edulis,February 18 2026,February 23 2026,,0,XP216-PLR,B,5,B5,1,,37,0.4,7,,0.4,,,,,,,,,,,,,,,,,,,,,,,,,,,,,,,,,,,,,,
,EA-MT3-P66,Ecuadendron acosta-solisianum,February 18 2026,February 23 2026,,0,XP216-PLR,B,7,B7,1,,34,0.5,4,,0.5,7,,,,,,,,,,,,,,,,,,,,,,,,,,,,,,,,,,,,,
,CH-MT2-P56,Cecropia hispidissima,August 28 2025,February 23 2026,February 23 2026,1,XP216-PLR,B,8,B8,1,28,,,,,0,,,,,,,,,,,,,,,,,,,,,,,,,,,,,,,,,,,,,,
,MC-MT3-P53,Miconia conocuatrecasasii,August 28 2025,February 23 2026,February 23 2026,1,XP216-PLR,B,9,B9,1,20,,,,,0,,,,,,,,,,,,,,,,,,,,,,,,,,,,,,,,,,,,,,
,PA-MT6-P64,Piper aduncum,May 15 2025,February 23 2026,,0,XP216-PLR,B,10,B10,1,17,22,0.4,8,,0.4,,,,,,,,,,,,,,,,,,,,,,,,,,,,,,,,,,,,,,
,CP-MT5-P62,Carapa guianensis,August 28 2025,February 23 2026,,0,XP216-PLR,B,11,B11,1,40,57,0.9,6,,0.9,26,,,,,,,,,,,,,,,,,,,,,,,,,,,,,,,,,,,,,
,IS-MT2-P90,Inga silanchensis,March 31 2025,February 23 2026,,0,XP216-PLR,B,12,B12,1,33,33,0.4,3,,0.4,7,,,,,,,,,,,,,,,,,,,,,,,,,,,,,,,,,,,,,
,PG-MT1-P62,Pouruma guianensis,February 18 2026,February 23 2026,,0,XP216-PLR,B,13,B13,1,,30,0.3,1,,0.3,,,,,,,,,,,,,,,,,,,,,,,,,,,,,,,,,,,,,,
,DC-MT1-P61,Dacryodes cupularis,February 18 2026,February 23 2026,,0,XP216-PLR,B,14,B14,1,,19,0.5,2,,0.5,6,,,,,,,,,,,,,,,,,,,,,,,,,,,,,,,,,,,,,
,VB-MT3-P8,Vismia baccifera,February 18 2026,February 23 2026,,0,XP216-PLR,B,15,B15,1,,37,0.4,3,,0.4,,,,,,,,,,,,,,,,,,,,,,,,,,,,,,,,,,,,,,
,BP-MT4-P53,Bauhinia pichinchensis,February 18 2026,February 23 2026,,0,XP216-PLR,B,16,B16,1,,16,0.5,2,,0.5,,,,,,,,,,,,,,,,,,,,,,,,,,,,,,,,,,,,,,
,BU-MT4-P55,Brosimum utile,August 28 2025,February 23 2026,,0,XP216-PLR,C,1,C1,1,29,25,0.4,2,,0.4,,,,,,,,,,,,,,,,,,,,,,,,,,,,,,,,,,,,,,
,CP-MT4-P30,Carapa guianensis,May 15 2025,February 23 2026,February 23 2026,1,XP216-PLR,C,3,C3,1,35,,,,,0,,,,,,,,,,,,,,,,,,,,,,,,,,,,,,,,,,,,,,
,PA-MT3-P100,Piper aduncum,February 18 2026,February 23 2026,,0,XP216-PLR,C,5,C5,1,,24,0.8,4,,0.8,,,,,,,,,,,,,,,,,,,,,,,,,,,,,,,,,,,,,,
,OP-MT7-P42,Ochroma pyramidale,May 15 2025,February 23 2026,,0,XP216-PLR,C,6,C6,1,60,60,1.1,6,,1.1,,,,,,,,,,,,,,,,,,,,,,,,,,,,,,,,,,,,,,
,PG-MT1-P2,Pouruma guianensis,February 18 2026,February 23 2026,,0,XP216-PLR,C,7,C7,1,,28,0.4,3,,0.4,,,,,,,,,,,,,,,,,,,,,,,,,,,,,,,,,,,,,,
,DC-MT1-P54,Dacryodes cupularis,August 28 2025,February 23 2026,,0,XP216-PLR,C,8,C8,1,36,34,0.6,3,,0.6,9,,,,,,,,,,,,,,,,,,,,,,,,,,,,,,,,,,,,,
,AE-MT2-P71,Annona edulis,February 18 2026,February 23 2026,,0,XP216-PLR,C,9,C9,1,,42,0.4,9,,0.4,,,,,,,,,,,,,,,,,,,,,,,,,,,,,,,,,,,,,,
,CH-MT1-P23,Cecropia hispidissima,May 15 2025,February 23 2026,February 23 2026,1,XP216-PLR,C,10,C10,1,24,,,,,0,,,,,,,,,,,,,,,,,,,,,,,,,,,,,,,,,,,,,,
,EA-MT3-P5,Ecuadendron acosta-solisianum,May 15 2025,February 23 2026,,0,XP216-PLR,C,11,C11,1,42,43,1.3,7,,1.3,17,,,,,,,,,,,,,,,,,,,,,,,,,,,,,,,,,,,,,
,IS-MT5-P36,Inga silanchensis,March 31 2025,February 23 2026,,0,XP216-PLR,C,12,C12,1,30,26,0.6,4,,0.6,9,,,,,,,,,,,,,,,,,,,,,,,,,,,,,,,,,,,,,
,BG-MT4-P58,Banara guianensis,August 28 2025,February 23 2026,,0,XP216-PLR,C,14,C14,1,67,58,0.6,15,,0.6,,,,,,,,,,,,,,,,,,,,,,,,,,,,,,,,,,,,,,
,BP-MT3-P6,Bauhinia pichinchensis,February 18 2026,February 23 2026,,0,XP216-PLR,C,15,C15,1,,22,0.4,4,,0.4,,,,,,,,,,,,,,,,,,,,,,,,,,,,,,,,,,,,,,
,VB-MT3-P21,Vismia baccifera,February 18 2026,February 23 2026,,0,XP216-PLR,C,16,C16,1,,24,0.3,0,,0.3,,,,,,,,,,,,,,,,,,,,,,,,,,,,,,,,,,,,,,
,IS-MT2-P22,Inga silanchensis,March 31 2025,February 23 2026,,0,XP216-PLR,A,1,A1,2,26,26,0.4,2,,0.4,4,,,,,,,,,,,,,,,,,,,,,,,,,,,,,,,,,,,,,
,AE-MT3-P74,Annona edulis,February 18 2026,February 23 2026,,0,XP216-PLR,A,2,A2,2,,38,0.45,9,,0.45,,,,,,,,,,,,,,,,,,,,,,,,,,,,,,,,,,,,,,
,BU-MT4-P21,Brosimum utile,August 28 2025,February 23 2026,,0,XP216-PLR,A,3,A3,2,24,20,0.4,4,,0.4,,,,,,,,,,,,,,,,,,,,,,,,,,,,,,,,,,,,,,
,VB-MT3-P48,Vismia baccifera,February 18 2026,February 23 2026,,0,XP216-PLR,A,4,A4,2,,39,0.4,3,,0.4,,,,,,,,,,,,,,,,,,,,,,,,,,,,,,,,,,,,,,
,CP-MT5-P47,Carapa guianensis,August 28 2025,February 23 2026,,0,XP216-PLR,A,5,A5,2,63,76,0.95,4,,0.95,10,,,,,,,,,,,,,,,,,,,,,,,,,,,,,,,,,,,,,
,CH-MT2-P38,Cecropia hispidissima,August 28 2025,February 23 2026,,0,XP216-PLR,A,6,A6,2,54,53,0.5,1,,0.5,,,,,,,,,,,,,,,,,,,,,,,,,,,,,,,,,,,,,,
,EA-MT4-P28,Ecuadendron acosta-solisianum,February 18 2026,February 23 2026,,0,XP216-PLR,A,7,A7,2,,73,1.5,10,,1.5,,,,,,,,,,,,,,,,,,,,,,,,,,,,,,,,,,,,,,
,PA-MT3-P22,Piper aduncum,March 31 2025,February 23 2026,,0,XP216-PLR,A,8,A8,2,30,75,0.7,25,,0.7,,,,,,,,,,,,,,,,,,,,,,,,,,,,,,,,,,,,,,
,DC-MT1-P76,Dacryodes cupularis,August 28 2025,February 23 2026,February 23 2026,1,XP216-PLR,A,9,A9,2,38,,,,,0,,,,,,,,,,,,,,,,,,,,,,,,,,,,,,,,,,,,,,
,OP-MT2-P14,Ochroma pyramidale,March 31 2025,February 23 2026,February 23 2026,1,XP216-PLR,A,10,A10,2,50,,,,,0,,,,,,,,,,,,,,,,,,,,,,,,,,,,,,,,,,,,,,
,BP-MT4-P12,Bauhinia pichinchensis,February 18 2026,February 23 2026,,0,XP216-PLR,A,11,A11,2,,37,0.4,1,,0.4,,,,,,,,,,,,,,,,,,,,,,,,,,,,,,,,,,,,,,
,BG-MT4-P46,Banara guianensis,August 28 2025,February 23 2026,,0,XP216-PLR,A,12,A12,2,66,30,0.5,8,,0.5,,,,,,,,,,,,,,,,,,,,,,,,,,,,,,,,,,,,,,
,PG-MT5-P70,Pouruma guianensis,February 18 2026,February 23 2026,,0,XP216-PLR,A,13,A13,2,,12,0.3,10,,0.3,20,,,,,,,,,,,,,,,,,,,,,,,,,,,,,,,,,,,,,
,BS-MT5-P6,Bactris setulosa,August 28 2025,February 23 2026,,0,XP216-PLR,A,15,A15,2,25,15,0.65,3,,0.65,,,,,,,,,,,,,,,,,,,,,,,,,,,,,,,,,,,,,,
,MC-MT2-P7,Miconia conocuatrecasasii,August 28 2025,February 23 2026,,0,XP216-PLR,A,16,A16,2,21,18,0.4,6,,0.4,,,,,,,,,,,,,,,,,,,,,,,,,,,,,,,,,,,,,,
,CH-MT4-P2,Cecropia hispidissima,August 28 2025,February 23 2026,,0,XP216-PLR,B,1,B1,2,51,53,0.65,4,,0.65,,,,,,,,,,,,,,,,,,,,,,,,,,,,,,,,,,,,,,
,OP-MT7-P14,Ochroma pyramidale,May 15 2025,February 23 2026,,0,XP216-PLR,B,2,B2,2,66,73,0.7,5,,0.7,,,,,,,,,,,,,,,,,,,,,,,,,,,,,,,,,,,,,,
,VB-MT3-P51,Vismia baccifera,February 18 2026,February 23 2026,,0,XP216-PLR,B,4,B4,2,,19,0.4,3,,0.4,,,,,,,,,,,,,,,,,,,,,,,,,,,,,,,,,,,,,,
,MC-MT3-P50,Miconia conocuatrecasasii,August 28 2025,February 23 2026,,0,XP216-PLR,B,5,B5,2,21,20,0.4,4,,0.4,,,,,,,,,,,,,,,,,,,,,,,,,,,,,,,,,,,,,,
,BG-MT3-P8,Banara guianensis,August 28 2025,February 23 2026,February 23 2026,1,XP216-PLR,B,6,B6,2,60,,,,,0,,,,,,,,,,,,,,,,,,,,,,,,,,,,,,,,,,,,,,
,DC-MT4-P28,Dacryodes cupularis,August 28 2025,February 23 2026,,0,XP216-PLR,B,7,B7,2,37,27,0.4,4,,0.4,11,,,,,,,,,,,,,,,,,,,,,,,,,,,,,,,,,,,,,
,BP-MT5-P27,Bauhinia pichinchensis,February 18 2026,February 23 2026,,0,XP216-PLR,B,10,B10,2,,15,0.37,0,,0.37,,,,,,,,,,,,,,,,,,,,,,,,,,,,,,,,,,,,,,
,CP-MT3-P25,Carapa guianensis,May 15 2025,February 23 2026,,0,XP216-PLR,B,11,B11,2,30,54,0.85,5,,0.85,21,37,0.7,,0.7,,,,,,,,,,,,,,,,,,,,,,,,,,,,,,,,,
,BS-MT7-P11,Bactris setulosa,August 28 2025,February 23 2026,,0,XP216-PLR,B,12,B12,2,33,20,0.9,2,,0.9,,,,,,,,,,,,,,,,,,,,,,,,,,,,,,,,,,,,,,
,PG-MT3-P30,Pouruma guianensis,February 18 2026,February 23 2026,,0,XP216-PLR,B,13,B13,2,,43,0.3,3,,0.3,,,,,,,,,,,,,,,,,,,,,,,,,,,,,,,,,,,,,,
,BU-MT3-P51,Brosimum utile,August 28 2025,February 23 2026,,0,XP216-PLR,B,15,B15,2,30,26,0.37,3,,0.37,,,,,,,,,,,,,,,,,,,,,,,,,,,,,,,,,,,,,,
,AE-MT4-P11,Annona edulis,February 18 2026,February 23 2026,,0,XP216-PLR,B,16,B16,2,,24,0.4,3,,0.4,,,,,,,,,,,,,,,,,,,,,,,,,,,,,,,,,,,,,,
,VB-MT2-P45,Vismia baccifera,February 18 2026,February 23 2026,,0,XP216-PLR,C,1,C1,2,,53,0.3,1,,0.3,,,,,,,,,,,,,,,,,,,,,,,,,,,,,,,,,,,,,,
,CH-MT1-P50,Cecropia hispidissima,May 15 2025,February 23 2026,August 28 2025,1,XP216-PLR,C,3,C3,2,23,,,,,0,,,,,,,,,,,,,,,,,,,,,,,,,,,,,,,,,,,,,,
,CH-MT3-P20,Cecropia hispidissima,February 18 2026,February 23 2026,,0,XP216-PLR,C,3,C3,2,,24,0.4,1,,0.4,,,,,,,,,,,,,,,,,,,,,,,,,,,,,,,,,,,,,,
,CP-MT2-P68,Carapa guianensis,May 15 2025,February 23 2026,,0,XP216-PLR,C,4,C4,2,21,24,0.7,4,,0.7,,,,,,,,,,,,,,,,,,,,,,,,,,,,,,,,,,,,,,
,BP-MT4-P29,Bauhinia pichinchensis,February 18 2026,February 23 2026,,0,XP216-PLR,C,5,C5,2,,20,0.4,0,,0.4,,,,,,,,,,,,,,,,,,,,,,,,,,,,,,,,,,,,,,
,DC-MT3-P45,Dacryodes cupularis,August 28 2025,February 23 2026,,0,XP216-PLR,C,6,C6,2,34,22,0.4,4,,0.4,12,,,,,,,,,,,,,,,,,,,,,,,,,,,,,,,,,,,,,
,EA-MT2-P12,Ecuadendron acosta-solisianum,May 15 2025,February 23 2026,,0,XP216-PLR,C,7,C7,2,36,47,1,7,,1,15,,,,,,,,,,,,,,,,,,,,,,,,,,,,,,,,,,,,,
,BG-MT2-P5,Banara guianensis,August 28 2025,February 23 2026,,0,XP216-PLR,C,8,C8,2,48,37,0.5,11,,0.5,,,,,,,,,,,,,,,,,,,,,,,,,,,,,,,,,,,,,,
,MC-MT1-P8,Miconia conocuatrecasasii,August 28 2025,February 23 2026,,0,XP216-PLR,C,9,C9,2,18,17,0.4,5,,0.4,,,,,,,,,,,,,,,,,,,,,,,,,,,,,,,,,,,,,,
,BU-MT2-P24,Brosimum utile,August 28 2025,February 23 2026,,0,XP216-PLR,C,10,C10,2,43,40,0.6,7,,0.6,,,,,,,,,,,,,,,,,,,,,,,,,,,,,,,,,,,,,,
,OP-MT8-P9,Ochroma pyramidale,May 15 2025,February 23 2026,February 23 2026,1,XP216-PLR,C,11,C11,2,84,,,,,0,,,,,,,,,,,,,,,,,,,,,,,,,,,,,,,,,,,,,,
,PG-MT1-P28,Pouruma guianensis,February 18 2026,February 23 2026,,0,XP216-PLR,C,14,C14,2,,27,0.4,1,,0.4,,,,,,,,,,,,,,,,,,,,,,,,,,,,,,,,,,,,,,
,AE-MT2-P39,Annona edulis,February 18 2026,February 23 2026,,0,XP216-PLR,C,16,C16,2,,31,0.5,8,,0.5,,,,,,,,,,,,,,,,,,,,,,,,,,,,,,,,,,,,,,
,CP-MT4-P45,Carapa guianensis,May 15 2025,February 23 2026,August 28 2025,1,XP216-PLR,A,1,A1,3,57,,,,,0,,,,,,,,,,,,,,,,,,,,,,,,,,,,,,,,,,,,,,
,CP-MT5-P82,Carapa guianensis,February 18 2026,February 23 2026,,0,XP216-PLR,A,1,A1,3,,45,1.1,2,,1.1,9,,,,,,,,,,,,,,,,,,,,,,,,,,,,,,,,,,,,,
,BG-MT5-P34,Banara guianensis,August 28 2025,February 23 2026,,0,XP216-PLR,A,2,A2,3,53,10,0.4,0,,0.4,,,,,,,,,,,,,,,,,,,,,,,,,,,,,,,,,,,,,,
,VB-MT3-P55,Vismia baccifera,February 18 2026,February 23 2026,,0,XP216-PLR,A,3,A3,3,,32,0.3,3,,0.3,,,,,,,,,,,,,,,,,,,,,,,,,,,,,,,,,,,,,,
,BU-MT1-P5,Brosimum utile,May 15 2025,February 23 2026,,0,XP216-PLR,A,4,A4,3,31,30,0.4,4,,0.4,,,,,,,,,,,,,,,,,,,,,,,,,,,,,,,,,,,,,,
,BP-MT1-P65,Bauhinia pichinchensis,February 18 2026,February 23 2026,,0,XP216-PLR,A,5,A5,3,,27,0.4,0,,0.4,,,,,,,,,,,,,,,,,,,,,,,,,,,,,,,,,,,,,,
,AE-MT5-P10,Annona edulis,February 18 2026,February 23 2026,,0,XP216-PLR,A,6,A6,3,,46,0.4,5,,0.4,,,,,,,,,,,,,,,,,,,,,,,,,,,,,,,,,,,,,,
,OP-MT2-P30,Ochroma pyramidale,March 31 2025,February 23 2026,August 28 2025,1,XP216-PLR,A,7,A7,3,46,,,,,0,,,,,,,,,,,,,,,,,,,,,,,,,,,,,,,,,,,,,,
,IS-MT3-P2,Inga silanchensis,March 31 2025,February 23 2026,,0,XP216-PLR,A,9,A9,3,23,20,1.1,5,,1.1,7,,,,,,,,,,,,,,,,,,,,,,,,,,,,,,,,,,,,,
,MC-MT2-P28,Miconia conocuatrecasasii,August 28 2025,February 23 2026,,0,XP216-PLR,A,11,A11,3,17,24,0.4,7,,0.4,,,,,,,,,,,,,,,,,,,,,,,,,,,,,,,,,,,,,,
,PA-MT7-P10,Piper aduncum,August 28 2025,February 23 2026,,0,XP216-PLR,A,12,A12,3,41,40,0.5,10,,0.5,,,,,,,,,,,,,,,,,,,,,,,,,,,,,,,,,,,,,,
,CH-MT3-P60,Cecropia hispidissima,August 28 2025,February 23 2026,February 23 2026,1,XP216-PLR,A,13,A13,3,57,,,,,0,,,,,,,,,,,,,,,,,,,,,,,,,,,,,,,,,,,,,,
,DC-MT5-P81,Dacryodes cupularis,February 18 2026,February 23 2026,,0,XP216-PLR,A,14,A14,3,,20,0.3,3,,0.3,4,,,,,,,,,,,,,,,,,,,,,,,,,,,,,,,,,,,,,
,PG-MT4-P5,Pouruma guianensis,February 18 2026,February 23 2026,,0,XP216-PLR,A,16,A16,3,,20,0.4,4,,0.4,,,,,,,,,,,,,,,,,,,,,,,,,,,,,,,,,,,,,,
,CH-MT3-P38,Cecropia hispidissima,August 28 2025,February 23 2026,,0,XP216-PLR,B,1,B1,3,45,49,0.4,3,,0.4,,,,,,,,,,,,,,,,,,,,,,,,,,,,,,,,,,,,,,
,PG-MT5-P29,Pouruma guianensis,February 18 2026,February 23 2026,,0,XP216-PLR,B,2,B2,3,,19,0.3,2,,0.3,,,,,,,,,,,,,,,,,,,,,,,,,,,,,,,,,,,,,,
,IS-MT5-P80,Inga silanchensis,March 31 2025,February 23 2026,,0,XP216-PLR,B,3,B3,3,22,18,1.1,3,,1.1,5,,,,,,,,,,,,,,,,,,,,,,,,,,,,,,,,,,,,,
,VB-MT1-P16,Vismia baccifera,August 28 2025,February 23 2026,,0,XP216-PLR,B,4,B4,3,45,50,0.4,5,,0.4,,,,,,,,,,,,,,,,,,,,,,,,,,,,,,,,,,,,,,
,CP-MT3-P46,Carapa guianensis,May 15 2025,February 23 2026,,0,XP216-PLR,B,5,B5,3,40,38,1.2,6,,1.2,17,,,,,,,,,,,,,,,,,,,,,,,,,,,,,,,,,,,,,
,AE-MT2-P70,Annona edulis,February 18 2026,February 23 2026,,0,XP216-PLR,B,8,B8,3,,39,0.4,6,,0.4,,,,,,,,,,,,,,,,,,,,,,,,,,,,,,,,,,,,,,
,BS-MT6-P12,Bactris setulosa,August 28 2025,February 23 2026,,0,XP216-PLR,B,11,B11,3,26,20,1.1,2,,1.1,,,,,,,,,,,,,,,,,,,,,,,,,,,,,,,,,,,,,,
,MC-MT1-P16,Miconia conocuatrecasasii,August 28 2025,February 23 2026,,0,XP216-PLR,B,12,B12,3,19,13,0.5,6,,0.5,,,,,,,,,,,,,,,,,,,,,,,,,,,,,,,,,,,,,,
,BU-MT3-P73,Brosimum utile,August 28 2025,February 23 2026,,0,XP216-PLR,B,13,B13,3,28,28,0.4,5,,0.4,,,,,,,,,,,,,,,,,,,,,,,,,,,,,,,,,,,,,,
,BG-MT1-P52,Banara guianensis,August 28 2025,February 23 2026,,0,XP216-PLR,B,14,B14,3,52,33,0.4,7,,0.4,,,,,,,,,,,,,,,,,,,,,,,,,,,,,,,,,,,,,,
,BP-MT2-P60,Bauhinia pichinchensis,February 18 2026,February 23 2026,,0,XP216-PLR,B,15,B15,3,,20,0.4,0,,0.4,,,,,,,,,,,,,,,,,,,,,,,,,,,,,,,,,,,,,,
,DC-MT2-P13,Dacryodes cupularis,August 28 2025,February 23 2026,,0,XP216-PLR,B,16,B16,3,20,13,0.4,4,,0.4,8,,,,,,,,,,,,,,,,,,,,,,,,,,,,,,,,,,,,,
,BU-MT5-P32,Brosimum utile,August 28 2025,February 23 2026,,0,XP216-PLR,C,3,C3,3,32,30,0.5,4,,0.5,,,,,,,,,,,,,,,,,,,,,,,,,,,,,,,,,,,,,,
,VB-MT2-P44,Vismia baccifera,February 18 2026,February 23 2026,,0,XP216-PLR,C,4,C4,3,,30,0.3,1,,0.3,,,,,,,,,,,,,,,,,,,,,,,,,,,,,,,,,,,,,,
,AE-MT5-P14,Annona edulis,February 18 2026,February 23 2026,,0,XP216-PLR,C,5,C5,3,,47,0.4,2,,0.4,,,,,,,,,,,,,,,,,,,,,,,,,,,,,,,,,,,,,,
,DC-MT5-P4,Dacryodes cupularis,August 28 2025,February 23 2026,,0,XP216-PLR,C,6,C6,3,28,25,0.5,2,,0.5,6,,,,,,,,,,,,,,,,,,,,,,,,,,,,,,,,,,,,,
,IS-MT4-P40,Inga silanchensis,May 15 2025,February 23 2026,,0,XP216-PLR,C,7,C7,3,37,34,0.5,3,,0.5,6,,,,,,,,,,,,,,,,,,,,,,,,,,,,,,,,,,,,,
,BP-MT1-P13,Bauhinia pichinchensis,February 18 2026,February 23 2026,,0,XP216-PLR,C,8,C8,3,,20,0.3,2,,0.3,,,,,,,,,,,,,,,,,,,,,,,,,,,,,,,,,,,,,,
,BG-MT1-P37,Banara guianensis,August 28 2025,February 23 2026,,0,XP216-PLR,C,9,C9,3,55,54,0.4,36,,0.4,,,,,,,,,,,,,,,,,,,,,,,,,,,,,,,,,,,,,,
,CP-MT5-P22,Carapa guianensis,August 28 2025,February 23 2026,,0,XP216-PLR,C,10,C10,3,65,57,1.1,4,,1.1,29,,,,,,,,,,,,,,,,,,,,,,,,,,,,,,,,,,,,,
,OP-MT6-P46,Ochroma pyramidale,May 15 2025,February 23 2026,August 28 2025,1,XP216-PLR,C,11,C11,3,67,,,,,0,,,,,,,,,,,,,,,,,,,,,,,,,,,,,,,,,,,,,,
,EA-MT4-P32,Ecuadendron acosta-solisianum,February 18 2026,February 23 2026,,0,XP216-PLR,C,12,C12,3,,53,0.8,7,,0.8,23,,,,,,,,,,,,,,,,,,,,,,,,,,,,,,,,,,,,,
,PA-MT7-P35,Piper aduncum,August 28 2025,February 23 2026,,0,XP216-PLR,C,13,C13,3,33,42,0.4,11,,0.4,,,,,,,,,,,,,,,,,,,,,,,,,,,,,,,,,,,,,,
,PG-MT3-P68,Pouruma guianensis,February 18 2026,February 23 2026,,0,XP216-PLR,C,14,C14,3,,20,0.3,3,,0.3,,,,,,,,,,,,,,,,,,,,,,,,,,,,,,,,,,,,,,
,CH-MT5-P42,Cecropia hispidissima,August 28 2025,February 23 2026,,0,XP216-PLR,C,15,C15,3,47,47,0.4,1,,0.4,,,,,,,,,,,,,,,,,,,,,,,,,,,,,,,,,,,,,,
,DC-MT3-P25,Dacryodes cupularis,August 28 2025,February 23 2026,,0,XP216-PLR,A,1,A1,4,31,31,0.5,6,,0.5,6,,,,,,,,,,,,,,,,,,,,,,,,,,,,,,,,,,,,,
,BU-MT3-P64,Brosimum utile,August 28 2025,February 23 2026,,0,XP216-PLR,A,2,A2,4,38,34,0.5,6,,0.5,,,,,,,,,,,,,,,,,,,,,,,,,,,,,,,,,,,,,,
,CH-MT4-P72,Cecropia hispidissima,August 28 2025,February 23 2026,,0,XP216-PLR,A,3,A3,4,53,50,0.45,2,,0.45,,,,,,,,,,,,,,,,,,,,,,,,,,,,,,,,,,,,,,
,BG-MT2-P57,Banara guianensis,August 28 2025,February 23 2026,,0,XP216-PLR,A,4,A4,4,50,49,0.45,11,,0.45,,,,,,,,,,,,,,,,,,,,,,,,,,,,,,,,,,,,,,
,AE-MT1-P61,Annona edulis,February 18 2026,February 23 2026,February 23 2026,1,XP216-PLR,A,5,A5,4,,,,,,0,,,,,,,,,,,,,,,,,,,,,,,,,,,,,,,,,,,,,,
,OP-MT9-P45,Ochroma pyramidale,March 31 2025,February 23 2026,February 23 2026,1,XP216-PLR,A,8,A8,4,60,,,,,0,,,,,,,,,,,,,,,,,,,,,,,,,,,,,,,,,,,,,,
,BP-MT3-P5,Bauhinia pichinchensis,February 18 2026,February 23 2026,,0,XP216-PLR,A,10,A10,4,,20,0.5,0,,0.5,,,,,,,,,,,,,,,,,,,,,,,,,,,,,,,,,,,,,,
,IS-MT1-P23,Inga silanchensis,May 15 2025,February 23 2026,,0,XP216-PLR,A,11,A11,4,28,24,,2,,0,3,,,,,,,,,,,,,,,,,,,,,,,,,,,,,,,,,,,,,
,PG-MT2-P59,Pouruma guianensis,February 18 2026,February 23 2026,,0,XP216-PLR,A,12,A12,4,,17,0.3,4,,0.3,,,,,,,,,,,,,,,,,,,,,,,,,,,,,,,,,,,,,,
,CP-MT1-P32,Carapa guianensis,August 28 2025,February 23 2026,,0,XP216-PLR,A,15,A15,4,94,93,1.2,4,,1.2,13,,,,,,,,,,,,,,,,,,,,,,,,,,,,,,,,,,,,,
,VB-MT5-P3,Vismia baccifera,February 18 2026,February 23 2026,February 23 2026,1,XP216-PLR,A,15,A15,4,,,,,,0,,,,,,,,,,,,,,,,,,,,,,,,,,,,,,,,,,,,,,
,PG-MT1-P33,Pouruma guianensis,February 18 2026,February 23 2026,,0,XP216-PLR,B,1,B1,4,,31,0.5,1,,0.5,,,,,,,,,,,,,,,,,,,,,,,,,,,,,,,,,,,,,,
,IS-MT4-P5,Inga silanchensis,May 15 2025,February 23 2026,,0,XP216-PLR,B,2,B2,4,31,31,0.5,2,,0.5,6,,,,,,,,,,,,,,,,,,,,,,,,,,,,,,,,,,,,,
,VB-MT1-P31,Vismia baccifera,August 28 2025,February 23 2026,,0,XP216-PLR,B,3,B3,4,36,30,0.65,6,,0.65,,,,,,,,,,,,,,,,,,,,,,,,,,,,,,,,,,,,,,
,BP-MT1-P41,Bauhinia pichinchensis,February 18 2026,February 23 2026,,0,XP216-PLR,B,6,B6,4,,23,0.4,0,,0.4,,,,,,,,,,,,,,,,,,,,,,,,,,,,,,,,,,,,,,
,PA-MT6-P41,Piper aduncum,May 15 2025,February 23 2026,,0,XP216-PLR,B,7,B7,4,20,23,0.5,5,,0.5,,,,,,,,,,,,,,,,,,,,,,,,,,,,,,,,,,,,,,
,CP-MT5-P63,Carapa guianensis,August 28 2025,February 23 2026,,0,XP216-PLR,B,9,B9,4,44,35,1.1,4,,1.1,10,,,,,,,,,,,,,,,,,,,,,,,,,,,,,,,,,,,,,
,BU-MT1-P54,Brosimum utile,May 15 2025,February 23 2026,,0,XP216-PLR,B,10,B10,4,30,30,0.45,4,,0.45,,,,,,,,,,,,,,,,,,,,,,,,,,,,,,,,,,,,,,
,EA-MT4-P10,Ecuadendron acosta-solisianum,May 15 2025,February 23 2026,,0,XP216-PLR,B,11,B11,4,56,52,1,4,,1,8,,,,,,,,,,,,,,,,,,,,,,,,,,,,,,,,,,,,,
,AE-MT5-P70,Annona edulis,February 18 2026,February 23 2026,,0,XP216-PLR,B,12,B12,4,,32,0.6,8,,0.6,,,,,,,,,,,,,,,,,,,,,,,,,,,,,,,,,,,,,,
,CH-MT2-P26,Cecropia hispidissima,August 28 2025,February 23 2026,,0,XP216-PLR,B,13,B13,4,49,50,0.5,1,,0.5,,,,,,,,,,,,,,,,,,,,,,,,,,,,,,,,,,,,,,
,BG-MT5-P9,Banara guianensis,August 28 2025,February 23 2026,February 23 2026,1,XP216-PLR,B,15,B15,4,52,,,,,0,,,,,,,,,,,,,,,,,,,,,,,,,,,,,,,,,,,,,,
,BG-MT3-P38,Banara guianensis,August 28 2025,February 23 2026,,0,XP216-PLR,C,1,C1,4,64,61,0.52,13,,0.52,,,,,,,,,,,,,,,,,,,,,,,,,,,,,,,,,,,,,,
,VB-MT3-P3,Vismia baccifera,February 18 2026,February 23 2026,,0,XP216-PLR,C,2,C2,4,,37,0.4,3,,0.4,,,,,,,,,,,,,,,,,,,,,,,,,,,,,,,,,,,,,,
,DC-MT5-P15,Dacryodes cupularis,August 28 2025,February 23 2026,February 23 2026,1,XP216-PLR,C,3,C3,4,38,,,,,0,,,,,,,,,,,,,,,,,,,,,,,,,,,,,,,,,,,,,,
,CH-MT4-P44,Cecropia hispidissima,August 28 2025,February 23 2026,,0,XP216-PLR,C,4,C4,4,35,39,0.6,3,,0.6,,,,,,,,,,,,,,,,,,,,,,,,,,,,,,,,,,,,,,
,MC-MT3-P2,Miconia conocuatrecasasii,August 28 2025,February 23 2026,,0,XP216-PLR,C,5,C5,4,20,23,0.4,3,,0.4,,,,,,,,,,,,,,,,,,,,,,,,,,,,,,,,,,,,,,
,BP-MT2-P68,Bauhinia pichinchensis,February 18 2026,February 23 2026,,0,XP216-PLR,C,6,C6,4,,15,0.38,0,,0.38,,,,,,,,,,,,,,,,,,,,,,,,,,,,,,,,,,,,,,
,CP-MT2-P40,Carapa guianensis,May 15 2025,February 23 2026,,0,XP216-PLR,C,7,C7,4,78,59,1.1,3,,1.1,11,,,,,,,,,,,,,,,,,,,,,,,,,,,,,,,,,,,,,
,IS-MT1-P43,Inga silanchensis,May 15 2025,February 23 2026,,0,XP216-PLR,C,8,C8,4,32,30,0.72,4,,0.72,9,,,,,,,,,,,,,,,,,,,,,,,,,,,,,,,,,,,,,
,OP-MT6-P45,Ochroma pyramidale,May 15 2025,February 23 2026,August 28 2025,1,XP216-PLR,C,11,C11,4,,,,,,0,,,,,,,,,,,,,,,,,,,,,,,,,,,,,,,,,,,,,,
,BS-MT6-P24,Bactris setulosa,August 28 2025,February 23 2026,,0,XP216-PLR,C,12,C12,4,8,10,0.72,3,,0.72,,,,,,,,,,,,,,,,,,,,,,,,,,,,,,,,,,,,,,
,PG-MT3-P7,Pouruma guianensis,February 18 2026,February 23 2026,,0,XP216-PLR,C,13,C13,4,,21,0.35,5,,0.35,,,,,,,,,,,,,,,,,,,,,,,,,,,,,,,,,,,,,,
,BU-MT5-P30,Brosimum utile,August 28 2025,February 23 2026,,0,XP216-PLR,C,14,C14,4,35,32,0.5,4,,0.5,,,,,,,,,,,,,,,,,,,,,,,,,,,,,,,,,,,,,,
,AE-MT3-P62,Annona edulis,February 18 2026,February 23 2026,,0,XP216-PLR,C,15,C15,4,,42,0.4,5,,0.4,,,,,,,,,,,,,,,,,,,,,,,,,,,,,,,,,,,,,,
,AE-MT2-P27,Annona edulis,February 18 2026,February 23 2026,,0,XP216-PLR,A,2,A2,5,,44,0.5,9,,0.5,,,,,,,,,,,,,,,,,,,,,,,,,,,,,,,,,,,,,,
,BS-MT7-P65,Bactris setulosa,February 18 2026,February 23 2026,,0,XP216-PLR,A,3,A3,5,,18,1.4,2,,1.4,,,,,,,,,,,,,,,,,,,,,,,,,,,,,,,,,,,,,,
,BP-MT5-P38,Bauhinia pichinchensis,February 18 2026,February 23 2026,,0,XP216-PLR,A,4,A4,5,,20,0.4,0,,0.4,,,,,,,,,,,,,,,,,,,,,,,,,,,,,,,,,,,,,,
,CH-MT4-P24,Cecropia hispidissima,August 28 2025,February 23 2026,February 23 2026,1,XP216-PLR,A,8,A8,5,49,,,,,0,,,,,,,,,,,,,,,,,,,,,,,,,,,,,,,,,,,,,,
,EA-MT4-P52,Ecuadendron acosta-solisianum,February 18 2026,February 23 2026,,0,XP216-PLR,A,10,A10,5,,89,1.5,8,,1.5,20,,,,,,,,,,,,,,,,,,,,,,,,,,,,,,,,,,,,,
,DC-MT4-P39,Dacryodes cupularis,August 28 2025,February 23 2026,,0,XP216-PLR,A,11,A11,5,35,19,0.6,3,,0.6,10,,,,,,,,,,,,,,,,,,,,,,,,,,,,,,,,,,,,,
,VB-MT5-P47,Vismia baccifera,February 18 2026,February 23 2026,,0,XP216-PLR,A,12,A12,5,,35,0.4,2,,0.4,,,,,,,,,,,,,,,,,,,,,,,,,,,,,,,,,,,,,,
,BG-MT4-P52,Banara guianensis,August 28 2025,February 23 2026,,0,XP216-PLR,A,13,A13,5,70,70,0.5,1,,0.5,9,,,,,,,,,,,,,,,,,,,,,,,,,,,,,,,,,,,,,
,PG-MT4-P3,Pouruma guianensis,February 18 2026,February 23 2026,,0,XP216-PLR,A,14,A14,5,,16,0.4,3,,0.4,,,,,,,,,,,,,,,,,,,,,,,,,,,,,,,,,,,,,,
,PG-MT1-P72,Pouruma guianensis,February 18 2026,February 23 2026,,0,XP216-PLR,B,1,B1,5,,46,0.4,3,,0.4,,,,,,,,,,,,,,,,,,,,,,,,,,,,,,,,,,,,,,
,BP-MT3-P60,Bauhinia pichinchensis,February 18 2026,February 23 2026,,0,XP216-PLR,B,6,B6,5,,30,0.4,1,,0.4,,,,,,,,,,,,,,,,,,,,,,,,,,,,,,,,,,,,,,
,VB-MT4-P55,Vismia baccifera,February 18 2026,February 23 2026,,0,XP216-PLR,B,7,B7,5,,33,0.4,3,,0.4,,,,,,,,,,,,,,,,,,,,,,,,,,,,,,,,,,,,,,
,BG-MT2-P2,Banara guianensis,August 28 2025,February 23 2026,,0,XP216-PLR,B,9,B9,5,47,52,0.4,25,,0.4,,,,,,,,,,,,,,,,,,,,,,,,,,,,,,,,,,,,,,
,EA-MT1-P89,Ecuadendron acosta-solisianum,February 18 2026,February 23 2026,,0,XP216-PLR,B,12,B12,5,,58,0.9,9,,0.9,19,,,,,,,,,,,,,,,,,,,,,,,,,,,,,,,,,,,,,
,DC-MT5-P65,Dacryodes cupularis,August 28 2025,February 23 2026,February 23 2026,1,XP216-PLR,B,14,B14,5,32,,,,,0,,,,,,,,,,,,,,,,,,,,,,,,,,,,,,,,,,,,,,
,AE-MT4-P51,Annona edulis,February 18 2026,February 23 2026,,0,XP216-PLR,B,15,B15,5,,41,0.4,2,,0.4,,,,,,,,,,,,,,,,,,,,,,,,,,,,,,,,,,,,,,
,AE-MT1-P15,Annona edulis,February 18 2026,February 23 2026,,0,XP216-PLR,C,2,C2,5,,40,0.5,4,,0.5,,,,,,,,,,,,,,,,,,,,,,,,,,,,,,,,,,,,,,
,IS-MT3-P103,Inga silanchensis,February 18 2026,February 23 2026,,0,XP216-PLR,C,3,C3,5,,24,0.6,3,,0.6,,,,,,,,,,,,,,,,,,,,,,,,,,,,,,,,,,,,,,
,BP-MT4-P38,Bauhinia pichinchensis,February 18 2026,February 23 2026,,0,XP216-PLR,C,4,C4,5,,17,0.3,0,,0.3,,,,,,,,,,,,,,,,,,,,,,,,,,,,,,,,,,,,,,
,CH-MT3-P16,Cecropia hispidissima,August 28 2025,February 23 2026,,0,XP216-PLR,C,5,C5,5,42,42,0.6,4,,0.6,,,,,,,,,,,,,,,,,,,,,,,,,,,,,,,,,,,,,,
,BU-MT4-P49,Brosimum utile,August 28 2025,February 23 2026,,0,XP216-PLR,C,6,C6,5,43,43,0.9,5,,0.9,,,,,,,,,,,,,,,,,,,,,,,,,,,,,,,,,,,,,,
,CP-MT1-P2,Carapa guianensis,August 28 2025,February 23 2026,,0,XP216-PLR,C,7,C7,5,50,47,0.9,3,,0.9,13,,,,,,,,,,,,,,,,,,,,,,,,,,,,,,,,,,,,,
,BG-MT5-P36,Banara guianensis,August 28 2025,February 23 2026,,0,XP216-PLR,C,9,C9,5,63,63,0.5,16,,0.5,,,,,,,,,,,,,,,,,,,,,,,,,,,,,,,,,,,,,,
,DC-MT1-P58,Dacryodes cupularis,August 28 2025,February 23 2026,February 23 2026,1,XP216-PLR,C,13,C13,5,33,,,,,0,,,,,,,,,,,,,,,,,,,,,,,,,,,,,,,,,,,,,,
,VB-MT2-P18,Vismia baccifera,February 18 2026,February 23 2026,,0,XP216-PLR,C,15,C15,5,,28,0.3,4,,0.3,,,,,,,,,,,,,,,,,,,,,,,,,,,,,,,,,,,,,,
,PG-MT5-P14,Pouruma guianensis,February 18 2026,February 23 2026,,0,XP216-PLR,C,16,C16,5,,27,0.4,4,,0.4,,,,,,,,,,,,,,,,,,,,,,,,,,,,,,,,,,,,,,
,AE-MT3-P4,Annona edulis,,April 2 2026,,0,XP217-PLR,A,1,A1,1,,40,0.2,3,,0.2,,,,,,,,,,,,,,,,,,,,,,,,,,,,,,,,,,,,,,
,EA-MT5-P53,Ecuadendron acosta-solisianum,November 27 2025,April 2 2026,,0,XP217-PLR,A,2,A2,1,43,52,0.7,7,,0.7,17,,,,,,,,,,,,,,,,,,,,,,,,,,,,,,,,,,,,,
,PG-MT4-P26,Pouruma guianensis,,April 2 2026,,0,XP217-PLR,A,3,A3,1,,21,0.9,1,,0.9,,,,,,,,,,,,,,,,,,,,,,,,,,,,,,,,,,,,,,
,CP-MT4-P6,Carapa guianensis,May 15 2025,April 2 2026,,0,XP217-PLR,A,5,A5,1,41,41,0.9,3,,0.9,12,,,,,,,,,,,,,,,,,,,,,,,,,,,,,,,,,,,,,
,OP-MT9-P1,Ochroma pyramidale,March 31 2025,April 2 2026,November 27 2025,1,XP217-PLR,A,6,A6,1,38,,,,,0,,,,,,,,,,,,,,,,,,,,,,,,,,,,,,,,,,,,,,
,OP-MT6-P59,Ochroma pyramidale,,April 2 2026,,0,XP217-PLR,A,6,A6,1,,63,0.3,3,,0.3,,,,,,,,,,,,,,,,,,,,,,,,,,,,,,,,,,,,,,
,IS-MT3-P61,Inga silanchensis,March 31 2025,April 2 2026,,0,XP217-PLR,A,8,A8,1,30,30,0.3,3,,0.3,3,,,,,,,,,,,,,,,,,,,,,,,,,,,,,,,,,,,,,
,BG-MT5-P49,Banara guianensis,August 29 2025,April 2 2026,,0,XP217-PLR,A,9,A9,1,56,56,3,26,,3,,,,,,,,,,,,,,,,,,,,,,,,,,,,,,,,,,,,,,
,BP-MT2-P41,Bauhinia pichinchensis,,April 2 2026,,0,XP217-PLR,A,10,A10,1,,25,0.2,1,,0.2,,,,,,,,,,,,,,,,,,,,,,,,,,,,,,,,,,,,,,
,BS-MT1-P31,Bactris setulosa,November 27 2025,April 2 2026,,0,XP217-PLR,A,11,A11,1,20,20,1,2,,1,,,,,,,,,,,,,,,,,,,,,,,,,,,,,,,,,,,,,,
,CH-MT2-P55,Cecropia hispidissima,August 29 2025,April 2 2026,April 2 2026,1,XP217-PLR,A,12,A12,1,12,,,,,0,,,,,,,,,,,,,,,,,,,,,,,,,,,,,,,,,,,,,,
,BU-MT2-P50,Brosimum utile,August 29 2025,April 2 2026,,0,XP217-PLR,A,14,A14,1,30,33,0.2,7,,0.2,,,,,,,,,,,,,,,,,,,,,,,,,,,,,,,,,,,,,,
,MC-MT2-P52,Miconia conocuatrecasasii,August 29 2025,April 2 2026,,0,XP217-PLR,A,15,A15,1,12,10,0.1,3,,0.1,,,,,,,,,,,,,,,,,,,,,,,,,,,,,,,,,,,,,,
,VB-MT5-P56,Vismia baccifera,,April 2 2026,,0,XP217-PLR,A,16,A16,1,,37,0.3,4,,0.3,,,,,,,,,,,,,,,,,,,,,,,,,,,,,,,,,,,,,,
,OP-MT7-P21,Ochroma pyramidale,May 15 2025,April 2 2026,April 2 2026,1,XP217-PLR,B,1,B1,1,63,,,,,0,,,,,,,,,,,,,,,,,,,,,,,,,,,,,,,,,,,,,,
,BG-MT3-P13,Banara guianensis,August 29 2025,April 2 2026,,0,XP217-PLR,B,2,B2,1,40,40,0.3,16,,0.3,,,,,,,,,,,,,,,,,,,,,,,,,,,,,,,,,,,,,,
,AE-MT1-P71,Annona edulis,,April 2 2026,,0,XP217-PLR,B,3,B3,1,,46,0.4,4,,0.4,,,,,,,,,,,,,,,,,,,,,,,,,,,,,,,,,,,,,,
,DC-MT5-P58,Dacryodes cupularis,August 29 2025,April 2 2026,April 2 2026,1,XP217-PLR,B,4,B4,1,11,,,,,0,,,,,,,,,,,,,,,,,,,,,,,,,,,,,,,,,,,,,,
,CP-MT1-P56,Carapa guianensis,August 29 2025,April 2 2026,,0,XP217-PLR,B,5,B5,1,54,55,0.7,3,,0.7,9,,,,,,,,,,,,,,,,,,,,,,,,,,,,,,,,,,,,,
,VB-MT5-P51,Vismia baccifera,,April 2 2026,,0,XP217-PLR,B,6,B6,1,,32,0.1,3,,0.1,,,,,,,,,,,,,,,,,,,,,,,,,,,,,,,,,,,,,,
,IS-MT2-P99,Inga silanchensis,March 31 2025,April 2 2026,,0,XP217-PLR,B,7,B7,1,22,23,0.2,2,,0.2,3,,,,,,,,,,,,,,,,,,,,,,,,,,,,,,,,,,,,,
,EA-MT1-P87,Ecuadendron acosta-solisianum,,April 2 2026,,0,XP217-PLR,B,8,B8,1,,64,0.8,10,,0.8,18,,,,,,,,,,,,,,,,,,,,,,,,,,,,,,,,,,,,,
,PG-MT2-P37,Pouruma guianensis,,April 2 2026,,0,XP217-PLR,B,9,B9,1,,25,0.1,4,,0.1,,,,,,,,,,,,,,,,,,,,,,,,,,,,,,,,,,,,,,
,BU-MT4-P42,Brosimum utile,August 29 2025,April 2 2026,,0,XP217-PLR,B,10,B10,1,37,41,0.4,6,,0.4,,,,,,,,,,,,,,,,,,,,,,,,,,,,,,,,,,,,,,
,PA-MT3-P30,Piper aduncum,November 27 2025,April 2 2026,,0,XP217-PLR,B,11,B11,1,38,,,44,,0,0.3,9,,,,,,,,,,,,,,,,,,,,,,,,,,,,,,,,,,,,
,MC-MT1-P26,Miconia conocuatrecasasii,,April 2 2026,,0,XP217-PLR,B,12,B12,1,,22,0.3,3,,0.3,,,,,,,,,,,,,,,,,,,,,,,,,,,,,,,,,,,,,,
,CH-MT3-P37,Cecropia hispidissima,August 29 2025,April 2 2026,,0,XP217-PLR,B,13,B13,1,42,48,0.3,1,,0.3,,,,,,,,,,,,,,,,,,,,,,,,,,,,,,,,,,,,,,
,BS-MT7-P71,Bactris setulosa,November 27 2025,April 2 2026,,0,XP217-PLR,B,14,B14,1,15,15,1.1,4,,1.1,,,,,,,,,,,,,,,,,,,,,,,,,,,,,,,,,,,,,,
,BP-MT4-P33,Bauhinia pichinchensis,,April 2 2026,,0,XP217-PLR,B,15,B15,1,,14,0.2,2,,0.2,,,,,,,,,,,,,,,,,,,,,,,,,,,,,,,,,,,,,,
,AE-MT4-P100,Annona edulis,,April 2 2026,,0,XP217-PLR,C,1,C1,1,,53,0.3,6,,0.3,,,,,,,,,,,,,,,,,,,,,,,,,,,,,,,,,,,,,,
,EA-MT1-P62,Ecuadendron acosta-solisianum,November 27 2025,April 2 2026,,0,XP217-PLR,C,2,C2,1,38,38,0.4,5,,0.4,10,,,,,,,,,,,,,,,,,,,,,,,,,,,,,,,,,,,,,
,BS-MT7-P44,Bactris setulosa,November 27 2025,April 2 2026,,0,XP217-PLR,C,3,C3,1,20,20,1.1,5,,1.1,,,,,,,,,,,,,,,,,,,,,,,,,,,,,,,,,,,,,,
,BG-MT2-P34,Banara guianensis,August 29 2025,April 2 2026,,0,XP217-PLR,C,4,C4,1,50,50,0.2,28,,0.2,,,,,,,,,,,,,,,,,,,,,,,,,,,,,,,,,,,,,,
,MC-MT1-P7,Miconia conocuatrecasasii,,April 2 2026,,0,XP217-PLR,C,5,C5,1,,14,0.2,2,,0.2,,,,,,,,,,,,,,,,,,,,,,,,,,,,,,,,,,,,,,
,BP-MT4-P96,Bauhinia pichinchensis,,April 2 2026,,0,XP217-PLR,C,6,C6,1,,20,0.1,0,,0.1,,,,,,,,,,,,,,,,,,,,,,,,,,,,,,,,,,,,,,
,CP-MT2-P72,Carapa guianensis,May 15 2025,April 2 2026,April 2 2026,1,XP217-PLR,C,7,C7,1,73,,,,,0,,,,,,,,,,,,,,,,,,,,,,,,,,,,,,,,,,,,,,
,IS-MT5-P90,Inga silanchensis,March 31 2025,April 2 2026,,0,XP217-PLR,C,9,C9,1,13,23,0.2,2,,0.2,6,,,,,,,,,,,,,,,,,,,,,,,,,,,,,,,,,,,,,
,PA-MT6-P47,Piper aduncum,May 15 2025,April 2 2026,,0,XP217-PLR,C,10,C10,1,17,27,0.3,7,,0.3,,,,,,,,,,,,,,,,,,,,,,,,,,,,,,,,,,,,,,
,DC-MT1-P48,Dacryodes cupularis,August 29 2025,April 2 2026,April 2 2026,1,XP217-PLR,C,11,C11,1,52,,,,,0,,,,,,,,,,,,,,,,,,,,,,,,,,,,,,,,,,,,,,
,CH-MT5-P6,Cecropia hispidissima,August 29 2025,April 2 2026,,0,XP217-PLR,C,12,C12,1,54,58,0.5,4,,0.5,,,,,,,,,,,,,,,,,,,,,,,,,,,,,,,,,,,,,,
,VB-MT3-P38,Vismia baccifera,,April 2 2026,,0,XP217-PLR,C,13,C13,1,,50,0.2,7,,0.2,,,,,,,,,,,,,,,,,,,,,,,,,,,,,,,,,,,,,,
,PG-MT2-P17,Pouruma guianensis,,April 2 2026,,0,XP217-PLR,C,14,C14,1,,20,0.3,4,,0.3,,,,,,,,,,,,,,,,,,,,,,,,,,,,,,,,,,,,,,
,BU-MT3-P76,Brosimum utile,,April 2 2026,,0,XP217-PLR,C,15,C15,1,,43,0.3,0,,0.3,,,,,,,,,,,,,,,,,,,,,,,,,,,,,,,,,,,,,,
,PG-MT3-P73,Pouruma guianensis,,April 2 2026,,0,XP217-PLR,A,3,A3,2,,25,0.2,0,,0.2,,,,,,,,,,,,,,,,,,,,,,,,,,,,,,,,,,,,,,
,OP-MT2-P15,Ochroma pyramidale,March 31 2025,April 2 2026,November 27 2025,1,XP217-PLR,A,4,A4,2,46,,,,,0,,,,,,,,,,,,,,,,,,,,,,,,,,,,,,,,,,,,,,
,OP-MT2-P61,Ochroma pyramidale,,April 2 2026,,0,XP217-PLR,A,4,A4,2,,45,0.2,3,,0.2,,,,,,,,,,,,,,,,,,,,,,,,,,,,,,,,,,,,,,
,CH-MT4-P48,Cecropia hispidissima,August 29 2025,April 2 2026,,0,XP217-PLR,A,5,A5,2,34,32,0.3,3,,0.3,,,,,,,,,,,,,,,,,,,,,,,,,,,,,,,,,,,,,,
,AE-MT2-P19,Annona edulis,,April 2 2026,,0,XP217-PLR,A,6,A6,2,,50,0.4,4,,0.4,,,,,,,,,,,,,,,,,,,,,,,,,,,,,,,,,,,,,,
,BU-MT1-P32,Brosimum utile,May 15 2025,April 2 2026,,0,XP217-PLR,A,7,A7,2,32,33,0.2,4,,0.2,,,,,,,,,,,,,,,,,,,,,,,,,,,,,,,,,,,,,,
,BG-MT1-P4,Banara guianensis,August 29 2025,April 2 2026,April 2 2026,1,XP217-PLR,A,8,A8,2,51,,,,,0,,,,,,,,,,,,,,,,,,,,,,,,,,,,,,,,,,,,,,
,CP-MT5-P34,Carapa guianensis,August 29 2025,April 2 2026,,0,XP217-PLR,A,9,A9,2,60,62,1.1,3,,1.1,7,,,,,,,,,,,,,,,,,,,,,,,,,,,,,,,,,,,,,
,EA-MT2-P20,Ecuadendron acosta-solisianum,May 15 2025,April 2 2026,,0,XP217-PLR,A,10,A10,2,16,46,0.6,6,,0.6,12,,,,,,,,,,,,,,,,,,,,,,,,,,,,,,,,,,,,,
,PA-MT3-P15,Piper aduncum,March 31 2025,April 2 2026,,0,XP217-PLR,A,11,A11,2,23,18,0.2,7,,0.2,,,,,,,,,,,,,,,,,,,,,,,,,,,,,,,,,,,,,,
,IS-MT5-P87,Inga silanchensis,March 31 2025,April 2 2026,,0,XP217-PLR,A,12,A12,2,31.5,32,0.3,3,,0.3,7,,,,,,,,,,,,,,,,,,,,,,,,,,,,,,,,,,,,,
,DC-MT5-P50,Dacryodes cupularis,August 29 2025,April 2 2026,,0,XP217-PLR,A,13,A13,2,12,12,0.2,1,,0.2,3,,,,,,,,,,,,,,,,,,,,,,,,,,,,,,,,,,,,,
,BS-MT7-P69,Bactris setulosa,November 27 2025,April 2 2026,,0,XP217-PLR,A,14,A14,2,16,16,0.7,3,,0.7,,,,,,,,,,,,,,,,,,,,,,,,,,,,,,,,,,,,,,
,VB-MT5-P2,Vismia baccifera,,April 2 2026,,0,XP217-PLR,A,15,A15,2,,37,0.1,3,,0.1,,,,,,,,,,,,,,,,,,,,,,,,,,,,,,,,,,,,,,
,BP-MT3-P10,Bauhinia pichinchensis,,April 2 2026,,0,XP217-PLR,A,16,A16,2,,19,0.2,3,,0.2,,,,,,,,,,,,,,,,,,,,,,,,,,,,,,,,,,,,,,
,BU-MT3-P43,Brosimum utile,August 29 2025,April 2 2026,,0,XP217-PLR,B,1,B1,2,32,32,0.2,4,,0.2,,,,,,,,,,,,,,,,,,,,,,,,,,,,,,,,,,,,,,
,EA-MT3-P6,Ecuadendron acosta-solisianum,May 15 2025,April 2 2026,,0,XP217-PLR,B,3,B3,2,32,50,0.6,10,,0.6,22,,,,,,,,,,,,,,,,,,,,,,,,,,,,,,,,,,,,,
,VB-MT5-P49,Vismia baccifera,,April 2 2026,,0,XP217-PLR,B,4,B4,2,,41,0.1,2,,0.1,,,,,,,,,,,,,,,,,,,,,,,,,,,,,,,,,,,,,,
,PA-MT6-P2,Piper aduncum,May 15 2025,April 2 2026,,0,XP217-PLR,B,6,B6,2,17,23,0.2,5,,0.2,,,,,,,,,,,,,,,,,,,,,,,,,,,,,,,,,,,,,,
,MC-MT1-P22,Miconia conocuatrecasasii,August 29 2025,April 2 2026,,0,XP217-PLR,B,7,B7,2,14,15,0.3,3,,0.3,,,,,,,,,,,,,,,,,,,,,,,,,,,,,,,,,,,,,,
,BG-MT5-P21,Banara guianensis,August 29 2025,April 2 2026,April 2 2026,1,XP217-PLR,B,8,B8,2,59,,,,,0,,,,,,,,,,,,,,,,,,,,,,,,,,,,,,,,,,,,,,
,CH-MT4-P53,Cecropia hispidissima,August 29 2025,April 2 2026,April 2 2026,1,XP217-PLR,B,9,B9,2,46,,,,,0,,,,,,,,,,,,,,,,,,,,,,,,,,,,,,,,,,,,,,
,CP-MT1-P35,Carapa guianensis,August 29 2025,April 2 2026,,0,XP217-PLR,B,10,B10,2,64,70,1,3,,1,15,,,,,,,,,,,,,,,,,,,,,,,,,,,,,,,,,,,,,
,IS-MT4-P7,Inga silanchensis,May 15 2025,April 2 2026,,0,XP217-PLR,B,11,B11,2,19,20,0.3,1,,0.3,2,,,,,,,,,,,,,,,,,,,,,,,,,,,,,,,,,,,,,
,BS-MT6-P73,Bactris setulosa,November 27 2025,April 2 2026,,0,XP217-PLR,B,12,B12,2,23,23,1,4,,1,,,,,,,,,,,,,,,,,,,,,,,,,,,,,,,,,,,,,,
,AE-MT1-P23,Annona edulis,,April 2 2026,,0,XP217-PLR,B,13,B13,2,,50,0.5,3,,0.5,,,,,,,,,,,,,,,,,,,,,,,,,,,,,,,,,,,,,,
,BP-MT3-P27,Bauhinia pichinchensis,,April 2 2026,,0,XP217-PLR,B,14,B14,2,,10,0.2,2,,0.2,,,,,,,,,,,,,,,,,,,,,,,,,,,,,,,,,,,,,,
,PG-MT1-P71,Pouruma guianensis,,April 2 2026,,0,XP217-PLR,B,15,B15,2,,40,0.3,2,,0.3,,,,,,,,,,,,,,,,,,,,,,,,,,,,,,,,,,,,,,
,DC-MT4-P5,Dacryodes cupularis,August 29 2025,April 2 2026,,0,XP217-PLR,B,16,B16,2,25,25,0.2,4,,0.2,11,,,,,,,,,,,,,,,,,,,,,,,,,,,,,,,,,,,,,
,VB-MT1-P47,Vismia baccifera,August 29 2025,April 2 2026,April 2 2026,1,XP217-PLR,C,1,C1,2,36,,,,,0,,,,,,,,,,,,,,,,,,,,,,,,,,,,,,,,,,,,,,
,PG-MT1-P67,Pouruma guianensis,,April 2 2026,,0,XP217-PLR,C,2,C2,2,,20,0.3,3,,0.3,,,,,,,,,,,,,,,,,,,,,,,,,,,,,,,,,,,,,,
,CP-MT2-P47,Carapa guianensis,May 15 2025,April 2 2026,,0,XP217-PLR,C,3,C3,2,63,64,1,5,,1,20,,,,,,,,,,,,,,,,,,,,,,,,,,,,,,,,,,,,,
,EA-MT3-P35,Ecuadendron acosta-solisianum,,April 2 2026,,0,XP217-PLR,C,4,C4,2,,92,1,10,,1,28,,,,,,,,,,,,,,,,,,,,,,,,,,,,,,,,,,,,,
,BP-MT2-P48,Bauhinia pichinchensis,,April 2 2026,,0,XP217-PLR,C,5,C5,2,,14,0.2,3,,0.2,,,,,,,,,,,,,,,,,,,,,,,,,,,,,,,,,,,,,,
,MC-MT2-P60,Miconia conocuatrecasasii,August 29 2025,April 2 2026,,0,XP217-PLR,C,6,C6,2,12,12,0.3,4,,0.3,,,,,,,,,,,,,,,,,,,,,,,,,,,,,,,,,,,,,,
,DC-MT3-P13,Dacryodes cupularis,August 29 2025,April 2 2026,,0,XP217-PLR,C,7,C7,2,30,30,0.2,5,,0.2,9,,,,,,,,,,,,,,,,,,,,,,,,,,,,,,,,,,,,,
,BG-MT4-P2,Banara guianensis,August 29 2025,April 2 2026,,0,XP217-PLR,C,9,C9,2,35,36,0.2,10,,0.2,,,,,,,,,,,,,,,,,,,,,,,,,,,,,,,,,,,,,,
,OP-MT8-P6,Ochroma pyramidale,May 15 2025,April 2 2026,August 29 2025,1,XP217-PLR,C,10,C10,2,77,,,,,0,,,,,,,,,,,,,,,,,,,,,,,,,,,,,,,,,,,,,,
,OP-MT8-P63,Ochroma pyramidale,November 27 2025,April 2 2026,April 2 2026,1,XP217-PLR,C,10,C10,2,74,,,,,0,,,,,,,,,,,,,,,,,,,,,,,,,,,,,,,,,,,,,,
,BU-MT5-P21,Brosimum utile,August 29 2025,April 2 2026,,0,XP217-PLR,C,11,C11,2,41,17,0.3,3,,0.3,,,,,,,,,,,,,,,,,,,,,,,,,,,,,,,,,,,,,,
,IS-MT3-P46,Inga silanchensis,November 27 2025,April 2 2026,,0,XP217-PLR,C,13,C13,2,32,46,0.5,2,,0.5,6,,,,,,,,,,,,,,,,,,,,,,,,,,,,,,,,,,,,,
,BS-MT1-P2,Bactris setulosa,August 29 2025,April 2 2026,,0,XP217-PLR,C,14,C14,2,13,13,0.6,2,,0.6,,,,,,,,,,,,,,,,,,,,,,,,,,,,,,,,,,,,,,
,CH-MT2-P35,Cecropia hispidissima,August 29 2025,April 2 2026,,0,XP217-PLR,C,15,C15,2,37,37,0.4,2,,0.4,,,,,,,,,,,,,,,,,,,,,,,,,,,,,,,,,,,,,,
,AE-MT5-P6,Annona edulis,,April 2 2026,,0,XP217-PLR,C,16,C16,2,,45,0.3,2,,0.3,,,,,,,,,,,,,,,,,,,,,,,,,,,,,,,,,,,,,,
,OP-MT8-P16,Ochroma pyramidale,May 15 2025,April 2 2026,April 2 2026,1,XP217-PLR,A,2,A2,3,73,,,,,0,,,,,,,,,,,,,,,,,,,,,,,,,,,,,,,,,,,,,,
,BS-MT1-P68,Bactris setulosa,November 27 2025,April 2 2026,,0,XP217-PLR,A,3,A3,3,22,24,0.6,3,,0.6,,,,,,,,,,,,,,,,,,,,,,,,,,,,,,,,,,,,,,
,VB-MT5-P5,Vismia baccifera,,April 2 2026,,0,XP217-PLR,A,5,A5,3,,37,0.1,3,,0.1,,,,,,,,,,,,,,,,,,,,,,,,,,,,,,,,,,,,,,
,EA-MT5-P34,Ecuadendron acosta-solisianum,November 27 2025,April 2 2026,,0,XP217-PLR,A,6,A6,3,34,36,0.7,5,,0.7,16,,,,,,,,,,,,,,,,,,,,,,,,,,,,,,,,,,,,,
,PA-MT7-P56,Piper aduncum,,April 2 2026,,0,XP217-PLR,A,7,A7,3,,40,0.3,5,,0.3,,,,,,,,,,,,,,,,,,,,,,,,,,,,,,,,,,,,,,
,CH-MT4-P33,Cecropia hispidissima,August 29 2025,April 2 2026,,0,XP217-PLR,A,8,A8,3,40,40,0.4,2,,0.4,,,,,,,,,,,,,,,,,,,,,,,,,,,,,,,,,,,,,,
,IS-MT3-P11,Inga silanchensis,March 31 2025,April 2 2026,,0,XP217-PLR,A,9,A9,3,30,30,0.3,2,,0.3,2,,,,,,,,,,,,,,,,,,,,,,,,,,,,,,,,,,,,,
,AE-MT4-P99,Annona edulis,,April 2 2026,,0,XP217-PLR,A,10,A10,3,,40,0.3,7,,0.3,,,,,,,,,,,,,,,,,,,,,,,,,,,,,,,,,,,,,,
,BP-MT1-P9,Bauhinia pichinchensis,,April 2 2026,,0,XP217-PLR,A,11,A11,3,,16,0.2,3,,0.2,,,,,,,,,,,,,,,,,,,,,,,,,,,,,,,,,,,,,,
,CP-MT4-P59,Carapa guianensis,May 15 2025,April 2 2026,,0,XP217-PLR,A,12,A12,3,41,37,0.9,3,,0.9,9,,,,,,,,,,,,,,,,,,,,,,,,,,,,,,,,,,,,,
,BG-MT3-P61,Banara guianensis,August 29 2025,April 2 2026,,0,XP217-PLR,A,13,A13,3,52,52,0.2,19,,0.2,,,,,,,,,,,,,,,,,,,,,,,,,,,,,,,,,,,,,,
,BU-MT2-P13,Brosimum utile,August 29 2025,April 2 2026,,0,XP217-PLR,A,14,A14,3,34,35,0.4,6,,0.4,,,,,,,,,,,,,,,,,,,,,,,,,,,,,,,,,,,,,,
,PG-MT3-P42,Pouruma guianensis,,April 2 2026,,0,XP217-PLR,A,15,A15,3,,22,0.2,3,,0.2,,,,,,,,,,,,,,,,,,,,,,,,,,,,,,,,,,,,,,
,DC-MT2-P25,Dacryodes cupularis,August 29 2025,April 2 2026,,0,XP217-PLR,A,16,A16,3,24,27,0.3,4,,0.3,14,,,,,,,,,,,,,,,,,,,,,,,,,,,,,,,,,,,,,
,CP-MT5-P76,Carapa guianensis,August 29 2025,April 2 2026,,0,XP217-PLR,B,1,B1,3,45,46,0.7,4,,0.7,13,,,,,,,,,,,,,,,,,,,,,,,,,,,,,,,,,,,,,
,PG-MT1-P1,Pouruma guianensis,,April 2 2026,,0,XP217-PLR,B,2,B2,3,,36,0.2,2,,0.2,,,,,,,,,,,,,,,,,,,,,,,,,,,,,,,,,,,,,,
,BG-MT1-P61,Banara guianensis,August 29 2025,April 2 2026,,0,XP217-PLR,B,3,B3,3,53,91,0.4,16,,0.4,,,,,,,,,,,,,,,,,,,,,,,,,,,,,,,,,,,,,,
,AE-MT1-P41,Annona edulis,,April 2 2026,,0,XP217-PLR,B,4,B4,3,,53,0.4,5,,0.4,,,,,,,,,,,,,,,,,,,,,,,,,,,,,,,,,,,,,,
,DC-MT3-P19,Dacryodes cupularis,August 29 2025,April 2 2026,,0,XP217-PLR,B,5,B5,3,31,32,0.5,4,,0.5,19,,,,,,,,,,,,,,,,,,,,,,,,,,,,,,,,,,,,,
,BP-MT5-P37,Bauhinia pichinchensis,,April 2 2026,,0,XP217-PLR,B,6,B6,3,,18,0.2,4,,0.2,,,,,,,,,,,,,,,,,,,,,,,,,,,,,,,,,,,,,,
,OP-MT6-P29,Ochroma pyramidale,May 15 2025,April 2 2026,,0,XP217-PLR,B,7,B7,3,62,82,0.5,5,,0.5,,,,,,,,,,,,,,,,,,,,,,,,,,,,,,,,,,,,,,
,BS-MT5-P20,Bactris setulosa,August 29 2025,April 2 2026,,0,XP217-PLR,B,8,B8,3,14,18,0.8,3,,0.8,,,,,,,,,,,,,,,,,,,,,,,,,,,,,,,,,,,,,,
,VB-MT4-P56,Vismia baccifera,,April 2 2026,,0,XP217-PLR,B,9,B9,3,,33,0.1,3,,0.1,,,,,,,,,,,,,,,,,,,,,,,,,,,,,,,,,,,,,,
,CH-MT1-P3,Cecropia hispidissima,May 15 2025,April 2 2026,April 2 2026,1,XP217-PLR,B,11,B11,3,18,,,,,0,,,,,,,,,,,,,,,,,,,,,,,,,,,,,,,,,,,,,,
,IS-MT4-P43,Inga silanchensis,May 15 2025,April 2 2026,,0,XP217-PLR,B,12,B12,3,22,29,0.3,3,,0.3,4,,,,,,,,,,,,,,,,,,,,,,,,,,,,,,,,,,,,,
,BU-MT3-P4,Brosimum utile,August 29 2025,April 2 2026,,0,XP217-PLR,B,13,B13,3,37,39,0.4,5,,0.4,,,,,,,,,,,,,,,,,,,,,,,,,,,,,,,,,,,,,,
,MC-MT2-P18,Miconia conocuatrecasasii,August 29 2025,April 2 2026,,0,XP217-PLR,B,15,B15,3,21,21,0.2,4,,0.2,,,,,,,,,,,,,,,,,,,,,,,,,,,,,,,,,,,,,,
,EA-MT5-P29,Ecuadendron acosta-solisianum,November 27 2025,April 2 2026,April 2 2026,1,XP217-PLR,B,16,B16,3,,,,,,0,,,,,,,,,,,,,,,,,,,,,,,,,,,,,,,,,,,,,,
,PG-MT2-P55,Pouruma guianensis,,April 2 2026,,0,XP217-PLR,C,1,C1,3,,17,0.1,5,,0.1,,,,,,,,,,,,,,,,,,,,,,,,,,,,,,,,,,,,,,
,BU-MT4-P66,Brosimum utile,August 29 2025,April 2 2026,,0,XP217-PLR,C,2,C2,3,41,45,0.4,6,,0.4,,,,,,,,,,,,,,,,,,,,,,,,,,,,,,,,,,,,,,
,OP-MT7-P6,Ochroma pyramidale,May 15 2025,April 2 2026,November 27 2025,1,XP217-PLR,C,3,C3,3,65,,,,,0,,,,,,,,,,,,,,,,,,,,,,,,,,,,,,,,,,,,,,
,OP-MT6-P66,Ochroma pyramidale,,April 2 2026,,0,XP217-PLR,C,3,C3,3,,33,0.2,5,,0.2,,,,,,,,,,,,,,,,,,,,,,,,,,,,,,,,,,,,,,
,DC-MT2-P46,Dacryodes cupularis,,April 2 2026,,0,XP217-PLR,C,4,C4,3,,24,0.3,2,,0.3,7,,,,,,,,,,,,,,,,,,,,,,,,,,,,,,,,,,,,,
,BG-MT3-P45,Banara guianensis,August 29 2025,April 2 2026,,0,XP217-PLR,C,5,C5,3,33,33,0.2,10,,0.2,,,,,,,,,,,,,,,,,,,,,,,,,,,,,,,,,,,,,,
,EA-MT5-P41,Ecuadendron acosta-solisianum,November 27 2025,April 2 2026,,0,XP217-PLR,C,6,C6,3,42,53,1,6,,1,16,,,,,,,,,,,,,,,,,,,,,,,,,,,,,,,,,,,,,
,IS-MT1-P13,Inga silanchensis,May 15 2025,April 2 2026,,0,XP217-PLR,C,7,C7,3,14,20,0.3,3,,0.3,7,,,,,,,,,,,,,,,,,,,,,,,,,,,,,,,,,,,,,
,AE-MT3-P11,Annona edulis,,April 2 2026,,0,XP217-PLR,C,8,C8,3,,38,0.3,4,,0.3,,,,,,,,,,,,,,,,,,,,,,,,,,,,,,,,,,,,,,
,VB-MT3-P6,Vismia baccifera,,April 2 2026,,0,XP217-PLR,C,9,C9,3,,47,0.2,4,,0.2,,,,,,,,,,,,,,,,,,,,,,,,,,,,,,,,,,,,,,
,CP-MT1-P40,Carapa guianensis,August 29 2025,April 2 2026,,0,XP217-PLR,C,10,C10,3,42,43,0.8,3,,0.8,15,,,,,,,,,,,,,,,,,,,,,,,,,,,,,,,,,,,,,
,BS-MT5-P2,Bactris setulosa,August 29 2025,April 2 2026,April 2 2026,1,XP217-PLR,C,13,C13,3,16,,,,,0,,,,,,,,,,,,,,,,,,,,,,,,,,,,,,,,,,,,,,
,CH-MT2-P31,Cecropia hispidissima,August 29 2025,April 2 2026,,0,XP217-PLR,C,14,C14,3,44,43,0.9,2,,0.9,,,,,,,,,,,,,,,,,,,,,,,,,,,,,,,,,,,,,,
,PA-MT7-P12,Piper aduncum,August 29 2025,April 2 2026,,0,XP217-PLR,C,15,C15,3,37,46,0.3,12,,0.3,,,,,,,,,,,,,,,,,,,,,,,,,,,,,,,,,,,,,,
,BP-MT4-P45,Bauhinia pichinchensis,,April 2 2026,,0,XP217-PLR,C,16,C16,3,,10,0.4,3,,0.4,,,,,,,,,,,,,,,,,,,,,,,,,,,,,,,,,,,,,,
,MC-MT3-P47,Miconia conocuatrecasasii,August 29 2025,April 2 2026,,0,XP217-PLR,A,2,A2,4,22,22,0.3,6,,0.3,,,,,,,,,,,,,,,,,,,,,,,,,,,,,,,,,,,,,,
,IS-MT2-P82,Inga silanchensis,March 31 2025,April 2 2026,,0,XP217-PLR,A,3,A3,4,35,27,0.2,1,,0.2,1,,,,,,,,,,,,,,,,,,,,,,,,,,,,,,,,,,,,,
,CP-MT3-P33,Carapa guianensis,May 15 2025,April 2 2026,,0,XP217-PLR,A,4,A4,4,55,58,0.7,0,,0.7,,,,,,,,,,,,,,,,,,,,,,,,,,,,,,,,,,,,,,
,BP-MT1-P49,Bauhinia pichinchensis,,April 2 2026,,0,XP217-PLR,A,5,A5,4,,23,0.1,3,,0.1,,,,,,,,,,,,,,,,,,,,,,,,,,,,,,,,,,,,,,
,BG-MT4-P32,Banara guianensis,August 29 2025,April 2 2026,April 2 2026,1,XP217-PLR,A,6,A6,4,66,,,,,0,,,,,,,,,,,,,,,,,,,,,,,,,,,,,,,,,,,,,,
,BU-MT5-P37,Brosimum utile,August 29 2025,April 2 2026,,0,XP217-PLR,A,7,A7,4,24,24,0.2,4,,0.2,,,,,,,,,,,,,,,,,,,,,,,,,,,,,,,,,,,,,,
,OP-MT9-P5,Ochroma pyramidale,March 31 2025,April 2 2026,November 27 2025,1,XP217-PLR,A,8,A8,4,58,,,,,0,,,,,,,,,,,,,,,,,,,,,,,,,,,,,,,,,,,,,,
,EA-MT5-P26,Ecuadendron acosta-solisianum,November 27 2025,April 2 2026,,0,XP217-PLR,A,9,A9,4,17,43,7,18,,7,,,,,,,,,,,,,,,,,,,,,,,,,,,,,,,,,,,,,,
,CH-MT3-P72,Cecropia hispidissima,August 29 2025,April 2 2026,April 2 2026,1,XP217-PLR,A,10,A10,4,34,,,,,0,,,,,,,,,,,,,,,,,,,,,,,,,,,,,,,,,,,,,,
,PA-MT3-P28,Piper aduncum,March 31 2025,April 2 2026,,0,XP217-PLR,A,11,A11,4,18,29,0.3,6,,0.3,,,,,,,,,,,,,,,,,,,,,,,,,,,,,,,,,,,,,,
,BS-MT6-P30,Bactris setulosa,August 29 2025,April 2 2026,April 2 2026,1,XP217-PLR,A,12,A12,4,25,,,,,0,,,,,,,,,,,,,,,,,,,,,,,,,,,,,,,,,,,,,,
,AE-MT3-P7,Annona edulis,,April 2 2026,,0,XP217-PLR,A,13,A13,4,,33,0.3,3,,0.3,,,,,,,,,,,,,,,,,,,,,,,,,,,,,,,,,,,,,,
,PG-MT2-P29,Pouruma guianensis,,April 2 2026,,0,XP217-PLR,A,14,A14,4,,17,0.1,5,,0.1,,,,,,,,,,,,,,,,,,,,,,,,,,,,,,,,,,,,,,
,DC-MT1-P47,Dacryodes cupularis,August 29 2025,April 2 2026,April 2 2026,1,XP217-PLR,A,15,A15,4,10,,,,,0,,,,,,,,,,,,,,,,,,,,,,,,,,,,,,,,,,,,,,
,VB-MT5-P42,Vismia baccifera,,April 2 2026,,0,XP217-PLR,A,16,A16,4,,43,0.2,3,,0.2,,,,,,,,,,,,,,,,,,,,,,,,,,,,,,,,,,,,,,
,CP-MT2-P23,Carapa guianensis,May 15 2025,April 2 2026,,0,XP217-PLR,B,1,B1,4,36,36,0.8,2,,0.8,7,,,,,,,,,,,,,,,,,,,,,,,,,,,,,,,,,,,,,
,CH-MT1-P11,Cecropia hispidissima,May 15 2025,April 2 2026,August 29 2025,1,XP217-PLR,B,2,B2,4,12,,,,,0,,,,,,,,,,,,,,,,,,,,,,,,,,,,,,,,,,,,,,
,CH-MT2-P58,Cecropia hispidissima,,April 2 2026,,0,XP217-PLR,B,2,B2,4,,40,0.2,2,,0.2,,,,,,,,,,,,,,,,,,,,,,,,,,,,,,,,,,,,,,
,PG-MT5-P56,Pouruma guianensis,,April 2 2026,,0,XP217-PLR,B,3,B3,4,,20,0.1,13,,0.1,,,,,,,,,,,,,,,,,,,,,,,,,,,,,,,,,,,,,,
,BP-MT2-P33,Bauhinia pichinchensis,,April 2 2026,,0,XP217-PLR,B,4,B4,4,,23,0.2,2,,0.2,,,,,,,,,,,,,,,,,,,,,,,,,,,,,,,,,,,,,,
,OP-MT2-P41,Ochroma pyramidale,March 31 2025,April 2 2026,August 29 2025,1,XP217-PLR,B,5,B5,4,42.5,,,,,0,,,,,,,,,,,,,,,,,,,,,,,,,,,,,,,,,,,,,,
,OP-MT2-P73,Ochroma pyramidale,November 27 2025,April 2 2026,April 2 2026,1,XP217-PLR,B,5,B5,4,26,,,,,0,,,,,,,,,,,,,,,,,,,,,,,,,,,,,,,,,,,,,,
,IS-MT4-P62,Inga silanchensis,May 15 2025,April 2 2026,,0,XP217-PLR,B,6,B6,4,12,12,0.5,3,,0.5,8,,,,,,,,,,,,,,,,,,,,,,,,,,,,,,,,,,,,,
,PA-MT7-P31,Piper aduncum,August 29 2025,April 2 2026,,0,XP217-PLR,B,7,B7,4,33,44,0.3,13,,0.3,,,,,,,,,,,,,,,,,,,,,,,,,,,,,,,,,,,,,,
,BS-MT5-P52,Bactris setulosa,November 27 2025,April 2 2026,,0,XP217-PLR,B,8,B8,4,17,17,1,3,,1,,,,,,,,,,,,,,,,,,,,,,,,,,,,,,,,,,,,,,
,EA-MT4-P23,Ecuadendron acosta-solisianum,May 15 2025,April 2 2026,,0,XP217-PLR,B,10,B10,4,37,41,0.6,3,,0.6,5,,,,,,,,,,,,,,,,,,,,,,,,,,,,,,,,,,,,,
,DC-MT2-P50,Dacryodes cupularis,,April 2 2026,,0,XP217-PLR,B,11,B11,4,,23,0.4,2,,0.4,,,,,,,,,,,,,,,,,,,,,,,,,,,,,,,,,,,,,,
,AE-MT1-P31,Annona edulis,,April 2 2026,,0,XP217-PLR,B,12,B12,4,,52,0.5,5,,0.5,,,,,,,,,,,,,,,,,,,,,,,,,,,,,,,,,,,,,,
,BG-MT1-P14,Banara guianensis,August 29 2025,April 2 2026,,0,XP217-PLR,B,13,B13,4,62,23,0.2,4,,0.2,,,,,,,,,,,,,,,,,,,,,,,,,,,,,,,,,,,,,,
,VB-MT1-P8,Vismia baccifera,August 29 2025,April 2 2026,,0,XP217-PLR,B,14,B14,4,32,43,0.1,8,,0.1,,,,,,,,,,,,,,,,,,,,,,,,,,,,,,,,,,,,,,
,BU-MT3-P10,Brosimum utile,August 29 2025,April 2 2026,,0,XP217-PLR,B,16,B16,4,26,23,0.1,2,,0.1,,,,,,,,,,,,,,,,,,,,,,,,,,,,,,,,,,,,,,
,BU-MT1-P27,Brosimum utile,May 15 2025,April 2 2026,,0,XP217-PLR,C,1,C1,4,24,22,0.2,4,,0.2,,,,,,,,,,,,,,,,,,,,,,,,,,,,,,,,,,,,,,
,VB-MT2-P47,Vismia baccifera,,April 2 2026,,0,XP217-PLR,C,2,C2,4,,38,0.1,2,,0.1,,,,,,,,,,,,,,,,,,,,,,,,,,,,,,,,,,,,,,
,EA-MT3-P37,Ecuadendron acosta-solisianum,,April 2 2026,,0,XP217-PLR,C,3,C3,4,,43,0.9,7,,0.9,16,,,,,,,,,,,,,,,,,,,,,,,,,,,,,,,,,,,,,
,BP-MT1-P15,Bauhinia pichinchensis,,April 2 2026,,0,XP217-PLR,C,4,C4,4,,15,0.1,3,,0.1,,,,,,,,,,,,,,,,,,,,,,,,,,,,,,,,,,,,,,
,PG-MT4-P13,Pouruma guianensis,,April 2 2026,,0,XP217-PLR,C,5,C5,4,,20,0.1,2,,0.1,,,,,,,,,,,,,,,,,,,,,,,,,,,,,,,,,,,,,,
,CH-MT5-P10,Cecropia hispidissima,August 29 2025,April 2 2026,,0,XP217-PLR,C,6,C6,4,58,58,0.1,2,,0.1,,,,,,,,,,,,,,,,,,,,,,,,,,,,,,,,,,,,,,
,OP-MT6-P21,Ochroma pyramidale,May 15 2025,April 2 2026,August 29 2025,1,XP217-PLR,C,7,C7,4,68,,,,,0,,,,,,,,,,,,,,,,,,,,,,,,,,,,,,,,,,,,,,
,OP-MT9-P78,Ochroma pyramidale,November 27 2025,April 2 2026,April 2 2026,1,XP217-PLR,C,7,C7,4,20,,,,,0,,,,,,,,,,,,,,,,,,,,,,,,,,,,,,,,,,,,,,
,AE-MT2-P90,Annona edulis,,April 2 2026,,0,XP217-PLR,C,9,C9,4,,38,0.2,3,,0.2,,,,,,,,,,,,,,,,,,,,,,,,,,,,,,,,,,,,,,
,MC-MT3-P21,Miconia conocuatrecasasii,August 29 2025,April 2 2026,April 2 2026,1,XP217-PLR,C,10,C10,4,17,,,,,0,,,,,,,,,,,,,,,,,,,,,,,,,,,,,,,,,,,,,,
,DC-MT4-P58,Dacryodes cupularis,August 29 2025,April 2 2026,,0,XP217-PLR,C,11,C11,4,32,0.5,5,18,,5,,,,,,,,,,,,,,,,,,,,,,,,,,,,,,,,,,,,,,
,BG-MT2-P14,Banara guianensis,August 29 2025,April 2 2026,April 2 2026,1,XP217-PLR,C,12,C12,4,58,,,,,0,,,,,,,,,,,,,,,,,,,,,,,,,,,,,,,,,,,,,,
,IS-MT5-P32,Inga silanchensis,November 27 2025,April 2 2026,,0,XP217-PLR,C,13,C13,4,20,31,0.3,4,,0.3,9,,,,,,,,,,,,,,,,,,,,,,,,,,,,,,,,,,,,,
,BS-MT7-P20,Bactris setulosa,August 29 2025,April 2 2026,,0,XP217-PLR,C,15,C15,4,12,12,0.5,2,,0.5,,,,,,,,,,,,,,,,,,,,,,,,,,,,,,,,,,,,,,
,CP-MT5-P4,Carapa guianensis,August 29 2025,April 2 2026,,0,XP217-PLR,C,16,C16,4,47,33,1,3,,1,10,,,,,,,,,,,,,,,,,,,,,,,,,,,,,,,,,,,,,
,VB-MT5-P16,Vismia baccifera,,April 2 2026,,0,XP217-PLR,A,2,A2,5,,40,0.2,5,,0.2,,,,,,,,,,,,,,,,,,,,,,,,,,,,,,,,,,,,,,
,CH-MT3-P2,Cecropia hispidissima,August 29 2025,April 2 2026,,0,XP217-PLR,A,4,A4,5,52,25,0.3,5,,0.3,,,,,,,,,,,,,,,,,,,,,,,,,,,,,,,,,,,,,,
,PG-MT5-P42,Pouruma guianensis,,April 2 2026,,0,XP217-PLR,A,6,A6,5,,30,0.3,5,,0.3,,,,,,,,,,,,,,,,,,,,,,,,,,,,,,,,,,,,,,
,CP-MT5-P28,Carapa guianensis,August 29 2025,April 2 2026,,0,XP217-PLR,A,8,A8,5,69,69,0.8,4,,0.8,16,,,,,,,,,,,,,,,,,,,,,,,,,,,,,,,,,,,,,
,DC-MT4-P22,Dacryodes cupularis,August 29 2025,April 2 2026,,0,XP217-PLR,A,9,A9,5,23,28,0.3,3,,0.3,12,,,,,,,,,,,,,,,,,,,,,,,,,,,,,,,,,,,,,
,AE-MT4-P20,Annona edulis,,April 2 2026,,0,XP217-PLR,A,10,A10,5,,48,0.2,6,,0.2,,,,,,,,,,,,,,,,,,,,,,,,,,,,,,,,,,,,,,
,BS-MT5-P83,Bactris setulosa,,April 2 2026,,0,XP217-PLR,A,11,A11,5,,17,1.2,5,,1.2,,,,,,,,,,,,,,,,,,,,,,,,,,,,,,,,,,,,,,
,IS-MT1-P55,Inga silanchensis,November 27 2025,April 2 2026,,0,XP217-PLR,A,12,A12,5,26,26,1.6,3,,1.6,8,,,,,,,,,,,,,,,,,,,,,,,,,,,,,,,,,,,,,
,BP-MT3-P45,Bauhinia pichinchensis,,April 2 2026,,0,XP217-PLR,A,13,A13,5,,19,0.2,1,,0.2,,,,,,,,,,,,,,,,,,,,,,,,,,,,,,,,,,,,,,
,BG-MT2-P4,Banara guianensis,August 29 2025,April 2 2026,,0,XP217-PLR,A,15,A15,5,36,46,0.3,28,,0.3,,,,,,,,,,,,,,,,,,,,,,,,,,,,,,,,,,,,,,
,AE-MT3-P37,Annona edulis,,April 2 2026,,0,XP217-PLR,B,1,B1,5,,32,0.3,7,,0.3,,,,,,,,,,,,,,,,,,,,,,,,,,,,,,,,,,,,,,
,PG-MT5-P34,Pouruma guianensis,,April 2 2026,,0,XP217-PLR,B,2,B2,5,,27,0.1,2,,0.1,,,,,,,,,,,,,,,,,,,,,,,,,,,,,,,,,,,,,,
,BG-MT5-P19,Banara guianensis,August 29 2025,April 2 2026,November 27 2025,1,XP217-PLR,B,3,B3,5,59,,,,,0,,,,,,,,,,,,,,,,,,,,,,,,,,,,,,,,,,,,,,
,BG-MT1-P58,Banara guianensis,,April 2 2026,,0,XP217-PLR,B,3,B3,5,,40,0.3,16,,0.3,,,,,,,,,,,,,,,,,,,,,,,,,,,,,,,,,,,,,,
,EA-MT2-P66,Ecuadendron acosta-solisianum,,April 2 2026,,0,XP217-PLR,B,4,B4,5,,64,0.5,8,,0.5,15,,,,,,,,,,,,,,,,,,,,,,,,,,,,,,,,,,,,,
,BU-MT4-P27,Brosimum utile,,April 2 2026,,0,XP217-PLR,B,5,B5,5,,17,0.1,4,,0.1,,,,,,,,,,,,,,,,,,,,,,,,,,,,,,,,,,,,,,
,DC-MT5-P34,Dacryodes cupularis,August 29 2025,April 2 2026,,0,XP217-PLR,B,8,B8,5,26,26,0.2,2,,0.2,9,,,,,,,,,,,,,,,,,,,,,,,,,,,,,,,,,,,,,
,IS-MT1-P20,Inga silanchensis,November 27 2025,April 2 2026,,0,XP217-PLR,B,13,B13,5,23,23,0.3,2,,0.3,6,,,,,,,,,,,,,,,,,,,,,,,,,,,,,,,,,,,,,
,VB-MT4-P15,Vismia baccifera,,April 2 2026,,0,XP217-PLR,B,14,B14,5,,46,0.2,3,,0.2,,,,,,,,,,,,,,,,,,,,,,,,,,,,,,,,,,,,,,
,BP-MT4-P68,Bauhinia pichinchensis,,April 2 2026,,0,XP217-PLR,B,16,B16,5,,25,0.3,0,,0.3,,,,,,,,,,,,,,,,,,,,,,,,,,,,,,,,,,,,,,
,DC-MT1-P62,Dacryodes cupularis,August 29 2025,April 2 2026,,0,XP217-PLR,C,1,C1,5,42,42,0.3,2,,0.3,8,,,,,,,,,,,,,,,,,,,,,,,,,,,,,,,,,,,,,
,AE-MT5-P18,Annona edulis,,April 2 2026,,0,XP217-PLR,C,2,C2,5,,42,0.3,7,,0.3,,,,,,,,,,,,,,,,,,,,,,,,,,,,,,,,,,,,,,
,IS-MT3-P104,Inga silanchensis,,April 2 2026,,0,XP217-PLR,C,3,C3,5,,18,0.2,3,,0.2,7,,,,,,,,,,,,,,,,,,,,,,,,,,,,,,,,,,,,,
,BP-MT4-P98,Bauhinia pichinchensis,,April 2 2026,,0,XP217-PLR,C,7,C7,5,,22,0.1,1,,0.1,,,,,,,,,,,,,,,,,,,,,,,,,,,,,,,,,,,,,,
,PG-MT3-P5,Pouruma guianensis,,April 2 2026,,0,XP217-PLR,C,8,C8,5,,17,0.1,4,,0.1,,,,,,,,,,,,,,,,,,,,,,,,,,,,,,,,,,,,,,
,EA-MT2-P41,Ecuadendron acosta-solisianum,,April 2 2026,,0,XP217-PLR,C,9,C9,5,,68,1,7,,1,21,,,,,,,,,,,,,,,,,,,,,,,,,,,,,,,,,,,,,
,CH-MT4-P35,Cecropia hispidissima,August 29 2025,April 2 2026,,0,XP217-PLR,C,10,C10,5,36,56,0.5,5,,0.5,,,,,,,,,,,,,,,,,,,,,,,,,,,,,,,,,,,,,,
,BG-MT4-P68,Banara guianensis,August 29 2025,April 2 2026,,0,XP217-PLR,C,15,C15,5,62,35,0.4,16,,0.4,,,,,,,,,,,,,,,,,,,,,,,,,,,,,,,,,,,,,,
,VB-MT5-P11,Vismia baccifera,,April 2 2026,,0,XP217-PLR,C,16,C16,5,,41,0.2,5,,0.2,,,,,,,,,,,,,,,,,,,,,,,,,,,,,,,,,,,,,,
,MC-MT3-P40,Miconia conocuatrecasasii,September 25 2025,March 26 2026,,0,XP218-PLR,A,1,A1,1,12,12,0.1,6,,0.1,,,,,,,,,,,,,,,,,,,,,,,,,,,,,,,,,,,,,,
,CH-MT1-P7,Cecropia hispidissima,May 7 2025,March 26 2026,November 13 2025,1,XP218-PLR,A,2,A2,1,9,,,,,0,,,,,,,,,,,,,,,,,,,,,,,,,,,,,,,,,,,,,,
,CH-MT3-P28,Cecropia hispidissima,March 25 2026,March 26 2026,,0,XP218-PLR,A,2,A2,1,,61,0.2,3,,0.2,,,,,,,,,,,,,,,,,,,,,,,,,,,,,,,,,,,,,,
,BP-MT2-P27,Bauhinia pichinchensis,March 25 2026,March 26 2026,,0,XP218-PLR,A,3,A3,1,,33,0.2,1,,0.2,,,,,,,,,,,,,,,,,,,,,,,,,,,,,,,,,,,,,,
,PA-MT3-P25,Piper aduncum,March 18 2025,March 26 2026,,0,XP218-PLR,A,4,A4,1,21,63,0.3,14,,0.3,,,,,,,,,,,,,,,,,,,,,,,,,,,,,,,,,,,,,,
,EA-MT5-P65,Ecuadendron acosta-solisianum,November 13 2025,March 26 2026,,0,XP218-PLR,A,5,A5,1,42,58,0.6,6,,0.6,17,,,,,,,,,,,,,,,,,,,,,,,,,,,,,,,,,,,,,
,BU-MT3-P56,Brosimum utile,September 25 2025,March 26 2026,,0,XP218-PLR,A,6,A6,1,32,36,0.2,5,,0.2,,,,,,,,,,,,,,,,,,,,,,,,,,,,,,,,,,,,,,
,VB-MT3-P58,Vismia baccifera,March 25 2026,March 26 2026,,0,XP218-PLR,A,7,A7,1,,43,0.1,5,,0.1,,,,,,,,,,,,,,,,,,,,,,,,,,,,,,,,,,,,,,
,BS-MT5-P62,Bactris setulosa,November 13 2025,March 26 2026,,0,XP218-PLR,A,8,A8,1,24,32,0.6,4,,0.6,,,,,,,,,,,,,,,,,,,,,,,,,,,,,,,,,,,,,,
,BG-MT5-P37,Banara guianensis,September 25 2025,March 26 2026,,0,XP218-PLR,A,9,A9,1,34,41,0.1,12,,0.1,,,,,,,,,,,,,,,,,,,,,,,,,,,,,,,,,,,,,,
,OP-MT9-P33,Ochroma pyramidale,March 18 2025,March 26 2026,March 26 2026,1,XP218-PLR,A,10,A10,1,45,,,,,0,,,,,,,,,,,,,,,,,,,,,,,,,,,,,,,,,,,,,,
,CP-MT4-P22,Carapa guianensis,May 7 2025,March 26 2026,,0,XP218-PLR,A,11,A11,1,52,79,1.1,6,,1.1,19,,,,,,,,,,,,,,,,,,,,,,,,,,,,,,,,,,,,,
,IS-MT5-P89,Inga silanchensis,March 18 2025,March 26 2026,,0,XP218-PLR,A,12,A12,1,19,27,0.3,5,,0.3,10,,,,,,,,,,,,,,,,,,,,,,,,,,,,,,,,,,,,,
,AE-MT4-P12,Annona edulis,March 25 2026,March 26 2026,,0,XP218-PLR,A,14,A14,1,,32.5,0.1,8,,0.1,,,,,,,,,,,,,,,,,,,,,,,,,,,,,,,,,,,,,,
,DC-MT3-P69,Dacryodes cupularis,September 25 2025,March 26 2026,,0,XP218-PLR,A,15,A15,1,31,41,0.4,2,,0.4,9,,,,,,,,,,,,,,,,,,,,,,,,,,,,,,,,,,,,,
,PG-MT4-P6,Pouruma guianensis,March 25 2026,March 26 2026,,0,XP218-PLR,A,16,A16,1,,19,0.1,5,,0.1,,,,,,,,,,,,,,,,,,,,,,,,,,,,,,,,,,,,,,
,CH-MT4-P25,Cecropia hispidissima,September 25 2025,March 26 2026,,0,XP218-PLR,B,1,B1,1,55,53,0.2,4,,0.2,,,,,,,,,,,,,,,,,,,,,,,,,,,,,,,,,,,,,,
,BS-MT5-P46,Bactris setulosa,November 13 2025,March 26 2026,,0,XP218-PLR,B,2,B2,1,24,32,1,5,,1,,,,,,,,,,,,,,,,,,,,,,,,,,,,,,,,,,,,,,
,EA-MT1-P14,Ecuadendron acosta-solisianum,November 13 2025,March 26 2026,,0,XP218-PLR,B,3,B3,1,43,59,0.5,6,,0.5,15,,,,,,,,,,,,,,,,,,,,,,,,,,,,,,,,,,,,,
,IS-MT4-P12,Inga silanchensis,May 7 2025,March 26 2026,,0,XP218-PLR,B,4,B4,1,20,27,0.2,3,,0.2,5,,,,,,,,,,,,,,,,,,,,,,,,,,,,,,,,,,,,,
,OP-MT2-P48,Ochroma pyramidale,March 18 2025,March 26 2026,March 26 2026,1,XP218-PLR,B,5,B5,1,41,,,,,0,,,,,,,,,,,,,,,,,,,,,,,,,,,,,,,,,,,,,,
,BU-MT4-P71,Brosimum utile,September 25 2025,March 26 2026,,0,XP218-PLR,B,6,B6,1,28,27.5,0.2,4,,0.2,,,,,,,,,,,,,,,,,,,,,,,,,,,,,,,,,,,,,,
,PA-MT6-P5,Piper aduncum,May 7 2025,March 26 2026,,0,XP218-PLR,B,9,B9,1,19,45,0.3,9,,0.3,,,,,,,,,,,,,,,,,,,,,,,,,,,,,,,,,,,,,,
,CP-MT3-P21,Carapa guianensis,May 7 2025,March 26 2026,,0,XP218-PLR,B,10,B10,1,39,77,0.8,5,,0.8,19,,,,,,,,,,,,,,,,,,,,,,,,,,,,,,,,,,,,,
,AE-MT5-P22,Annona edulis,March 25 2026,March 26 2026,,0,XP218-PLR,B,11,B11,1,,54,0.2,3,,0.2,,,,,,,,,,,,,,,,,,,,,,,,,,,,,,,,,,,,,,
,PG-MT2-P23,Pouruma guianensis,March 25 2026,March 26 2026,,0,XP218-PLR,B,12,B12,1,,23,0.1,3,,0.1,,,,,,,,,,,,,,,,,,,,,,,,,,,,,,,,,,,,,,
,VB-MT5-P28,Vismia baccifera,March 25 2026,March 26 2026,,0,XP218-PLR,B,13,B13,1,,35,0.2,5,,0.2,,,,,,,,,,,,,,,,,,,,,,,,,,,,,,,,,,,,,,
,BG-MT2-P83,Banara guianensis,September 25 2025,March 26 2026,,0,XP218-PLR,B,14,B14,1,58,61,0.2,19,,0.2,,,,,,,,,,,,,,,,,,,,,,,,,,,,,,,,,,,,,,
,DC-MT1-P24,Dacryodes cupularis,September 25 2025,March 26 2026,,0,XP218-PLR,B,15,B15,1,42,45,0.2,3,,0.2,12,,,,,,,,,,,,,,,,,,,,,,,,,,,,,,,,,,,,,
,BP-MT4-P50,Bauhinia pichinchensis,March 25 2026,March 26 2026,,0,XP218-PLR,B,16,B16,1,,26,0.1,3,,0.1,,,,,,,,,,,,,,,,,,,,,,,,,,,,,,,,,,,,,,
,PG-MT4-P46,Pouruma guianensis,March 25 2026,March 26 2026,,0,XP218-PLR,C,1,C1,1,,28,0.2,5,,0.2,,,,,,,,,,,,,,,,,,,,,,,,,,,,,,,,,,,,,,
,BG-MT3-P65,Banara guianensis,September 25 2025,March 26 2026,March 26 2026,1,XP218-PLR,C,2,C2,1,65,,,,,0,,,,,,,,,,,,,,,,,,,,,,,,,,,,,,,,,,,,,,
,IS-MT1-P24,Inga silanchensis,May 7 2025,March 26 2026,,0,XP218-PLR,C,3,C3,1,31,45,0.4,3,,0.4,9,,,,,,,,,,,,,,,,,,,,,,,,,,,,,,,,,,,,,
,OP-MT8-P8,Ochroma pyramidale,May 7 2025,March 26 2026,,0,XP218-PLR,C,4,C4,1,71,94.1,0.6,6,,0.6,,,,,,,,,,,,,,,,,,,,,,,,,,,,,,,,,,,,,,
,AE-MT2-P73,Annona edulis,March 25 2026,March 26 2026,,0,XP218-PLR,C,5,C5,1,,37,0.1,4,,0.1,,,,,,,,,,,,,,,,,,,,,,,,,,,,,,,,,,,,,,
,BS-MT5-P47,Bactris setulosa,November 13 2025,March 26 2026,,0,XP218-PLR,C,6,C6,1,41,23,0.6,3,,0.6,,,,,,,,,,,,,,,,,,,,,,,,,,,,,,,,,,,,,,
,VB-MT4-P27,Vismia baccifera,March 25 2026,March 26 2026,,0,XP218-PLR,C,7,C7,1,,33,0.1,3,,0.1,,,,,,,,,,,,,,,,,,,,,,,,,,,,,,,,,,,,,,
,EA-MT1-P56,Ecuadendron acosta-solisianum,November 13 2025,March 26 2026,,0,XP218-PLR,C,9,C9,1,38,53,0.4,6,,0.4,14,,,,,,,,,,,,,,,,,,,,,,,,,,,,,,,,,,,,,
,MC-MT3-P13,Miconia conocuatrecasasii,September 25 2025,March 26 2026,,0,XP218-PLR,C,10,C10,1,14,19,0.2,9,,0.2,,,,,,,,,,,,,,,,,,,,,,,,,,,,,,,,,,,,,,
,CH-MT4-P80,Cecropia hispidissima,September 25 2025,March 26 2026,November 13 2025,1,XP218-PLR,C,11,C11,1,,,,,,0,,,,,,,,,,,,,,,,,,,,,,,,,,,,,,,,,,,,,,
,CH-MT5-P46,Cecropia hispidissima,March 25 2026,March 26 2026,,0,XP218-PLR,C,11,C11,1,,41,0.1,1,,0.1,,,,,,,,,,,,,,,,,,,,,,,,,,,,,,,,,,,,,,
,CP-MT5-P9,Carapa guianensis,September 25 2025,March 26 2026,,0,XP218-PLR,C,12,C12,1,51,84,0.8,4,,0.8,20,,,,,,,,,,,,,,,,,,,,,,,,,,,,,,,,,,,,,
,BU-MT5-P35,Brosimum utile,September 25 2025,March 26 2026,,0,XP218-PLR,C,13,C13,1,39,30,0.1,3,,0.1,,,,,,,,,,,,,,,,,,,,,,,,,,,,,,,,,,,,,,
,BP-MT1-P34,Bauhinia pichinchensis,March 25 2026,March 26 2026,,0,XP218-PLR,C,14,C14,1,,24,0.2,0,,0.2,,,,,,,,,,,,,,,,,,,,,,,,,,,,,,,,,,,,,,
,PA-MT6-P85,Piper aduncum,March 25 2026,March 26 2026,,0,XP218-PLR,C,15,C15,1,,41,0.2,2,,0.2,,,,,,,,,,,,,,,,,,,,,,,,,,,,,,,,,,,,,,
,DC-MT4-P13,Dacryodes cupularis,September 25 2025,March 26 2026,,0,XP218-PLR,C,16,C16,1,31,17,0.2,0,,0.2,,,,,,,,,,,,,,,,,,,,,,,,,,,,,,,,,,,,,,
,VB-MT2-P31,Vismia baccifera,March 25 2026,March 26 2026,,0,XP218-PLR,A,1,A1,2,,32,0.1,1,,0.1,,,,,,,,,,,,,,,,,,,,,,,,,,,,,,,,,,,,,,
,PG-MT5-P35,Pouruma guianensis,March 25 2026,March 26 2026,,0,XP218-PLR,A,2,A2,2,,32,0.4,2,,0.4,,,,,,,,,,,,,,,,,,,,,,,,,,,,,,,,,,,,,,
,OP-MT7-P16,Ochroma pyramidale,May 7 2025,March 26 2026,,0,XP218-PLR,A,3,A3,2,63,85,0.4,6,,0.4,,,,,,,,,,,,,,,,,,,,,,,,,,,,,,,,,,,,,,
,PA-MT3-P39,Piper aduncum,March 18 2025,March 26 2026,,0,XP218-PLR,A,4,A4,2,25,50,0.4,11,,0.4,,,,,,,,,,,,,,,,,,,,,,,,,,,,,,,,,,,,,,
,EA-MT2-P18,Ecuadendron acosta-solisianum,May 7 2025,March 26 2026,,0,XP218-PLR,A,5,A5,2,18,27,0.2,2,,0.2,5,,,,,,,,,,,,,,,,,,,,,,,,,,,,,,,,,,,,,
,BU-MT5-P55,Brosimum utile,September 25 2025,March 26 2026,,0,XP218-PLR,A,6,A6,2,28,31.5,0.2,6,,0.2,,,,,,,,,,,,,,,,,,,,,,,,,,,,,,,,,,,,,,
,BS-MT5-P39,Bactris setulosa,November 13 2025,March 26 2026,,0,XP218-PLR,A,7,A7,2,28,33,0.7,3,,0.7,,,,,,,,,,,,,,,,,,,,,,,,,,,,,,,,,,,,,,
,DC-MT4-P82,Dacryodes cupularis,September 25 2025,March 26 2026,,0,XP218-PLR,A,8,A8,2,30,,,,,0,,,,,,,,,,,,,,,,,,,,,,,,,,,,,,,,,,,,,,
,CP-MT1-P26,Carapa guianensis,September 25 2025,March 26 2026,,0,XP218-PLR,A,9,A9,2,50,62,1,5,,1,31,,,,,,,,,,,,,,,,,,,,,,,,,,,,,,,,,,,,,
,AE-MT4-P54,Annona edulis,March 25 2026,March 26 2026,,0,XP218-PLR,A,10,A10,2,,44,0.2,6,,0.2,,,,,,,,,,,,,,,,,,,,,,,,,,,,,,,,,,,,,,
,BG-MT1-P82,Banara guianensis,September 25 2025,March 26 2026,,0,XP218-PLR,A,13,A13,2,35,39.5,0.2,11,,0.2,,,,,,,,,,,,,,,,,,,,,,,,,,,,,,,,,,,,,,
,BP-MT1-P26,Bauhinia pichinchensis,March 25 2026,March 26 2026,,0,XP218-PLR,A,14,A14,2,,34.5,0.1,2,,0.1,,,,,,,,,,,,,,,,,,,,,,,,,,,,,,,,,,,,,,
,CH-MT5-P8,Cecropia hispidissima,September 25 2025,March 26 2026,,0,XP218-PLR,A,15,A15,2,39,44,0.1,3,,0.1,,,,,,,,,,,,,,,,,,,,,,,,,,,,,,,,,,,,,,
,IS-MT3-P58,Inga silanchensis,November 13 2025,March 26 2026,,0,XP218-PLR,A,16,A16,2,33,39,0.5,7,,0.5,16,,,,,,,,,,,,,,,,,,,,,,,,,,,,,,,,,,,,,
,IS-MT1-P39,Inga silanchensis,May 7 2025,March 26 2026,,0,XP218-PLR,B,1,B1,2,12,14,0.1,2,,0.1,4,,,,,,,,,,,,,,,,,,,,,,,,,,,,,,,,,,,,,
,BG-MT2-P71,Banara guianensis,September 25 2025,March 26 2026,,0,XP218-PLR,B,3,B3,2,64,68,0.2,15,,0.2,,,,,,,,,,,,,,,,,,,,,,,,,,,,,,,,,,,,,,
,OP-MT6-P17,Ochroma pyramidale,May 7 2025,March 26 2026,March 26 2026,1,XP218-PLR,B,4,B4,2,60,,,,,0,,,,,,,,,,,,,,,,,,,,,,,,,,,,,,,,,,,,,,
,EA-MT4-P16,Ecuadendron acosta-solisianum,May 7 2025,March 26 2026,,0,XP218-PLR,B,5,B5,2,36,49,0.7,6,,0.7,10,,,,,,,,,,,,,,,,,,,,,,,,,,,,,,,,,,,,,
,CP-MT2-P46,Carapa guianensis,May 7 2025,March 26 2026,March 26 2026,1,XP218-PLR,B,7,B7,2,32,,,,,0,,,,,,,,,,,,,,,,,,,,,,,,,,,,,,,,,,,,,,
,DC-MT5-P83,Dacryodes cupularis,March 25 2026,March 26 2026,,0,XP218-PLR,B,8,B8,2,,31.5,0.2,1,,0.2,2,,,,,,,,,,,,,,,,,,,,,,,,,,,,,,,,,,,,,
,PG-MT1-P25,Pouruma guianensis,March 25 2026,March 26 2026,,0,XP218-PLR,B,9,B9,2,,25,0.2,2,,0.2,,,,,,,,,,,,,,,,,,,,,,,,,,,,,,,,,,,,,,
,BS-MT6-P5,Bactris setulosa,September 25 2025,March 26 2026,,0,XP218-PLR,B,10,B10,2,20,20,1,3,,1,,,,,,,,,,,,,,,,,,,,,,,,,,,,,,,,,,,,,,
,AE-MT2-P66,Annona edulis,March 25 2026,March 26 2026,,0,XP218-PLR,B,11,B11,2,,39.7,0.2,6,,0.2,,,,,,,,,,,,,,,,,,,,,,,,,,,,,,,,,,,,,,
,MC-MT1-P63,Miconia conocuatrecasasii,September 25 2025,March 26 2026,,0,XP218-PLR,B,12,B12,2,26,26,0.3,5,,0.3,,,,,,,,,,,,,,,,,,,,,,,,,,,,,,,,,,,,,,
,BP-MT2-P14,Bauhinia pichinchensis,March 25 2026,March 26 2026,,0,XP218-PLR,B,13,B13,2,,24,0.1,3,,0.1,,,,,,,,,,,,,,,,,,,,,,,,,,,,,,,,,,,,,,
,CH-MT5-P50,Cecropia hispidissima,September 25 2025,March 26 2026,,0,XP218-PLR,B,14,B14,2,35,40,0.3,4,,0.3,,,,,,,,,,,,,,,,,,,,,,,,,,,,,,,,,,,,,,
,BU-MT2-P8,Brosimum utile,September 25 2025,March 26 2026,,0,XP218-PLR,B,15,B15,2,24,27.5,0.1,2,,0.1,,,,,,,,,,,,,,,,,,,,,,,,,,,,,,,,,,,,,,
,VB-MT4-P53,Vismia baccifera,March 25 2026,March 26 2026,,0,XP218-PLR,B,16,B16,2,,26,0.1,3,,0.1,,,,,,,,,,,,,,,,,,,,,,,,,,,,,,,,,,,,,,
,MC-MT2-P2,Miconia conocuatrecasasii,September 25 2025,March 26 2026,,0,XP218-PLR,C,2,C2,2,22,22,0.1,3,,0.1,,,,,,,,,,,,,,,,,,,,,,,,,,,,,,,,,,,,,,
,BS-MT7-P41,Bactris setulosa,November 13 2025,March 26 2026,,0,XP218-PLR,C,3,C3,2,22,6,0.2,3,,0.2,,,,,,,,,,,,,,,,,,,,,,,,,,,,,,,,,,,,,,
,BP-MT4-P11,Bauhinia pichinchensis,March 25 2026,March 26 2026,,0,XP218-PLR,C,4,C4,2,,32,0.2,2,,0.2,,,,,,,,,,,,,,,,,,,,,,,,,,,,,,,,,,,,,,
,BG-MT1-P25,Banara guianensis,September 25 2025,March 26 2026,,0,XP218-PLR,C,5,C5,2,55,36.5,0.2,11,,0.2,,,,,,,,,,,,,,,,,,,,,,,,,,,,,,,,,,,,,,
,IS-MT4-P62,Inga silanchensis,May 7 2025,March 26 2026,,0,XP218-PLR,C,6,C6,2,24,28,0.4,3,,0.4,6,,,,,,,,,,,,,,,,,,,,,,,,,,,,,,,,,,,,,
,CP-MT3-P45,Carapa guianensis,May 7 2025,March 26 2026,,0,XP218-PLR,C,8,C8,2,38,49,6.6,4,,6.6,15,,,,,,,,,,,,,,,,,,,,,,,,,,,,,,,,,,,,,
,VB-MT5-P59,Vismia baccifera,March 25 2026,March 26 2026,,0,XP218-PLR,C,9,C9,2,,35,0.1,2,,0.1,,,,,,,,,,,,,,,,,,,,,,,,,,,,,,,,,,,,,,
,EA-MT1-P84,Ecuadendron acosta-solisianum,March 25 2026,March 26 2026,,0,XP218-PLR,C,11,C11,2,,38,0.5,4,,0.5,11,,,,,,,,,,,,,,,,,,,,,,,,,,,,,,,,,,,,,
,CH-MT3-P11,Cecropia hispidissima,September 25 2025,March 26 2026,,0,XP218-PLR,C,12,C12,2,41,39,0.2,4,,0.2,,,,,,,,,,,,,,,,,,,,,,,,,,,,,,,,,,,,,,
,BU-MT3-P37,Brosimum utile,September 25 2025,March 26 2026,,0,XP218-PLR,C,13,C13,2,37,35,0.3,6,,0.3,,,,,,,,,,,,,,,,,,,,,,,,,,,,,,,,,,,,,,
,AE-MT1-P66,Annona edulis,March 25 2026,March 26 2026,,0,XP218-PLR,C,14,C14,2,,42.5,0.3,6,,0.3,,,,,,,,,,,,,,,,,,,,,,,,,,,,,,,,,,,,,,
,PG-MT5-P46,Pouruma guianensis,March 25 2026,March 26 2026,,0,XP218-PLR,C,16,C16,2,,16.5,0.1,4,,0.1,,,,,,,,,,,,,,,,,,,,,,,,,,,,,,,,,,,,,,
,CP-MT4-P46,Carapa guianensis,May 7 2025,March 26 2026,wrong species,0,XP218-PLR,A,1,A1,3,50,,,,,0,,,,,,,,,,,,,,,,,,,,,,,,,,,,,,,,,,,,,,
,MC-MT1-P36,Miconia conocuatrecasasii,September 25 2025,March 26 2026,,0,XP218-PLR,A,2,A2,3,26,27,0.2,5,,0.2,,,,,,,,,,,,,,,,,,,,,,,,,,,,,,,,,,,,,,
,OP-MT6-P42,Ochroma pyramidale,May 7 2025,March 26 2026,March 26 2026,1,XP218-PLR,A,3,A3,3,80,,,,,0,,,,,,,,,,,,,,,,,,,,,,,,,,,,,,,,,,,,,,
,IS-MT3-P33,Inga silanchensis,March 18 2025,March 26 2026,,0,XP218-PLR,A,4,A4,3,34,36,0.4,5,,0.4,14,,,,,,,,,,,,,,,,,,,,,,,,,,,,,,,,,,,,,
,BS-MT7-P31,Bactris setulosa,November 13 2025,March 26 2026,,0,XP218-PLR,A,5,A5,3,31,17,1.4,4,,1.4,,,,,,,,,,,,,,,,,,,,,,,,,,,,,,,,,,,,,,
,BU-MT2-P10,Brosimum utile,September 25 2025,March 26 2026,,0,XP218-PLR,A,6,A6,3,39,41.5,0.3,6,,0.3,,,,,,,,,,,,,,,,,,,,,,,,,,,,,,,,,,,,,,
,VB-MT4-P34,Vismia baccifera,March 25 2026,March 26 2026,,0,XP218-PLR,A,7,A7,3,,23,0.1,4,,0.1,,,,,,,,,,,,,,,,,,,,,,,,,,,,,,,,,,,,,,
,PA-MT7-P14,Piper aduncum,September 25 2025,March 26 2026,,0,XP218-PLR,A,8,A8,3,39,44,0.2,4,,0.2,,,,,,,,,,,,,,,,,,,,,,,,,,,,,,,,,,,,,,
,EA-MT4-P43,Ecuadendron acosta-solisianum,March 25 2026,March 26 2026,,0,XP218-PLR,A,9,A9,3,,90,0.9,11,,0.9,22,,,,,,,,,,,,,,,,,,,,,,,,,,,,,,,,,,,,,
,CH-MT2-P30,Cecropia hispidissima,September 25 2025,March 26 2026,,0,XP218-PLR,A,11,A11,3,57,53,0.2,0,,0.2,,,,,,,,,,,,,,,,,,,,,,,,,,,,,,,,,,,,,,
,BP-MT3-P13,Bauhinia pichinchensis,March 25 2026,March 26 2026,,0,XP218-PLR,A,12,A12,3,,24,0.2,0,,0.2,,,,,,,,,,,,,,,,,,,,,,,,,,,,,,,,,,,,,,
,PG-MT1-P63,Pouruma guianensis,March 25 2026,March 26 2026,,0,XP218-PLR,A,13,A13,3,,32,0.2,3,,0.2,,,,,,,,,,,,,,,,,,,,,,,,,,,,,,,,,,,,,,
,BG-MT1-P96,Banara guianensis,September 25 2025,March 26 2026,March 26 2026,1,XP218-PLR,A,14,A14,3,64,,,,,0,,,,,,,,,,,,,,,,,,,,,,,,,,,,,,,,,,,,,,
,DC-MT3-P24,Dacryodes cupularis,September 25 2025,March 26 2026,,0,XP218-PLR,A,15,A15,3,48,40,0.3,4,,0.3,12,,,,,,,,,,,,,,,,,,,,,,,,,,,,,,,,,,,,,
,AE-MT5-P24,Annona edulis,March 25 2026,March 26 2026,,0,XP218-PLR,A,16,A16,3,,38,0.3,5,,0.3,,,,,,,,,,,,,,,,,,,,,,,,,,,,,,,,,,,,,,
,IS-MT2-P65,Inga silanchensis,March 18 2025,March 26 2026,,0,XP218-PLR,B,2,B2,3,33,28,0.3,3,,0.3,4,,,,,,,,,,,,,,,,,,,,,,,,,,,,,,,,,,,,,
,BS-MT7-P3,Bactris setulosa,September 25 2025,March 26 2026,,0,XP218-PLR,B,3,B3,3,37,10.5,0.8,4,,0.8,,,,,,,,,,,,,,,,,,,,,,,,,,,,,,,,,,,,,,
,BG-MT5-P24,Banara guianensis,September 25 2025,March 26 2026,,0,XP218-PLR,B,5,B5,3,58,54,0.3,10,,0.3,,,,,,,,,,,,,,,,,,,,,,,,,,,,,,,,,,,,,,
,BP-MT2-P56,Bauhinia pichinchensis,March 25 2026,March 26 2026,,0,XP218-PLR,B,7,B7,3,,25,0.1,4,,0.1,,,,,,,,,,,,,,,,,,,,,,,,,,,,,,,,,,,,,,
,PG-MT2-P47,Pouruma guianensis,March 25 2026,March 26 2026,,0,XP218-PLR,B,8,B8,3,,19,0.1,3,,0.1,,,,,,,,,,,,,,,,,,,,,,,,,,,,,,,,,,,,,,
,AE-MT5-P7,Annona edulis,March 25 2026,March 26 2026,,0,XP218-PLR,B,9,B9,3,,40,0.2,4,,0.2,,,,,,,,,,,,,,,,,,,,,,,,,,,,,,,,,,,,,,
,CP-MT5-P65,Carapa guianensis,September 25 2025,March 26 2026,,0,XP218-PLR,B,10,B10,3,47,47,0.8,4,,0.8,15,,,,,,,,,,,,,,,,,,,,,,,,,,,,,,,,,,,,,
,BU-MT1-P65,Brosimum utile,May 7 2025,March 26 2026,,0,XP218-PLR,B,11,B11,3,16,22,0.2,2,,0.2,,,,,,,,,,,,,,,,,,,,,,,,,,,,,,,,,,,,,,
,VB-MT1-P12,Vismia baccifera,September 25 2025,March 26 2026,,0,XP218-PLR,B,12,B12,3,38,50,0.2,12,,0.2,,,,,,,,,,,,,,,,,,,,,,,,,,,,,,,,,,,,,,
,DC-MT5-P24,Dacryodes cupularis,September 25 2025,March 26 2026,March 26 2026,1,XP218-PLR,B,13,B13,3,30,,,,,0,,,,,,,,,,,,,,,,,,,,,,,,,,,,,,,,,,,,,,
,CH-MT2-P21,Cecropia hispidissima,September 25 2025,March 26 2026,,0,XP218-PLR,B,14,B14,3,46,52,0.2,5,,0.2,,,,,,,,,,,,,,,,,,,,,,,,,,,,,,,,,,,,,,
,EA-MT3-P42,Ecuadendron acosta-solisianum,March 25 2026,March 26 2026,,0,XP218-PLR,B,15,B15,3,,114,1,12,,1,33,,,,,,,,,,,,,,,,,,,,,,,,,,,,,,,,,,,,,
,OP-MT8-P1,Ochroma pyramidale,May 7 2025,March 26 2026,,0,XP218-PLR,C,1,C1,3,45,73,0.4,7,,0.4,,,,,,,,,,,,,,,,,,,,,,,,,,,,,,,,,,,,,,
,PG-MT3-P13,Pouruma guianensis,March 25 2026,March 26 2026,,0,XP218-PLR,C,2,C2,3,,26.5,0.1,3,,0.1,,,,,,,,,,,,,,,,,,,,,,,,,,,,,,,,,,,,,,
,PA-MT7-P61,Piper aduncum,September 25 2025,March 26 2026,,0,XP218-PLR,C,3,C3,3,30,41,0.4,14,,0.4,,,,,,,,,,,,,,,,,,,,,,,,,,,,,,,,,,,,,,
,CP-MT2-P32,Carapa guianensis,May 7 2025,March 26 2026,March 26 2026,1,XP218-PLR,C,4,C4,3,62,,,,,0,,,,,,,,,,,,,,,,,,,,,,,,,,,,,,,,,,,,,,
,EA-MT3-P13,Ecuadendron acosta-solisianum,May 7 2025,March 26 2026,,0,XP218-PLR,C,6,C6,3,15,29.5,0.3,5,,0.3,11,,,,,,,,,,,,,,,,,,,,,,,,,,,,,,,,,,,,,
,AE-MT4-P69,Annona edulis,March 25 2026,March 26 2026,,0,XP218-PLR,C,7,C7,3,,50,0.3,6,,0.3,,,,,,,,,,,,,,,,,,,,,,,,,,,,,,,,,,,,,,
,VB-MT1-P3,Vismia baccifera,September 25 2025,March 26 2026,,0,XP218-PLR,C,8,C8,3,32,46,0.1,12,,0.1,,,,,,,,,,,,,,,,,,,,,,,,,,,,,,,,,,,,,,
,IS-MT3-P36,Inga silanchensis,November 13 2025,March 26 2026,,0,XP218-PLR,C,9,C9,3,33,22,0.5,3,,0.5,15,,,,,,,,,,,,,,,,,,,,,,,,,,,,,,,,,,,,,
,DC-MT2-P20,Dacryodes cupularis,September 25 2025,March 26 2026,,0,XP218-PLR,C,10,C10,3,16,13,0.2,2,,0.2,3,,,,,,,,,,,,,,,,,,,,,,,,,,,,,,,,,,,,,
,BP-MT4-P87,Bauhinia pichinchensis,March 25 2026,March 26 2026,,0,XP218-PLR,C,11,C11,3,,25,0.1,0,,0.1,,,,,,,,,,,,,,,,,,,,,,,,,,,,,,,,,,,,,,
,CH-MT3-P61,Cecropia hispidissima,September 25 2025,March 26 2026,,0,XP218-PLR,C,13,C13,3,37,46,0.2,4,,0.2,,,,,,,,,,,,,,,,,,,,,,,,,,,,,,,,,,,,,,
,BS-MT6-P10,Bactris setulosa,September 25 2025,March 26 2026,,0,XP218-PLR,C,14,C14,3,18,7,0.3,2,,0.3,,,,,,,,,,,,,,,,,,,,,,,,,,,,,,,,,,,,,,
,BG-MT3-P95,Banara guianensis,September 25 2025,March 26 2026,,0,XP218-PLR,C,15,C15,3,75,78,0.3,6,,0.3,,,,,,,,,,,,,,,,,,,,,,,,,,,,,,,,,,,,,,
,BU-MT4-P3,Brosimum utile,September 25 2025,March 26 2026,,0,XP218-PLR,C,16,C16,3,35,35.5,0.3,3,,0.3,,,,,,,,,,,,,,,,,,,,,,,,,,,,,,,,,,,,,,
,VB-MT4-P1,Vismia baccifera,March 25 2026,March 26 2026,,0,XP218-PLR,A,1,A1,4,,40.5,0.1,5,,0.1,,,,,,,,,,,,,,,,,,,,,,,,,,,,,,,,,,,,,,
,IS-MT3-P64,Inga silanchensis,March 18 2025,March 26 2026,,0,XP218-PLR,A,2,A2,4,37,32.4,0.3,3,,0.3,8,,,,,,,,,,,,,,,,,,,,,,,,,,,,,,,,,,,,,
,CP-MT5-P15,Carapa guianensis,September 25 2025,March 26 2026,,0,XP218-PLR,A,3,A3,4,70,64,1,4,,1,16,,,,,,,,,,,,,,,,,,,,,,,,,,,,,,,,,,,,,
,DC-MT5-P38,Dacryodes cupularis,September 25 2025,March 26 2026,,0,XP218-PLR,A,4,A4,4,18,14,0.2,2,,0.2,6,,,,,,,,,,,,,,,,,,,,,,,,,,,,,,,,,,,,,
,BU-MT1-P46,Brosimum utile,May 7 2025,March 26 2026,,0,XP218-PLR,A,5,A5,4,16.5,17,0.2,2,,0.2,,,,,,,,,,,,,,,,,,,,,,,,,,,,,,,,,,,,,,
,PG-MT3-P56,Pouruma guianensis,March 25 2026,March 26 2026,,0,XP218-PLR,A,6,A6,4,,19,0.1,5,,0.1,,,,,,,,,,,,,,,,,,,,,,,,,,,,,,,,,,,,,,
,BP-MT5-P43,Bauhinia pichinchensis,March 25 2026,March 26 2026,,0,XP218-PLR,A,8,A8,4,,18,0.1,0,,0.1,,,,,,,,,,,,,,,,,,,,,,,,,,,,,,,,,,,,,,
,CH-MT4-P43,Cecropia hispidissima,September 25 2025,March 26 2026,March 26 2026,1,XP218-PLR,A,9,A9,4,43,,,,,0,,,,,,,,,,,,,,,,,,,,,,,,,,,,,,,,,,,,,,
,MC-MT1-P37,Miconia conocuatrecasasii,September 25 2025,March 26 2026,,0,XP218-PLR,A,10,A10,4,27,26,0.1,5,,0.1,,,,,,,,,,,,,,,,,,,,,,,,,,,,,,,,,,,,,,
,OP-MT9-P7,Ochroma pyramidale,March 18 2025,March 26 2026,March 26 2026,1,XP218-PLR,A,12,A12,4,59,,,,,0,,,,,,,,,,,,,,,,,,,,,,,,,,,,,,,,,,,,,,
,BG-MT3-P28,Banara guianensis,September 25 2025,March 26 2026,,0,XP218-PLR,A,13,A13,4,65,38,0.2,10,,0.2,,,,,,,,,,,,,,,,,,,,,,,,,,,,,,,,,,,,,,
,BS-MT1-P8,Bactris setulosa,September 25 2025,March 26 2026,,0,XP218-PLR,A,14,A14,4,11,11,0.6,2,,0.6,,,,,,,,,,,,,,,,,,,,,,,,,,,,,,,,,,,,,,
,EA-MT1-P30,Ecuadendron acosta-solisianum,November 13 2025,March 26 2026,,0,XP218-PLR,A,15,A15,4,32,51,0.5,8,,0.5,13,,,,,,,,,,,,,,,,,,,,,,,,,,,,,,,,,,,,,
,AE-MT3-P3,Annona edulis,March 25 2026,March 26 2026,,0,XP218-PLR,A,16,A16,4,,28.5,0.2,7,,0.2,,,,,,,,,,,,,,,,,,,,,,,,,,,,,,,,,,,,,,
,IS-MT2-P84,Inga silanchensis,March 18 2025,March 26 2026,,0,XP218-PLR,B,1,B1,4,30,39,0.3,1,,0.3,4,,,,,,,,,,,,,,,,,,,,,,,,,,,,,,,,,,,,,
,BP-MT1-P14,Bauhinia pichinchensis,March 25 2026,March 26 2026,,0,XP218-PLR,B,2,B2,4,,20.4,0.1,1,,0.1,,,,,,,,,,,,,,,,,,,,,,,,,,,,,,,,,,,,,,
,DC-MT2-P35,Dacryodes cupularis,March 25 2026,March 26 2026,,0,XP218-PLR,B,3,B3,4,,27,0.1,2,,0.1,3,,,,,,,,,,,,,,,,,,,,,,,,,,,,,,,,,,,,,
,MC-MT2-P37,Miconia conocuatrecasasii,September 25 2025,March 26 2026,,0,XP218-PLR,B,4,B4,4,18,18,0.1,4,,0.1,,,,,,,,,,,,,,,,,,,,,,,,,,,,,,,,,,,,,,
,BG-MT4-P37,Banara guianensis,September 25 2025,March 26 2026,,0,XP218-PLR,B,5,B5,4,66,53,63,17,,63,,,,,,,,,,,,,,,,,,,,,,,,,,,,,,,,,,,,,,
,OP-MT2-P10,Ochroma pyramidale,March 18 2025,March 26 2026,,0,XP218-PLR,B,6,B6,4,47,,,,,0,,,,,,,,,,,,,,,,,,,,,,,,,,,,,,,,,,,,,,
,CP-MT1-P48,Carapa guianensis,September 25 2025,March 26 2026,,0,XP218-PLR,B,7,B7,4,48,46,0.9,4,,0.9,10,,,,,,,,,,,,,,,,,,,,,,,,,,,,,,,,,,,,,
,BS-MT5-P27,Bactris setulosa,September 25 2025,March 26 2026,,0,XP218-PLR,B,8,B8,4,31,10,1,5,,1,,,,,,,,,,,,,,,,,,,,,,,,,,,,,,,,,,,,,,
,BU-MT3-P1,Brosimum utile,September 25 2025,March 26 2026,,0,XP218-PLR,B,10,B10,4,31,34,0.3,3,,0.3,,,,,,,,,,,,,,,,,,,,,,,,,,,,,,,,,,,,,,
,EA-MT5-P67,Ecuadendron acosta-solisianum,November 13 2025,March 26 2026,,0,XP218-PLR,B,11,B11,4,38,51.5,0.5,7,,0.5,16,,,,,,,,,,,,,,,,,,,,,,,,,,,,,,,,,,,,,
,CH-MT3-P86,Cecropia hispidissima,September 25 2025,March 26 2026,,0,XP218-PLR,B,12,B12,4,52,55,0.2,3,,0.2,,,,,,,,,,,,,,,,,,,,,,,,,,,,,,,,,,,,,,
,PA-MT6-P13,Piper aduncum,November 13 2025,March 26 2026,,0,XP218-PLR,B,13,B13,4,40,48,0.3,8,,0.3,,,,,,,,,,,,,,,,,,,,,,,,,,,,,,,,,,,,,,
,PG-MT5-P45,Pouruma guianensis,March 25 2026,March 26 2026,,0,XP218-PLR,B,14,B14,4,,18,0.2,4,,0.2,,,,,,,,,,,,,,,,,,,,,,,,,,,,,,,,,,,,,,
,AE-MT3-P42,Annona edulis,March 25 2026,March 26 2026,,0,XP218-PLR,B,15,B15,4,,45.5,0.3,9,,0.3,,,,,,,,,,,,,,,,,,,,,,,,,,,,,,,,,,,,,,
,VB-MT2-P36,Vismia baccifera,March 25 2026,March 26 2026,,0,XP218-PLR,B,16,B16,4,,28,0.1,6,,0.1,,,,,,,,,,,,,,,,,,,,,,,,,,,,,,,,,,,,,,
,BP-MT3-P1,Bauhinia pichinchensis,March 25 2026,March 26 2026,,0,XP218-PLR,C,1,C1,4,,14.5,0.1,1,,0.1,,,,,,,,,,,,,,,,,,,,,,,,,,,,,,,,,,,,,,
,EA-MT5-P19,Ecuadendron acosta-solisianum,November 13 2025,March 26 2026,,0,XP218-PLR,C,2,C2,4,32,40,0.6,9,,0.6,25,,,,,,,,,,,,,,,,,,,,,,,,,,,,,,,,,,,,,
,BU-MT5-P56,Brosimum utile,September 25 2025,March 26 2026,,0,XP218-PLR,C,3,C3,4,35,40,0.3,5,,0.3,,,,,,,,,,,,,,,,,,,,,,,,,,,,,,,,,,,,,,
,OP-MT7-P5,Ochroma pyramidale,May 7 2025,March 26 2026,November 13 2025,1,XP218-PLR,C,5,C5,4,62,,,,,0,,,,,,,,,,,,,,,,,,,,,,,,,,,,,,,,,,,,,,
,OP-MT6-P63,Ochroma pyramidale,March 25 2026,March 26 2026,,0,XP218-PLR,C,5,C5,4,,49,0.2,3,,0.2,,,,,,,,,,,,,,,,,,,,,,,,,,,,,,,,,,,,,,
,CH-MT1-P28,Cecropia hispidissima,May 7 2025,March 26 2026,,0,XP218-PLR,C,6,C6,4,22,23.3,0.2,4,,0.2,,,,,,,,,,,,,,,,,,,,,,,,,,,,,,,,,,,,,,
,VB-MT5-P58,Vismia baccifera,March 25 2026,March 26 2026,,0,XP218-PLR,C,7,C7,4,,41,0.2,5,,0.2,,,,,,,,,,,,,,,,,,,,,,,,,,,,,,,,,,,,,,
,PG-MT4-P17,Pouruma guianensis,March 25 2026,March 26 2026,,0,XP218-PLR,C,8,C8,4,,19,0.1,5,,0.1,,,,,,,,,,,,,,,,,,,,,,,,,,,,,,,,,,,,,,
,BG-MT4-P9,Banara guianensis,September 25 2025,March 26 2026,,0,XP218-PLR,C,9,C9,4,67,63,0.2,25,,0.2,,,,,,,,,,,,,,,,,,,,,,,,,,,,,,,,,,,,,,
,IS-MT5-P18,Inga silanchensis,March 18 2025,March 26 2026,,0,XP218-PLR,C,10,C10,4,27,27,0.2,1,,0.2,4,,,,,,,,,,,,,,,,,,,,,,,,,,,,,,,,,,,,,
,PA-MT6-P16,Piper aduncum,May 7 2025,March 26 2026,,0,XP218-PLR,C,11,C11,4,16.5,16.6,0.1,7,,0.1,,,,,,,,,,,,,,,,,,,,,,,,,,,,,,,,,,,,,,
,AE-MT2-P32,Annona edulis,March 25 2026,March 26 2026,,0,XP218-PLR,C,12,C12,4,,11.5,0.1,7,,0.1,,,,,,,,,,,,,,,,,,,,,,,,,,,,,,,,,,,,,,
,BS-MT1-P76,Bactris setulosa,November 13 2025,March 26 2026,,0,XP218-PLR,C,13,C13,4,39,15,0.9,4,,0.9,,,,,,,,,,,,,,,,,,,,,,,,,,,,,,,,,,,,,,
,MC-MT2-P57,Miconia conocuatrecasasii,September 25 2025,March 26 2026,,0,XP218-PLR,C,14,C14,4,25,23,0.2,2,,0.2,,,,,,,,,,,,,,,,,,,,,,,,,,,,,,,,,,,,,,
,CP-MT5-P59,Carapa guianensis,September 25 2025,March 26 2026,,0,XP218-PLR,C,15,C15,4,60,53,0.5,3,,0.5,10,,,,,,,,,,,,,,,,,,,,,,,,,,,,,,,,,,,,,
,DC-MT1-P70,Dacryodes cupularis,September 25 2025,March 26 2026,,0,XP218-PLR,C,16,C16,4,35,31,0.3,3,,0.3,12,,,,,,,,,,,,,,,,,,,,,,,,,,,,,,,,,,,,,
,BU-MT4-P18,Brosimum utile,September 25 2025,March 26 2026,,0,XP218-PLR,A,3,A3,5,34,46,0.2,6,,0.2,,,,,,,,,,,,,,,,,,,,,,,,,,,,,,,,,,,,,,
,BG-MT2-P3,Banara guianensis,September 25 2025,March 26 2026,,0,XP218-PLR,A,4,A4,5,59,71,0.2,25,,0.2,,,,,,,,,,,,,,,,,,,,,,,,,,,,,,,,,,,,,,
,PG-MT1-P4,Pouruma guianensis,March 25 2026,March 26 2026,,0,XP218-PLR,A,6,A6,5,,29,0.2,2,,0.2,,,,,,,,,,,,,,,,,,,,,,,,,,,,,,,,,,,,,,
,CH-MT2-P15,Cecropia hispidissima,September 25 2025,March 26 2026,,0,XP218-PLR,A,7,A7,5,18,38,0.2,2,,0.2,,,,,,,,,,,,,,,,,,,,,,,,,,,,,,,,,,,,,,
,BP-MT5-P8,Bauhinia pichinchensis,March 25 2026,March 26 2026,,0,XP218-PLR,A,8,A8,5,,21,0.2,2,,0.2,,,,,,,,,,,,,,,,,,,,,,,,,,,,,,,,,,,,,,
,CP-MT1-P44,Carapa guianensis,September 25 2025,March 26 2026,,0,XP218-PLR,A,10,A10,5,81,83,1,3,,1,12,,,,,,,,,,,,,,,,,,,,,,,,,,,,,,,,,,,,,
,DC-MT1-P50,Dacryodes cupularis,September 25 2025,March 26 2026,March 26 2026,1,XP218-PLR,A,13,A13,5,23,,,,,0,,,,,,,,,,,,,,,,,,,,,,,,,,,,,,,,,,,,,,
,VB-MT5-P53,Vismia baccifera,March 25 2026,March 26 2026,,0,XP218-PLR,A,14,A14,5,,39,0.2,4,,0.2,,,,,,,,,,,,,,,,,,,,,,,,,,,,,,,,,,,,,,
,IS-MT4-P14,Inga silanchensis,November 13 2025,March 26 2026,,0,XP218-PLR,A,15,A15,5,16,20,0.4,3,,0.4,9,,,,,,,,,,,,,,,,,,,,,,,,,,,,,,,,,,,,,
,AE-MT4-P15,Annona edulis,March 25 2026,March 26 2026,,0,XP218-PLR,A,16,A16,5,,46,0.3,5,,0.3,,,,,,,,,,,,,,,,,,,,,,,,,,,,,,,,,,,,,,
,AE-MT3-P71,Annona edulis,March 25 2026,March 26 2026,,0,XP218-PLR,B,2,B2,5,,34,0.4,6,,0.4,,,,,,,,,,,,,,,,,,,,,,,,,,,,,,,,,,,,,,
,EA-MT1-P83,Ecuadendron acosta-solisianum,March 25 2026,March 26 2026,,0,XP218-PLR,B,5,B5,5,,70,1,10,,1,24,,,,,,,,,,,,,,,,,,,,,,,,,,,,,,,,,,,,,
,BG-MT4-P30,Banara guianensis,September 25 2025,March 26 2026,,0,XP218-PLR,B,8,B8,5,71,90.5,0.4,32,,0.4,,,,,,,,,,,,,,,,,,,,,,,,,,,,,,,,,,,,,,
,DC-MT4-P2,Dacryodes cupularis,September 25 2025,March 26 2026,March 26 2026,1,XP218-PLR,B,9,B9,5,25,,,,,0,,,,,,,,,,,,,,,,,,,,,,,,,,,,,,,,,,,,,,
,BP-MT3-P36,Bauhinia pichinchensis,March 25 2026,March 26 2026,,0,XP218-PLR,B,11,B11,5,,17,0.1,1,,0.1,,,,,,,,,,,,,,,,,,,,,,,,,,,,,,,,,,,,,,
,IS-MT2-P54,Inga silanchensis,November 13 2025,March 26 2026,,0,XP218-PLR,B,13,B13,5,37,39,0.4,5,,0.4,11,,,,,,,,,,,,,,,,,,,,,,,,,,,,,,,,,,,,,
,PG-MT3-P17,Pouruma guianensis,March 25 2026,March 26 2026,,0,XP218-PLR,B,15,B15,5,,14.5,0.1,4,,0.1,,,,,,,,,,,,,,,,,,,,,,,,,,,,,,,,,,,,,,
,VB-MT3-P29,Vismia baccifera,March 25 2026,March 26 2026,,0,XP218-PLR,B,16,B16,5,,39,0.2,3,,0.2,,,,,,,,,,,,,,,,,,,,,,,,,,,,,,,,,,,,,,
,AE-MT1-P5,Annona edulis,March 25 2026,March 26 2026,,0,XP218-PLR,C,3,C3,5,,39.4,0.2,7,,0.2,,,,,,,,,,,,,,,,,,,,,,,,,,,,,,,,,,,,,,
,EA-MT5-P103,Ecuadendron acosta-solisianum,March 25 2026,March 26 2026,,0,XP218-PLR,C,4,C4,5,,84,0.6,8,,0.6,22,,,,,,,,,,,,,,,,,,,,,,,,,,,,,,,,,,,,,
,IS-MT3-P106,Inga silanchensis,March 25 2026,March 26 2026,,0,XP218-PLR,C,6,C6,5,,25,0.2,3,,0.2,5,,,,,,,,,,,,,,,,,,,,,,,,,,,,,,,,,,,,,
,BS-MT7-P68,Bactris setulosa,March 25 2026,March 26 2026,,0,XP218-PLR,C,8,C8,5,,14,1.2,2,,1.2,,,,,,,,,,,,,,,,,,,,,,,,,,,,,,,,,,,,,,
,BP-MT4-P52,Bauhinia pichinchensis,March 25 2026,March 26 2026,,0,XP218-PLR,C,9,C9,5,,20,0.1,1,,0.1,,,,,,,,,,,,,,,,,,,,,,,,,,,,,,,,,,,,,,
,CH-MT4-P52,Cecropia hispidissima,September 25 2025,March 26 2026,March 26 2026,1,XP218-PLR,C,10,C10,5,,,,,,0,,,,,,,,,,,,,,,,,,,,,,,,,,,,,,,,,,,,,,
,CH-MT5-P56,Cecropia hispidissima,March 25 2026,March 26 2026,,0,XP218-PLR,C,10,C10,5,,27,0.2,0,,0.2,,,,,,,,,,,,,,,,,,,,,,,,,,,,,,,,,,,,,,
,DC-MT5-P63,Dacryodes cupularis,September 25 2025,March 26 2026,March 26 2026,1,XP218-PLR,C,12,C12,5,,,,,,0,,,,,,,,,,,,,,,,,,,,,,,,,,,,,,,,,,,,,,
,PG-MT4-P41,Pouruma guianensis,March 25 2026,March 26 2026,,0,XP218-PLR,C,13,C13,5,,23.5,0.1,4,,0.1,,,,,,,,,,,,,,,,,,,,,,,,,,,,,,,,,,,,,,
,BG-MT5-P71,Banara guianensis,September 25 2025,March 26 2026,,0,XP218-PLR,C,15,C15,5,55,68.5,0.3,14,,0.3,,,,,,,,,,,,,,,,,,,,,,,,,,,,,,,,,,,,,,
,VB-MT2-P41,Vismia baccifera,March 25 2026,March 26 2026,,0,XP218-PLR,C,16,C16,5,,33,0.1,3,,0.1,,,,,,,,,,,,,,,,,,,,,,,,,,,,,,,,,,,,,,
,MC-MT2-P45,Miconia conocuatrecasasii,October 14 2025,March 18 2025,,0,XP219-PLR,A,1,A1,1,24,25,0.3,7,,0.3,,,,,,,,,,,,,,,,,,,,,,,,,,,,,,,,,,,,,,
,CP-MT1-P19,Carapa guianensis,October 14 2025,March 18 2025,,0,XP219-PLR,A,2,A2,1,32,35,0.7,3,,0.7,12,,,,,,,,,,,,,,,,,,,,,,,,,,,,,,,,,,,,,
,BP-MT3-P17,Bauhinia pichinchensis,March 11 2026,March 18 2025,,0,XP219-PLR,A,3,A3,1,,24,0.2,2,,0.2,,,,,,,,,,,,,,,,,,,,,,,,,,,,,,,,,,,,,,
,AE-MT1-P7,Annona edulis,March 11 2026,March 18 2025,,0,XP219-PLR,A,4,A4,1,,38,0.3,5,,0.3,,,,,,,,,,,,,,,,,,,,,,,,,,,,,,,,,,,,,,
,PG-MT4-P45,Pouruma guianensis,March 11 2026,March 18 2025,,0,XP219-PLR,A,5,A5,1,,26,0.5,5,,0.5,,,,,,,,,,,,,,,,,,,,,,,,,,,,,,,,,,,,,,
,IS-MT3-P15,Inga silanchensis,April 2 2026,March 18 2025,,0,XP219-PLR,A,6,A6,1,31,25,0.3,3,,0.3,7,,,,,,,,,,,,,,,,,,,,,,,,,,,,,,,,,,,,,
,OP-MT9-P55,Ochroma pyramidale,April 2 2026,March 18 2025,October 14 2025,1,XP219-PLR,A,8,A8,1,56,,,,,0,,,,,,,,,,,,,,,,,,,,,,,,,,,,,,,,,,,,,,
,DC-MT4-P51,Dacryodes cupularis,October 14 2025,March 18 2025,March 18 2025,1,XP219-PLR,A,9,A9,1,6,,,,,0,,,,,,,,,,,,,,,,,,,,,,,,,,,,,,,,,,,,,,
,BU-MT1-P48,Brosimum utile,May 19 2025,March 18 2025,,0,XP219-PLR,A,10,A10,1,15,15,0.1,2,,0.1,,,,,,,,,,,,,,,,,,,,,,,,,,,,,,,,,,,,,,
,EA-MT4-P25,Ecuadendron acosta-solisianum,May 19 2025,March 18 2025,,0,XP219-PLR,A,11,A11,1,20,20,0.3,3,,0.3,7,,,,,,,,,,,,,,,,,,,,,,,,,,,,,,,,,,,,,
,VB-MT2-P27,Vismia baccifera,March 11 2026,March 18 2025,,0,XP219-PLR,A,12,A12,1,,22,0.2,4,,0.2,,,,,,,,,,,,,,,,,,,,,,,,,,,,,,,,,,,,,,
,PA-MT6-P80,Piper aduncum,December 10 2025,March 18 2025,,0,XP219-PLR,A,13,A13,1,40,36,0.2,0,,0.2,,,,,,,,,,,,,,,,,,,,,,,,,,,,,,,,,,,,,,
,BS-MT5-P66,Bactris setulosa,December 10 2025,March 18 2025,,0,XP219-PLR,A,14,A14,1,50,23,1.1,4,,1.1,,,,,,,,,,,,,,,,,,,,,,,,,,,,,,,,,,,,,,
,BG-MT1-P33,Banara guianensis,October 14 2025,March 18 2025,,0,XP219-PLR,A,15,A15,1,60,61,0.3,31,,0.3,,,,,,,,,,,,,,,,,,,,,,,,,,,,,,,,,,,,,,
,CH-MT5-P64,Cecropia hispidissima,October 14 2025,March 18 2025,March 18 2025,1,XP219-PLR,A,16,A16,1,41,,,,,0,,,,,,,,,,,,,,,,,,,,,,,,,,,,,,,,,,,,,,
,DC-MT5-P10,Dacryodes cupularis,October 14 2025,March 18 2025,December 10 2025,1,XP219-PLR,B,1,B1,1,25,,,,,0,,,,,,,,,,,,,,,,,,,,,,,,,,,,,,,,,,,,,,MUERTA DE CAMINO AL PLOT
,MC-MT1-P4,Miconia conocuatrecasasii,October 14 2025,March 18 2025,,0,XP219-PLR,B,2,B2,1,15,12,0.2,4,,0.2,,,,,,,,,,,,,,,,,,,,,,,,,,,,,,,,,,,,,,
,CH-MT3-P32,Cecropia hispidissima,October 14 2025,March 18 2025,,0,XP219-PLR,B,3,B3,1,34,32,0.2,4,,0.2,,,,,,,,,,,,,,,,,,,,,,,,,,,,,,,,,,,,,,
,BG-MT3-P77,Banara guianensis,October 14 2025,March 18 2025,March 18 2025,1,XP219-PLR,B,4,B4,1,60,,,,,0,,,,,,,,,,,,,,,,,,,,,,,,,,,,,,,,,,,,,,
,IS-MT1-P30,Inga silanchensis,May 19 2025,March 18 2025,,0,XP219-PLR,B,5,B5,1,18,18,0.3,4,,0.3,8,,,,,,,,,,,,,,,,,,,,,,,,,,,,,,,,,,,,,
,OP-MT2-P46,Ochroma pyramidale,April 2 2026,March 18 2025,October 14 2025,1,XP219-PLR,B,7,B7,1,57,,,,,0,,,,,,,,,,,,,,,,,,,,,,,,,,,,,,,,,,,,,,
,OP-MT7-P65,Ochroma pyramidale,December 10 2025,March 18 2025,March 18 2025,1,XP219-PLR,B,7,B7,1,41,,,,,0,,,,,,,,,,,,,,,,,,,,,,,,,,,,,,,,,,,,,,
,BP-MT4-P76,Bauhinia pichinchensis,March 11 2026,March 18 2025,March 18 2025,1,XP219-PLR,B,8,B8,1,,,,,,0,,,,,,,,,,,,,,,,,,,,,,,,,,,,,,,,,,,,,,
,VB-MT4-P92,Vismia baccifera,March 11 2026,March 18 2025,,0,XP219-PLR,B,9,B9,1,,40,0.2,2,,0.2,,,,,,,,,,,,,,,,,,,,,,,,,,,,,,,,,,,,,,
,CP-MT4-P31,Carapa guianensis,May 19 2025,March 18 2025,wrong species,0,XP219-PLR,B,10,B10,1,36,,,,,0,,,,,,,,,,,,,,,,,,,,,,,,,,,,,,,,,,,,,,
,EA-MT5-P56,Ecuadendron acosta-solisianum,December 10 2025,March 18 2025,,0,XP219-PLR,B,11,B11,1,40,40,0.9,5,,0.9,11,,,,,,,,,,,,,,,,,,,,,,,,,,,,,,,,,,,,,
,BS-MT5-P28,Bactris setulosa,October 14 2025,March 18 2025,,0,XP219-PLR,B,13,B13,1,20,20,0.9,4,,0.9,,,,,,,,,,,,,,,,,,,,,,,,,,,,,,,,,,,,,,
,PG-MT2-P12,Pouruma guianensis,March 11 2026,March 18 2025,,0,XP219-PLR,B,14,B14,1,,19,0.1,3,,0.1,,,,,,,,,,,,,,,,,,,,,,,,,,,,,,,,,,,,,,
,AE-MT2-P46,Annona edulis,March 11 2026,March 18 2025,,0,XP219-PLR,B,15,B15,1,,24,0.4,4,,0.4,,,,,,,,,,,,,,,,,,,,,,,,,,,,,,,,,,,,,,
,BU-MT4-P39,Brosimum utile,October 14 2025,March 18 2025,,0,XP219-PLR,B,16,B16,1,38,0.2,5,,,5,,,,,,,,,,,,,,,,,,,,,,,,,,,,,,,,,,,,,,
,VB-MT4-P6,Vismia baccifera,March 11 2026,March 18 2025,,0,XP219-PLR,C,1,C1,1,41,0.2,5,,,5,,,,,,,,,,,,,,,,,,,,,,,,,,,,,,,,,,,,,,
,OP-MT8-P14,Ochroma pyramidale,May 19 2025,March 18 2025,October 14 2025,1,XP219-PLR,C,2,C2,1,64,,,,,0,,,,,,,,,,,,,,,,,,,,,,,,,,,,,,,,,,,,,,
,OP-MT2-P77,Ochroma pyramidale,December 10 2025,March 18 2025,March 18 2025,1,XP219-PLR,C,2,C2,1,51,,,,,0,,,,,,,,,,,,,,,,,,,,,,,,,,,,,,,,,,,,,,
,CH-MT4-P69,Cecropia hispidissima,October 14 2025,March 18 2025,,0,XP219-PLR,C,3,C3,1,51,51,0.3,2,,0.3,,,,,,,,,,,,,,,,,,,,,,,,,,,,,,,,,,,,,,
,BP-MT1-P8,Bauhinia pichinchensis,March 11 2026,March 18 2025,,0,XP219-PLR,C,4,C4,1,,32,0.4,2,,0.4,,,,,,,,,,,,,,,,,,,,,,,,,,,,,,,,,,,,,,
,PG-MT2-P45,Pouruma guianensis,March 11 2026,March 18 2025,,0,XP219-PLR,C,5,C5,1,,11,0.1,4,,0.1,,,,,,,,,,,,,,,,,,,,,,,,,,,,,,,,,,,,,,
,MC-MT3-P6,Miconia conocuatrecasasii,October 14 2025,March 18 2025,,0,XP219-PLR,C,7,C7,1,11,11,0.2,5,,0.2,,,,,,,,,,,,,,,,,,,,,,,,,,,,,,,,,,,,,,
,IS-MT2-P20,Inga silanchensis,December 10 2025,March 18 2025,,0,XP219-PLR,C,9,C9,1,21,26,0.3,6,,0.3,8,,,,,,,,,,,,,,,,,,,,,,,,,,,,,,,,,,,,,
,AE-MT5-P60,Annona edulis,March 11 2026,March 18 2025,,0,XP219-PLR,C,10,C10,1,,41,0.3,4,,0.3,,,,,,,,,,,,,,,,,,,,,,,,,,,,,,,,,,,,,,
,EA-MT4-P64,Ecuadendron acosta-solisianum,March 11 2026,March 18 2025,,0,XP219-PLR,C,11,C11,1,,58,0.8,7,,0.8,14,,,,,,,,,,,,,,,,,,,,,,,,,,,,,,,,,,,,,
,BG-MT4-P13,Banara guianensis,October 14 2025,March 18 2025,,0,XP219-PLR,C,12,C12,1,25,31,0.2,16,,0.2,,,,,,,,,,,,,,,,,,,,,,,,,,,,,,,,,,,,,,
,PA-MT7-P32,Piper aduncum,October 14 2025,March 18 2025,,0,XP219-PLR,C,13,C13,1,40,54,0.3,7,,0.3,,,,,,,,,,,,,,,,,,,,,,,,,,,,,,,,,,,,,,
,BS-MT1-P3,Bactris setulosa,October 14 2025,March 18 2025,,0,XP219-PLR,C,14,C14,1,29,29,0.9,5,,0.9,,,,,,,,,,,,,,,,,,,,,,,,,,,,,,,,,,,,,,
,CP-MT1-P49,Carapa guianensis,October 14 2025,March 18 2025,,0,XP219-PLR,C,15,C15,1,68,81,10,5,,10,,,,,,,,,,,,,,,,,,,,,,,,,,,,,,,,,,,,,,
,BU-MT4-P4,Brosimum utile,October 14 2025,March 18 2025,,0,XP219-PLR,C,16,C16,1,31,34,0.2,4,,0.2,,,,,,,,,,,,,,,,,,,,,,,,,,,,,,,,,,,,,,
,IS-MT2-P98,Inga silanchensis,April 2 2026,March 18 2025,,0,XP219-PLR,A,1,A1,2,33,24,0.3,4,,0.3,,,,,,,,,,,,,,,,,,,,,,,,,,,,,,,,,,,,,,
,BS-MT1-P47,Bactris setulosa,December 10 2025,March 18 2025,,0,XP219-PLR,A,2,A2,2,38,22,0.1,2,,0.1,,,,,,,,,,,,,,,,,,,,,,,,,,,,,,,,,,,,,,
,PG-MT4-P29,Pouruma guianensis,March 11 2026,March 18 2025,,0,XP219-PLR,A,3,A3,2,,20,0.1,2,,0.1,,,,,,,,,,,,,,,,,,,,,,,,,,,,,,,,,,,,,,
,PA-MT3-P48,Piper aduncum,April 2 2026,March 18 2025,,0,XP219-PLR,A,4,A4,2,27,73,0.7,23,,0.7,,,,,,,,,,,,,,,,,,,,,,,,,,,,,,,,,,,,,,
,CH-MT1-P12,Cecropia hispidissima,May 19 2025,March 18 2025,March 18 2025,1,XP219-PLR,A,5,A5,2,11,,,,,0,,,,,,,,,,,,,,,,,,,,,,,,,,,,,,,,,,,,,,
,EA-MT5-P46,Ecuadendron acosta-solisianum,December 10 2025,March 18 2025,,0,XP219-PLR,A,6,A6,2,41,50,0.5,4,,0.5,,,,,,,,,,,,,,,,,,,,,,,,,,,,,,,,,,,,,,
,DC-MT2-P45,Dacryodes cupularis,October 14 2025,March 18 2025,December 10 2025,1,XP219-PLR,A,7,A7,2,20,,,,,0,,,,,,,,,,,,,,,,,,,,,,,,,,,,,,,,,,,,,,
,CP-MT3-P1,Carapa guianensis,May 19 2025,March 18 2025,March 18 2025,1,XP219-PLR,A,8,A8,2,54,,,,,0,,,,,,,,,,,,,,,,,,,,,,,,,,,,,,,,,,,,,,
,BP-MT4-P34,Bauhinia pichinchensis,March 11 2026,March 18 2025,,0,XP219-PLR,A,9,A9,2,,23,0.2,0,,0.2,,,,,,,,,,,,,,,,,,,,,,,,,,,,,,,,,,,,,,
,AE-MT2-P4,Annona edulis,March 11 2026,March 18 2025,,0,XP219-PLR,A,10,A10,2,,43,0.4,5,,0.4,,,,,,,,,,,,,,,,,,,,,,,,,,,,,,,,,,,,,,
,BU-MT3-P68,Brosimum utile,October 14 2025,March 18 2025,,0,XP219-PLR,A,11,A11,2,30,37,0.4,5,,0.4,,,,,,,,,,,,,,,,,,,,,,,,,,,,,,,,,,,,,,
,OP-MT2-P27,Ochroma pyramidale,April 2 2026,March 18 2025,March 18 2025,1,XP219-PLR,A,12,A12,2,45,,,,,0,,,,,,,,,,,,,,,,,,,,,,,,,,,,,,,,,,,,,,
,BG-MT2-P54,Banara guianensis,October 14 2025,March 18 2025,,0,XP219-PLR,A,14,A14,2,57,57,0.2,8,,0.2,,,,,,,,,,,,,,,,,,,,,,,,,,,,,,,,,,,,,,
,VB-MT2-P53,Vismia baccifera,March 11 2026,March 18 2025,,0,XP219-PLR,A,15,A15,2,,24,0.1,3,,0.1,,,,,,,,,,,,,,,,,,,,,,,,,,,,,,,,,,,,,,
,VB-MT5-P63,Vismia baccifera,March 11 2026,March 18 2025,,0,XP219-PLR,B,1,B1,2,,44,0.5,,,0.5,,,,,,,,,,,,,,,,,,,,,,,,,,,,,,,,,,,,,,
,BU-MT5-P38,Brosimum utile,October 14 2025,March 18 2025,,0,XP219-PLR,B,2,B2,2,43,44,0.5,7,,0.5,,,,,,,,,,,,,,,,,,,,,,,,,,,,,,,,,,,,,,
,BS-MT6-P40,Bactris setulosa,December 10 2025,March 18 2025,,0,XP219-PLR,B,3,B3,2,30,30,0.1,4,,0.1,,,,,,,,,,,,,,,,,,,,,,,,,,,,,,,,,,,,,,
,IS-MT4-P36,Inga silanchensis,May 19 2025,March 18 2025,,0,XP219-PLR,B,4,B4,2,22,22,0.3,4,,0.3,,,,,,,,,,,,,,,,,,,,,,,,,,,,,,,,,,,,,,
,BG-MT1-P51,Banara guianensis,October 14 2025,March 18 2025,,0,XP219-PLR,B,5,B5,2,59,60,0.3,22,,0.3,,,,,,,,,,,,,,,,,,,,,,,,,,,,,,,,,,,,,,
,AE-MT5-P29,Annona edulis,March 11 2026,March 18 2025,,0,XP219-PLR,B,6,B6,2,,34,0.3,5,,0.3,,,,,,,,,,,,,,,,,,,,,,,,,,,,,,,,,,,,,,
,DC-MT5-P60,Dacryodes cupularis,October 14 2025,March 18 2025,,0,XP219-PLR,B,8,B8,2,30,19,0.2,2,,0.2,8,,,,,,,,,,,,,,,,,,,,,,,,,,,,,,,,,,,,,
,CP-MT2-P39,Carapa guianensis,May 19 2025,March 18 2025,,0,XP219-PLR,B,9,B9,2,51,51,1.1,3,,1.1,18,,,,,,,,,,,,,,,,,,,,,,,,,,,,,,,,,,,,,
,EA-MT1-P11,Ecuadendron acosta-solisianum,December 10 2025,March 18 2025,,0,XP219-PLR,B,10,B10,2,40,40,0.6,3,,0.6,5,,,,,,,,,,,,,,,,,,,,,,,,,,,,,,,,,,,,,
,PG-MT5-P38,Pouruma guianensis,March 11 2026,March 18 2025,,0,XP219-PLR,B,11,B11,2,,21,0.1,5,,0.1,,,,,,,,,,,,,,,,,,,,,,,,,,,,,,,,,,,,,,
,CH-MT1-P56,Cecropia hispidissima,May 19 2025,March 18 2025,March 18 2025,1,XP219-PLR,B,12,B12,2,17,,,,,0,,,,,,,,,,,,,,,,,,,,,,,,,,,,,,,,,,,,,,
,MC-MT2-P61,Miconia conocuatrecasasii,October 14 2025,March 18 2025,,0,XP219-PLR,B,14,B14,2,26,26,0.4,3,,0.4,,,,,,,,,,,,,,,,,,,,,,,,,,,,,,,,,,,,,,
,BP-MT4-P8,Bauhinia pichinchensis,March 11 2026,March 18 2025,,0,XP219-PLR,B,15,B15,2,,22,0.4,1,,0.4,,,,,,,,,,,,,,,,,,,,,,,,,,,,,,,,,,,,,,
,IS-MT1-P21,Inga silanchensis,May 19 2025,March 18 2025,,0,XP219-PLR,C,1,C1,2,24,28,0.5,3,,0.5,8,,,,,,,,,,,,,,,,,,,,,,,,,,,,,,,,,,,,,
,CH-MT5-P11,Cecropia hispidissima,October 14 2025,March 18 2025,,0,XP219-PLR,C,2,C2,2,47,60,0.6,5,,0.6,,,,,,,,,,,,,,,,,,,,,,,,,,,,,,,,,,,,,,
,VB-MT5-P14,Vismia baccifera,March 11 2026,March 18 2025,,0,XP219-PLR,C,3,C3,2,,44,0.2,4,,0.2,,,,,,,,,,,,,,,,,,,,,,,,,,,,,,,,,,,,,,
,MC-MT1-P21,Miconia conocuatrecasasii,October 14 2025,March 18 2025,,0,XP219-PLR,C,4,C4,2,12,12,0.2,9,,0.2,,,,,,,,,,,,,,,,,,,,,,,,,,,,,,,,,,,,,,
,PA-MT6-P18,Piper aduncum,May 19 2025,March 18 2025,,0,XP219-PLR,C,5,C5,2,23,23,0.4,62,,0.4,,,,,,,,,,,,,,,,,,,,,,,,,,,,,,,,,,,,,,
,EA-MT3-P21,Ecuadendron acosta-solisianum,May 19 2025,March 18 2025,,0,XP219-PLR,C,6,C6,2,35,40,0.6,7,,0.6,14,,,,,,,,,,,,,,,,,,,,,,,,,,,,,,,,,,,,,
,CP-MT5-P33,Carapa guianensis,October 14 2025,March 18 2025,,0,XP219-PLR,C,7,C7,2,66,66,1,3,,1,17,,,,,,,,,,,,,,,,,,,,,,,,,,,,,,,,,,,,,
,BP-MT1-P20,Bauhinia pichinchensis,March 11 2026,March 18 2025,,0,XP219-PLR,C,9,C9,2,,24,0.2,0,,0.2,,,,,,,,,,,,,,,,,,,,,,,,,,,,,,,,,,,,,,
,BU-MT3-P74,Brosimum utile,October 14 2025,March 18 2025,,0,XP219-PLR,C,10,C10,2,40,40,0.3,3,,0.3,,,,,,,,,,,,,,,,,,,,,,,,,,,,,,,,,,,,,,
,OP-MT7-P25,Ochroma pyramidale,May 19 2025,March 18 2025,October 14 2025,1,XP219-PLR,C,11,C11,2,73,,,,,0,,,,,,,,,,,,,,,,,,,,,,,,,,,,,,,,,,,,,,
,OP-MT9-P70,Ochroma pyramidale,December 10 2025,March 18 2025,March 18 2025,1,XP219-PLR,C,11,C11,2,86,,,,,0,,,,,,,,,,,,,,,,,,,,,,,,,,,,,,,,,,,,,,
,PG-MT1-P70,Pouruma guianensis,March 11 2026,March 18 2025,,0,XP219-PLR,C,12,C12,2,,21,0.2,3,,0.2,,,,,,,,,,,,,,,,,,,,,,,,,,,,,,,,,,,,,,
,DC-MT1-P71,Dacryodes cupularis,October 14 2025,March 18 2025,December 10 2025,1,XP219-PLR,C,13,C13,2,13,,,,,0,,,,,,,,,,,,,,,,,,,,,,,,,,,,,,,,,,,,,,
,BS-MT1-P57,Bactris setulosa,December 10 2025,March 18 2025,,0,XP219-PLR,C,14,C14,2,41,20,0.9,1,,0.9,,,,,,,,,,,,,,,,,,,,,,,,,,,,,,,,,,,,,,
,BG-MT4-P41,Banara guianensis,October 14 2025,March 18 2025,,0,XP219-PLR,C,15,C15,2,61,55,0.4,19,,0.4,,,,,,,,,,,,,,,,,,,,,,,,,,,,,,,,,,,,,,
,AE-MT2-P25,Annona edulis,March 11 2026,March 18 2025,,0,XP219-PLR,C,16,C16,2,,34,0.3,2,,0.3,,,,,,,,,,,,,,,,,,,,,,,,,,,,,,,,,,,,,,
,BP-MT3-P46,Bauhinia pichinchensis,March 11 2026,March 18 2025,,0,XP219-PLR,A,1,A1,3,,23,0.4,1,,0.4,,,,,,,,,,,,,,,,,,,,,,,,,,,,,,,,,,,,,,
,IS-MT3-P24,Inga silanchensis,April 2 2026,March 18 2025,December 10 2025,1,XP219-PLR,A,2,A2,3,27,,,,,0,,,,,,,,,,,,,,,,,,,,,,,,,,,,,,,,,,,,,,
,IS-MT2-P66,Inga silanchensis,March 11 2026,March 18 2025,,0,XP219-PLR,A,2,A2,3,,34,0.7,3,,0.7,7,,,,,,,,,,,,,,,,,,,,,,,,,,,,,,,,,,,,,
,BU-MT5-P40,Brosimum utile,October 14 2025,March 18 2025,,0,XP219-PLR,A,3,A3,3,28,28,0.4,6,,0.4,,,,,,,,,,,,,,,,,,,,,,,,,,,,,,,,,,,,,,
,VB-MT3-P11,Vismia baccifera,March 11 2026,March 18 2025,,0,XP219-PLR,A,4,A4,3,,38,0.4,4,,0.4,,,,,,,,,,,,,,,,,,,,,,,,,,,,,,,,,,,,,,
,EA-MT1-P105,Ecuadendron acosta-solisianum,March 11 2026,March 18 2025,,0,XP219-PLR,A,5,A5,3,,50,0.9,6,,0.9,12,,,,,,,,,,,,,,,,,,,,,,,,,,,,,,,,,,,,,
,BS-MT6-P18,Bactris setulosa,October 14 2025,March 18 2025,,0,XP219-PLR,A,6,A6,3,20,26,1.1,3,,1.1,,,,,,,,,,,,,,,,,,,,,,,,,,,,,,,,,,,,,,
,OP-MT6-P18,Ochroma pyramidale,May 19 2025,March 18 2025,March 18 2025,1,XP219-PLR,A,7,A7,3,74,,,,,0,,,,,,,,,,,,,,,,,,,,,,,,,,,,,,,,,,,,,,
,MC-MT3-P29,Miconia conocuatrecasasii,October 14 2025,March 18 2025,,0,XP219-PLR,A,8,A8,3,22,23,0.4,4,,0.4,,,,,,,,,,,,,,,,,,,,,,,,,,,,,,,,,,,,,,
,AE-MT1-P55,Annona edulis,March 11 2026,March 18 2025,,0,XP219-PLR,A,9,A9,3,,43,0.5,7,,0.5,,,,,,,,,,,,,,,,,,,,,,,,,,,,,,,,,,,,,,
,BG-MT1-P13,Banara guianensis,October 14 2025,March 18 2025,,0,XP219-PLR,A,10,A10,3,55,55,0.3,7,,0.3,,,,,,,,,,,,,,,,,,,,,,,,,,,,,,,,,,,,,,
,DC-MT2-P34,Dacryodes cupularis,March 11 2026,March 18 2025,,0,XP219-PLR,A,11,A11,3,,28,0.5,1,,0.5,3,,,,,,,,,,,,,,,,,,,,,,,,,,,,,,,,,,,,,
,PG-MT3-P61,Pouruma guianensis,March 11 2026,March 18 2025,,0,XP219-PLR,A,12,A12,3,,18,0.4,6,,0.4,,,,,,,,,,,,,,,,,,,,,,,,,,,,,,,,,,,,,,
,PA-MT7-P6,Piper aduncum,October 14 2025,March 18 2025,,0,XP219-PLR,A,14,A14,3,41,43,0.5,10,,0.5,,,,,,,,,,,,,,,,,,,,,,,,,,,,,,,,,,,,,,
,CP-MT5-P20,Carapa guianensis,October 14 2025,March 18 2025,,0,XP219-PLR,A,15,A15,3,81,89,10,3,,10,15,,,,,,,,,,,,,,,,,,,,,,,,,,,,,,,,,,,,,
,CH-MT3-P34,Cecropia hispidissima,October 14 2025,March 18 2025,,0,XP219-PLR,A,16,A16,3,53,61,0.8,4,,0.8,,,,,,,,,,,,,,,,,,,,,,,,,,,,,,,,,,,,,,
,AE-MT4-P89,Annona edulis,March 11 2026,March 18 2025,,0,XP219-PLR,B,1,B1,3,,45,0.7,8,,0.7,,,,,,,,,,,,,,,,,,,,,,,,,,,,,,,,,,,,,,
,VB-MT1-P5,Vismia baccifera,October 14 2025,March 18 2025,March 18 2025,1,XP219-PLR,B,2,B2,3,30,,,,,0,,,,,,,,,,,,,,,,,,,,,,,,,,,,,,,,,,,,,,
,CP-MT2-P51,Carapa guianensis,May 19 2025,March 18 2025,,0,XP219-PLR,B,3,B3,3,55,57,10,1,,10,4,,,,,,,,,,,,,,,,,,,,,,,,,,,,,,,,,,,,,
,PG-MT3-P4,Pouruma guianensis,March 11 2026,March 18 2025,,0,XP219-PLR,B,4,B4,3,,20,0.4,6,,0.4,,,,,,,,,,,,,,,,,,,,,,,,,,,,,,,,,,,,,,
,BS-MT7-P23,Bactris setulosa,October 14 2025,March 18 2025,,0,XP219-PLR,B,5,B5,3,9,9,1.1,3,,1.1,,,,,,,,,,,,,,,,,,,,,,,,,,,,,,,,,,,,,,
,OP-MT7-P3,Ochroma pyramidale,May 19 2025,March 18 2025,March 18 2025,1,XP219-PLR,B,6,B6,3,73,,,,,0,,,,,,,,,,,,,,,,,,,,,,,,,,,,,,,,,,,,,,
,BP-MT5-P44,Bauhinia pichinchensis,March 11 2026,March 18 2025,March 18 2025,1,XP219-PLR,B,7,B7,3,,,,,,0,,,,,,,,,,,,,,,,,,,,,,,,,,,,,,,,,,,,,,
,BU-MT3-P9,Brosimum utile,October 14 2025,March 18 2025,,0,XP219-PLR,B,8,B8,3,26,36,0.6,7,,0.6,,,,,,,,,,,,,,,,,,,,,,,,,,,,,,,,,,,,,,
,PA-MT6-P91,Piper aduncum,March 11 2026,March 18 2025,,0,XP219-PLR,B,9,B9,3,,45,0.5,0,,0.5,,,,,,,,,,,,,,,,,,,,,,,,,,,,,,,,,,,,,,
,DC-MT3-P36,Dacryodes cupularis,October 14 2025,March 18 2025,,0,XP219-PLR,B,10,B10,3,40,40,0.6,0,,0.6,,,,,,,,,,,,,,,,,,,,,,,,,,,,,,,,,,,,,,
,IS-MT2-P72,Inga silanchensis,April 2 2026,March 18 2025,,0,XP219-PLR,B,11,B11,3,20,20,0.3,2,,0.3,3,,,,,,,,,,,,,,,,,,,,,,,,,,,,,,,,,,,,,
,BG-MT3-P24,Banara guianensis,October 14 2025,March 18 2025,March 18 2025,1,XP219-PLR,B,12,B12,3,50,,,,,0,,,,,,,,,,,,,,,,,,,,,,,,,,,,,,,,,,,,,,
,MC-MT1-P44,Miconia conocuatrecasasii,October 14 2025,March 18 2025,,0,XP219-PLR,B,13,B13,3,22,22,0.4,6,,0.4,,,,,,,,,,,,,,,,,,,,,,,,,,,,,,,,,,,,,,
,EA-MT1-P27,Ecuadendron acosta-solisianum,December 10 2025,March 18 2025,,0,XP219-PLR,B,15,B15,3,40,53,0.8,1,,0.8,2,,,,,,,,,,,,,,,,,,,,,,,,,,,,,,,,,,,,,
,CH-MT2-P12,Cecropia hispidissima,October 14 2025,March 18 2025,,0,XP219-PLR,B,16,B16,3,33,33,0.5,2,,0.5,5,,,,,,,,,,,,,,,,,,,,,,,,,,,,,,,,,,,,,
,IS-MT5-P68,Inga silanchensis,April 2 2026,March 18 2025,,0,XP219-PLR,C,2,C2,3,31,31,0.5,2,,0.5,5,,,,,,,,,,,,,,,,,,,,,,,,,,,,,,,,,,,,,
,BP-MT2-P70,Bauhinia pichinchensis,March 11 2026,March 18 2025,,0,XP219-PLR,C,3,C3,3,,23,0.5,0,,0.5,,,,,,,,,,,,,,,,,,,,,,,,,,,,,,,,,,,,,,
,BS-MT7-P55,Bactris setulosa,December 10 2025,March 18 2025,,0,XP219-PLR,C,4,C4,3,10,10,0.9,2,,0.9,,,,,,,,,,,,,,,,,,,,,,,,,,,,,,,,,,,,,,
,CP-MT3-P19,Carapa guianensis,May 19 2025,March 18 2025,,0,XP219-PLR,C,5,C5,3,50,50,0.9,2,,0.9,9,,,,,,,,,,,,,,,,,,,,,,,,,,,,,,,,,,,,,
,EA-MT2-P23,Ecuadendron acosta-solisianum,May 19 2025,March 18 2025,,0,XP219-PLR,C,6,C6,3,43,43,0.8,6,,0.8,13,,,,,,,,,,,,,,,,,,,,,,,,,,,,,,,,,,,,,
,VB-MT1-P22,Vismia baccifera,October 14 2025,March 18 2025,,0,XP219-PLR,C,7,C7,3,35,35,0.4,7,,0.4,,,,,,,,,,,,,,,,,,,,,,,,,,,,,,,,,,,,,,
,OP-MT8-P33,Ochroma pyramidale,May 19 2025,March 18 2025,October 14 2025,1,XP219-PLR,C,8,C8,3,58,,,,,0,,,,,,,,,,,,,,,,,,,,,,,,,,,,,,,,,,,,,,
,OP-MT7-P66,Ochroma pyramidale,December 10 2025,March 18 2025,March 18 2025,1,XP219-PLR,C,8,C8,3,97,,,,,0,,,,,,,,,,,,,,,,,,,,,,,,,,,,,,,,,,,,,,
,BU-MT2-P7,Brosimum utile,October 14 2025,March 18 2025,,0,XP219-PLR,C,9,C9,3,38,38,0.4,5,,0.4,,,,,,,,,,,,,,,,,,,,,,,,,,,,,,,,,,,,,,
,BG-MT5-P45,Banara guianensis,October 14 2025,March 18 2025,,0,XP219-PLR,C,11,C11,3,67,85,0.5,18,,0.5,,,,,,,,,,,,,,,,,,,,,,,,,,,,,,,,,,,,,,
,AE-MT4-P21,Annona edulis,March 11 2026,March 18 2025,,0,XP219-PLR,C,13,C13,3,,49,0.6,3,,0.6,,,,,,,,,,,,,,,,,,,,,,,,,,,,,,,,,,,,,,
,DC-MT3-P8,Dacryodes cupularis,October 14 2025,March 18 2025,,0,XP219-PLR,C,14,C14,3,40,40,0.6,3,,0.6,9,,,,,,,,,,,,,,,,,,,,,,,,,,,,,,,,,,,,,
,PG-MT2-P2,Pouruma guianensis,March 11 2026,March 18 2025,,0,XP219-PLR,C,15,C15,3,,20,0.3,5,,0.3,,,,,,,,,,,,,,,,,,,,,,,,,,,,,,,,,,,,,,
,CH-MT5-P45,Cecropia hispidissima,October 14 2025,March 18 2025,,0,XP219-PLR,C,16,C16,3,57,61,0.6,6,,0.6,,,,,,,,,,,,,,,,,,,,,,,,,,,,,,,,,,,,,,
,OP-MT9-P47,Ochroma pyramidale,April 2 2026,March 18 2025,March 18 2025,1,XP219-PLR,A,1,A1,4,57,,,,,0,,,,,,,,,,,,,,,,,,,,,,,,,,,,,,,,,,,,,,
,CP-MT1-P67,Carapa guianensis,October 14 2025,March 18 2025,,0,XP219-PLR,A,2,A2,4,38,60,1.4,6,,1.4,21,,,,,,,,,,,,,,,,,,,,,,,,,,,,,,,,,,,,,
,IS-MT5-P23,Inga silanchensis,April 2 2026,March 18 2025,,0,XP219-PLR,A,3,A3,4,37,37,0.5,1,,0.5,2,,,,,,,,,,,,,,,,,,,,,,,,,,,,,,,,,,,,,
,CH-MT4-P47,Cecropia hispidissima,October 14 2025,March 18 2025,,0,XP219-PLR,A,4,A4,4,38,38,0.4,3,,0.4,,,,,,,,,,,,,,,,,,,,,,,,,,,,,,,,,,,,,,
,AE-MT1-P72,Annona edulis,March 11 2026,March 18 2025,,0,XP219-PLR,A,5,A5,4,,51,0.6,6,,0.6,,,,,,,,,,,,,,,,,,,,,,,,,,,,,,,,,,,,,,
,DC-MT1-P26,Dacryodes cupularis,October 14 2025,March 18 2025,March 18 2025,1,XP219-PLR,A,6,A6,4,18,,,,,0,,,,,,,,,,,,,,,,,,,,,,,,,,,,,,,,,,,,,,
,BU-MT2-P43,Brosimum utile,October 14 2025,March 18 2025,,0,XP219-PLR,A,7,A7,4,23,31,0.6,1,,0.6,,,,,,,,,,,,,,,,,,,,,,,,,,,,,,,,,,,,,,
,PA-MT3-P32,Piper aduncum,April 2 2026,March 18 2025,,0,XP219-PLR,A,8,A8,4,24,33,0.5,6,,0.5,,,,,,,,,,,,,,,,,,,,,,,,,,,,,,,,,,,,,,
,BP-MT1-P4,Bauhinia pichinchensis,March 11 2026,March 18 2025,March 18 2025,1,XP219-PLR,A,9,A9,4,,,,,,0,,,,,,,,,,,,,,,,,,,,,,,,,,,,,,,,,,,,,,
,EA-MT5-P59,Ecuadendron acosta-solisianum,December 10 2025,March 18 2025,March 18 2025,1,XP219-PLR,A,11,A11,4,37,,,,,0,,,,,,,,,,,,,,,,,,,,,,,,,,,,,,,,,,,,,,
,PG-MT1-P15,Pouruma guianensis,March 11 2026,March 18 2025,,0,XP219-PLR,A,12,A12,4,,26,0.4,3,,0.4,,,,,,,,,,,,,,,,,,,,,,,,,,,,,,,,,,,,,,
,VB-MT2-P42,Vismia baccifera,March 11 2026,March 18 2025,,0,XP219-PLR,A,13,A13,4,,52,0.3,2,,0.3,,,,,,,,,,,,,,,,,,,,,,,,,,,,,,,,,,,,,,
,BS-MT5-P14,Bactris setulosa,October 14 2025,March 18 2025,,0,XP219-PLR,A,14,A14,4,13,13,0.9,3,,0.9,,,,,,,,,,,,,,,,,,,,,,,,,,,,,,,,,,,,,,
,BG-MT2-P55,Banara guianensis,October 14 2025,March 18 2025,March 18 2025,1,XP219-PLR,A,15,A15,4,54,,,,,0,,,,,,,,,,,,,,,,,,,,,,,,,,,,,,,,,,,,,,
,DC-MT4-P46,Dacryodes cupularis,October 14 2025,March 18 2025,December 10 2025,1,XP219-PLR,B,1,B1,4,17,,,,,0,,,,,,,,,,,,,,,,,,,,,,,,,,,,,,,,,,,,,,
,AE-MT3-P41,Annona edulis,March 11 2026,March 18 2025,,0,XP219-PLR,B,2,B2,4,,30,0.4,6,,0.4,,,,,,,,,,,,,,,,,,,,,,,,,,,,,,,,,,,,,,
,PG-MT2-P33,Pouruma guianensis,March 11 2026,March 18 2025,,0,XP219-PLR,B,4,B4,4,,23,0.8,5,,0.8,,,,,,,,,,,,,,,,,,,,,,,,,,,,,,,,,,,,,,
,BG-MT5-P82,Banara guianensis,October 14 2025,March 18 2025,,0,XP219-PLR,B,5,B5,4,48,48,0.4,6,,0.4,,,,,,,,,,,,,,,,,,,,,,,,,,,,,,,,,,,,,,
,OP-MT6-P4,Ochroma pyramidale,May 19 2025,March 18 2025,October 14 2025,1,XP219-PLR,B,6,B6,4,56,,,,,0,,,,,,,,,,,,,,,,,,,,,,,,,,,,,,,,,,,,,,
,OP-MT2-P78,Ochroma pyramidale,December 10 2025,March 18 2025,March 18 2025,1,XP219-PLR,B,6,B6,4,61,,,,,0,,,,,,,,,,,,,,,,,,,,,,,,,,,,,,,,,,,,,,
,IS-MT2-P15,Inga silanchensis,December 10 2025,March 18 2025,,0,XP219-PLR,B,7,B7,4,26,29,0.7,3,,0.7,5,,,,,,,,,,,,,,,,,,,,,,,,,,,,,,,,,,,,,
,CP-MT5-P17,Carapa guianensis,October 14 2025,March 18 2025,March 18 2025,1,XP219-PLR,B,8,B8,4,45,,,,,0,,,,,,,,,,,,,,,,,,,,,,,,,,,,,,,,,,,,,,
,EA-MT5-P12,Ecuadendron acosta-solisianum,December 10 2025,March 18 2025,,0,XP219-PLR,B,10,B10,4,65,65,0.9,4,,0.9,14,,,,,,,,,,,,,,,,,,,,,,,,,,,,,,,,,,,,,
,BP-MT2-P7,Bauhinia pichinchensis,March 11 2026,March 18 2025,,0,XP219-PLR,B,11,B11,4,,24,0.6,1,,0.6,,,,,,,,,,,,,,,,,,,,,,,,,,,,,,,,,,,,,,
,PA-MT6-P31,Piper aduncum,May 19 2025,March 18 2025,,0,XP219-PLR,B,12,B12,4,18,18,0.5,5,,0.5,,,,,,,,,,,,,,,,,,,,,,,,,,,,,,,,,,,,,,
,BS-MT1-P69,Bactris setulosa,December 10 2025,March 18 2025,,0,XP219-PLR,B,13,B13,4,12,12,1.2,3,,1.2,,,,,,,,,,,,,,,,,,,,,,,,,,,,,,,,,,,,,,
,VB-MT4-P29,Vismia baccifera,March 11 2026,March 18 2025,,0,XP219-PLR,B,14,B14,4,,33,0.4,4,,0.4,,,,,,,,,,,,,,,,,,,,,,,,,,,,,,,,,,,,,,
,BU-MT4-P50,Brosimum utile,October 14 2025,March 18 2025,,0,XP219-PLR,B,15,B15,4,35,35,0.5,6,,0.5,,,,,,,,,,,,,,,,,,,,,,,,,,,,,,,,,,,,,,
,CH-MT2-P62,Cecropia hispidissima,October 14 2025,March 18 2025,March 18 2025,1,XP219-PLR,B,16,B16,4,53,,,,,0,,,,,,,,,,,,,,,,,,,,,,,,,,,,,,,,,,,,,,
,BU-MT1-P25,Brosimum utile,May 19 2025,March 18 2025,,0,XP219-PLR,C,1,C1,4,34,36,0.5,6,,0.5,,,,,,,,,,,,,,,,,,,,,,,,,,,,,,,,,,,,,,
,CP-MT4-P63,Carapa guianensis,May 19 2025,March 18 2025,wrong species,0,XP219-PLR,C,2,C2,4,25,,,,,0,,,,,,,,,,,,,,,,,,,,,,,,,,,,,,,,,,,,,,
,PG-MT5-P51,Pouruma guianensis,March 11 2026,March 18 2025,,0,XP219-PLR,C,3,C3,4,,12,9.3,3,,9.3,,,,,,,,,,,,,,,,,,,,,,,,,,,,,,,,,,,,,,
,VB-MT3-P93,Vismia baccifera,March 11 2026,March 18 2025,,0,XP219-PLR,C,5,C5,4,,37,0.5,8,,0.5,,,,,,,,,,,,,,,,,,,,,,,,,,,,,,,,,,,,,,
,BS-MT5-P41,Bactris setulosa,December 10 2025,March 18 2025,,0,XP219-PLR,C,6,C6,4,,9,0.9,2,,0.9,,,,,,,,,,,,,,,,,,,,,,,,,,,,,,,,,,,,,,
,EA-MT1-P79,Ecuadendron acosta-solisianum,March 11 2026,March 18 2025,,0,XP219-PLR,C,7,C7,4,,60,0.8,6,,0.8,13,,,,,,,,,,,,,,,,,,,,,,,,,,,,,,,,,,,,,
,IS-MT4-P54,Inga silanchensis,May 19 2025,March 18 2025,,0,XP219-PLR,C,8,C8,4,17,17,0.4,2,,0.4,4,,,,,,,,,,,,,,,,,,,,,,,,,,,,,,,,,,,,,
,DC-MT2-P22,Dacryodes cupularis,March 11 2026,March 18 2025,,0,XP219-PLR,C,9,C9,4,,27,0.5,2,,0.5,2,,,,,,,,,,,,,,,,,,,,,,,,,,,,,,,,,,,,,
,BG-MT3-P58,Banara guianensis,October 14 2025,March 18 2025,,0,XP219-PLR,C,10,C10,4,53,53,0.4,32,,0.4,,,,,,,,,,,,,,,,,,,,,,,,,,,,,,,,,,,,,,
,AE-MT5-P47,Annona edulis,March 11 2026,March 18 2025,,0,XP219-PLR,C,11,C11,4,,46,0.8,4,,0.8,,,,,,,,,,,,,,,,,,,,,,,,,,,,,,,,,,,,,,
,MC-MT2-P30,Miconia conocuatrecasasii,October 14 2025,March 18 2025,,0,XP219-PLR,C,12,C12,4,25,25,0.6,3,,0.6,,,,,,,,,,,,,,,,,,,,,,,,,,,,,,,,,,,,,,
,CH-MT4-P7,Cecropia hispidissima,October 14 2025,March 18 2025,,0,XP219-PLR,C,13,C13,4,22,22,0.7,4,,0.7,,,,,,,,,,,,,,,,,,,,,,,,,,,,,,,,,,,,,,
,BP-MT2-P67,Bauhinia pichinchensis,March 11 2026,March 18 2025,,0,XP219-PLR,C,16,C16,4,,23,1,0,,1,,,,,,,,,,,,,,,,,,,,,,,,,,,,,,,,,,,,,,
,PG-MT4-P16,Pouruma guianensis,March 11 2026,March 18 2025,March 18 2025,1,XP219-PLR,A,1,A1,5,,,,,,0,,,,,,,,,,,,,,,,,,,,,,,,,,,,,,,,,,,,,,
,VB-MT4-P30,Vismia baccifera,March 11 2026,March 18 2025,,0,XP219-PLR,A,2,A2,5,,27,0.3,4,,0.3,,,,,,,,,,,,,,,,,,,,,,,,,,,,,,,,,,,,,,
,BG-MT2-P6,Banara guianensis,October 14 2025,March 18 2025,,0,XP219-PLR,A,4,A4,5,58,63,0.8,23,,0.8,,,,,,,,,,,,,,,,,,,,,,,,,,,,,,,,,,,,,,
,DC-MT5-P28,Dacryodes cupularis,October 14 2025,March 18 2025,,0,XP219-PLR,A,5,A5,5,30,34,0.4,2,,0.4,10,,,,,,,,,,,,,,,,,,,,,,,,,,,,,,,,,,,,,
,BS-MT5-P85,Bactris setulosa,March 11 2026,March 18 2025,,0,XP219-PLR,A,7,A7,5,,15,1.2,2,,1.2,,,,,,,,,,,,,,,,,,,,,,,,,,,,,,,,,,,,,,
,AE-MT3-P85,Annona edulis,March 11 2026,March 18 2025,,0,XP219-PLR,A,9,A9,5,,48,0.5,4,,0.5,,,,,,,,,,,,,,,,,,,,,,,,,,,,,,,,,,,,,,
,IS-MT3-P109,Inga silanchensis,March 11 2026,March 18 2025,,0,XP219-PLR,A,11,A11,5,,30,0.4,5,,0.4,11,,,,,,,,,,,,,,,,,,,,,,,,,,,,,,,,,,,,,
,BP-MT3-P54,Bauhinia pichinchensis,March 11 2026,March 18 2025,,0,XP219-PLR,A,15,A15,5,,22,0.2,2,,0.2,,,,,,,,,,,,,,,,,,,,,,,,,,,,,,,,,,,,,,
,EA-MT4-P46,Ecuadendron acosta-solisianum,March 11 2026,March 18 2025,,0,XP219-PLR,A,16,A16,5,,82,0.5,6,,0.5,11,,,,,,,,,,,,,,,,,,,,,,,,,,,,,,,,,,,,,
,IS-MT3-P80,Inga silanchensis,December 10 2025,March 18 2025,,0,XP219-PLR,B,1,B1,5,32,32,0.5,7,,0.5,24,,,,,,,,,,,,,,,,,,,,,,,,,,,,,,,,,,,,,the plant was alive
,BP-MT4-P1,Bauhinia pichinchensis,March 11 2026,March 18 2025,,0,XP219-PLR,B,4,B4,5,,31,0.2,0,,0.2,,,,,,,,,,,,,,,,,,,,,,,,,,,,,,,,,,,,,,
,AE-MT1-P26,Annona edulis,March 11 2026,March 18 2025,,0,XP219-PLR,B,5,B5,5,,49,0.4,4,,0.4,,,,,,,,,,,,,,,,,,,,,,,,,,,,,,,,,,,,,,
,PG-MT2-P42,Pouruma guianensis,March 11 2026,March 18 2025,,0,XP219-PLR,B,7,B7,5,,25,0.2,4,,0.2,,,,,,,,,,,,,,,,,,,,,,,,,,,,,,,,,,,,,,
,CH-MT3-P88,Cecropia hispidissima,October 14 2025,March 18 2025,,0,XP219-PLR,B,9,B9,5,54,75,0.7,5,,0.7,,,,,,,,,,,,,,,,,,,,,,,,,,,,,,,,,,,,,,
,BG-MT4-P26,Banara guianensis,October 14 2025,March 18 2025,,0,XP219-PLR,B,10,B10,5,65,84,0.6,38,,0.6,,,,,,,,,,,,,,,,,,,,,,,,,,,,,,,,,,,,,,
,VB-MT4-P54,Vismia baccifera,March 11 2026,March 18 2025,,0,XP219-PLR,B,12,B12,5,,30,0.1,4,,0.1,,,,,,,,,,,,,,,,,,,,,,,,,,,,,,,,,,,,,,
,DC-MT4-P11,Dacryodes cupularis,October 14 2025,March 18 2025,,0,XP219-PLR,B,16,B16,5,26,26.5,0.4,2,,0.4,3,,,,,,,,,,,,,,,,,,,,,,,,,,,,,,,,,,,,,
,BU-MT5-P1,Brosimum utile,October 14 2025,March 18 2025,,0,XP219-PLR,C,2,C2,5,32,45,0.4,5,,0.4,,,,,,,,,,,,,,,,,,,,,,,,,,,,,,,,,,,,,,
,DC-MT1-P9,Dacryodes cupularis,October 14 2025,March 18 2025,March 18 2025,1,XP219-PLR,C,3,C3,5,21,,,,,0,,,,,,,,,,,,,,,,,,,,,,,,,,,,,,,,,,,,,,
,AE-MT4-P31,Annona edulis,March 11 2026,March 18 2025,,0,XP219-PLR,C,4,C4,5,,48,0.3,3,,0.3,,,,,,,,,,,,,,,,,,,,,,,,,,,,,,,,,,,,,,
,VB-MT4-P12,Vismia baccifera,March 11 2026,March 18 2025,,0,XP219-PLR,C,5,C5,5,,38,0.1,5,,0.1,,,,,,,,,,,,,,,,,,,,,,,,,,,,,,,,,,,,,,
,BG-MT5-P54,Banara guianensis,October 14 2025,March 18 2025,,0,XP219-PLR,C,7,C7,5,49,62,0.4,26,,0.4,,,,,,,,,,,,,,,,,,,,,,,,,,,,,,,,,,,,,,
,BP-MT3-P26,Bauhinia pichinchensis,March 11 2026,March 18 2025,,0,XP219-PLR,C,8,C8,5,,19,0.3,2,,0.3,,,,,,,,,,,,,,,,,,,,,,,,,,,,,,,,,,,,,,
,IS-MT1-P34,Inga silanchensis,December 10 2025,March 18 2025,,0,XP219-PLR,C,9,C9,5,24,24,0.9,4,,0.9,12,,,,,,,,,,,,,,,,,,,,,,,,,,,,,,,,,,,,,
,EA-MT2-P39,Ecuadendron acosta-solisianum,March 11 2026,March 18 2025,,0,XP219-PLR,C,11,C11,5,,83,1.1,8,,1.1,19,,,,,,,,,,,,,,,,,,,,,,,,,,,,,,,,,,,,,
,CH-MT5-P30,Cecropia hispidissima,October 14 2025,March 18 2025,,0,XP219-PLR,C,12,C12,5,63,78,0.8,8,,0.8,,,,,,,,,,,,,,,,,,,,,,,,,,,,,,,,,,,,,,
,CP-MT5-P57,Carapa guianensis,October 14 2025,March 18 2025,,0,XP219-PLR,C,15,C15,5,38,46,1.5,4,,1.5,,,,,,,,,,,,,,,,,,,,,,,,,,,,,,,,,,,,,,
,PG-MT5-P75,Pouruma guianensis,March 11 2026,March 18 2025,,0,XP219-PLR,C,16,C16,5,,29,0.2,5,,0.2,,,,,,,,,,,,,,,,,,,,,,,,,,,,,,,,,,,,,,
,BU-MT1-P13,Brosimum utile,May 27 2025,March 4 2025,,0,XP220-PLR,A,1,A1,1,16,23,0.4,6,,0.4,,,,,,,,,,,,,,,,,,,,,,,,,,,,,,,,,,,,,,
,EA-MT3-P23,Ecuadendron acosta-solisianum,May 27 2025,March 4 2025,,0,XP220-PLR,A,2,A2,1,47,44,0.8,9,,0.8,23,,,,,,,,,,,,,,,,,,,,,,,,,,,,,,,,,,,,,
,BP-MT2-P15,Bauhinia pichinchensis,February 12 2026,March 4 2025,,0,XP220-PLR,A,3,A3,1,,7,0.3,1,,0.3,,,,,,,,,,,,,,,,,,,,,,,,,,,,,,,,,,,,,,
,AE-MT5-P58,Annona edulis,February 12 2026,March 4 2025,,0,XP220-PLR,A,4,A4,1,,45,0.7,6,,0.7,,,,,,,,,,,,,,,,,,,,,,,,,,,,,,,,,,,,,,
,OP-MT9-P11,Ochroma pyramidale,April 16 2025,March 4 2025,March 4 2025,1,XP220-PLR,A,5,A5,1,63,,,,,0,,,,,,,,,,,,,,,,,,,,,,,,,,,,,,,,,,,,,,
,VB-MT2-P24,Vismia baccifera,February 12 2026,March 4 2025,,0,XP220-PLR,A,6,A6,1,,32,0.2,2,,0.2,,,,,,,,,,,,,,,,,,,,,,,,,,,,,,,,,,,,,,
,PA-MT3-P10,Piper aduncum,April 16 2025,March 4 2025,,0,XP220-PLR,A,7,A7,1,37,48,0.7,19,,0.7,,,,,,,,,,,,,,,,,,,,,,,,,,,,,,,,,,,,,,
,CH-MT4-P57,Cecropia hispidissima,September 16 2025,March 4 2025,,0,XP220-PLR,A,8,A8,1,56,58,0.6,3,,0.6,,,,,,,,,,,,,,,,,,,,,,,,,,,,,,,,,,,,,,
,CP-MT2-P52,Carapa guianensis,May 27 2025,March 4 2025,,0,XP220-PLR,A,9,A9,1,47.5,52,1.4,5,,1.4,16,,,,,,,,,,,,,,,,,,,,,,,,,,,,,,,,,,,,,
,IS-MT2-P71,Inga silanchensis,April 16 2025,March 4 2025,,0,XP220-PLR,A,10,A10,1,25,21,0.4,4,,0.4,7,,,,,,,,,,,,,,,,,,,,,,,,,,,,,,,,,,,,,
,MC-MT1-P79,Miconia conocuatrecasasii,September 16 2025,March 4 2025,,0,XP220-PLR,A,11,A11,1,27,28,0.7,7,,0.7,,,,,,,,,,,,,,,,,,,,,,,,,,,,,,,,,,,,,,
,BS-MT1-P23,Bactris setulosa,September 16 2025,March 4 2025,,0,XP220-PLR,A,12,A12,1,27,8,1.1,3,,1.1,,,,,,,,,,,,,,,,,,,,,,,,,,,,,,,,,,,,,,
,BG-MT4-P11,Banara guianensis,September 16 2025,March 4 2025,,0,XP220-PLR,A,14,A14,1,68,63,0.4,12,,0.4,,,,,,,,,,,,,,,,,,,,,,,,,,,,,,,,,,,,,,
,DC-MT4-P36,Dacryodes cupularis,September 16 2025,March 4 2025,,0,XP220-PLR,A,15,A15,1,24,27,1.7,3,,1.7,8,,,,,,,,,,,,,,,,,,,,,,,,,,,,,,,,,,,,,
,PG-MT4-P72,Pouruma guianensis,February 12 2026,March 4 2025,,0,XP220-PLR,A,16,A16,1,,24,0.4,5,,0.4,,,,,,,,,,,,,,,,,,,,,,,,,,,,,,,,,,,,,,
,BS-MT6-P34,Bactris setulosa,September 16 2025,March 4 2025,,0,XP220-PLR,B,1,B1,1,20,20,1,3,,1,,,,,,,,,,,,,,,,,,,,,,,,,,,,,,,,,,,,,,
,OP-MT2-P75,Ochroma pyramidale,April 16 2025,March 4 2025,March 4 2025,1,XP220-PLR,B,2,B2,1,47,,,,,0,,,,,,,,,,,,,,,,,,,,,,,,,,,,,,,,,,,,,,
,CH-MT4-P79,Cecropia hispidissima,September 16 2025,March 4 2025,,0,XP220-PLR,B,3,B3,1,51,44,0.4,3,,0.4,,,,,,,,,,,,,,,,,,,,,,,,,,,,,,,,,,,,,,
,PG-MT1-P60,Pouruma guianensis,February 12 2026,March 4 2025,,0,XP220-PLR,B,5,B5,1,,27,0.5,5,,0.5,,,,,,,,,,,,,,,,,,,,,,,,,,,,,,,,,,,,,,
,IS-MT5-P16,Inga silanchensis,April 16 2025,March 4 2025,,0,XP220-PLR,B,6,B6,1,21,28,0.4,4,,0.4,6,,,,,,,,,,,,,,,,,,,,,,,,,,,,,,,,,,,,,
,BP-MT2-P47,Bauhinia pichinchensis,February 12 2026,March 4 2025,,0,XP220-PLR,B,8,B8,1,,10,0.2,0,,0.2,,,,,,,,,,,,,,,,,,,,,,,,,,,,,,,,,,,,,,
,VB-MT2-P43,Vismia baccifera,February 12 2026,March 4 2025,,0,XP220-PLR,B,9,B9,1,,33,0.3,2,,0.3,,,,,,,,,,,,,,,,,,,,,,,,,,,,,,,,,,,,,,
,DC-MT2-P53,Dacryodes cupularis,February 12 2026,March 4 2025,,0,XP220-PLR,B,10,B10,1,,24,1,3,,1,7,,,,,,,,,,,,,,,,,,,,,,,,,,,,,,,,,,,,,
,BU-MT5-P44,Brosimum utile,September 16 2025,March 4 2025,,0,XP220-PLR,B,11,B11,1,35,30,0.3,3,,0.3,,,,,,,,,,,,,,,,,,,,,,,,,,,,,,,,,,,,,,
,AE-MT3-P32,Annona edulis,February 12 2026,March 4 2025,,0,XP220-PLR,B,13,B13,1,,45,0.5,6,,0.5,,,,,,,,,,,,,,,,,,,,,,,,,,,,,,,,,,,,,,
,BG-MT2-P19,Banara guianensis,September 16 2025,March 4 2025,,0,XP220-PLR,B,14,B14,1,59,48,0.4,14,,0.4,,,,,,,,,,,,,,,,,,,,,,,,,,,,,,,,,,,,,,
,CP-MT5-P60,Carapa guianensis,September 16 2025,March 4 2025,,0,XP220-PLR,B,16,B16,1,58,60,2,1,,2,6,,,,,,,,,,,,,,,,,,,,,,,,,,,,,,,,,,,,,
,CP-MT3-P30,Carapa guianensis,May 27 2025,March 4 2025,,0,XP220-PLR,C,1,C1,1,41,39,1.2,3,,1.2,10,,,,,,,,,,,,,,,,,,,,,,,,,,,,,,,,,,,,,
,CH-MT4-P46,Cecropia hispidissima,September 16 2025,March 4 2025,,0,XP220-PLR,C,2,C2,1,46,46,0.3,2,,0.3,,,,,,,,,,,,,,,,,,,,,,,,,,,,,,,,,,,,,,
,BP-MT4-P41,Bauhinia pichinchensis,February 12 2026,March 4 2025,,0,XP220-PLR,C,4,C4,1,,25,0.4,3,,0.4,,,,,,,,,,,,,,,,,,,,,,,,,,,,,,,,,,,,,,
,OP-MT8-P11,Ochroma pyramidale,May 27 2025,March 4 2025,March 4 2025,1,XP220-PLR,C,5,C5,1,82,,,,,0,,,,,,,,,,,,,,,,,,,,,,,,,,,,,,,,,,,,,,
,IS-MT1-P40,Inga silanchensis,May 27 2025,March 4 2025,,0,XP220-PLR,C,6,C6,1,15,20,0.5,4,,0.5,7,,,,,,,,,,,,,,,,,,,,,,,,,,,,,,,,,,,,,
,DC-MT5-P80,Dacryodes cupularis,September 16 2025,March 4 2025,March 4 2025,1,XP220-PLR,C,9,C9,1,10,,,,,0,,,,,,,,,,,,,,,,,,,,,,,,,,,,,,,,,,,,,,
,VB-MT3-P67,Vismia baccifera,February 12 2026,March 4 2025,,0,XP220-PLR,C,10,C10,1,,34,0.3,4,,0.3,,,,,,,,,,,,,,,,,,,,,,,,,,,,,,,,,,,,,,
,PG-MT3-P54,Pouruma guianensis,February 12 2026,March 4 2025,,0,XP220-PLR,C,11,C11,1,,15,0.3,3,,0.3,,,,,,,,,,,,,,,,,,,,,,,,,,,,,,,,,,,,,,
,BG-MT5-P26,Banara guianensis,September 16 2025,March 4 2025,,0,XP220-PLR,C,14,C14,1,26,31,0.4,22,,0.4,,,,,,,,,,,,,,,,,,,,,,,,,,,,,,,,,,,,,,
,AE-MT2-P68,Annona edulis,February 12 2026,March 4 2025,,0,XP220-PLR,C,15,C15,1,,37,0.5,7,,0.5,,,,,,,,,,,,,,,,,,,,,,,,,,,,,,,,,,,,,,
,BU-MT3-P40,Brosimum utile,September 16 2025,March 4 2025,,0,XP220-PLR,C,16,C16,1,37,34,0.5,3,,0.5,,,,,,,,,,,,,,,,,,,,,,,,,,,,,,,,,,,,,,
,PG-MT2-P72,Pouruma guianensis,February 12 2026,March 4 2025,,0,XP220-PLR,A,1,A1,2,,14,0.2,5,,0.2,,,,,,,,,,,,,,,,,,,,,,,,,,,,,,,,,,,,,,
,OP-MT8-P20,Ochroma pyramidale,May 27 2025,March 4 2025,March 4 2025,1,XP220-PLR,A,2,A2,2,80,,,,,0,,,,,,,,,,,,,,,,,,,,,,,,,,,,,,,,,,,,,,
,VB-MT2-P59,Vismia baccifera,February 12 2026,March 4 2025,,0,XP220-PLR,A,3,A3,2,,15,0.3,3,,0.3,,,,,,,,,,,,,,,,,,,,,,,,,,,,,,,,,,,,,,
,CH-MT2-P17,Cecropia hispidissima,September 16 2025,March 4 2025,,0,XP220-PLR,A,4,A4,2,35,34,0.6,5,,0.6,,,,,,,,,,,,,,,,,,,,,,,,,,,,,,,,,,,,,,
,AE-MT5-P27,Annona edulis,February 12 2026,March 4 2025,,0,XP220-PLR,A,5,A5,2,,34,0.4,6,,0.4,,,,,,,,,,,,,,,,,,,,,,,,,,,,,,,,,,,,,,
,PA-MT3-P54,Piper aduncum,April 16 2025,March 4 2025,,0,XP220-PLR,A,6,A6,2,19,7,0.1,3,,0.1,,,,,,,,,,,,,,,,,,,,,,,,,,,,,,,,,,,,,,
,IS-MT3-P43,Inga silanchensis,April 16 2025,March 4 2025,,0,XP220-PLR,A,7,A7,2,24,18,0.5,3,,0.5,4,,,,,,,,,,,,,,,,,,,,,,,,,,,,,,,,,,,,,
,EA-MT4-P74,Ecuadendron acosta-solisianum,May 27 2025,March 4 2025,,0,XP220-PLR,A,8,A8,2,50,45,1.2,7,,1.2,19,,,,,,,,,,,,,,,,,,,,,,,,,,,,,,,,,,,,,
,BP-MT1-P5,Bauhinia pichinchensis,February 12 2026,March 4 2025,,0,XP220-PLR,A,10,A10,2,,20,0.3,1,,0.3,,,,,,,,,,,,,,,,,,,,,,,,,,,,,,,,,,,,,,
,CP-MT3-P49,Carapa guianensis,May 27 2025,March 4 2025,,0,XP220-PLR,A,12,A12,2,51,47,1.3,3,,1.3,15,,,,,,,,,,,,,,,,,,,,,,,,,,,,,,,,,,,,,
,BU-MT4-P68,Brosimum utile,September 16 2025,March 4 2025,,0,XP220-PLR,A,13,A13,2,40,37,0.5,4,,0.5,,,,,,,,,,,,,,,,,,,,,,,,,,,,,,,,,,,,,,
,MC-MT3-P7,Miconia conocuatrecasasii,September 16 2025,March 4 2025,March 4 2025,1,XP220-PLR,A,14,A14,2,20,,,,,0,,,,,,,,,,,,,,,,,,,,,,,,,,,,,,,,,,,,,,
,BG-MT2-P72,Banara guianensis,September 16 2025,March 4 2025,March 4 2025,1,XP220-PLR,A,16,A16,2,49,,,,,0,,,,,,,,,,,,,,,,,,,,,,,,,,,,,,,,,,,,,,
,EA-MT2-P44,Ecuadendron acosta-solisianum,February 12 2026,March 4 2025,,0,XP220-PLR,B,1,B1,2,,24,0.6,2,,0.6,2,,,,,,,,,,,,,,,,,,,,,,,,,,,,,,,,,,,,,
,BU-MT4-P1,Brosimum utile,September 16 2025,March 4 2025,,0,XP220-PLR,B,2,B2,2,37,41,0.6,6,,0.6,,,,,,,,,,,,,,,,,,,,,,,,,,,,,,,,,,,,,,
,MC-MT1-P76,Miconia conocuatrecasasii,September 16 2025,March 4 2025,,0,XP220-PLR,B,3,B3,2,20,5,0.1,4,,0.1,,,,,,,,,,,,,,,,,,,,,,,,,,,,,,,,,,,,,,
,PG-MT1-P69,Pouruma guianensis,February 12 2026,March 4 2025,,0,XP220-PLR,B,4,B4,2,,30,0.3,2,,0.3,,,,,,,,,,,,,,,,,,,,,,,,,,,,,,,,,,,,,,
,PA-MT7-P30,Piper aduncum,September 16 2025,March 4 2025,,0,XP220-PLR,B,5,B5,2,36,40,0.6,12,,0.6,,,,,,,,,,,,,,,,,,,,,,,,,,,,,,,,,,,,,,
,CH-MT5-P4,Cecropia hispidissima,September 16 2025,March 4 2025,,0,XP220-PLR,B,6,B6,2,44,40,0.6,5,,0.6,,,,,,,,,,,,,,,,,,,,,,,,,,,,,,,,,,,,,,
,OP-MT6-P43,Ochroma pyramidale,May 27 2025,March 4 2025,,0,XP220-PLR,B,8,B8,2,87,,,,,0,,,,,,,,,,,,,,,,,,,,,,,,,,,,,,,,,,,,,,
,VB-MT2-P61,Vismia baccifera,February 12 2026,March 4 2025,,0,XP220-PLR,B,9,B9,2,,16,0.2,2,,0.2,,,,,,,,,,,,,,,,,,,,,,,,,,,,,,,,,,,,,,
,BP-MT1-P58,Bauhinia pichinchensis,February 12 2026,March 4 2025,,0,XP220-PLR,B,10,B10,2,,18,0.1,1,,0.1,,,,,,,,,,,,,,,,,,,,,,,,,,,,,,,,,,,,,,
,BG-MT3-P3,Banara guianensis,September 16 2025,March 4 2025,March 4 2025,1,XP220-PLR,B,11,B11,2,62,,,,,0,,,,,,,,,,,,,,,,,,,,,,,,,,,,,,,,,,,,,,
,DC-MT5-P6,Dacryodes cupularis,September 16 2025,March 4 2025,,0,XP220-PLR,B,13,B13,2,24,28,0.5,3,,0.5,2,,,,,,,,,,,,,,,,,,,,,,,,,,,,,,,,,,,,,
,CP-MT1-P7,Carapa guianensis,September 16 2025,March 4 2025,,0,XP220-PLR,B,15,B15,2,38,38,1,2,,1,7,,,,,,,,,,,,,,,,,,,,,,,,,,,,,,,,,,,,,
,AE-MT5-P28,Annona edulis,February 12 2026,March 4 2025,,0,XP220-PLR,B,16,B16,2,,28,0.3,4,,0.3,,,,,,,,,,,,,,,,,,,,,,,,,,,,,,,,,,,,,,
,BU-MT5-P22,Brosimum utile,September 16 2025,March 4 2025,,0,XP220-PLR,C,2,C2,2,30,22,0.3,4,,0.3,,,,,,,,,,,,,,,,,,,,,,,,,,,,,,,,,,,,,,
,CH-MT1-P2,Cecropia hispidissima,May 27 2025,March 4 2025,March 4 2025,1,XP220-PLR,C,3,C3,2,13,,,,,0,,,,,,,,,,,,,,,,,,,,,,,,,,,,,,,,,,,,,,
,BP-MT5-P46,Bauhinia pichinchensis,February 12 2026,March 4 2025,,0,XP220-PLR,C,4,C4,2,,19,0.2,1,,0.2,,,,,,,,,,,,,,,,,,,,,,,,,,,,,,,,,,,,,,
,PA-MT6-P9,Piper aduncum,May 27 2025,March 4 2025,,0,XP220-PLR,C,8,C8,2,19,43,0.6,7,,0.6,,,,,,,,,,,,,,,,,,,,,,,,,,,,,,,,,,,,,,
,CP-MT4-P34,Carapa guianensis,May 27 2025,March 4 2025,,0,XP220-PLR,C,9,C9,2,59,64,1.5,3,,1.5,11,,,,,,,,,,,,,,,,,,,,,,,,,,,,,,,,,,,,,
,DC-MT1-P30,Dacryodes cupularis,September 16 2025,March 4 2025,,0,XP220-PLR,C,10,C10,2,30,20,0.6,4,,0.6,9,,,,,,,,,,,,,,,,,,,,,,,,,,,,,,,,,,,,,
,AE-MT2-P15,Annona edulis,February 12 2026,March 4 2025,,0,XP220-PLR,C,13,C13,2,,55,0.3,8,,0.3,,,,,,,,,,,,,,,,,,,,,,,,,,,,,,,,,,,,,,
,VB-MT4-P45,Vismia baccifera,February 12 2026,March 4 2025,,0,XP220-PLR,C,14,C14,2,,34,0.5,2,,0.5,,,,,,,,,,,,,,,,,,,,,,,,,,,,,,,,,,,,,,
,BG-MT5-P52,Banara guianensis,September 16 2025,March 4 2025,,0,XP220-PLR,C,15,C15,2,54,61,0.5,21,,0.5,,,,,,,,,,,,,,,,,,,,,,,,,,,,,,,,,,,,,,
,PG-MT3-P49,Pouruma guianensis,February 12 2026,March 4 2025,,0,XP220-PLR,C,16,C16,2,,15,0.3,4,,0.3,,,,,,,,,,,,,,,,,,,,,,,,,,,,,,,,,,,,,,
,BU-MT1-P8,Brosimum utile,May 27 2025,March 4 2025,,0,XP220-PLR,A,1,A1,3,19,25,0.4,5,,0.4,,,,,,,,,,,,,,,,,,,,,,,,,,,,,,,,,,,,,,
,EA-MT1-P92,Ecuadendron acosta-solisianum,February 12 2026,March 4 2025,,0,XP220-PLR,A,2,A2,3,,66,1.1,6,,1.1,18,,,,,,,,,,,,,,,,,,,,,,,,,,,,,,,,,,,,,
,BS-MT7-P19,Bactris setulosa,September 16 2025,March 4 2025,,0,XP220-PLR,A,3,A3,3,19,12,0.7,4,,0.7,,,,,,,,,,,,,,,,,,,,,,,,,,,,,,,,,,,,,,
,BP-MT3-P15,Bauhinia pichinchensis,February 12 2026,March 4 2025,,0,XP220-PLR,A,4,A4,3,,25,0.3,3,,0.3,,,,,,,,,,,,,,,,,,,,,,,,,,,,,,,,,,,,,,
,MC-MT2-P39,Miconia conocuatrecasasii,September 16 2025,March 4 2025,,0,XP220-PLR,A,6,A6,3,14,14,0.2,5,,0.2,,,,,,,,,,,,,,,,,,,,,,,,,,,,,,,,,,,,,,
,AE-MT1-P57,Annona edulis,February 12 2026,March 4 2025,,0,XP220-PLR,A,7,A7,3,,43,0.4,5,,0.4,,,,,,,,,,,,,,,,,,,,,,,,,,,,,,,,,,,,,,
,PA-MT7-P4,Piper aduncum,September 16 2025,March 4 2025,,0,XP220-PLR,A,8,A8,3,33,48,0.8,9,,0.8,,,,,,,,,,,,,,,,,,,,,,,,,,,,,,,,,,,,,,
,OP-MT2-P17,Ochroma pyramidale,April 16 2025,March 4 2025,March 4 2025,1,XP220-PLR,A,9,A9,3,49,,,,,0,,,,,,,,,,,,,,,,,,,,,,,,,,,,,,,,,,,,,,
,IS-MT3-P17,Inga silanchensis,April 16 2025,March 4 2025,,0,XP220-PLR,A,10,A10,3,23,19,0.4,2,,0.4,5,,,,,,,,,,,,,,,,,,,,,,,,,,,,,,,,,,,,,
,VB-MT4-P25,Vismia baccifera,February 12 2026,March 4 2025,,0,XP220-PLR,A,11,A11,3,,39,0.3,2,,0.3,,,,,,,,,,,,,,,,,,,,,,,,,,,,,,,,,,,,,,
,CP-MT5-P68,Carapa guianensis,September 16 2025,March 4 2025,,0,XP220-PLR,A,12,A12,3,37,31,1,4,,1,10,,,,,,,,,,,,,,,,,,,,,,,,,,,,,,,,,,,,,
,DC-MT1-P64,Dacryodes cupularis,September 16 2025,March 4 2025,March 4 2025,1,XP220-PLR,A,13,A13,3,7,,,,,0,,,,,,,,,,,,,,,,,,,,,,,,,,,,,,,,,,,,,,
,CH-MT3-P73,Cecropia hispidissima,September 16 2025,March 4 2025,,0,XP220-PLR,A,14,A14,3,43,44,0.4,4,,0.4,,,,,,,,,,,,,,,,,,,,,,,,,,,,,,,,,,,,,,
,BG-MT3-P33,Banara guianensis,September 16 2025,March 4 2025,,0,XP220-PLR,A,15,A15,3,32,30,0.5,30,,0.5,,,,,,,,,,,,,,,,,,,,,,,,,,,,,,,,,,,,,,
,PG-MT1-P73,Pouruma guianensis,February 12 2026,March 4 2025,,0,XP220-PLR,A,16,A16,3,,42,0.4,2,,0.4,,,,,,,,,,,,,,,,,,,,,,,,,,,,,,,,,,,,,,
,BG-MT1-P2,Banara guianensis,September 16 2025,March 4 2025,March 4 2025,1,XP220-PLR,B,1,B1,3,58,,,,,0,,,,,,,,,,,,,,,,,,,,,,,,,,,,,,,,,,,,,,
,BU-MT2-P17,Brosimum utile,September 16 2025,March 4 2025,,0,XP220-PLR,B,2,B2,3,41,43,0.6,6,,0.6,,,,,,,,,,,,,,,,,,,,,,,,,,,,,,,,,,,,,,
,OP-MT7-P30,Ochroma pyramidale,May 27 2025,March 4 2025,,0,XP220-PLR,B,3,B3,3,77,84,0.8,0,,0.8,,,,,,,,,,,,,,,,,,,,,,,,,,,,,,,,,,,,,,
,BP-MT1-P16,Bauhinia pichinchensis,February 12 2026,March 4 2025,,0,XP220-PLR,B,4,B4,3,,30,0.4,2,,0.4,,,,,,,,,,,,,,,,,,,,,,,,,,,,,,,,,,,,,,
,CP-MT4-P56,Carapa guianensis,May 27 2025,March 4 2025,,0,XP220-PLR,B,5,B5,3,55,55,1.3,4,,1.3,14,,,,,,,,,,,,,,,,,,,,,,,,,,,,,,,,,,,,,
,DC-MT3-P76,Dacryodes cupularis,September 16 2025,March 4 2025,,0,XP220-PLR,B,6,B6,3,31,23,0.6,3,,0.6,,,,,,,,,,,,,,,,,,,,,,,,,,,,,,,,,,,,,,
,VB-MT5-P18,Vismia baccifera,February 12 2026,March 4 2025,,0,XP220-PLR,B,7,B7,3,,40,0.4,5,,0.4,,,,,,,,,,,,,,,,,,,,,,,,,,,,,,,,,,,,,,
,PG-MT5-P4,Pouruma guianensis,February 12 2026,March 4 2025,,0,XP220-PLR,B,9,B9,3,,25,0.4,5,,0.4,,,,,,,,,,,,,,,,,,,,,,,,,,,,,,,,,,,,,,
,EA-MT1-P80,Ecuadendron acosta-solisianum,February 12 2026,March 4 2025,,0,XP220-PLR,B,10,B10,3,,22,0.8,4,,0.8,12,,,,,,,,,,,,,,,,,,,,,,,,,,,,,,,,,,,,,
,IS-MT2-P19,Inga silanchensis,April 16 2025,March 4 2025,,0,XP220-PLR,B,12,B12,3,19,30,0.7,4,,0.7,9,,,,,,,,,,,,,,,,,,,,,,,,,,,,,,,,,,,,,
,AE-MT4-P38,Annona edulis,February 12 2026,March 4 2025,,0,XP220-PLR,B,14,B14,3,,38,0.4,6,,0.4,,,,,,,,,,,,,,,,,,,,,,,,,,,,,,,,,,,,,,
,CH-MT3-P74,Cecropia hispidissima,September 16 2025,March 4 2025,,0,XP220-PLR,B,15,B15,3,45,45,0.4,2,,0.4,,,,,,,,,,,,,,,,,,,,,,,,,,,,,,,,,,,,,,
,MC-MT3-P9,Miconia conocuatrecasasii,September 16 2025,March 4 2025,,0,XP220-PLR,B,16,B16,3,18,20,0.4,4,,0.4,,,,,,,,,,,,,,,,,,,,,,,,,,,,,,,,,,,,,,
,BP-MT2-P16,Bauhinia pichinchensis,February 12 2026,March 4 2025,,0,XP220-PLR,C,1,C1,3,,23,0.5,2,,0.5,,,,,,,,,,,,,,,,,,,,,,,,,,,,,,,,,,,,,,
,IS-MT5-P63,Inga silanchensis,April 16 2025,March 4 2025,,0,XP220-PLR,C,2,C2,3,21,33,0.6,5,,0.6,10,,,,,,,,,,,,,,,,,,,,,,,,,,,,,,,,,,,,,
,BU-MT3-P26,Brosimum utile,September 16 2025,March 4 2025,,0,XP220-PLR,C,4,C4,3,25,26,0.5,6,,0.5,,,,,,,,,,,,,,,,,,,,,,,,,,,,,,,,,,,,,,
,BG-MT1-P30,Banara guianensis,September 16 2025,March 4 2025,,0,XP220-PLR,C,5,C5,3,49,26,0.3,12,,0.3,,,,,,,,,,,,,,,,,,,,,,,,,,,,,,,,,,,,,,
,PG-MT5-P31,Pouruma guianensis,February 12 2026,March 4 2025,,0,XP220-PLR,C,6,C6,3,,21,0.3,4,,0.3,,,,,,,,,,,,,,,,,,,,,,,,,,,,,,,,,,,,,,
,DC-MT3-P68,Dacryodes cupularis,September 16 2025,March 4 2025,,0,XP220-PLR,C,8,C8,3,28,24,0.6,5,,0.6,16,,,,,,,,,,,,,,,,,,,,,,,,,,,,,,,,,,,,,
,PA-MT6-P101,Piper aduncum,February 12 2026,March 4 2025,,0,XP220-PLR,C,9,C9,3,,34,0.4,2,,0.4,,,,,,,,,,,,,,,,,,,,,,,,,,,,,,,,,,,,,,
,CH-MT5-P59,Cecropia hispidissima,September 16 2025,March 4 2025,,0,XP220-PLR,C,10,C10,3,51,57,0.6,3,,0.6,,,,,,,,,,,,,,,,,,,,,,,,,,,,,,,,,,,,,,
,MC-MT2-P64,Miconia conocuatrecasasii,September 16 2025,March 4 2025,,0,XP220-PLR,C,11,C11,3,18,20,0.5,7,,0.5,,,,,,,,,,,,,,,,,,,,,,,,,,,,,,,,,,,,,,
,BS-MT5-P8,Bactris setulosa,September 16 2025,March 4 2025,,0,XP220-PLR,C,13,C13,3,30,16,1.1,3,,1.1,,,,,,,,,,,,,,,,,,,,,,,,,,,,,,,,,,,,,,
,VB-MT1-P14,Vismia baccifera,September 16 2025,March 4 2025,,0,XP220-PLR,C,14,C14,3,47,54,0.5,20,,0.5,,,,,,,,,,,,,,,,,,,,,,,,,,,,,,,,,,,,,,
,CP-MT5-P8,Carapa guianensis,September 16 2025,March 4 2025,,0,XP220-PLR,C,15,C15,3,66,49,1.3,3,,1.3,20,,,,,,,,,,,,,,,,,,,,,,,,,,,,,,,,,,,,,
,AE-MT3-P12,Annona edulis,February 12 2026,March 4 2025,,0,XP220-PLR,C,16,C16,3,,48,0.5,9,,0.5,,,,,,,,,,,,,,,,,,,,,,,,,,,,,,,,,,,,,,
,BU-MT4-P33,Brosimum utile,September 16 2025,March 4 2025,,0,XP220-PLR,A,2,A2,4,28,18,0.3,3,,0.3,,,,,,,,,,,,,,,,,,,,,,,,,,,,,,,,,,,,,,
,DC-MT3-P66,Dacryodes cupularis,February 12 2026,March 4 2025,,0,XP220-PLR,A,3,A3,4,,30,0.4,2,,0.4,,,,,,,,,,,,,,,,,,,,,,,,,,,,,,,,,,,,,,
,BG-MT3-P44,Banara guianensis,September 16 2025,March 4 2025,,0,XP220-PLR,A,4,A4,4,68,39,0.5,10,,0.5,,,,,,,,,,,,,,,,,,,,,,,,,,,,,,,,,,,,,,
,CP-MT5-P39,Carapa guianensis,September 16 2025,March 4 2025,,0,XP220-PLR,A,5,A5,4,70,72,1.3,5,,1.3,19,,,,,,,,,,,,,,,,,,,,,,,,,,,,,,,,,,,,,
,BP-MT4-P21,Bauhinia pichinchensis,February 12 2026,March 4 2025,,0,XP220-PLR,A,6,A6,4,,30,0.4,2,,0.4,,,,,,,,,,,,,,,,,,,,,,,,,,,,,,,,,,,,,,
,IS-MT1-P24,Inga silanchensis,May 27 2025,March 4 2025,,0,XP220-PLR,A,7,A7,4,22.5,31,0.7,4,,0.7,13,,,,,,,,,,,,,,,,,,,,,,,,,,,,,,,,,,,,,
,OP-MT9-P6,Ochroma pyramidale,April 16 2025,March 4 2025,March 4 2025,1,XP220-PLR,A,8,A8,4,63,,,,,0,,,,,,,,,,,,,,,,,,,,,,,,,,,,,,,,,,,,,,
,AE-MT1-P14,Annona edulis,February 12 2026,March 4 2025,,0,XP220-PLR,A,9,A9,4,,43,0.4,6,,0.4,,,,,,,,,,,,,,,,,,,,,,,,,,,,,,,,,,,,,,
,PG-MT3-P47,Pouruma guianensis,February 12 2026,March 4 2025,,0,XP220-PLR,A,11,A11,4,,21,0.4,4,,0.4,,,,,,,,,,,,,,,,,,,,,,,,,,,,,,,,,,,,,,
,VB-MT5-P7,Vismia baccifera,February 12 2026,March 4 2025,,0,XP220-PLR,A,13,A13,4,,27,0.3,4,,0.3,,,,,,,,,,,,,,,,,,,,,,,,,,,,,,,,,,,,,,
,CH-MT5-P33,Cecropia hispidissima,September 16 2025,March 4 2025,,0,XP220-PLR,A,14,A14,4,57,54,0.6,4,,0.6,,,,,,,,,,,,,,,,,,,,,,,,,,,,,,,,,,,,,,
,BS-MT5-P26,Bactris setulosa,September 16 2025,March 4 2025,,0,XP220-PLR,A,15,A15,4,36,12,0.5,2,,0.5,,,,,,,,,,,,,,,,,,,,,,,,,,,,,,,,,,,,,,
,MC-MT1-P67,Miconia conocuatrecasasii,September 16 2025,March 4 2025,,0,XP220-PLR,B,1,B1,4,26,24,0.4,3,,0.4,,,,,,,,,,,,,,,,,,,,,,,,,,,,,,,,,,,,,,
,BP-MT3-P44,Bauhinia pichinchensis,February 12 2026,March 4 2025,,0,XP220-PLR,B,3,B3,4,,20,0.4,1,,0.4,,,,,,,,,,,,,,,,,,,,,,,,,,,,,,,,,,,,,,
,CP-MT2-P19,Carapa guianensis,May 27 2025,March 4 2025,,0,XP220-PLR,B,4,B4,4,50,51,1.2,5,,1.2,30,,,,,,,,,,,,,,,,,,,,,,,,,,,,,,,,,,,,,
,OP-MT7-P46,Ochroma pyramidale,May 27 2025,March 4 2025,,0,XP220-PLR,B,5,B5,4,56,74,1,6,,1,,,,,,,,,,,,,,,,,,,,,,,,,,,,,,,,,,,,,,
,IS-MT4-P53,Inga silanchensis,May 27 2025,March 4 2025,,0,XP220-PLR,B,6,B6,4,16.5,31,0.6,4,,0.6,7,,,,,,,,,,,,,,,,,,,,,,,,,,,,,,,,,,,,,
,BG-MT1-P27,Banara guianensis,September 16 2025,March 4 2025,,0,XP220-PLR,B,7,B7,4,58,51,0.4,12,,0.4,,,,,,,,,,,,,,,,,,,,,,,,,,,,,,,,,,,,,,
,PA-MT6-P42,Piper aduncum,May 27 2025,March 4 2025,,0,XP220-PLR,B,8,B8,4,17,33,0.5,9,,0.5,,,,,,,,,,,,,,,,,,,,,,,,,,,,,,,,,,,,,,
,EA-MT2-P10,Ecuadendron acosta-solisianum,May 27 2025,March 4 2025,,0,XP220-PLR,B,9,B9,4,40,41,0.8,9,,0.8,18,,,,,,,,,,,,,,,,,,,,,,,,,,,,,,,,,,,,,
,AE-MT2-P56,Annona edulis,February 12 2026,March 4 2025,,0,XP220-PLR,B,10,B10,4,,37,0.4,6,,0.4,,,,,,,,,,,,,,,,,,,,,,,,,,,,,,,,,,,,,,
,CH-MT1-P41,Cecropia hispidissima,May 27 2025,March 4 2025,,0,XP220-PLR,B,11,B11,4,23,22,0.4,5,,0.4,,,,,,,,,,,,,,,,,,,,,,,,,,,,,,,,,,,,,,
,DC-MT4-P62,Dacryodes cupularis,September 16 2025,March 4 2025,,0,XP220-PLR,B,12,B12,4,22,20,0.5,3,,0.5,12,,,,,,,,,,,,,,,,,,,,,,,,,,,,,,,,,,,,,
,BU-MT3-P29,Brosimum utile,September 16 2025,March 4 2025,,0,XP220-PLR,B,14,B14,4,42,37,0.5,4,,0.5,,,,,,,,,,,,,,,,,,,,,,,,,,,,,,,,,,,,,,
,PG-MT2-P1,Pouruma guianensis,February 12 2026,March 4 2025,,0,XP220-PLR,B,15,B15,4,,16,0.5,3,,0.5,,,,,,,,,,,,,,,,,,,,,,,,,,,,,,,,,,,,,,
,VB-MT5-P61,Vismia baccifera,February 12 2026,March 4 2025,,0,XP220-PLR,B,16,B16,4,,47,0.4,13,,0.4,,,,,,,,,,,,,,,,,,,,,,,,,,,,,,,,,,,,,,
,CH-MT2-P9,Cecropia hispidissima,September 16 2025,March 4 2025,,0,XP220-PLR,C,1,C1,4,26,26,0.4,1,,0.4,,,,,,,,,,,,,,,,,,,,,,,,,,,,,,,,,,,,,,
,IS-MT4-P24,Inga silanchensis,May 27 2025,March 4 2025,,0,XP220-PLR,C,4,C4,4,26.5,24,0.7,4,,0.7,9,,,,,,,,,,,,,,,,,,,,,,,,,,,,,,,,,,,,,
,BP-MT4-P43,Bauhinia pichinchensis,February 12 2026,March 4 2025,,0,XP220-PLR,C,5,C5,4,,27,0.5,3,,0.5,,,,,,,,,,,,,,,,,,,,,,,,,,,,,,,,,,,,,,
,VB-MT1-P13,Vismia baccifera,September 16 2025,March 4 2025,March 4 2025,1,XP220-PLR,C,6,C6,4,42,,,,,0,,,,,,,,,,,,,,,,,,,,,,,,,,,,,,,,,,,,,,
,OP-MT6-P28,Ochroma pyramidale,May 27 2025,March 4 2025,March 4 2025,1,XP220-PLR,C,7,C7,4,67,,,,,0,,,,,,,,,,,,,,,,,,,,,,,,,,,,,,,,,,,,,,
,MC-MT2-P49,Miconia conocuatrecasasii,September 16 2025,March 4 2025,,0,XP220-PLR,C,8,C8,4,22,25,0.5,3,,0.5,,,,,,,,,,,,,,,,,,,,,,,,,,,,,,,,,,,,,,
,BU-MT2-P28,Brosimum utile,September 16 2025,March 4 2025,,0,XP220-PLR,C,9,C9,4,36,37,0.6,5,,0.6,,,,,,,,,,,,,,,,,,,,,,,,,,,,,,,,,,,,,,
,PG-MT2-P71,Pouruma guianensis,February 12 2026,March 4 2025,,0,XP220-PLR,C,11,C11,4,,23,0.4,6,,0.4,,,,,,,,,,,,,,,,,,,,,,,,,,,,,,,,,,,,,,
,BG-MT4-P5,Banara guianensis,September 16 2025,March 4 2025,,0,XP220-PLR,C,12,C12,4,59,59,0.5,27,,0.5,,,,,,,,,,,,,,,,,,,,,,,,,,,,,,,,,,,,,,
,AE-MT3-P64,Annona edulis,February 12 2026,March 4 2025,,0,XP220-PLR,C,13,C13,4,,41,0.4,8,,0.4,,,,,,,,,,,,,,,,,,,,,,,,,,,,,,,,,,,,,,
,DC-MT2-P18,Dacryodes cupularis,September 16 2025,March 4 2025,,0,XP220-PLR,C,14,C14,4,32,23,0.5,2,,0.5,8,,,,,,,,,,,,,,,,,,,,,,,,,,,,,,,,,,,,,
,CP-MT1-P13,Carapa guianensis,September 16 2025,March 4 2025,,0,XP220-PLR,C,16,C16,4,60,60,1.1,3,,1.1,12,,,,,,,,,,,,,,,,,,,,,,,,,,,,,,,,,,,,,
,EA-MT2-P32,Ecuadendron acosta-solisianum,February 12 2026,March 4 2025,,0,XP220-PLR,A,2,A2,5,,92,1.5,6,,1.5,12,,,,,,,,,,,,,,,,,,,,,,,,,,,,,,,,,,,,,
,AE-MT3-P44,Annona edulis,February 12 2026,March 4 2025,,0,XP220-PLR,A,3,A3,5,,31,0.5,2,,0.5,,,,,,,,,,,,,,,,,,,,,,,,,,,,,,,,,,,,,,
,BP-MT4-P10,Bauhinia pichinchensis,February 12 2026,March 4 2025,,0,XP220-PLR,A,4,A4,5,,24,0.6,2,,0.6,,,,,,,,,,,,,,,,,,,,,,,,,,,,,,,,,,,,,,
,VB-MT3-P26,Vismia baccifera,February 12 2026,March 4 2025,,0,XP220-PLR,A,8,A8,5,,35,0.4,5,,0.4,,,,,,,,,,,,,,,,,,,,,,,,,,,,,,,,,,,,,,
,PG-MT5-P68,Pouruma guianensis,February 12 2026,March 4 2025,,0,XP220-PLR,A,10,A10,5,,19,0.3,4,,0.3,,,,,,,,,,,,,,,,,,,,,,,,,,,,,,,,,,,,,,
,CH-MT3-P6,Cecropia hispidissima,September 16 2025,March 4 2025,,0,XP220-PLR,A,11,A11,5,47,45,0.6,1,,0.6,,,,,,,,,,,,,,,,,,,,,,,,,,,,,,,,,,,,,,
,IS-MT3-P105,Inga silanchensis,February 12 2026,March 4 2025,,0,XP220-PLR,A,12,A12,5,,30,0.7,3,,0.7,8,,,,,,,,,,,,,,,,,,,,,,,,,,,,,,,,,,,,,
,BG-MT4-P79,Banara guianensis,September 16 2025,March 4 2025,,0,XP220-PLR,A,13,A13,5,62,69,0.5,23,,0.5,,,,,,,,,,,,,,,,,,,,,,,,,,,,,,,,,,,,,,
,DC-MT5-P2,Dacryodes cupularis,September 16 2025,March 4 2025,,0,XP220-PLR,A,16,A16,5,36,26,0.7,5,,0.7,12,,,,,,,,,,,,,,,,,,,,,,,,,,,,,,,,,,,,,
,VB-MT5-P30,Vismia baccifera,February 12 2026,March 4 2025,,0,XP220-PLR,B,1,B1,5,,38,0.4,5,,0.4,,,,,,,,,,,,,,,,,,,,,,,,,,,,,,,,,,,,,,
,AE-MT1-P34,Annona edulis,February 12 2026,March 4 2025,,0,XP220-PLR,B,2,B2,5,,35,0.6,13,,0.6,,,,,,,,,,,,,,,,,,,,,,,,,,,,,,,,,,,,,,
,DC-MT1-P56,Dacryodes cupularis,September 16 2025,March 4 2025,,0,XP220-PLR,B,3,B3,5,32,33,0.6,3,,0.6,13,,,,,,,,,,,,,,,,,,,,,,,,,,,,,,,,,,,,,
,BG-MT5-P68,Banara guianensis,September 16 2025,March 4 2025,,0,XP220-PLR,B,4,B4,5,36,62,0.5,5,,0.5,,,,,,,,,,,,,,,,,,,,,,,,,,,,,,,,,,,,,,
,CP-MT1-P8,Carapa guianensis,September 16 2025,March 4 2025,,0,XP220-PLR,B,6,B6,5,48,54,1.3,5,,1.3,22,,,,,,,,,,,,,,,,,,,,,,,,,,,,,,,,,,,,,
,BP-MT5-P47,Bauhinia pichinchensis,February 12 2026,March 4 2025,,0,XP220-PLR,B,10,B10,5,,15,0.3,0,,0.3,,,,,,,,,,,,,,,,,,,,,,,,,,,,,,,,,,,,,,
,PG-MT4-P59,Pouruma guianensis,February 12 2026,March 4 2025,,0,XP220-PLR,B,11,B11,5,,15,0.3,4,,0.3,,,,,,,,,,,,,,,,,,,,,,,,,,,,,,,,,,,,,,
,CH-MT4-P41,Cecropia hispidissima,September 16 2025,March 4 2025,,0,XP220-PLR,B,13,B13,5,47,49,0.6,4,,0.6,,,,,,,,,,,,,,,,,,,,,,,,,,,,,,,,,,,,,,
,VB-MT4-P42,Vismia baccifera,February 12 2026,March 4 2025,,0,XP220-PLR,C,1,C1,5,,21,0.3,7,,0.3,,,,,,,,,,,,,,,,,,,,,,,,,,,,,,,,,,,,,,
,AE-MT4-P73,Annona edulis,February 12 2026,March 4 2025,,0,XP220-PLR,C,3,C3,5,,25,0.5,8,,0.5,,,,,,,,,,,,,,,,,,,,,,,,,,,,,,,,,,,,,,
,EA-MT3-P48,Ecuadendron acosta-solisianum,February 12 2026,March 4 2025,,0,XP220-PLR,C,4,C4,5,,81,1.2,6,,1.2,10,,,,,,,,,,,,,,,,,,,,,,,,,,,,,,,,,,,,,
,BU-MT2-P19,Brosimum utile,September 16 2025,March 4 2025,,0,XP220-PLR,C,5,C5,5,46,37,0.7,4,,0.7,,,,,,,,,,,,,,,,,,,,,,,,,,,,,,,,,,,,,,
,BS-MT6-P92,Bactris setulosa,February 12 2026,March 4 2025,,0,XP220-PLR,C,7,C7,5,,18,1.4,3,,1.4,,,,,,,,,,,,,,,,,,,,,,,,,,,,,,,,,,,,,,
,BP-MT5-P35,Bauhinia pichinchensis,February 12 2026,March 4 2025,,0,XP220-PLR,C,11,C11,5,,20,0.3,1,,0.3,,,,,,,,,,,,,,,,,,,,,,,,,,,,,,,,,,,,,,
,DC-MT4-P67,Dacryodes cupularis,September 16 2025,March 4 2025,,0,XP220-PLR,C,14,C14,5,24,28,0.7,4,,0.7,16,,,,,,,,,,,,,,,,,,,,,,,,,,,,,,,,,,,,,
,BG-MT2-P44,Banara guianensis,September 16 2025,March 4 2025,,0,XP220-PLR,C,15,C15,5,62,77,0.5,14,,0.5,,,,,,,,,,,,,,,,,,,,,,,,,,,,,,,,,,,,,,
,PG-MT1-P48,Pouruma guianensis,February 12 2026,March 4 2025,,0,XP220-PLR,C,16,C16,5,,25,0.4,2,,0.4,,,,,,,,,,,,,,,,,,,,,,,,,,,,,,,,,,,,,,
,IS-MT5-P15,Inga silanchensis,April 16 2025,March 4 2026,,0,XP221-OG,A,1,A1,1,35,28,0.3,3,,0.3,,,,,,,,,,,,,,,,,,,,,,,,,,,,,,,,,,,,,,
,OP-MT7-P19,Ochroma pyramidale,May 27 2025,March 4 2026,March 4 2026,1,XP221-OG,A,3,A3,1,67,,,,,0,,,,,,,,,,,,,,,,,,,,,,,,,,,,,,,,,,,,,,
,CP-MT4-P11,Carapa guianensis,May 27 2025,March 4 2026,,0,XP221-OG,A,4,A4,1,28,25,1.1,3,,1.1,8,,,,,,,,,,,,,,,,,,,,,,,,,,,,,,,,,,,,,
,VB-MT3-P10,Vismia baccifera,February 12 2026,March 4 2026,,0,XP221-OG,A,5,A5,1,,49,0.4,2,,0.4,,,,,,,,,,,,,,,,,,,,,,,,,,,,,,,,,,,,,,
,MC-MT3-P35,Miconia conocuatrecasasii,September 15 2025,March 4 2026,March 4 2026,1,XP221-OG,A,6,A6,1,15,11,0.3,2,,0.3,,,,,,,,,,,,,,,,,,,,,,,,,,,,,,,,,,,,,,
,CH-MT2-P65,Cecropia hispidissima,September 15 2025,March 4 2026,,0,XP221-OG,A,7,A7,1,30,,,,,0,,,,,,,,,,,,,,,,,,,,,,,,,,,,,,,,,,,,,,
,BP-MT1-P39,Bauhinia pichinchensis,February 12 2026,March 4 2026,,0,XP221-OG,A,8,A8,1,,11,0.4,0,,0.4,,,,,,,,,,,,,,,,,,,,,,,,,,,,,,,,,,,,,,
,BG-MT1-P71,Banara guianensis,September 15 2025,March 4 2026,March 4 2026,1,XP221-OG,A,9,A9,1,65,,,,,0,,,,,,,,,,,,,,,,,,,,,,,,,,,,,,,,,,,,,,
,PA-MT6-P50,Piper aduncum,May 27 2025,March 4 2026,,0,XP221-OG,A,10,A10,1,20,23,0.5,5,,0.5,,,,,,,,,,,,,,,,,,,,,,,,,,,,,,,,,,,,,,
,PG-MT4-P52,Pouruma guianensis,February 12 2026,March 4 2026,,0,XP221-OG,A,12,A12,1,,19,0.2,3,,0.2,,,,,,,,,,,,,,,,,,,,,,,,,,,,,,,,,,,,,,
,BU-MT3-P27,Brosimum utile,September 15 2025,March 4 2026,,0,XP221-OG,A,13,A13,1,33,35,0.6,2,,0.6,,,,,,,,,,,,,,,,,,,,,,,,,,,,,,,,,,,,,,
,AE-MT2-P72,Annona edulis,February 12 2026,March 4 2026,,0,XP221-OG,A,14,A14,1,,39,1,5,,1,,,,,,,,,,,,,,,,,,,,,,,,,,,,,,,,,,,,,,
,DC-MT2-P43,Dacryodes cupularis,February 12 2026,March 4 2026,,0,XP221-OG,A,16,A16,1,,18,0.6,3,,0.6,6,,,,,,,,,,,,,,,,,,,,,,,,,,,,,,,,,,,,,
,BG-MT3-P1,Banara guianensis,September 15 2025,March 4 2026,,0,XP221-OG,B,2,B2,1,61,47,0.4,6,,0.4,,,,,,,,,,,,,,,,,,,,,,,,,,,,,,,,,,,,,,
,CH-MT1-P55,Cecropia hispidissima,May 27 2025,March 4 2026,,0,XP221-OG,B,3,B3,1,10,,,,,0,,,,,,,,,,,,,,,,,,,,,,,,,,,,,,,,,,,,,,
,CH-MT3-P75,Cecropia hispidissima,February 12 2026,March 4 2026,,0,XP221-OG,B,3,B3,1,,52,0.9,1,,0.9,,,,,,,,,,,,,,,,,,,,,,,,,,,,,,,,,,,,,,
,DC-MT1-P43,Dacryodes cupularis,September 15 2025,March 4 2026,,0,XP221-OG,B,5,B5,1,11,14,0.1,1,,0.1,,,,,,,,,,,,,,,,,,,,,,,,,,,,,,,,,,,,,,
,PG-MT3-P29,Pouruma guianensis,February 12 2026,March 4 2026,,0,XP221-OG,B,6,B6,1,,11,0.2,2,,0.2,,,,,,,,,,,,,,,,,,,,,,,,,,,,,,,,,,,,,,
,VB-MT4-P64,Vismia baccifera,February 12 2026,March 4 2026,,0,XP221-OG,B,8,B8,1,,34,0.7,4,,0.7,,,,,,,,,,,,,,,,,,,,,,,,,,,,,,,,,,,,,,
,AE-MT4-P74,Annona edulis,February 12 2026,March 4 2026,,0,XP221-OG,B,9,B9,1,,33,0.5,3,,0.5,,,,,,,,,,,,,,,,,,,,,,,,,,,,,,,,,,,,,,
,BP-MT2-P42,Bauhinia pichinchensis,February 12 2026,March 4 2026,March 4 2026,1,XP221-OG,B,11,B11,1,,,,,,0,,,,,,,,,,,,,,,,,,,,,,,,,,,,,,,,,,,,,,
,CP-MT5-P44,Carapa guianensis,September 15 2025,March 4 2026,,0,XP221-OG,B,12,B12,1,83,118,1.5,1,,1.5,6,,,,,,,,,,,,,,,,,,,,,,,,,,,,,,,,,,,,,
,BU-MT5-P18,Brosimum utile,September 15 2025,March 4 2026,,0,XP221-OG,B,14,B14,1,38,48,0.8,6,,0.8,,,,,,,,,,,,,,,,,,,,,,,,,,,,,,,,,,,,,,
,CH-MT4-P90,Cecropia hispidissima,September 15 2025,March 4 2026,,0,XP221-OG,C,2,C2,1,38,38,0.4,8,,0.4,,,,,,,,,,,,,,,,,,,,,,,,,,,,,,,,,,,,,,
,BG-MT5-P58,Banara guianensis,September 15 2025,March 4 2026,,0,XP221-OG,C,3,C3,1,60,63,0.6,10,,0.6,,,,,,,,,,,,,,,,,,,,,,,,,,,,,,,,,,,,,,
,PG-MT4-P42,Pouruma guianensis,February 12 2026,March 4 2026,,0,XP221-OG,C,4,C4,1,,22,0.2,3,,0.2,,,,,,,,,,,,,,,,,,,,,,,,,,,,,,,,,,,,,,
,MC-MT3-P52,Miconia conocuatrecasasii,September 15 2025,March 4 2026,,0,XP221-OG,C,5,C5,1,27,27,0.4,4,,0.4,,,,,,,,,,,,,,,,,,,,,,,,,,,,,,,,,,,,,,
,BS-MT7-P1,Bactris setulosa,September 15 2025,March 4 2026,,0,XP221-OG,C,6,C6,1,11,25,1.1,3,,1.1,,,,,,,,,,,,,,,,,,,,,,,,,,,,,,,,,,,,,,
,OP-MT8-P19,Ochroma pyramidale,May 27 2025,March 4 2026,,0,XP221-OG,C,9,C9,1,81,,,,,0,,,,,,,,,,,,,,,,,,,,,,,,,,,,,,,,,,,,,,
,VB-MT2-P28,Vismia baccifera,February 12 2026,March 4 2026,,0,XP221-OG,C,11,C11,1,,30,0.2,2,,0.2,,,,,,,,,,,,,,,,,,,,,,,,,,,,,,,,,,,,,,
,CP-MT2-P8,Carapa guianensis,May 27 2025,March 4 2026,,0,XP221-OG,C,12,C12,1,54,40,1.2,2,,1.2,14,,,,,,,,,,,,,,,,,,,,,,,,,,,,,,,,,,,,,
,DC-MT5-P37,Dacryodes cupularis,September 15 2025,March 4 2026,,0,XP221-OG,C,13,C13,1,17,16,0.6,1,,0.6,3,,,,,,,,,,,,,,,,,,,,,,,,,,,,,,,,,,,,,
,BU-MT2-P53,Brosimum utile,September 15 2025,March 4 2026,,0,XP221-OG,C,14,C14,1,24,31,0.3,2,,0.3,,,,,,,,,,,,,,,,,,,,,,,,,,,,,,,,,,,,,,
,BP-MT4-P79,Bauhinia pichinchensis,February 12 2026,March 4 2026,March 4 2026,1,XP221-OG,C,15,C15,1,,,,,,0,,,,,,,,,,,,,,,,,,,,,,,,,,,,,,,,,,,,,,
,AE-MT5-P40,Annona edulis,February 12 2026,March 4 2026,,0,XP221-OG,C,16,C16,1,46,0.7,7,,,7,,,,,,,,,,,,,,,,,,,,,,,,,,,,,,,,,,,,,,
,BP-MT1-P35,Bauhinia pichinchensis,February 12 2026,March 4 2026,,0,XP221-OG,A,1,A1,2,27,0.4,3,,,3,,,,,,,,,,,,,,,,,,,,,,,,,,,,,,,,,,,,,,
,AE-MT1-P20,Annona edulis,February 12 2026,March 4 2026,,0,XP221-OG,A,2,A2,2,43,0.5,9,,,9,,,,,,,,,,,,,,,,,,,,,,,,,,,,,,,,,,,,,,
,OP-MT2-P13,Ochroma pyramidale,April 16 2025,March 4 2026,March 4 2026,1,XP221-OG,A,3,A3,2,47,,,,,0,,,,,,,,,,,,,,,,,,,,,,,,,,,,,,,,,,,,,,
,PG-MT5-P48,Pouruma guianensis,February 12 2026,March 4 2026,,0,XP221-OG,A,4,A4,2,,23,0.2,4,,0.2,,,,,,,,,,,,,,,,,,,,,,,,,,,,,,,,,,,,,,
,VB-MT4-P43,Vismia baccifera,February 12 2026,March 4 2026,,0,XP221-OG,A,6,A6,2,,22,0.2,3,,0.2,,,,,,,,,,,,,,,,,,,,,,,,,,,,,,,,,,,,,,
,IS-MT3-P57,Inga silanchensis,April 16 2025,March 4 2026,,0,XP221-OG,A,7,A7,2,32,26,0.6,4,,0.6,14,,,,,,,,,,,,,,,,,,,,,,,,,,,,,,,,,,,,,
,MC-MT3-P58,Miconia conocuatrecasasii,September 15 2025,March 4 2026,,0,XP221-OG,A,8,A8,2,27,30,0.4,6,,0.4,,,,,,,,,,,,,,,,,,,,,,,,,,,,,,,,,,,,,,
,CP-MT3-P64,Carapa guianensis,May 27 2025,March 4 2026,,0,XP221-OG,A,9,A9,2,31,58,1.2,4,,1.2,16,,,,,,,,,,,,,,,,,,,,,,,,,,,,,,,,,,,,,
,EA-MT2-P8,Ecuadendron acosta-solisianum,May 27 2025,March 4 2026,,0,XP221-OG,A,11,A11,2,48,50,1,6,,1,14,,,,,,,,,,,,,,,,,,,,,,,,,,,,,,,,,,,,,
,BG-MT4-P3,Banara guianensis,September 15 2025,March 4 2026,,0,XP221-OG,A,12,A12,2,54,55,0.3,19,,0.3,,,,,,,,,,,,,,,,,,,,,,,,,,,,,,,,,,,,,,
,DC-MT5-P85,Dacryodes cupularis,February 12 2026,March 4 2026,,0,XP221-OG,A,13,A13,2,,30,0.5,3,,0.5,18,,,,,,,,,,,,,,,,,,,,,,,,,,,,,,,,,,,,,
,CH-MT4-P68,Cecropia hispidissima,September 15 2025,March 4 2026,,0,XP221-OG,A,14,A14,2,47,51,0.3,3,,0.3,,,,,,,,,,,,,,,,,,,,,,,,,,,,,,,,,,,,,,
,BU-MT5-P54,Brosimum utile,September 15 2025,March 4 2026,,0,XP221-OG,A,16,A16,2,39,37,0.7,3,,0.7,,,,,,,,,,,,,,,,,,,,,,,,,,,,,,,,,,,,,,
,CH-MT1-P36,Cecropia hispidissima,May 27 2025,March 4 2026,,0,XP221-OG,B,1,B1,2,19,,,,,0,,,,,,,,,,,,,,,,,,,,,,,,,,,,,,,,,,,,,,
,CH-MT3-P82,Cecropia hispidissima,February 12 2026,March 4 2026,,0,XP221-OG,B,1,B1,2,,29,0.6,0,,0.6,,,,,,,,,,,,,,,,,,,,,,,,,,,,,,,,,,,,,,
,BU-MT3-P36,Brosimum utile,September 15 2025,March 4 2026,,0,XP221-OG,B,2,B2,2,39,38,0.5,6,,0.5,,,,,,,,,,,,,,,,,,,,,,,,,,,,,,,,,,,,,,
,AE-MT2-P61,Annona edulis,February 12 2026,March 4 2026,,0,XP221-OG,B,3,B3,2,,32,0.4,6,,0.4,,,,,,,,,,,,,,,,,,,,,,,,,,,,,,,,,,,,,,
,MC-MT2-P51,Miconia conocuatrecasasii,September 15 2025,March 4 2026,,0,XP221-OG,B,4,B4,2,15,14,0.2,6,,0.2,,,,,,,,,,,,,,,,,,,,,,,,,,,,,,,,,,,,,,
,PA-MT7-P1,Piper aduncum,September 15 2025,March 4 2026,,0,XP221-OG,B,5,B5,2,33,31,0.4,8,,0.4,,,,,,,,,,,,,,,,,,,,,,,,,,,,,,,,,,,,,,
,BP-MT3-P59,Bauhinia pichinchensis,February 12 2026,March 4 2026,,0,XP221-OG,B,6,B6,2,,18,0.1,2,,0.1,,,,,,,,,,,,,,,,,,,,,,,,,,,,,,,,,,,,,,
,PG-MT3-P12,Pouruma guianensis,February 12 2026,March 4 2026,,0,XP221-OG,B,7,B7,2,,28,0.3,3,,0.3,,,,,,,,,,,,,,,,,,,,,,,,,,,,,,,,,,,,,,
,CP-MT2-P45,Carapa guianensis,May 27 2025,March 4 2026,,0,XP221-OG,B,8,B8,2,35,39,1.1,4,,1.1,11,,,,,,,,,,,,,,,,,,,,,,,,,,,,,,,,,,,,,
,VB-MT2-P13,Vismia baccifera,February 12 2026,March 4 2026,,0,XP221-OG,B,9,B9,2,,21,0.2,2,,0.2,,,,,,,,,,,,,,,,,,,,,,,,,,,,,,,,,,,,,,
,EA-MT4-P37,Ecuadendron acosta-solisianum,February 12 2026,March 4 2026,,0,XP221-OG,B,10,B10,2,,55,1,2,,1,6,,,,,,,,,,,,,,,,,,,,,,,,,,,,,,,,,,,,,
,IS-MT2-P35,Inga silanchensis,April 16 2025,March 4 2026,,0,XP221-OG,B,11,B11,2,29,30,0.5,4,,0.5,11,,,,,,,,,,,,,,,,,,,,,,,,,,,,,,,,,,,,,
,BG-MT4-P1,Banara guianensis,September 15 2025,March 4 2026,,0,XP221-OG,B,13,B13,2,51,56,0.5,30,,0.5,,,,,,,,,,,,,,,,,,,,,,,,,,,,,,,,,,,,,,
,DC-MT1-P8,Dacryodes cupularis,September 15 2025,March 4 2026,March 4 2026,1,XP221-OG,B,15,B15,2,,,,,,0,,,,,,,,,,,,,,,,,,,,,,,,,,,,,,,,,,,,,,
,VB-MT1-P9,Vismia baccifera,September 15 2025,March 4 2026,,0,XP221-OG,C,1,C1,2,42,37,0.2,9,,0.2,,,,,,,,,,,,,,,,,,,,,,,,,,,,,,,,,,,,,,
,BU-MT2-P47,Brosimum utile,September 15 2025,March 4 2026,,0,XP221-OG,C,2,C2,2,30,21,0.3,3,,0.3,,,,,,,,,,,,,,,,,,,,,,,,,,,,,,,,,,,,,,
,DC-MT4-P42,Dacryodes cupularis,September 15 2025,March 4 2026,March 4 2026,1,XP221-OG,C,3,C3,2,8,,,,,0,,,,,,,,,,,,,,,,,,,,,,,,,,,,,,,,,,,,,,
,AE-MT4-P67,Annona edulis,February 12 2026,March 4 2026,,0,XP221-OG,C,4,C4,2,,41,0.5,7,,0.5,,,,,,,,,,,,,,,,,,,,,,,,,,,,,,,,,,,,,,
,OP-MT8-P37,Ochroma pyramidale,May 27 2025,March 4 2026,March 4 2026,1,XP221-OG,C,5,C5,2,53,,,,,0,,,,,,,,,,,,,,,,,,,,,,,,,,,,,,,,,,,,,,
,PG-MT1-P6,Pouruma guianensis,February 12 2026,March 4 2026,,0,XP221-OG,C,6,C6,2,,38,0.3,2,,0.3,,,,,,,,,,,,,,,,,,,,,,,,,,,,,,,,,,,,,,
,CH-MT5-P68,Cecropia hispidissima,September 15 2025,March 4 2026,,0,XP221-OG,C,7,C7,2,37,37,0.4,3,,0.4,,,,,,,,,,,,,,,,,,,,,,,,,,,,,,,,,,,,,,
,IS-MT1-P49,Inga silanchensis,May 27 2025,March 4 2026,March 4 2026,1,XP221-OG,C,9,C9,2,12,,,,,0,,,,,,,,,,,,,,,,,,,,,,,,,,,,,,,,,,,,,,
,CP-MT5-P54,Carapa guianensis,September 15 2025,March 4 2026,,0,XP221-OG,C,10,C10,2,80,73,1,2,,1,8,,,,,,,,,,,,,,,,,,,,,,,,,,,,,,,,,,,,,
,BP-MT1-P71,Bauhinia pichinchensis,February 12 2026,March 4 2026,,0,XP221-OG,C,11,C11,2,,13,0.3,0,,0.3,,,,,,,,,,,,,,,,,,,,,,,,,,,,,,,,,,,,,,
,BG-MT3-P76,Banara guianensis,September 15 2025,March 4 2026,,0,XP221-OG,C,14,C14,2,72,,,,,0,,,,,,,,,,,,,,,,,,,,,,,,,,,,,,,,,,,,,,
,BS-MT1-P25,Bactris setulosa,September 15 2025,March 4 2026,,0,XP221-OG,A,1,A1,3,11,17,2,2,,2,,,,,,,,,,,,,,,,,,,,,,,,,,,,,,,,,,,,,,
,VB-MT4-P47,Vismia baccifera,February 12 2026,March 4 2026,,0,XP221-OG,A,3,A3,3,,31,0.3,0,,0.3,,,,,,,,,,,,,,,,,,,,,,,,,,,,,,,,,,,,,,
,OP-MT9-P71,Ochroma pyramidale,April 16 2025,March 4 2026,March 4 2026,1,XP221-OG,A,4,A4,3,64,,,,,0,,,,,,,,,,,,,,,,,,,,,,,,,,,,,,,,,,,,,,
,PA-MT3-P35,Piper aduncum,April 16 2025,March 4 2026,,0,XP221-OG,A,5,A5,3,30,28,1,7,,1,,,,,,,,,,,,,,,,,,,,,,,,,,,,,,,,,,,,,,
,IS-MT3-P18,Inga silanchensis,April 16 2025,March 4 2026,,0,XP221-OG,A,6,A6,3,20,21,0.3,4,,0.3,6,,,,,,,,,,,,,,,,,,,,,,,,,,,,,,,,,,,,,
,CP-MT5-P29,Carapa guianensis,September 15 2025,March 4 2026,,0,XP221-OG,A,7,A7,3,56,55,1.2,2,,1.2,9,,,,,,,,,,,,,,,,,,,,,,,,,,,,,,,,,,,,,
,AE-MT1-P24,Annona edulis,February 12 2026,March 4 2026,,0,XP221-OG,A,8,A8,3,,35,0.5,5,,0.5,,,,,,,,,,,,,,,,,,,,,,,,,,,,,,,,,,,,,,
,BP-MT2-P9,Bauhinia pichinchensis,February 12 2026,March 4 2026,,0,XP221-OG,A,9,A9,3,,20,0.1,1,,0.1,,,,,,,,,,,,,,,,,,,,,,,,,,,,,,,,,,,,,,
,BU-MT1-P42,Brosimum utile,May 27 2025,March 4 2026,,0,XP221-OG,A,10,A10,3,39,46,0.3,6,,0.3,,,,,,,,,,,,,,,,,,,,,,,,,,,,,,,,,,,,,,
,EA-MT4-P12,Ecuadendron acosta-solisianum,May 27 2025,March 4 2026,,0,XP221-OG,A,11,A11,3,27,23,0.6,5,,0.6,7,,,,,,,,,,,,,,,,,,,,,,,,,,,,,,,,,,,,,
,BG-MT2-P35,Banara guianensis,September 15 2025,March 4 2026,,0,XP221-OG,A,12,A12,3,62,33,0.3,9,,0.3,,,,,,,,,,,,,,,,,,,,,,,,,,,,,,,,,,,,,,
,DC-MT2-P10,Dacryodes cupularis,September 15 2025,March 4 2026,,0,XP221-OG,A,14,A14,3,6,9,0.1,0,,0.1,,,,,,,,,,,,,,,,,,,,,,,,,,,,,,,,,,,,,,
,CH-MT5-P37,Cecropia hispidissima,September 15 2025,March 4 2026,,0,XP221-OG,A,15,A15,3,54,55,0.5,2,,0.5,,,,,,,,,,,,,,,,,,,,,,,,,,,,,,,,,,,,,,
,PG-MT4-P21,Pouruma guianensis,February 12 2026,March 4 2026,,0,XP221-OG,A,16,A16,3,,14,0.2,4,,0.2,,,,,,,,,,,,,,,,,,,,,,,,,,,,,,,,,,,,,,
,BS-MT5-P34,Bactris setulosa,September 15 2025,March 4 2026,,0,XP221-OG,B,1,B1,3,14,14,1.1,2,,1.1,,,,,,,,,,,,,,,,,,,,,,,,,,,,,,,,,,,,,,
,BU-MT1-P79,Brosimum utile,May 27 2025,March 4 2026,,0,XP221-OG,B,4,B4,3,22,20,0.2,2,,0.2,,,,,,,,,,,,,,,,,,,,,,,,,,,,,,,,,,,,,,
,CP-MT5-P2,Carapa guianensis,September 15 2025,March 4 2026,,0,XP221-OG,B,5,B5,3,64,65,1.1,4,,1.1,18,,,,,,,,,,,,,,,,,,,,,,,,,,,,,,,,,,,,,
,PA-MT7-P11,Piper aduncum,September 15 2025,March 4 2026,,0,XP221-OG,B,6,B6,3,29,36,0.6,10,,0.6,,,,,,,,,,,,,,,,,,,,,,,,,,,,,,,,,,,,,,
,IS-MT5-P49,Inga silanchensis,April 16 2025,March 4 2026,,0,XP221-OG,B,7,B7,3,18,24,0.3,1,,0.3,2,,,,,,,,,,,,,,,,,,,,,,,,,,,,,,,,,,,,,
,BG-MT1-P10,Banara guianensis,September 15 2025,March 4 2026,March 4 2026,1,XP221-OG,B,8,B8,3,65,,,,,0,,,,,,,,,,,,,,,,,,,,,,,,,,,,,,,,,,,,,,
,PG-MT2-P31,Pouruma guianensis,February 12 2026,March 4 2026,,0,XP221-OG,B,9,B9,3,,14,0.4,5,,0.4,,,,,,,,,,,,,,,,,,,,,,,,,,,,,,,,,,,,,,
,VB-MT3-P23,Vismia baccifera,February 12 2026,March 4 2026,,0,XP221-OG,B,10,B10,3,,25,0.5,8,,0.5,,,,,,,,,,,,,,,,,,,,,,,,,,,,,,,,,,,,,,
,AE-MT1-P45,Annona edulis,February 12 2026,March 4 2026,,0,XP221-OG,B,11,B11,3,,45,0.6,7,,0.6,,,,,,,,,,,,,,,,,,,,,,,,,,,,,,,,,,,,,,
,OP-MT7-P39,Ochroma pyramidale,May 27 2025,March 4 2026,March 4 2026,1,XP221-OG,B,12,B12,3,68,,,,,0,,,,,,,,,,,,,,,,,,,,,,,,,,,,,,,,,,,,,,
,EA-MT4-P50,Ecuadendron acosta-solisianum,February 12 2026,March 4 2026,,0,XP221-OG,B,13,B13,3,,39,1.1,5,,1.1,7,,,,,,,,,,,,,,,,,,,,,,,,,,,,,,,,,,,,,
,BP-MT4-P30,Bauhinia pichinchensis,February 12 2026,March 4 2026,,0,XP221-OG,B,14,B14,3,,14,0.1,0,,0.1,,,,,,,,,,,,,,,,,,,,,,,,,,,,,,,,,,,,,,
,MC-MT1-P58,Miconia conocuatrecasasii,September 15 2025,March 4 2026,,0,XP221-OG,B,15,B15,3,20,31,1.1,9,,1.1,,,,,,,,,,,,,,,,,,,,,,,,,,,,,,,,,,,,,,
,CH-MT3-P29,Cecropia hispidissima,September 15 2025,March 4 2026,,0,XP221-OG,B,16,B16,3,53,70,0.7,6,,0.7,,,,,,,,,,,,,,,,,,,,,,,,,,,,,,,,,,,,,,
,CP-MT1-P5,Carapa guianensis,September 15 2025,March 4 2026,,0,XP221-OG,C,1,C1,3,55,53,1.1,1,,1.1,5,,,,,,,,,,,,,,,,,,,,,,,,,,,,,,,,,,,,,
,OP-MT6-P35,Ochroma pyramidale,May 27 2025,March 4 2026,,0,XP221-OG,C,3,C3,3,67,,,,,0,,,,,,,,,,,,,,,,,,,,,,,,,,,,,,,,,,,,,,
,IS-MT4-P31,Inga silanchensis,May 27 2025,March 4 2026,,0,XP221-OG,C,5,C5,3,19,21,0.4,4,,0.4,6,,,,,,,,,,,,,,,,,,,,,,,,,,,,,,,,,,,,,
,PA-MT3-P73,Piper aduncum,February 12 2026,March 4 2026,,0,XP221-OG,C,6,C6,3,,19,0.4,5,,0.4,,,,,,,,,,,,,,,,,,,,,,,,,,,,,,,,,,,,,,
,VB-MT3-P70,Vismia baccifera,February 12 2026,March 4 2026,,0,XP221-OG,C,7,C7,3,,28,0.2,3,,0.2,,,,,,,,,,,,,,,,,,,,,,,,,,,,,,,,,,,,,,
,CH-MT4-P5,Cecropia hispidissima,September 15 2025,March 4 2026,,0,XP221-OG,C,8,C8,3,43,43,0.2,3,,0.2,,,,,,,,,,,,,,,,,,,,,,,,,,,,,,,,,,,,,,
,PG-MT5-P10,Pouruma guianensis,February 12 2026,March 4 2026,,0,XP221-OG,C,9,C9,3,,23,0.3,3,,0.3,,,,,,,,,,,,,,,,,,,,,,,,,,,,,,,,,,,,,,
,DC-MT3-P7,Dacryodes cupularis,September 15 2025,March 4 2026,,0,XP221-OG,C,10,C10,3,25,25,0.5,3,,0.5,10,,,,,,,,,,,,,,,,,,,,,,,,,,,,,,,,,,,,,
,BG-MT5-P6,Banara guianensis,September 15 2025,March 4 2026,,0,XP221-OG,C,11,C11,3,56,34,0.3,15,,0.3,,,,,,,,,,,,,,,,,,,,,,,,,,,,,,,,,,,,,,
,AE-MT5-P1,Annona edulis,February 12 2026,March 4 2026,,0,XP221-OG,C,12,C12,3,,39,0.2,3,,0.2,,,,,,,,,,,,,,,,,,,,,,,,,,,,,,,,,,,,,,
,BU-MT4-P40,Brosimum utile,September 15 2025,March 4 2026,,0,XP221-OG,C,13,C13,3,32,33,0.2,3,,0.2,,,,,,,,,,,,,,,,,,,,,,,,,,,,,,,,,,,,,,
,BP-MT5-P28,Bauhinia pichinchensis,February 12 2026,March 4 2026,,0,XP221-OG,C,15,C15,3,,8,0.1,0,,0.1,,,,,,,,,,,,,,,,,,,,,,,,,,,,,,,,,,,,,,
,BS-MT5-P24,Bactris setulosa,September 15 2025,March 4 2026,,0,XP221-OG,C,16,C16,3,13,14,1.3,3,,1.3,,,,,,,,,,,,,,,,,,,,,,,,,,,,,,,,,,,,,,
,BU-MT3-P30,Brosimum utile,September 15 2025,March 4 2026,,0,XP221-OG,A,1,A1,4,36,23,0.3,6,,0.3,,,,,,,,,,,,,,,,,,,,,,,,,,,,,,,,,,,,,,
,PG-MT4-P34,Pouruma guianensis,February 12 2026,March 4 2026,,0,XP221-OG,A,3,A3,4,,14,0.2,4,,0.2,,,,,,,,,,,,,,,,,,,,,,,,,,,,,,,,,,,,,,
,OP-MT9-P17,Ochroma pyramidale,April 16 2025,March 4 2026,March 4 2026,1,XP221-OG,A,4,A4,4,63,,,,,0,,,,,,,,,,,,,,,,,,,,,,,,,,,,,,,,,,,,,,
,BG-MT3-P51,Banara guianensis,September 15 2025,March 4 2026,March 4 2026,1,XP221-OG,A,5,A5,4,44,,,,,0,,,,,,,,,,,,,,,,,,,,,,,,,,,,,,,,,,,,,,
,CH-MT3-P45,Cecropia hispidissima,September 15 2025,March 4 2026,,0,XP221-OG,A,6,A6,4,33,35,0.5,2,,0.5,,,,,,,,,,,,,,,,,,,,,,,,,,,,,,,,,,,,,,
,PA-MT3-P60,Piper aduncum,April 16 2025,March 4 2026,,0,XP221-OG,A,7,A7,4,37,32,1,12,,1,,,,,,,,,,,,,,,,,,,,,,,,,,,,,,,,,,,,,,
,CP-MT4-P50,Carapa guianensis,May 27 2025,March 4 2026,,0,XP221-OG,A,8,A8,4,38,38,1.2,0,,1.2,,,,,,,,,,,,,,,,,,,,,,,,,,,,,,,,,,,,,,
,MC-MT1-P31,Miconia conocuatrecasasii,September 15 2025,March 4 2026,,0,XP221-OG,A,9,A9,4,21,24,0.3,5,,0.3,,,,,,,,,,,,,,,,,,,,,,,,,,,,,,,,,,,,,,
,BP-MT3-P14,Bauhinia pichinchensis,February 12 2026,March 4 2026,,0,XP221-OG,A,10,A10,4,,8,0.2,2,,0.2,,,,,,,,,,,,,,,,,,,,,,,,,,,,,,,,,,,,,,
,IS-MT2-P33,Inga silanchensis,April 16 2025,March 4 2026,,0,XP221-OG,A,11,A11,4,23,14,0.4,3,,0.4,2,,,,,,,,,,,,,,,,,,,,,,,,,,,,,,,,,,,,,
,EA-MT3-P24,Ecuadendron acosta-solisianum,May 27 2025,March 4 2026,,0,XP221-OG,A,12,A12,4,37,43,0.8,7,,0.8,19,,,,,,,,,,,,,,,,,,,,,,,,,,,,,,,,,,,,,
,AE-MT2-P1,Annona edulis,February 12 2026,March 4 2026,,0,XP221-OG,A,13,A13,4,,43,0.5,7,,0.5,,,,,,,,,,,,,,,,,,,,,,,,,,,,,,,,,,,,,,
,DC-MT3-P48,Dacryodes cupularis,September 15 2025,March 4 2026,,0,XP221-OG,A,14,A14,4,25,27,0.5,3,,0.5,8,,,,,,,,,,,,,,,,,,,,,,,,,,,,,,,,,,,,,
,VB-MT3-P36,Vismia baccifera,February 12 2026,March 4 2026,,0,XP221-OG,A,15,A15,4,,43,0.3,3,,0.3,,,,,,,,,,,,,,,,,,,,,,,,,,,,,,,,,,,,,,
,BU-MT4-P38,Brosimum utile,September 15 2025,March 4 2026,,0,XP221-OG,B,1,B1,4,35,37,0.4,4,,0.4,,,,,,,,,,,,,,,,,,,,,,,,,,,,,,,,,,,,,,
,MC-MT1-P72,Miconia conocuatrecasasii,September 15 2025,March 4 2026,,0,XP221-OG,B,2,B2,4,22,25,0.5,4,,0.5,,,,,,,,,,,,,,,,,,,,,,,,,,,,,,,,,,,,,,
,VB-MT3-P53,Vismia baccifera,February 12 2026,March 4 2026,,0,XP221-OG,B,3,B3,4,,37,0.3,2,,0.3,,,,,,,,,,,,,,,,,,,,,,,,,,,,,,,,,,,,,,
,IS-MT4-P15,Inga silanchensis,May 27 2025,March 4 2026,,0,XP221-OG,B,4,B4,4,24,25,0.4,2,,0.4,6,,,,,,,,,,,,,,,,,,,,,,,,,,,,,,,,,,,,,
,DC-MT4-P3,Dacryodes cupularis,September 15 2025,March 4 2026,,0,XP221-OG,B,6,B6,4,21,16,0.5,0,,0.5,,,,,,,,,,,,,,,,,,,,,,,,,,,,,,,,,,,,,,
,CH-MT2-P25,Cecropia hispidissima,September 15 2025,March 4 2026,,0,XP221-OG,B,7,B7,4,49,55,0.7,3,,0.7,,,,,,,,,,,,,,,,,,,,,,,,,,,,,,,,,,,,,,
,AE-MT2-P5,Annona edulis,February 12 2026,March 4 2026,,0,XP221-OG,B,8,B8,4,,53,1,5,,1,,,,,,,,,,,,,,,,,,,,,,,,,,,,,,,,,,,,,,
,PA-MT6-P90,Piper aduncum,May 27 2025,March 4 2026,,0,XP221-OG,B,9,B9,4,17,25,0.3,5,,0.3,,,,,,,,,,,,,,,,,,,,,,,,,,,,,,,,,,,,,,
,OP-MT2-P19,Ochroma pyramidale,April 16 2025,March 4 2026,,0,XP221-OG,B,10,B10,4,47,,,,,0,,,,,,,,,,,,,,,,,,,,,,,,,,,,,,,,,,,,,,
,OP-MT9-P87,Ochroma pyramidale,February 12 2026,March 4 2026,,0,XP221-OG,B,10,B10,4,,48,0.5,3,,0.5,,,,,,,,,,,,,,,,,,,,,,,,,,,,,,,,,,,,,,
,BG-MT1-P29,Banara guianensis,September 15 2025,March 4 2026,,0,XP221-OG,B,11,B11,4,60,58,1,4,,1,,,,,,,,,,,,,,,,,,,,,,,,,,,,,,,,,,,,,,
,BP-MT4-P80,Bauhinia pichinchensis,February 12 2026,March 4 2026,,0,XP221-OG,B,12,B12,4,,26,0.3,2,,0.3,,,,,,,,,,,,,,,,,,,,,,,,,,,,,,,,,,,,,,
,CP-MT1-P45,Carapa guianensis,September 15 2025,March 4 2026,,0,XP221-OG,B,13,B13,4,61,59,2,2,,2,4,,,,,,,,,,,,,,,,,,,,,,,,,,,,,,,,,,,,,
,EA-MT2-P45,Ecuadendron acosta-solisianum,February 12 2026,March 4 2026,,0,XP221-OG,B,14,B14,4,,102,1.5,7,,1.5,15,,,,,,,,,,,,,,,,,,,,,,,,,,,,,,,,,,,,,
,PG-MT5-P61,Pouruma guianensis,February 12 2026,March 4 2026,,0,XP221-OG,B,15,B15,4,,26,0.3,4,,0.3,,,,,,,,,,,,,,,,,,,,,,,,,,,,,,,,,,,,,,
,BS-MT6-P6,Bactris setulosa,September 15 2025,March 4 2026,,0,XP221-OG,B,16,B16,4,12,14,1.2,3,,1.2,,,,,,,,,,,,,,,,,,,,,,,,,,,,,,,,,,,,,,
,IS-MT1-P14,Inga silanchensis,May 27 2025,March 4 2026,,0,XP221-OG,C,2,C2,4,18,17,1,2,,1,5,,,,,,,,,,,,,,,,,,,,,,,,,,,,,,,,,,,,,
,AE-MT4-P57,Annona edulis,February 12 2026,March 4 2026,,0,XP221-OG,C,3,C3,4,,36,0.4,4,,0.4,,,,,,,,,,,,,,,,,,,,,,,,,,,,,,,,,,,,,,
,BU-MT4-P5,Brosimum utile,September 15 2025,March 4 2026,,0,XP221-OG,C,4,C4,4,31,26,0.2,3,,0.2,,,,,,,,,,,,,,,,,,,,,,,,,,,,,,,,,,,,,,
,CH-MT2-P41,Cecropia hispidissima,September 15 2025,March 4 2026,March 4 2026,1,XP221-OG,C,5,C5,4,50,,,,,0,,,,,,,,,,,,,,,,,,,,,,,,,,,,,,,,,,,,,,
,BP-MT2-P12,Bauhinia pichinchensis,February 12 2026,March 4 2026,,0,XP221-OG,C,6,C6,4,,18,0.3,1,,0.3,,,,,,,,,,,,,,,,,,,,,,,,,,,,,,,,,,,,,,
,OP-MT6-P27,Ochroma pyramidale,May 27 2025,March 4 2026,,0,XP221-OG,C,7,C7,4,69,,,,,0,,,,,,,,,,,,,,,,,,,,,,,,,,,,,,,,,,,,,,
,CP-MT3-P70,Carapa guianensis,May 27 2025,March 4 2026,March 4 2026,1,XP221-OG,C,8,C8,4,36,,,,,0,,,,,,,,,,,,,,,,,,,,,,,,,,,,,,,,,,,,,,
,BG-MT2-P75,Banara guianensis,September 15 2025,March 4 2026,,0,XP221-OG,C,10,C10,4,54,53,0.4,16,,0.4,,,,,,,,,,,,,,,,,,,,,,,,,,,,,,,,,,,,,,
,MC-MT2-P72,Miconia conocuatrecasasii,September 15 2025,March 4 2026,,0,XP221-OG,C,11,C11,4,24,25,0.8,4,,0.8,,,,,,,,,,,,,,,,,,,,,,,,,,,,,,,,,,,,,,
,VB-MT1-P10,Vismia baccifera,September 15 2025,March 4 2026,,0,XP221-OG,C,13,C13,4,45,46,0.3,6,,0.3,,,,,,,,,,,,,,,,,,,,,,,,,,,,,,,,,,,,,,
,PG-MT1-P74,Pouruma guianensis,February 12 2026,March 4 2026,,0,XP221-OG,C,14,C14,4,,31,1,1,,1,,,,,,,,,,,,,,,,,,,,,,,,,,,,,,,,,,,,,,
,DC-MT5-P14,Dacryodes cupularis,September 15 2025,March 4 2026,,0,XP221-OG,C,16,C16,4,35,20,0.4,0,,0.4,,,,,,,,,,,,,,,,,,,,,,,,,,,,,,,,,,,,,,
,VB-MT4-P11,Vismia baccifera,February 12 2026,March 4 2026,,0,XP221-OG,A,3,A3,5,,45,0.3,5,,0.3,,,,,,,,,,,,,,,,,,,,,,,,,,,,,,,,,,,,,,
,CH-MT3-P84,Cecropia hispidissima,September 15 2025,March 4 2026,,0,XP221-OG,A,4,A4,5,50,51,0.6,5,,0.6,,,,,,,,,,,,,,,,,,,,,,,,,,,,,,,,,,,,,,
,AE-MT5-P2,Annona edulis,February 12 2026,March 4 2026,,0,XP221-OG,A,5,A5,5,,46,0.5,9,,0.5,,,,,,,,,,,,,,,,,,,,,,,,,,,,,,,,,,,,,,
,BG-MT5-P28,Banara guianensis,September 15 2025,March 4 2026,,0,XP221-OG,A,8,A8,5,58,66,0.6,17,,0.6,,,,,,,,,,,,,,,,,,,,,,,,,,,,,,,,,,,,,,
,PG-MT1-P44,Pouruma guianensis,February 12 2026,March 4 2026,,0,XP221-OG,A,9,A9,5,,32,0.4,3,,0.4,,,,,,,,,,,,,,,,,,,,,,,,,,,,,,,,,,,,,,
,CP-MT1-P3,Carapa guianensis,September 15 2025,March 4 2026,,0,XP221-OG,A,10,A10,5,84,49,1,3,,1,11,,,,,,,,,,,,,,,,,,,,,,,,,,,,,,,,,,,,,
,EA-MT4-P49,Ecuadendron acosta-solisianum,February 12 2026,March 4 2026,,0,XP221-OG,A,11,A11,5,,38,0.8,3,,0.8,,,,,,,,,,,,,,,,,,,,,,,,,,,,,,,,,,,,,,
,BP-MT3-P22,Bauhinia pichinchensis,February 12 2026,March 4 2026,,0,XP221-OG,A,12,A12,5,,23,0.4,3,,0.4,,,,,,,,,,,,,,,,,,,,,,,,,,,,,,,,,,,,,,
,BU-MT5-P47,Brosimum utile,September 15 2025,March 4 2026,,0,XP221-OG,A,13,A13,5,30,33,0.5,0,,0.5,,,,,,,,,,,,,,,,,,,,,,,,,,,,,,,,,,,,,,
,DC-MT5-P27,Dacryodes cupularis,September 15 2025,March 4 2026,March 4 2026,1,XP221-OG,A,15,A15,5,31,,,,,0,,,,,,,,,,,,,,,,,,,,,,,,,,,,,,,,,,,,,,
,PG-MT2-P13,Pouruma guianensis,February 12 2026,March 4 2026,,0,XP221-OG,B,4,B4,5,,20,0.3,4,,0.3,,,,,,,,,,,,,,,,,,,,,,,,,,,,,,,,,,,,,,
,BP-MT3-P32,Bauhinia pichinchensis,February 12 2026,March 4 2026,,0,XP221-OG,B,5,B5,5,,14,0.4,1,,0.4,,,,,,,,,,,,,,,,,,,,,,,,,,,,,,,,,,,,,,
,CH-MT5-P24,Cecropia hispidissima,September 15 2025,March 4 2026,,0,XP221-OG,B,6,B6,5,58,65,0.7,4,,0.7,,,,,,,,,,,,,,,,,,,,,,,,,,,,,,,,,,,,,,
,VB-MT2-P15,Vismia baccifera,February 12 2026,March 4 2026,,0,XP221-OG,B,9,B9,5,,24,0.3,3,,0.3,,,,,,,,,,,,,,,,,,,,,,,,,,,,,,,,,,,,,,
,BG-MT2-P21,Banara guianensis,September 15 2025,March 4 2026,,0,XP221-OG,B,11,B11,5,57,58,0.5,36,,0.5,,,,,,,,,,,,,,,,,,,,,,,,,,,,,,,,,,,,,,
,DC-MT1-P34,Dacryodes cupularis,September 15 2025,March 4 2026,,0,XP221-OG,B,12,B12,5,37,30,0.6,3,,0.6,13,,,,,,,,,,,,,,,,,,,,,,,,,,,,,,,,,,,,,
,AE-MT3-P2,Annona edulis,February 12 2026,March 4 2026,,0,XP221-OG,B,16,B16,5,,36,0.6,8,,0.6,,,,,,,,,,,,,,,,,,,,,,,,,,,,,,,,,,,,,,
,BS-MT1-P96,Bactris setulosa,February 12 2026,March 4 2026,,0,XP221-OG,C,1,C1,5,,16,0.9,3,,0.9,,,,,,,,,,,,,,,,,,,,,,,,,,,,,,,,,,,,,,
,VB-MT2-P4,Vismia baccifera,February 12 2026,March 4 2026,,0,XP221-OG,C,3,C3,5,,28,0.3,3,,0.3,,,,,,,,,,,,,,,,,,,,,,,,,,,,,,,,,,,,,,
,IS-MT3-P97,Inga silanchensis,February 12 2026,March 4 2026,,0,XP221-OG,C,4,C4,5,,19,0.4,2,,0.4,2,,,,,,,,,,,,,,,,,,,,,,,,,,,,,,,,,,,,,
,EA-MT3-P69,Ecuadendron acosta-solisianum,February 12 2026,March 4 2026,,0,XP221-OG,C,8,C8,5,,35,0.7,2,,0.7,3,,,,,,,,,,,,,,,,,,,,,,,,,,,,,,,,,,,,,
,DC-MT2-P29,Dacryodes cupularis,September 15 2025,March 4 2026,March 4 2026,1,XP221-OG,C,10,C10,5,,,,,,0,,,,,,,,,,,,,,,,,,,,,,,,,,,,,,,,,,,,,,
,AE-MT5-P20,Annona edulis,February 12 2026,March 4 2026,,0,XP221-OG,C,11,C11,5,,41,0.5,6,,0.5,,,,,,,,,,,,,,,,,,,,,,,,,,,,,,,,,,,,,,
,BP-MT4-P84,Bauhinia pichinchensis,February 12 2026,March 4 2026,,0,XP221-OG,C,13,C13,5,,39,0.5,3,,0.5,,,,,,,,,,,,,,,,,,,,,,,,,,,,,,,,,,,,,,
,PG-MT2-P54,Pouruma guianensis,February 12 2026,March 4 2026,,0,XP221-OG,C,15,C15,5,,14,0.3,3,,0.3,,,,,,,,,,,,,,,,,,,,,,,,,,,,,,,,,,,,,,
,BG-MT4-P69,Banara guianensis,September 15 2025,March 4 2026,,0,XP221-OG,C,16,C16,5,71,68,0.5,43,,0.5,,,,,,,,,,,,,,,,,,,,,,,,,,,,,,,,,,,,,,
,CH-MT2-P16,Cecropia hispidissima,August 20 2025,March 23 2026,March 23 2026,1,XP222-OG,A,2,A2,1,32,,,,,0,,,,,,,,,,,,,,,,,,,,,,,,,,,,,,,,,,,,,,
,CP-MT3-P37,Carapa guianensis,May 21 2025,March 23 2026,,0,XP222-OG,A,4,A4,1,37,37,0.6,2,,0.6,7,,,,,,,,,,,,,,,,,,,,,,,,,,,,,,,,,,,,,
,BS-MT6-P23,Bactris setulosa,August 20 2025,March 23 2026,March 23 2026,1,XP222-OG,A,5,A5,1,12,,,,,0,,,,,,,,,,,,,,,,,,,,,,,,,,,,,,,,,,,,,,
,EA-MT2-P37,Ecuadendron acosta-solisianum,February 4 2026,March 23 2026,,0,XP222-OG,A,8,A8,1,,85,1.1,6,,1.1,15,,,,,,,,,,,,,,,,,,,,,,,,,,,,,,,,,,,,,
,PG-MT3-P35,Pouruma guianensis,February 4 2026,March 23 2026,,0,XP222-OG,A,9,A9,1,,14,0.1,3,,0.1,,,,,,,,,,,,,,,,,,,,,,,,,,,,,,,,,,,,,,
,BU-MT3-P69,Brosimum utile,August 20 2025,March 23 2026,,0,XP222-OG,A,10,A10,1,24,30,0.4,3,,0.4,,,,,,,,,,,,,,,,,,,,,,,,,,,,,,,,,,,,,,
,OP-MT9-P62,Ochroma pyramidale,November 20 2025,March 23 2026,March 23 2026,1,XP222-OG,A,12,A12,1,85,,,,,0,,,,,,,,,,,,,,,,,,,,,,,,,,,,,,,,,,,,,,
,AE-MT4-P65,Annona edulis,February 4 2026,March 23 2026,,0,XP222-OG,A,13,A13,1,,41,0.3,2,,0.3,,,,,,,,,,,,,,,,,,,,,,,,,,,,,,,,,,,,,,
,BG-MT1-P77,Banara guianensis,August 20 2025,March 23 2026,March 23 2026,1,XP222-OG,A,14,A14,1,44,,,,,0,,,,,,,,,,,,,,,,,,,,,,,,,,,,,,,,,,,,,,
,DC-MT1-P80,Dacryodes cupularis,August 20 2025,March 23 2026,,0,XP222-OG,A,15,A15,1,36,32,0.4,5,,0.4,13,,,,,,,,,,,,,,,,,,,,,,,,,,,,,,,,,,,,,
,BP-MT3-P8,Bauhinia pichinchensis,February 4 2026,March 23 2026,,0,XP222-OG,A,16,A16,1,,26,0.5,3,,0.5,,,,,,,,,,,,,,,,,,,,,,,,,,,,,,,,,,,,,,
,EA-MT5-P86,Ecuadendron acosta-solisianum,February 4 2026,March 23 2026,,0,XP222-OG,B,2,B2,1,,35,1.1,5,,1.1,10,,,,,,,,,,,,,,,,,,,,,,,,,,,,,,,,,,,,,
,BG-MT3-P53,Banara guianensis,August 20 2025,March 23 2026,,0,XP222-OG,B,3,B3,1,62,65,0.3,10,,0.3,,,,,,,,,,,,,,,,,,,,,,,,,,,,,,,,,,,,,,
,BS-MT6-P42,Bactris setulosa,November 20 2025,March 23 2026,,0,XP222-OG,B,4,B4,1,24,14,0.7,3,,0.7,,,,,,,,,,,,,,,,,,,,,,,,,,,,,,,,,,,,,,
,CH-MT1-P39,Cecropia hispidissima,May 21 2025,March 23 2026,November 20 2025,1,XP222-OG,B,5,B5,1,8,,,,,0,,,,,,,,,,,,,,,,,,,,,,,,,,,,,,,,,,,,,,
,CH-MT3-P80,Cecropia hispidissima,February 4 2026,March 23 2026,,0,XP222-OG,B,5,B5,1,,57,0.3,2,,0.3,,,,,,,,,,,,,,,,,,,,,,,,,,,,,,,,,,,,,,
,BP-MT4-P99,Bauhinia pichinchensis,February 4 2026,March 23 2026,,0,XP222-OG,B,6,B6,1,,19,0.2,1,,0.2,,,,,,,,,,,,,,,,,,,,,,,,,,,,,,,,,,,,,,
,AE-MT3-P69,Annona edulis,February 4 2026,March 23 2026,,0,XP222-OG,B,9,B9,1,,33,0.3,5,,0.3,,,,,,,,,,,,,,,,,,,,,,,,,,,,,,,,,,,,,,
,VB-MT5-P17,Vismia baccifera,February 4 2026,March 23 2026,,0,XP222-OG,B,10,B10,1,,47,0.2,4,,0.2,,,,,,,,,,,,,,,,,,,,,,,,,,,,,,,,,,,,,,
,PG-MT4-P19,Pouruma guianensis,February 4 2026,March 23 2026,,0,XP222-OG,B,11,B11,1,,13,0.1,2,,0.1,,,,,,,,,,,,,,,,,,,,,,,,,,,,,,,,,,,,,,
,BU-MT2-P27,Brosimum utile,August 20 2025,March 23 2026,,0,XP222-OG,B,12,B12,1,28,28,0.1,4,,0.1,,,,,,,,,,,,,,,,,,,,,,,,,,,,,,,,,,,,,,
,CP-MT1-P50,Carapa guianensis,August 20 2025,March 23 2026,,0,XP222-OG,B,14,B14,1,56.7,60,0.9,3,,0.9,14,,,,,,,,,,,,,,,,,,,,,,,,,,,,,,,,,,,,,
,DC-MT3-P32,Dacryodes cupularis,August 20 2025,March 23 2026,,0,XP222-OG,B,16,B16,1,27,27,0.2,6,,0.2,16,,,,,,,,,,,,,,,,,,,,,,,,,,,,,,,,,,,,,
,PG-MT3-P52,Pouruma guianensis,February 4 2026,March 23 2026,,0,XP222-OG,C,2,C2,1,,17,0.1,2,,0.1,,,,,,,,,,,,,,,,,,,,,,,,,,,,,,,,,,,,,,
,DC-MT3-P47,Dacryodes cupularis,August 20 2025,March 23 2026,,0,XP222-OG,C,6,C6,1,31,25,0.4,4,,0.4,12,,,,,,,,,,,,,,,,,,,,,,,,,,,,,,,,,,,,,
,BG-MT2-P53,Banara guianensis,August 20 2025,March 23 2026,November 20 2025,1,XP222-OG,C,7,C7,1,42,,,,,0,,,,,,,,,,,,,,,,,,,,,,,,,,,,,,,,,,,,,,
,BG-MT1-P1,Banara guianensis,February 4 2026,March 23 2026,,0,XP222-OG,C,7,C7,1,,40,0.2,1,,0.2,,,,,,,,,,,,,,,,,,,,,,,,,,,,,,,,,,,,,,
,BS-MT1-P54,Bactris setulosa,November 20 2025,March 23 2026,,0,XP222-OG,C,8,C8,1,27,20,1.1,3,,1.1,,,,,,,,,,,,,,,,,,,,,,,,,,,,,,,,,,,,,,
wrong location,CP-MT4-P2,Carapa guianensis,May 21 2025,March 23 2026,wrong species,0,XP222-OG,C,11,C11,1,57,,,,,0,,,,,,,,,,,,,,,,,,,,,,,,,,,,,,,,,,,,,,
,CH-MT1-P26,Cecropia hispidissima,May 21 2025,March 23 2026,March 23 2026,1,XP222-OG,C,12,C12,1,21,,,,,0,,,,,,,,,,,,,,,,,,,,,,,,,,,,,,,,,,,,,,
,BP-MT5-P19,Bauhinia pichinchensis,February 4 2026,March 23 2026,,0,XP222-OG,C,13,C13,1,,26,0.2,2,,0.2,,,,,,,,,,,,,,,,,,,,,,,,,,,,,,,,,,,,,,
,BU-MT2-P3,Brosimum utile,August 20 2025,March 23 2026,March 23 2026,1,XP222-OG,C,14,C14,1,14,,,,,0,,,,,,,,,,,,,,,,,,,,,,,,,,,,,,,,,,,,,,
,AE-MT3-P10,Annona edulis,February 4 2026,March 23 2026,,0,XP222-OG,C,15,C15,1,,47,0.3,7,,0.3,,,,,,,,,,,,,,,,,,,,,,,,,,,,,,,,,,,,,,
,CP-MT2-P38,Carapa guianensis,May 21 2025,March 23 2026,,0,XP222-OG,A,1,A1,2,69,60,1.5,5,,1.5,23,,,,,,,,,,,,,,,,,,,,,,,,,,,,,,,,,,,,,
,BP-MT3-P25,Bauhinia pichinchensis,February 4 2026,March 23 2026,,0,XP222-OG,A,3,A3,2,,17,0.1,5,,0.1,,,,,,,,,,,,,,,,,,,,,,,,,,,,,,,,,,,,,,
,BU-MT1-P72,Brosimum utile,May 21 2025,March 23 2026,,0,XP222-OG,A,4,A4,2,12,18,0.1,3,,0.1,,,,,,,,,,,,,,,,,,,,,,,,,,,,,,,,,,,,,,
,CH-MT5-P65,Cecropia hispidissima,August 20 2025,March 23 2026,,0,XP222-OG,A,5,A5,2,50,55,0.4,5,,0.4,,,,,,,,,,,,,,,,,,,,,,,,,,,,,,,,,,,,,,
,EA-MT5-P28,Ecuadendron acosta-solisianum,November 20 2025,March 23 2026,,0,XP222-OG,A,6,A6,2,44,46,0.6,6,,0.6,13,,,,,,,,,,,,,,,,,,,,,,,,,,,,,,,,,,,,,
,PG-MT5-P23,Pouruma guianensis,February 4 2026,March 23 2026,,0,XP222-OG,A,7,A7,2,,16,0.1,3,,0.1,,,,,,,,,,,,,,,,,,,,,,,,,,,,,,,,,,,,,,
,IS-MT5-P34,Inga silanchensis,November 20 2025,March 23 2026,,0,XP222-OG,A,8,A8,2,18,16,0.3,3,,0.3,9,,,,,,,,,,,,,,,,,,,,,,,,,,,,,,,,,,,,,
,VB-MT3-P69,Vismia baccifera,February 4 2026,March 23 2026,,0,XP222-OG,A,9,A9,2,,37,0.2,1,,0.2,,,,,,,,,,,,,,,,,,,,,,,,,,,,,,,,,,,,,,
,OP-MT9-P10,Ochroma pyramidale,November 20 2025,March 23 2026,,0,XP222-OG,A,10,A10,2,79,83,0.5,5,,0.5,,,,,,,,,,,,,,,,,,,,,,,,,,,,,,,,,,,,,,
,BG-MT4-P73,Banara guianensis,August 20 2025,March 23 2026,March 23 2026,1,XP222-OG,A,11,A11,2,68,,,,,0,,,,,,,,,,,,,,,,,,,,,,,,,,,,,,,,,,,,,,
,AE-MT2-P84,Annona edulis,February 4 2026,March 23 2026,,0,XP222-OG,A,14,A14,2,,30,0.3,2,,0.3,,,,,,,,,,,,,,,,,,,,,,,,,,,,,,,,,,,,,,
,BS-MT5-P61,Bactris setulosa,November 20 2025,March 23 2026,,0,XP222-OG,A,16,A16,2,30,16,1.3,4,,1.3,,,,,,,,,,,,,,,,,,,,,,,,,,,,,,,,,,,,,,
,BS-MT1-P55,Bactris setulosa,November 20 2025,March 23 2026,,0,XP222-OG,B,1,B1,2,22,15,0.6,4,,0.6,,,,,,,,,,,,,,,,,,,,,,,,,,,,,,,,,,,,,,
,BG-MT3-P42,Banara guianensis,August 20 2025,March 23 2026,,0,XP222-OG,B,2,B2,2,63,46,0.1,19,,0.1,,,,,,,,,,,,,,,,,,,,,,,,,,,,,,,,,,,,,,
,OP-MT9-P69,Ochroma pyramidale,November 20 2025,March 23 2026,March 23 2026,1,XP222-OG,B,3,B3,2,84,,,,,0,,,,,,,,,,,,,,,,,,,,,,,,,,,,,,,,,,,,,,
,PG-MT5-P50,Pouruma guianensis,February 4 2026,March 23 2026,,0,XP222-OG,B,4,B4,2,,25,0.1,5,,0.1,,,,,,,,,,,,,,,,,,,,,,,,,,,,,,,,,,,,,,
,IS-MT5-P58,Inga silanchensis,November 20 2025,March 23 2026,,0,XP222-OG,B,5,B5,2,36,36,0.6,3,,0.6,12,,,,,,,,,,,,,,,,,,,,,,,,,,,,,,,,,,,,,
,BU-MT4-P82,Brosimum utile,August 20 2025,March 23 2026,,0,XP222-OG,B,7,B7,2,31,29,0.2,0,,0.2,,,,,,,,,,,,,,,,,,,,,,,,,,,,,,,,,,,,,,
,VB-MT5-P22,Vismia baccifera,February 4 2026,March 23 2026,,0,XP222-OG,B,8,B8,2,,17,0.3,4,,0.3,,,,,,,,,,,,,,,,,,,,,,,,,,,,,,,,,,,,,,
,CP-MT2-P56,Carapa guianensis,May 21 2025,March 23 2026,,0,XP222-OG,B,9,B9,2,57,57,1.5,4,,1.5,15,,,,,,,,,,,,,,,,,,,,,,,,,,,,,,,,,,,,,
,AE-MT1-P3,Annona edulis,February 4 2026,March 23 2026,,0,XP222-OG,B,10,B10,2,,39,0.3,8,,0.3,,,,,,,,,,,,,,,,,,,,,,,,,,,,,,,,,,,,,,
,CH-MT4-P45,Cecropia hispidissima,August 20 2025,March 23 2026,,0,XP222-OG,B,11,B11,2,38,54,0.3,4,,0.3,,,,,,,,,,,,,,,,,,,,,,,,,,,,,,,,,,,,,,
,DC-MT2-P28,Dacryodes cupularis,August 20 2025,March 23 2026,March 23 2026,1,XP222-OG,B,12,B12,2,27,,,,,0,,,,,,,,,,,,,,,,,,,,,,,,,,,,,,,,,,,,,,
,PA-MT7-P60,Piper aduncum,February 4 2026,March 23 2026,,0,XP222-OG,B,13,B13,2,,44,0.2,6,,0.2,,44,0.2,,0.2,,,,,,,,,,,,,,,,,,,,,,,,,,,,,,,,,
,EA-MT5-P70,Ecuadendron acosta-solisianum,November 20 2025,March 23 2026,,0,XP222-OG,B,14,B14,2,43,59,0.6,6,,0.6,15,,,,,,,,,,,,,,,,,,,,,,,,,,,,,,,,,,,,,
,BP-MT2-P32,Bauhinia pichinchensis,February 4 2026,March 23 2026,,0,XP222-OG,B,16,B16,2,,23,0.3,5,,0.3,,,,,,,,,,,,,,,,,,,,,,,,,,,,,,,,,,,,,,
,BS-MT1-P17,Bactris setulosa,August 20 2025,March 23 2026,,0,XP222-OG,C,1,C1,2,32,15,1.1,2,,1.1,,,,,,,,,,,,,,,,,,,,,,,,,,,,,,,,,,,,,,
,VB-MT2-P25,Vismia baccifera,February 4 2026,March 23 2026,,0,XP222-OG,C,2,C2,2,,27,0.2,0,,0.2,,,,,,,,,,,,,,,,,,,,,,,,,,,,,,,,,,,,,,
,AE-MT5-P39,Annona edulis,February 4 2026,March 23 2026,,0,XP222-OG,C,3,C3,2,,40,0.2,7,,0.2,17,,,,,,,,,,,,,,,,,,,,,,,,,,,,,,,,,,,,,
,DC-MT5-P21,Dacryodes cupularis,August 20 2025,March 23 2026,,0,XP222-OG,C,5,C5,2,46,23,0.4,4,,0.4,,,,,,,,,,,,,,,,,,,,,,,,,,,,,,,,,,,,,,
,CP-MT3-P34,Carapa guianensis,May 21 2025,March 23 2026,March 23 2026,1,XP222-OG,C,8,C8,2,60,,,,,0,,,,,,,,,,,,,,,,,,,,,,,,,,,,,,,,,,,,,,
,BP-MT1-P29,Bauhinia pichinchensis,February 4 2026,March 23 2026,,0,XP222-OG,C,9,C9,2,,6,0.3,0,,0.3,,,,,,,,,,,,,,,,,,,,,,,,,,,,,,,,,,,,,,
,CH-MT5-P30,Cecropia hispidissima,August 20 2025,March 23 2026,,0,XP222-OG,C,10,C10,2,53,53,0.3,2,,0.3,,,,,,,,,,,,,,,,,,,,,,,,,,,,,,,,,,,,,,
,BU-MT5-P39,Brosimum utile,August 20 2025,March 23 2026,,0,XP222-OG,C,11,C11,2,33,39,0.4,6,,0.4,,,,,,,,,,,,,,,,,,,,,,,,,,,,,,,,,,,,,,
,BG-MT1-P94,Banara guianensis,August 20 2025,March 23 2026,,0,XP222-OG,C,13,C13,2,50,51,0.2,19,,0.2,,,,,,,,,,,,,,,,,,,,,,,,,,,,,,,,,,,,,,
,EA-MT2-P34,Ecuadendron acosta-solisianum,February 4 2026,March 23 2026,,0,XP222-OG,C,14,C14,2,,77,1.3,6,,1.3,16,,,,,,,,,,,,,,,,,,,,,,,,,,,,,,,,,,,,,
,PG-MT2-P15,Pouruma guianensis,February 4 2026,March 23 2026,,0,XP222-OG,C,16,C16,2,,18,0.1,3,,0.1,,,,,,,,,,,,,,,,,,,,,,,,,,,,,,,,,,,,,,
wrong location,CP-MT4-P21,Carapa guianensis,May 21 2025,March 23 2026,wrong species,0,XP222-OG,A,1,A1,3,42,,,,,0,,,,,,,,,,,,,,,,,,,,,,,,,,,,,,,,,,,,,,
,VB-MT3-P40,Vismia baccifera,February 4 2026,March 23 2026,,0,XP222-OG,A,2,A2,3,,49,0.4,2,,0.4,,,,,,,,,,,,,,,,,,,,,,,,,,,,,,,,,,,,,,
,BS-MT1-P75,Bactris setulosa,November 20 2025,March 23 2026,,0,XP222-OG,A,3,A3,3,27,12,1.2,3,,1.2,,,,,,,,,,,,,,,,,,,,,,,,,,,,,,,,,,,,,,
,BP-MT2-P51,Bauhinia pichinchensis,February 4 2026,March 23 2026,,0,XP222-OG,A,4,A4,3,,22,0.4,3,,0.4,,,,,,,,,,,,,,,,,,,,,,,,,,,,,,,,,,,,,,
,CH-MT3-P57,Cecropia hispidissima,August 20 2025,March 23 2026,March 23 2026,1,XP222-OG,A,7,A7,3,47,,,,,0,,,,,,,,,,,,,,,,,,,,,,,,,,,,,,,,,,,,,,
,EA-MT1-P47,Ecuadendron acosta-solisianum,November 20 2025,March 23 2026,,0,XP222-OG,A,9,A9,3,37,14,0.6,1,,0.6,2,,,,,,,,,,,,,,,,,,,,,,,,,,,,,,,,,,,,,
,AE-MT2-P22,Annona edulis,February 4 2026,March 23 2026,,0,XP222-OG,A,11,A11,3,,53,0.5,8,,0.5,,,,,,,,,,,,,,,,,,,,,,,,,,,,,,,,,,,,,,
,BU-MT4-P25,Brosimum utile,August 20 2025,March 23 2026,,0,XP222-OG,A,12,A12,3,36,32,0.3,5,,0.3,,,,,,,,,,,,,,,,,,,,,,,,,,,,,,,,,,,,,,
,BG-MT4-P67,Banara guianensis,August 20 2025,March 23 2026,November 20 2025,1,XP222-OG,A,14,A14,3,68,,,,,0,,,,,,,,,,,,,,,,,,,,,,,,,,,,,,,,,,,,,,
,BG-MT1-P47,Banara guianensis,February 4 2026,March 23 2026,,0,XP222-OG,A,14,A14,3,,36,0.5,5,,0.5,,,,,,,,,,,,,,,,,,,,,,,,,,,,,,,,,,,,,,
,PG-MT1-P8,Pouruma guianensis,February 4 2026,March 23 2026,,0,XP222-OG,A,15,A15,3,,37,1.4,1,,1.4,,,,,,,,,,,,,,,,,,,,,,,,,,,,,,,,,,,,,,
,DC-MT3-P40,Dacryodes cupularis,February 4 2026,March 23 2026,,0,XP222-OG,A,16,A16,3,,32,0.6,2,,0.6,6,,,,,,,,,,,,,,,,,,,,,,,,,,,,,,,,,,,,,
,CP-MT5-P31,Carapa guianensis,August 20 2025,March 23 2026,,0,XP222-OG,B,1,B1,3,59,65,1.4,9,,1.4,15,,,,,,,,,,,,,,,,,,,,,,,,,,,,,,,,,,,,,
,BP-MT4-P19,Bauhinia pichinchensis,February 4 2026,March 23 2026,,0,XP222-OG,B,2,B2,3,,22,0.3,2,,0.3,,,,,,,,,,,,,,,,,,,,,,,,,,,,,,,,,,,,,,
,BU-MT3-P3,Brosimum utile,August 20 2025,March 23 2026,,0,XP222-OG,B,3,B3,3,28,32,1.5,3,,1.5,,,,,,,,,,,,,,,,,,,,,,,,,,,,,,,,,,,,,,
,VB-MT4-P67,Vismia baccifera,February 4 2026,March 23 2026,March 23 2026,1,XP222-OG,B,4,B4,3,,,,,,0,,,,,,,,,,,,,,,,,,,,,,,,,,,,,,,,,,,,,,
,OP-MT6-P60,Ochroma pyramidale,February 4 2026,March 23 2026,,0,XP222-OG,B,5,B5,3,,100,0.8,5,,0.8,,,,,,,,,,,,,,,,,,,,,,,,,,,,,,,,,,,,,,
,PG-MT4-P14,Pouruma guianensis,February 4 2026,March 23 2026,,0,XP222-OG,B,6,B6,3,,17,0.4,0,,0.4,,,,,,,,,,,,,,,,,,,,,,,,,,,,,,,,,,,,,,
,CH-MT3-P43,Cecropia hispidissima,August 20 2025,March 23 2026,,0,XP222-OG,B,7,B7,3,43,17,0.6,3,,0.6,,,,,,,,,,,,,,,,,,,,,,,,,,,,,,,,,,,,,,
,BG-MT2-P26,Banara guianensis,August 20 2025,March 23 2026,March 23 2026,1,XP222-OG,B,8,B8,3,62,,,,,0,,,,,,,,,,,,,,,,,,,,,,,,,,,,,,,,,,,,,,
,AE-MT2-P18,Annona edulis,February 4 2026,March 23 2026,,0,XP222-OG,B,9,B9,3,,40,0.4,1,,0.4,,,,,,,,,,,,,,,,,,,,,,,,,,,,,,,,,,,,,,
,DC-MT5-P61,Dacryodes cupularis,August 20 2025,March 23 2026,March 23 2026,1,XP222-OG,B,10,B10,3,26,,,,,0,,,,,,,,,,,,,,,,,,,,,,,,,,,,,,,,,,,,,,
,BS-MT5-P19,Bactris setulosa,August 20 2025,March 23 2026,,0,XP222-OG,B,13,B13,3,24,13,0.7,1,,0.7,,,,,,,,,,,,,,,,,,,,,,,,,,,,,,,,,,,,,,
,EA-MT1-P74,Ecuadendron acosta-solisianum,November 20 2025,March 23 2026,,0,XP222-OG,B,15,B15,3,37,48,0.8,5,,0.8,17,,,,,,,,,,,,,,,,,,,,,,,,,,,,,,,,,,,,,
,CP-MT5-P58,Carapa guianensis,August 20 2025,March 23 2026,,0,XP222-OG,C,3,C3,3,54,49,1.2,4,,1.2,17,,,,,,,,,,,,,,,,,,,,,,,,,,,,,,,,,,,,,
,PG-MT3-P27,Pouruma guianensis,February 4 2026,March 23 2026,,0,XP222-OG,C,4,C4,3,,9,0.3,3,,0.3,,,,,,,,,,,,,,,,,,,,,,,,,,,,,,,,,,,,,,
,DC-MT2-P42,Dacryodes cupularis,February 4 2026,March 23 2026,,0,XP222-OG,C,5,C5,3,,36,0.5,3,,0.5,,,,,,,,,,,,,,,,,,,,,,,,,,,,,,,,,,,,,,
,BP-MT2-P30,Bauhinia pichinchensis,February 4 2026,March 23 2026,,0,XP222-OG,C,6,C6,3,,8,0.4,0,,0.4,,,,,,,,,,,,,,,,,,,,,,,,,,,,,,,,,,,,,,
,BG-MT5-P47,Banara guianensis,August 20 2025,March 23 2026,March 23 2026,1,XP222-OG,C,7,C7,3,50,,,,,0,,,,,,,,,,,,,,,,,,,,,,,,,,,,,,,,,,,,,,
,VB-MT4-P50,Vismia baccifera,February 4 2026,March 23 2026,,0,XP222-OG,C,8,C8,3,,29,0.3,7,,0.3,,,,,,,,,,,,,,,,,,,,,,,,,,,,,,,,,,,,,,
,BS-MT6-P79,Bactris setulosa,November 20 2025,March 23 2026,,0,XP222-OG,C,9,C9,3,20,14,1.2,3,,1.2,,,,,,,,,,,,,,,,,,,,,,,,,,,,,,,,,,,,,,
,EA-MT1-P33,Ecuadendron acosta-solisianum,November 20 2025,March 23 2026,,0,XP222-OG,C,10,C10,3,48,93,0.6,7,,0.6,29,,,,,,,,,,,,,,,,,,,,,,,,,,,,,,,,,,,,,
,CH-MT4-P95,Cecropia hispidissima,August 20 2025,March 23 2026,,0,XP222-OG,C,13,C13,3,53,11,0.6,0,,0.6,,,,,,,,,,,,,,,,,,,,,,,,,,,,,,,,,,,,,,
,BU-MT5-P48,Brosimum utile,August 20 2025,March 23 2026,,0,XP222-OG,C,15,C15,3,37,37,0.5,3,,0.5,,,,,,,,,,,,,,,,,,,,,,,,,,,,,,,,,,,,,,
,AE-MT3-P15,Annona edulis,February 4 2026,March 23 2026,,0,XP222-OG,C,16,C16,3,,30,0.4,7,,0.4,,,,,,,,,,,,,,,,,,,,,,,,,,,,,,,,,,,,,,
,VB-MT4-P37,Vismia baccifera,February 4 2026,March 23 2026,,0,XP222-OG,A,1,A1,4,,37,0.5,2,,0.5,,,,,,,,,,,,,,,,,,,,,,,,,,,,,,,,,,,,,,
,CH-MT2-P69,Cecropia hispidissima,August 20 2025,March 23 2026,March 23 2026,1,XP222-OG,A,2,A2,4,40,,,,,0,,,,,,,,,,,,,,,,,,,,,,,,,,,,,,,,,,,,,,
,BS-MT7-P7,Bactris setulosa,August 20 2025,March 23 2026,,0,XP222-OG,A,3,A3,4,18,9,0.7,1,,0.7,,,,,,,,,,,,,,,,,,,,,,,,,,,,,,,,,,,,,,
,CP-MT1-P27,Carapa guianensis,August 20 2025,March 23 2026,,0,XP222-OG,A,4,A4,4,53,57,0.9,3,,0.9,9,,,,,,,,,,,,,,,,,,,,,,,,,,,,,,,,,,,,,
,BU-MT5-P53,Brosimum utile,August 20 2025,March 23 2026,,0,XP222-OG,A,5,A5,4,37,40,0.8,7,,0.8,,,,,,,,,,,,,,,,,,,,,,,,,,,,,,,,,,,,,,
,AE-MT5-P57,Annona edulis,February 4 2026,March 23 2026,,0,XP222-OG,A,6,A6,4,,45,0.4,6,,0.4,,,,,,,,,,,,,,,,,,,,,,,,,,,,,,,,,,,,,,
,OP-MT7-P59,Ochroma pyramidale,November 20 2025,March 23 2026,,0,XP222-OG,A,8,A8,4,100,104,1.2,8,,1.2,,,,,,,,,,,,,,,,,,,,,,,,,,,,,,,,,,,,,,
,EA-MT1-P51,Ecuadendron acosta-solisianum,November 20 2025,March 23 2026,,0,XP222-OG,A,10,A10,4,49,52,0.8,7,,0.8,11,,,,,,,,,,,,,,,,,,,,,,,,,,,,,,,,,,,,,
,BG-MT1-P41,Banara guianensis,August 20 2025,March 23 2026,December 10 2025,1,XP222-OG,A,11,A11,4,47,,,,,0,,,,,,,,,,,,,,,,,,,,,,,,,,,,,,,,,,,,,,
,BG-MT1-P85,Banara guianensis,February 4 2026,March 23 2026,,0,XP222-OG,A,11,A11,4,,37,0.4,6,,0.4,,,,,,,,,,,,,,,,,,,,,,,,,,,,,,,,,,,,,,
,PG-MT3-P28,Pouruma guianensis,February 4 2026,March 23 2026,,0,XP222-OG,A,14,A14,4,,25,0.6,3,,0.6,,,,,,,,,,,,,,,,,,,,,,,,,,,,,,,,,,,,,,
,BP-MT4-P90,Bauhinia pichinchensis,February 4 2026,March 23 2026,,0,XP222-OG,A,15,A15,4,,25,0.8,0,,0.8,,,,,,,,,,,,,,,,,,,,,,,,,,,,,,,,,,,,,,
,DC-MT1-P79,Dacryodes cupularis,August 20 2025,March 23 2026,,0,XP222-OG,A,16,A16,4,38,40,0.4,3,,0.4,12,,,,,,,,,,,,,,,,,,,,,,,,,,,,,,,,,,,,,
,BG-MT5-P60,Banara guianensis,August 20 2025,March 23 2026,,0,XP222-OG,B,1,B1,4,55,62,0.6,13,,0.6,,,,,,,,,,,,,,,,,,,,,,,,,,,,,,,,,,,,,,
,BU-MT4-P44,Brosimum utile,August 20 2025,March 23 2026,,0,XP222-OG,B,3,B3,4,29,40,0.6,5,,0.6,,,,,,,,,,,,,,,,,,,,,,,,,,,,,,,,,,,,,,
,CH-MT4-P92,Cecropia hispidissima,August 20 2025,March 23 2026,March 23 2026,1,XP222-OG,B,5,B5,4,48,,,,,0,,,,,,,,,,,,,,,,,,,,,,,,,,,,,,,,,,,,,,
,DC-MT4-P75,Dacryodes cupularis,August 20 2025,March 23 2026,March 23 2026,1,XP222-OG,B,6,B6,4,31,,,,,0,,,,,,,,,,,,,,,,,,,,,,,,,,,,,,,,,,,,,,
,EA-MT2-P25,Ecuadendron acosta-solisianum,May 21 2025,March 23 2026,,0,XP222-OG,B,9,B9,4,29,67,1,12,,1,25,,,,,,,,,,,,,,,,,,,,,,,,,,,,,,,,,,,,,
,CP-MT5-P26,Carapa guianensis,August 20 2025,March 23 2026,,0,XP222-OG,B,10,B10,4,43,43,1.1,5,,1.1,7,,,,,,,,,,,,,,,,,,,,,,,,,,,,,,,,,,,,,
,BS-MT6-P1,Bactris setulosa,August 20 2025,March 23 2026,,0,XP222-OG,B,12,B12,4,25,10,1.1,,,1.1,,,,,,,,,,,,,,,,,,,,,,,,,,,,,,,,,,,,,,
,VB-MT4-P18,Vismia baccifera,February 4 2026,March 23 2026,,0,XP222-OG,B,13,B13,4,,46,0.2,4,,0.2,,,,,,,,,,,,,,,,,,,,,,,,,,,,,,,,,,,,,,
,AE-MT1-P47,Annona edulis,February 4 2026,March 23 2026,,0,XP222-OG,B,14,B14,4,,51,0.5,7,,0.5,,,,,,,,,,,,,,,,,,,,,,,,,,,,,,,,,,,,,,
,BP-MT1-P21,Bauhinia pichinchensis,February 4 2026,March 23 2026,,0,XP222-OG,B,15,B15,4,,25,0.1,5,,0.1,,,,,,,,,,,,,,,,,,,,,,,,,,,,,,,,,,,,,,
,PG-MT4-P25,Pouruma guianensis,February 4 2026,March 23 2026,,0,XP222-OG,B,16,B16,4,,20,0.1,3,,0.1,,,,,,,,,,,,,,,,,,,,,,,,,,,,,,,,,,,,,,
,AE-MT4-P18,Annona edulis,February 4 2026,March 23 2026,,0,XP222-OG,C,2,C2,4,,44,0.3,10,,0.3,,,,,,,,,,,,,,,,,,,,,,,,,,,,,,,,,,,,,,
,DC-MT4-P26,Dacryodes cupularis,August 20 2025,March 23 2026,,0,XP222-OG,C,3,C3,4,24,26,0.3,3,,0.3,22,,,,,,,,,,,,,,,,,,,,,,,,,,,,,,,,,,,,,
,VB-MT4-P9,Vismia baccifera,February 4 2026,March 23 2026,,0,XP222-OG,C,4,C4,4,,53,0.2,4,,0.2,,,,,,,,,,,,,,,,,,,,,,,,,,,,,,,,,,,,,,
,CP-MT1-P28,Carapa guianensis,August 20 2025,March 23 2026,,0,XP222-OG,C,5,C5,4,56,62,1.1,4,,1.1,,,,,,,,,,,,,,,,,,,,,,,,,,,,,,,,,,,,,,
,CH-MT5-P26,Cecropia hispidissima,August 20 2025,March 23 2026,,0,XP222-OG,C,8,C8,4,60,70,0.3,2,,0.3,17,,,,,,,,,,,,,,,,,,,,,,,,,,,,,,,,,,,,,
,EA-MT3-P12,Ecuadendron acosta-solisianum,May 21 2025,March 23 2026,,0,XP222-OG,C,9,C9,4,30,46,0.5,5,,0.5,13,,,,,,,,,,,,,,,,,,,,,,,,,,,,,,,,,,,,,
,BU-MT1-P41,Brosimum utile,May 21 2025,March 23 2026,,0,XP222-OG,C,10,C10,4,20,28,0.4,3,,0.4,,,,,,,,,,,,,,,,,,,,,,,,,,,,,,,,,,,,,,
,BG-MT3-P80,Banara guianensis,August 20 2025,March 23 2026,,0,XP222-OG,C,11,C11,4,42,29,0.1,20,,0.1,,,,,,,,,,,,,,,,,,,,,,,,,,,,,,,,,,,,,,
,PG-MT5-P20,Pouruma guianensis,February 4 2026,March 23 2026,,0,XP222-OG,C,13,C13,4,,21,0.2,4,,0.2,,,,,,,,,,,,,,,,,,,,,,,,,,,,,,,,,,,,,,
,BS-MT7-P26,Bactris setulosa,November 20 2025,March 23 2026,,0,XP222-OG,C,14,C14,4,25,10,1,4,,1,,,,,,,,,,,,,,,,,,,,,,,,,,,,,,,,,,,,,,
,BP-MT1-P70,Bauhinia pichinchensis,February 4 2026,March 23 2026,,0,XP222-OG,C,15,C15,4,,25,0.3,1,,0.3,,,,,,,,,,,,,,,,,,,,,,,,,,,,,,,,,,,,,,
,PA-MT3-P43,Piper aduncum,November 20 2025,March 23 2026,,0,XP222-OG,C,16,C16,4,43,50,0.4,1,,0.4,,,,,,,,,,,,,,,,,,,,,,,,,,,,,,,,,,,,,,
,IS-MT5-P62,Inga silanchensis,November 20 2025,March 23 2026,,0,XP222-OG,A,2,A2,5,33,24,0.8,2,,0.8,7,,,,,,,,,,,,,,,,,,,,,,,,,,,,,,,,,,,,,
,PG-MT1-P9,Pouruma guianensis,February 4 2026,March 23 2026,,0,XP222-OG,A,5,A5,5,,40,0.2,2,,0.2,,,,,,,,,,,,,,,,,,,,,,,,,,,,,,,,,,,,,,
,VB-MT4-P31,Vismia baccifera,February 4 2026,March 23 2026,,0,XP222-OG,A,7,A7,5,,38,0.1,4,,0.1,,,,,,,,,,,,,,,,,,,,,,,,,,,,,,,,,,,,,,
,AE-MT3-P61,Annona edulis,February 4 2026,March 23 2026,,0,XP222-OG,A,9,A9,5,,44,0.4,9,,0.4,,,,,,,,,,,,,,,,,,,,,,,,,,,,,,,,,,,,,,
,BG-MT4-P38,Banara guianensis,August 20 2025,March 23 2026,,0,XP222-OG,A,10,A10,5,59,59,0.3,19,,0.3,,,,,,,,,,,,,,,,,,,,,,,,,,,,,,,,,,,,,,
,BP-MT4-P16,Bauhinia pichinchensis,February 4 2026,March 23 2026,,0,XP222-OG,A,11,A11,5,,33,0.3,2,,0.3,,,,,,,,,,,,,,,,,,,,,,,,,,,,,,,,,,,,,,
,BU-MT3-P57,Brosimum utile,August 20 2025,March 23 2026,,0,XP222-OG,A,13,A13,5,31,35,0.2,5,,0.2,,,,,,,,,,,,,,,,,,,,,,,,,,,,,,,,,,,,,,
,EA-MT3-P43,Ecuadendron acosta-solisianum,February 4 2026,March 23 2026,,0,XP222-OG,A,14,A14,5,,62,1.1,8,,1.1,18,,,,,,,,,,,,,,,,,,,,,,,,,,,,,,,,,,,,,
,DC-MT5-P7,Dacryodes cupularis,August 20 2025,March 23 2026,,0,XP222-OG,A,16,A16,5,33,35,0.4,4,,0.4,14,,,,,,,,,,,,,,,,,,,,,,,,,,,,,,,,,,,,,
,AE-MT1-P53,Annona edulis,February 4 2026,March 23 2026,,0,XP222-OG,B,1,B1,5,,50,0.4,10,,0.4,,,,,,,,,,,,,,,,,,,,,,,,,,,,,,,,,,,,,,
,VB-MT3-P71,Vismia baccifera,February 4 2026,March 23 2026,,0,XP222-OG,B,3,B3,5,,40,0.1,4,,0.1,,,,,,,,,,,,,,,,,,,,,,,,,,,,,,,,,,,,,,
,CH-MT3-P17,Cecropia hispidissima,August 20 2025,March 23 2026,,0,XP222-OG,B,5,B5,5,14,23,0.3,4,,0.3,,,,,,,,,,,,,,,,,,,,,,,,,,,,,,,,,,,,,,
,CP-MT5-P67,Carapa guianensis,August 20 2025,March 23 2026,,0,XP222-OG,B,6,B6,5,37,46,0.1,3,,0.1,15,,,,,,,,,,,,,,,,,,,,,,,,,,,,,,,,,,,,,
,IS-MT3-P72,Inga silanchensis,February 4 2026,March 23 2026,,0,XP222-OG,B,9,B9,5,,34,0.4,1,,0.4,1,,,,,,,,,,,,,,,,,,,,,,,,,,,,,,,,,,,,,
,PG-MT3-P3,Pouruma guianensis,February 4 2026,March 23 2026,,0,XP222-OG,B,11,B11,5,,14,0.1,1,,0.1,,,,,,,,,,,,,,,,,,,,,,,,,,,,,,,,,,,,,,
,BG-MT5-P70,Banara guianensis,August 20 2025,March 23 2026,,0,XP222-OG,B,13,B13,5,64,27,0.3,16,,0.3,,,,,,,,,,,,,,,,,,,,,,,,,,,,,,,,,,,,,,
,BP-MT4-P62,Bauhinia pichinchensis,February 4 2026,March 23 2026,,0,XP222-OG,B,14,B14,5,,18,0.2,8,,0.2,,,,,,,,,,,,,,,,,,,,,,,,,,,,,,,,,,,,,,
,DC-MT4-P65,Dacryodes cupularis,August 20 2025,March 23 2026,,0,XP222-OG,B,16,B16,5,34,29,0.6,5,,0.6,18,,,,,,,,,,,,,,,,,,,,,,,,,,,,,,,,,,,,,
,PG-MT4-P31,Pouruma guianensis,February 4 2026,March 23 2026,March 23 2026,1,XP222-OG,C,2,C2,5,,,,,,0,,,,,,,,,,,,,,,,,,,,,,,,,,,,,,,,,,,,,,
,EA-MT1-P104,Ecuadendron acosta-solisianum,February 4 2026,March 23 2026,,0,XP222-OG,C,4,C4,5,,28,0.5,5,,0.5,13,,,,,,,,,,,,,,,,,,,,,,,,,,,,,,,,,,,,,
,AE-MT4-P40,Annona edulis,February 4 2026,March 23 2026,,0,XP222-OG,C,5,C5,5,,49,0.3,6,,0.3,,,,,,,,,,,,,,,,,,,,,,,,,,,,,,,,,,,,,,
,DC-MT1-P52,Dacryodes cupularis,August 20 2025,March 23 2026,,0,XP222-OG,C,6,C6,5,35,38,0.3,7,,0.3,17,,,,,,,,,,,,,,,,,,,,,,,,,,,,,,,,,,,,,
,CH-MT5-P84,Cecropia hispidissima,August 20 2025,March 23 2026,,0,XP222-OG,C,7,C7,5,44,53,0.4,5,,0.4,,,,,,,,,,,,,,,,,,,,,,,,,,,,,,,,,,,,,,
,BP-MT4-P71,Bauhinia pichinchensis,February 4 2026,March 23 2026,,0,XP222-OG,C,10,C10,5,,23,0.2,5,,0.2,,,,,,,,,,,,,,,,,,,,,,,,,,,,,,,,,,,,,,
,IS-MT2-P46,Inga silanchensis,November 20 2025,March 23 2026,,0,XP222-OG,C,11,C11,5,25,29,0.2,2,,0.2,6,,,,,,,,,,,,,,,,,,,,,,,,,,,,,,,,,,,,,
,VB-MT2-P56,Vismia baccifera,February 4 2026,March 23 2026,March 23 2026,1,XP222-OG,C,12,C12,5,,,,,,0,,,,,,,,,,,,,,,,,,,,,,,,,,,,,,,,,,,,,,
,BG-MT2-P90,Banara guianensis,August 20 2025,March 23 2026,,0,XP222-OG,C,15,C15,5,55,60,0.2,22,,0.2,,,,,,,,,,,,,,,,,,,,,,,,,,,,,,,,,,,,,,
,BS-MT3-P64,Bactris setulosa,February 4 2026,March 23 2026,,0,XP222-OG,C,16,C16,5,,20,1.1,4,,1.1,,,,,,,,,,,,,,,,,,,,,,,,,,,,,,,,,,,,,,
,CH-MT1-P20,Cecropia hispidissima,May 9 2025,February 26 2025,February 26 2025,1,XP223-OG,A,1,A1,1,19,,,,,0,,,,,,,,,,,,,,,,,,,,,,,,,,,,,,,,,,,,,,
,AE-MT5-P17,Annona edulis,,February 26 2025,,0,XP223-OG,A,2,A2,1,,45,0.1,5,,0.1,,,,,,,,,,,,,,,,,,,,,,,,,,,,,,,,,,,,,,
,BU-MT2-P56,Brosimum utile,August 19 2025,February 26 2025,,0,XP223-OG,A,3,A3,1,28,30,0.5,1,,0.5,,,,,,,,,,,,,,,,,,,,,,,,,,,,,,,,,,,,,,
,EA-MT2-P6,Ecuadendron acosta-solisianum,May 9 2025,February 26 2025,,0,XP223-OG,A,4,A4,1,40,55,1,7,,1,1,,,,,,,,,,,,,,,,,,,,,,,,,,,,,,,,,,,,,
,MC-MT1-P47,Miconia conocuatrecasasii,August 19 2025,February 26 2025,,0,XP223-OG,A,5,A5,1,22,22,0.5,5,,0.5,,,,,,,,,,,,,,,,,,,,,,,,,,,,,,,,,,,,,,
,IS-MT2-P87,Inga silanchensis,March 20 2025,February 26 2025,,0,XP223-OG,A,6,A6,1,30.5,26,0.4,1,,0.4,,,,,,,,,,,,,,,,,,,,,,,,,,,,,,,,,,,,,,
,BG-MT5-P80,Banara guianensis,August 19 2025,February 26 2025,December 3 2025,1,XP223-OG,A,7,A7,1,60,,,,,0,,,,,,,,,,,,,,,,,,,,,,,,,,,,,,,,,,,,,,
,BG-MT1-P64,Banara guianensis,,February 26 2025,,0,XP223-OG,A,7,A7,1,,68,0.6,13,,0.6,,,,,,,,,,,,,,,,,,,,,,,,,,,,,,,,,,,,,,
,VB-MT4-P23,Vismia baccifera,,February 26 2025,,0,XP223-OG,A,8,A8,1,,,,,,0,,,,,,,,,,,,,,,,,,,,,,,,,,,,,,,,,,,,,,
,PA-MT3-P46,Piper aduncum,March 20 2025,February 26 2025,,0,XP223-OG,A,9,A9,1,20,20,0.5,4,,0.5,,,,,,,,,,,,,,,,,,,,,,,,,,,,,,,,,,,,,,
,OP-MT9-P72,Ochroma pyramidale,March 20 2025,February 26 2025,May 09 2025,1,XP223-OG,A,10,A10,1,49,,,,,0,,,,,,,,,,,,,,,,,,,,,,,,,,,,,,,,,,,,,,
,OP-MT9-P34,Ochroma pyramidale,December 3 2025,February 26 2025,February 26 2025,1,XP223-OG,A,10,A10,1,87,,,,,0,,,,,,,,,,,,,,,,,,,,,,,,,,,,,,,,,,,,,,
,BP-MT2-P29,Bauhinia pichinchensis,,February 26 2025,,0,XP223-OG,A,11,A11,1,,31,0.5,1,,0.5,,,,,,,,,,,,,,,,,,,,,,,,,,,,,,,,,,,,,,
,CP-MT5-P49,Carapa guianensis,August 19 2025,February 26 2025,,0,XP223-OG,A,12,A12,1,63,50,1,5,,1,20,,,,,,,,,,,,,,,,,,,,,,,,,,,,,,,,,,,,,
,BS-MT6-P71,Bactris setulosa,December 3 2025,February 26 2025,,0,XP223-OG,A,13,A13,1,20,24,1.3,4,,1.3,,,,,,,,,,,,,,,,,,,,,,,,,,,,,,,,,,,,,,
,DC-MT3-P14,Dacryodes cupularis,August 19 2025,February 26 2025,,0,XP223-OG,A,14,A14,1,41,36,0.5,2,,0.5,3,,,,,,,,,,,,,,,,,,,,,,,,,,,,,,,,,,,,,
,PG-MT1-P38,Pouruma guianensis,,February 26 2025,,0,XP223-OG,A,15,A15,1,,30,0.5,2,,0.5,,,,,,,,,,,,,,,,,,,,,,,,,,,,,,,,,,,,,,
,BG-MT3-P56,Banara guianensis,August 19 2025,February 26 2025,February 26 2025,1,XP223-OG,B,1,B1,1,56,,,,,0,,,,,,,,,,,,,,,,,,,,,,,,,,,,,,,,,,,,,,
,MC-MT3-P67,Miconia conocuatrecasasii,August 19 2025,February 26 2025,December 3 2025,1,XP223-OG,B,2,B2,1,20,,,,,0,,,,,,,,,,,,,,,,,,,,,,,,,,,,,,,,,,,,,,
,MC-MT2-P27,Miconia conocuatrecasasii,,February 26 2025,,0,XP223-OG,B,2,B2,1,,13,0.6,4,,0.6,,,,,,,,,,,,,,,,,,,,,,,,,,,,,,,,,,,,,,
,BU-MT1-P68,Brosimum utile,May 9 2025,February 26 2025,,0,XP223-OG,B,3,B3,1,33,85,0.45,5,,0.45,,,,,,,,,,,,,,,,,,,,,,,,,,,,,,,,,,,,,,
,OP-MT2-P53,Ochroma pyramidale,March 20 2025,February 26 2025,May 09 2025,1,XP223-OG,B,4,B4,1,25.5,,,,,0,,,,,,,,,,,,,,,,,,,,,,,,,,,,,,,,,,,,,,
,OP-MT9-P35,Ochroma pyramidale,December 3 2025,February 26 2025,,0,XP223-OG,B,4,B4,1,84,93,0.5,1,,0.5,,,,,,,,,,,,,,,,,,,,,,,,,,,,,,,,,,,,,,
,PG-MT2-P53,Pouruma guianensis,,February 26 2025,,0,XP223-OG,B,5,B5,1,,24,0.4,2,,0.4,,,,,,,,,,,,,,,,,,,,,,,,,,,,,,,,,,,,,,
,CP-MT2-P23,Carapa guianensis,May 9 2025,February 26 2025,December 3 2025,1,XP223-OG,B,6,B6,1,55,,,,,0,,,,,,,,,,,,,,,,,,,,,,,,,,,,,,,,,,,,,,
,CP-MT1-P65,Carapa guianensis,,February 26 2025,,0,XP223-OG,B,6,B6,1,,84,1.5,5,,1.5,18,,,,,,,,,,,,,,,,,,,,,,,,,,,,,,,,,,,,,REPLACED
,AE-MT4-P25,Annona edulis,,February 26 2025,,0,XP223-OG,B,7,B7,1,,35,0.5,5,,0.5,,,,,,,,,,,,,,,,,,,,,,,,,,,,,,,,,,,,,,
,BS-MT6-P9,Bactris setulosa,August 19 2025,February 26 2025,,0,XP223-OG,B,8,B8,1,12,17,0.7,3,,0.7,,,,,,,,,,,,,,,,,,,,,,,,,,,,,,,,,,,,,,
,PA-MT6-P53,Piper aduncum,May 9 2025,February 26 2025,February 26 2025,1,XP223-OG,B,9,B9,1,18,,,,,0,,,,,,,,,,,,,,,,,,,,,,,,,,,,,,,,,,,,,,
,EA-MT5-P58,Ecuadendron acosta-solisianum,December 3 2025,February 26 2025,,0,XP223-OG,B,10,B10,1,48,57,0.7,9,,0.7,17,,,,,,,,,,,,,,,,,,,,,,,,,,,,,,,,,,,,,
,CH-MT5-P51,Cecropia hispidissima,August 19 2025,February 26 2025,December 3 2025,1,XP223-OG,B,11,B11,1,44,,,,,0,,,,,,,,,,,,,,,,,,,,,,,,,,,,,,,,,,,,,,
,CH-MT5-P69,Cecropia hispidissima,,February 26 2025,,0,XP223-OG,B,11,B11,1,,53,0.3,3,,0.3,,,,,,,,,,,,,,,,,,,,,,,,,,,,,,,,,,,,,,
,IS-MT5-P6,Inga silanchensis,March 20 2025,February 26 2025,,0,XP223-OG,B,12,B12,1,24,21,0.5,5,,0.5,,,,,,,,,,,,,,,,,,,,,,,,,,,,,,,,,,,,,,
,VB-MT1-P11,Vismia baccifera,August 19 2025,February 26 2025,,0,XP223-OG,B,13,B13,1,49,37,0.4,1,,0.4,,,,,,,,,,,,,,,,,,,,,,,,,,,,,,,,,,,,,,
,BP-MT1-P56,Bauhinia pichinchensis,,February 26 2025,,0,XP223-OG,B,14,B14,1,,12,0.6,0,,0.6,,,,,,,,,,,,,,,,,,,,,,,,,,,,,,,,,,,,,,
,DC-MT2-P36,Dacryodes cupularis,,February 26 2025,,0,XP223-OG,B,15,B15,1,,14,0.4,2,,0.4,4,,,,,,,,,,,,,,,,,,,,,,,,,,,,,,,,,,,,,
,OP-MT6-P5,Ochroma pyramidale,May 9 2025,February 26 2025,August 19 2025,1,XP223-OG,C,1,C1,1,45,,,,,0,,,,,,,,,,,,,,,,,,,,,,,,,,,,,,,,,,,,,,
,OP-MT9-P65,Ochroma pyramidale,December 3 2025,February 26 2025,February 26 2025,1,XP223-OG,C,1,C1,1,90,,,,,0,,,,,,,,,,,,,,,,,,,,,,,,,,,,,,,,,,,,,,
,BU-MT4-P81,Brosimum utile,August 19 2025,February 26 2025,,0,XP223-OG,C,2,C2,1,39,40,0.6,3,,0.6,,,,,,,,,,,,,,,,,,,,,,,,,,,,,,,,,,,,,,
,VB-MT3-P63,Vismia baccifera,,February 26 2025,,0,XP223-OG,C,3,C3,1,,48,0.4,2,,0.4,,,,,,,,,,,,,,,,,,,,,,,,,,,,,,,,,,,,,,
,BG-MT2-P46,Banara guianensis,August 19 2025,February 26 2025,February 26 2025,1,XP223-OG,C,4,C4,1,60,,,,,0,,,,,,,,,,,,,,,,,,,,,,,,,,,,,,,,,,,,,,
,CP-MT1-P23,Carapa guianensis,August 19 2025,February 26 2025,,0,XP223-OG,C,6,C6,1,57,50,1,4,,1,20,,,,,,,,,,,,,,,,,,,,,,,,,,,,,,,,,,,,,
,CH-MT4-P60,Cecropia hispidissima,August 19 2025,February 26 2025,,0,XP223-OG,C,7,C7,1,37,42,0.7,0,,0.7,,,,,,,,,,,,,,,,,,,,,,,,,,,,,,,,,,,,,,
,MC-MT1-P43,Miconia conocuatrecasasii,August 19 2025,February 26 2025,February 26 2025,1,XP223-OG,C,8,C8,1,25,,,,,0,,,,,,,,,,,,,,,,,,,,,,,,,,,,,,,,,,,,,,
,DC-MT5-P32,Dacryodes cupularis,August 19 2025,February 26 2025,December 3 2025,1,XP223-OG,C,9,C9,1,30,,,,,0,,,,,,,,,,,,,,,,,,,,,,,,,,,,,,,,,,,,,,
,IS-MT4-P13,Inga silanchensis,May 9 2025,February 26 2025,February 26 2025,1,XP223-OG,C,10,C10,1,17,,,,,0,,,,,,,,,,,,,,,,,,,,,,,,,,,,,,,,,,,,,,
,BP-MT3-P12,Bauhinia pichinchensis,,February 26 2025,,0,XP223-OG,C,11,C11,1,,25,0.5,2,,0.5,,,,,,,,,,,,,,,,,,,,,,,,,,,,,,,,,,,,,,
,AE-MT3-P9,Annona edulis,,February 26 2025,,0,XP223-OG,C,12,C12,1,,37,0.5,6,,0.5,,,,,,,,,,,,,,,,,,,,,,,,,,,,,,,,,,,,,,
,EA-MT5-P23,Ecuadendron acosta-solisianum,December 3 2025,February 26 2025,,0,XP223-OG,C,13,C13,1,34,33,0.7,4,,0.7,9,,,,,,,,,,,,,,,,,,,,,,,,,,,,,,,,,,,,,
,BS-MT1-P35,Bactris setulosa,December 3 2025,February 26 2025,,0,XP223-OG,C,15,C15,1,20,25,1.6,3,,1.6,,,,,,,,,,,,,,,,,,,,,,,,,,,,,,,,,,,,,,
,PG-MT2-P70,Pouruma guianensis,,February 26 2025,,0,XP223-OG,C,16,C16,1,,18,0.4,3,,0.4,,,,,,,,,,,,,,,,,,,,,,,,,,,,,,,,,,,,,,
,EA-MT4-P24,Ecuadendron acosta-solisianum,May 9 2025,February 26 2025,,0,XP223-OG,A,1,A1,2,34,34,0.6,2,,0.6,6,,,,,,,,,,,,,,,,,,,,,,,,,,,,,,,,,,,,,
,BG-MT1-P65,Banara guianensis,August 19 2025,February 26 2025,,0,XP223-OG,A,2,A2,2,45,57,0.4,33,,0.4,,,,,,,,,,,,,,,,,,,,,,,,,,,,,,,,,,,,,,
,VB-MT4-P65,Vismia baccifera,,February 26 2025,,0,XP223-OG,A,3,A3,2,,40,0.4,2,,0.4,,,,,,,,,,,,,,,,,,,,,,,,,,,,,,,,,,,,,,
,DC-MT5-P51,Dacryodes cupularis,August 19 2025,February 26 2025,February 26 2025,1,XP223-OG,A,4,A4,2,34,,,,,0,,,,,,,,,,,,,,,,,,,,,,,,,,,,,,,,,,,,,,
,CP-MT1-P51,Carapa guianensis,August 19 2025,February 26 2025,,0,XP223-OG,A,5,A5,2,53,54,1.3,4,,1.3,13,,,,,,,,,,,,,,,,,,,,,,,,,,,,,,,,,,,,,
,BU-MT2-P40,Brosimum utile,August 19 2025,February 26 2025,February 26 2025,1,XP223-OG,A,6,A6,2,32,,,,,0,,,,,,,,,,,,,,,,,,,,,,,,,,,,,,,,,,,,,,
,PG-MT4-P70,Pouruma guianensis,,February 26 2025,,0,XP223-OG,A,7,A7,2,,15,0.4,4,,0.4,,,,,,,,,,,,,,,,,,,,,,,,,,,,,,,,,,,,,,
,OP-MT9-P31,Ochroma pyramidale,March 20 2025,February 26 2025,May 09 2025,1,XP223-OG,A,8,A8,2,55,,,,,0,,,,,,,,,,,,,,,,,,,,,,,,,,,,,,,,,,,,,,
,OP-MT9-P66,Ochroma pyramidale,December 3 2025,February 26 2025,,0,XP223-OG,A,8,A8,2,90,90,0.6,2,,0.6,,,,,,,,,,,,,,,,,,,,,,,,,,,,,,,,,,,,,,
,BP-MT1-P11,Bauhinia pichinchensis,,February 26 2025,,0,XP223-OG,A,9,A9,2,,14,0.4,2,,0.4,,,,,,,,,,,,,,,,,,,,,,,,,,,,,,,,,,,,,,
,IS-MT3-P62,Inga silanchensis,March 20 2025,February 26 2025,,0,XP223-OG,A,10,A10,2,23,19,0.5,1,,0.5,,,,,,,,,,,,,,,,,,,,,,,,,,,,,,,,,,,,,,
,AE-MT3-P33,Annona edulis,,February 26 2025,,0,XP223-OG,A,11,A11,2,,47,0.65,3,,0.65,,,,,,,,,,,,,,,,,,,,,,,,,,,,,,,,,,,,,,
,PA-MT7-P42,Piper aduncum,August 19 2025,February 26 2025,,0,XP223-OG,A,12,A12,2,38,35,0.4,0,,0.4,,,,,,,,,,,,,,,,,,,,,,,,,,,,,,,,,,,,,,
,MC-MT3-P10,Miconia conocuatrecasasii,August 19 2025,February 26 2025,,0,XP223-OG,A,13,A13,2,17,14,0.5,4,,0.5,,,,,,,,,,,,,,,,,,,,,,,,,,,,,,,,,,,,,,
,CH-MT3-P46,Cecropia hispidissima,August 19 2025,February 26 2025,December 3 2025,1,XP223-OG,A,14,A14,2,36,,,,,0,,,,,,,,,,,,,,,,,,,,,,,,,,,,,,,,,,,,,,
,CH-MT4-P4,Cecropia hispidissima,,February 26 2025,,0,XP223-OG,A,14,A14,2,,40,0.5,2,,0.5,,,,,,,,,,,,,,,,,,,,,,,,,,,,,,,,,,,,,,
,BS-MT1-P24,Bactris setulosa,August 19 2025,February 26 2025,December 3 2025,1,XP223-OG,A,15,A15,2,18,,,,,0,,,,,,,,,,,,,,,,,,,,,,,,,,,,,,,,,,,,,,
,BS-MT1-P91,Bactris setulosa,,February 26 2025,,0,XP223-OG,A,15,A15,2,,23,0.9,3,,0.9,,,,,,,,,,,,,,,,,,,,,,,,,,,,,,,,,,,,,,
,EA-MT1-P68,Ecuadendron acosta-solisianum,December 3 2025,February 26 2025,,0,XP223-OG,B,1,B1,2,40,35,0.8,5,,0.8,13,,,,,,,,,,,,,,,,,,,,,,,,,,,,,,,,,,,,,
,IS-MT5-P86,Inga silanchensis,March 20 2025,February 26 2025,December 3 2025,1,XP223-OG,B,2,B2,2,21,,,,,0,,,,,,,,,,,,,,,,,,,,,,,,,,,,,,,,,,,,,,
,IS-MT5-P78,Inga silanchensis,,February 26 2025,,0,XP223-OG,B,2,B2,2,,25,0.7,1,,0.7,,,,,,,,,,,,,,,,,,,,,,,,,,,,,,,,,,,,,,
,AE-MT5-P15,Annona edulis,,February 26 2025,,0,XP223-OG,B,3,B3,2,,45,,5,,0,,,,,,,,,,,,,,,,,,,,,,,,,,,,,,,,,,,,,,
,DC-MT4-P57,Dacryodes cupularis,,February 26 2025,,0,XP223-OG,B,5,B5,2,,8,0.45,4,,0.45,,,,,,,,,,,,,,,,,,,,,,,,,,,,,,,,,,,,,,
,OP-MT7-P11,Ochroma pyramidale,May 9 2025,February 26 2025,February 26 2025,1,XP223-OG,B,6,B6,2,73,,,,,0,,,,,,,,,,,,,,,,,,,,,,,,,,,,,,,,,,,,,,
,CP-MT5-P18,Carapa guianensis,August 19 2025,February 26 2025,,0,XP223-OG,B,7,B7,2,30,39,1.1,3,,1.1,7,,,,,,,,,,,,,,,,,,,,,,,,,,,,,,,,,,,,,
,BP-MT1-P73,Bauhinia pichinchensis,,February 26 2025,,0,XP223-OG,B,8,B8,2,,13,0.4,2,,0.4,,,,,,,,,,,,,,,,,,,,,,,,,,,,,,,,,,,,,,
,CH-MT5-P22,Cecropia hispidissima,August 19 2025,February 26 2025,,0,XP223-OG,B,9,B9,2,60,65,0.5,0,,0.5,,,,,,,,,,,,,,,,,,,,,,,,,,,,,,,,,,,,,,
,PG-MT2-P62,Pouruma guianensis,,February 26 2025,,0,XP223-OG,B,10,B10,2,,17,0.4,3,,0.4,,,,,,,,,,,,,,,,,,,,,,,,,,,,,,,,,,,,,,
,BS-MT7-P57,Bactris setulosa,December 3 2025,February 26 2025,,0,XP223-OG,B,11,B11,2,15,22,1.1,4,,1.1,,,,,,,,,,,,,,,,,,,,,,,,,,,,,,,,,,,,,,
,MC-MT2-P32,Miconia conocuatrecasasii,August 19 2025,February 26 2025,,0,XP223-OG,B,13,B13,2,12,16,0.5,5,,0.5,,,,,,,,,,,,,,,,,,,,,,,,,,,,,,,,,,,,,,
,BU-MT3-P45,Brosimum utile,August 19 2025,February 26 2025,,0,XP223-OG,B,14,B14,2,30,30,0.5,11,,0.5,,,,,,,,,,,,,,,,,,,,,,,,,,,,,,,,,,,,,,
,VB-MT2-P48,Vismia baccifera,,February 26 2025,,0,XP223-OG,B,15,B15,2,,37,0.3,2,,0.3,,,,,,,,,,,,,,,,,,,,,,,,,,,,,,,,,,,,,,
,BG-MT4-P27,Banara guianensis,August 19 2025,February 26 2025,,0,XP223-OG,B,16,B16,2,61,59,0.5,11,,0.5,,,,,,,,,,,,,,,,,,,,,,,,,,,,,,,,,,,,,,
,OP-MT6-P54,Ochroma pyramidale,May 9 2025,February 26 2025,December 3 2025,1,XP223-OG,C,2,C2,2,80,,,,,0,,,,,,,,,,,,,,,,,,,,,,,,,,,,,,,,,,,,,,
,OP-MT6-P62,Ochroma pyramidale,,February 26 2025,,0,XP223-OG,C,2,C2,2,,44,0.65,3,,0.65,,,,,,,,,,,,,,,,,,,,,,,,,,,,,,,,,,,,,,
,IS-MT4-P32,Inga silanchensis,May 9 2025,February 26 2025,,0,XP223-OG,C,4,C4,2,28,18,0.4,0,,0.4,,,,,,,,,,,,,,,,,,,,,,,,,,,,,,,,,,,,,,
,BG-MT4-P36,Banara guianensis,August 19 2025,February 26 2025,February 26 2025,1,XP223-OG,C,5,C5,2,62,,,,,0,,,,,,,,,,,,,,,,,,,,,,,,,,,,,,,,,,,,,,
,BP-MT3-P4,Bauhinia pichinchensis,,February 26 2025,,0,XP223-OG,C,6,C6,2,,16,0.3,1,,0.3,,,,,,,,,,,,,,,,,,,,,,,,,,,,,,,,,,,,,,
,BS-MT6-P58,Bactris setulosa,December 3 2025,February 26 2025,,0,XP223-OG,C,7,C7,2,15,29,1.25,1,,1.25,,,,,,,,,,,,,,,,,,,,,,,,,,,,,,,,,,,,,,
,CP-MT2-P67,Carapa guianensis,May 9 2025,February 26 2025,February 26 2025,1,XP223-OG,C,8,C8,2,50,,,,,0,,,,,,,,,,,,,,,,,,,,,,,,,,,,,,,,,,,,,,
,BU-MT1-P53,Brosimum utile,May 9 2025,February 26 2025,,0,XP223-OG,C,9,C9,2,22,22,0.45,2,,0.45,,,,,,,,,,,,,,,,,,,,,,,,,,,,,,,,,,,,,,
,AE-MT2-P67,Annona edulis,,February 26 2025,,0,XP223-OG,C,10,C10,2,,34,0.4,2,,0.4,,,,,,,,,,,,,,,,,,,,,,,,,,,,,,,,,,,,,,
,EA-MT5-P85,Ecuadendron acosta-solisianum,,February 26 2025,,0,XP223-OG,C,11,C11,2,,41,0.75,6,,0.75,3,,,,,,,,,,,,,,,,,,,,,,,,,,,,,,,,,,,,,
,PG-MT3-P45,Pouruma guianensis,,February 26 2025,,0,XP223-OG,C,12,C12,2,,20,0.35,3,,0.35,,,,,,,,,,,,,,,,,,,,,,,,,,,,,,,,,,,,,,
,CH-MT3-P24,Cecropia hispidissima,August 19 2025,February 26 2025,,0,XP223-OG,C,13,C13,2,42,52,0.6,3,,0.6,,,,,,,,,,,,,,,,,,,,,,,,,,,,,,,,,,,,,,
,MC-MT1-P38,Miconia conocuatrecasasii,August 19 2025,February 26 2025,,0,XP223-OG,C,14,C14,2,25,21,0.5,5,,0.5,,,,,,,,,,,,,,,,,,,,,,,,,,,,,,,,,,,,,,
,VB-MT3-P73,Vismia baccifera,,February 26 2025,,0,XP223-OG,C,15,C15,2,,28,0.35,2,,0.35,,,,,,,,,,,,,,,,,,,,,,,,,,,,,,,,,,,,,,
,PA-MT3-P20,Piper aduncum,December 3 2025,February 26 2025,,0,XP223-OG,C,16,C16,2,45,21,0.5,7,,0.5,,,,,,,,,,,,,,,,,,,,,,,,,,,,,,,,,,,,,,
,AE-MT2-P53,Annona edulis,,February 26 2025,,0,XP223-OG,A,1,A1,3,,24,0.45,6,,0.45,,,,,,,,,,,,,,,,,,,,,,,,,,,,,,,,,,,,,,
,VB-MT3-P2,Vismia baccifera,,February 26 2025,,0,XP223-OG,A,3,A3,3,,29,0.3,6,,0.3,,,,,,,,,,,,,,,,,,,,,,,,,,,,,,,,,,,,,,
,BG-MT5-P64,Banara guianensis,August 19 2025,February 26 2025,,0,XP223-OG,A,4,A4,3,33,40,0.5,18,,0.5,,,,,,,,,,,,,,,,,,,,,,,,,,,,,,,,,,,,,,
,CP-MT3-P53,Carapa guianensis,May 9 2025,February 26 2025,,0,XP223-OG,A,5,A5,3,50,50,1.2,5,,1.2,18,,,,,,,,,,,,,,,,,,,,,,,,,,,,,,,,,,,,,
,OP-MT2-P61,Ochroma pyramidale,March 20 2025,February 26 2025,May 09 2025,1,XP223-OG,A,6,A6,3,32,,,,,0,,,,,,,,,,,,,,,,,,,,,,,,,,,,,,,,,,,,,,
,OP-MT9-P60,Ochroma pyramidale,December 3 2025,February 26 2025,,0,XP223-OG,A,6,A6,3,77,79,0.8,6,,0.8,,,,,,,,,,,,,,,,,,,,,,,,,,,,,,,,,,,,,,
,PA-MT3-P55,Piper aduncum,March 20 2025,February 26 2025,,0,XP223-OG,A,7,A7,3,29,29,0.4,0,,0.4,,,,,,,,,,,,,,,,,,,,,,,,,,,,,,,,,,,,,,
,DC-MT3-P38,Dacryodes cupularis,August 19 2025,February 26 2025,,0,XP223-OG,A,9,A9,3,31,22,0.5,0,,0.5,,,,,,,,,,,,,,,,,,,,,,,,,,,,,,,,,,,,,,
,BU-MT5-P43,Brosimum utile,August 19 2025,February 26 2025,,0,XP223-OG,A,10,A10,3,40,43,0.7,1,,0.7,,,,,,,,,,,,,,,,,,,,,,,,,,,,,,,,,,,,,,
,BP-MT4-P4,Bauhinia pichinchensis,,February 26 2025,,0,XP223-OG,A,11,A11,3,30,15,0.5,2,,0.5,,,,,,,,,,,,,,,,,,,,,,,,,,,,,,,,,,,,,,
,EA-MT4-P33,Ecuadendron acosta-solisianum,,February 26 2025,,0,XP223-OG,A,12,A12,3,,22,0.9,3,,0.9,4,,,,,,,,,,,,,,,,,,,,,,,,,,,,,,,,,,,,,
,BS-MT1-P58,Bactris setulosa,December 3 2025,February 26 2025,,0,XP223-OG,A,13,A13,3,31,30,1.2,4,,1.2,,,,,,,,,,,,,,,,,,,,,,,,,,,,,,,,,,,,,,
,IS-MT2-P26,Inga silanchensis,December 3 2025,February 26 2025,,0,XP223-OG,A,14,A14,3,,29,1,2,,1,9,,,,,,,,,,,,,,,,,,,,,,,,,,,,,,,,,,,,,
,CH-MT2-P5,Cecropia hispidissima,August 19 2025,February 26 2025,,0,XP223-OG,A,15,A15,3,17,40,0.5,3,,0.5,,,,,,,,,,,,,,,,,,,,,,,,,,,,,,,,,,,,,,
,PG-MT2-P28,Pouruma guianensis,,February 26 2025,,0,XP223-OG,A,16,A16,3,,15,0.4,4,,0.4,,,,,,,,,,,,,,,,,,,,,,,,,,,,,,,,,,,,,,
,BG-MT3-P10,Banara guianensis,August 19 2025,February 26 2025,February 26 2025,1,XP223-OG,B,1,B1,3,57,,,,,0,,,,,,,,,,,,,,,,,,,,,,,,,,,,,,,,,,,,,,
,PG-MT5-P9,Pouruma guianensis,,February 26 2025,,0,XP223-OG,B,2,B2,3,,24,0.35,1,,0.35,,,,,,,,,,,,,,,,,,,,,,,,,,,,,,,,,,,,,,
,CH-MT3-P77,Cecropia hispidissima,August 19 2025,February 26 2025,December 3 2025,1,XP223-OG,B,3,B3,3,49,,,,,0,,,,,,,,,,,,,,,,,,,,,,,,,,,,,,,,,,,,,,
,CH-MT5-P67,Cecropia hispidissima,,February 26 2025,,0,XP223-OG,B,3,B3,3,,46,0.5,2,,0.5,,,,,,,,,,,,,,,,,,,,,,,,,,,,,,,,,,,,,,
,IS-MT1-P10,Inga silanchensis,May 9 2025,February 26 2025,,0,XP223-OG,B,5,B5,3,20,20,0.5,2,,0.5,4,,,,,,,,,,,,,,,,,,,,,,,,,,,,,,,,,,,,,
,OP-MT7-P1,Ochroma pyramidale,May 9 2025,February 26 2025,February 26 2025,1,XP223-OG,B,6,B6,3,58,,,,,0,,,,,,,,,,,,,,,,,,,,,,,,,,,,,,,,,,,,,,
,CP-MT3-P50,Carapa guianensis,May 9 2025,February 26 2025,,0,XP223-OG,B,7,B7,3,53,67,1,6,,1,26,,,,,,,,,,,,,,,,,,,,,,,,,,,,,,,,,,,,,
,BP-MT2-P61,Bauhinia pichinchensis,,February 26 2025,,0,XP223-OG,B,8,B8,3,,21,0.3,5,,0.3,,,,,,,,,,,,,,,,,,,,,,,,,,,,,,,,,,,,,,
,AE-MT3-P24,Annona edulis,,February 26 2025,,0,XP223-OG,B,9,B9,3,,44,0.5,5,,0.5,,,,,,,,,,,,,,,,,,,,,,,,,,,,,,,,,,,,,,
,BU-MT3-P72,Brosimum utile,August 19 2025,February 26 2025,,0,XP223-OG,B,11,B11,3,24,24,0.4,2,,0.4,,,,,,,,,,,,,,,,,,,,,,,,,,,,,,,,,,,,,,
,BS-MT5-P59,Bactris setulosa,December 3 2025,February 26 2025,,0,XP223-OG,B,12,B12,3,29,29,0.4,5,,0.4,,,,,,,,,,,,,,,,,,,,,,,,,,,,,,,,,,,,,,
,DC-MT4-P77,Dacryodes cupularis,August 19 2025,February 26 2025,,0,XP223-OG,B,13,B13,3,28,28,0.6,3,,0.6,10,,,,,,,,,,,,,,,,,,,,,,,,,,,,,,,,,,,,,
,EA-MT5-P5,Ecuadendron acosta-solisianum,December 3 2025,February 26 2025,,0,XP223-OG,B,14,B14,3,40,40,0.8,5,,0.8,13,,,,,,,,,,,,,,,,,,,,,,,,,,,,,,,,,,,,,
,VB-MT3-P72,Vismia baccifera,,February 26 2025,,0,XP223-OG,B,15,B15,3,,29,0.4,2,,0.4,,,,,,,,,,,,,,,,,,,,,,,,,,,,,,,,,,,,,,
,PA-MT7-P26,Piper aduncum,August 19 2025,February 26 2025,,0,XP223-OG,B,16,B16,3,26,26,0.5,6,,0.5,,,,,,,,,,,,,,,,,,,,,,,,,,,,,,,,,,,,,,
,DC-MT1-P2,Dacryodes cupularis,August 19 2025,February 26 2025,,0,XP223-OG,C,1,C1,3,33,33,0.55,2,,0.55,4,,,,,,,,,,,,,,,,,,,,,,,,,,,,,,,,,,,,,
,VB-MT5-P26,Vismia baccifera,,February 26 2025,,0,XP223-OG,C,2,C2,3,,49,0.4,3,,0.4,,,,,,,,,,,,,,,,,,,,,,,,,,,,,,,,,,,,,,
,MC-MT2-P53,Miconia conocuatrecasasii,August 19 2025,February 26 2025,,0,XP223-OG,C,3,C3,3,27,27,0.8,6,,0.8,12,,,,,,,,,,,,,,,,,,,,,,,,,,,,,,,,,,,,,
,BS-MT5-P11,Bactris setulosa,August 19 2025,February 26 2025,,0,XP223-OG,C,4,C4,3,19,20,0.85,2,,0.85,,,,,,,,,,,,,,,,,,,,,,,,,,,,,,,,,,,,,,
,IS-MT5-P26,Inga silanchensis,December 3 2025,February 26 2025,,0,XP223-OG,C,6,C6,3,18,18,0.7,4,,0.7,7,,,,,,,,,,,,,,,,,,,,,,,,,,,,,,,,,,,,,
,AE-MT4-P72,Annona edulis,,February 26 2025,,0,XP223-OG,C,7,C7,3,,45,0.5,5,,0.5,,,,,,,,,,,,,,,,,,,,,,,,,,,,,,,,,,,,,,
,EA-MT3-P9,Ecuadendron acosta-solisianum,May 9 2025,February 26 2025,,0,XP223-OG,C,8,C8,3,37,50,0.8,6,,0.8,12,,,,,,,,,,,,,,,,,,,,,,,,,,,,,,,,,,,,,
,PG-MT4-P54,Pouruma guianensis,,February 26 2025,,0,XP223-OG,C,9,C9,3,,20,0.3,5,,0.3,,,,,,,,,,,,,,,,,,,,,,,,,,,,,,,,,,,,,,
,BG-MT2-P9,Banara guianensis,August 19 2025,February 26 2025,,0,XP223-OG,C,10,C10,3,57,57,0.9,12,,0.9,,,,,,,,,,,,,,,,,,,,,,,,,,,,,,,,,,,,,,
,BP-MT4-P14,Bauhinia pichinchensis,,February 26 2025,,0,XP223-OG,C,11,C11,3,,30,0.4,0,,0.4,,,,,,,,,,,,,,,,,,,,,,,,,,,,,,,,,,,,,,
,CH-MT2-P23,Cecropia hispidissima,August 19 2025,February 26 2025,February 26 2025,1,XP223-OG,C,12,C12,3,50,,,,,0,,,,,,,,,,,,,,,,,,,,,,,,,,,,,,,,,,,,,,
,CP-MT5-P66,Carapa guianensis,August 19 2025,February 26 2025,,0,XP223-OG,C,13,C13,3,71,53,1,2,,1,12,,,,,,,,,,,,,,,,,,,,,,,,,,,,,,,,,,,,,
,BU-MT5-P6,Brosimum utile,August 19 2025,February 26 2025,,0,XP223-OG,C,14,C14,3,26,32,0.55,5,,0.55,,,,,,,,,,,,,,,,,,,,,,,,,,,,,,,,,,,,,,
,PA-MT7-P54,Piper aduncum,,February 26 2025,,0,XP223-OG,C,16,C16,3,,40,0.65,6,,0.65,,,,,,,,,,,,,,,,,,,,,,,,,,,,,,,,,,,,,,
,BS-MT7-P2,Bactris setulosa,August 19 2025,February 26 2025,,0,XP223-OG,A,1,A1,4,18,18,0.65,2,,0.65,,,,,,,,,,,,,,,,,,,,,,,,,,,,,,,,,,,,,,
,OP-MT8-P39,Ochroma pyramidale,May 9 2025,February 26 2025,August 19 2025,1,XP223-OG,A,2,A2,4,32,,,,,0,,,,,,,,,,,,,,,,,,,,,,,,,,,,,,,,,,,,,,
,OP-MT9-P59,Ochroma pyramidale,December 3 2025,February 26 2025,February 26 2025,1,XP223-OG,A,2,A2,4,70,,,,,0,,,,,,,,,,,,,,,,,,,,,,,,,,,,,,,,,,,,,,
,IS-MT3-P29,Inga silanchensis,March 20 2025,February 26 2025,,0,XP223-OG,A,3,A3,4,32,32,0.45,4,,0.45,,,,,,,,,,,,,,,,,,,,,,,,,,,,,,,,,,,,,,
,CH-MT4-P91,Cecropia hispidissima,August 19 2025,February 26 2025,February 26 2025,1,XP223-OG,A,4,A4,4,45,,,,,0,,,,,,,,,,,,,,,,,,,,,,,,,,,,,,,,,,,,,,
,CP-MT4-P17,Carapa guianensis,May 9 2025,February 26 2025,,0,XP223-OG,A,5,A5,4,37,49,1.1,5,,1.1,15,,,,,,,,,,,,,,,,,,,,,,,,,,,,,,,,,,,,,
,BU-MT4-P74,Brosimum utile,August 19 2025,February 26 2025,,0,XP223-OG,A,6,A6,4,33,33,0.5,1,,0.5,,,,,,,,,,,,,,,,,,,,,,,,,,,,,,,,,,,,,,
,DC-MT1-P25,Dacryodes cupularis,August 19 2025,February 26 2025,,0,XP223-OG,A,7,A7,4,40,40,0.5,5,,0.5,11,,,,,,,,,,,,,,,,,,,,,,,,,,,,,,,,,,,,,
,PG-MT1-P30,Pouruma guianensis,,February 26 2025,,0,XP223-OG,A,9,A9,4,,16,0.4,2,,0.4,,,,,,,,,,,,,,,,,,,,,,,,,,,,,,,,,,,,,,
,BP-MT4-P70,Bauhinia pichinchensis,,February 26 2025,,0,XP223-OG,A,10,A10,4,,23,0.4,2,,0.4,,,,,,,,,,,,,,,,,,,,,,,,,,,,,,,,,,,,,,
,VB-MT1-P20,Vismia baccifera,August 19 2025,February 26 2025,,0,XP223-OG,A,13,A13,4,42,42,0.4,4,,0.4,,,,,,,,,,,,,,,,,,,,,,,,,,,,,,,,,,,,,,
,BG-MT1-P6,Banara guianensis,August 19 2025,February 26 2025,February 26 2025,1,XP223-OG,A,14,A14,4,55,,,,,0,,,,,,,,,,,,,,,,,,,,,,,,,,,,,,,,,,,,,,
,AE-MT1-P18,Annona edulis,,February 26 2025,,0,XP223-OG,A,15,A15,4,,41,0.55,8,,0.55,,,,,,,,,,,,,,,,,,,,,,,,,,,,,,,,,,,,,,
,EA-MT1-P75,Ecuadendron acosta-solisianum,December 3 2025,February 26 2025,,0,XP223-OG,A,16,A16,4,42,42,0.8,7,,0.8,,,,,,,,,,,,,,,,,,,,,,,,,,,,,,,,,,,,,,
,BP-MT5-P41,Bauhinia pichinchensis,,February 26 2025,,0,XP223-OG,B,1,B1,4,,19,0.3,3,,0.3,,,,,,,,,,,,,,,,,,,,,,,,,,,,,,,,,,,,,,
,EA-MT3-P62,Ecuadendron acosta-solisianum,,February 26 2025,,0,XP223-OG,B,2,B2,4,,48,0.5,3,,0.5,9,,,,,,,,,,,,,,,,,,,,,,,,,,,,,,,,,,,,,
,CP-MT4-P38,Carapa guianensis,May 9 2025,February 26 2025,,0,XP223-OG,B,3,B3,4,46,46,1.35,5,,1.35,8,,,,,,,,,,,,,,,,,,,,,,,,,,,,,,,,,,,,,
,BG-MT3-P89,Banara guianensis,August 19 2025,February 26 2025,February 26 2025,1,XP223-OG,B,4,B4,4,65,,,,,0,,,,,,,,,,,,,,,,,,,,,,,,,,,,,,,,,,,,,,
,CH-MT1-P10,Cecropia hispidissima,May 9 2025,February 26 2025,,0,XP223-OG,B,5,B5,4,19,26,0.5,4,,0.5,,,,,,,,,,,,,,,,,,,,,,,,,,,,,,,,,,,,,,
,IS-MT2-P85,Inga silanchensis,March 20 2025,February 26 2025,,0,XP223-OG,B,6,B6,4,17,17,0.4,3,,0.4,5,,,,,,,,,,,,,,,,,,,,,,,,,,,,,,,,,,,,,
,DC-MT4-P1,Dacryodes cupularis,August 19 2025,February 26 2025,,0,XP223-OG,B,7,B7,4,14,18,0.5,2,,0.5,2,,,,,,,,,,,,,,,,,,,,,,,,,,,,,,,,,,,,,
,PG-MT5-P18,Pouruma guianensis,,February 26 2025,,0,XP223-OG,B,8,B8,4,,25,0.4,4,,0.4,,,,,,,,,,,,,,,,,,,,,,,,,,,,,,,,,,,,,,
,OP-MT8-P36,Ochroma pyramidale,May 9 2025,February 26 2025,February 26 2025,1,XP223-OG,B,9,B9,4,54,,,,,0,,,,,,,,,,,,,,,,,,,,,,,,,,,,,,,,,,,,,,
,VB-MT4-P14,Vismia baccifera,,February 26 2025,,0,XP223-OG,B,10,B10,4,,45,0.35,4,,0.35,,,,,,,,,,,,,,,,,,,,,,,,,,,,,,,,,,,,,,
,PA-MT6-P22,Piper aduncum,May 9 2025,February 26 2025,,0,XP223-OG,B,12,B12,4,20,31,0.45,9,,0.45,,,,,,,,,,,,,,,,,,,,,,,,,,,,,,,,,,,,,,
,BS-MT6-P66,Bactris setulosa,December 3 2025,February 26 2025,,0,XP223-OG,B,13,B13,4,25,40,1.45,4,,1.45,,,,,,,,,,,,,,,,,,,,,,,,,,,,,,,,,,,,,,
,BU-MT3-P33,Brosimum utile,August 19 2025,February 26 2025,,0,XP223-OG,B,14,B14,4,35,46,0.65,6,,0.65,,,,,,,,,,,,,,,,,,,,,,,,,,,,,,,,,,,,,,
,AE-MT4-P22,Annona edulis,,February 26 2025,,0,XP223-OG,B,15,B15,4,,46,0.55,7,,0.55,,,,,,,,,,,,,,,,,,,,,,,,,,,,,,,,,,,,,,
,BS-MT5-P31,Bactris setulosa,August 19 2025,February 26 2025,,0,XP223-OG,C,1,C1,4,14,14,1,3,,1,,,,,,,,,,,,,,,,,,,,,,,,,,,,,,,,,,,,,,
,BU-MT4-P78,Brosimum utile,August 19 2025,February 26 2025,,0,XP223-OG,C,2,C2,4,40,43,0.5,3,,0.5,,,,,,,,,,,,,,,,,,,,,,,,,,,,,,,,,,,,,,
,BG-MT1-P68,Banara guianensis,August 19 2025,February 26 2025,December 3 2025,1,XP223-OG,C,4,C4,4,57,,,,,0,,,,,,,,,,,,,,,,,,,,,,,,,,,,,,,,,,,,,,
,BG-MT1-P90,Banara guianensis,,February 26 2025,,0,XP223-OG,C,4,C4,4,,58,0.6,3,,0.6,,,,,,,,,,,,,,,,,,,,,,,,,,,,,,,,,,,,,,
,EA-MT1-P53,Ecuadendron acosta-solisianum,December 3 2025,February 26 2025,,0,XP223-OG,C,5,C5,4,53,53,0.3,8,,0.3,17,,,,,,,,,,,,,,,,,,,,,,,,,,,,,,,,,,,,,
,MC-MT2-P11,Miconia conocuatrecasasii,August 19 2025,February 26 2025,,0,XP223-OG,C,6,C6,4,16,16,0.4,2,,0.4,,,,,,,,,,,,,,,,,,,,,,,,,,,,,,,,,,,,,,
,AE-MT1-P70,Annona edulis,,February 26 2025,,0,XP223-OG,C,7,C7,4,,50,0.4,5,,0.4,,,,,,,,,,,,,,,,,,,,,,,,,,,,,,,,,,,,,,
,CH-MT4-P88,Cecropia hispidissima,August 19 2025,February 26 2025,,0,XP223-OG,C,9,C9,4,53,58,0.7,3,,0.7,,,,,,,,,,,,,,,,,,,,,,,,,,,,,,,,,,,,,,
,DC-MT2-P11,Dacryodes cupularis,August 19 2025,February 26 2025,,0,XP223-OG,C,10,C10,4,23,25,0.5,3,,0.5,11,,,,,,,,,,,,,,,,,,,,,,,,,,,,,,,,,,,,,
,PG-MT5-P64,Pouruma guianensis,,February 26 2025,,0,XP223-OG,C,11,C11,4,,29,0.35,4,,0.35,,,,,,,,,,,,,,,,,,,,,,,,,,,,,,,,,,,,,,
,IS-MT1-P63,Inga silanchensis,May 9 2025,February 26 2025,,0,XP223-OG,C,12,C12,4,15,15,0.55,1,,0.55,4,,,,,,,,,,,,,,,,,,,,,,,,,,,,,,,,,,,,,
,CP-MT1-P1,Carapa guianensis,August 19 2025,February 26 2025,,0,XP223-OG,C,13,C13,4,45,45,1,2,,1,9,,,,,,,,,,,,,,,,,,,,,,,,,,,,,,,,,,,,,
,BP-MT2-P58,Bauhinia pichinchensis,,February 26 2025,,0,XP223-OG,C,15,C15,4,,25,0.55,2,,0.55,,,,,,,,,,,,,,,,,,,,,,,,,,,,,,,,,,,,,,
,VB-MT3-P12,Vismia baccifera,,February 26 2025,,0,XP223-OG,C,16,C16,4,,45,0.35,3,,0.35,,,,,,,,,,,,,,,,,,,,,,,,,,,,,,,,,,,,,,
,VB-MT5-P66,Vismia baccifera,,February 26 2025,,0,XP223-OG,A,1,A1,5,,33,0.3,5,,0.3,,,,,,,,,,,,,,,,,,,,,,,,,,,,,,,,,,,,,,
,BU-MT4-P24,Brosimum utile,,February 26 2025,,0,XP223-OG,A,2,A2,5,,33,0.8,3,,0.8,,,,,,,,,,,,,,,,,,,,,,,,,,,,,,,,,,,,,,
,BP-MT3-P11,Bauhinia pichinchensis,,February 26 2025,,0,XP223-OG,A,5,A5,5,,30,0.5,9,,0.5,,,,,,,,,,,,,,,,,,,,,,,,,,,,,,,,,,,,,,
,IS-MT3-P73,Inga silanchensis,December 3 2025,February 26 2025,,0,XP223-OG,A,6,A6,5,22,22,0.8,2,,0.8,7,,,,,,,,,,,,,,,,,,,,,,,,,,,,,,,,,,,,,esta viva
,PG-MT3-P21,Pouruma guianensis,,February 26 2025,,0,XP223-OG,A,7,A7,5,,12,0.3,4,,0.3,,,,,,,,,,,,,,,,,,,,,,,,,,,,,,,,,,,,,,
,AE-MT5-P3,Annona edulis,,February 26 2025,,0,XP223-OG,A,8,A8,5,,46,0.5,7,,0.5,,,,,,,,,,,,,,,,,,,,,,,,,,,,,,,,,,,,,,
,BG-MT5-P67,Banara guianensis,August 19 2025,February 26 2025,,0,XP223-OG,A,9,A9,5,46,46,0.75,25,,0.75,,,,,,,,,,,,,,,,,,,,,,,,,,,,,,,,,,,,,,
,DC-MT5-P22,Dacryodes cupularis,August 19 2025,February 26 2025,February 26 2025,1,XP223-OG,A,10,A10,5,23,,,,,0,,,,,,,,,,,,,,,,,,,,,,,,,,,,,,,,,,,,,,
,CH-MT2-P73,Cecropia hispidissima,August 19 2025,February 26 2025,,0,XP223-OG,A,13,A13,5,34,41,0.6,1,,0.6,,,,,,,,,,,,,,,,,,,,,,,,,,,,,,,,,,,,,,
,BP-MT4-P57,Bauhinia pichinchensis,,February 26 2025,,0,XP223-OG,B,1,B1,5,,28,0.5,2,,0.5,,,,,,,,,,,,,,,,,,,,,,,,,,,,,,,,,,,,,,
,DC-MT1-P37,Dacryodes cupularis,August 19 2025,February 26 2025,,0,XP223-OG,B,2,B2,5,15,15,0.6,4,,0.6,14,,,,,,,,,,,,,,,,,,,,,,,,,,,,,,,,,,,,,
,PG-MT1-P18,Pouruma guianensis,,February 26 2025,,0,XP223-OG,B,4,B4,5,,20,0.6,2,,0.6,,,,,,,,,,,,,,,,,,,,,,,,,,,,,,,,,,,,,,
,BS-MT1-P92,Bactris setulosa,,February 26 2025,,0,XP223-OG,B,6,B6,5,,20,1.65,3,,1.65,,,,,,,,,,,,,,,,,,,,,,,,,,,,,,,,,,,,,,
,CH-MT4-P75,Cecropia hispidissima,August 19 2025,February 26 2025,,0,XP223-OG,B,7,B7,5,33,51,0.65,7,,0.65,8,,,,,,,,,,,,,,,,,,,,,,,,,,,,,,,,,,,,,
,AE-MT2-P11,Annona edulis,,February 26 2025,,0,XP223-OG,B,8,B8,5,,57,0.7,8,,0.7,,,,,,,,,,,,,,,,,,,,,,,,,,,,,,,,,,,,,,
,VB-MT4-P8,Vismia baccifera,,February 26 2025,,0,XP223-OG,B,9,B9,5,,37,0.35,3,,0.35,,,,,,,,,,,,,,,,,,,,,,,,,,,,,,,,,,,,,,
,BG-MT2-P51,Banara guianensis,August 19 2025,February 26 2025,,0,XP223-OG,B,10,B10,5,47,80,0.8,24,,0.8,,,,,,,,,,,,,,,,,,,,,,,,,,,,,,,,,,,,,,
,EA-MT3-P27,Ecuadendron acosta-solisianum,,February 26 2025,,0,XP223-OG,B,11,B11,5,,38,0.8,5,,0.8,11,,,,,,,,,,,,,,,,,,,,,,,,,,,,,,,,,,,,,
,IS-MT2-P58,Inga silanchensis,December 3 2025,February 26 2025,,0,XP223-OG,B,13,B13,5,34,36,0.7,4,,0.7,8,,,,,,,,,,,,,,,,,,,,,,,,,,,,,,,,,,,,,
,CP-MT5-P10,Carapa guianensis,August 19 2025,February 26 2025,,0,XP223-OG,B,14,B14,5,58,75,1.2,6,,1.2,20,,,,,,,,,,,,,,,,,,,,,,,,,,,,,,,,,,,,,
,PG-MT3-P64,Pouruma guianensis,,February 26 2025,,0,XP223-OG,C,1,C1,5,,23,0.5,4,,0.5,,,,,,,,,,,,,,,,,,,,,,,,,,,,,,,,,,,,,,
,DC-MT4-P60,Dacryodes cupularis,August 19 2025,February 26 2025,,0,XP223-OG,C,2,C2,5,28,28,0.5,2,,0.5,8,,,,,,,,,,,,,,,,,,,,,,,,,,,,,,,,,,,,,
,EA-MT4-P41,Ecuadendron acosta-solisianum,,February 26 2025,,0,XP223-OG,C,6,C6,5,,72,1.3,3,,1.3,7,,,,,,,,,,,,,,,,,,,,,,,,,,,,,,,,,,,,,
,BG-MT4-P45,Banara guianensis,August 19 2025,February 26 2025,,0,XP223-OG,C,8,C8,5,63,78,0.6,22,,0.6,,,,,,,,,,,,,,,,,,,,,,,,,,,,,,,,,,,,,,
,BP-MT4-P42,Bauhinia pichinchensis,,February 26 2025,,0,XP223-OG,C,9,C9,5,,21,0.4,6,,0.4,,,,,,,,,,,,,,,,,,,,,,,,,,,,,,,,,,,,,,
,VB-MT3-P1,Vismia baccifera,,February 26 2025,,0,XP223-OG,C,10,C10,5,,45,0.3,6,,0.3,,,,,,,,,,,,,,,,,,,,,,,,,,,,,,,,,,,,,,
,AE-MT4-P42,Annona edulis,,February 26 2025,,0,XP223-OG,C,11,C11,5,,40,0.45,2,,0.45,,,,,,,,,,,,,,,,,,,,,,,,,,,,,,,,,,,,,,
,IS-MT3-P76,Inga silanchensis,,February 26 2025,,0,XP223-OG,C,15,C15,5,,27,0.8,2,,0.8,5,,,,,,,,,,,,,,,,,,,,,,,,,,,,,,,,,,,,,
,OP-MT9-P3,Ochroma pyramidale,April 9 2025,April 6 2026,April 6 2026,1,XP224-OG,A,1,A1,1,57,,,,,0,,,,,,,,,,,,,,,,,,,,,,,,,,,,,,,,,,,,,,
,EA-MT1-P6,Ecuadendron acosta-solisianum,December 1 2025,April 6 2026,,0,XP224-OG,A,2,A2,1,50,46,0.5,6,,0.5,14,,,,,,,,,,,,,,,,,,,,,,,,,,,,,,,,,,,,,
,PA-MT6-P83,Piper aduncum,May 21 2025,April 6 2026,,0,XP224-OG,A,3,A3,1,15,70,0.5,33,,0.5,,,,,,,,,,,,,,,,,,,,,,,,,,,,,,,,,,,,,,
,BP-MT3-P29,Bauhinia pichinchensis,March 31 2026,April 6 2026,,0,XP224-OG,A,4,A4,1,,17,0.1,2,,0.1,,,,,,,,,,,,,,,,,,,,,,,,,,,,,,,,,,,,,,
,BS-MT1-P22,Bactris setulosa,September 2 2025,April 6 2026,,0,XP224-OG,A,5,A5,1,,18,0.9,3,,0.9,,,,,,,,,,,,,,,,,,,,,,,,,,,,,,,,,,,,,,
,VB-MT3-P22,Vismia baccifera,March 31 2026,April 6 2026,,0,XP224-OG,A,6,A6,1,,40,0.1,2,,0.1,,,,,,,,,,,,,,,,,,,,,,,,,,,,,,,,,,,,,,
,IS-MT3-P39,Inga silanchensis,April 9 2025,April 6 2026,,0,XP224-OG,A,7,A7,1,28,22,0.3,3,,0.3,,,,,,,,,,,,,,,,,,,,,,,,,,,,,,,,,,,,,,
,PG-MT2-P63,Pouruma guianensis,March 31 2026,April 6 2026,,0,XP224-OG,A,8,A8,1,,33,0.3,2,,0.3,,,,,,,,,,,,,,,,,,,,,,,,,,,,,,,,,,,,,,
,AE-MT3-P63,Annona edulis,March 31 2026,April 6 2026,,0,XP224-OG,A,9,A9,1,,46,0.3,2,,0.3,,,,,,,,,,,,,,,,,,,,,,,,,,,,,,,,,,,,,,
,BU-MT2-P18,Brosimum utile,September 2 2025,April 6 2026,April 6 2026,1,XP224-OG,A,10,A10,1,27,,,,,0,,,,,,,,,,,,,,,,,,,,,,,,,,,,,,,,,,,,,,
,CH-MT4-P58,Cecropia hispidissima,September 2 2025,April 6 2026,,0,XP224-OG,A,11,A11,1,56,42,0.5,3,,0.5,,,,,,,,,,,,,,,,,,,,,,,,,,,,,,,,,,,,,,
,CP-MT1-P12,Carapa guianensis,September 2 2025,April 6 2026,,0,XP224-OG,A,12,A12,1,53,60,0.9,4,,0.9,4,,,,,,,,,,,,,,,,,,,,,,,,,,,,,,,,,,,,,
,MC-MT1-P15,Miconia conocuatrecasasii,September 2 2025,April 6 2026,December 1 2025,1,XP224-OG,A,13,A13,1,18,,,,,0,,,,,,,,,,,,,,,,,,,,,,,,,,,,,,,,,,,,,,
,MC-MT1-P3,Miconia conocuatrecasasii,March 31 2026,April 6 2026,,0,XP224-OG,A,13,A13,1,,13,0.2,6,,0.2,,,,,,,,,,,,,,,,,,,,,,,,,,,,,,,,,,,,,,
,BG-MT1-P48,Banara guianensis,September 2 2025,April 6 2026,April 6 2026,1,XP224-OG,A,15,A15,1,46,,,,,0,,,,,,,,,,,,,,,,,,,,,,,,,,,,,,,,,,,,,,
,DC-MT5-P33,Dacryodes cupularis,September 2 2025,April 6 2026,,0,XP224-OG,A,16,A16,1,24,16,0.1,1,,0.1,,,,,,,,,,,,,,,,,,,,,,,,,,,,,,,,,,,,,,
,AE-MT5-P69,Annona edulis,March 31 2026,April 6 2026,,0,XP224-OG,B,1,B1,1,,54,0.3,3,,0.3,,,,,,,,,,,,,,,,,,,,,,,,,,,,,,,,,,,,,,
,IS-MT5-P73,Inga silanchensis,April 9 2025,April 6 2026,,0,XP224-OG,B,2,B2,1,31,26,0.3,3,,0.3,6,,,,,,,,,,,,,,,,,,,,,,,,,,,,,,,,,,,,,
,BP-MT2-P62,Bauhinia pichinchensis,March 31 2026,April 6 2026,,0,XP224-OG,B,3,B3,1,,33,0.2,1,,0.2,,,,,,,,,,,,,,,,,,,,,,,,,,,,,,,,,,,,,,
,OP-MT2-P16,Ochroma pyramidale,April 9 2025,April 6 2026,December 1 2025,1,XP224-OG,B,4,B4,1,31,,,,,0,,,,,,,,,,,,,,,,,,,,,,,,,,,,,,,,,,,,,,
,OP-MT9-P64,Ochroma pyramidale,March 31 2026,April 6 2026,,0,XP224-OG,B,4,B4,1,,70,0.6,2,,0.6,,,,,,,,,,,,,,,,,,,,,,,,,,,,,,,,,,,,,,
,BS-MT7-P54,Bactris setulosa,December 1 2025,April 6 2026,,0,XP224-OG,B,5,B5,1,15,30,0.6,3,,0.6,,,,,,,,,,,,,,,,,,,,,,,,,,,,,,,,,,,,,,
,PA-MT6-P72,Piper aduncum,December 1 2025,April 6 2026,,0,XP224-OG,B,6,B6,1,40,51,0.3,3,,0.3,,,,,,,,,,,,,,,,,,,,,,,,,,,,,,,,,,,,,,
,EA-MT5-P4,Ecuadendron acosta-solisianum,December 1 2025,April 6 2026,,0,XP224-OG,B,7,B7,1,40,33,0.4,2,,0.4,6,,,,,,,,,,,,,,,,,,,,,,,,,,,,,,,,,,,,,
,MC-MT3-P43,Miconia conocuatrecasasii,September 2 2025,April 6 2026,,0,XP224-OG,B,8,B8,1,22,19,0.1,4,,0.1,,,,,,,,,,,,,,,,,,,,,,,,,,,,,,,,,,,,,,
,CH-MT2-P51,Cecropia hispidissima,September 2 2025,April 6 2026,December 1 2025,1,XP224-OG,B,9,B9,1,23,,,,,0,,,,,,,,,,,,,,,,,,,,,,,,,,,,,,,,,,,,,,
,CH-MT4-P18,Cecropia hispidissima,March 31 2026,April 6 2026,,0,XP224-OG,B,9,B9,1,,46,0.2,0,,0.2,,,,,,,,,,,,,,,,,,,,,,,,,,,,,,,,,,,,,,
,CP-MT4-P12,Carapa guianensis,May 21 2025,April 6 2026,,0,XP224-OG,B,10,B10,1,42,37,0.8,2,,0.8,7,,,,,,,,,,,,,,,,,,,,,,,,,,,,,,,,,,,,,
,BU-MT1-P19,Brosimum utile,May 21 2025,April 6 2026,,0,XP224-OG,B,11,B11,1,19,24,0.2,0,,0.2,,,,,,,,,,,,,,,,,,,,,,,,,,,,,,,,,,,,,,
,PG-MT1-P50,Pouruma guianensis,March 31 2026,April 6 2026,,0,XP224-OG,B,12,B12,1,,46,0.1,1,,0.1,,,,,,,,,,,,,,,,,,,,,,,,,,,,,,,,,,,,,,
,VB-MT1-P39,Vismia baccifera,September 2 2025,April 6 2026,,0,XP224-OG,B,14,B14,1,33,39,0.1,7,,0.1,,,,,,,,,,,,,,,,,,,,,,,,,,,,,,,,,,,,,,
,BG-MT2-P32,Banara guianensis,September 2 2025,April 6 2026,April 6 2026,1,XP224-OG,B,15,B15,1,48,,,,,0,,,,,,,,,,,,,,,,,,,,,,,,,,,,,,,,,,,,,,
,DC-MT2-P27,Dacryodes cupularis,September 2 2025,April 6 2026,,0,XP224-OG,B,16,B16,1,32,34,0.3,3,,0.3,15,,,,,,,,,,,,,,,,,,,,,,,,,,,,,,,,,,,,,
,DC-MT4-P56,Dacryodes cupularis,September 2 2025,April 6 2026,,0,XP224-OG,C,1,C1,1,34,23,0.3,4,,0.3,11,,,,,,,,,,,,,,,,,,,,,,,,,,,,,,,,,,,,,
,CP-MT3-P2,Carapa guianensis,May 21 2025,April 6 2026,,0,XP224-OG,C,3,C3,1,54,59,0.7,3,,0.7,11,,,,,,,,,,,,,,,,,,,,,,,,,,,,,,,,,,,,,
,OP-MT6-P56,Ochroma pyramidale,May 21 2025,April 6 2026,April 6 2026,1,XP224-OG,C,4,C4,1,75,,,,,0,,,,,,,,,,,,,,,,,,,,,,,,,,,,,,,,,,,,,,
,BG-MT1-P60,Banara guianensis,September 2 2025,April 6 2026,,0,XP224-OG,C,5,C5,1,62,70,0.3,12,,0.3,,,,,,,,,,,,,,,,,,,,,,,,,,,,,,,,,,,,,,
,CH-MT5-P23,Cecropia hispidissima,September 2 2025,April 6 2026,,0,XP224-OG,C,6,C6,1,59,59,0.4,2,,0.4,,,,,,,,,,,,,,,,,,,,,,,,,,,,,,,,,,,,,,
,MC-MT3-P14,Miconia conocuatrecasasii,September 2 2025,April 6 2026,,0,XP224-OG,C,8,C8,1,19,23,0.2,4,,0.2,,,,,,,,,,,,,,,,,,,,,,,,,,,,,,,,,,,,,,
,EA-MT1-P41,Ecuadendron acosta-solisianum,December 1 2025,April 6 2026,,0,XP224-OG,C,9,C9,1,35,40,0.6,5,,0.6,10,,,,,,,,,,,,,,,,,,,,,,,,,,,,,,,,,,,,,
,IS-MT3-P27,Inga silanchensis,December 1 2025,April 6 2026,,0,XP224-OG,C,10,C10,1,29,25,0.4,3,,0.4,6,,,,,,,,,,,,,,,,,,,,,,,,,,,,,,,,,,,,,
,BU-MT4-P58,Brosimum utile,September 2 2025,April 6 2026,,0,XP224-OG,C,11,C11,1,37,44,0.3,2,,0.3,,,,,,,,,,,,,,,,,,,,,,,,,,,,,,,,,,,,,,
,VB-MT3-P7,Vismia baccifera,March 31 2026,April 6 2026,,0,XP224-OG,C,12,C12,1,,34,0.2,3,,0.2,,,,,,,,,,,,,,,,,,,,,,,,,,,,,,,,,,,,,,
,AE-MT1-P30,Annona edulis,March 31 2026,April 6 2026,,0,XP224-OG,C,13,C13,1,,44,0.2,11,,0.2,,,,,,,,,,,,,,,,,,,,,,,,,,,,,,,,,,,,,,
,BP-MT2-P19,Bauhinia pichinchensis,March 31 2026,April 6 2026,,0,XP224-OG,C,14,C14,1,,20,0.1,1,,0.1,,,,,,,,,,,,,,,,,,,,,,,,,,,,,,,,,,,,,,
,PG-MT4-P49,Pouruma guianensis,March 31 2026,April 6 2026,,0,XP224-OG,C,15,C15,1,,30,0.2,2,,0.2,,,,,,,,,,,,,,,,,,,,,,,,,,,,,,,,,,,,,,
,BS-MT6-P67,Bactris setulosa,December 1 2025,April 6 2026,,0,XP224-OG,C,16,C16,1,27,17,0.7,3,,0.7,,,,,,,,,,,,,,,,,,,,,,,,,,,,,,,,,,,,,,
,BP-MT2-P26,Bauhinia pichinchensis,March 31 2026,April 6 2026,,0,XP224-OG,A,1,A1,2,,23,0.1,4,,0.1,,,,,,,,,,,,,,,,,,,,,,,,,,,,,,,,,,,,,,
,IS-MT3-P74,Inga silanchensis,April 9 2025,April 6 2026,April 6 2026,1,XP224-OG,A,2,A2,2,28,,,,,0,,,,,,,,,,,,,,,,,,,,,,,,,,,,,,,,,,,,,,
,BS-MT5-P64,Bactris setulosa,December 1 2025,April 6 2026,,0,XP224-OG,A,3,A3,2,46,22,1,4,,1,,,,,,,,,,,,,,,,,,,,,,,,,,,,,,,,,,,,,,
,CP-MT2-P10,Carapa guianensis,May 21 2025,April 6 2026,,0,XP224-OG,A,4,A4,2,54,46,0.6,5,,0.6,12,,,,,,,,,,,,,,,,,,,,,,,,,,,,,,,,,,,,,
,PA-MT3-P23,Piper aduncum,April 9 2025,April 6 2026,,0,XP224-OG,A,5,A5,2,28,41,0.3,13,,0.3,,,,,,,,,,,,,,,,,,,,,,,,,,,,,,,,,,,,,,
,OP-MT9-P22,Ochroma pyramidale,April 9 2025,April 6 2026,December 1 2025,1,XP224-OG,A,6,A6,2,54,,,,,0,,,,,,,,,,,,,,,,,,,,,,,,,,,,,,,,,,,,,,
,CH-MT3-P51,Cecropia hispidissima,September 2 2025,April 6 2026,April 6 2026,1,XP224-OG,A,7,A7,2,54,,,,,0,,,,,,,,,,,,,,,,,,,,,,,,,,,,,,,,,,,,,,
,EA-MT4-P18,Ecuadendron acosta-solisianum,May 21 2025,April 6 2026,,0,XP224-OG,A,8,A8,2,51,56,0.8,6,,0.8,14,,,,,,,,,,,,,,,,,,,,,,,,,,,,,,,,,,,,,
,BU-MT2-P34,Brosimum utile,September 2 2025,April 6 2026,December 1 2025,1,XP224-OG,A,9,A9,2,14,,,,,0,,,,,,,,,,,,,,,,,,,,,,,,,,,,,,,,,,,,,,
,BU-MT2-P59,Brosimum utile,March 31 2026,April 6 2026,,0,XP224-OG,A,9,A9,2,,36,0.2,0,,0.2,,,,,,,,,,,,,,,,,,,,,,,,,,,,,,,,,,,,,,
,VB-MT4-P58,Vismia baccifera,March 31 2026,April 6 2026,,0,XP224-OG,A,10,A10,2,,30,0.1,3,,0.1,,,,,,,,,,,,,,,,,,,,,,,,,,,,,,,,,,,,,,
,AE-MT1-P39,Annona edulis,March 31 2026,April 6 2026,,0,XP224-OG,A,11,A11,2,,23,0.3,9,,0.3,,,,,,,,,,,,,,,,,,,,,,,,,,,,,,,,,,,,,,
,PG-MT1-P3,Pouruma guianensis,March 31 2026,April 6 2026,,0,XP224-OG,A,12,A12,2,,32,0.2,1,,0.2,,,,,,,,,,,,,,,,,,,,,,,,,,,,,,,,,,,,,,
,BG-MT3-P18,Banara guianensis,September 2 2025,April 6 2026,,0,XP224-OG,A,14,A14,2,68,78,0.2,12,,0.2,,,,,,,,,,,,,,,,,,,,,,,,,,,,,,,,,,,,,,
,DC-MT1-P77,Dacryodes cupularis,September 2 2025,April 6 2026,,0,XP224-OG,A,16,A16,2,37,37,0.3,2,,0.3,2,,,,,,,,,,,,,,,,,,,,,,,,,,,,,,,,,,,,,
,BP-MT4-P35,Bauhinia pichinchensis,March 31 2026,April 6 2026,,0,XP224-OG,B,1,B1,2,,23,0.1,0,,0.1,,,,,,,,,,,,,,,,,,,,,,,,,,,,,,,,,,,,,,
,MC-MT1-P75,Miconia conocuatrecasasii,September 2 2025,April 6 2026,April 6 2026,1,XP224-OG,B,2,B2,2,20,,,,,0,,,,,,,,,,,,,,,,,,,,,,,,,,,,,,,,,,,,,,
,CH-MT1-P17,Cecropia hispidissima,May 21 2025,April 6 2026,September 02 2025,1,XP224-OG,B,3,B3,2,24,,,,,0,,,,,,,,,,,,,,,,,,,,,,,,,,,,,,,,,,,,,,
,CH-MT2-P50,Cecropia hispidissima,March 31 2026,April 6 2026,,0,XP224-OG,B,3,B3,2,,31,0.2,3,,0.2,,,,,,,,,,,,,,,,,,,,,,,,,,,,,,,,,,,,,,
,VB-MT1-P19,Vismia baccifera,September 2 2025,April 6 2026,,0,XP224-OG,B,4,B4,2,33,33,6.2,12,,6.2,,,,,,,,,,,,,,,,,,,,,,,,,,,,,,,,,,,,,,
,BG-MT2-P30,Banara guianensis,September 2 2025,April 6 2026,April 6 2026,1,XP224-OG,B,5,B5,2,64,,,,,0,,,,,,,,,,,,,,,,,,,,,,,,,,,,,,,,,,,,,,
,OP-MT6-P53,Ochroma pyramidale,May 21 2025,April 6 2026,September 02 2025,1,XP224-OG,B,6,B6,2,75,,,,,0,,,,,,,,,,,,,,,,,,,,,,,,,,,,,,,,,,,,,,
,OP-MT9-P63,Ochroma pyramidale,December 1 2025,April 6 2026,April 6 2026,1,XP224-OG,B,6,B6,2,53,,,,,0,,,,,,,,,,,,,,,,,,,,,,,,,,,,,,,,,,,,,,
,BU-MT1-P16,Brosimum utile,May 21 2025,April 6 2026,April 6 2026,1,XP224-OG,B,7,B7,2,32,,,,,0,,,,,,,,,,,,,,,,,,,,,,,,,,,,,,,,,,,,,,
,EA-MT3-P4,Ecuadendron acosta-solisianum,May 21 2025,April 6 2026,,0,XP224-OG,B,8,B8,2,49,49,0.6,7,,0.6,15,,,,,,,,,,,,,,,,,,,,,,,,,,,,,,,,,,,,,
,CP-MT1-P47,Carapa guianensis,September 2 2025,April 6 2026,April 6 2026,1,XP224-OG,B,10,B10,2,75,,,,,0,,,,,,,,,,,,,,,,,,,,,,,,,,,,,,,,,,,,,,
,BS-MT6-P84,Bactris setulosa,December 1 2025,April 6 2026,,0,XP224-OG,B,11,B11,2,34,15,0.7,1,,0.7,,,,,,,,,,,,,,,,,,,,,,,,,,,,,,,,,,,,,,
,IS-MT2-P10,Inga silanchensis,April 9 2025,April 6 2026,April 6 2026,1,XP224-OG,B,12,B12,2,24,,,,,0,,,,,,,,,,,,,,,,,,,,,,,,,,,,,,,,,,,,,,
,AE-MT1-P63,Annona edulis,March 31 2026,April 6 2026,,0,XP224-OG,B,13,B13,2,,43,0.3,5,,0.3,,,,,,,,,,,,,,,,,,,,,,,,,,,,,,,,,,,,,,
,PG-MT4-P9,Pouruma guianensis,March 31 2026,April 6 2026,,0,XP224-OG,B,15,B15,2,,19,0.1,3,,0.1,,,,,,,,,,,,,,,,,,,,,,,,,,,,,,,,,,,,,,
,DC-MT5-P59,Dacryodes cupularis,September 2 2025,April 6 2026,December 1 2025,1,XP224-OG,B,16,B16,2,23,,,,,0,,,,,,,,,,,,,,,,,,,,,,,,,,,,,,,,,,,,,,
,BG-MT1-P21,Banara guianensis,September 2 2025,April 6 2026,April 6 2026,1,XP224-OG,C,1,C1,2,42,,,,,0,,,,,,,,,,,,,,,,,,,,,,,,,,,,,,,,,,,,,,
,CP-MT4-P24,Carapa guianensis,May 21 2025,April 6 2026,,0,XP224-OG,C,2,C2,2,47,39,0.6,1,,0.6,2,,,,,,,,,,,,,,,,,,,,,,,,,,,,,,,,,,,,,
,PA-MT3-P75,Piper aduncum,March 31 2026,April 6 2026,,0,XP224-OG,C,3,C3,2,,52,0.4,3,,0.4,,,,,,,,,,,,,,,,,,,,,,,,,,,,,,,,,,,,,,
,BU-MT5-P34,Brosimum utile,September 2 2025,April 6 2026,,0,XP224-OG,C,4,C4,2,33,33,0.2,4,,0.2,,,,,,,,,,,,,,,,,,,,,,,,,,,,,,,,,,,,,,
,OP-MT7-P48,Ochroma pyramidale,May 21 2025,April 6 2026,December 1 2025,1,XP224-OG,C,5,C5,2,74,,,,,0,,,,,,,,,,,,,,,,,,,,,,,,,,,,,,,,,,,,,,
,OP-MT6-P58,Ochroma pyramidale,March 31 2026,April 6 2026,,0,XP224-OG,C,5,C5,2,,84,0.6,20,,0.6,,,,,,,,,,,,,,,,,,,,,,,,,,,,,,,,,,,,,,
,BS-MT5-P1,Bactris setulosa,September 2 2025,April 6 2026,April 6 2026,1,XP224-OG,C,6,C6,2,19,,,,,0,,,,,,,,,,,,,,,,,,,,,,,,,,,,,,,,,,,,,,
,IS-MT2-P27,Inga silanchensis,May 21 2025,April 6 2026,,0,XP224-OG,C,7,C7,2,27,27,0.2,2,,0.2,4,,,,,,,,,,,,,,,,,,,,,,,,,,,,,,,,,,,,,
,BP-MT1-P30,Bauhinia pichinchensis,March 31 2026,April 6 2026,,0,XP224-OG,C,9,C9,2,,19,0.1,0,,0.1,,,,,,,,,,,,,,,,,,,,,,,,,,,,,,,,,,,,,,
,CH-MT4-P82,Cecropia hispidissima,September 2 2025,April 6 2026,,0,XP224-OG,C,10,C10,2,41,41,0.5,4,,0.5,,,,,,,,,,,,,,,,,,,,,,,,,,,,,,,,,,,,,,
,EA-MT1-P9,Ecuadendron acosta-solisianum,December 1 2025,April 6 2026,,0,XP224-OG,C,11,C11,2,39,43,0.4,3,,0.4,4,,,,,,,,,,,,,,,,,,,,,,,,,,,,,,,,,,,,,
,AE-MT2-P16,Annona edulis,March 31 2026,April 6 2026,,0,XP224-OG,C,12,C12,2,,56,0.3,3,,0.3,,,,,,,,,,,,,,,,,,,,,,,,,,,,,,,,,,,,,,
,DC-MT5-P82,Dacryodes cupularis,March 31 2026,April 6 2026,,0,XP224-OG,C,13,C13,2,,23,0.4,0,,0.4,,,,,,,,,,,,,,,,,,,,,,,,,,,,,,,,,,,,,,
,VB-MT5-P46,Vismia baccifera,March 31 2026,April 6 2026,,0,XP224-OG,C,15,C15,2,,35,0.1,2,,0.1,,,,,,,,,,,,,,,,,,,,,,,,,,,,,,,,,,,,,,
,PG-MT5-P60,Pouruma guianensis,March 31 2026,April 6 2026,,0,XP224-OG,C,16,C16,2,,14,0.1,2,,0.1,,,,,,,,,,,,,,,,,,,,,,,,,,,,,,,,,,,,,,
,MC-MT3-P23,Miconia conocuatrecasasii,September 2 2025,April 6 2026,,0,XP224-OG,A,1,A1,3,18,22,0.2,3,,0.2,,,,,,,,,,,,,,,,,,,,,,,,,,,,,,,,,,,,,,
,EA-MT5-P9,Ecuadendron acosta-solisianum,December 1 2025,April 6 2026,,0,XP224-OG,A,2,A2,3,60,66,0.3,3,,0.3,20,,,,,,,,,,,,,,,,,,,,,,,,,,,,,,,,,,,,,
,CP-MT5-P64,Carapa guianensis,September 2 2025,April 6 2026,,0,XP224-OG,A,3,A3,3,46,47,0.9,4,,0.9,10,,,,,,,,,,,,,,,,,,,,,,,,,,,,,,,,,,,,,
,AE-MT5-P45,Annona edulis,March 31 2026,April 6 2026,,0,XP224-OG,A,4,A4,3,,52,0.4,3,,0.4,,,,,,,,,,,,,,,,,,,,,,,,,,,,,,,,,,,,,,
,PA-MT6-P63,Piper aduncum,May 21 2025,April 6 2026,,0,XP224-OG,A,5,A5,3,24,102,0.7,27,,0.7,,,,,,,,,,,,,,,,,,,,,,,,,,,,,,,,,,,,,,
,PG-MT3-P8,Pouruma guianensis,March 31 2026,April 6 2026,,0,XP224-OG,A,6,A6,3,,26,0.2,6,,0.2,,,,,,,,,,,,,,,,,,,,,,,,,,,,,,,,,,,,,,
,OP-MT2-P54,Ochroma pyramidale,April 9 2025,April 6 2026,,0,XP224-OG,A,7,A7,3,48,48,0.1,3,,0.1,,,,,,,,,,,,,,,,,,,,,,,,,,,,,,,,,,,,,,
,VB-MT2-P5,Vismia baccifera,March 31 2026,April 6 2026,April 6 2026,1,XP224-OG,A,8,A8,3,,,,,,0,,,,,,,,,,,,,,,,,,,,,,,,,,,,,,,,,,,,,,
,CH-MT3-P8,Cecropia hispidissima,September 2 2025,April 6 2026,,0,XP224-OG,A,9,A9,3,50,60,0.4,4,,0.4,,,,,,,,,,,,,,,,,,,,,,,,,,,,,,,,,,,,,,
,BG-MT5-P65,Banara guianensis,September 2 2025,April 6 2026,,0,XP224-OG,A,10,A10,3,58,123,0.5,21,,0.5,,,,,,,,,,,,,,,,,,,,,,,,,,,,,,,,,,,,,,
,IS-MT4-P3,Inga silanchensis,May 21 2025,April 6 2026,,0,XP224-OG,A,11,A11,3,20,20,0.4,4,,0.4,9,,,,,,,,,,,,,,,,,,,,,,,,,,,,,,,,,,,,,
,BS-MT7-P10,Bactris setulosa,September 2 2025,April 6 2026,,0,XP224-OG,A,13,A13,3,22,20,0.7,2,,0.7,,,,,,,,,,,,,,,,,,,,,,,,,,,,,,,,,,,,,,
,DC-MT5-P35,Dacryodes cupularis,March 31 2026,April 6 2026,,0,XP224-OG,A,14,A14,3,,8,0.3,3,,0.3,9,,,,,,,,,,,,,,,,,,,,,,,,,,,,,,,,,,,,,
,BU-MT4-P11,Brosimum utile,September 2 2025,April 6 2026,,0,XP224-OG,A,15,A15,3,36,31,0.1,1,,0.1,,,,,,,,,,,,,,,,,,,,,,,,,,,,,,,,,,,,,,
,BP-MT4-P94,Bauhinia pichinchensis,March 31 2026,April 6 2026,,0,XP224-OG,A,16,A16,3,,21,0.2,1,,0.2,,,,,,,,,,,,,,,,,,,,,,,,,,,,,,,,,,,,,,
,PA-MT7-P49,Piper aduncum,September 2 2025,April 6 2026,,0,XP224-OG,B,1,B1,3,35,50,0.3,8,,0.3,,,,,,,,,,,,,,,,,,,,,,,,,,,,,,,,,,,,,,
,BG-MT3-P62,Banara guianensis,September 2 2025,April 6 2026,,0,XP224-OG,B,2,B2,3,70,70,0.3,1,,0.3,,,,,,,,,,,,,,,,,,,,,,,,,,,,,,,,,,,,,,
,BS-MT7-P32,Bactris setulosa,December 1 2025,April 6 2026,,0,XP224-OG,B,3,B3,3,18,13,0.6,4,,0.6,,,,,,,,,,,,,,,,,,,,,,,,,,,,,,,,,,,,,,
,MC-MT1-P11,Miconia conocuatrecasasii,September 2 2025,April 6 2026,,0,XP224-OG,B,4,B4,3,20,26,0.3,6,,0.3,,,,,,,,,,,,,,,,,,,,,,,,,,,,,,,,,,,,,,
,AE-MT3-P29,Annona edulis,March 31 2026,April 6 2026,,0,XP224-OG,B,5,B5,3,,33,0.2,8,,0.2,,,,,,,,,,,,,,,,,,,,,,,,,,,,,,,,,,,,,,
,BU-MT3-P62,Brosimum utile,September 2 2025,April 6 2026,,0,XP224-OG,B,6,B6,3,31,36,0.4,6,,0.4,,,,,,,,,,,,,,,,,,,,,,,,,,,,,,,,,,,,,,
,PG-MT2-P38,Pouruma guianensis,March 31 2026,April 6 2026,,0,XP224-OG,B,8,B8,3,,30,0.2,3,,0.2,,,,,,,,,,,,,,,,,,,,,,,,,,,,,,,,,,,,,,
,BP-MT3-P50,Bauhinia pichinchensis,March 31 2026,April 6 2026,,0,XP224-OG,B,9,B9,3,,30,0.1,0,,0.1,,,,,,,,,,,,,,,,,,,,,,,,,,,,,,,,,,,,,,
,IS-MT4-P35,Inga silanchensis,May 21 2025,April 6 2026,April 6 2026,1,XP224-OG,B,10,B10,3,22,,,,,0,,,,,,,,,,,,,,,,,,,,,,,,,,,,,,,,,,,,,,
,DC-MT3-P33,Dacryodes cupularis,September 2 2025,April 6 2026,,0,XP224-OG,B,11,B11,3,18,13,0.1,3,,0.1,7,,,,,,,,,,,,,,,,,,,,,,,,,,,,,,,,,,,,,
,EA-MT5-P88,Ecuadendron acosta-solisianum,March 31 2026,April 6 2026,,0,XP224-OG,B,13,B13,3,,24,0.6,4,,0.6,7,,,,,,,,,,,,,,,,,,,,,,,,,,,,,,,,,,,,,
,CH-MT2-P20,Cecropia hispidissima,September 2 2025,April 6 2026,April 6 2026,1,XP224-OG,B,14,B14,3,34,,,,,0,,,,,,,,,,,,,,,,,,,,,,,,,,,,,,,,,,,,,,
,CP-MT5-P11,Carapa guianensis,September 2 2025,April 6 2026,,0,XP224-OG,B,15,B15,3,83,85,0.1,3,,0.1,12,,,,,,,,,,,,,,,,,,,,,,,,,,,,,,,,,,,,,
,VB-MT5-P60,Vismia baccifera,March 31 2026,April 6 2026,,0,XP224-OG,B,16,B16,3,,40,0.2,3,,0.2,,,,,,,,,,,,,,,,,,,,,,,,,,,,,,,,,,,,,,
,BP-MT5-P26,Bauhinia pichinchensis,March 31 2026,April 6 2026,,0,XP224-OG,C,1,C1,3,,15,0.3,2,,0.3,,,,,,,,,,,,,,,,,,,,,,,,,,,,,,,,,,,,,,
,MC-MT2-P68,Miconia conocuatrecasasii,September 2 2025,April 6 2026,,0,XP224-OG,C,2,C2,3,14,32,0.3,8,,0.3,,,,,,,,,,,,,,,,,,,,,,,,,,,,,,,,,,,,,,
,EA-MT2-P65,Ecuadendron acosta-solisianum,March 31 2026,April 6 2026,,0,XP224-OG,C,3,C3,3,,63,1.1,2,,1.1,7,,,,,,,,,,,,,,,,,,,,,,,,,,,,,,,,,,,,,
,AE-MT5-P23,Annona edulis,March 31 2026,April 6 2026,,0,XP224-OG,C,4,C4,3,,33,0.4,3,,0.4,,,,,,,,,,,,,,,,,,,,,,,,,,,,,,,,,,,,,,
,IS-MT2-P5,Inga silanchensis,December 1 2025,April 6 2026,,0,XP224-OG,C,5,C5,3,35,35,0.2,3,,0.2,3,,,,,,,,,,,,,,,,,,,,,,,,,,,,,,,,,,,,,
,CP-MT2-P59,Carapa guianensis,May 21 2025,April 6 2026,December 1 2025,1,XP224-OG,C,7,C7,3,54,,,,,0,,,,,,,,,,,,,,,,,,,,,,,,,,,,,,,,,,,,,,
,CP-MT5-P74,Carapa guianensis,March 31 2026,April 6 2026,,0,XP224-OG,C,7,C7,3,,40,0.5,3,,0.5,10,,,,,,,,,,,,,,,,,,,,,,,,,,,,,,,,,,,,,
,BU-MT2-P60,Brosimum utile,September 2 2025,April 6 2026,April 6 2026,1,XP224-OG,C,9,C9,3,16,,,,,0,,,,,,,,,,,,,,,,,,,,,,,,,,,,,,,,,,,,,,
,CH-MT1-P42,Cecropia hispidissima,May 21 2025,April 6 2026,December 1 2025,1,XP224-OG,C,10,C10,3,25,,,,,0,,,,,,,,,,,,,,,,,,,,,,,,,,,,,,,,,,,,,,
,CH-MT3-P50,Cecropia hispidissima,March 31 2026,April 6 2026,,0,XP224-OG,C,10,C10,3,,25,0.3,0,,0.3,,,,,,,,,,,,,,,,,,,,,,,,,,,,,,,,,,,,,,
,PA-MT7-P16,Piper aduncum,September 2 2025,April 6 2026,,0,XP224-OG,C,12,C12,3,37,114,0.4,6,,0.4,,,,,,,,,,,,,,,,,,,,,,,,,,,,,,,,,,,,,,
,BS-MT5-P50,Bactris setulosa,December 1 2025,April 6 2026,,0,XP224-OG,C,13,C13,3,15,20,1.1,1,,1.1,,,,,,,,,,,,,,,,,,,,,,,,,,,,,,,,,,,,,,
,BG-MT3-P9,Banara guianensis,September 2 2025,April 6 2026,April 6 2026,1,XP224-OG,C,14,C14,3,60,,,,,0,,,,,,,,,,,,,,,,,,,,,,,,,,,,,,,,,,,,,,
,PG-MT5-P27,Pouruma guianensis,March 31 2026,April 6 2026,,0,XP224-OG,C,15,C15,3,,25,0.2,2,,0.2,,,,,,,,,,,,,,,,,,,,,,,,,,,,,,,,,,,,,,
,VB-MT3-P27,Vismia baccifera,March 31 2026,April 6 2026,,0,XP224-OG,C,16,C16,3,,59,0.3,3,,0.3,,,,,,,,,,,,,,,,,,,,,,,,,,,,,,,,,,,,,,
,BS-MT6-P20,Bactris setulosa,September 2 2025,April 6 2026,,0,XP224-OG,A,1,A1,4,31,13,0.8,4,,0.8,,,,,,,,,,,,,,,,,,,,,,,,,,,,,,,,,,,,,,
,MC-MT2-P16,Miconia conocuatrecasasii,September 2 2025,April 6 2026,,0,XP224-OG,A,2,A2,4,27,23,0.1,3,,0.1,,,,,,,,,,,,,,,,,,,,,,,,,,,,,,,,,,,,,,
,BU-MT3-P71,Brosimum utile,September 2 2025,April 6 2026,,0,XP224-OG,A,3,A3,4,35,30,0.2,4,,0.2,,,,,,,,,,,,,,,,,,,,,,,,,,,,,,,,,,,,,,
,CP-MT3-P26,Carapa guianensis,May 21 2025,April 6 2026,,0,XP224-OG,A,5,A5,4,49,55,0.7,5,,0.7,13,,,,,,,,,,,,,,,,,,,,,,,,,,,,,,,,,,,,,
,IS-MT2-P44,Inga silanchensis,April 9 2025,April 6 2026,,0,XP224-OG,A,6,A6,4,30,16,0.1,3,,0.1,5,,,,,,,,,,,,,,,,,,,,,,,,,,,,,,,,,,,,,
,OP-MT8-P24,Ochroma pyramidale,May 21 2025,April 6 2026,April 6 2026,1,XP224-OG,A,7,A7,4,44,,,,,0,,,,,,,,,,,,,,,,,,,,,,,,,,,,,,,,,,,,,,
,PA-MT3-P14,Piper aduncum,April 9 2025,April 6 2026,,0,XP224-OG,A,8,A8,4,34,50,0.3,9,,0.3,,,,,,,,,,,,,,,,,,,,,,,,,,,,,,,,,,,,,,
,EA-MT1-P28,Ecuadendron acosta-solisianum,December 1 2025,April 6 2026,,0,XP224-OG,A,9,A9,4,48,50,0.6,5,,0.6,,,,,,,,,,,,,,,,,,,,,,,,,,,,,,,,,,,,,,
,BP-MT4-P74,Bauhinia pichinchensis,March 31 2026,April 6 2026,,0,XP224-OG,A,10,A10,4,,30,0.2,1,,0.2,,,,,,,,,,,,,,,,,,,,,,,,,,,,,,,,,,,,,,
,CH-MT4-P32,Cecropia hispidissima,September 2 2025,April 6 2026,,0,XP224-OG,A,11,A11,4,43,54,0.3,3,,0.3,,,,,,,,,,,,,,,,,,,,,,,,,,,,,,,,,,,,,,
,DC-MT1-P6,Dacryodes cupularis,September 2 2025,April 6 2026,December 1 2025,1,XP224-OG,A,12,A12,4,16,,,,,0,,,,,,,,,,,,,,,,,,,,,,,,,,,,,,,,,,,,,,
,VB-MT4-P51,Vismia baccifera,March 31 2026,April 6 2026,,0,XP224-OG,A,13,A13,4,,27,0.1,5,,0.1,,,,,,,,,,,,,,,,,,,,,,,,,,,,,,,,,,,,,,
,BG-MT4-P17,Banara guianensis,September 2 2025,April 6 2026,,0,XP224-OG,A,14,A14,4,62,64,0.2,12,,0.2,,,,,,,,,,,,,,,,,,,,,,,,,,,,,,,,,,,,,,
,AE-MT5-P55,Annona edulis,March 31 2026,April 6 2026,,0,XP224-OG,A,15,A15,4,,43,0.4,5,,0.4,,,,,,,,,,,,,,,,,,,,,,,,,,,,,,,,,,,,,,
,PG-MT5-P53,Pouruma guianensis,March 31 2026,April 6 2026,,0,XP224-OG,A,16,A16,4,,20,0.3,3,,0.3,,,,,,,,,,,,,,,,,,,,,,,,,,,,,,,,,,,,,,
,IS-MT5-P8,Inga silanchensis,April 9 2025,April 6 2026,,0,XP224-OG,B,2,B2,4,22,15,0.2,1,,0.2,1,,,,,,,,,,,,,,,,,,,,,,,,,,,,,,,,,,,,,
,EA-MT2-P21,Ecuadendron acosta-solisianum,May 21 2025,April 6 2026,,0,XP224-OG,B,4,B4,4,46,46,0.6,9,,0.6,15,,,,,,,,,,,,,,,,,,,,,,,,,,,,,,,,,,,,,
,CP-MT5-P40,Carapa guianensis,September 2 2025,April 6 2026,,0,XP224-OG,B,5,B5,4,74,54,0.9,5,,0.9,22,,,,,,,,,,,,,,,,,,,,,,,,,,,,,,,,,,,,,
,OP-MT7-P37,Ochroma pyramidale,May 21 2025,April 6 2026,December 1 2025,1,XP224-OG,B,7,B7,4,75,,,,,0,,,,,,,,,,,,,,,,,,,,,,,,,,,,,,,,,,,,,,
,OP-MT6-P49,Ochroma pyramidale,March 31 2026,April 6 2026,,0,XP224-OG,B,7,B7,4,,43,0.3,4,,0.3,,,,,,,,,,,,,,,,,,,,,,,,,,,,,,,,,,,,,,
,CH-MT5-P55,Cecropia hispidissima,September 2 2025,April 6 2026,,0,XP224-OG,B,8,B8,4,52,60,0.2,3,,0.2,,,,,,,,,,,,,,,,,,,,,,,,,,,,,,,,,,,,,,
,DC-MT3-P9,Dacryodes cupularis,September 2 2025,April 6 2026,,0,XP224-OG,B,9,B9,4,42,34,0.2,1,,0.2,3,,,,,,,,,,,,,,,,,,,,,,,,,,,,,,,,,,,,,
,PG-MT2-P51,Pouruma guianensis,March 31 2026,April 6 2026,,0,XP224-OG,B,10,B10,4,,17,0.1,2,,0.1,,,,,,,,,,,,,,,,,,,,,,,,,,,,,,,,,,,,,,
,BG-MT4-P72,Banara guianensis,September 2 2025,April 6 2026,April 6 2026,1,XP224-OG,B,11,B11,4,73,,,,,0,,,,,,,,,,,,,,,,,,,,,,,,,,,,,,,,,,,,,,
,BS-MT6-P19,Bactris setulosa,September 2 2025,April 6 2026,,0,XP224-OG,B,12,B12,4,21,14,0.1,2,,0.1,,,,,,,,,,,,,,,,,,,,,,,,,,,,,,,,,,,,,,
,BP-MT1-P17,Bauhinia pichinchensis,March 31 2026,April 6 2026,,0,XP224-OG,B,13,B13,4,,20,0.2,3,,0.2,,,,,,,,,,,,,,,,,,,,,,,,,,,,,,,,,,,,,,
,AE-MT4-P47,Annona edulis,March 31 2026,April 6 2026,,0,XP224-OG,B,14,B14,4,,50,0.4,3,,0.4,,,,,,,,,,,,,,,,,,,,,,,,,,,,,,,,,,,,,,
,VB-MT2-P29,Vismia baccifera,March 31 2026,April 6 2026,,0,XP224-OG,B,15,B15,4,,30,0.1,2,,0.1,,,,,,,,,,,,,,,,,,,,,,,,,,,,,,,,,,,,,,
,BU-MT3-P5,Brosimum utile,September 2 2025,April 6 2026,,0,XP224-OG,B,16,B16,4,31,37,0.2,3,,0.2,,,,,,,,,,,,,,,,,,,,,,,,,,,,,,,,,,,,,,
,AE-MT4-P35,Annona edulis,March 31 2026,April 6 2026,,0,XP224-OG,C,1,C1,4,,34,0.2,5,,0.2,,,,,,,,,,,,,,,,,,,,,,,,,,,,,,,,,,,,,,
,CH-MT3-P54,Cecropia hispidissima,September 2 2025,April 6 2026,December 1 2025,1,XP224-OG,C,2,C2,4,50,,,,,0,,,,,,,,,,,,,,,,,,,,,,,,,,,,,,,,,,,,,,
,CH-MT4-P59,Cecropia hispidissima,March 31 2026,April 6 2026,,0,XP224-OG,C,2,C2,4,,60,0.4,0,,0.4,,,,,,,,,,,,,,,,,,,,,,,,,,,,,,,,,,,,,,
,EA-MT4-P68,Ecuadendron acosta-solisianum,March 31 2026,April 6 2026,,0,XP224-OG,C,3,C3,4,,56,0.9,6,,0.9,11,,,,,,,,,,,,,,,,,,,,,,,,,,,,,,,,,,,,,
,BG-MT5-P44,Banara guianensis,September 2 2025,April 6 2026,,0,XP224-OG,C,4,C4,4,60,21,0.3,6,,0.3,,,,,,,,,,,,,,,,,,,,,,,,,,,,,,,,,,,,,,
,VB-MT3-P9,Vismia baccifera,March 31 2026,April 6 2026,,0,XP224-OG,C,5,C5,4,,51,0.2,3,,0.2,,,,,,,,,,,,,,,,,,,,,,,,,,,,,,,,,,,,,,
,CP-MT5-P30,Carapa guianensis,September 2 2025,April 6 2026,December 1 2025,1,XP224-OG,C,6,C6,4,37,,,,,0,,,,,,,,,,,,,,,,,,,,,,,,,,,,,,,,,,,,,,
,CP-MT2-P93,Carapa guianensis,March 31 2026,April 6 2026,,0,XP224-OG,C,6,C6,4,,31,0.5,3,,0.5,13,,,,,,,,,,,,,,,,,,,,,,,,,,,,,,,,,,,,,
,IS-MT1-P22,Inga silanchensis,May 21 2025,April 6 2026,,0,XP224-OG,C,8,C8,4,28,14,0.2,0,,0.2,,,,,,,,,,,,,,,,,,,,,,,,,,,,,,,,,,,,,,
,BU-MT5-P45,Brosimum utile,September 2 2025,April 6 2026,,0,XP224-OG,C,9,C9,4,35,35,0.5,4,,0.5,,,,,,,,,,,,,,,,,,,,,,,,,,,,,,,,,,,,,,
,PG-MT1-P61,Pouruma guianensis,March 31 2026,April 6 2026,,0,XP224-OG,C,11,C11,4,,43,0.2,1,,0.2,,,,,,,,,,,,,,,,,,,,,,,,,,,,,,,,,,,,,,
,OP-MT8-P49,Ochroma pyramidale,May 21 2025,April 6 2026,April 6 2026,1,XP224-OG,C,12,C12,4,62,,,,,0,,,,,,,,,,,,,,,,,,,,,,,,,,,,,,,,,,,,,,
,BS-MT6-P45,Bactris setulosa,December 1 2025,April 6 2026,,0,XP224-OG,C,13,C13,4,26,15,1,3,,1,,,,,,,,,,,,,,,,,,,,,,,,,,,,,,,,,,,,,,
,DC-MT4-P33,Dacryodes cupularis,September 2 2025,April 6 2026,April 6 2026,1,XP224-OG,C,14,C14,4,41,,,,,0,,,,,,,,,,,,,,,,,,,,,,,,,,,,,,,,,,,,,,
,BP-MT1-P46,Bauhinia pichinchensis,March 31 2026,April 6 2026,,0,XP224-OG,C,16,C16,4,,35,0.2,2,,0.2,,,,,,,,,,,,,,,,,,,,,,,,,,,,,,,,,,,,,,
,IS-MT4-P9,Inga silanchensis,December 1 2025,April 6 2026,,0,XP224-OG,A,3,A3,5,23,19,0.4,2,,0.4,4,,,,,,,,,,,,,,,,,,,,,,,,,,,,,,,,,,,,,
,AE-MT3-P47,Annona edulis,March 31 2026,April 6 2026,,0,XP224-OG,A,5,A5,5,,46,0.2,4,,0.2,,,,,,,,,,,,,,,,,,,,,,,,,,,,,,,,,,,,,,
,BP-MT3-P52,Bauhinia pichinchensis,March 31 2026,April 6 2026,,0,XP224-OG,A,8,A8,5,,19.5,0.1,1,,0.1,,,,,,,,,,,,,,,,,,,,,,,,,,,,,,,,,,,,,,
,BG-MT5-P22,Banara guianensis,September 2 2025,April 6 2026,April 6 2026,1,XP224-OG,A,9,A9,5,57,,,,,0,,,,,,,,,,,,,,,,,,,,,,,,,,,,,,,,,,,,,,
,VB-MT5-P20,Vismia baccifera,March 31 2026,April 6 2026,,0,XP224-OG,A,10,A10,5,,38,0.1,3,,0.1,,,,,,,,,,,,,,,,,,,,,,,,,,,,,,,,,,,,,,
,CH-MT4-P14,Cecropia hispidissima,September 2 2025,April 6 2026,April 6 2026,1,XP224-OG,A,11,A11,5,26,,,,,0,,,,,,,,,,,,,,,,,,,,,,,,,,,,,,,,,,,,,,
,PG-MT2-P61,Pouruma guianensis,March 31 2026,April 6 2026,,0,XP224-OG,A,14,A14,5,,20,0.1,2,,0.1,,,,,,,,,,,,,,,,,,,,,,,,,,,,,,,,,,,,,,
,DC-MT5-P55,Dacryodes cupularis,September 2 2025,April 6 2026,,0,XP224-OG,A,16,A16,5,25,15,0.1,2,,0.1,10,,,,,,,,,,,,,,,,,,,,,,,,,,,,,,,,,,,,,
,CP-MT1-P25,Carapa guianensis,September 2 2025,April 6 2026,,0,XP224-OG,B,1,B1,5,41,36,0.7,4,,0.7,16,,,,,,,,,,,,,,,,,,,,,,,,,,,,,,,,,,,,,
,PG-MT4-P39,Pouruma guianensis,March 31 2026,April 6 2026,,0,XP224-OG,B,2,B2,5,,23,0.2,3,,0.2,,,,,,,,,,,,,,,,,,,,,,,,,,,,,,,,,,,,,,
,BS-MT1-P95,Bactris setulosa,March 31 2026,April 6 2026,,0,XP224-OG,B,3,B3,5,,18,1,3,,1,,,,,,,,,,,,,,,,,,,,,,,,,,,,,,,,,,,,,,
,VB-MT2-P52,Vismia baccifera,March 31 2026,April 6 2026,,0,XP224-OG,B,5,B5,5,,23,0.1,5,,0.1,,,,,,,,,,,,,,,,,,,,,,,,,,,,,,,,,,,,,,
,BU-MT4-P63,Brosimum utile,September 2 2025,April 6 2026,,0,XP224-OG,B,6,B6,5,28,29,0.1,2,,0.1,,,,,,,,,,,,,,,,,,,,,,,,,,,,,,,,,,,,,,
,BG-MT2-P70,Banara guianensis,September 2 2025,April 6 2026,,0,XP224-OG,B,7,B7,5,56,72,0.2,32,,0.2,,,,,,,,,,,,,,,,,,,,,,,,,,,,,,,,,,,,,,
,IS-MT3-P80,Inga silanchensis,March 31 2026,April 6 2026,,0,XP224-OG,B,8,B8,5,,34,0.3,3,,0.3,10,,,,,,,,,,,,,,,,,,,,,,,,,,,,,,,,,,,,,
,AE-MT2-P50,Annona edulis,March 31 2026,April 6 2026,,0,XP224-OG,B,10,B10,5,,33,0.2,4,,0.2,,,,,,,,,,,,,,,,,,,,,,,,,,,,,,,,,,,,,,
,DC-MT1-P60,Dacryodes cupularis,September 2 2025,April 6 2026,April 6 2026,1,XP224-OG,B,11,B11,5,30,,,,,0,,,,,,,,,,,,,,,,,,,,,,,,,,,,,,,,,,,,,,
,EA-MT3-P61,Ecuadendron acosta-solisianum,March 31 2026,April 6 2026,April 6 2026,1,XP224-OG,B,12,B12,5,,,,,,0,,,,,,,,,,,,,,,,,,,,,,,,,,,,,,,,,,,,,,
,BP-MT5-P15,Bauhinia pichinchensis,March 31 2026,April 6 2026,,0,XP224-OG,B,14,B14,5,,24,0.1,2,,0.1,,,,,,,,,,,,,,,,,,,,,,,,,,,,,,,,,,,,,,
,VB-MT2-P12,Vismia baccifera,March 31 2026,April 6 2026,,0,XP224-OG,C,1,C1,5,,41,0.1,2,,0.1,,,,,,,,,,,,,,,,,,,,,,,,,,,,,,,,,,,,,,
,BG-MT4-P35,Banara guianensis,September 2 2025,April 6 2026,April 6 2026,1,XP224-OG,C,4,C4,5,53,,,,,0,,,,,,,,,,,,,,,,,,,,,,,,,,,,,,,,,,,,,,
,AE-MT1-P42,Annona edulis,March 31 2026,April 6 2026,,0,XP224-OG,C,5,C5,5,,49,0.2,4,,0.2,,,,,,,,,,,,,,,,,,,,,,,,,,,,,,,,,,,,,,
,EA-MT2-P27,Ecuadendron acosta-solisianum,March 31 2026,April 6 2026,,0,XP224-OG,C,6,C6,5,,104,1.3,12,,1.3,31,,,,,,,,,,,,,,,,,,,,,,,,,,,,,,,,,,,,,
,IS-MT2-P41,Inga silanchensis,December 1 2025,April 6 2026,,0,XP224-OG,C,8,C8,5,28,25,0.3,2,,0.3,8,,,,,,,,,,,,,,,,,,,,,,,,,,,,,,,,,,,,,
,BP-MT4-P6,Bauhinia pichinchensis,March 31 2026,April 6 2026,April 6 2026,1,XP224-OG,C,10,C10,5,,,,,,0,,,,,,,,,,,,,,,,,,,,,,,,,,,,,,,,,,,,,,
,DC-MT2-P19,Dacryodes cupularis,September 2 2025,April 6 2026,,0,XP224-OG,C,12,C12,5,36,24,0.2,3,,0.2,13,,,,,,,,,,,,,,,,,,,,,,,,,,,,,,,,,,,,,
,PG-MT3-P40,Pouruma guianensis,March 31 2026,April 6 2026,,0,XP224-OG,C,13,C13,5,,14,0.1,4,,0.1,,,,,,,,,,,,,,,,,,,,,,,,,,,,,,,,,,,,,,
,CH-MT2-P46,Cecropia hispidissima,September 2 2025,April 6 2026,,0,XP224-OG,C,16,C16,5,15,19,0.1,5,,0.1,,,,,,,,,,,,,,,,,,,,,,,,,,,,,,,,,,,,,,
,BU-MT1-P3,Brosimum utile,May 21 2025,April 7 2026,,0,XP225-OG,A,1,A1,1,30,40,0.3,6,,0.3,,,,,,,,,,,,,,,,,,,,,,,,,,,,,,,,,,,,,,
,CP-MT3-P77,Carapa guianensis,May 21 2025,April 7 2026,April 7 2026,1,XP225-OG,A,2,A2,1,51,,,,,0,,,,,,,,,,,,,,,,,,,,,,,,,,,,,,,,,,,,,,
,MC-MT1-P54,Miconia conocuatrecasasii,September 03 2025,April 7 2026,,0,XP225-OG,A,3,A3,1,23,29,0.3,6,,0.3,,,,,,,,,,,,,,,,,,,,,,,,,,,,,,,,,,,,,,
,PG-MT3-P67,Pouruma guianensis,April 1 2026,April 7 2026,,0,XP225-OG,A,6,A6,1,,18,0.1,4,,0.1,,,,,,,,,,,,,,,,,,,,,,,,,,,,,,,,,,,,,,
,CH-MT4-P11,Cecropia hispidissima,September 03 2025,April 7 2026,April 7 2026,1,XP225-OG,A,7,A7,1,49,,,,,0,,,,,,,,,,,,,,,,,,,,,,,,,,,,,,,,,,,,,,
,VB-MT2-P40,Vismia baccifera,April 1 2026,April 7 2026,,0,XP225-OG,A,8,A8,1,,38,0.1,4,,0.1,,,,,,,,,,,,,,,,,,,,,,,,,,,,,,,,,,,,,,
,IS-MT2-P6,Inga silanchensis,December 1 2025,April 7 2026,,0,XP225-OG,A,9,A9,1,37,34,0.6,2,,0.6,3,,,,,,,,,,,,,,,,,,,,,,,,,,,,,,,,,,,,,
,DC-MT3-P64,Dacryodes cupularis,April 1 2026,April 7 2026,,0,XP225-OG,A,10,A10,1,,26,0.4,1,,0.4,1,,,,,,,,,,,,,,,,,,,,,,,,,,,,,,,,,,,,,
,BG-MT5-P55,Banara guianensis,September 03 2025,April 7 2026,April 7 2026,1,XP225-OG,A,11,A11,1,48,,,,,0,,,,,,,,,,,,,,,,,,,,,,,,,,,,,,,,,,,,,,
,OP-MT9-P2,Ochroma pyramidale,April 9 2025,April 7 2026,April 7 2026,1,XP225-OG,A,12,A12,1,54,,,,,0,,,,,,,,,,,,,,,,,,,,,,,,,,,,,,,,,,,,,,
,BS-MT1-P9,Bactris setulosa,September 03 2025,April 7 2026,,0,XP225-OG,A,13,A13,1,18,9,1,3,,1,,,,,,,,,,,,,,,,,,,,,,,,,,,,,,,,,,,,,,
,AE-MT3-P51,Annona edulis,April 1 2026,April 7 2026,,0,XP225-OG,A,14,A14,1,,41,0.2,4,,0.2,,,,,,,,,,,,,,,,,,,,,,,,,,,,,,,,,,,,,,
,BP-MT1-P28,Bauhinia pichinchensis,April 1 2026,April 7 2026,,0,XP225-OG,A,15,A15,1,,23,0.1,0,,0.1,,,,,,,,,,,,,,,,,,,,,,,,,,,,,,,,,,,,,,
,EA-MT5-P97,Ecuadendron acosta-solisianum,April 1 2026,April 7 2026,,0,XP225-OG,A,16,A16,1,,68,0.6,4,,0.6,11,,,,,,,,,,,,,,,,,,,,,,,,,,,,,,,,,,,,,
,OP-MT2-P39,Ochroma pyramidale,April 9 2025,April 7 2026,September 03 2025,1,XP225-OG,B,1,B1,1,55,,,,,0,,,,,,,,,,,,,,,,,,,,,,,,,,,,,,,,,,,,,,
,OP-MT9-P61,Ochroma pyramidale,December 1 2025,April 7 2026,April 7 2026,1,XP225-OG,B,1,B1,1,90,,,,,0,,,,,,,,,,,,,,,,,,,,,,,,,,,,,,,,,,,,,,
,DC-MT3-P49,Dacryodes cupularis,September 03 2025,April 7 2026,,0,XP225-OG,B,2,B2,1,45,27,0.1,2,,0.1,6,,,,,,,,,,,,,,,,,,,,,,,,,,,,,,,,,,,,,
,AE-MT2-P59,Annona edulis,April 1 2026,April 7 2026,,0,XP225-OG,B,4,B4,1,,33,6.2,3,,6.2,,,,,,,,,,,,,,,,,,,,,,,,,,,,,,,,,,,,,,
,IS-MT1-P2,Inga silanchensis,May 21 2025,April 7 2026,,0,XP225-OG,B,5,B5,1,17,15,0.2,3,,0.2,4,,,,,,,,,,,,,,,,,,,,,,,,,,,,,,,,,,,,,
,CH-MT2-P52,Cecropia hispidissima,September 03 2025,April 7 2026,April 7 2026,1,XP225-OG,B,6,B6,1,23,,,,,0,,,,,,,,,,,,,,,,,,,,,,,,,,,,,,,,,,,,,,
,CP-MT1-P22,Carapa guianensis,September 03 2025,April 7 2026,,0,XP225-OG,B,7,B7,1,62,64,1,2,,1,9,,,,,,,,,,,,,,,,,,,,,,,,,,,,,,,,,,,,,
,BG-MT1-P32,Banara guianensis,September 03 2025,April 7 2026,April 7 2026,1,XP225-OG,B,8,B8,1,41,,,,,0,,,,,,,,,,,,,,,,,,,,,,,,,,,,,,,,,,,,,,
,EA-MT1-P76,Ecuadendron acosta-solisianum,December 1 2025,April 7 2026,,0,XP225-OG,B,9,B9,1,44,54,0.5,7,,0.5,18,,,,,,,,,,,,,,,,,,,,,,,,,,,,,,,,,,,,,
,VB-MT3-P64,Vismia baccifera,April 1 2026,April 7 2026,,0,XP225-OG,B,10,B10,1,,33,0.2,4,,0.2,,,,,,,,,,,,,,,,,,,,,,,,,,,,,,,,,,,,,,
,BP-MT1-P48,Bauhinia pichinchensis,April 1 2026,April 7 2026,,0,XP225-OG,B,11,B11,1,,23,0.3,0,,0.3,,,,,,,,,,,,,,,,,,,,,,,,,,,,,,,,,,,,,,
,PG-MT4-P36,Pouruma guianensis,April 1 2026,April 7 2026,,0,XP225-OG,B,12,B12,1,,30,0.2,1,,0.2,,,,,,,,,,,,,,,,,,,,,,,,,,,,,,,,,,,,,,
,BS-MT5-P4,Bactris setulosa,September 03 2025,April 7 2026,,0,XP225-OG,B,13,B13,1,25,10,0.6,4,,0.6,,,,,,,,,,,,,,,,,,,,,,,,,,,,,,,,,,,,,,
,BU-MT2-P21,Brosimum utile,September 03 2025,April 7 2026,,0,XP225-OG,B,15,B15,1,50,46,0.3,7,,0.3,,,,,,,,,,,,,,,,,,,,,,,,,,,,,,,,,,,,,,
,PA-MT7-P19,Piper aduncum,September 03 2025,April 7 2026,,0,XP225-OG,B,16,B16,1,37,37,0.2,12,,0.2,,,,,,,,,,,,,,,,,,,,,,,,,,,,,,,,,,,,,,
,DC-MT5-P74,Dacryodes cupularis,September 03 2025,April 7 2026,April 7 2026,1,XP225-OG,C,1,C1,1,38,,,,,0,,,,,,,,,,,,,,,,,,,,,,,,,,,,,,,,,,,,,,
,CP-MT2-P74,Carapa guianensis,May 21 2025,April 7 2026,,0,XP225-OG,C,2,C2,1,63,69,1,8,,1,29,,,,,,,,,,,,,,,,,,,,,,,,,,,,,,,,,,,,,
,PG-MT1-P45,Pouruma guianensis,April 1 2026,April 7 2026,,0,XP225-OG,C,3,C3,1,,33,0.2,1,,0.2,,,,,,,,,,,,,,,,,,,,,,,,,,,,,,,,,,,,,,
,AE-MT4-P44,Annona edulis,April 1 2026,April 7 2026,,0,XP225-OG,C,4,C4,1,,47,0.3,0,,0.3,,,,,,,,,,,,,,,,,,,,,,,,,,,,,,,,,,,,,,
,BG-MT2-P64,Banara guianensis,September 03 2025,April 7 2026,April 7 2026,1,XP225-OG,C,5,C5,1,59,,,,,0,,,,,,,,,,,,,,,,,,,,,,,,,,,,,,,,,,,,,,
,EA-MT4-P47,Ecuadendron acosta-solisianum,April 1 2026,April 7 2026,April 7 2026,1,XP225-OG,C,6,C6,1,,,,,,0,,,,,,,,,,,,,,,,,,,,,,,,,,,,,,,,,,,,,,
,IS-MT2-P55,Inga silanchensis,May 21 2025,April 7 2026,April 7 2026,1,XP225-OG,C,7,C7,1,25,,,,,0,,,,,,,,,,,,,,,,,,,,,,,,,,,,,,,,,,,,,,
,OP-MT8-P48,Ochroma pyramidale,May 21 2025,April 7 2026,April 7 2026,1,XP225-OG,C,8,C8,1,57,,,,,0,,,,,,,,,,,,,,,,,,,,,,,,,,,,,,,,,,,,,,
,PA-MT6-P74,Piper aduncum,April 1 2026,April 7 2026,,0,XP225-OG,C,9,C9,1,,29,0.3,2,,0.3,,,,,,,,,,,,,,,,,,,,,,,,,,,,,,,,,,,,,,
,BU-MT4-P60,Brosimum utile,September 03 2025,April 7 2026,,0,XP225-OG,C,11,C11,1,30,27,0.1,3,,0.1,,,,,,,,,,,,,,,,,,,,,,,,,,,,,,,,,,,,,,
,VB-MT4-P13,Vismia baccifera,April 1 2026,April 7 2026,,0,XP225-OG,C,12,C12,1,,46,0.2,5,,0.2,,,,,,,,,,,,,,,,,,,,,,,,,,,,,,,,,,,,,,
,BS-MT1-P84,Bactris setulosa,December 1 2025,April 7 2026,,0,XP225-OG,C,13,C13,1,30,15,1,3,,1,,,,,,,,,,,,,,,,,,,,,,,,,,,,,,,,,,,,,,
,BP-MT3-P39,Bauhinia pichinchensis,April 1 2026,April 7 2026,,0,XP225-OG,C,14,C14,1,,30,0.2,0,,0.2,,,,,,,,,,,,,,,,,,,,,,,,,,,,,,,,,,,,,,
,CH-MT3-P52,Cecropia hispidissima,September 03 2025,April 7 2026,April 7 2026,1,XP225-OG,C,15,C15,1,55,,,,,0,,,,,,,,,,,,,,,,,,,,,,,,,,,,,,,,,,,,,,
,IS-MT5-P25,Inga silanchensis,April 9 2025,April 7 2026,,0,XP225-OG,A,1,A1,2,27,22,0.1,2,,0.1,3,,,,,,,,,,,,,,,,,,,,,,,,,,,,,,,,,,,,,
,PG-MT5-P8,Pouruma guianensis,April 1 2026,April 7 2026,,0,XP225-OG,A,2,A2,2,,27,0.1,2,,0.1,,,,,,,,,,,,,,,,,,,,,,,,,,,,,,,,,,,,,,
,DC-MT2-P1,Dacryodes cupularis,September 03 2025,April 7 2026,,0,XP225-OG,A,3,A3,2,19,15,0.1,2,,0.1,6,,,,,,,,,,,,,,,,,,,,,,,,,,,,,,,,,,,,,
,CP-MT4-P79,Carapa guianensis,May 21 2025,April 7 2026,,0,XP225-OG,A,5,A5,2,44,49,0.9,3,,0.9,11,,,,,,,,,,,,,,,,,,,,,,,,,,,,,,,,,,,,,
,OP-MT9-P20,Ochroma pyramidale,April 9 2025,April 7 2026,April 7 2026,1,XP225-OG,A,6,A6,2,54,,,,,0,,,,,,,,,,,,,,,,,,,,,,,,,,,,,,,,,,,,,,
,CH-MT5-P52,Cecropia hispidissima,September 03 2025,April 7 2026,,0,XP225-OG,A,7,A7,2,57,49,0.1,5,,0.1,,,,,,,,,,,,,,,,,,,,,,,,,,,,,,,,,,,,,,
,BU-MT5-P4,Brosimum utile,September 03 2025,April 7 2026,April 7 2026,1,XP225-OG,A,8,A8,2,25,,,,,0,,,,,,,,,,,,,,,,,,,,,,,,,,,,,,,,,,,,,,
,VB-MT4-P32,Vismia baccifera,April 1 2026,April 7 2026,,0,XP225-OG,A,9,A9,2,,38,0.1,3,,0.1,,,,,,,,,,,,,,,,,,,,,,,,,,,,,,,,,,,,,,
,PA-MT3-P31,Piper aduncum,April 9 2025,April 7 2026,,0,XP225-OG,A,10,A10,2,23,45,0.4,17,,0.4,,,,,,,,,,,,,,,,,,,,,,,,,,,,,,,,,,,,,,
,EA-MT5-P60,Ecuadendron acosta-solisianum,December 1 2025,April 7 2026,,0,XP225-OG,A,12,A12,2,52,52,0.5,5,,0.5,12,,,,,,,,,,,,,,,,,,,,,,,,,,,,,,,,,,,,,
,BS-MT6-P29,Bactris setulosa,September 03 2025,April 7 2026,,0,XP225-OG,A,13,A13,2,17,8,0.4,2,,0.4,,,,,,,,,,,,,,,,,,,,,,,,,,,,,,,,,,,,,,
,BP-MT2-P64,Bauhinia pichinchensis,April 1 2026,April 7 2026,,0,XP225-OG,A,14,A14,2,,26,0.2,2,,0.2,,,,,,,,,,,,,,,,,,,,,,,,,,,,,,,,,,,,,,
,BG-MT2-P16,Banara guianensis,September 03 2025,April 7 2026,,0,XP225-OG,A,15,A15,2,57,60,0.2,15,,0.2,,,,,,,,,,,,,,,,,,,,,,,,,,,,,,,,,,,,,,
,AE-MT2-P23,Annona edulis,April 1 2026,April 7 2026,,0,XP225-OG,A,16,A16,2,,49,0.3,0,,0.3,,,,,,,,,,,,,,,,,,,,,,,,,,,,,,,,,,,,,,
,OP-MT7-P44,Ochroma pyramidale,May 21 2025,April 7 2026,April 7 2026,1,XP225-OG,B,1,B1,2,72,,,,,0,,,,,,,,,,,,,,,,,,,,,,,,,,,,,,,,,,,,,,
,BS-MT5-P72,Bactris setulosa,December 1 2025,April 7 2026,,0,XP225-OG,B,2,B2,2,30,11,0.5,3,,0.5,,,,,,,,,,,,,,,,,,,,,,,,,,,,,,,,,,,,,,
,BG-MT4-P74,Banara guianensis,September 03 2025,April 7 2026,,0,XP225-OG,B,3,B3,2,64,72,0.3,19,,0.3,,,,,,,,,,,,,,,,,,,,,,,,,,,,,,,,,,,,,,
,PG-MT2-P43,Pouruma guianensis,April 1 2026,April 7 2026,,0,XP225-OG,B,4,B4,2,,10,0.2,4,,0.2,,,,,,,,,,,,,,,,,,,,,,,,,,,,,,,,,,,,,,
,AE-MT4-P58,Annona edulis,April 1 2026,April 7 2026,,0,XP225-OG,B,5,B5,2,,50,0.2,2,,0.2,,,,,,,,,,,,,,,,,,,,,,,,,,,,,,,,,,,,,,
,DC-MT1-P39,Dacryodes cupularis,September 03 2025,April 7 2026,,0,XP225-OG,B,7,B7,2,37,25,0.3,2,,0.3,6,,,,,,,,,,,,,,,,,,,,,,,,,,,,,,,,,,,,,
,CP-MT5-P70,Carapa guianensis,September 03 2025,April 7 2026,,0,XP225-OG,B,8,B8,2,58,51,0.6,3,,0.6,6,,,,,,,,,,,,,,,,,,,,,,,,,,,,,,,,,,,,,
,MC-MT1-P56,Miconia conocuatrecasasii,September 03 2025,April 7 2026,,0,XP225-OG,B,9,B9,2,24,22,0.3,4,,0.3,,,,,,,,,,,,,,,,,,,,,,,,,,,,,,,,,,,,,,
,VB-MT2-P2,Vismia baccifera,April 1 2026,April 7 2026,,0,XP225-OG,B,10,B10,2,,38,0.1,3,,0.1,,,,,,,,,,,,,,,,,,,,,,,,,,,,,,,,,,,,,,
,IS-MT4-P52,Inga silanchensis,May 21 2025,April 7 2026,,0,XP225-OG,B,12,B12,2,29,27,0.3,0,,0.3,,,,,,,,,,,,,,,,,,,,,,,,,,,,,,,,,,,,,,
,BU-MT5-P26,Brosimum utile,September 03 2025,April 7 2026,,0,XP225-OG,B,13,B13,2,42,39,0.2,4,,0.2,,,,,,,,,,,,,,,,,,,,,,,,,,,,,,,,,,,,,,
,BP-MT5-P48,Bauhinia pichinchensis,April 1 2026,April 7 2026,,0,XP225-OG,B,14,B14,2,,10,0.1,3,,0.1,,,,,,,,,,,,,,,,,,,,,,,,,,,,,,,,,,,,,,
,CH-MT2-P44,Cecropia hispidissima,September 03 2025,April 7 2026,April 7 2026,1,XP225-OG,B,15,B15,2,22,,,,,0,,,,,,,,,,,,,,,,,,,,,,,,,,,,,,,,,,,,,,
,EA-MT5-P38,Ecuadendron acosta-solisianum,December 1 2025,April 7 2026,,0,XP225-OG,B,16,B16,2,36,26,0.4,3,,0.4,8,,,,,,,,,,,,,,,,,,,,,,,,,,,,,,,,,,,,,
,IS-MT4-P57,Inga silanchensis,May 21 2025,April 7 2026,April 7 2026,1,XP225-OG,C,1,C1,2,25,,,,,0,,,,,,,,,,,,,,,,,,,,,,,,,,,,,,,,,,,,,,
,PA-MT6-P51,Piper aduncum,May 21 2025,April 7 2026,April 7 2026,1,XP225-OG,C,3,C3,2,17,,,,,0,,,,,,,,,,,,,,,,,,,,,,,,,,,,,,,,,,,,,,
,PG-MT3-P22,Pouruma guianensis,April 1 2026,April 7 2026,,0,XP225-OG,C,4,C4,2,,29,0.2,1,,0.2,,,,,,,,,,,,,,,,,,,,,,,,,,,,,,,,,,,,,,
,VB-MT5-P33,Vismia baccifera,April 1 2026,April 7 2026,,0,XP225-OG,C,5,C5,2,,41,0.1,3,,0.1,,,,,,,,,,,,,,,,,,,,,,,,,,,,,,,,,,,,,,
,OP-MT6-P14,Ochroma pyramidale,May 21 2025,April 7 2026,September 03 2025,1,XP225-OG,C,6,C6,2,62,,,,,0,,,,,,,,,,,,,,,,,,,,,,,,,,,,,,,,,,,,,,
,OP-MT9-P12,Ochroma pyramidale,December 1 2025,April 7 2026,April 7 2026,1,XP225-OG,C,6,C6,2,86,,,,,0,,,,,,,,,,,,,,,,,,,,,,,,,,,,,,,,,,,,,,
,AE-MT4-P53,Annona edulis,April 1 2026,April 7 2026,,0,XP225-OG,C,7,C7,2,,47,0.2,2,,0.2,,,,,,,,,,,,,,,,,,,,,,,,,,,,,,,,,,,,,,
,CP-MT3-P32,Carapa guianensis,May 21 2025,April 7 2026,April 7 2026,1,XP225-OG,C,8,C8,2,60,,,,,0,,,,,,,,,,,,,,,,,,,,,,,,,,,,,,,,,,,,,,
,BU-MT3-P53,Brosimum utile,September 03 2025,April 7 2026,,0,XP225-OG,C,9,C9,2,37,33,0.2,3,,0.2,,,,,,,,,,,,,,,,,,,,,,,,,,,,,,,,,,,,,,
,MC-MT3-P17,Miconia conocuatrecasasii,September 03 2025,April 7 2026,,0,XP225-OG,C,10,C10,2,18,16,0.1,3,,0.1,,,,,,,,,,,,,,,,,,,,,,,,,,,,,,,,,,,,,,
,BS-MT5-P16,Bactris setulosa,September 03 2025,April 7 2026,,0,XP225-OG,C,11,C11,2,33,13,0.7,2,,0.7,,,,,,,,,,,,,,,,,,,,,,,,,,,,,,,,,,,,,,
,EA-MT1-P17,Ecuadendron acosta-solisianum,December 1 2025,April 7 2026,,0,XP225-OG,C,12,C12,2,52,55,0.5,6,,0.5,18,,,,,,,,,,,,,,,,,,,,,,,,,,,,,,,,,,,,,
,BG-MT4-P14,Banara guianensis,September 03 2025,April 7 2026,April 7 2026,1,XP225-OG,C,13,C13,2,66,,,,,0,,,,,,,,,,,,,,,,,,,,,,,,,,,,,,,,,,,,,,
,BP-MT3-P30,Bauhinia pichinchensis,April 1 2026,April 7 2026,,0,XP225-OG,C,14,C14,2,,25,0.1,1,,0.1,,,,,,,,,,,,,,,,,,,,,,,,,,,,,,,,,,,,,,
,CH-MT4-P36,Cecropia hispidissima,September 03 2025,April 7 2026,,0,XP225-OG,C,15,C15,2,52,56,0.4,7,,0.4,,,,,,,,,,,,,,,,,,,,,,,,,,,,,,,,,,,,,,
,DC-MT3-P15,Dacryodes cupularis,September 03 2025,April 7 2026,,0,XP225-OG,C,16,C16,2,18,10,0.1,3,,0.1,6,,,,,,,,,,,,,,,,,,,,,,,,,,,,,,,,,,,,,
,CH-MT1-P13,Cecropia hispidissima,May 21 2025,April 7 2026,April 7 2026,1,XP225-OG,A,1,A1,3,13,,,,,0,,,,,,,,,,,,,,,,,,,,,,,,,,,,,,,,,,,,,,
,EA-MT2-P28,Ecuadendron acosta-solisianum,April 1 2026,April 7 2026,,0,XP225-OG,A,2,A2,3,,56,0.7,3,,0.7,6,,,,,,,,,,,,,,,,,,,,,,,,,,,,,,,,,,,,,
,PA-MT3-P4,Piper aduncum,April 9 2025,April 7 2026,,0,XP225-OG,A,3,A3,3,23,43,0.3,8,,0.3,,,,,,,,,,,,,,,,,,,,,,,,,,,,,,,,,,,,,,
,OP-MT2-P33,Ochroma pyramidale,April 9 2025,April 7 2026,May 21 2025,1,XP225-OG,A,4,A4,3,51.5,,,,,0,,,,,,,,,,,,,,,,,,,,,,,,,,,,,,,,,,,,,,
,OP-MT6-P57,Ochroma pyramidale,April 1 2026,April 7 2026,,0,XP225-OG,A,4,A4,3,,36,0.2,0,,0.2,,,,,,,,,,,,,,,,,,,,,,,,,,,,,,,,,,,,,,
,CP-MT1-P58,Carapa guianensis,September 03 2025,April 7 2026,,0,XP225-OG,A,5,A5,3,46,37,0.6,3,,0.6,12,,,,,,,,,,,,,,,,,,,,,,,,,,,,,,,,,,,,,
,PG-MT1-P12,Pouruma guianensis,April 1 2026,April 7 2026,,0,XP225-OG,A,7,A7,3,,18,0.1,1,,0.1,,,,,,,,,,,,,,,,,,,,,,,,,,,,,,,,,,,,,,
,AE-MT1-P25,Annona edulis,April 1 2026,April 7 2026,,0,XP225-OG,A,8,A8,3,,38,0.3,6,,0.3,,,,,,,,,,,,,,,,,,,,,,,,,,,,,,,,,,,,,,
,MC-MT2-P19,Miconia conocuatrecasasii,September 03 2025,April 7 2026,,0,XP225-OG,A,9,A9,3,30,26,0.2,2,,0.2,,,,,,,,,,,,,,,,,,,,,,,,,,,,,,,,,,,,,,
,IS-MT3-P12,Inga silanchensis,April 9 2025,April 7 2026,,0,XP225-OG,A,10,A10,3,22,16,0.2,1,,0.2,1,,,,,,,,,,,,,,,,,,,,,,,,,,,,,,,,,,,,,
,BP-MT1-P74,Bauhinia pichinchensis,April 1 2026,April 7 2026,,0,XP225-OG,A,11,A11,3,,20,0.2,1,,0.2,,,,,,,,,,,,,,,,,,,,,,,,,,,,,,,,,,,,,,
,DC-MT4-P7,Dacryodes cupularis,September 03 2025,April 7 2026,December 1 2025,1,XP225-OG,A,12,A12,3,22,,,,,0,,,,,,,,,,,,,,,,,,,,,,,,,,,,,,,,,,,,,,
,BU-MT4-P7,Brosimum utile,September 03 2025,April 7 2026,,0,XP225-OG,A,13,A13,3,20,25,0.2,4,,0.2,,,,,,,,,,,,,,,,,,,,,,,,,,,,,,,,,,,,,,
,VB-MT5-P64,Vismia baccifera,April 1 2026,April 7 2026,,0,XP225-OG,A,14,A14,3,,42,0.1,4,,0.1,,,,,,,,,,,,,,,,,,,,,,,,,,,,,,,,,,,,,,
,BG-MT3-P20,Banara guianensis,September 03 2025,April 7 2026,,0,XP225-OG,A,15,A15,3,63,64,0.3,14,,0.3,,,,,,,,,,,,,,,,,,,,,,,,,,,,,,,,,,,,,,
,BS-MT6-P70,Bactris setulosa,December 1 2025,April 7 2026,,0,XP225-OG,A,16,A16,3,45,20,1,2,,1,,,,,,,,,,,,,,,,,,,,,,,,,,,,,,,,,,,,,,
,PA-MT3-P47,Piper aduncum,December 1 2025,April 7 2026,,0,XP225-OG,B,1,B1,3,34,41,0.2,6,,0.2,,,,,,,,,,,,,,,,,,,,,,,,,,,,,,,,,,,,,,
,BU-MT3-P22,Brosimum utile,September 03 2025,April 7 2026,,0,XP225-OG,B,2,B2,3,40,44,0.2,9,,0.2,,,,,,,,,,,,,,,,,,,,,,,,,,,,,,,,,,,,,,
,AE-MT5-P30,Annona edulis,April 1 2026,April 7 2026,,0,XP225-OG,B,3,B3,3,,32,0.3,5,,0.3,,,,,,,,,,,,,,,,,,,,,,,,,,,,,,,,,,,,,,
,BG-MT1-P70,Banara guianensis,September 03 2025,April 7 2026,,0,XP225-OG,B,4,B4,3,60,62,0.7,23,,0.7,,,,,,,,,,,,,,,,,,,,,,,,,,,,,,,,,,,,,,
,VB-MT1-P34,Vismia baccifera,September 03 2025,April 7 2026,,0,XP225-OG,B,5,B5,3,43,51,0.1,12,,0.1,,,,,,,,,,,,,,,,,,,,,,,,,,,,,,,,,,,,,,
,CH-MT4-P89,Cecropia hispidissima,September 03 2025,April 7 2026,April 7 2026,1,XP225-OG,B,6,B6,3,46,,,,,0,,,,,,,,,,,,,,,,,,,,,,,,,,,,,,,,,,,,,,
,PG-MT4-P28,Pouruma guianensis,April 1 2026,April 7 2026,,0,XP225-OG,B,7,B7,3,,23,0.2,2,,0.2,,,,,,,,,,,,,,,,,,,,,,,,,,,,,,,,,,,,,,
,OP-MT7-P50,Ochroma pyramidale,May 21 2025,April 7 2026,September 03 2025,1,XP225-OG,B,8,B8,3,47,,,,,0,,,,,,,,,,,,,,,,,,,,,,,,,,,,,,,,,,,,,,
,OP-MT6-P64,Ochroma pyramidale,April 1 2026,April 7 2026,,0,XP225-OG,B,8,B8,3,,38,0.3,2,,0.3,,,,,,,,,,,,,,,,,,,,,,,,,,,,,,,,,,,,,,
,IS-MT2-P48,Inga silanchensis,April 9 2025,April 7 2026,,0,XP225-OG,B,9,B9,3,18,10,0.2,4,,0.2,7,,,,,,,,,,,,,,,,,,,,,,,,,,,,,,,,,,,,,
,EA-MT4-P13,Ecuadendron acosta-solisianum,May 21 2025,April 7 2026,,0,XP225-OG,B,10,B10,3,60,64,0.7,7,,0.7,16,,,,,,,,,,,,,,,,,,,,,,,,,,,,,,,,,,,,,
,MC-MT3-P48,Miconia conocuatrecasasii,September 03 2025,April 7 2026,,0,XP225-OG,B,11,B11,3,22,22,0.1,3,,0.1,,,,,,,,,,,,,,,,,,,,,,,,,,,,,,,,,,,,,,
,DC-MT5-P5,Dacryodes cupularis,September 03 2025,April 7 2026,,0,XP225-OG,B,12,B12,3,48,36,0.4,3,,0.4,8,,,,,,,,,,,,,,,,,,,,,,,,,,,,,,,,,,,,,
,CP-MT1-P39,Carapa guianensis,September 03 2025,April 7 2026,,0,XP225-OG,B,13,B13,3,46,45,0.6,3,,0.6,11,,,,,,,,,,,,,,,,,,,,,,,,,,,,,,,,,,,,,
,BP-MT3-P28,Bauhinia pichinchensis,April 1 2026,April 7 2026,,0,XP225-OG,B,14,B14,3,,24,0.2,1,,0.2,,,,,,,,,,,,,,,,,,,,,,,,,,,,,,,,,,,,,,
,BS-MT1-P61,Bactris setulosa,December 1 2025,April 7 2026,,0,XP225-OG,B,16,B16,3,27,14,0.6,3,,0.6,,,,,,,,,,,,,,,,,,,,,,,,,,,,,,,,,,,,,,
,AE-MT2-P63,Annona edulis,April 1 2026,April 7 2026,,0,XP225-OG,C,1,C1,3,,35,0.2,2,,0.2,,,,,,,,,,,,,,,,,,,,,,,,,,,,,,,,,,,,,,
,BU-MT2-P2,Brosimum utile,September 03 2025,April 7 2026,December 1 2025,1,XP225-OG,C,2,C2,3,25,,,,,0,,,,,,,,,,,,,,,,,,,,,,,,,,,,,,,,,,,,,,
,BU-MT2-P15,Brosimum utile,April 1 2026,April 7 2026,,0,XP225-OG,C,2,C2,3,,48,0.3,0,,0.3,,,,,,,,,,,,,,,,,,,,,,,,,,,,,,,,,,,,,,
,CP-MT5-P69,Carapa guianensis,September 03 2025,April 7 2026,,0,XP225-OG,C,3,C3,3,39,43,0.7,2,,0.7,7,,,,,,,,,,,,,,,,,,,,,,,,,,,,,,,,,,,,,
,IS-MT3-P50,Inga silanchensis,December 1 2025,April 7 2026,,0,XP225-OG,C,5,C5,3,25,20,0.3,2,,0.3,6,,,,,,,,,,,,,,,,,,,,,,,,,,,,,,,,,,,,,
,MC-MT3-P25,Miconia conocuatrecasasii,September 03 2025,April 7 2026,,0,XP225-OG,C,6,C6,3,12,9,0.1,3,,0.1,,,,,,,,,,,,,,,,,,,,,,,,,,,,,,,,,,,,,,
,VB-MT4-P66,Vismia baccifera,April 1 2026,April 7 2026,,0,XP225-OG,C,7,C7,3,,36,0.1,2,,0.1,,,,,,,,,,,,,,,,,,,,,,,,,,,,,,,,,,,,,,
,CH-MT1-P37,Cecropia hispidissima,May 21 2025,April 7 2026,April 7 2026,1,XP225-OG,C,8,C8,3,18,,,,,0,,,,,,,,,,,,,,,,,,,,,,,,,,,,,,,,,,,,,,
,EA-MT1-P44,Ecuadendron acosta-solisianum,December 1 2025,April 7 2026,,0,XP225-OG,C,11,C11,3,33,49,0.6,4,,0.6,10,,,,,,,,,,,,,,,,,,,,,,,,,,,,,,,,,,,,,
,PG-MT5-P66,Pouruma guianensis,April 1 2026,April 7 2026,,0,XP225-OG,C,13,C13,3,,19,0.2,2,,0.2,,,,,,,,,,,,,,,,,,,,,,,,,,,,,,,,,,,,,,
,BS-MT1-P85,Bactris setulosa,December 1 2025,April 7 2026,,0,XP225-OG,C,14,C14,3,22,7,0.4,2,,0.4,,,,,,,,,,,,,,,,,,,,,,,,,,,,,,,,,,,,,,
,BG-MT5-P35,Banara guianensis,September 03 2025,April 7 2026,,0,XP225-OG,C,15,C15,3,55,50,0.2,15,,0.2,,,,,,,,,,,,,,,,,,,,,,,,,,,,,,,,,,,,,,
,BP-MT4-P60,Bauhinia pichinchensis,April 1 2026,April 7 2026,,0,XP225-OG,C,16,C16,3,,15,0.1,2,,0.1,,,,,,,,,,,,,,,,,,,,,,,,,,,,,,,,,,,,,,
,DC-MT4-P30,Dacryodes cupularis,September 03 2025,April 7 2026,,0,XP225-OG,A,1,A1,4,30,30,0.4,4,,0.4,12,,,,,,,,,,,,,,,,,,,,,,,,,,,,,,,,,,,,,
,CH-MT3-P18,Cecropia hispidissima,September 03 2025,April 7 2026,April 7 2026,1,XP225-OG,A,2,A2,4,45,,,,,0,,,,,,,,,,,,,,,,,,,,,,,,,,,,,,,,,,,,,,
,IS-MT3-P1,Inga silanchensis,April 9 2025,April 7 2026,,0,XP225-OG,A,3,A3,4,37,32,0.2,2,,0.2,4,,,,,,,,,,,,,,,,,,,,,,,,,,,,,,,,,,,,,
,VB-MT4-P3,Vismia baccifera,April 1 2026,April 7 2026,,0,XP225-OG,A,4,A4,4,,45,0.1,7,,0.1,,,,,,,,,,,,,,,,,,,,,,,,,,,,,,,,,,,,,,
,BS-MT7-P22,Bactris setulosa,September 03 2025,April 7 2026,,0,XP225-OG,A,5,A5,4,27,9,0.5,4,,0.5,,,,,,,,,,,,,,,,,,,,,,,,,,,,,,,,,,,,,,
,CP-MT4-P41,Carapa guianensis,May 21 2025,April 7 2026,,0,XP225-OG,A,6,A6,4,46,47,0.7,3,,0.7,11,,,,,,,,,,,,,,,,,,,,,,,,,,,,,,,,,,,,,
,BP-MT2-P52,Bauhinia pichinchensis,April 1 2026,April 7 2026,,0,XP225-OG,A,8,A8,4,,20,0.2,0,,0.2,,,,,,,,,,,,,,,,,,,,,,,,,,,,,,,,,,,,,,
,OP-MT6-P61,Ochroma pyramidale,April 1 2026,April 7 2026,April 7 2026,1,XP225-OG,A,9,A9,4,,,,,,0,,,,,,,,,,,,,,,,,,,,,,,,,,,,,,,,,,,,,,
,BU-MT1-P2,Brosimum utile,May 21 2025,April 7 2026,April 7 2026,1,XP225-OG,A,10,A10,4,21,,,,,0,,,,,,,,,,,,,,,,,,,,,,,,,,,,,,,,,,,,,,
,AE-MT3-P39,Annona edulis,April 1 2026,April 7 2026,,0,XP225-OG,A,12,A12,4,,29,0.3,0,,0.3,,,,,,,,,,,,,,,,,,,,,,,,,,,,,,,,,,,,,,
,EA-MT1-P35,Ecuadendron acosta-solisianum,December 1 2025,April 7 2026,,0,XP225-OG,A,14,A14,4,54,52,0.4,1,,0.4,2,,,,,,,,,,,,,,,,,,,,,,,,,,,,,,,,,,,,,
,PG-MT2-P18,Pouruma guianensis,April 1 2026,April 7 2026,,0,XP225-OG,A,15,A15,4,,17,0.1,3,,0.1,,,,,,,,,,,,,,,,,,,,,,,,,,,,,,,,,,,,,,
,BG-MT1-P53,Banara guianensis,September 03 2025,April 7 2026,,0,XP225-OG,A,16,A16,4,51,54,0.2,17,,0.2,,,,,,,,,,,,,,,,,,,,,,,,,,,,,,,,,,,,,,
,MC-MT1-P59,Miconia conocuatrecasasii,September 03 2025,April 7 2026,,0,XP225-OG,B,1,B1,4,31,32,0.2,6,,0.2,,,,,,,,,,,,,,,,,,,,,,,,,,,,,,,,,,,,,,
,BP-MT4-P86,Bauhinia pichinchensis,April 1 2026,April 7 2026,,0,XP225-OG,B,2,B2,4,,23,0.2,3,,0.2,,,,,,,,,,,,,,,,,,,,,,,,,,,,,,,,,,,,,,
,BS-MT7-P33,Bactris setulosa,December 1 2025,April 7 2026,,0,XP225-OG,B,3,B3,4,40,10,0.8,3,,0.8,,,,,,,,,,,,,,,,,,,,,,,,,,,,,,,,,,,,,,
,AE-MT1-P35,Annona edulis,April 1 2026,April 7 2026,,0,XP225-OG,B,4,B4,4,,57,0.3,3,,0.3,,,,,,,,,,,,,,,,,,,,,,,,,,,,,,,,,,,,,,
,PA-MT6-P79,Piper aduncum,May 21 2025,April 7 2026,,0,XP225-OG,B,5,B5,4,20,26,0.2,5,,0.2,,,,,,,,,,,,,,,,,,,,,,,,,,,,,,,,,,,,,,
,PG-MT3-P69,Pouruma guianensis,April 1 2026,April 7 2026,,0,XP225-OG,B,6,B6,4,,19,0.1,5,,0.1,,,,,,,,,,,,,,,,,,,,,,,,,,,,,,,,,,,,,,
,IS-MT2-P2,Inga silanchensis,April 9 2025,April 7 2026,,0,XP225-OG,B,7,B7,4,30,25,0.3,2,,0.3,2,,,,,,,,,,,,,,,,,,,,,,,,,,,,,,,,,,,,,
,EA-MT3-P58,Ecuadendron acosta-solisianum,May 21 2025,April 7 2026,,0,XP225-OG,B,8,B8,4,45,54,0.4,10,,0.4,20,,,,,,,,,,,,,,,,,,,,,,,,,,,,,,,,,,,,,
,OP-MT8-P46,Ochroma pyramidale,May 21 2025,April 7 2026,April 7 2026,1,XP225-OG,B,9,B9,4,60,,,,,0,,,,,,,,,,,,,,,,,,,,,,,,,,,,,,,,,,,,,,
,CH-MT5-P12,Cecropia hispidissima,September 03 2025,April 7 2026,April 7 2026,1,XP225-OG,B,10,B10,4,25,,,,,0,,,,,,,,,,,,,,,,,,,,,,,,,,,,,,,,,,,,,,
,BG-MT3-P73,Banara guianensis,September 03 2025,April 7 2026,,0,XP225-OG,B,11,B11,4,67,68,0.2,14,,0.2,,,,,,,,,,,,,,,,,,,,,,,,,,,,,,,,,,,,,,
,CP-MT2-P27,Carapa guianensis,May 21 2025,April 7 2026,,0,XP225-OG,B,12,B12,4,70,57,1,3,,1,11,,,,,,,,,,,,,,,,,,,,,,,,,,,,,,,,,,,,,
,DC-MT1-P81,Dacryodes cupularis,September 03 2025,April 7 2026,April 7 2026,1,XP225-OG,B,13,B13,4,10,,,,,0,,,,,,,,,,,,,,,,,,,,,,,,,,,,,,,,,,,,,,
,VB-MT2-P16,Vismia baccifera,April 1 2026,April 7 2026,,0,XP225-OG,B,14,B14,4,,37,0.1,3,,0.1,,,,,,,,,,,,,,,,,,,,,,,,,,,,,,,,,,,,,,
,BU-MT4-P6,Brosimum utile,September 03 2025,April 7 2026,,0,XP225-OG,B,15,B15,4,37,43,0.2,6,,0.2,,,,,,,,,,,,,,,,,,,,,,,,,,,,,,,,,,,,,,
,BU-MT3-P15,Brosimum utile,September 03 2025,April 7 2026,,0,XP225-OG,C,1,C1,4,38,39,0.3,6,,0.3,,,,,,,,,,,,,,,,,,,,,,,,,,,,,,,,,,,,,,
,EA-MT2-P22,Ecuadendron acosta-solisianum,May 21 2025,April 7 2026,,0,XP225-OG,C,3,C3,4,39,36,0.4,3,,0.4,6,,,,,,,,,,,,,,,,,,,,,,,,,,,,,,,,,,,,,
,CP-MT5-P53,Carapa guianensis,September 03 2025,April 7 2026,,0,XP225-OG,C,4,C4,4,67,65,0.7,3,,0.7,8,,,,,,,,,,,,,,,,,,,,,,,,,,,,,,,,,,,,,
,BP-MT2-P43,Bauhinia pichinchensis,April 1 2026,April 7 2026,,0,XP225-OG,C,5,C5,4,,18,0.1,0,,0.1,,,,,,,,,,,,,,,,,,,,,,,,,,,,,,,,,,,,,,
,IS-MT5-P21,Inga silanchensis,April 9 2025,April 7 2026,,0,XP225-OG,C,6,C6,4,32,25,0.2,3,,0.2,4,,,,,,,,,,,,,,,,,,,,,,,,,,,,,,,,,,,,,
,BG-MT3-P41,Banara guianensis,September 03 2025,April 7 2026,April 7 2026,1,XP225-OG,C,7,C7,4,67,,,,,0,,,,,,,,,,,,,,,,,,,,,,,,,,,,,,,,,,,,,,
,VB-MT1-P30,Vismia baccifera,September 03 2025,April 7 2026,,0,XP225-OG,C,8,C8,4,35,30,0.1,12,,0.1,,,,,,,,,,,,,,,,,,,,,,,,,,,,,,,,,,,,,,
,BS-MT1-P29,Bactris setulosa,December 1 2025,April 7 2026,,0,XP225-OG,C,10,C10,4,20,8,0.6,2,,0.6,,,,,,,,,,,,,,,,,,,,,,,,,,,,,,,,,,,,,,
,MC-MT2-P70,Miconia conocuatrecasasii,September 03 2025,April 7 2026,,0,XP225-OG,C,11,C11,4,24,26,0.1,6,,0.1,,,,,,,,,,,,,,,,,,,,,,,,,,,,,,,,,,,,,,
,PA-MT7-P3,Piper aduncum,September 03 2025,April 7 2026,,0,XP225-OG,C,12,C12,4,19,22,0.2,7,,0.2,,,,,,,,,,,,,,,,,,,,,,,,,,,,,,,,,,,,,,
,DC-MT3-P75,Dacryodes cupularis,April 1 2026,April 7 2026,,0,XP225-OG,C,13,C13,4,,31,0.3,0,,0.3,,,,,,,,,,,,,,,,,,,,,,,,,,,,,,,,,,,,,,
,AE-MT4-P37,Annona edulis,April 1 2026,April 7 2026,,0,XP225-OG,C,14,C14,4,,45,0.2,1,,0.2,,,,,,,,,,,,,,,,,,,,,,,,,,,,,,,,,,,,,,
,CH-MT4-P31,Cecropia hispidissima,September 03 2025,April 7 2026,,0,XP225-OG,C,15,C15,4,48,54,0.2,3,,0.2,,,,,,,,,,,,,,,,,,,,,,,,,,,,,,,,,,,,,,
,PG-MT2-P50,Pouruma guianensis,April 1 2026,April 7 2026,,0,XP225-OG,C,16,C16,4,,16,0.2,3,,0.2,,,,,,,,,,,,,,,,,,,,,,,,,,,,,,,,,,,,,,
,IS-MT3-P92,Inga silanchensis,April 1 2026,April 7 2026,,0,XP225-OG,A,4,A4,5,,17,0.3,3,,0.3,11,,,,,,,,,,,,,,,,,,,,,,,,,,,,,,,,,,,,,
,AE-MT2-P40,Annona edulis,April 1 2026,April 7 2026,,0,XP225-OG,A,5,A5,5,,34,0.2,2,,0.2,,,,,,,,,,,,,,,,,,,,,,,,,,,,,,,,,,,,,,
,BG-MT4-P23,Banara guianensis,September 03 2025,April 7 2026,,0,XP225-OG,A,6,A6,5,54,54,0.3,27,,0.3,,,,,,,,,,,,,,,,,,,,,,,,,,,,,,,,,,,,,,
,PG-MT5-P2,Pouruma guianensis,April 1 2026,April 7 2026,,0,XP225-OG,A,7,A7,5,,21,0.1,5,,0.1,,,,,,,,,,,,,,,,,,,,,,,,,,,,,,,,,,,,,,
,BP-MT4-P61,Bauhinia pichinchensis,April 1 2026,April 7 2026,,0,XP225-OG,A,8,A8,5,,26,0.1,1,,0.1,,,,,,,,,,,,,,,,,,,,,,,,,,,,,,,,,,,,,,
,DC-MT5-P52,Dacryodes cupularis,September 03 2025,April 7 2026,,0,XP225-OG,A,10,A10,5,25,16,0.3,5,,0.3,18,,,,,,,,,,,,,,,,,,,,,,,,,,,,,,,,,,,,,
,EA-MT3-P38,Ecuadendron acosta-solisianum,April 1 2026,April 7 2026,April 7 2026,1,XP225-OG,A,14,A14,5,,,,,,0,,,,,,,,,,,,,,,,,,,,,,,,,,,,,,,,,,,,,,
,BU-MT5-P41,Brosimum utile,September 03 2025,April 7 2026,,0,XP225-OG,A,15,A15,5,35,39,0.3,7,,0.3,,,,,,,,,,,,,,,,,,,,,,,,,,,,,,,,,,,,,,
,VB-MT2-P50,Vismia baccifera,April 1 2026,April 7 2026,,0,XP225-OG,A,16,A16,5,,23,0.1,0,,0.1,,,,,,,,,,,,,,,,,,,,,,,,,,,,,,,,,,,,,,
,IS-MT1-P41,Inga silanchensis,December 1 2025,April 7 2026,,0,XP225-OG,B,1,B1,5,16,23,0.2,2,,0.2,6,,,,,,,,,,,,,,,,,,,,,,,,,,,,,,,,,,,,,
,BS-MT6-P88,Bactris setulosa,April 1 2026,April 7 2026,,0,XP225-OG,B,3,B3,5,,16,0.8,3,,0.8,,,,,,,,,,,,,,,,,,,,,,,,,,,,,,,,,,,,,,
,AE-MT3-P68,Annona edulis,April 1 2026,April 7 2026,,0,XP225-OG,B,4,B4,5,,27,0.2,1,,0.2,,,,,,,,,,,,,,,,,,,,,,,,,,,,,,,,,,,,,,
,BG-MT5-P30,Banara guianensis,September 03 2025,April 7 2026,,0,XP225-OG,B,5,B5,5,39,49,0.1,18,,0.1,,,,,,,,,,,,,,,,,,,,,,,,,,,,,,,,,,,,,,
,BP-MT4-P39,Bauhinia pichinchensis,April 1 2026,April 7 2026,,0,XP225-OG,B,6,B6,5,,23,0.1,0,,0.1,,,,,,,,,,,,,,,,,,,,,,,,,,,,,,,,,,,,,,
,CP-MT5-P35,Carapa guianensis,September 03 2025,April 7 2026,,0,XP225-OG,B,8,B8,5,42,36,0.4,2,,0.4,4,,,,,,,,,,,,,,,,,,,,,,,,,,,,,,,,,,,,,
,DC-MT1-P57,Dacryodes cupularis,September 03 2025,April 7 2026,,0,XP225-OG,B,11,B11,5,38,29,0.3,4,,0.3,12,,,,,,,,,,,,,,,,,,,,,,,,,,,,,,,,,,,,,
,DC-MT4-P24,Dacryodes cupularis,,,,0,XP225-OG,B,12,B12,5,,4,0.1,2,,0.1,5,,,,,,,,,,,,,,,,,,,,,,,,,,,,,,,,,,,,,wrong species correct
,VB-MT3-P66,Vismia baccifera,April 1 2026,April 7 2026,,0,XP225-OG,B,13,B13,5,,22,0.1,0,,0.1,,,,,,,,,,,,,,,,,,,,,,,,,,,,,,,,,,,,,,
,CH-MT3-P22,Cecropia hispidissima,September 03 2025,April 7 2026,,0,XP225-OG,B,14,B14,5,45,47,0.3,4,,0.3,,,,,,,,,,,,,,,,,,,,,,,,,,,,,,,,,,,,,,
,PG-MT1-P56,Pouruma guianensis,April 1 2026,April 7 2026,,0,XP225-OG,B,15,B15,5,,28,0.1,1,,0.1,,,,,,,,,,,,,,,,,,,,,,,,,,,,,,,,,,,,,,
,BG-MT2-P13,Banara guianensis,September 03 2025,April 7 2026,,0,XP225-OG,C,1,C1,5,59,63,0.2,31,,0.2,,,,,,,,,,,,,,,,,,,,,,,,,,,,,,,,,,,,,,
,EA-MT4-P72,Ecuadendron acosta-solisianum,April 1 2026,April 7 2026,,0,XP225-OG,C,6,C6,5,,68,1.1,5,,1.1,12,,,,,,,,,,,,,,,,,,,,,,,,,,,,,,,,,,,,,
,VB-MT2-P34,Vismia baccifera,April 1 2026,April 7 2026,,0,XP225-OG,C,7,C7,5,,30,0.2,1,,0.2,,,,,,,,,,,,,,,,,,,,,,,,,,,,,,,,,,,,,,
,DC-MT4-P24,Dacryodes cupularis,September 03 2025,April 7 2026,April 7 2026,1,XP225-OG,C,8,C8,5,27,,,,,0,,,,,,,,,,,,,,,,,,,,,,,,,,,,,,,,,,,,,,
,BP-MT4-P78,Bauhinia pichinchensis,April 1 2026,April 7 2026,,0,XP225-OG,C,9,C9,5,,15,0.1,0,,0.1,,,,,,,,,,,,,,,,,,,,,,,,,,,,,,,,,,,,,,
,CH-MT5-P38,Cecropia hispidissima,September 03 2025,April 7 2026,,0,XP225-OG,C,10,C10,5,36,43,0.2,6,,0.2,,,,,,,,,,,,,,,,,,,,,,,,,,,,,,,,,,,,,,
,AE-MT5-P11,Annona edulis,April 1 2026,April 7 2026,,0,XP225-OG,C,11,C11,5,,49,0.3,4,,0.3,,,,,,,,,,,,,,,,,,,,,,,,,,,,,,,,,,,,,,
,PG-MT4-P90,Pouruma guianensis,April 1 2026,April 7 2026,,0,XP225-OG,C,12,C12,5,,17,0.1,4,,0.1,,,,,,,,,,,,,,,,,,,,,,,,,,,,,,,,,,,,,,
,IS-MT2-P59,Inga silanchensis,December 1 2025,April 7 2026,,0,XP225-OG,C,16,C16,5,37,21,0.2,2,,0.2,5,,,,,,,,,,,,,,,,,,,,,,,,,,,,,,,,,,,,,
,PA-MT7-P2,Piper aduncum,,March 23 2026,,0,XP222-OG,C,12,C12,2,,40,0.3,4,,0.3,,,,,,,,,,,,,,,,,,,,,,,,,,,,,,,,,,,,,,
,MC-MT1-P48,Miconia conocuatrecasasii,,March 23 2026,,0,XP222-OG,C,15,C15,2,,19,0.2,7,,0.2,,,,,,,,,,,,,,,,,,,,,,,,,,,,,,,,,,,,,,
,PA-MT3-P29,Piper aduncum,,March 23 2026,,0,XP222-OG,A,6,A6,1,,40,0.3,10,,0.3,,,,,,,,,,,,,,,,,,,,,,,,,,,,,,,,,,,,,,
,IS-MT3-P6,Inga silanchensis,,March 23 2026,,0,XP222-OG,A,7,A7,1,,32,0.3,2,,0.3,5,,,,,,,,,,,,,,,,,,,,,,,,,,,,,,,,,,,,,
,IS-MT5-P84,Inga silanchensis,,March 23 2026,,0,XP222-OG,B,1,B1,1,,24,0.4,1,,0.4,1,,,,,,,,,,,,,,,,,,,,,,,,,,,,,,,,,,,,,
,VB-MT1-P18,Vismia baccifera,,March 23 2026,,0,XP222-OG,C,1,C1,1,,36,0.1,7,,0.1,,,,,,,,,,,,,,,,,,,,,,,,,,,,,,,,,,,,,,
,OP-MT7-P18,Ochroma pyramidale,,March 23 2026,March 23 2026,1,XP222-OG,C,5,C5,1,,,,,,0,,,,,,,,,,,,,,,,,,,,,,,,,,,,,,,,,,,,,,
,EA-MT4-P9,Ecuadendron acosta-solisianum,,March 23 2026,,0,XP222-OG,C,9,C9,1,,74,1,1,,1,14,,,,,,,,,,,,,,,,,,,,,,,,,,,,,,,,,,,,,
,PA-MT6-P21,Piper aduncum,,March 23 2026,,0,XP222-OG,C,10,C10,1,,48,0.4,13,,0.4,,,,,,,,,,,,,,,,,,,,,,,,,,,,,,,,,,,,,,
,MC-MT1-P24,Miconia conocuatrecasasii,,March 23 2026,,0,XP222-OG,C,16,C16,1,,13,0.2,6,,0.2,,,,,,,,,,,,,,,,,,,,,,,,,,,,,,,,,,,,,,
,IS-MT2-P88,Inga silanchensis,,March 23 2026,,0,XP222-OG,B,11,B11,3,,13,0.4,2,,0.4,4,,,,,,,,,,,,,,,,,,,,,,,,,,,,,,,,,,,,,
,IS-MT3-P69,Inga silanchensis,,March 23 2026,,0,XP222-OG,A,6,A6,3,,24,0.5,1,,0.5,2,,,,,,,,,,,,,,,,,,,,,,,,,,,,,,,,,,,,,
,OP-MT9-P46,Ochroma pyramidale,,March 23 2026,March 23 2026,1,XP222-OG,A,8,A8,3,,,,,,0,,,,,,,,,,,,,,,,,,,,,,,,,,,,,,,,,,,,,,
,PA-MT7-P41,Piper aduncum,,March 23 2026,,0,XP222-OG,A,13,A13,3,,35,0.4,11,,0.4,,,,,,,,,,,,,,,,,,,,,,,,,,,,,,,,,,,,,,
,MC-MT2-P75,Miconia conocuatrecasasii,,March 23 2026,,0,XP222-OG,B,14,B14,3,,29,0.6,4,,0.6,,,,,,,,,,,,,,,,,,,,,,,,,,,,,,,,,,,,,,
,PA-MT6-P15,Piper aduncum,,March 23 2026,March 23 2026,1,XP222-OG,B,12,B12,3,,,,,,0,,,,,,,,,,,,,,,,,,,,,,,,,,,,,,,,,,,,,,
,MC-MT2-P73,Miconia conocuatrecasasii,,March 23 2026,,0,XP222-OG,C,1,C1,3,,23,0.3,6,,0.3,,,,,,,,,,,,,,,,,,,,,,,,,,,,,,,,,,,,,,
,IS-MT4-P59,Inga silanchensis,,March 23 2026,,0,XP222-OG,C,11,C11,3,,29,0.6,2,,0.6,5,,,,,,,,,,,,,,,,,,,,,,,,,,,,,,,,,,,,,
,PA-MT3-P16,Piper aduncum,,March 23 2026,,0,XP222-OG,A,7,A7,4,,54,0.6,19,,0.6,,,,,,,,,,,,,,,,,,,,,,,,,,,,,,,,,,,,,,
,IS-MT2-P83,Inga silanchensis,,March 23 2026,,0,XP222-OG,A,13,A13,4,,29,0.4,2,,0.4,4,,,,,,,,,,,,,,,,,,,,,,,,,,,,,,,,,,,,,
,MC-MT3-P66,Miconia conocuatrecasasii,,March 23 2026,,0,XP222-OG,A,12,A12,4,,19,0.4,3,,0.4,,,,,,,,,,,,,,,,,,,,,,,,,,,,,,,,,,,,,,
,MC-MT2-P62,Miconia conocuatrecasasii,,March 23 2026,,0,XP222-OG,B,2,B2,4,,28,0.4,5,,0.4,,,,,,,,,,,,,,,,,,,,,,,,,,,,,,,,,,,,,,
,OP-MT8-P32,Ochroma pyramidale,,March 23 2026,,0,XP222-OG,B,4,B4,4,,120,1.4,20,,1.4,,,,,,,,,,,,,,,,,,,,,,,,,,,,,,,,,,,,,,
,IS-MT5-P37,Inga silanchensis,,March 23 2026,,0,XP222-OG,B,7,B7,4,,27,0.4,2,,0.4,3,,,,,,,,,,,,,,,,,,,,,,,,,,,,,,,,,,,,,
,IS-MT1-P15,Inga silanchensis,,March 23 2026,,0,XP222-OG,C,1,C1,4,,38,0.4,5,,0.4,17,,,,,,,,,,,,,,,,,,,,,,,,,,,,,,,,,,,,,
